solid OpenSCAD_Model
  facet normal 0.817933 0 0.575314
    outer loop
      vertex 2.24266 0 -2.06779
      vertex 1.9564 10.0165 -1.66081
      vertex 1.9564 0 -1.66081
    endloop
  endfacet
  facet normal 0.817933 0 0.575314
    outer loop
      vertex 1.9564 10.0165 -1.66081
      vertex 2.24266 0 -2.06779
      vertex 2.24266 10.3286 -2.06779
    endloop
  endfacet
  facet normal 0.0382258 0 0.999269
    outer loop
      vertex 4.78194 12 -3.24407
      vertex 4.87448 0 -3.24761
      vertex 4.87448 12.0597 -3.24761
    endloop
  endfacet
  facet normal 0.0383 5.73597e-07 0.999266
    outer loop
      vertex 4.37728 11.7814 -3.22856
      vertex 4.87448 0 -3.24761
      vertex 4.78194 12 -3.24407
    endloop
  endfacet
  facet normal 0.0382865 0 0.999267
    outer loop
      vertex 4.87448 0 -3.24761
      vertex 4.37728 11.7814 -3.22856
      vertex 4.37728 0 -3.22856
    endloop
  endfacet
  facet normal 0.953394 0 0.301728
    outer loop
      vertex 1.73562 0 -1.2149
      vertex 1.58549 9.38816 -0.740523
      vertex 1.58549 0 -0.740523
    endloop
  endfacet
  facet normal 0.953394 0 0.301728
    outer loop
      vertex 1.58549 9.38816 -0.740523
      vertex 1.73562 0 -1.2149
      vertex 1.73562 9.69862 -1.2149
    endloop
  endfacet
  facet normal 0.953401 0 0.301705
    outer loop
      vertex 1.58549 20.75 -0.740523
      vertex 1.6387 16.4179 -0.908669
      vertex 1.6387 20.75 -0.908669
    endloop
  endfacet
  facet normal 0.95339 0 0.301741
    outer loop
      vertex 1.6387 16.4179 -0.908669
      vertex 1.73562 16.2377 -1.2149
      vertex 1.73562 16.325 -1.2149
    endloop
  endfacet
  facet normal 0.953392 1.27402e-05 0.301734
    outer loop
      vertex 1.6387 16.4179 -0.908669
      vertex 1.58549 15.9893 -0.740523
      vertex 1.73562 16.2377 -1.2149
    endloop
  endfacet
  facet normal 0.953401 -0 0.301705
    outer loop
      vertex 1.58549 15.9893 -0.740523
      vertex 1.6387 16.4179 -0.908669
      vertex 1.58549 20.75 -0.740523
    endloop
  endfacet
  facet normal -0.666213 0 0.745761
    outer loop
      vertex 7.08869 13.8908 -2.25634
      vertex 7.09169 0 -2.25366
      vertex 7.09169 13.8931 -2.25366
    endloop
  endfacet
  facet normal -0.665296 3.55868e-07 0.746579
    outer loop
      vertex 6.98637 13.8115 -2.34752
      vertex 7.09169 0 -2.25366
      vertex 7.08869 13.8908 -2.25634
    endloop
  endfacet
  facet normal -0.665338 -2.10928e-07 0.746542
    outer loop
      vertex 6.86989 13.749 -2.45133
      vertex 7.09169 0 -2.25366
      vertex 6.98637 13.8115 -2.34752
    endloop
  endfacet
  facet normal -0.665308 6.56899e-07 0.746569
    outer loop
      vertex 6.72023 13.6687 -2.5847
      vertex 7.09169 0 -2.25366
      vertex 6.86989 13.749 -2.45133
    endloop
  endfacet
  facet normal -0.665321 0 0.746557
    outer loop
      vertex 7.09169 0 -2.25366
      vertex 6.72023 13.6687 -2.5847
      vertex 6.72023 0 -2.5847
    endloop
  endfacet
  facet normal -0.85957 0 0.511019
    outer loop
      vertex 7.66254 0 -1.44209
      vertex 7.40827 14.1831 -1.86979
      vertex 7.40827 0 -1.86979
    endloop
  endfacet
  facet normal -0.859578 -5.51585e-07 0.511005
    outer loop
      vertex 7.40827 14.1831 -1.86979
      vertex 7.66254 0 -1.44209
      vertex 7.59234 14.413 -1.56016
    endloop
  endfacet
  facet normal -0.859548 0 0.511055
    outer loop
      vertex 7.59234 14.413 -1.56016
      vertex 7.66254 0 -1.44209
      vertex 7.66254 14.5323 -1.44209
    endloop
  endfacet
  facet normal -0.114691 0 -0.993401
    outer loop
      vertex 5.22724 12.2495 3.20689
      vertex 5.36877 20.75 3.19055
      vertex 5.36877 12.1512 3.19055
    endloop
  endfacet
  facet normal -0.114671 -3.272e-07 -0.993403
    outer loop
      vertex 4.87448 12.4454 3.24761
      vertex 5.36877 20.75 3.19055
      vertex 5.22724 12.2495 3.20689
    endloop
  endfacet
  facet normal -0.114677 0 -0.993403
    outer loop
      vertex 5.36877 20.75 3.19055
      vertex 4.87448 12.4454 3.24761
      vertex 4.87448 20.75 3.24761
    endloop
  endfacet
  facet normal -0.997068 0 -0.076522
    outer loop
      vertex 7.96979 16.1706 0.393435
      vertex 7.96191 9.70609 0.49611
      vertex 7.96191 16.4175 0.49611
    endloop
  endfacet
  facet normal -0.997065 -5.97776e-07 -0.0765594
    outer loop
      vertex 8 15.8601 0
      vertex 7.96191 9.70609 0.49611
      vertex 7.96979 16.1706 0.393435
    endloop
  endfacet
  facet normal -0.997065 -8.92823e-07 -0.076563
    outer loop
      vertex 8 15.8601 0
      vertex 7.98604 9.44648 0.181873
      vertex 7.96191 9.70609 0.49611
    endloop
  endfacet
  facet normal -0.997071 1.36487e-06 -0.0764839
    outer loop
      vertex 8 15.8601 0
      vertex 7.99061 9.39726 0.122296
      vertex 7.98604 9.44648 0.181873
    endloop
  endfacet
  facet normal -0.997058 -1.76807e-06 -0.0766485
    outer loop
      vertex 8 15.8601 0
      vertex 7.99316 9.35006 0.0891262
      vertex 7.99061 9.39726 0.122296
    endloop
  endfacet
  facet normal -0.997068 0 -0.0765201
    outer loop
      vertex 7.99316 9.35006 0.0891262
      vertex 8 15.8601 0
      vertex 8 9.22324 0
    endloop
  endfacet
  facet normal 0.988282 0 0.152642
    outer loop
      vertex 1.58549 0 -0.740523
      vertex 1.50954 9.08281 -0.248785
      vertex 1.50954 0 -0.248785
    endloop
  endfacet
  facet normal 0.988282 0 0.152642
    outer loop
      vertex 1.50954 9.08281 -0.248785
      vertex 1.58549 0 -0.740523
      vertex 1.58549 9.38816 -0.740523
    endloop
  endfacet
  facet normal 0.988282 0 0.152642
    outer loop
      vertex 1.50954 20.75 -0.248785
      vertex 1.58549 15.9893 -0.740523
      vertex 1.58549 20.75 -0.740523
    endloop
  endfacet
  facet normal 0.988282 0 0.152642
    outer loop
      vertex 1.58549 15.9893 -0.740523
      vertex 1.50954 20.75 -0.248785
      vertex 1.50954 15.7154 -0.248785
    endloop
  endfacet
  facet normal -0.927503 0 0.373816
    outer loop
      vertex 7.84854 0 -0.980592
      vertex 7.66254 14.5323 -1.44209
      vertex 7.66254 0 -1.44209
    endloop
  endfacet
  facet normal -0.92751 -6.79937e-07 0.373798
    outer loop
      vertex 7.66254 14.5323 -1.44209
      vertex 7.84854 0 -0.980592
      vertex 7.79823 14.7969 -1.1054
    endloop
  endfacet
  facet normal -0.927482 0 0.373867
    outer loop
      vertex 7.79823 14.7969 -1.1054
      vertex 7.84854 0 -0.980592
      vertex 7.84854 14.9329 -0.980592
    endloop
  endfacet
  facet normal -0.666213 0 -0.745761
    outer loop
      vertex 7.08869 11.1925 2.25634
      vertex 7.09169 20.75 2.25366
      vertex 7.09169 11.1902 2.25366
    endloop
  endfacet
  facet normal -0.665296 -5.17177e-07 -0.746579
    outer loop
      vertex 6.98637 11.2718 2.34752
      vertex 7.09169 20.75 2.25366
      vertex 7.08869 11.1925 2.25634
    endloop
  endfacet
  facet normal -0.665338 3.0679e-07 -0.746542
    outer loop
      vertex 6.86989 11.3343 2.45133
      vertex 7.09169 20.75 2.25366
      vertex 6.98637 11.2718 2.34752
    endloop
  endfacet
  facet normal -0.665308 -9.55444e-07 -0.746569
    outer loop
      vertex 6.72023 11.4146 2.5847
      vertex 7.09169 20.75 2.25366
      vertex 6.86989 11.3343 2.45133
    endloop
  endfacet
  facet normal -0.665321 0 -0.746557
    outer loop
      vertex 7.09169 20.75 2.25366
      vertex 6.72023 11.4146 2.5847
      vertex 6.72023 20.75 2.5847
    endloop
  endfacet
  facet normal 0.988282 0 -0.152642
    outer loop
      vertex 1.50954 0 0.248785
      vertex 1.58549 8.51576 0.740523
      vertex 1.58549 0 0.740523
    endloop
  endfacet
  facet normal 0.988282 0 -0.152642
    outer loop
      vertex 1.58549 8.51576 0.740523
      vertex 1.50954 0 0.248785
      vertex 1.50954 8.78972 0.248785
    endloop
  endfacet
  facet normal 0.988282 0 -0.152642
    outer loop
      vertex 1.58549 20.75 0.740523
      vertex 1.50954 15.4223 0.248785
      vertex 1.50954 20.75 0.248785
    endloop
  endfacet
  facet normal 0.988282 0 -0.152642
    outer loop
      vertex 1.50954 15.4223 0.248785
      vertex 1.58549 20.75 0.740523
      vertex 1.58549 15.1169 0.740523
    endloop
  endfacet
  facet normal 0.190422 0 0.981702
    outer loop
      vertex 4.27742 11.7184 -3.20919
      vertex 4.37728 0 -3.22856
      vertex 4.37728 11.7814 -3.22856
    endloop
  endfacet
  facet normal 0.1904 -1.99018e-07 0.981707
    outer loop
      vertex 3.88881 11.5056 -3.13382
      vertex 4.37728 0 -3.22856
      vertex 4.27742 11.7184 -3.20919
    endloop
  endfacet
  facet normal 0.190404 0 0.981706
    outer loop
      vertex 4.37728 0 -3.22856
      vertex 3.88881 11.5056 -3.13382
      vertex 3.88881 0 -3.13382
    endloop
  endfacet
  facet normal -0.409099 0 0.91249
    outer loop
      vertex 6.1763 12.9915 -2.91178
      vertex 6.30259 0 -2.85516
      vertex 6.30259 13.1843 -2.85516
    endloop
  endfacet
  facet normal -0.409058 4.79442e-07 0.912508
    outer loop
      vertex 5.92708 12.7435 -3.0235
      vertex 6.30259 0 -2.85516
      vertex 6.1763 12.9915 -2.91178
    endloop
  endfacet
  facet normal -0.409027 1.59782e-06 0.912522
    outer loop
      vertex 5.84855 12.6889 -3.0587
      vertex 6.30259 0 -2.85516
      vertex 5.92708 12.7435 -3.0235
    endloop
  endfacet
  facet normal -0.409064 0 0.912506
    outer loop
      vertex 6.30259 0 -2.85516
      vertex 5.84855 12.6889 -3.0587
      vertex 5.84855 0 -3.0587
    endloop
  endfacet
  facet normal -0.997068 0 0.0765201
    outer loop
      vertex 7.99316 15.7333 -0.0891262
      vertex 8 9.22324 0
      vertex 8 15.8601 0
    endloop
  endfacet
  facet normal -0.997058 1.76807e-06 0.0766485
    outer loop
      vertex 7.99061 15.6861 -0.122296
      vertex 8 9.22324 0
      vertex 7.99316 15.7333 -0.0891262
    endloop
  endfacet
  facet normal -0.997071 -1.36488e-06 0.0764839
    outer loop
      vertex 7.98604 15.6369 -0.181873
      vertex 8 9.22324 0
      vertex 7.99061 15.6861 -0.122296
    endloop
  endfacet
  facet normal -0.997065 8.92811e-07 0.076563
    outer loop
      vertex 7.96191 15.3772 -0.49611
      vertex 8 9.22324 0
      vertex 7.98604 15.6369 -0.181873
    endloop
  endfacet
  facet normal -0.997065 5.97785e-07 0.0765594
    outer loop
      vertex 7.96191 15.3772 -0.49611
      vertex 7.96979 8.91278 -0.393435
      vertex 8 9.22324 0
    endloop
  endfacet
  facet normal -0.997068 0 0.076522
    outer loop
      vertex 7.96979 8.91278 -0.393435
      vertex 7.96191 15.3772 -0.49611
      vertex 7.96191 8.66582 -0.49611
    endloop
  endfacet
  facet normal 0.896169 0 -0.443713
    outer loop
      vertex 1.9564 20.75 1.66081
      vertex 1.73562 14.8065 1.2149
      vertex 1.73562 20.75 1.2149
    endloop
  endfacet
  facet normal 0.896207 -7.26947e-06 -0.443635
    outer loop
      vertex 1.9564 20.75 1.66081
      vertex 1.75 14.7864 1.24395
      vertex 1.73562 14.8065 1.2149
    endloop
  endfacet
  facet normal 0.896166 0 -0.443719
    outer loop
      vertex 1.75 14.7864 1.24395
      vertex 1.9564 20.75 1.66081
      vertex 1.9564 14.4886 1.66081
    endloop
  endfacet
  facet normal -0.543634 7.6672e-05 0.839323
    outer loop
      vertex 6.35567 13.2591 -2.82079
      vertex 6.72023 13.6687 -2.5847
      vertex 6.60063 13.608 -2.66216
    endloop
  endfacet
  facet normal -0.543643 0.000333281 0.839316
    outer loop
      vertex 6.46385 13.5441 -2.75073
      vertex 6.60063 13.608 -2.66216
      vertex 6.46638 13.5661 -2.7491
    endloop
  endfacet
  facet normal -0.543522 -3.41363e-05 0.839395
    outer loop
      vertex 6.35567 13.2591 -2.82079
      vertex 6.60063 13.608 -2.66216
      vertex 6.46385 13.5441 -2.75073
    endloop
  endfacet
  facet normal -0.543781 0.000262661 0.839227
    outer loop
      vertex 6.30259 13.1843 -2.85516
      vertex 6.72023 13.6687 -2.5847
      vertex 6.35567 13.2591 -2.82079
    endloop
  endfacet
  facet normal -0.543566 0 0.839366
    outer loop
      vertex 6.72023 13.6687 -2.5847
      vertex 6.30259 13.1843 -2.85516
      vertex 6.72023 0 -2.5847
    endloop
  endfacet
  facet normal -0.543566 0 0.839366
    outer loop
      vertex 6.72023 0 -2.5847
      vertex 6.30259 13.1843 -2.85516
      vertex 6.30259 0 -2.85516
    endloop
  endfacet
  facet normal -0.85957 0 -0.511019
    outer loop
      vertex 7.66254 20.75 1.44209
      vertex 7.40827 10.9002 1.86979
      vertex 7.40827 20.75 1.86979
    endloop
  endfacet
  facet normal -0.859577 7.86669e-07 -0.511005
    outer loop
      vertex 7.66254 20.75 1.44209
      vertex 7.59234 10.6703 1.56016
      vertex 7.40827 10.9002 1.86979
    endloop
  endfacet
  facet normal -0.859548 0 -0.511055
    outer loop
      vertex 7.59234 10.6703 1.56016
      vertex 7.66254 20.75 1.44209
      vertex 7.66254 10.5511 1.44209
    endloop
  endfacet
  facet normal 0.720523 0 0.693431
    outer loop
      vertex 2.58769 0 -2.4263
      vertex 2.24266 10.3286 -2.06779
      vertex 2.24266 0 -2.06779
    endloop
  endfacet
  facet normal 0.720506 -1.17086e-06 0.693449
    outer loop
      vertex 2.24266 10.3286 -2.06779
      vertex 2.58769 0 -2.4263
      vertex 2.44898 10.5071 -2.28216
    endloop
  endfacet
  facet normal 0.720549 0 0.693404
    outer loop
      vertex 2.44898 10.5071 -2.28216
      vertex 2.58769 0 -2.4263
      vertex 2.58769 10.6342 -2.4263
    endloop
  endfacet
  facet normal -0.973706 0 0.22781
    outer loop
      vertex 7.93222 15.2246 -0.623011
      vertex 7.96191 8.66582 -0.49611
      vertex 7.96191 15.3772 -0.49611
    endloop
  endfacet
  facet normal -0.973694 1.02007e-06 0.22786
    outer loop
      vertex 7.84854 14.9329 -0.980592
      vertex 7.96191 8.66582 -0.49611
      vertex 7.93222 15.2246 -0.623011
    endloop
  endfacet
  facet normal -0.973694 9.70377e-07 0.227859
    outer loop
      vertex 7.84854 14.9329 -0.980592
      vertex 7.88164 8.51936 -0.839121
      vertex 7.96191 8.66582 -0.49611
    endloop
  endfacet
  facet normal -0.973704 0 0.227818
    outer loop
      vertex 7.84854 14.9329 -0.980592
      vertex 7.88164 8.43259 -0.839121
      vertex 7.88164 8.51936 -0.839121
    endloop
  endfacet
  facet normal -0.973704 0 0.227818
    outer loop
      vertex 7.84854 14.9329 -0.980592
      vertex 7.88164 8.42268 -0.839121
      vertex 7.88164 8.43259 -0.839121
    endloop
  endfacet
  facet normal -0.973704 0 0.227818
    outer loop
      vertex 7.84854 14.9329 -0.980592
      vertex 7.88164 8.4202 -0.839121
      vertex 7.88164 8.42268 -0.839121
    endloop
  endfacet
  facet normal -0.973704 0 0.227818
    outer loop
      vertex 7.84854 0 -0.980592
      vertex 7.88164 8.4202 -0.839121
      vertex 7.84854 14.9329 -0.980592
    endloop
  endfacet
  facet normal -0.973704 0 0.227818
    outer loop
      vertex 7.88164 8.4202 -0.839121
      vertex 7.84854 0 -0.980592
      vertex 7.88164 0 -0.839121
    endloop
  endfacet
  facet normal -0.771485 0 0.636248
    outer loop
      vertex 7.40827 0 -1.86979
      vertex 7.09169 13.8931 -2.25366
      vertex 7.09169 0 -2.25366
    endloop
  endfacet
  facet normal -0.771491 -3.47725e-07 0.636241
    outer loop
      vertex 7.09169 13.8931 -2.25366
      vertex 7.40827 0 -1.86979
      vertex 7.31956 14.082 -1.97735
    endloop
  endfacet
  facet normal -0.771468 0 0.636268
    outer loop
      vertex 7.31956 14.082 -1.97735
      vertex 7.40827 0 -1.86979
      vertex 7.40827 14.1831 -1.86979
    endloop
  endfacet
  facet normal -0.543606 0 -0.83934
    outer loop
      vertex 6.60063 11.4754 2.66216
      vertex 6.72023 20.75 2.5847
      vertex 6.72023 11.4146 2.5847
    endloop
  endfacet
  facet normal -0.543546 -1.10832e-06 -0.83938
    outer loop
      vertex 6.31789 11.5634 2.84525
      vertex 6.72023 20.75 2.5847
      vertex 6.60063 11.4754 2.66216
    endloop
  endfacet
  facet normal -0.543637 4.56163e-06 -0.839321
    outer loop
      vertex 6.30259 11.5682 2.85516
      vertex 6.72023 20.75 2.5847
      vertex 6.31789 11.5634 2.84525
    endloop
  endfacet
  facet normal -0.543566 0 -0.839366
    outer loop
      vertex 6.72023 20.75 2.5847
      vertex 6.30259 11.5682 2.85516
      vertex 6.30259 20.75 2.85516
    endloop
  endfacet
  facet normal 0.190422 0 -0.981702
    outer loop
      vertex 4.27742 12.7867 3.20919
      vertex 4.37728 20.75 3.22856
      vertex 4.37728 12.7237 3.22856
    endloop
  endfacet
  facet normal 0.190379 5.62507e-07 -0.981711
    outer loop
      vertex 4.05847 12.9066 3.16673
      vertex 4.37728 20.75 3.22856
      vertex 4.27742 12.7867 3.20919
    endloop
  endfacet
  facet normal 0.190426 -1.41396e-06 -0.981702
    outer loop
      vertex 3.88881 12.9995 3.13382
      vertex 4.37728 20.75 3.22856
      vertex 4.05847 12.9066 3.16673
    endloop
  endfacet
  facet normal 0.190404 0 -0.981706
    outer loop
      vertex 4.37728 20.75 3.22856
      vertex 3.88881 12.9995 3.13382
      vertex 3.88881 20.75 3.13382
    endloop
  endfacet
  facet normal 0.477731 0 -0.878506
    outer loop
      vertex 3.10648 13.4957 2.79486
      vertex 3.42053 20.75 2.96564
      vertex 3.42053 13.2809 2.96564
    endloop
  endfacet
  facet normal 0.477702 1.59869e-06 -0.878522
    outer loop
      vertex 2.98341 13.5726 2.72794
      vertex 3.42053 20.75 2.96564
      vertex 3.10648 13.4957 2.79486
    endloop
  endfacet
  facet normal 0.477722 0 -0.878511
    outer loop
      vertex 3.42053 20.75 2.96564
      vertex 2.98341 13.5726 2.72794
      vertex 2.98341 20.75 2.72794
    endloop
  endfacet
  facet normal -0.927503 0 -0.373816
    outer loop
      vertex 7.84854 20.75 0.980592
      vertex 7.66254 10.5511 1.44209
      vertex 7.66254 20.75 1.44209
    endloop
  endfacet
  facet normal -0.92751 9.58914e-07 -0.373798
    outer loop
      vertex 7.84854 20.75 0.980592
      vertex 7.79823 10.2865 1.1054
      vertex 7.66254 10.5511 1.44209
    endloop
  endfacet
  facet normal -0.927482 0 -0.373867
    outer loop
      vertex 7.79823 10.2865 1.1054
      vertex 7.84854 20.75 0.980592
      vertex 7.84854 10.1504 0.980592
    endloop
  endfacet
  facet normal 1 0 0
    outer loop
      vertex 1.50954 0 -0.248785
      vertex 1.50954 8.78972 0.248785
      vertex 1.50954 0 0.248785
    endloop
  endfacet
  facet normal 1 0 0
    outer loop
      vertex 1.50954 8.78972 0.248785
      vertex 1.50954 0 -0.248785
      vertex 1.50954 9.08281 -0.248785
    endloop
  endfacet
  facet normal 1 0 0
    outer loop
      vertex 1.50954 20.75 0.248785
      vertex 1.50954 15.7154 -0.248785
      vertex 1.50954 20.75 -0.248785
    endloop
  endfacet
  facet normal 1 0 -0
    outer loop
      vertex 1.50954 15.7154 -0.248785
      vertex 1.50954 20.75 0.248785
      vertex 1.50954 15.4223 0.248785
    endloop
  endfacet
  facet normal 0.477731 0 0.878506
    outer loop
      vertex 3.10648 11.0094 -2.79486
      vertex 3.42053 0 -2.96564
      vertex 3.42053 11.2242 -2.96564
    endloop
  endfacet
  facet normal 0.477702 -1.06296e-06 0.878522
    outer loop
      vertex 2.98341 10.9325 -2.72794
      vertex 3.42053 0 -2.96564
      vertex 3.10648 11.0094 -2.79486
    endloop
  endfacet
  facet normal 0.477722 0 0.878511
    outer loop
      vertex 3.42053 0 -2.96564
      vertex 2.98341 10.9325 -2.72794
      vertex 2.98341 0 -2.72794
    endloop
  endfacet
  facet normal 0.896169 0 0.443713
    outer loop
      vertex 1.9564 0 -1.66081
      vertex 1.73562 9.69862 -1.2149
      vertex 1.73562 0 -1.2149
    endloop
  endfacet
  facet normal 0.896208 4.54172e-06 0.443634
    outer loop
      vertex 1.73562 9.69862 -1.2149
      vertex 1.9564 0 -1.66081
      vertex 1.75 9.71871 -1.24395
    endloop
  endfacet
  facet normal 0.896166 0 0.443719
    outer loop
      vertex 1.75 9.71871 -1.24395
      vertex 1.9564 0 -1.66081
      vertex 1.9564 10.0165 -1.66081
    endloop
  endfacet
  facet normal 0.896222 1.23892e-05 0.443606
    outer loop
      vertex 1.73562 16.325 -1.2149
      vertex 1.75 16.2519 -1.24395
      vertex 1.75836 16.2597 -1.26084
    endloop
  endfacet
  facet normal 0.896209 0 0.443631
    outer loop
      vertex 1.75 16.2519 -1.24395
      vertex 1.73562 16.325 -1.2149
      vertex 1.73562 16.2377 -1.2149
    endloop
  endfacet
  facet normal -0.264994 0 0.96425
    outer loop
      vertex 5.60992 12.4988 -3.12428
      vertex 5.84855 0 -3.0587
      vertex 5.84855 12.6889 -3.0587
    endloop
  endfacet
  facet normal -0.264985 1.91955e-07 0.964253
    outer loop
      vertex 5.36877 12.3539 -3.19055
      vertex 5.84855 0 -3.0587
      vertex 5.60992 12.4988 -3.12428
    endloop
  endfacet
  facet normal -0.264989 0 0.964251
    outer loop
      vertex 5.84855 0 -3.0587
      vertex 5.36877 12.3539 -3.19055
      vertex 5.36877 0 -3.19055
    endloop
  endfacet
  facet normal -0.771485 0 -0.636248
    outer loop
      vertex 7.40827 20.75 1.86979
      vertex 7.09169 11.1902 2.25366
      vertex 7.09169 20.75 2.25366
    endloop
  endfacet
  facet normal -0.771491 5.01138e-07 -0.636241
    outer loop
      vertex 7.40827 20.75 1.86979
      vertex 7.31956 11.0014 1.97735
      vertex 7.09169 11.1902 2.25366
    endloop
  endfacet
  facet normal -0.771468 0 -0.636268
    outer loop
      vertex 7.31956 11.0014 1.97735
      vertex 7.40827 20.75 1.86979
      vertex 7.40827 10.9002 1.86979
    endloop
  endfacet
  facet normal 0.338 0 0.941146
    outer loop
      vertex 3.71751 11.3951 -3.0723
      vertex 3.88881 0 -3.13382
      vertex 3.88881 11.5056 -3.13382
    endloop
  endfacet
  facet normal 0.33801 1.78777e-07 0.941142
    outer loop
      vertex 3.42053 11.2242 -2.96564
      vertex 3.88881 0 -3.13382
      vertex 3.71751 11.3951 -3.0723
    endloop
  endfacet
  facet normal 0.338006 0 0.941144
    outer loop
      vertex 3.88881 0 -3.13382
      vertex 3.42053 11.2242 -2.96564
      vertex 3.42053 0 -2.96564
    endloop
  endfacet
  facet normal 0.817933 0 -0.575314
    outer loop
      vertex 2.24266 20.75 2.06779
      vertex 1.9564 14.4886 1.66081
      vertex 1.9564 20.75 1.66081
    endloop
  endfacet
  facet normal 0.817933 0 -0.575314
    outer loop
      vertex 1.9564 14.4886 1.66081
      vertex 2.24266 20.75 2.06779
      vertex 2.24266 14.1765 2.06779
    endloop
  endfacet
  facet normal 0.720523 0 -0.693431
    outer loop
      vertex 2.58769 20.75 2.4263
      vertex 2.24266 14.1765 2.06779
      vertex 2.24266 20.75 2.06779
    endloop
  endfacet
  facet normal 0.720506 1.81066e-06 -0.693448
    outer loop
      vertex 2.58769 20.75 2.4263
      vertex 2.44898 13.998 2.28216
      vertex 2.24266 14.1765 2.06779
    endloop
  endfacet
  facet normal 0.720549 0 -0.693404
    outer loop
      vertex 2.44898 13.998 2.28216
      vertex 2.58769 20.75 2.4263
      vertex 2.58769 13.8709 2.4263
    endloop
  endfacet
  facet normal -0.264994 0 -0.96425
    outer loop
      vertex 5.60992 12.0063 3.12428
      vertex 5.84855 20.75 3.0587
      vertex 5.84855 11.8162 3.0587
    endloop
  endfacet
  facet normal -0.264985 -2.73062e-07 -0.964253
    outer loop
      vertex 5.36877 12.1512 3.19055
      vertex 5.84855 20.75 3.0587
      vertex 5.60992 12.0063 3.12428
    endloop
  endfacet
  facet normal -0.264989 0 -0.964251
    outer loop
      vertex 5.84855 20.75 3.0587
      vertex 5.36877 12.1512 3.19055
      vertex 5.36877 20.75 3.19055
    endloop
  endfacet
  facet normal -0.973704 0 -0.227818
    outer loop
      vertex 7.88164 16.6631 0.839121
      vertex 7.84854 20.75 0.980592
      vertex 7.88164 20.75 0.839121
    endloop
  endfacet
  facet normal -0.973704 0 -0.227818
    outer loop
      vertex 7.88164 16.6607 0.839121
      vertex 7.84854 20.75 0.980592
      vertex 7.88164 16.6631 0.839121
    endloop
  endfacet
  facet normal -0.973704 0 -0.227818
    outer loop
      vertex 7.88164 16.6507 0.839121
      vertex 7.84854 20.75 0.980592
      vertex 7.88164 16.6607 0.839121
    endloop
  endfacet
  facet normal -0.973704 0 -0.227818
    outer loop
      vertex 7.88164 16.564 0.839121
      vertex 7.84854 20.75 0.980592
      vertex 7.88164 16.6507 0.839121
    endloop
  endfacet
  facet normal -0.973704 0 -0.227818
    outer loop
      vertex 7.88164 16.564 0.839121
      vertex 7.84854 10.1504 0.980592
      vertex 7.84854 20.75 0.980592
    endloop
  endfacet
  facet normal -0.973694 -9.70366e-07 -0.227859
    outer loop
      vertex 7.96191 16.4175 0.49611
      vertex 7.84854 10.1504 0.980592
      vertex 7.88164 16.564 0.839121
    endloop
  endfacet
  facet normal -0.973694 -1.02008e-06 -0.22786
    outer loop
      vertex 7.96191 16.4175 0.49611
      vertex 7.93222 9.85876 0.623011
      vertex 7.84854 10.1504 0.980592
    endloop
  endfacet
  facet normal -0.973706 0 -0.22781
    outer loop
      vertex 7.93222 9.85876 0.623011
      vertex 7.96191 16.4175 0.49611
      vertex 7.96191 9.70609 0.49611
    endloop
  endfacet
  facet normal -0.40918 -0.000252932 -0.912453
    outer loop
      vertex 5.92708 11.7616 3.0235
      vertex 6.30259 11.5682 2.85516
      vertex 6.1714 11.6072 2.91398
    endloop
  endfacet
  facet normal -0.409042 1.0128e-05 -0.912516
    outer loop
      vertex 5.92708 11.7616 3.0235
      vertex 6.1714 11.6072 2.91398
      vertex 6.06945 11.62 2.95968
    endloop
  endfacet
  facet normal -0.409204 -0.000306978 -0.912443
    outer loop
      vertex 5.84855 11.8162 3.0587
      vertex 6.30259 11.5682 2.85516
      vertex 5.92708 11.7616 3.0235
    endloop
  endfacet
  facet normal -0.409064 0 -0.912506
    outer loop
      vertex 6.30259 11.5682 2.85516
      vertex 5.84855 11.8162 3.0587
      vertex 6.30259 20.75 2.85516
    endloop
  endfacet
  facet normal -0.409064 0 -0.912506
    outer loop
      vertex 6.30259 20.75 2.85516
      vertex 5.84855 11.8162 3.0587
      vertex 5.84855 20.75 3.0587
    endloop
  endfacet
  facet normal -0.114691 0 0.993401
    outer loop
      vertex 5.22724 12.2556 -3.20689
      vertex 5.36877 0 -3.19055
      vertex 5.36877 12.3539 -3.19055
    endloop
  endfacet
  facet normal -0.114671 2.27585e-07 0.993403
    outer loop
      vertex 4.87448 12.0597 -3.24761
      vertex 5.36877 0 -3.19055
      vertex 5.22724 12.2556 -3.20689
    endloop
  endfacet
  facet normal -0.114677 0 0.993403
    outer loop
      vertex 5.36877 0 -3.19055
      vertex 4.87448 12.0597 -3.24761
      vertex 4.87448 0 -3.24761
    endloop
  endfacet
  facet normal 0.953401 0 -0.301705
    outer loop
      vertex 1.58549 0 0.740523
      vertex 1.6387 8.42771 0.908669
      vertex 1.6387 0 0.908669
    endloop
  endfacet
  facet normal 0.953401 0 -0.301705
    outer loop
      vertex 1.6387 8.42771 0.908669
      vertex 1.58549 0 0.740523
      vertex 1.58549 8.51576 0.740523
    endloop
  endfacet
  facet normal 0.953394 0 -0.301728
    outer loop
      vertex 1.73562 20.75 1.2149
      vertex 1.58549 15.1169 0.740523
      vertex 1.58549 20.75 0.740523
    endloop
  endfacet
  facet normal 0.953394 0 -0.301728
    outer loop
      vertex 1.58549 15.1169 0.740523
      vertex 1.73562 20.75 1.2149
      vertex 1.73562 14.8065 1.2149
    endloop
  endfacet
  facet normal 0.338 0 -0.941146
    outer loop
      vertex 3.71751 13.11 3.0723
      vertex 3.88881 20.75 3.13382
      vertex 3.88881 12.9995 3.13382
    endloop
  endfacet
  facet normal 0.33801 -2.65528e-07 -0.941143
    outer loop
      vertex 3.42053 13.2809 2.96564
      vertex 3.88881 20.75 3.13382
      vertex 3.71751 13.11 3.0723
    endloop
  endfacet
  facet normal 0.338006 0 -0.941144
    outer loop
      vertex 3.88881 20.75 3.13382
      vertex 3.42053 13.2809 2.96564
      vertex 3.42053 20.75 2.96564
    endloop
  endfacet
  facet normal 0.60622 0 0.795297
    outer loop
      vertex 2.58769 10.6342 -2.4263
      vertex 2.98341 0 -2.72794
      vertex 2.98341 10.9325 -2.72794
    endloop
  endfacet
  facet normal 0.60622 0 0.795297
    outer loop
      vertex 2.98341 0 -2.72794
      vertex 2.58769 10.6342 -2.4263
      vertex 2.58769 0 -2.4263
    endloop
  endfacet
  facet normal 0.0382258 0 -0.999269
    outer loop
      vertex 4.78194 12.5051 3.24407
      vertex 4.87448 20.75 3.24761
      vertex 4.87448 12.4454 3.24761
    endloop
  endfacet
  facet normal 0.0382961 -7.90707e-07 -0.999266
    outer loop
      vertex 4.47848 12.669 3.23244
      vertex 4.87448 20.75 3.24761
      vertex 4.78194 12.5051 3.24407
    endloop
  endfacet
  facet normal 0.038311 -1.51891e-06 -0.999266
    outer loop
      vertex 4.37728 12.7237 3.22856
      vertex 4.87448 20.75 3.24761
      vertex 4.47848 12.669 3.23244
    endloop
  endfacet
  facet normal 0.0382865 0 -0.999267
    outer loop
      vertex 4.87448 20.75 3.24761
      vertex 4.37728 12.7237 3.22856
      vertex 4.37728 20.75 3.22856
    endloop
  endfacet
  facet normal 0.60622 0 -0.795297
    outer loop
      vertex 2.58769 13.8709 2.4263
      vertex 2.98341 20.75 2.72794
      vertex 2.98341 13.5726 2.72794
    endloop
  endfacet
  facet normal 0.60622 0 -0.795297
    outer loop
      vertex 2.98341 20.75 2.72794
      vertex 2.58769 13.8709 2.4263
      vertex 2.58769 20.75 2.4263
    endloop
  endfacet
  facet normal -0.114674 0 -0.993403
    outer loop
      vertex 12.6245 0 3.24761
      vertex 13.1188 20.75 3.19055
      vertex 13.1188 0 3.19055
    endloop
  endfacet
  facet normal -0.114674 0 -0.993403
    outer loop
      vertex 13.1188 20.75 3.19055
      vertex 12.6245 0 3.24761
      vertex 12.6245 20.75 3.24761
    endloop
  endfacet
  facet normal 0.477739 0 0.878502
    outer loop
      vertex 10.7334 20.75 -2.72794
      vertex 11.1705 0 -2.96564
      vertex 11.1705 20.75 -2.96564
    endloop
  endfacet
  facet normal 0.477739 0 0.878502
    outer loop
      vertex 11.1705 0 -2.96564
      vertex 10.7334 20.75 -2.72794
      vertex 10.7334 0 -2.72794
    endloop
  endfacet
  facet normal -0.997064 0 0.076572
    outer loop
      vertex 15.7119 0 -0.49611
      vertex 15.75 20.75 0
      vertex 15.7119 20.75 -0.49611
    endloop
  endfacet
  facet normal -0.997064 0 0.076572
    outer loop
      vertex 15.75 20.75 0
      vertex 15.7119 0 -0.49611
      vertex 15.75 0 0
    endloop
  endfacet
  facet normal 0.0382865 0 0.999267
    outer loop
      vertex 12.1273 20.75 -3.22856
      vertex 12.6245 0 -3.24761
      vertex 12.6245 20.75 -3.24761
    endloop
  endfacet
  facet normal 0.0382865 0 0.999267
    outer loop
      vertex 12.6245 0 -3.24761
      vertex 12.1273 20.75 -3.22856
      vertex 12.1273 0 -3.22856
    endloop
  endfacet
  facet normal -0.859631 0 0.510915
    outer loop
      vertex 15.1583 0 -1.86979
      vertex 15.4125 20.75 -1.44209
      vertex 15.1583 20.75 -1.86979
    endloop
  endfacet
  facet normal -0.859631 0 0.510915
    outer loop
      vertex 15.4125 20.75 -1.44209
      vertex 15.1583 0 -1.86979
      vertex 15.4125 0 -1.44209
    endloop
  endfacet
  facet normal -0.543603 0 0.839343
    outer loop
      vertex 14.0526 20.75 -2.85516
      vertex 14.4702 0 -2.5847
      vertex 14.4702 20.75 -2.5847
    endloop
  endfacet
  facet normal -0.543603 0 0.839343
    outer loop
      vertex 14.4702 0 -2.5847
      vertex 14.0526 20.75 -2.85516
      vertex 14.0526 0 -2.85516
    endloop
  endfacet
  facet normal 0.817933 -0 0.575314
    outer loop
      vertex 9.7064 0 -1.66081
      vertex 9.99266 20.75 -2.06779
      vertex 9.7064 20.75 -1.66081
    endloop
  endfacet
  facet normal 0.817933 0 0.575314
    outer loop
      vertex 9.99266 20.75 -2.06779
      vertex 9.7064 0 -1.66081
      vertex 9.99266 0 -2.06779
    endloop
  endfacet
  facet normal -0.927503 0 0.373816
    outer loop
      vertex 15.4125 0 -1.44209
      vertex 15.5985 20.75 -0.980592
      vertex 15.4125 20.75 -1.44209
    endloop
  endfacet
  facet normal -0.927503 0 0.373816
    outer loop
      vertex 15.5985 20.75 -0.980592
      vertex 15.4125 0 -1.44209
      vertex 15.5985 0 -0.980592
    endloop
  endfacet
  facet normal 0.606239 0 -0.795282
    outer loop
      vertex 10.3377 0 2.4263
      vertex 10.7334 20.75 2.72794
      vertex 10.7334 0 2.72794
    endloop
  endfacet
  facet normal 0.606239 0 -0.795282
    outer loop
      vertex 10.7334 20.75 2.72794
      vertex 10.3377 0 2.4263
      vertex 10.3377 20.75 2.4263
    endloop
  endfacet
  facet normal -0.114674 0 0.993403
    outer loop
      vertex 12.6245 20.75 -3.24761
      vertex 13.1188 0 -3.19055
      vertex 13.1188 20.75 -3.19055
    endloop
  endfacet
  facet normal -0.114674 0 0.993403
    outer loop
      vertex 13.1188 0 -3.19055
      vertex 12.6245 20.75 -3.24761
      vertex 12.6245 0 -3.24761
    endloop
  endfacet
  facet normal 0.988282 0 -0.152642
    outer loop
      vertex 9.33549 0 0.740523
      vertex 9.25954 20.75 0.248785
      vertex 9.33549 20.75 0.740523
    endloop
  endfacet
  facet normal 0.988282 0 -0.152642
    outer loop
      vertex 9.25954 20.75 0.248785
      vertex 9.33549 0 0.740523
      vertex 9.25954 0 0.248785
    endloop
  endfacet
  facet normal 0.0382865 0 -0.999267
    outer loop
      vertex 12.1273 0 3.22856
      vertex 12.6245 20.75 3.24761
      vertex 12.6245 0 3.24761
    endloop
  endfacet
  facet normal 0.0382865 0 -0.999267
    outer loop
      vertex 12.6245 20.75 3.24761
      vertex 12.1273 0 3.22856
      vertex 12.1273 20.75 3.22856
    endloop
  endfacet
  facet normal -0.264979 0 0.964254
    outer loop
      vertex 13.1188 20.75 -3.19055
      vertex 13.5986 0 -3.0587
      vertex 13.5986 20.75 -3.0587
    endloop
  endfacet
  facet normal -0.264979 0 0.964254
    outer loop
      vertex 13.5986 0 -3.0587
      vertex 13.1188 20.75 -3.19055
      vertex 13.1188 0 -3.19055
    endloop
  endfacet
  facet normal -0.409094 0 0.912492
    outer loop
      vertex 13.5986 20.75 -3.0587
      vertex 14.0526 0 -2.85516
      vertex 14.0526 20.75 -2.85516
    endloop
  endfacet
  facet normal -0.409094 0 0.912492
    outer loop
      vertex 14.0526 0 -2.85516
      vertex 13.5986 20.75 -3.0587
      vertex 13.5986 0 -3.0587
    endloop
  endfacet
  facet normal 0.896169 -0 0.443713
    outer loop
      vertex 9.48562 0 -1.2149
      vertex 9.7064 20.75 -1.66081
      vertex 9.48562 20.75 -1.2149
    endloop
  endfacet
  facet normal 0.896169 0 0.443713
    outer loop
      vertex 9.7064 20.75 -1.66081
      vertex 9.48562 0 -1.2149
      vertex 9.7064 0 -1.66081
    endloop
  endfacet
  facet normal -0.859631 0 -0.510915
    outer loop
      vertex 15.4125 0 1.44209
      vertex 15.1583 20.75 1.86979
      vertex 15.4125 20.75 1.44209
    endloop
  endfacet
  facet normal -0.859631 -0 -0.510915
    outer loop
      vertex 15.1583 20.75 1.86979
      vertex 15.4125 0 1.44209
      vertex 15.1583 0 1.86979
    endloop
  endfacet
  facet normal -0.665281 0 0.746593
    outer loop
      vertex 14.4702 20.75 -2.5847
      vertex 14.8417 0 -2.25366
      vertex 14.8417 20.75 -2.25366
    endloop
  endfacet
  facet normal -0.665281 0 0.746593
    outer loop
      vertex 14.8417 0 -2.25366
      vertex 14.4702 20.75 -2.5847
      vertex 14.4702 0 -2.5847
    endloop
  endfacet
  facet normal -0.543603 0 -0.839343
    outer loop
      vertex 14.0526 0 2.85516
      vertex 14.4702 20.75 2.5847
      vertex 14.4702 0 2.5847
    endloop
  endfacet
  facet normal -0.543603 0 -0.839343
    outer loop
      vertex 14.4702 20.75 2.5847
      vertex 14.0526 0 2.85516
      vertex 14.0526 20.75 2.85516
    endloop
  endfacet
  facet normal 0.988282 -0 0.152642
    outer loop
      vertex 9.25954 0 -0.248785
      vertex 9.33549 20.75 -0.740523
      vertex 9.25954 20.75 -0.248785
    endloop
  endfacet
  facet normal 0.988282 0 0.152642
    outer loop
      vertex 9.33549 20.75 -0.740523
      vertex 9.25954 0 -0.248785
      vertex 9.33549 0 -0.740523
    endloop
  endfacet
  facet normal -0.927503 0 -0.373816
    outer loop
      vertex 15.5985 0 0.980592
      vertex 15.4125 20.75 1.44209
      vertex 15.5985 20.75 0.980592
    endloop
  endfacet
  facet normal -0.927503 -0 -0.373816
    outer loop
      vertex 15.4125 20.75 1.44209
      vertex 15.5985 0 0.980592
      vertex 15.4125 0 1.44209
    endloop
  endfacet
  facet normal -0.264979 0 -0.964254
    outer loop
      vertex 13.1188 0 3.19055
      vertex 13.5986 20.75 3.0587
      vertex 13.5986 0 3.0587
    endloop
  endfacet
  facet normal -0.264979 0 -0.964254
    outer loop
      vertex 13.5986 20.75 3.0587
      vertex 13.1188 0 3.19055
      vertex 13.1188 20.75 3.19055
    endloop
  endfacet
  facet normal 0.720513 -0 0.693442
    outer loop
      vertex 9.99266 0 -2.06779
      vertex 10.3377 20.75 -2.4263
      vertex 9.99266 20.75 -2.06779
    endloop
  endfacet
  facet normal 0.720513 0 0.693442
    outer loop
      vertex 10.3377 20.75 -2.4263
      vertex 9.99266 0 -2.06779
      vertex 10.3377 0 -2.4263
    endloop
  endfacet
  facet normal -0.997064 0 -0.076572
    outer loop
      vertex 15.75 0 0
      vertex 15.7119 20.75 0.49611
      vertex 15.75 20.75 0
    endloop
  endfacet
  facet normal -0.997064 -0 -0.076572
    outer loop
      vertex 15.7119 20.75 0.49611
      vertex 15.75 0 0
      vertex 15.7119 0 0.49611
    endloop
  endfacet
  facet normal 0.337993 0 0.941148
    outer loop
      vertex 11.1705 20.75 -2.96564
      vertex 11.6388 0 -3.13382
      vertex 11.6388 20.75 -3.13382
    endloop
  endfacet
  facet normal 0.337993 0 0.941148
    outer loop
      vertex 11.6388 0 -3.13382
      vertex 11.1705 20.75 -2.96564
      vertex 11.1705 0 -2.96564
    endloop
  endfacet
  facet normal 0.896169 0 -0.443713
    outer loop
      vertex 9.7064 0 1.66081
      vertex 9.48562 20.75 1.2149
      vertex 9.7064 20.75 1.66081
    endloop
  endfacet
  facet normal 0.896169 0 -0.443713
    outer loop
      vertex 9.48562 20.75 1.2149
      vertex 9.7064 0 1.66081
      vertex 9.48562 0 1.2149
    endloop
  endfacet
  facet normal -0.771465 0 -0.636272
    outer loop
      vertex 15.1583 0 1.86979
      vertex 14.8417 20.75 2.25366
      vertex 15.1583 20.75 1.86979
    endloop
  endfacet
  facet normal -0.771465 -0 -0.636272
    outer loop
      vertex 14.8417 20.75 2.25366
      vertex 15.1583 0 1.86979
      vertex 14.8417 0 2.25366
    endloop
  endfacet
  facet normal 0.190393 0 -0.981708
    outer loop
      vertex 11.6388 0 3.13382
      vertex 12.1273 20.75 3.22856
      vertex 12.1273 0 3.22856
    endloop
  endfacet
  facet normal 0.190393 0 -0.981708
    outer loop
      vertex 12.1273 20.75 3.22856
      vertex 11.6388 0 3.13382
      vertex 11.6388 20.75 3.13382
    endloop
  endfacet
  facet normal 0.606239 0 0.795282
    outer loop
      vertex 10.3377 20.75 -2.4263
      vertex 10.7334 0 -2.72794
      vertex 10.7334 20.75 -2.72794
    endloop
  endfacet
  facet normal 0.606239 0 0.795282
    outer loop
      vertex 10.7334 0 -2.72794
      vertex 10.3377 20.75 -2.4263
      vertex 10.3377 0 -2.4263
    endloop
  endfacet
  facet normal -0.771465 0 0.636272
    outer loop
      vertex 14.8417 0 -2.25366
      vertex 15.1583 20.75 -1.86979
      vertex 14.8417 20.75 -2.25366
    endloop
  endfacet
  facet normal -0.771465 0 0.636272
    outer loop
      vertex 15.1583 20.75 -1.86979
      vertex 14.8417 0 -2.25366
      vertex 15.1583 0 -1.86979
    endloop
  endfacet
  facet normal -0.973683 0 0.227905
    outer loop
      vertex 15.5985 0 -0.980592
      vertex 15.7119 20.75 -0.49611
      vertex 15.5985 20.75 -0.980592
    endloop
  endfacet
  facet normal -0.973683 0 0.227905
    outer loop
      vertex 15.7119 20.75 -0.49611
      vertex 15.5985 0 -0.980592
      vertex 15.7119 0 -0.49611
    endloop
  endfacet
  facet normal 0.190393 0 0.981708
    outer loop
      vertex 11.6388 20.75 -3.13382
      vertex 12.1273 0 -3.22856
      vertex 12.1273 20.75 -3.22856
    endloop
  endfacet
  facet normal 0.190393 0 0.981708
    outer loop
      vertex 12.1273 0 -3.22856
      vertex 11.6388 20.75 -3.13382
      vertex 11.6388 0 -3.13382
    endloop
  endfacet
  facet normal 0.817933 0 -0.575314
    outer loop
      vertex 9.99266 0 2.06779
      vertex 9.7064 20.75 1.66081
      vertex 9.99266 20.75 2.06779
    endloop
  endfacet
  facet normal 0.817933 0 -0.575314
    outer loop
      vertex 9.7064 20.75 1.66081
      vertex 9.99266 0 2.06779
      vertex 9.7064 0 1.66081
    endloop
  endfacet
  facet normal 0.720513 0 -0.693442
    outer loop
      vertex 10.3377 0 2.4263
      vertex 9.99266 20.75 2.06779
      vertex 10.3377 20.75 2.4263
    endloop
  endfacet
  facet normal 0.720513 0 -0.693442
    outer loop
      vertex 9.99266 20.75 2.06779
      vertex 10.3377 0 2.4263
      vertex 9.99266 0 2.06779
    endloop
  endfacet
  facet normal 0.953394 0 -0.301728
    outer loop
      vertex 9.48562 0 1.2149
      vertex 9.33549 20.75 0.740523
      vertex 9.48562 20.75 1.2149
    endloop
  endfacet
  facet normal 0.953394 0 -0.301728
    outer loop
      vertex 9.33549 20.75 0.740523
      vertex 9.48562 0 1.2149
      vertex 9.33549 0 0.740523
    endloop
  endfacet
  facet normal -0.665281 0 -0.746593
    outer loop
      vertex 14.4702 0 2.5847
      vertex 14.8417 20.75 2.25366
      vertex 14.8417 0 2.25366
    endloop
  endfacet
  facet normal -0.665281 0 -0.746593
    outer loop
      vertex 14.8417 20.75 2.25366
      vertex 14.4702 0 2.5847
      vertex 14.4702 20.75 2.5847
    endloop
  endfacet
  facet normal 1 -0 0
    outer loop
      vertex 9.25954 0 0.248785
      vertex 9.25954 20.75 -0.248785
      vertex 9.25954 20.75 0.248785
    endloop
  endfacet
  facet normal 1 0 0
    outer loop
      vertex 9.25954 20.75 -0.248785
      vertex 9.25954 0 0.248785
      vertex 9.25954 0 -0.248785
    endloop
  endfacet
  facet normal -0.973683 0 -0.227905
    outer loop
      vertex 15.7119 0 0.49611
      vertex 15.5985 20.75 0.980592
      vertex 15.7119 20.75 0.49611
    endloop
  endfacet
  facet normal -0.973683 -0 -0.227905
    outer loop
      vertex 15.5985 20.75 0.980592
      vertex 15.7119 0 0.49611
      vertex 15.5985 0 0.980592
    endloop
  endfacet
  facet normal 0.477739 0 -0.878502
    outer loop
      vertex 10.7334 0 2.72794
      vertex 11.1705 20.75 2.96564
      vertex 11.1705 0 2.96564
    endloop
  endfacet
  facet normal 0.477739 0 -0.878502
    outer loop
      vertex 11.1705 20.75 2.96564
      vertex 10.7334 0 2.72794
      vertex 10.7334 20.75 2.72794
    endloop
  endfacet
  facet normal 0.337993 0 -0.941148
    outer loop
      vertex 11.1705 0 2.96564
      vertex 11.6388 20.75 3.13382
      vertex 11.6388 0 3.13382
    endloop
  endfacet
  facet normal 0.337993 0 -0.941148
    outer loop
      vertex 11.6388 20.75 3.13382
      vertex 11.1705 0 2.96564
      vertex 11.1705 20.75 2.96564
    endloop
  endfacet
  facet normal -0.409094 0 -0.912492
    outer loop
      vertex 13.5986 0 3.0587
      vertex 14.0526 20.75 2.85516
      vertex 14.0526 0 2.85516
    endloop
  endfacet
  facet normal -0.409094 0 -0.912492
    outer loop
      vertex 14.0526 20.75 2.85516
      vertex 13.5986 0 3.0587
      vertex 13.5986 20.75 3.0587
    endloop
  endfacet
  facet normal 0.953394 -0 0.301728
    outer loop
      vertex 9.33549 0 -0.740523
      vertex 9.48562 20.75 -1.2149
      vertex 9.33549 20.75 -0.740523
    endloop
  endfacet
  facet normal 0.953394 0 0.301728
    outer loop
      vertex 9.48562 20.75 -1.2149
      vertex 9.33549 0 -0.740523
      vertex 9.48562 0 -1.2149
    endloop
  endfacet
  facet normal 0.258728 0 -0.96595
    outer loop
      vertex 7.88164 20.75 0.839121
      vertex 7.88926 16.6667 0.841162
      vertex 7.88164 16.6631 0.839121
    endloop
  endfacet
  facet normal 0.258728 0 -0.96595
    outer loop
      vertex 7.88926 16.6667 0.841162
      vertex 7.88164 20.75 0.839121
      vertex 7.88926 20.75 0.841162
    endloop
  endfacet
  facet normal -0.940531 0.227788 -0.25202
    outer loop
      vertex 7.99316 15.7333 -0.0891262
      vertex 9.34623 16.1706 -4.74349
      vertex 9.30002 15.9798 -4.74349
    endloop
  endfacet
  facet normal -0.940525 0.227819 -0.252014
    outer loop
      vertex 9.34623 16.1706 -4.74349
      vertex 8 15.8601 0
      vertex 7.96979 16.1706 0.393435
    endloop
  endfacet
  facet normal -0.940515 0.227868 -0.252008
    outer loop
      vertex 9.34623 16.1706 -4.74349
      vertex 7.99316 15.7333 -0.0891262
      vertex 8 15.8601 0
    endloop
  endfacet
  facet normal -0.395221 0.912461 -0.1059
    outer loop
      vertex 7.62837 13.8115 -4.74349
      vertex 6.86989 13.749 -2.45133
      vertex 6.98637 13.8115 -2.34752
    endloop
  endfacet
  facet normal -0.395176 0.912482 -0.105884
    outer loop
      vertex 6.86989 13.749 -2.45133
      vertex 7.62837 13.8115 -4.74349
      vertex 7.36814 13.6988 -4.74349
    endloop
  endfacet
  facet normal -0.965923 -1.28342e-05 -0.25883
    outer loop
      vertex 7.88926 16.6667 0.841162
      vertex 9.04086 20.75 -3.45668
      vertex 9.10377 20.4893 -3.69144
    endloop
  endfacet
  facet normal -0.965927 8.43075e-06 -0.258813
    outer loop
      vertex 7.88926 16.6667 0.841162
      vertex 9.10377 20.4893 -3.69144
      vertex 9.18207 20.087 -3.98368
    endloop
  endfacet
  facet normal -0.965927 3.24696e-06 -0.258816
    outer loop
      vertex 7.88926 16.6667 0.841162
      vertex 9.18207 20.087 -3.98368
      vertex 9.24868 19.6565 -4.23228
    endloop
  endfacet
  facet normal -0.965925 -4.75258e-06 -0.258821
    outer loop
      vertex 7.88926 16.6667 0.841162
      vertex 9.24868 19.6565 -4.23228
      vertex 9.30287 19.2022 -4.43451
    endloop
  endfacet
  facet normal -0.965925 -4.14514e-06 -0.258821
    outer loop
      vertex 7.88926 16.6667 0.841162
      vertex 9.30287 19.2022 -4.43451
      vertex 9.34404 18.7294 -4.58815
    endloop
  endfacet
  facet normal -0.965925 -3.83656e-06 -0.25882
    outer loop
      vertex 7.88926 16.6667 0.841162
      vertex 9.34404 18.7294 -4.58815
      vertex 9.37174 18.2431 -4.69152
    endloop
  endfacet
  facet normal -0.965926 1.01302e-05 -0.258817
    outer loop
      vertex 7.88926 16.6667 0.841162
      vertex 9.37174 18.2431 -4.69152
      vertex 9.38566 17.7486 -4.74349
    endloop
  endfacet
  facet normal -0.965926 0 -0.258819
    outer loop
      vertex 7.88926 16.6667 0.841162
      vertex 9.38566 17.7486 -4.74349
      vertex 9.38566 16.6667 -4.74349
    endloop
  endfacet
  facet normal -0.965926 0 -0.258818
    outer loop
      vertex 9.04086 20.75 -3.45668
      vertex 7.88926 16.6667 0.841162
      vertex 7.88926 20.75 0.841162
    endloop
  endfacet
  facet normal -0.256053 0.964222 -0.0686493
    outer loop
      vertex 6.93069 13.5475 -4.74349
      vertex 6.35567 13.5023 -3.2336
      vertex 6.39303 13.5233 -3.07799
    endloop
  endfacet
  facet normal -0.256075 0.964216 -0.0686577
    outer loop
      vertex 6.93069 13.5475 -4.74349
      vertex 6.29476 13.4761 -3.37437
      vertex 6.35567 13.5023 -3.2336
    endloop
  endfacet
  facet normal -0.25587 0.964277 -0.0685592
    outer loop
      vertex 6.29476 13.4761 -3.37437
      vertex 6.93069 13.5475 -4.74349
      vertex 6.66161 13.4761 -4.74349
    endloop
  endfacet
  facet normal -0.642699 0.746513 -0.172211
    outer loop
      vertex 8.44531 14.413 -4.74349
      vertex 7.40827 14.1831 -1.86979
      vertex 7.59234 14.413 -1.56016
    endloop
  endfacet
  facet normal -0.642423 0.746778 -0.17209
    outer loop
      vertex 8.44531 14.413 -4.74349
      vertex 7.31956 14.082 -1.97735
      vertex 7.40827 14.1831 -1.86979
    endloop
  endfacet
  facet normal -0.642611 0.746594 -0.172188
    outer loop
      vertex 7.31956 14.082 -1.97735
      vertex 8.44531 14.413 -4.74349
      vertex 8.06075 14.082 -4.74349
    endloop
  endfacet
  facet normal -0.110714 0.993409 -0.0296668
    outer loop
      vertex 6.41998 13.4492 -4.74349
      vertex 5.97112 13.4191 -4.0763
      vertex 6.11618 13.4433 -3.8073
    endloop
  endfacet
  facet normal -0.11071 0.99341 -0.0296641
    outer loop
      vertex 5.97112 13.4191 -4.0763
      vertex 6.41998 13.4492 -4.74349
      vertex 6.14989 13.4191 -4.74349
    endloop
  endfacet
  facet normal 0.954593 0.152716 0.255793
    outer loop
      vertex 1.73562 16.325 -1.2149
      vertex 1.81109 16.4179 -1.55201
      vertex 1.6387 16.4179 -0.908669
    endloop
  endfacet
  facet normal 0.954637 0.152517 0.255748
    outer loop
      vertex 1.81109 16.4179 -1.55201
      vertex 1.73562 16.325 -1.2149
      vertex 1.75836 16.2597 -1.26084
    endloop
  endfacet
  facet normal -0.525141 0.839301 -0.140712
    outer loop
      vertex 8.06075 14.082 -4.74349
      vertex 7.09169 13.8931 -2.25366
      vertex 7.31956 14.082 -1.97735
    endloop
  endfacet
  facet normal -0.521314 0.841965 -0.139021
    outer loop
      vertex 8.06075 14.082 -4.74349
      vertex 7.08869 13.8908 -2.25634
      vertex 7.09169 13.8931 -2.25366
    endloop
  endfacet
  facet normal -0.525031 0.839377 -0.140672
    outer loop
      vertex 7.08869 13.8908 -2.25634
      vertex 8.06075 14.082 -4.74349
      vertex 7.8737 13.965 -4.74349
    endloop
  endfacet
  facet normal -0.110709 0.99341 -0.029664
    outer loop
      vertex 6.66161 13.4761 -4.74349
      vertex 6.1763 13.4533 -3.69581
      vertex 6.29476 13.4761 -3.37437
    endloop
  endfacet
  facet normal -0.110453 0.993442 -0.0295449
    outer loop
      vertex 6.66161 13.4761 -4.74349
      vertex 6.11618 13.4433 -3.8073
      vertex 6.1763 13.4533 -3.69581
    endloop
  endfacet
  facet normal -0.110595 0.993424 -0.0296282
    outer loop
      vertex 6.11618 13.4433 -3.8073
      vertex 6.66161 13.4761 -4.74349
      vertex 6.41998 13.4492 -4.74349
    endloop
  endfacet
  facet normal -0.525111 0.839323 -0.140699
    outer loop
      vertex 7.8737 13.965 -4.74349
      vertex 6.98637 13.8115 -2.34752
      vertex 7.08869 13.8908 -2.25634
    endloop
  endfacet
  facet normal -0.525141 0.839302 -0.140711
    outer loop
      vertex 6.98637 13.8115 -2.34752
      vertex 7.8737 13.965 -4.74349
      vertex 7.62837 13.8115 -4.74349
    endloop
  endfacet
  facet normal 0.0370665 0.999265 0.00980115
    outer loop
      vertex 5.8857 13.4288 -4.74349
      vertex 5.6229 13.4381 -4.69779
      vertex 5.80824 13.4281 -4.37918
    endloop
  endfacet
  facet normal 0.037091 0.999262 0.00994233
    outer loop
      vertex 5.6229 13.4381 -4.69779
      vertex 5.8857 13.4288 -4.74349
      vertex 5.63515 13.4381 -4.74349
    endloop
  endfacet
  facet normal 0.258728 0 -0.96595
    outer loop
      vertex 7.88926 16.6667 0.841162
      vertex 7.88164 16.564 0.839121
      vertex 7.88164 16.6507 0.839121
    endloop
  endfacet
  facet normal -0.963092 0.0765458 -0.258059
    outer loop
      vertex 7.96191 16.4175 0.49611
      vertex 7.88926 16.6667 0.841162
      vertex 9.38566 16.6667 -4.74349
    endloop
  endfacet
  facet normal -0.963081 0.0765865 -0.258086
    outer loop
      vertex 7.88926 16.6667 0.841162
      vertex 7.96191 16.4175 0.49611
      vertex 7.88164 16.564 0.839121
    endloop
  endfacet
  facet normal -0.963092 0.0765465 -0.258061
    outer loop
      vertex 7.96979 16.1706 0.393435
      vertex 9.38566 16.6667 -4.74349
      vertex 9.34623 16.1706 -4.74349
    endloop
  endfacet
  facet normal -0.96309 0.076577 -0.258057
    outer loop
      vertex 9.38566 16.6667 -4.74349
      vertex 7.96979 16.1706 0.393435
      vertex 7.96191 16.4175 0.49611
    endloop
  endfacet
  facet normal 0.965926 2.03359e-05 0.258818
    outer loop
      vertex 1.6387 20.75 -0.908669
      vertex 1.95376 20.7153 -2.08449
      vertex 1.92757 20.75 -1.98675
    endloop
  endfacet
  facet normal 0.965928 0.000345356 0.258809
    outer loop
      vertex 1.6387 20.75 -0.908669
      vertex 1.97305 20.6897 -2.15645
      vertex 1.95376 20.7153 -2.08449
    endloop
  endfacet
  facet normal 0.965924 -2.58501e-05 0.258826
    outer loop
      vertex 1.6387 20.75 -0.908669
      vertex 2.08684 20.4668 -2.58113
      vertex 1.97305 20.6897 -2.15645
    endloop
  endfacet
  facet normal 0.965909 -0.000368208 0.25888
    outer loop
      vertex 2.09336 20.4505 -2.60548
      vertex 2.08684 20.4668 -2.58113
      vertex 1.6387 20.75 -0.908669
    endloop
  endfacet
  facet normal 0.966432 0.00279064 0.256906
    outer loop
      vertex 2.08684 20.4668 -2.58113
      vertex 2.09336 20.4505 -2.60548
      vertex 2.08842 20.4637 -2.58704
    endloop
  endfacet
  facet normal 0.965926 1.59626e-06 0.258819
    outer loop
      vertex 1.81109 16.4179 -1.55201
      vertex 2.09336 20.4505 -2.60548
      vertex 1.6387 20.75 -0.908669
    endloop
  endfacet
  facet normal 0.965924 3.36078e-06 0.258826
    outer loop
      vertex 2.09336 20.4505 -2.60548
      vertex 1.81109 16.4179 -1.55201
      vertex 2.1962 20.1595 -2.98927
    endloop
  endfacet
  facet normal 0.965928 -2.80078e-06 0.258811
    outer loop
      vertex 2.1962 20.1595 -2.98927
      vertex 1.81109 16.4179 -1.55201
      vertex 2.2952 19.7887 -3.35876
    endloop
  endfacet
  facet normal 0.965918 1.95222e-05 0.258849
    outer loop
      vertex 2.2952 19.7887 -3.35876
      vertex 1.81109 16.4179 -1.55201
      vertex 2.31503 19.6925 -3.43275
    endloop
  endfacet
  facet normal 0.965929 -6.35046e-06 0.258807
    outer loop
      vertex 2.31503 19.6925 -3.43275
      vertex 1.81109 16.4179 -1.55201
      vertex 2.38434 19.3221 -3.69144
    endloop
  endfacet
  facet normal 0.965919 2.30249e-05 0.258845
    outer loop
      vertex 2.38434 19.3221 -3.69144
      vertex 1.81109 16.4179 -1.55201
      vertex 2.39423 19.2538 -3.72834
    endloop
  endfacet
  facet normal 0.965923 9.15465e-06 0.258828
    outer loop
      vertex 2.39423 19.2538 -3.72834
      vertex 1.81109 16.4179 -1.55201
      vertex 2.40105 19.2066 -3.75379
    endloop
  endfacet
  facet normal 0.965928 -4.42604e-06 0.258812
    outer loop
      vertex 2.40105 19.2066 -3.75379
      vertex 1.81109 16.4179 -1.55201
      vertex 2.42619 19.0085 -3.84762
    endloop
  endfacet
  facet normal 0.965925 4.36556e-06 0.258821
    outer loop
      vertex 2.44898 17.6588 -3.93265
      vertex 2.42619 19.0085 -3.84762
      vertex 1.81109 16.4179 -1.55201
    endloop
  endfacet
  facet normal 0.965916 1.94685e-06 0.258857
    outer loop
      vertex 2.42619 19.0085 -3.84762
      vertex 2.44898 17.6588 -3.93265
      vertex 2.44905 18.8285 -3.93292
    endloop
  endfacet
  facet normal 0.965932 1.9316e-06 0.258795
    outer loop
      vertex 2.44905 18.8285 -3.93292
      vertex 2.44898 17.6588 -3.93265
      vertex 2.46265 18.7014 -3.98368
    endloop
  endfacet
  facet normal 0.965931 2.14559e-06 0.258799
    outer loop
      vertex 2.46265 18.7014 -3.98368
      vertex 2.44898 17.6588 -3.93265
      vertex 2.47815 18.5115 -4.04153
    endloop
  endfacet
  facet normal 0.965944 -4.23896e-06 0.258752
    outer loop
      vertex 2.47815 18.5115 -4.04153
      vertex 2.44898 17.6588 -3.93265
      vertex 2.48985 18.3312 -4.08521
    endloop
  endfacet
  facet normal 0.965905 3.55082e-05 0.258898
    outer loop
      vertex 2.49627 18.2323 -4.10916
      vertex 2.44898 17.6588 -3.93265
      vertex 2.50318 18.0858 -4.13492
    endloop
  endfacet
  facet normal 0.965951 -5.28556e-05 0.258723
    outer loop
      vertex 2.50318 18.0858 -4.13492
      vertex 2.44898 17.6588 -3.93265
      vertex 2.50833 17.9765 -4.15417
    endloop
  endfacet
  facet normal 0.965911 5.93481e-05 0.258874
    outer loop
      vertex 2.50833 17.9765 -4.15417
      vertex 2.44898 17.6588 -3.93265
      vertex 2.51057 17.8984 -4.16251
    endloop
  endfacet
  facet normal 0.965938 -4.41609e-05 0.258773
    outer loop
      vertex 2.51057 17.8984 -4.16251
      vertex 2.44898 17.6588 -3.93265
      vertex 2.5139 17.7818 -4.17496
    endloop
  endfacet
  facet normal 0.965923 0 0.258829
    outer loop
      vertex 1.81109 16.4179 -1.55201
      vertex 1.6387 20.75 -0.908669
      vertex 1.6387 16.4179 -0.908669
    endloop
  endfacet
  facet normal 0.965919 1.85398e-05 0.258846
    outer loop
      vertex 2.48985 18.3312 -4.08521
      vertex 2.44898 17.6588 -3.93265
      vertex 2.49627 18.2323 -4.10916
    endloop
  endfacet
  facet normal -0.940512 0.227875 -0.252011
    outer loop
      vertex 7.99061 15.6861 -0.122296
      vertex 9.30002 15.9798 -4.74349
      vertex 9.22886 15.6861 -4.74349
    endloop
  endfacet
  facet normal -0.940505 0.227909 -0.252006
    outer loop
      vertex 9.30002 15.9798 -4.74349
      vertex 7.99061 15.6861 -0.122296
      vertex 7.99316 15.7333 -0.0891262
    endloop
  endfacet
  facet normal 0.258728 0 -0.96595
    outer loop
      vertex 7.88926 16.6667 0.841162
      vertex 7.88164 16.6507 0.839121
      vertex 7.88164 16.6607 0.839121
    endloop
  endfacet
  facet normal -0.745208 0.636233 -0.199679
    outer loop
      vertex 8.77306 14.7969 -4.74349
      vertex 7.66254 14.5323 -1.44209
      vertex 7.79823 14.7969 -1.1054
    endloop
  endfacet
  facet normal -0.745218 0.636221 -0.19968
    outer loop
      vertex 7.59234 14.413 -1.56016
      vertex 8.77306 14.7969 -4.74349
      vertex 8.44531 14.413 -4.74349
    endloop
  endfacet
  facet normal -0.745254 0.636173 -0.1997
    outer loop
      vertex 8.77306 14.7969 -4.74349
      vertex 7.59234 14.413 -1.56016
      vertex 7.66254 14.5323 -1.44209
    endloop
  endfacet
  facet normal 0.036878 0.999271 0.00988127
    outer loop
      vertex 6.14989 13.4191 -4.74349
      vertex 5.92708 13.4217 -4.17487
      vertex 5.97112 13.4191 -4.0763
    endloop
  endfacet
  facet normal 0.0368474 0.999272 0.00986928
    outer loop
      vertex 6.14989 13.4191 -4.74349
      vertex 5.80824 13.4281 -4.37918
      vertex 5.92708 13.4217 -4.17487
    endloop
  endfacet
  facet normal 0.0366895 0.999279 0.00972103
    outer loop
      vertex 5.80824 13.4281 -4.37918
      vertex 6.14989 13.4191 -4.74349
      vertex 5.8857 13.4288 -4.74349
    endloop
  endfacet
  facet normal 0.258728 0 -0.96595
    outer loop
      vertex 7.88926 16.6667 0.841162
      vertex 7.88164 16.6607 0.839121
      vertex 7.88164 16.6631 0.839121
    endloop
  endfacet
  facet normal -0.895869 0.373892 -0.240048
    outer loop
      vertex 9.22886 15.6861 -4.74349
      vertex 7.98604 15.6369 -0.181873
      vertex 7.99061 15.6861 -0.122296
    endloop
  endfacet
  facet normal -0.895917 0.373767 -0.240063
    outer loop
      vertex 7.98604 15.6369 -0.181873
      vertex 9.22886 15.6861 -4.74349
      vertex 9.11309 15.4086 -4.74349
    endloop
  endfacet
  facet normal -0.830331 0.510931 -0.222485
    outer loop
      vertex 9.03629 15.2246 -4.74349
      vertex 7.84854 14.9329 -0.980592
      vertex 7.93222 15.2246 -0.623011
    endloop
  endfacet
  facet normal -0.830288 0.511005 -0.222477
    outer loop
      vertex 7.79823 14.7969 -1.1054
      vertex 9.03629 15.2246 -4.74349
      vertex 8.77306 14.7969 -4.74349
    endloop
  endfacet
  facet normal -0.830176 0.511214 -0.222414
    outer loop
      vertex 9.03629 15.2246 -4.74349
      vertex 7.79823 14.7969 -1.1054
      vertex 7.84854 14.9329 -0.980592
    endloop
  endfacet
  facet normal -0.257959 0.963885 -0.066204
    outer loop
      vertex 6.60063 13.608 -2.66216
      vertex 6.46385 13.5631 -2.78292
      vertex 6.46638 13.5661 -2.7491
    endloop
  endfacet
  facet normal -0.255934 0.964255 -0.0686348
    outer loop
      vertex 6.60063 13.608 -2.66216
      vertex 6.39303 13.5233 -3.07799
      vertex 6.46385 13.5631 -2.78292
    endloop
  endfacet
  facet normal -0.256005 0.964239 -0.0685962
    outer loop
      vertex 7.15832 13.608 -4.74349
      vertex 6.39303 13.5233 -3.07799
      vertex 6.60063 13.608 -2.66216
    endloop
  endfacet
  facet normal -0.256257 0.964163 -0.0687161
    outer loop
      vertex 6.39303 13.5233 -3.07799
      vertex 7.15832 13.608 -4.74349
      vertex 6.93069 13.5475 -4.74349
    endloop
  endfacet
  facet normal -0.395216 0.912464 -0.105892
    outer loop
      vertex 7.36814 13.6988 -4.74349
      vertex 6.72023 13.6687 -2.5847
      vertex 6.86989 13.749 -2.45133
    endloop
  endfacet
  facet normal -0.394729 0.912692 -0.105743
    outer loop
      vertex 7.36814 13.6988 -4.74349
      vertex 6.60063 13.608 -2.66216
      vertex 6.72023 13.6687 -2.5847
    endloop
  endfacet
  facet normal -0.394928 0.912597 -0.105821
    outer loop
      vertex 6.60063 13.608 -2.66216
      vertex 7.36814 13.6988 -4.74349
      vertex 7.15832 13.608 -4.74349
    endloop
  endfacet
  facet normal 0.183093 0.98187 0.0490784
    outer loop
      vertex 5.63515 13.4381 -4.74349
      vertex 5.60992 13.4419 -4.72539
      vertex 5.6229 13.4381 -4.69779
    endloop
  endfacet
  facet normal 0.185206 0.981315 0.0521408
    outer loop
      vertex 5.60992 13.4419 -4.72539
      vertex 5.63515 13.4381 -4.74349
      vertex 5.59965 13.4448 -4.74349
    endloop
  endfacet
  facet normal -0.895935 0.373724 -0.240065
    outer loop
      vertex 9.11309 15.4086 -4.74349
      vertex 7.96191 15.3772 -0.49611
      vertex 7.98604 15.6369 -0.181873
    endloop
  endfacet
  facet normal -0.895858 0.373923 -0.240042
    outer loop
      vertex 7.93222 15.2246 -0.623011
      vertex 9.11309 15.4086 -4.74349
      vertex 9.03629 15.2246 -4.74349
    endloop
  endfacet
  facet normal -0.89586 0.373918 -0.240043
    outer loop
      vertex 9.11309 15.4086 -4.74349
      vertex 7.93222 15.2246 -0.623011
      vertex 7.96191 15.3772 -0.49611
    endloop
  endfacet
  facet normal -0.745026 -0.636472 0.199599
    outer loop
      vertex 8.77306 10.2865 4.74349
      vertex 7.59234 10.6703 1.56016
      vertex 7.66254 10.5511 1.44209
    endloop
  endfacet
  facet normal -0.745208 -0.636233 0.199679
    outer loop
      vertex 8.77306 10.2865 4.74349
      vertex 7.66254 10.5511 1.44209
      vertex 7.79823 10.2865 1.1054
    endloop
  endfacet
  facet normal -0.74514 -0.63632 0.199659
    outer loop
      vertex 7.59234 10.6703 1.56016
      vertex 8.77306 10.2865 4.74349
      vertex 8.44531 10.6703 4.74349
    endloop
  endfacet
  facet normal 0.258728 -0 0.96595
    outer loop
      vertex 7.88164 0 -0.839121
      vertex 7.88926 8.41667 -0.841162
      vertex 7.88164 8.4202 -0.839121
    endloop
  endfacet
  facet normal 0.258728 0 0.96595
    outer loop
      vertex 7.88926 8.41667 -0.841162
      vertex 7.88164 0 -0.839121
      vertex 7.88926 0 -0.841162
    endloop
  endfacet
  facet normal 0.0370672 -0.999264 -0.00988838
    outer loop
      vertex 5.65276 11.6567 3.64798
      vertex 6.14989 11.6643 4.74349
      vertex 5.8857 11.6545 4.74349
    endloop
  endfacet
  facet normal 0.0373031 -0.999254 -0.0099955
    outer loop
      vertex 6.14989 11.6643 4.74349
      vertex 5.65276 11.6567 3.64798
      vertex 5.79214 11.6643 3.40837
    endloop
  endfacet
  facet normal -0.965926 0 0.258819
    outer loop
      vertex 7.88926 8.41667 -0.841162
      vertex 9.38566 3.0014 4.74349
      vertex 9.38566 8.41667 4.74349
    endloop
  endfacet
  facet normal -0.965926 0 0.258819
    outer loop
      vertex 7.88926 0 -0.841162
      vertex 9.38566 3.0014 4.74349
      vertex 7.88926 8.41667 -0.841162
    endloop
  endfacet
  facet normal -0.965924 -1.09561e-05 0.258824
    outer loop
      vertex 9.38566 3.0014 4.74349
      vertex 7.88926 0 -0.841162
      vertex 9.37174 2.50694 4.69152
    endloop
  endfacet
  facet normal -0.965926 4.50229e-06 0.258818
    outer loop
      vertex 9.37174 2.50694 4.69152
      vertex 7.88926 0 -0.841162
      vertex 9.34404 2.02061 4.58815
    endloop
  endfacet
  facet normal -0.965926 5.29681e-06 0.258817
    outer loop
      vertex 9.34404 2.02061 4.58815
      vertex 7.88926 0 -0.841162
      vertex 9.30287 1.54775 4.43451
    endloop
  endfacet
  facet normal -0.965926 6.63748e-06 0.258817
    outer loop
      vertex 9.30287 1.54775 4.43451
      vertex 7.88926 0 -0.841162
      vertex 9.24868 1.09354 4.23228
    endloop
  endfacet
  facet normal -0.965926 -4.96959e-06 0.258819
    outer loop
      vertex 9.24868 1.09354 4.23228
      vertex 7.88926 0 -0.841162
      vertex 9.18207 0.662964 3.98368
    endloop
  endfacet
  facet normal -0.965925 -1.41909e-05 0.25882
    outer loop
      vertex 9.18207 0.662964 3.98368
      vertex 7.88926 0 -0.841162
      vertex 9.10377 0.260728 3.69144
    endloop
  endfacet
  facet normal -0.965926 2.3812e-05 0.258818
    outer loop
      vertex 9.10377 0.260728 3.69144
      vertex 7.88926 0 -0.841162
      vertex 9.04086 0 3.45668
    endloop
  endfacet
  facet normal 0.183854 -0.981719 -0.0492468
    outer loop
      vertex 5.23993 11.5932 4.30461
      vertex 5.63515 11.6452 4.74349
      vertex 5.38205 11.5978 4.74349
    endloop
  endfacet
  facet normal 0.18388 -0.981713 -0.0492706
    outer loop
      vertex 5.63515 11.6452 4.74349
      vertex 5.23993 11.5932 4.30461
      vertex 5.42848 11.6452 3.97219
    endloop
  endfacet
  facet normal -0.11071 -0.99341 0.0296651
    outer loop
      vertex 5.79214 11.6643 3.40837
      vertex 6.41998 11.6342 4.74349
      vertex 6.14989 11.6643 4.74349
    endloop
  endfacet
  facet normal -0.111051 -0.993367 0.0298266
    outer loop
      vertex 6.41998 11.6342 4.74349
      vertex 5.79214 11.6643 3.40837
      vertex 5.92688 11.6437 3.22396
    endloop
  endfacet
  facet normal -0.111001 -0.993373 0.0298101
    outer loop
      vertex 5.92688 11.6437 3.22396
      vertex 6.66161 11.6072 4.74349
      vertex 6.41998 11.6342 4.74349
    endloop
  endfacet
  facet normal -0.0191686 -0.999708 -0.0147451
    outer loop
      vertex 5.92708 11.6437 3.2237
      vertex 6.66161 11.6072 4.74349
      vertex 5.92688 11.6437 3.22396
    endloop
  endfacet
  facet normal -0.111757 -0.993315 0.0289022
    outer loop
      vertex 6.1714 11.6072 2.91398
      vertex 5.92708 11.6437 3.2237
      vertex 6.06945 11.62 2.95968
    endloop
  endfacet
  facet normal -0.11078 -0.993402 0.029683
    outer loop
      vertex 5.92708 11.6437 3.2237
      vertex 6.1714 11.6072 2.91398
      vertex 6.66161 11.6072 4.74349
    endloop
  endfacet
  facet normal -0.895916 -0.373771 0.240061
    outer loop
      vertex 9.11309 9.6747 4.74349
      vertex 7.93222 9.85876 0.623011
      vertex 7.96191 9.70609 0.49611
    endloop
  endfacet
  facet normal -0.895899 -0.373818 0.240053
    outer loop
      vertex 7.93222 9.85876 0.623011
      vertex 9.11309 9.6747 4.74349
      vertex 9.03629 9.85876 4.74349
    endloop
  endfacet
  facet normal -0.895891 -0.373836 0.240053
    outer loop
      vertex 9.11309 9.6747 4.74349
      vertex 7.96191 9.70609 0.49611
      vertex 7.98604 9.44648 0.181873
    endloop
  endfacet
  facet normal -0.642719 -0.746494 0.172217
    outer loop
      vertex 7.31956 11.0014 1.97735
      vertex 8.44531 10.6703 4.74349
      vertex 8.06075 11.0014 4.74349
    endloop
  endfacet
  facet normal -0.642743 -0.74647 0.17223
    outer loop
      vertex 7.40827 10.9002 1.86979
      vertex 8.44531 10.6703 4.74349
      vertex 7.31956 11.0014 1.97735
    endloop
  endfacet
  facet normal -0.642699 -0.746513 0.172211
    outer loop
      vertex 8.44531 10.6703 4.74349
      vertex 7.40827 10.9002 1.86979
      vertex 7.59234 10.6703 1.56016
    endloop
  endfacet
  facet normal -0.39529 -0.912429 0.105918
    outer loop
      vertex 6.60063 11.4754 2.66216
      vertex 7.36814 11.3845 4.74349
      vertex 7.15832 11.4754 4.74349
    endloop
  endfacet
  facet normal -0.39526 -0.912444 0.105906
    outer loop
      vertex 6.72023 11.4146 2.5847
      vertex 7.36814 11.3845 4.74349
      vertex 6.60063 11.4754 2.66216
    endloop
  endfacet
  facet normal -0.395216 -0.912464 0.105892
    outer loop
      vertex 7.36814 11.3845 4.74349
      vertex 6.72023 11.4146 2.5847
      vertex 6.86989 11.3343 2.45133
    endloop
  endfacet
  facet normal 0.965926 0 -0.258819
    outer loop
      vertex 2.5175 3.25 4.18837
      vertex 2.44898 6.84626 3.93265
      vertex 2.5175 6.7165 4.18837
    endloop
  endfacet
  facet normal 0.965925 -1.2921e-07 -0.258821
    outer loop
      vertex 2.5175 3.25 4.18837
      vertex 1.75 8.20605 1.32404
      vertex 2.44898 6.84626 3.93265
    endloop
  endfacet
  facet normal 0.965925 -1.01511e-07 -0.258821
    outer loop
      vertex 1.6387 0 0.908669
      vertex 1.75 8.20605 1.32404
      vertex 2.5175 3.25 4.18837
    endloop
  endfacet
  facet normal 0.965935 -3.94034e-05 -0.258784
    outer loop
      vertex 1.6387 0 0.908669
      vertex 2.5175 3.25 4.18837
      vertex 2.51577 3.07023 4.18194
    endloop
  endfacet
  facet normal 0.966232 -8.13664e-05 -0.257674
    outer loop
      vertex 2.51057 2.85159 4.16251
      vertex 2.51577 3.07023 4.18194
      vertex 2.51524 3.01512 4.17997
    endloop
  endfacet
  facet normal 0.965919 3.01268e-05 -0.258845
    outer loop
      vertex 2.51577 3.07023 4.18194
      vertex 2.51057 2.85159 4.16251
      vertex 1.6387 0 0.908669
    endloop
  endfacet
  facet normal 0.966417 -0.000276492 -0.256977
    outer loop
      vertex 2.50318 2.66415 4.13492
      vertex 2.51057 2.85159 4.16251
      vertex 2.50833 2.77352 4.15417
    endloop
  endfacet
  facet normal 0.965922 1.63797e-05 -0.258834
    outer loop
      vertex 2.51057 2.85159 4.16251
      vertex 2.50318 2.66415 4.13492
      vertex 1.6387 0 0.908669
    endloop
  endfacet
  facet normal 0.966019 -0.000116041 -0.258471
    outer loop
      vertex 2.48985 2.41884 4.08521
      vertex 2.50318 2.66415 4.13492
      vertex 2.49627 2.51772 4.10916
    endloop
  endfacet
  facet normal 0.965935 -4.78207e-05 -0.258785
    outer loop
      vertex 2.50318 2.66415 4.13492
      vertex 2.48985 2.41884 4.08521
      vertex 1.6387 0 0.908669
    endloop
  endfacet
  facet normal 0.965883 6.30783e-05 -0.258979
    outer loop
      vertex 2.42619 1.74148 3.84762
      vertex 2.48985 2.41884 4.08521
      vertex 2.47815 2.23851 4.04153
    endloop
  endfacet
  facet normal 0.965936 -8.41833e-06 -0.25878
    outer loop
      vertex 2.44905 1.92154 3.93292
      vertex 2.47815 2.23851 4.04153
      vertex 2.46265 2.04855 3.98368
    endloop
  endfacet
  facet normal 0.965874 7.67667e-05 -0.259012
    outer loop
      vertex 2.42619 1.74148 3.84762
      vertex 2.47815 2.23851 4.04153
      vertex 2.44905 1.92154 3.93292
    endloop
  endfacet
  facet normal 0.965925 3.75379e-06 -0.258821
    outer loop
      vertex 2.48985 2.41884 4.08521
      vertex 2.42619 1.74148 3.84762
      vertex 1.6387 0 0.908669
    endloop
  endfacet
  facet normal 0.965924 1.14372e-05 -0.258826
    outer loop
      vertex 1.6387 0 0.908669
      vertex 2.42619 1.74148 3.84762
      vertex 2.40105 1.54339 3.75379
    endloop
  endfacet
  facet normal 0.965928 -1.952e-05 -0.25881
    outer loop
      vertex 1.6387 0 0.908669
      vertex 2.40105 1.54339 3.75379
      vertex 2.39423 1.49623 3.72834
    endloop
  endfacet
  facet normal 0.966009 -0.000217238 -0.258509
    outer loop
      vertex 2.31503 1.05754 3.43275
      vertex 2.39423 1.49623 3.72834
      vertex 2.38434 1.42785 3.69144
    endloop
  endfacet
  facet normal 0.965924 1.11453e-05 -0.258825
    outer loop
      vertex 2.39423 1.49623 3.72834
      vertex 2.31503 1.05754 3.43275
      vertex 1.6387 0 0.908669
    endloop
  endfacet
  facet normal 0.965932 -6.3766e-05 -0.258796
    outer loop
      vertex 1.6387 0 0.908669
      vertex 2.31503 1.05754 3.43275
      vertex 2.2952 0.961307 3.35876
    endloop
  endfacet
  facet normal 0.965924 1.9507e-05 -0.258826
    outer loop
      vertex 1.6387 0 0.908669
      vertex 2.2952 0.961307 3.35876
      vertex 2.1962 0.590466 2.98927
    endloop
  endfacet
  facet normal 0.965926 -1.55102e-05 -0.258817
    outer loop
      vertex 1.6387 0 0.908669
      vertex 2.1962 0.590466 2.98927
      vertex 2.09336 0.299505 2.60548
    endloop
  endfacet
  facet normal 0.966431 -0.00277901 -0.25691
    outer loop
      vertex 2.08684 0.283182 2.58113
      vertex 2.09336 0.299505 2.60548
      vertex 2.08842 0.286284 2.58704
    endloop
  endfacet
  facet normal 0.965909 0.000367506 -0.25888
    outer loop
      vertex 2.09336 0.299505 2.60548
      vertex 2.08684 0.283182 2.58113
      vertex 1.6387 0 0.908669
    endloop
  endfacet
  facet normal 0.965924 2.5847e-05 -0.258826
    outer loop
      vertex 1.6387 0 0.908669
      vertex 2.08684 0.283182 2.58113
      vertex 1.97305 0.0602684 2.15645
    endloop
  endfacet
  facet normal 0.965928 -0.000346011 -0.258809
    outer loop
      vertex 1.6387 0 0.908669
      vertex 1.97305 0.0602684 2.15645
      vertex 1.95376 0.0347121 2.08449
    endloop
  endfacet
  facet normal 0.965926 -2.03288e-05 -0.258818
    outer loop
      vertex 1.6387 0 0.908669
      vertex 1.95376 0.0347121 2.08449
      vertex 1.92757 0 1.98675
    endloop
  endfacet
  facet normal 0.965925 0 -0.258823
    outer loop
      vertex 1.75 8.20605 1.32404
      vertex 1.6387 0 0.908669
      vertex 1.6387 8.42771 0.908669
    endloop
  endfacet
  facet normal -0.255911 -0.964265 0.0685705
    outer loop
      vertex 6.30259 11.5682 2.85516
      vertex 6.66161 11.6072 4.74349
      vertex 6.1714 11.6072 2.91398
    endloop
  endfacet
  facet normal -0.25587 -0.964277 0.0685627
    outer loop
      vertex 6.66161 11.6072 4.74349
      vertex 6.30259 11.5682 2.85516
      vertex 6.93069 11.5358 4.74349
    endloop
  endfacet
  facet normal -0.25758 -0.96378 0.0691401
    outer loop
      vertex 6.93069 11.5358 4.74349
      vertex 6.30259 11.5682 2.85516
      vertex 6.31789 11.5634 2.84525
    endloop
  endfacet
  facet normal -0.255864 -0.964277 0.068579
    outer loop
      vertex 6.31789 11.5634 2.84525
      vertex 7.15832 11.4754 4.74349
      vertex 6.93069 11.5358 4.74349
    endloop
  endfacet
  facet normal -0.255755 -0.96431 0.0685293
    outer loop
      vertex 7.15832 11.4754 4.74349
      vertex 6.31789 11.5634 2.84525
      vertex 6.60063 11.4754 2.66216
    endloop
  endfacet
  facet normal -0.940521 -0.227836 0.252014
    outer loop
      vertex 9.34623 8.91278 4.74349
      vertex 7.99316 9.35006 0.0891262
      vertex 8 9.22324 0
    endloop
  endfacet
  facet normal -0.940519 -0.227847 0.252012
    outer loop
      vertex 9.34623 8.91278 4.74349
      vertex 8 9.22324 0
      vertex 7.96979 8.91278 -0.393435
    endloop
  endfacet
  facet normal -0.940519 -0.227845 0.252012
    outer loop
      vertex 7.99316 9.35006 0.0891262
      vertex 9.34623 8.91278 4.74349
      vertex 9.30002 9.10353 4.74349
    endloop
  endfacet
  facet normal 0.258728 0 0.96595
    outer loop
      vertex 7.88926 8.41667 -0.841162
      vertex 7.88164 8.42268 -0.839121
      vertex 7.88164 8.4202 -0.839121
    endloop
  endfacet
  facet normal -0.830315 -0.510956 0.222486
    outer loop
      vertex 9.03629 9.85876 4.74349
      vertex 7.79823 10.2865 1.1054
      vertex 7.84854 10.1504 0.980592
    endloop
  endfacet
  facet normal -0.830287 -0.511008 0.222473
    outer loop
      vertex 9.03629 9.85876 4.74349
      vertex 7.84854 10.1504 0.980592
      vertex 7.93222 9.85876 0.623011
    endloop
  endfacet
  facet normal -0.830308 -0.510969 0.222482
    outer loop
      vertex 7.79823 10.2865 1.1054
      vertex 9.03629 9.85876 4.74349
      vertex 8.77306 10.2865 4.74349
    endloop
  endfacet
  facet normal 0.258728 0 0.96595
    outer loop
      vertex 7.88926 8.41667 -0.841162
      vertex 7.88164 8.43259 -0.839121
      vertex 7.88164 8.42268 -0.839121
    endloop
  endfacet
  facet normal -0.525029 -0.839373 0.140705
    outer loop
      vertex 7.08869 11.1925 2.25634
      vertex 8.06075 11.0014 4.74349
      vertex 7.8737 11.1184 4.74349
    endloop
  endfacet
  facet normal -0.521296 -0.841972 0.139047
    outer loop
      vertex 7.09169 11.1902 2.25366
      vertex 8.06075 11.0014 4.74349
      vertex 7.08869 11.1925 2.25634
    endloop
  endfacet
  facet normal -0.524945 -0.839433 0.14066
    outer loop
      vertex 8.06075 11.0014 4.74349
      vertex 7.09169 11.1902 2.25366
      vertex 7.31956 11.0014 1.97735
    endloop
  endfacet
  facet normal 0.037091 -0.999262 -0.00993853
    outer loop
      vertex 5.42848 11.6452 3.97219
      vertex 5.8857 11.6545 4.74349
      vertex 5.63515 11.6452 4.74349
    endloop
  endfacet
  facet normal 0.0370097 -0.999266 -0.0098903
    outer loop
      vertex 5.60992 11.6544 3.72162
      vertex 5.8857 11.6545 4.74349
      vertex 5.42848 11.6452 3.97219
    endloop
  endfacet
  facet normal 0.0367628 -0.999276 -0.00982368
    outer loop
      vertex 5.8857 11.6545 4.74349
      vertex 5.60992 11.6544 3.72162
      vertex 5.65276 11.6567 3.64798
    endloop
  endfacet
  facet normal -0.963091 -0.0765592 0.258059
    outer loop
      vertex 9.38566 8.41667 4.74349
      vertex 7.96979 8.91278 -0.393435
      vertex 7.96191 8.66582 -0.49611
    endloop
  endfacet
  facet normal -0.963082 -0.0765939 0.258081
    outer loop
      vertex 7.88926 8.41667 -0.841162
      vertex 7.96191 8.66582 -0.49611
      vertex 7.88164 8.51936 -0.839121
    endloop
  endfacet
  facet normal -0.963091 -0.0765611 0.258059
    outer loop
      vertex 7.96191 8.66582 -0.49611
      vertex 7.88926 8.41667 -0.841162
      vertex 9.38566 8.41667 4.74349
    endloop
  endfacet
  facet normal -0.963092 -0.0765449 0.258061
    outer loop
      vertex 7.96979 8.91278 -0.393435
      vertex 9.38566 8.41667 4.74349
      vertex 9.34623 8.91278 4.74349
    endloop
  endfacet
  facet normal -0.940506 -0.227908 0.252005
    outer loop
      vertex 9.30002 9.10353 4.74349
      vertex 7.99061 9.39726 0.122296
      vertex 7.99316 9.35006 0.0891262
    endloop
  endfacet
  facet normal -0.940517 -0.227853 0.252012
    outer loop
      vertex 7.99061 9.39726 0.122296
      vertex 9.30002 9.10353 4.74349
      vertex 9.22886 9.39726 4.74349
    endloop
  endfacet
  facet normal -0.89592 -0.373761 0.240062
    outer loop
      vertex 9.22886 9.39726 4.74349
      vertex 7.98604 9.44648 0.181873
      vertex 7.99061 9.39726 0.122296
    endloop
  endfacet
  facet normal -0.895891 -0.373837 0.240053
    outer loop
      vertex 7.98604 9.44648 0.181873
      vertex 9.22886 9.39726 4.74349
      vertex 9.11309 9.6747 4.74349
    endloop
  endfacet
  facet normal 0.258728 0 0.96595
    outer loop
      vertex 7.88926 8.41667 -0.841162
      vertex 7.88164 8.51936 -0.839121
      vertex 7.88164 8.43259 -0.839121
    endloop
  endfacet
  facet normal -0.5249 -0.839463 0.140647
    outer loop
      vertex 6.98637 11.2718 2.34752
      vertex 7.8737 11.1184 4.74349
      vertex 7.62837 11.2718 4.74349
    endloop
  endfacet
  facet normal -0.525092 -0.83933 0.140727
    outer loop
      vertex 7.8737 11.1184 4.74349
      vertex 6.98637 11.2718 2.34752
      vertex 7.08869 11.1925 2.25634
    endloop
  endfacet
  facet normal -0.395176 -0.912482 0.105884
    outer loop
      vertex 6.86989 11.3343 2.45133
      vertex 7.62837 11.2718 4.74349
      vertex 7.36814 11.3845 4.74349
    endloop
  endfacet
  facet normal -0.395221 -0.912461 0.1059
    outer loop
      vertex 7.62837 11.2718 4.74349
      vertex 6.86989 11.3343 2.45133
      vertex 6.98637 11.2718 2.34752
    endloop
  endfacet
  facet normal 0.183823 -0.981725 -0.0492493
    outer loop
      vertex 5.078 11.5505 4.55149
      vertex 5.38205 11.5978 4.74349
      vertex 5.12944 11.5505 4.74349
    endloop
  endfacet
  facet normal 0.183811 -0.981728 -0.0492287
    outer loop
      vertex 5.22724 11.5897 4.32699
      vertex 5.38205 11.5978 4.74349
      vertex 5.078 11.5505 4.55149
    endloop
  endfacet
  facet normal 0.183891 -0.981712 -0.0492588
    outer loop
      vertex 5.38205 11.5978 4.74349
      vertex 5.22724 11.5897 4.32699
      vertex 5.23993 11.5932 4.30461
    endloop
  endfacet
  facet normal 0.326466 -0.941153 -0.0874657
    outer loop
      vertex 5.078 11.5505 4.55149
      vertex 5.12944 11.5505 4.74349
      vertex 4.97982 11.4986 4.74349
    endloop
  endfacet
  facet normal 0 -1 -0
    outer loop
      vertex 7.88164 0 -0.839121
      vertex 7.84854 0 -0.980592
      vertex 7.88926 0 -0.841162
    endloop
  endfacet
  facet normal 0 -1 0
    outer loop
      vertex 11.6388 0 3.13382
      vertex 12.5 0 3.45668
      vertex 9.04086 0 3.45668
    endloop
  endfacet
  facet normal -0 -1 0
    outer loop
      vertex 12.1273 0 3.22856
      vertex 12.5 0 3.45668
      vertex 11.6388 0 3.13382
    endloop
  endfacet
  facet normal 0 -1 0
    outer loop
      vertex 12.5 0 3.45668
      vertex 12.6245 0 3.24761
      vertex 12.5881 0 3.45253
    endloop
  endfacet
  facet normal 0 -1 0
    outer loop
      vertex 12.5881 0 3.45253
      vertex 12.6245 0 3.24761
      vertex 12.8416 0 3.44056
    endloop
  endfacet
  facet normal 0 -1 -0
    outer loop
      vertex 12.8416 0 3.44056
      vertex 12.6245 0 3.24761
      vertex 12.9098 0 3.43095
    endloop
  endfacet
  facet normal 0 -1 0
    outer loop
      vertex 13.1188 0 3.19055
      vertex 12.9098 0 3.43095
      vertex 12.6245 0 3.24761
    endloop
  endfacet
  facet normal 0 -1 0
    outer loop
      vertex 12.9098 0 3.43095
      vertex 13.1188 0 3.19055
      vertex 13.1908 0 3.39131
    endloop
  endfacet
  facet normal 0 -1 -0
    outer loop
      vertex 13.2163 0 3.38535
      vertex 13.1188 0 3.19055
      vertex 13.3303 0 3.35876
    endloop
  endfacet
  facet normal 0 -1 -0
    outer loop
      vertex 13.3303 0 3.35876
      vertex 13.1188 0 3.19055
      vertex 13.5018 0 3.30939
    endloop
  endfacet
  facet normal 0 -1 -0
    outer loop
      vertex 13.1908 0 3.39131
      vertex 13.1188 0 3.19055
      vertex 13.2163 0 3.38535
    endloop
  endfacet
  facet normal -0 -1 0
    outer loop
      vertex 12.6245 0 3.24761
      vertex 12.5 0 3.45668
      vertex 12.1273 0 3.22856
    endloop
  endfacet
  facet normal 0 -1 0
    outer loop
      vertex 9.04086 0 3.45668
      vertex 11.1705 0 2.96564
      vertex 11.6388 0 3.13382
    endloop
  endfacet
  facet normal 0 -1 0
    outer loop
      vertex 9.04086 0 3.45668
      vertex 10.7334 0 2.72794
      vertex 11.1705 0 2.96564
    endloop
  endfacet
  facet normal 0 -1 0
    outer loop
      vertex 9.04086 0 3.45668
      vertex 10.3377 0 2.4263
      vertex 10.7334 0 2.72794
    endloop
  endfacet
  facet normal 0 -1 0
    outer loop
      vertex 9.04086 0 3.45668
      vertex 9.99266 0 2.06779
      vertex 10.3377 0 2.4263
    endloop
  endfacet
  facet normal 0 -1 0
    outer loop
      vertex 9.04086 0 3.45668
      vertex 9.7064 0 1.66081
      vertex 9.99266 0 2.06779
    endloop
  endfacet
  facet normal 0 -1 0
    outer loop
      vertex 9.04086 0 3.45668
      vertex 9.48562 0 1.2149
      vertex 9.7064 0 1.66081
    endloop
  endfacet
  facet normal 0 -1 0
    outer loop
      vertex 9.04086 0 3.45668
      vertex 9.33549 0 0.740523
      vertex 9.48562 0 1.2149
    endloop
  endfacet
  facet normal 0 -1 0
    outer loop
      vertex 7.88926 0 -0.841162
      vertex 9.33549 0 0.740523
      vertex 9.04086 0 3.45668
    endloop
  endfacet
  facet normal 0 -1 0
    outer loop
      vertex 9.33549 0 0.740523
      vertex 7.88926 0 -0.841162
      vertex 9.25954 0 0.248785
    endloop
  endfacet
  facet normal 0 -1 -0
    outer loop
      vertex 9.25954 0 0.248785
      vertex 7.88926 0 -0.841162
      vertex 9.25954 0 -0.248785
    endloop
  endfacet
  facet normal 0 -1 0
    outer loop
      vertex 7.88926 0 -0.841162
      vertex 9.33549 0 -0.740523
      vertex 9.25954 0 -0.248785
    endloop
  endfacet
  facet normal 0 -1 0
    outer loop
      vertex 7.84854 0 -0.980592
      vertex 9.33549 0 -0.740523
      vertex 7.88926 0 -0.841162
    endloop
  endfacet
  facet normal 0 -1 0
    outer loop
      vertex 7.84854 0 -0.980592
      vertex 9.48562 0 -1.2149
      vertex 9.33549 0 -0.740523
    endloop
  endfacet
  facet normal 0 -1 0
    outer loop
      vertex 7.66254 0 -1.44209
      vertex 9.48562 0 -1.2149
      vertex 7.84854 0 -0.980592
    endloop
  endfacet
  facet normal 0 -1 0
    outer loop
      vertex 7.66254 0 -1.44209
      vertex 9.7064 0 -1.66081
      vertex 9.48562 0 -1.2149
    endloop
  endfacet
  facet normal 0 -1 0
    outer loop
      vertex 7.40827 0 -1.86979
      vertex 9.7064 0 -1.66081
      vertex 7.66254 0 -1.44209
    endloop
  endfacet
  facet normal 0 -1 0
    outer loop
      vertex 7.40827 0 -1.86979
      vertex 9.99266 0 -2.06779
      vertex 9.7064 0 -1.66081
    endloop
  endfacet
  facet normal 0 -1 0
    outer loop
      vertex 7.09169 0 -2.25366
      vertex 9.99266 0 -2.06779
      vertex 7.40827 0 -1.86979
    endloop
  endfacet
  facet normal 0 -1 0
    outer loop
      vertex 7.09169 0 -2.25366
      vertex 10.3377 0 -2.4263
      vertex 9.99266 0 -2.06779
    endloop
  endfacet
  facet normal 0 -1 0
    outer loop
      vertex 6.72023 0 -2.5847
      vertex 10.3377 0 -2.4263
      vertex 7.09169 0 -2.25366
    endloop
  endfacet
  facet normal 0 -1 0
    outer loop
      vertex 6.72023 0 -2.5847
      vertex 10.7334 0 -2.72794
      vertex 10.3377 0 -2.4263
    endloop
  endfacet
  facet normal 0 -1 0
    outer loop
      vertex 6.30259 0 -2.85516
      vertex 10.7334 0 -2.72794
      vertex 6.72023 0 -2.5847
    endloop
  endfacet
  facet normal 0 -1 0
    outer loop
      vertex 6.30259 0 -2.85516
      vertex 11.1705 0 -2.96564
      vertex 10.7334 0 -2.72794
    endloop
  endfacet
  facet normal 0 -1 0
    outer loop
      vertex 5.84855 0 -3.0587
      vertex 11.1705 0 -2.96564
      vertex 6.30259 0 -2.85516
    endloop
  endfacet
  facet normal 0 -1 0
    outer loop
      vertex 5.84855 0 -3.0587
      vertex 11.6388 0 -3.13382
      vertex 11.1705 0 -2.96564
    endloop
  endfacet
  facet normal 0 -1 0
    outer loop
      vertex 4.75 0 -3.45668
      vertex 5.84855 0 -3.0587
      vertex 5.36877 0 -3.19055
    endloop
  endfacet
  facet normal 0 -1 -0
    outer loop
      vertex 5.84855 0 -3.0587
      vertex 4.75 0 -3.45668
      vertex 11.6388 0 -3.13382
    endloop
  endfacet
  facet normal 0 -1 0
    outer loop
      vertex 4.75 0 -3.45668
      vertex 5.36877 0 -3.19055
      vertex 4.87448 0 -3.24761
    endloop
  endfacet
  facet normal 0 -1 -0
    outer loop
      vertex 11.6388 0 -3.13382
      vertex 4.75 0 -3.45668
      vertex 12.5 0 -3.45668
    endloop
  endfacet
  facet normal 0 -1 0
    outer loop
      vertex 13.5986 0 3.0587
      vertex 13.5018 0 3.30939
      vertex 13.1188 0 3.19055
    endloop
  endfacet
  facet normal 0 -1 0
    outer loop
      vertex 13.5018 0 3.30939
      vertex 13.5986 0 3.0587
      vertex 13.556 0 3.29379
    endloop
  endfacet
  facet normal 0 -1 0
    outer loop
      vertex 13.556 0 3.29379
      vertex 13.5986 0 3.0587
      vertex 13.6828 0 3.24324
    endloop
  endfacet
  facet normal 0 -1 -0
    outer loop
      vertex 13.6828 0 3.24324
      vertex 13.5986 0 3.0587
      vertex 13.947 0 3.13796
    endloop
  endfacet
  facet normal 0 -1 0
    outer loop
      vertex 14.0526 0 2.85516
      vertex 13.947 0 3.13796
      vertex 13.5986 0 3.0587
    endloop
  endfacet
  facet normal 0 -1 0
    outer loop
      vertex 13.947 0 3.13796
      vertex 14.0526 0 2.85516
      vertex 14.0484 0 3.08676
    endloop
  endfacet
  facet normal 0 -1 0
    outer loop
      vertex 14.0484 0 3.08676
      vertex 14.0526 0 2.85516
      vertex 14.2415 0 2.98927
    endloop
  endfacet
  facet normal 0 -1 -0
    outer loop
      vertex 14.2415 0 2.98927
      vertex 14.0526 0 2.85516
      vertex 14.3764 0 2.90485
    endloop
  endfacet
  facet normal 0 -1 0
    outer loop
      vertex 14.4702 0 2.5847
      vertex 14.3764 0 2.90485
      vertex 14.0526 0 2.85516
    endloop
  endfacet
  facet normal 0 -1 0
    outer loop
      vertex 14.3764 0 2.90485
      vertex 14.4702 0 2.5847
      vertex 14.7998 0 2.58704
    endloop
  endfacet
  facet normal 0 -1 0
    outer loop
      vertex 14.8417 0 2.25366
      vertex 14.7998 0 2.58704
      vertex 14.4702 0 2.5847
    endloop
  endfacet
  facet normal 0 -1 0
    outer loop
      vertex 14.7998 0 2.58704
      vertex 14.8417 0 2.25366
      vertex 14.8277 0 2.56063
    endloop
  endfacet
  facet normal 0 -1 0
    outer loop
      vertex 14.8277 0 2.56063
      vertex 14.8417 0 2.25366
      vertex 14.8613 0 2.52895
    endloop
  endfacet
  facet normal 0 -1 -0
    outer loop
      vertex 14.8613 0 2.52895
      vertex 14.8417 0 2.25366
      vertex 15.0545 0 2.31807
    endloop
  endfacet
  facet normal 0 -1 0
    outer loop
      vertex 14.8417 0 2.25366
      vertex 15.2025 0 2.15645
      vertex 15.0545 0 2.31807
    endloop
  endfacet
  facet normal 0 -1 0
    outer loop
      vertex 15.1583 0 1.86979
      vertex 15.2025 0 2.15645
      vertex 14.8417 0 2.25366
    endloop
  endfacet
  facet normal 0 -1 -0
    outer loop
      vertex 15.2025 0 2.15645
      vertex 15.1583 0 1.86979
      vertex 15.2785 0 2.04885
    endloop
  endfacet
  facet normal 0 -1 0
    outer loop
      vertex 15.1583 0 1.86979
      vertex 15.4263 0 1.83971
      vertex 15.2785 0 2.04885
    endloop
  endfacet
  facet normal 0 -1 0
    outer loop
      vertex 15.1583 0 1.86979
      vertex 15.5127 0 1.70225
      vertex 15.4263 0 1.83971
    endloop
  endfacet
  facet normal 0 -1 0
    outer loop
      vertex 15.4125 0 1.44209
      vertex 15.5127 0 1.70225
      vertex 15.1583 0 1.86979
    endloop
  endfacet
  facet normal 0 -1 0
    outer loop
      vertex 15.4125 0 1.44209
      vertex 15.7297 0 1.22939
      vertex 15.5127 0 1.70225
    endloop
  endfacet
  facet normal 0 -1 0
    outer loop
      vertex 15.5985 0 0.980592
      vertex 15.7297 0 1.22939
      vertex 15.4125 0 1.44209
    endloop
  endfacet
  facet normal 0 -1 0
    outer loop
      vertex 15.5985 0 0.980592
      vertex 15.8757 0 0.743063
      vertex 15.7297 0 1.22939
    endloop
  endfacet
  facet normal 0 -1 0
    outer loop
      vertex 15.7119 0 0.49611
      vertex 15.8757 0 0.743063
      vertex 15.5985 0 0.980592
    endloop
  endfacet
  facet normal 0 -1 0
    outer loop
      vertex 15.7119 0 0.49611
      vertex 15.9491 0 0.248595
      vertex 15.8757 0 0.743063
    endloop
  endfacet
  facet normal 0 -1 0
    outer loop
      vertex 15.75 0 0
      vertex 15.9491 0 0.248595
      vertex 15.7119 0 0.49611
    endloop
  endfacet
  facet normal 0 -1 0
    outer loop
      vertex 15.75 0 0
      vertex 15.9491 0 -0.248595
      vertex 15.9491 0 0.248595
    endloop
  endfacet
  facet normal 0 -1 0
    outer loop
      vertex 15.7119 0 -0.49611
      vertex 15.9491 0 -0.248595
      vertex 15.75 0 0
    endloop
  endfacet
  facet normal 0 -1 0
    outer loop
      vertex 15.7119 0 -0.49611
      vertex 15.8757 0 -0.743063
      vertex 15.9491 0 -0.248595
    endloop
  endfacet
  facet normal 0 -1 0
    outer loop
      vertex 15.5985 0 -0.980592
      vertex 15.8757 0 -0.743063
      vertex 15.7119 0 -0.49611
    endloop
  endfacet
  facet normal 0 -1 0
    outer loop
      vertex 15.5985 0 -0.980592
      vertex 15.7297 0 -1.22939
      vertex 15.8757 0 -0.743063
    endloop
  endfacet
  facet normal 0 -1 0
    outer loop
      vertex 15.4125 0 -1.44209
      vertex 15.7297 0 -1.22939
      vertex 15.5985 0 -0.980592
    endloop
  endfacet
  facet normal 0 -1 0
    outer loop
      vertex 15.4125 0 -1.44209
      vertex 15.5127 0 -1.70225
      vertex 15.7297 0 -1.22939
    endloop
  endfacet
  facet normal 0 -1 0
    outer loop
      vertex 15.4125 0 -1.44209
      vertex 15.4263 0 -1.83971
      vertex 15.5127 0 -1.70225
    endloop
  endfacet
  facet normal 0 -1 0
    outer loop
      vertex 15.1583 0 -1.86979
      vertex 15.4263 0 -1.83971
      vertex 15.4125 0 -1.44209
    endloop
  endfacet
  facet normal 0 -1 0
    outer loop
      vertex 15.1583 0 -1.86979
      vertex 15.2785 0 -2.04885
      vertex 15.4263 0 -1.83971
    endloop
  endfacet
  facet normal 0 -1 0
    outer loop
      vertex 15.1583 0 -1.86979
      vertex 15.2025 0 -2.15645
      vertex 15.2785 0 -2.04885
    endloop
  endfacet
  facet normal 0 -1 0
    outer loop
      vertex 14.8417 0 -2.25366
      vertex 15.2025 0 -2.15645
      vertex 15.1583 0 -1.86979
    endloop
  endfacet
  facet normal 0 -1 0
    outer loop
      vertex 14.8417 0 -2.25366
      vertex 15.0545 0 -2.31807
      vertex 15.2025 0 -2.15645
    endloop
  endfacet
  facet normal 0 -1 0
    outer loop
      vertex 14.8417 0 -2.25366
      vertex 14.8613 0 -2.52895
      vertex 15.0545 0 -2.31807
    endloop
  endfacet
  facet normal 0 -1 -0
    outer loop
      vertex 14.8417 0 -2.25366
      vertex 14.8277 0 -2.56063
      vertex 14.8613 0 -2.52895
    endloop
  endfacet
  facet normal 0 -1 0
    outer loop
      vertex 14.7998 0 -2.58704
      vertex 14.8417 0 -2.25366
      vertex 14.4702 0 -2.5847
    endloop
  endfacet
  facet normal 0 -1 0
    outer loop
      vertex 14.8417 0 -2.25366
      vertex 14.7998 0 -2.58704
      vertex 14.8277 0 -2.56063
    endloop
  endfacet
  facet normal 0 -1 0
    outer loop
      vertex 14.3764 0 -2.90485
      vertex 14.4702 0 -2.5847
      vertex 14.0526 0 -2.85516
    endloop
  endfacet
  facet normal 0 -1 -0
    outer loop
      vertex 14.4702 0 -2.5847
      vertex 14.3764 0 -2.90485
      vertex 14.7998 0 -2.58704
    endloop
  endfacet
  facet normal 0 -1 0
    outer loop
      vertex 14.0526 0 -2.85516
      vertex 14.2415 0 -2.98927
      vertex 14.3764 0 -2.90485
    endloop
  endfacet
  facet normal 0 -1 0
    outer loop
      vertex 13.947 0 -3.13796
      vertex 14.0526 0 -2.85516
      vertex 13.5986 0 -3.0587
    endloop
  endfacet
  facet normal 0 -1 -0
    outer loop
      vertex 14.0526 0 -2.85516
      vertex 14.0484 0 -3.08676
      vertex 14.2415 0 -2.98927
    endloop
  endfacet
  facet normal 0 -1 0
    outer loop
      vertex 14.0526 0 -2.85516
      vertex 13.947 0 -3.13796
      vertex 14.0484 0 -3.08676
    endloop
  endfacet
  facet normal 0 -1 0
    outer loop
      vertex 13.5018 0 -3.30939
      vertex 13.5986 0 -3.0587
      vertex 13.1188 0 -3.19055
    endloop
  endfacet
  facet normal 0 -1 0
    outer loop
      vertex 13.5986 0 -3.0587
      vertex 13.6828 0 -3.24324
      vertex 13.947 0 -3.13796
    endloop
  endfacet
  facet normal 0 -1 0
    outer loop
      vertex 12.9098 0 -3.43095
      vertex 13.1188 0 -3.19055
      vertex 12.6245 0 -3.24761
    endloop
  endfacet
  facet normal 0 -1 0
    outer loop
      vertex 11.6388 0 -3.13382
      vertex 12.5 0 -3.45668
      vertex 12.1273 0 -3.22856
    endloop
  endfacet
  facet normal 0 -1 0
    outer loop
      vertex 12.1273 0 -3.22856
      vertex 12.5 0 -3.45668
      vertex 12.6245 0 -3.24761
    endloop
  endfacet
  facet normal 0 -1 0
    outer loop
      vertex 4.66193 0 -3.45253
      vertex 3.69401 0 -3.29379
      vertex 3.74821 0 -3.30939
    endloop
  endfacet
  facet normal -0 -1 0
    outer loop
      vertex 12.5881 0 -3.45253
      vertex 12.6245 0 -3.24761
      vertex 12.5 0 -3.45668
    endloop
  endfacet
  facet normal 0 -1 0
    outer loop
      vertex 4.34023 0 -3.43095
      vertex 3.74821 0 -3.30939
      vertex 3.91971 0 -3.35876
    endloop
  endfacet
  facet normal -0 -1 0
    outer loop
      vertex 12.8416 0 -3.44056
      vertex 12.6245 0 -3.24761
      vertex 12.5881 0 -3.45253
    endloop
  endfacet
  facet normal 0 -1 0
    outer loop
      vertex 4.34023 0 -3.43095
      vertex 3.91971 0 -3.35876
      vertex 4.03366 0 -3.38535
    endloop
  endfacet
  facet normal 0 -1 -0
    outer loop
      vertex 13.1188 0 -3.19055
      vertex 12.9098 0 -3.43095
      vertex 13.1908 0 -3.39131
    endloop
  endfacet
  facet normal 0 -1 0
    outer loop
      vertex 4.34023 0 -3.43095
      vertex 4.03366 0 -3.38535
      vertex 4.05919 0 -3.39131
    endloop
  endfacet
  facet normal 0 -1 -0
    outer loop
      vertex 13.5986 0 -3.0587
      vertex 13.556 0 -3.29379
      vertex 13.6828 0 -3.24324
    endloop
  endfacet
  facet normal 0 -1 0
    outer loop
      vertex 3.74821 0 -3.30939
      vertex 4.34023 0 -3.43095
      vertex 4.66193 0 -3.45253
    endloop
  endfacet
  facet normal 0 -1 0
    outer loop
      vertex 13.5986 0 -3.0587
      vertex 13.5018 0 -3.30939
      vertex 13.556 0 -3.29379
    endloop
  endfacet
  facet normal 0 -1 0
    outer loop
      vertex 4.66193 0 -3.45253
      vertex 4.34023 0 -3.43095
      vertex 4.40841 0 -3.44056
    endloop
  endfacet
  facet normal 0 -1 0
    outer loop
      vertex 3.69401 0 -3.29379
      vertex 4.66193 0 -3.45253
      vertex 4.75 0 -3.45668
    endloop
  endfacet
  facet normal 0 -1 0
    outer loop
      vertex 13.1188 0 -3.19055
      vertex 13.3303 0 -3.35876
      vertex 13.5018 0 -3.30939
    endloop
  endfacet
  facet normal 0 -1 0
    outer loop
      vertex 12.6245 0 -3.24761
      vertex 12.8416 0 -3.44056
      vertex 12.9098 0 -3.43095
    endloop
  endfacet
  facet normal 0 -1 0
    outer loop
      vertex 13.1188 0 -3.19055
      vertex 13.2163 0 -3.38535
      vertex 13.3303 0 -3.35876
    endloop
  endfacet
  facet normal 0 -1 0
    outer loop
      vertex 13.1188 0 -3.19055
      vertex 13.1908 0 -3.39131
      vertex 13.2163 0 -3.38535
    endloop
  endfacet
  facet normal 0 -1 0
    outer loop
      vertex 1.6387 0 0.908669
      vertex 1.82369 0 1.83971
      vertex 1.73725 0 1.70225
    endloop
  endfacet
  facet normal 0 -1 0
    outer loop
      vertex 1.6387 0 0.908669
      vertex 1.73725 0 1.70225
      vertex 1.52027 0 1.22939
    endloop
  endfacet
  facet normal 0 -1 -0
    outer loop
      vertex 1.82369 0 1.83971
      vertex 1.6387 0 0.908669
      vertex 1.92757 0 1.98675
    endloop
  endfacet
  facet normal 0 -1 0
    outer loop
      vertex 1.37428 0 0.743063
      vertex 1.6387 0 0.908669
      vertex 1.52027 0 1.22939
    endloop
  endfacet
  facet normal 0 -1 0
    outer loop
      vertex 1.37428 0 0.743063
      vertex 1.58549 0 0.740523
      vertex 1.6387 0 0.908669
    endloop
  endfacet
  facet normal 0 -1 0
    outer loop
      vertex 1.37428 0 0.743063
      vertex 1.50954 0 0.248785
      vertex 1.58549 0 0.740523
    endloop
  endfacet
  facet normal 0 -1 0
    outer loop
      vertex 1.30088 0 0.248595
      vertex 1.50954 0 0.248785
      vertex 1.37428 0 0.743063
    endloop
  endfacet
  facet normal 0 -1 0
    outer loop
      vertex 1.30088 0 -0.248595
      vertex 1.50954 0 0.248785
      vertex 1.30088 0 0.248595
    endloop
  endfacet
  facet normal 0 -1 0
    outer loop
      vertex 1.30088 0 -0.248595
      vertex 1.50954 0 -0.248785
      vertex 1.50954 0 0.248785
    endloop
  endfacet
  facet normal 0 -1 0
    outer loop
      vertex 1.37428 0 -0.743063
      vertex 1.50954 0 -0.248785
      vertex 1.30088 0 -0.248595
    endloop
  endfacet
  facet normal 0 -1 -0
    outer loop
      vertex 1.50954 0 -0.248785
      vertex 1.37428 0 -0.743063
      vertex 1.58549 0 -0.740523
    endloop
  endfacet
  facet normal 0 -1 0
    outer loop
      vertex 1.52027 0 -1.22939
      vertex 1.58549 0 -0.740523
      vertex 1.37428 0 -0.743063
    endloop
  endfacet
  facet normal 0 -1 -0
    outer loop
      vertex 1.58549 0 -0.740523
      vertex 1.52027 0 -1.22939
      vertex 1.73562 0 -1.2149
    endloop
  endfacet
  facet normal 0 -1 0
    outer loop
      vertex 1.73725 0 -1.70225
      vertex 1.73562 0 -1.2149
      vertex 1.52027 0 -1.22939
    endloop
  endfacet
  facet normal 0 -1 0
    outer loop
      vertex 1.73562 0 -1.2149
      vertex 1.73725 0 -1.70225
      vertex 1.9564 0 -1.66081
    endloop
  endfacet
  facet normal 0 -1 0
    outer loop
      vertex 1.82369 0 -1.83971
      vertex 1.9564 0 -1.66081
      vertex 1.73725 0 -1.70225
    endloop
  endfacet
  facet normal 0 -1 0
    outer loop
      vertex 1.97145 0 -2.04885
      vertex 1.9564 0 -1.66081
      vertex 1.82369 0 -1.83971
    endloop
  endfacet
  facet normal 0 -1 0
    outer loop
      vertex 1.97145 0 -2.04885
      vertex 2.24266 0 -2.06779
      vertex 1.9564 0 -1.66081
    endloop
  endfacet
  facet normal 0 -1 0
    outer loop
      vertex 2.04747 0 -2.15645
      vertex 2.24266 0 -2.06779
      vertex 1.97145 0 -2.04885
    endloop
  endfacet
  facet normal 0 -1 0
    outer loop
      vertex 2.19554 0 -2.31807
      vertex 2.24266 0 -2.06779
      vertex 2.04747 0 -2.15645
    endloop
  endfacet
  facet normal 0 -1 0
    outer loop
      vertex 2.19554 0 -2.31807
      vertex 2.58769 0 -2.4263
      vertex 2.24266 0 -2.06779
    endloop
  endfacet
  facet normal 0 -1 0
    outer loop
      vertex 2.38874 0 -2.52895
      vertex 2.58769 0 -2.4263
      vertex 2.19554 0 -2.31807
    endloop
  endfacet
  facet normal 0 -1 0
    outer loop
      vertex 2.42227 0 -2.56063
      vertex 2.58769 0 -2.4263
      vertex 2.38874 0 -2.52895
    endloop
  endfacet
  facet normal 0 -1 0
    outer loop
      vertex 2.45022 0 -2.58704
      vertex 2.58769 0 -2.4263
      vertex 2.42227 0 -2.56063
    endloop
  endfacet
  facet normal 0 -1 0
    outer loop
      vertex 2.45022 0 -2.58704
      vertex 2.98341 0 -2.72794
      vertex 2.58769 0 -2.4263
    endloop
  endfacet
  facet normal 0 -1 0
    outer loop
      vertex 2.87361 0 -2.90485
      vertex 2.98341 0 -2.72794
      vertex 2.45022 0 -2.58704
    endloop
  endfacet
  facet normal 0 -1 0
    outer loop
      vertex 3.00852 0 -2.98927
      vertex 2.98341 0 -2.72794
      vertex 2.87361 0 -2.90485
    endloop
  endfacet
  facet normal 0 -1 0
    outer loop
      vertex 2.98341 0 -2.72794
      vertex 3.00852 0 -2.98927
      vertex 3.42053 0 -2.96564
    endloop
  endfacet
  facet normal 0 -1 0
    outer loop
      vertex 3.20161 0 -3.08676
      vertex 3.42053 0 -2.96564
      vertex 3.00852 0 -2.98927
    endloop
  endfacet
  facet normal 0 -1 0
    outer loop
      vertex 3.30301 0 -3.13796
      vertex 3.42053 0 -2.96564
      vertex 3.20161 0 -3.08676
    endloop
  endfacet
  facet normal 0 -1 0
    outer loop
      vertex 3.56716 0 -3.24324
      vertex 3.42053 0 -2.96564
      vertex 3.30301 0 -3.13796
    endloop
  endfacet
  facet normal 0 -1 0
    outer loop
      vertex 3.42053 0 -2.96564
      vertex 3.56716 0 -3.24324
      vertex 3.88881 0 -3.13382
    endloop
  endfacet
  facet normal 0 -1 0
    outer loop
      vertex 3.69401 0 -3.29379
      vertex 3.88881 0 -3.13382
      vertex 3.56716 0 -3.24324
    endloop
  endfacet
  facet normal 0 -1 -0
    outer loop
      vertex 3.88881 0 -3.13382
      vertex 3.69401 0 -3.29379
      vertex 4.37728 0 -3.22856
    endloop
  endfacet
  facet normal 0 -1 0
    outer loop
      vertex 4.37728 0 -3.22856
      vertex 4.75 0 -3.45668
      vertex 4.87448 0 -3.24761
    endloop
  endfacet
  facet normal 0 -1 0
    outer loop
      vertex 4.75 0 -3.45668
      vertex 4.37728 0 -3.22856
      vertex 3.69401 0 -3.29379
    endloop
  endfacet
  facet normal 0 1 0
    outer loop
      vertex 12.5 20.75 3.45668
      vertex 11.6388 20.75 3.13382
      vertex 4.75 20.75 3.45668
    endloop
  endfacet
  facet normal 0 1 0
    outer loop
      vertex 4.75 20.75 3.45668
      vertex 5.36877 20.75 3.19055
      vertex 4.87448 20.75 3.24761
    endloop
  endfacet
  facet normal 0 1 -0
    outer loop
      vertex 5.84855 20.75 3.0587
      vertex 4.75 20.75 3.45668
      vertex 11.6388 20.75 3.13382
    endloop
  endfacet
  facet normal 0 1 0
    outer loop
      vertex 4.75 20.75 3.45668
      vertex 5.84855 20.75 3.0587
      vertex 5.36877 20.75 3.19055
    endloop
  endfacet
  facet normal 0 1 -0
    outer loop
      vertex 11.1705 20.75 2.96564
      vertex 5.84855 20.75 3.0587
      vertex 11.6388 20.75 3.13382
    endloop
  endfacet
  facet normal 0 1 0
    outer loop
      vertex 11.1705 20.75 2.96564
      vertex 6.30259 20.75 2.85516
      vertex 5.84855 20.75 3.0587
    endloop
  endfacet
  facet normal 0 1 -0
    outer loop
      vertex 10.7334 20.75 2.72794
      vertex 6.30259 20.75 2.85516
      vertex 11.1705 20.75 2.96564
    endloop
  endfacet
  facet normal 0 1 0
    outer loop
      vertex 10.7334 20.75 2.72794
      vertex 6.72023 20.75 2.5847
      vertex 6.30259 20.75 2.85516
    endloop
  endfacet
  facet normal 0 1 -0
    outer loop
      vertex 10.3377 20.75 2.4263
      vertex 6.72023 20.75 2.5847
      vertex 10.7334 20.75 2.72794
    endloop
  endfacet
  facet normal 0 1 0
    outer loop
      vertex 10.3377 20.75 2.4263
      vertex 7.09169 20.75 2.25366
      vertex 6.72023 20.75 2.5847
    endloop
  endfacet
  facet normal 0 1 -0
    outer loop
      vertex 9.99266 20.75 2.06779
      vertex 7.09169 20.75 2.25366
      vertex 10.3377 20.75 2.4263
    endloop
  endfacet
  facet normal 0 1 0
    outer loop
      vertex 9.99266 20.75 2.06779
      vertex 7.40827 20.75 1.86979
      vertex 7.09169 20.75 2.25366
    endloop
  endfacet
  facet normal 0 1 -0
    outer loop
      vertex 9.7064 20.75 1.66081
      vertex 7.40827 20.75 1.86979
      vertex 9.99266 20.75 2.06779
    endloop
  endfacet
  facet normal 0 1 0
    outer loop
      vertex 9.7064 20.75 1.66081
      vertex 7.66254 20.75 1.44209
      vertex 7.40827 20.75 1.86979
    endloop
  endfacet
  facet normal 0 1 -0
    outer loop
      vertex 9.48562 20.75 1.2149
      vertex 7.66254 20.75 1.44209
      vertex 9.7064 20.75 1.66081
    endloop
  endfacet
  facet normal 0 1 0
    outer loop
      vertex 9.48562 20.75 1.2149
      vertex 7.84854 20.75 0.980592
      vertex 7.66254 20.75 1.44209
    endloop
  endfacet
  facet normal 0 1 -0
    outer loop
      vertex 9.33549 20.75 0.740523
      vertex 7.84854 20.75 0.980592
      vertex 9.48562 20.75 1.2149
    endloop
  endfacet
  facet normal 0 1 0
    outer loop
      vertex 7.84854 20.75 0.980592
      vertex 9.33549 20.75 0.740523
      vertex 7.88926 20.75 0.841162
    endloop
  endfacet
  facet normal 0 1 -0
    outer loop
      vertex 9.25954 20.75 0.248785
      vertex 7.88926 20.75 0.841162
      vertex 9.33549 20.75 0.740523
    endloop
  endfacet
  facet normal 0 1 -0
    outer loop
      vertex 9.25954 20.75 -0.248785
      vertex 7.88926 20.75 0.841162
      vertex 9.25954 20.75 0.248785
    endloop
  endfacet
  facet normal 0 1 0
    outer loop
      vertex 9.33549 20.75 -0.740523
      vertex 7.88926 20.75 0.841162
      vertex 9.25954 20.75 -0.248785
    endloop
  endfacet
  facet normal 0 1 0
    outer loop
      vertex 9.04086 20.75 -3.45668
      vertex 9.33549 20.75 -0.740523
      vertex 9.48562 20.75 -1.2149
    endloop
  endfacet
  facet normal 0 1 0
    outer loop
      vertex 9.04086 20.75 -3.45668
      vertex 9.48562 20.75 -1.2149
      vertex 9.7064 20.75 -1.66081
    endloop
  endfacet
  facet normal 0 1 0
    outer loop
      vertex 9.04086 20.75 -3.45668
      vertex 9.7064 20.75 -1.66081
      vertex 9.99266 20.75 -2.06779
    endloop
  endfacet
  facet normal 0 1 -0
    outer loop
      vertex 13.3303 20.75 -3.35876
      vertex 13.1188 20.75 -3.19055
      vertex 13.5018 20.75 -3.30939
    endloop
  endfacet
  facet normal 0 1 -0
    outer loop
      vertex 13.2163 20.75 -3.38535
      vertex 13.1188 20.75 -3.19055
      vertex 13.3303 20.75 -3.35876
    endloop
  endfacet
  facet normal 0 1 -0
    outer loop
      vertex 13.1908 20.75 -3.39131
      vertex 13.1188 20.75 -3.19055
      vertex 13.2163 20.75 -3.38535
    endloop
  endfacet
  facet normal 0 1 0
    outer loop
      vertex 12.9098 20.75 -3.43095
      vertex 13.1188 20.75 -3.19055
      vertex 13.1908 20.75 -3.39131
    endloop
  endfacet
  facet normal 0 1 0
    outer loop
      vertex 13.1188 20.75 -3.19055
      vertex 12.9098 20.75 -3.43095
      vertex 12.6245 20.75 -3.24761
    endloop
  endfacet
  facet normal 0 1 -0
    outer loop
      vertex 12.8416 20.75 -3.44056
      vertex 12.6245 20.75 -3.24761
      vertex 12.9098 20.75 -3.43095
    endloop
  endfacet
  facet normal 0 1 0
    outer loop
      vertex 12.5881 20.75 -3.45253
      vertex 12.6245 20.75 -3.24761
      vertex 12.8416 20.75 -3.44056
    endloop
  endfacet
  facet normal 0 1 0
    outer loop
      vertex 12.5 20.75 -3.45668
      vertex 12.6245 20.75 -3.24761
      vertex 12.5881 20.75 -3.45253
    endloop
  endfacet
  facet normal 0 1 0
    outer loop
      vertex 12.6245 20.75 -3.24761
      vertex 12.5 20.75 -3.45668
      vertex 12.1273 20.75 -3.22856
    endloop
  endfacet
  facet normal 0 1 0
    outer loop
      vertex 12.1273 20.75 -3.22856
      vertex 12.5 20.75 -3.45668
      vertex 11.6388 20.75 -3.13382
    endloop
  endfacet
  facet normal 0 1 0
    outer loop
      vertex 9.04086 20.75 -3.45668
      vertex 11.6388 20.75 -3.13382
      vertex 12.5 20.75 -3.45668
    endloop
  endfacet
  facet normal 0 1 0
    outer loop
      vertex 9.33549 20.75 -0.740523
      vertex 9.04086 20.75 -3.45668
      vertex 7.88926 20.75 0.841162
    endloop
  endfacet
  facet normal 0 1 0
    outer loop
      vertex 10.3377 20.75 -2.4263
      vertex 9.04086 20.75 -3.45668
      vertex 9.99266 20.75 -2.06779
    endloop
  endfacet
  facet normal 0 1 0
    outer loop
      vertex 10.7334 20.75 -2.72794
      vertex 9.04086 20.75 -3.45668
      vertex 10.3377 20.75 -2.4263
    endloop
  endfacet
  facet normal 0 1 0
    outer loop
      vertex 11.1705 20.75 -2.96564
      vertex 9.04086 20.75 -3.45668
      vertex 10.7334 20.75 -2.72794
    endloop
  endfacet
  facet normal 0 1 0
    outer loop
      vertex 11.6388 20.75 -3.13382
      vertex 9.04086 20.75 -3.45668
      vertex 11.1705 20.75 -2.96564
    endloop
  endfacet
  facet normal 0 1 0
    outer loop
      vertex 12.6245 20.75 3.24761
      vertex 12.5 20.75 3.45668
      vertex 12.5881 20.75 3.45253
    endloop
  endfacet
  facet normal 0 1 0
    outer loop
      vertex 11.6388 20.75 3.13382
      vertex 12.5 20.75 3.45668
      vertex 12.1273 20.75 3.22856
    endloop
  endfacet
  facet normal 0 1 -0
    outer loop
      vertex 12.6245 20.75 3.24761
      vertex 12.5881 20.75 3.45253
      vertex 12.8416 20.75 3.44056
    endloop
  endfacet
  facet normal 0 1 0
    outer loop
      vertex 12.1273 20.75 3.22856
      vertex 12.5 20.75 3.45668
      vertex 12.6245 20.75 3.24761
    endloop
  endfacet
  facet normal 0 1 0
    outer loop
      vertex 12.6245 20.75 3.24761
      vertex 12.8416 20.75 3.44056
      vertex 12.9098 20.75 3.43095
    endloop
  endfacet
  facet normal 0 1 0
    outer loop
      vertex 4.37728 20.75 3.22856
      vertex 4.66193 20.75 3.45253
      vertex 4.87448 20.75 3.24761
    endloop
  endfacet
  facet normal 0 1 -0
    outer loop
      vertex 13.1188 20.75 3.19055
      vertex 12.9098 20.75 3.43095
      vertex 13.1908 20.75 3.39131
    endloop
  endfacet
  facet normal 0 1 0
    outer loop
      vertex 4.75 20.75 3.45668
      vertex 4.87448 20.75 3.24761
      vertex 4.66193 20.75 3.45253
    endloop
  endfacet
  facet normal 0 1 0
    outer loop
      vertex 13.1188 20.75 3.19055
      vertex 13.1908 20.75 3.39131
      vertex 13.2163 20.75 3.38535
    endloop
  endfacet
  facet normal 0 1 0
    outer loop
      vertex 4.40841 20.75 3.44056
      vertex 4.37728 20.75 3.22856
      vertex 4.34024 20.75 3.43095
    endloop
  endfacet
  facet normal 0 1 0
    outer loop
      vertex 13.1188 20.75 3.19055
      vertex 13.2163 20.75 3.38535
      vertex 13.3303 20.75 3.35876
    endloop
  endfacet
  facet normal 0 1 0
    outer loop
      vertex 4.34024 20.75 3.43095
      vertex 4.37728 20.75 3.22856
      vertex 4.05919 20.75 3.39131
    endloop
  endfacet
  facet normal 0 1 0
    outer loop
      vertex 13.1188 20.75 3.19055
      vertex 13.3303 20.75 3.35876
      vertex 13.5018 20.75 3.30939
    endloop
  endfacet
  facet normal 0 1 0
    outer loop
      vertex 4.66193 20.75 3.45253
      vertex 4.37728 20.75 3.22856
      vertex 4.40841 20.75 3.44056
    endloop
  endfacet
  facet normal 0 1 0
    outer loop
      vertex 13.5986 20.75 3.0587
      vertex 13.5018 20.75 3.30939
      vertex 13.556 20.75 3.29379
    endloop
  endfacet
  facet normal 0 1 0
    outer loop
      vertex 4.05919 20.75 3.39131
      vertex 3.88881 20.75 3.13382
      vertex 4.03366 20.75 3.38535
    endloop
  endfacet
  facet normal 0 1 0
    outer loop
      vertex 3.88881 20.75 3.13382
      vertex 4.05919 20.75 3.39131
      vertex 4.37728 20.75 3.22856
    endloop
  endfacet
  facet normal 0 1 -0
    outer loop
      vertex 13.5986 20.75 3.0587
      vertex 13.556 20.75 3.29379
      vertex 13.6828 20.75 3.24323
    endloop
  endfacet
  facet normal 0 1 0
    outer loop
      vertex 12.9098 20.75 3.43095
      vertex 13.1188 20.75 3.19055
      vertex 12.6245 20.75 3.24761
    endloop
  endfacet
  facet normal 0 1 0
    outer loop
      vertex 13.5986 20.75 3.0587
      vertex 13.6828 20.75 3.24323
      vertex 13.947 20.75 3.13795
    endloop
  endfacet
  facet normal 0 1 0
    outer loop
      vertex 14.0526 20.75 2.85516
      vertex 13.947 20.75 3.13795
      vertex 14.0484 20.75 3.08676
    endloop
  endfacet
  facet normal 0 1 0
    outer loop
      vertex 13.5018 20.75 3.30939
      vertex 13.5986 20.75 3.0587
      vertex 13.1188 20.75 3.19055
    endloop
  endfacet
  facet normal 0 1 -0
    outer loop
      vertex 14.0526 20.75 2.85516
      vertex 14.0484 20.75 3.08676
      vertex 14.2415 20.75 2.98927
    endloop
  endfacet
  facet normal 0 1 0
    outer loop
      vertex 14.0526 20.75 2.85516
      vertex 14.2415 20.75 2.98927
      vertex 14.3764 20.75 2.90485
    endloop
  endfacet
  facet normal 0 1 0
    outer loop
      vertex 13.947 20.75 3.13795
      vertex 14.0526 20.75 2.85516
      vertex 13.5986 20.75 3.0587
    endloop
  endfacet
  facet normal 0 1 -0
    outer loop
      vertex 14.4702 20.75 2.5847
      vertex 14.3764 20.75 2.90485
      vertex 14.7998 20.75 2.58704
    endloop
  endfacet
  facet normal 0 1 0
    outer loop
      vertex 14.3764 20.75 2.90485
      vertex 14.4702 20.75 2.5847
      vertex 14.0526 20.75 2.85516
    endloop
  endfacet
  facet normal 0 1 0
    outer loop
      vertex 14.8417 20.75 2.25366
      vertex 14.7998 20.75 2.58704
      vertex 14.8277 20.75 2.56063
    endloop
  endfacet
  facet normal 0 1 -0
    outer loop
      vertex 14.8417 20.75 2.25366
      vertex 14.8277 20.75 2.56063
      vertex 14.8613 20.75 2.52895
    endloop
  endfacet
  facet normal 0 1 0
    outer loop
      vertex 14.8417 20.75 2.25366
      vertex 14.8613 20.75 2.52895
      vertex 15.0545 20.75 2.31807
    endloop
  endfacet
  facet normal 0 1 0
    outer loop
      vertex 14.7998 20.75 2.58704
      vertex 14.8417 20.75 2.25366
      vertex 14.4702 20.75 2.5847
    endloop
  endfacet
  facet normal 0 1 0
    outer loop
      vertex 15.2025 20.75 2.15645
      vertex 14.8417 20.75 2.25366
      vertex 15.0545 20.75 2.31807
    endloop
  endfacet
  facet normal 0 1 0
    outer loop
      vertex 15.1583 20.75 1.86979
      vertex 15.2025 20.75 2.15645
      vertex 15.2785 20.75 2.04885
    endloop
  endfacet
  facet normal 0 1 0
    outer loop
      vertex 15.2025 20.75 2.15645
      vertex 15.1583 20.75 1.86979
      vertex 14.8417 20.75 2.25366
    endloop
  endfacet
  facet normal 0 1 0
    outer loop
      vertex 15.4263 20.75 1.83971
      vertex 15.1583 20.75 1.86979
      vertex 15.2785 20.75 2.04885
    endloop
  endfacet
  facet normal 0 1 0
    outer loop
      vertex 15.5127 20.75 1.70225
      vertex 15.1583 20.75 1.86979
      vertex 15.4263 20.75 1.83971
    endloop
  endfacet
  facet normal 0 1 0
    outer loop
      vertex 15.5127 20.75 1.70225
      vertex 15.4125 20.75 1.44209
      vertex 15.1583 20.75 1.86979
    endloop
  endfacet
  facet normal 0 1 0
    outer loop
      vertex 15.7297 20.75 1.22939
      vertex 15.4125 20.75 1.44209
      vertex 15.5127 20.75 1.70225
    endloop
  endfacet
  facet normal 0 1 0
    outer loop
      vertex 15.7297 20.75 1.22939
      vertex 15.5985 20.75 0.980592
      vertex 15.4125 20.75 1.44209
    endloop
  endfacet
  facet normal 0 1 0
    outer loop
      vertex 15.8757 20.75 0.743063
      vertex 15.5985 20.75 0.980592
      vertex 15.7297 20.75 1.22939
    endloop
  endfacet
  facet normal 0 1 0
    outer loop
      vertex 15.8757 20.75 0.743063
      vertex 15.7119 20.75 0.49611
      vertex 15.5985 20.75 0.980592
    endloop
  endfacet
  facet normal 0 1 0
    outer loop
      vertex 15.9491 20.75 0.248595
      vertex 15.7119 20.75 0.49611
      vertex 15.8757 20.75 0.743063
    endloop
  endfacet
  facet normal 0 1 0
    outer loop
      vertex 15.9491 20.75 0.248595
      vertex 15.75 20.75 0
      vertex 15.7119 20.75 0.49611
    endloop
  endfacet
  facet normal 0 1 -0
    outer loop
      vertex 15.9491 20.75 -0.248595
      vertex 15.75 20.75 0
      vertex 15.9491 20.75 0.248595
    endloop
  endfacet
  facet normal 0 1 0
    outer loop
      vertex 15.9491 20.75 -0.248595
      vertex 15.7119 20.75 -0.49611
      vertex 15.75 20.75 0
    endloop
  endfacet
  facet normal 0 1 -0
    outer loop
      vertex 15.8757 20.75 -0.743063
      vertex 15.7119 20.75 -0.49611
      vertex 15.9491 20.75 -0.248595
    endloop
  endfacet
  facet normal 0 1 0
    outer loop
      vertex 15.8757 20.75 -0.743063
      vertex 15.5985 20.75 -0.980592
      vertex 15.7119 20.75 -0.49611
    endloop
  endfacet
  facet normal 0 1 -0
    outer loop
      vertex 15.7297 20.75 -1.22939
      vertex 15.5985 20.75 -0.980592
      vertex 15.8757 20.75 -0.743063
    endloop
  endfacet
  facet normal 0 1 0
    outer loop
      vertex 15.7297 20.75 -1.22939
      vertex 15.4125 20.75 -1.44209
      vertex 15.5985 20.75 -0.980592
    endloop
  endfacet
  facet normal 0 1 -0
    outer loop
      vertex 15.5127 20.75 -1.70225
      vertex 15.4125 20.75 -1.44209
      vertex 15.7297 20.75 -1.22939
    endloop
  endfacet
  facet normal 0 1 -0
    outer loop
      vertex 15.4263 20.75 -1.83971
      vertex 15.4125 20.75 -1.44209
      vertex 15.5127 20.75 -1.70225
    endloop
  endfacet
  facet normal 0 1 0
    outer loop
      vertex 15.4263 20.75 -1.83971
      vertex 15.1583 20.75 -1.86979
      vertex 15.4125 20.75 -1.44209
    endloop
  endfacet
  facet normal 0 1 -0
    outer loop
      vertex 15.2785 20.75 -2.04885
      vertex 15.1583 20.75 -1.86979
      vertex 15.4263 20.75 -1.83971
    endloop
  endfacet
  facet normal 0 1 -0
    outer loop
      vertex 15.2025 20.75 -2.15645
      vertex 15.1583 20.75 -1.86979
      vertex 15.2785 20.75 -2.04885
    endloop
  endfacet
  facet normal 0 1 0
    outer loop
      vertex 15.2025 20.75 -2.15645
      vertex 14.8417 20.75 -2.25366
      vertex 15.1583 20.75 -1.86979
    endloop
  endfacet
  facet normal 0 1 -0
    outer loop
      vertex 15.0545 20.75 -2.31807
      vertex 14.8417 20.75 -2.25366
      vertex 15.2025 20.75 -2.15645
    endloop
  endfacet
  facet normal 0 1 -0
    outer loop
      vertex 14.8613 20.75 -2.52895
      vertex 14.8417 20.75 -2.25366
      vertex 15.0545 20.75 -2.31807
    endloop
  endfacet
  facet normal 0 1 0
    outer loop
      vertex 14.8277 20.75 -2.56063
      vertex 14.8417 20.75 -2.25366
      vertex 14.8613 20.75 -2.52895
    endloop
  endfacet
  facet normal 0 1 0
    outer loop
      vertex 14.7998 20.75 -2.58704
      vertex 14.8417 20.75 -2.25366
      vertex 14.8277 20.75 -2.56063
    endloop
  endfacet
  facet normal 0 1 0
    outer loop
      vertex 14.8417 20.75 -2.25366
      vertex 14.7998 20.75 -2.58704
      vertex 14.4702 20.75 -2.5847
    endloop
  endfacet
  facet normal 0 1 0
    outer loop
      vertex 14.3764 20.75 -2.90485
      vertex 14.4702 20.75 -2.5847
      vertex 14.7998 20.75 -2.58704
    endloop
  endfacet
  facet normal 0 1 0
    outer loop
      vertex 14.4702 20.75 -2.5847
      vertex 14.3764 20.75 -2.90485
      vertex 14.0526 20.75 -2.85516
    endloop
  endfacet
  facet normal 0 1 -0
    outer loop
      vertex 14.2415 20.75 -2.98927
      vertex 14.0526 20.75 -2.85516
      vertex 14.3764 20.75 -2.90485
    endloop
  endfacet
  facet normal 0 1 0
    outer loop
      vertex 14.0484 20.75 -3.08676
      vertex 14.0526 20.75 -2.85516
      vertex 14.2415 20.75 -2.98927
    endloop
  endfacet
  facet normal 0 1 0
    outer loop
      vertex 13.947 20.75 -3.13795
      vertex 14.0526 20.75 -2.85516
      vertex 14.0484 20.75 -3.08676
    endloop
  endfacet
  facet normal 0 1 0
    outer loop
      vertex 14.0526 20.75 -2.85516
      vertex 13.947 20.75 -3.13795
      vertex 13.5986 20.75 -3.0587
    endloop
  endfacet
  facet normal 0 1 -0
    outer loop
      vertex 13.6828 20.75 -3.24323
      vertex 13.5986 20.75 -3.0587
      vertex 13.947 20.75 -3.13795
    endloop
  endfacet
  facet normal 0 1 0
    outer loop
      vertex 13.556 20.75 -3.29379
      vertex 13.5986 20.75 -3.0587
      vertex 13.6828 20.75 -3.24323
    endloop
  endfacet
  facet normal 0 1 0
    outer loop
      vertex 13.5018 20.75 -3.30939
      vertex 13.5986 20.75 -3.0587
      vertex 13.556 20.75 -3.29379
    endloop
  endfacet
  facet normal 0 1 0
    outer loop
      vertex 13.5986 20.75 -3.0587
      vertex 13.5018 20.75 -3.30939
      vertex 13.1188 20.75 -3.19055
    endloop
  endfacet
  facet normal 0 1 0
    outer loop
      vertex 4.03366 20.75 3.38535
      vertex 3.88881 20.75 3.13382
      vertex 3.91971 20.75 3.35876
    endloop
  endfacet
  facet normal 0 1 0
    outer loop
      vertex 3.91971 20.75 3.35876
      vertex 3.88881 20.75 3.13382
      vertex 3.74821 20.75 3.30939
    endloop
  endfacet
  facet normal 0 1 0
    outer loop
      vertex 3.74821 20.75 3.30939
      vertex 3.88881 20.75 3.13382
      vertex 3.69401 20.75 3.29379
    endloop
  endfacet
  facet normal 0 1 0
    outer loop
      vertex 3.69401 20.75 3.29379
      vertex 3.88881 20.75 3.13382
      vertex 3.56716 20.75 3.24323
    endloop
  endfacet
  facet normal 0 1 0
    outer loop
      vertex 3.42053 20.75 2.96564
      vertex 3.56716 20.75 3.24323
      vertex 3.88881 20.75 3.13382
    endloop
  endfacet
  facet normal 0 1 0
    outer loop
      vertex 3.56716 20.75 3.24323
      vertex 3.42053 20.75 2.96564
      vertex 3.30301 20.75 3.13795
    endloop
  endfacet
  facet normal 0 1 0
    outer loop
      vertex 3.30301 20.75 3.13795
      vertex 3.42053 20.75 2.96564
      vertex 3.20161 20.75 3.08676
    endloop
  endfacet
  facet normal 0 1 0
    outer loop
      vertex 3.20161 20.75 3.08676
      vertex 3.42053 20.75 2.96564
      vertex 3.00853 20.75 2.98927
    endloop
  endfacet
  facet normal 0 1 0
    outer loop
      vertex 2.98341 20.75 2.72794
      vertex 3.00853 20.75 2.98927
      vertex 3.42053 20.75 2.96564
    endloop
  endfacet
  facet normal 0 1 0
    outer loop
      vertex 3.00853 20.75 2.98927
      vertex 2.98341 20.75 2.72794
      vertex 2.87361 20.75 2.90485
    endloop
  endfacet
  facet normal 0 1 0
    outer loop
      vertex 2.98341 20.75 2.72794
      vertex 2.45023 20.75 2.58704
      vertex 2.87361 20.75 2.90485
    endloop
  endfacet
  facet normal 0 1 -0
    outer loop
      vertex 2.58769 20.75 2.4263
      vertex 2.45023 20.75 2.58704
      vertex 2.98341 20.75 2.72794
    endloop
  endfacet
  facet normal 0 1 0
    outer loop
      vertex 2.45023 20.75 2.58704
      vertex 2.58769 20.75 2.4263
      vertex 2.42227 20.75 2.56063
    endloop
  endfacet
  facet normal 0 1 0
    outer loop
      vertex 2.42227 20.75 2.56063
      vertex 2.58769 20.75 2.4263
      vertex 2.38874 20.75 2.52895
    endloop
  endfacet
  facet normal 0 1 0
    outer loop
      vertex 2.58769 20.75 2.4263
      vertex 2.19554 20.75 2.31807
      vertex 2.38874 20.75 2.52895
    endloop
  endfacet
  facet normal 0 1 -0
    outer loop
      vertex 2.24266 20.75 2.06779
      vertex 2.19554 20.75 2.31807
      vertex 2.58769 20.75 2.4263
    endloop
  endfacet
  facet normal 0 1 0
    outer loop
      vertex 2.19554 20.75 2.31807
      vertex 2.24266 20.75 2.06779
      vertex 2.04747 20.75 2.15645
    endloop
  endfacet
  facet normal 0 1 0
    outer loop
      vertex 2.24266 20.75 2.06779
      vertex 1.97145 20.75 2.04885
      vertex 2.04747 20.75 2.15645
    endloop
  endfacet
  facet normal 0 1 0
    outer loop
      vertex 1.9564 20.75 1.66081
      vertex 1.97145 20.75 2.04885
      vertex 2.24266 20.75 2.06779
    endloop
  endfacet
  facet normal 0 1 0
    outer loop
      vertex 1.97145 20.75 2.04885
      vertex 1.9564 20.75 1.66081
      vertex 1.82369 20.75 1.83971
    endloop
  endfacet
  facet normal 0 1 0
    outer loop
      vertex 1.82369 20.75 1.83971
      vertex 1.9564 20.75 1.66081
      vertex 1.73725 20.75 1.70225
    endloop
  endfacet
  facet normal 0 1 0
    outer loop
      vertex 1.73562 20.75 1.2149
      vertex 1.73725 20.75 1.70225
      vertex 1.9564 20.75 1.66081
    endloop
  endfacet
  facet normal 0 1 0
    outer loop
      vertex 1.73725 20.75 1.70225
      vertex 1.73562 20.75 1.2149
      vertex 1.52027 20.75 1.22939
    endloop
  endfacet
  facet normal 0 1 -0
    outer loop
      vertex 1.58549 20.75 0.740523
      vertex 1.52027 20.75 1.22939
      vertex 1.73562 20.75 1.2149
    endloop
  endfacet
  facet normal 0 1 0
    outer loop
      vertex 1.52027 20.75 1.22939
      vertex 1.58549 20.75 0.740523
      vertex 1.37428 20.75 0.743063
    endloop
  endfacet
  facet normal 0 1 -0
    outer loop
      vertex 1.50954 20.75 0.248785
      vertex 1.37428 20.75 0.743063
      vertex 1.58549 20.75 0.740523
    endloop
  endfacet
  facet normal 0 1 0
    outer loop
      vertex 1.50954 20.75 0.248785
      vertex 1.30089 20.75 0.248595
      vertex 1.37428 20.75 0.743063
    endloop
  endfacet
  facet normal 0 1 0
    outer loop
      vertex 1.50954 20.75 0.248785
      vertex 1.30089 20.75 -0.248595
      vertex 1.30089 20.75 0.248595
    endloop
  endfacet
  facet normal 0 1 -0
    outer loop
      vertex 1.50954 20.75 -0.248785
      vertex 1.30089 20.75 -0.248595
      vertex 1.50954 20.75 0.248785
    endloop
  endfacet
  facet normal 0 1 0
    outer loop
      vertex 1.37428 20.75 -0.743063
      vertex 1.50954 20.75 -0.248785
      vertex 1.58549 20.75 -0.740523
    endloop
  endfacet
  facet normal 0 1 0
    outer loop
      vertex 1.50954 20.75 -0.248785
      vertex 1.37428 20.75 -0.743063
      vertex 1.30089 20.75 -0.248595
    endloop
  endfacet
  facet normal 0 1 0
    outer loop
      vertex 1.6387 20.75 -0.908669
      vertex 1.37428 20.75 -0.743063
      vertex 1.58549 20.75 -0.740523
    endloop
  endfacet
  facet normal 0 1 0
    outer loop
      vertex 1.6387 20.75 -0.908669
      vertex 1.52027 20.75 -1.22939
      vertex 1.37428 20.75 -0.743063
    endloop
  endfacet
  facet normal 0 1 0
    outer loop
      vertex 1.6387 20.75 -0.908669
      vertex 1.73725 20.75 -1.70225
      vertex 1.52027 20.75 -1.22939
    endloop
  endfacet
  facet normal 0 1 0
    outer loop
      vertex 1.6387 20.75 -0.908669
      vertex 1.82369 20.75 -1.83971
      vertex 1.73725 20.75 -1.70225
    endloop
  endfacet
  facet normal -0 1 -0
    outer loop
      vertex 1.82369 20.75 -1.83971
      vertex 1.6387 20.75 -0.908669
      vertex 1.92757 20.75 -1.98675
    endloop
  endfacet
  facet normal 0 1 0
    outer loop
      vertex 7.84854 20.75 0.980592
      vertex 7.88926 20.75 0.841162
      vertex 7.88164 20.75 0.839121
    endloop
  endfacet
  facet normal 0.320422 -0.493408 -0.808628
    outer loop
      vertex 13.9946 0.661214 -3.69144
      vertex 13.7935 1.00956 -3.98368
      vertex 14.0206 1.15704 -3.98368
    endloop
  endfacet
  facet normal 0.0570388 -0.0877519 -0.994508
    outer loop
      vertex 12.9368 2.64885 -4.69152
      vertex 12.6243 3.03471 -4.74349
      vertex 12.6461 3.04888 -4.74349
    endloop
  endfacet
  facet normal 0.0307852 -0.587505 0.808635
    outer loop
      vertex 12.5 0.662964 3.98368
      vertex 12.5 0.260728 3.69144
      vertex 12.8125 0.277103 3.69144
    endloop
  endfacet
  facet normal -0.994522 0 0.10453
    outer loop
      vertex 0.00650883 3.25 0.248595
      vertex 0.0584803 8.24652 0.743063
      vertex 0.00650883 8.53128 0.248595
    endloop
  endfacet
  facet normal -0.994522 0 0.10453
    outer loop
      vertex 0.0584803 8.24652 0.743063
      vertex 0.00650883 3.25 0.248595
      vertex 0.0584803 3.25 0.743063
    endloop
  endfacet
  facet normal -0.994522 0 0.10453
    outer loop
      vertex 0.00650883 15.6809 0.248595
      vertex 0.0584803 17.5 0.743063
      vertex 0.00650883 17.5 0.248595
    endloop
  endfacet
  facet normal -0.994522 0 0.10453
    outer loop
      vertex 0.0584803 17.5 0.743063
      vertex 0.00650883 15.6809 0.248595
      vertex 0.0584803 15.3832 0.743063
    endloop
  endfacet
  facet normal 0.316478 -0.256209 0.913345
    outer loop
      vertex 13.8771 2.24944 4.43451
      vertex 13.765 2.11097 4.43451
      vertex 14.2446 1.98247 4.23228
    endloop
  endfacet
  facet normal -0.912499 -0.0478229 -0.406275
    outer loop
      vertex 0.339786 2.78647 -1.70225
      vertex 0.315493 3.25 -1.70225
      vertex 0.540903 2.80761 -2.15645
    endloop
  endfacet
  facet normal -0.185491 -0.0945091 -0.97809
    outer loop
      vertex 3.68532 2.6353 -4.58815
      vertex 3.6269 2.74996 -4.58815
      vertex 4.10649 2.87847 -4.69152
    endloop
  endfacet
  facet normal 0.982282 0.155635 0.104404
    outer loop
      vertex 17.2175 17.9958 0.248595
      vertex 17.1398 18.4862 0.248595
      vertex 17.1658 17.9904 0.743063
    endloop
  endfacet
  facet normal 0.103401 0.0160935 -0.99451
    outer loop
      vertex 12.7472 17.526 -4.74349
      vertex 12.7432 17.5517 -4.74349
      vertex 13.239 17.5777 -4.69152
    endloop
  endfacet
  facet normal -0.949878 -0.0497805 0.308633
    outer loop
      vertex 0.315493 3.25 1.70225
      vertex 0.161852 3.25 1.22939
      vertex 0.186986 2.77041 1.22939
    endloop
  endfacet
  facet normal 0.493419 -0.320409 -0.808626
    outer loop
      vertex 14.9184 1.49295 -3.69144
      vertex 14.593 1.72938 -3.98368
      vertex 15.0888 1.75536 -3.69144
    endloop
  endfacet
  facet normal -0.308974 -0.0162015 -0.950933
    outer loop
      vertex 3.05708 3.07207 -4.43451
      vertex 3.04775 3.25 -4.43451
      vertex 3.52061 3.25 -4.58815
    endloop
  endfacet
  facet normal -0.161784 -0.131013 -0.978091
    outer loop
      vertex 3.83638 2.42738 -4.58815
      vertex 3.7554 2.52738 -4.58815
      vertex 4.14885 2.81324 -4.69152
    endloop
  endfacet
  facet normal 0.993169 -0.0520791 0.104415
    outer loop
      vertex 17.2435 3.25 0.248595
      vertex 17.1658 2.7596 0.743063
      vertex 17.2175 2.75417 0.248595
    endloop
  endfacet
  facet normal 0.0263924 0.499902 0.86568
    outer loop
      vertex 12.5 20.087 3.98368
      vertex 12.5 19.6565 4.23228
      vertex 12.7254 19.6446 4.23228
    endloop
  endfacet
  facet normal -0.27568 -0.14046 -0.950932
    outer loop
      vertex 3.68532 2.6353 -4.58815
      vertex 3.27581 2.39888 -4.43451
      vertex 3.6269 2.74996 -4.58815
    endloop
  endfacet
  facet normal 0.577797 -0.467998 -0.668677
    outer loop
      vertex 15.2433 0.779942 -2.98927
      vertex 14.996 1.00255 -3.35876
      vertex 15.2173 1.27577 -3.35876
    endloop
  endfacet
  facet normal 1 -0 0
    outer loop
      vertex 17.2435 3.25 0.248595
      vertex 17.2435 17.5 -0.248595
      vertex 17.2435 17.5 0.248595
    endloop
  endfacet
  facet normal 1 0 0
    outer loop
      vertex 17.2435 17.5 -0.248595
      vertex 17.2435 3.25 0.248595
      vertex 17.2435 3.25 -0.248595
    endloop
  endfacet
  facet normal 0.0161125 0.309024 -0.950918
    outer loop
      vertex 12.6285 18.7227 -4.58815
      vertex 12.5 18.7294 -4.58815
      vertex 12.6779 19.1929 -4.43451
    endloop
  endfacet
  facet normal 0.104519 -0.00551728 -0.994508
    outer loop
      vertex 13.239 3.17233 -4.69152
      vertex 12.7486 3.25 -4.74349
      vertex 13.2431 3.25 -4.69152
    endloop
  endfacet
  facet normal -0.834088 -0.541666 -0.104384
    outer loop
      vertex 0.912436 0.461846 -0.248595
      vertex 0.642016 0.878254 -0.248595
      vertex 0.95448 0.492393 -0.743063
    endloop
  endfacet
  facet normal -0.406649 0.0213247 0.913336
    outer loop
      vertex 2.60536 17.7254 4.23228
      vertex 2.59354 17.5 4.23228
      vertex 3.04775 17.5 4.43451
    endloop
  endfacet
  facet normal -0.192382 0.718488 0.668404
    outer loop
      vertex 3.74821 20.75 3.30939
      vertex 3.69401 20.75 3.29379
      vertex 3.71209 20.6944 3.35876
    endloop
  endfacet
  facet normal -0.820392 -0.532769 0.207639
    outer loop
      vertex 0.776547 0.955926 1.22939
      vertex 0.687024 0.90424 0.743063
      vertex 1.03811 0.553154 1.22939
    endloop
  endfacet
  facet normal 0.88254 0.236568 0.406398
    outer loop
      vertex 16.7175 18.8703 1.70225
      vertex 16.5251 18.8078 2.15645
      vertex 16.6398 18.3799 2.15645
    endloop
  endfacet
  facet normal 0.99317 0.0520823 -0.104411
    outer loop
      vertex 17.2435 17.5 -0.248595
      vertex 17.1658 17.9904 -0.743063
      vertex 17.2175 17.9958 -0.248595
    endloop
  endfacet
  facet normal 0.0212593 0.406669 0.913328
    outer loop
      vertex 12.7254 19.6446 4.23228
      vertex 12.5 19.2022 4.43451
      vertex 12.6779 19.1929 4.43451
    endloop
  endfacet
  facet normal 0.0636683 0.402211 0.913331
    outer loop
      vertex 12.7254 19.6446 4.23228
      vertex 12.6779 19.1929 4.43451
      vertex 12.9484 19.6093 4.23228
    endloop
  endfacet
  facet normal -0.388973 -0.315001 -0.865722
    outer loop
      vertex 2.82746 1.51894 -3.98368
      vertex 2.65704 1.72938 -3.98368
      vertex 3.14744 1.80705 -4.23228
    endloop
  endfacet
  facet normal -0.726567 -0.471826 0.49948
    outer loop
      vertex 1.52713 0.908448 2.58704
      vertex 1.08474 1.13386 2.15645
      vertex 1.32601 0.762327 2.15645
    endloop
  endfacet
  facet normal 0.494319 -0.0783636 -0.865741
    outer loop
      vertex 15.0305 2.71212 -3.98368
      vertex 14.6093 2.80165 -4.23228
      vertex 15.0729 2.97958 -3.98368
    endloop
  endfacet
  facet normal 0.587546 0.0306376 -0.80861
    outer loop
      vertex 15.087 17.5 -3.98368
      vertex 15.0729 17.7704 -3.98368
      vertex 15.4729 17.8125 -3.69144
    endloop
  endfacet
  facet normal 0.0569638 -0.0878125 -0.994507
    outer loop
      vertex 12.8715 2.60649 -4.69152
      vertex 12.6243 3.03471 -4.74349
      vertex 12.9368 2.64885 -4.69152
    endloop
  endfacet
  facet normal 0.161782 -0.131043 -0.978087
    outer loop
      vertex 13.4136 2.42738 -4.58815
      vertex 13.1012 2.81324 -4.69152
      vertex 13.4946 2.52738 -4.58815
    endloop
  endfacet
  facet normal 0.87163 -0.444032 -0.207599
    outer loop
      vertex 16.563 0.90424 -0.743063
      vertex 16.4735 0.955926 -1.22939
      vertex 16.7859 1.34179 -0.743063
    endloop
  endfacet
  facet normal 0.288872 0.110757 -0.950939
    outer loop
      vertex 14.1189 18.026 -4.43451
      vertex 13.6231 18 -4.58815
      vertex 14.0551 18.1924 -4.43451
    endloop
  endfacet
  facet normal 0.820365 -0.532826 0.207602
    outer loop
      vertex 16.4735 0.955926 1.22939
      vertex 16.2119 0.553154 1.22939
      vertex 16.563 0.90424 0.743063
    endloop
  endfacet
  facet normal -0.0659036 0.0813036 0.994508
    outer loop
      vertex 4.31324 18.1012 4.69152
      vertex 4.25279 18.0522 4.69152
      vertex 4.58366 17.6847 4.74349
    endloop
  endfacet
  facet normal 0.587443 0.030829 0.808678
    outer loop
      vertex 15.4729 17.8125 3.69144
      vertex 15.087 17.5 3.98368
      vertex 15.4893 17.5 3.69144
    endloop
  endfacet
  facet normal 0.944879 -0.253182 0.207614
    outer loop
      vertex 16.9879 2.29607 1.22939
      vertex 16.8636 1.83218 1.22939
      vertex 16.9619 1.80024 0.743063
    endloop
  endfacet
  facet normal 0.726552 -0.471875 0.499455
    outer loop
      vertex 16.1653 1.13386 2.15645
      vertex 15.7229 0.908448 2.58704
      vertex 15.924 0.762327 2.15645
    endloop
  endfacet
  facet normal 0.587546 0.0306376 0.80861
    outer loop
      vertex 15.4729 17.8125 3.69144
      vertex 15.0729 17.7704 3.98368
      vertex 15.087 17.5 3.98368
    endloop
  endfacet
  facet normal 0.402171 -0.0637569 -0.913342
    outer loop
      vertex 14.6093 2.80165 -4.23228
      vertex 14.165 2.89608 -4.43451
      vertex 14.1929 3.07207 -4.43451
    endloop
  endfacet
  facet normal 0.976857 0.0511241 0.207694
    outer loop
      vertex 17.1915 17.5 0.743063
      vertex 17.063 17.9796 1.22939
      vertex 17.0881 17.5 1.22939
    endloop
  endfacet
  facet normal -0.944875 -0.253176 0.207638
    outer loop
      vertex 0.386412 1.83218 1.22939
      vertex 0.262114 2.29607 1.22939
      vertex 0.288099 1.80024 0.743063
    endloop
  endfacet
  facet normal -0.721171 -0.367467 0.587265
    outer loop
      vertex 1.3777 1.74855 2.98927
      vertex 1.30003 1.25816 2.58704
      vertex 1.55312 1.40428 2.98927
    endloop
  endfacet
  facet normal 0.173327 -0.646803 0.7427
    outer loop
      vertex 13.4237 0.407033 3.69144
      vertex 13.3303 0 3.35876
      vertex 13.5379 0.0556316 3.35876
    endloop
  endfacet
  facet normal 0.173237 -0.646801 0.742723
    outer loop
      vertex 13.3303 0 3.35876
      vertex 13.4237 0.407033 3.69144
      vertex 13.2163 0 3.38535
    endloop
  endfacet
  facet normal -0.092119 0.581089 0.80861
    outer loop
      vertex 4.43754 20.4729 3.69144
      vertex 4.21212 20.0305 3.98368
      vertex 4.47958 20.0729 3.98368
    endloop
  endfacet
  facet normal 0.98768 0.15649 0
    outer loop
      vertex 17.2175 17.9958 0.248595
      vertex 17.1398 18.4862 -0.248595
      vertex 17.1398 18.4862 0.248595
    endloop
  endfacet
  facet normal 0.98768 0.15649 0
    outer loop
      vertex 17.1398 18.4862 -0.248595
      vertex 17.2175 17.9958 0.248595
      vertex 17.2175 17.9958 -0.248595
    endloop
  endfacet
  facet normal 0.998628 0.0523685 0
    outer loop
      vertex 17.2435 17.5 0.248595
      vertex 17.2175 17.9958 -0.248595
      vertex 17.2175 17.9958 0.248595
    endloop
  endfacet
  facet normal 0.998628 0.0523685 0
    outer loop
      vertex 17.2175 17.9958 -0.248595
      vertex 17.2435 17.5 0.248595
      vertex 17.2435 17.5 -0.248595
    endloop
  endfacet
  facet normal -0.808785 -0.310468 -0.499476
    outer loop
      vertex 0.883618 1.52858 -2.15645
      vertex 0.724861 1.94215 -2.15645
      vertex 0.961289 2.01897 -2.58704
    endloop
  endfacet
  facet normal -0.58751 -0.0307801 -0.808631
    outer loop
      vertex 1.7771 2.93754 -3.69144
      vertex 1.76073 3.25 -3.69144
      vertex 2.16296 3.25 -3.98368
    endloop
  endfacet
  facet normal -0.623644 -0.404986 -0.668621
    outer loop
      vertex 1.76356 1.08022 -2.98927
      vertex 1.55312 1.40428 -2.98927
      vertex 2.03271 1.27577 -3.35876
    endloop
  endfacet
  facet normal -0.629024 0.509336 0.587286
    outer loop
      vertex 2.00672 19.9701 2.98927
      vertex 1.52713 19.8416 2.58704
      vertex 1.76356 19.6698 2.98927
    endloop
  endfacet
  facet normal -0.315001 -0.388973 -0.865722
    outer loop
      vertex 3.22938 1.15704 -3.98368
      vertex 3.01894 1.32746 -3.98368
      vertex 3.30705 1.64744 -4.23228
    endloop
  endfacet
  facet normal -0.308981 -0.0161812 -0.950931
    outer loop
      vertex 3.52734 3.12149 -4.58815
      vertex 3.05708 3.07207 -4.43451
      vertex 3.52061 3.25 -4.58815
    endloop
  endfacet
  facet normal 0.104777 0.661327 -0.742744
    outer loop
      vertex 13.1215 20.4239 -3.69144
      vertex 12.9098 20.75 -3.43095
      vertex 13.1908 20.75 -3.39131
    endloop
  endfacet
  facet normal 0.113305 -0.174666 -0.978087
    outer loop
      vertex 13.2226 2.2554 -4.58815
      vertex 12.8715 2.60649 -4.69152
      vertex 12.9368 2.64885 -4.69152
    endloop
  endfacet
  facet normal -0.0262104 -0.499839 -0.865722
    outer loop
      vertex 4.75 0.662964 -3.98368
      vertex 4.52459 1.10536 -4.23228
      vertex 4.75 1.09354 -4.23228
    endloop
  endfacet
  facet normal -0.0349968 -0.66872 -0.74269
    outer loop
      vertex 4.66193 0 -3.45253
      vertex 4.75 0.260728 -3.69144
      vertex 4.75 0 -3.45668
    endloop
  endfacet
  facet normal -0.0350449 -0.66871 -0.742697
    outer loop
      vertex 4.75 0.260728 -3.69144
      vertex 4.66193 0 -3.45253
      vertex 4.43754 0.277103 -3.69144
    endloop
  endfacet
  facet normal 0.184874 -0.36282 -0.913336
    outer loop
      vertex 13.3771 1.27998 -4.23228
      vertex 13.3511 1.77581 -4.43451
      vertex 13.5782 1.38245 -4.23228
    endloop
  endfacet
  facet normal 0.781876 -0.20946 -0.587194
    outer loop
      vertex 16.2887 2.01897 -2.58704
      vertex 16.1108 2.4825 -2.98927
      vertex 16.3966 2.42174 -2.58704
    endloop
  endfacet
  facet normal 0.982282 0.155635 -0.104404
    outer loop
      vertex 17.1658 17.9904 -0.743063
      vertex 17.1398 18.4862 -0.248595
      vertex 17.2175 17.9958 -0.248595
    endloop
  endfacet
  facet normal -0.882616 -0.236494 0.406275
    outer loop
      vertex 0.610204 2.37006 2.15645
      vertex 0.532533 1.87966 1.70225
      vertex 0.724861 1.94215 2.15645
    endloop
  endfacet
  facet normal -0.587789 0 0.809014
    outer loop
      vertex 1.76073 13.342 3.69144
      vertex 2.16296 17.5 3.98368
      vertex 1.76073 17.5 3.69144
    endloop
  endfacet
  facet normal -0.587789 0 0.809014
    outer loop
      vertex 2.16296 17.5 3.98368
      vertex 1.76073 13.342 3.69144
      vertex 2.16296 13.0681 3.98368
    endloop
  endfacet
  facet normal -0.587789 0 0.809014
    outer loop
      vertex 1.76073 3.25 3.69144
      vertex 2.16296 6.74385 3.98368
      vertex 1.76073 6.81425 3.69144
    endloop
  endfacet
  facet normal -0.587789 0 0.809014
    outer loop
      vertex 2.16296 6.74385 3.98368
      vertex 1.76073 3.25 3.69144
      vertex 2.16296 3.25 3.98368
    endloop
  endfacet
  facet normal -0.772901 -0.625882 -0.104384
    outer loop
      vertex 1.2249 0.075985 -0.248595
      vertex 0.95448 0.492393 -0.743063
      vertex 1.26352 0.11076 -0.743063
    endloop
  endfacet
  facet normal 0.10477 -0.661383 0.742695
    outer loop
      vertex 13.1215 0.326051 3.69144
      vertex 12.9098 0 3.43095
      vertex 13.1908 0 3.39131
    endloop
  endfacet
  facet normal -0.0813322 -0.0658863 -0.994507
    outer loop
      vertex 4.56526 3.08366 -4.74349
      vertex 4.14885 2.81324 -4.69152
      vertex 4.54888 3.10388 -4.74349
    endloop
  endfacet
  facet normal 0.865138 -0.0452919 -0.499485
    outer loop
      vertex 16.7323 3.25 -2.15645
      vertex 16.4619 2.83359 -2.58704
      vertex 16.4837 3.25 -2.58704
    endloop
  endfacet
  facet normal 0.710108 -0.575057 0.406271
    outer loop
      vertex 15.924 0.762327 2.15645
      vertex 15.6452 0.418051 2.15645
      vertex 16.0876 0.643461 1.70225
    endloop
  endfacet
  facet normal 0.668697 0.0350932 0.742706
    outer loop
      vertex 15.8588 17.5 3.35876
      vertex 15.4729 17.8125 3.69144
      vertex 15.4893 17.5 3.69144
    endloop
  endfacet
  facet normal 0.866026 -0 0.499998
    outer loop
      vertex 16.4837 3.25 2.58704
      vertex 16.7323 17.5 2.15645
      vertex 16.4837 17.5 2.58704
    endloop
  endfacet
  facet normal 0.866026 0 0.499998
    outer loop
      vertex 16.7323 17.5 2.15645
      vertex 16.4837 3.25 2.58704
      vertex 16.7323 3.25 2.15645
    endloop
  endfacet
  facet normal 0.41977 0.272529 0.865749
    outer loop
      vertex 14.593 19.0206 3.98368
      vertex 14.2446 18.7675 4.23228
      vertex 14.3675 18.5782 4.23228
    endloop
  endfacet
  facet normal 0.524107 0.267158 0.808665
    outer loop
      vertex 15.0888 18.9946 3.69144
      vertex 14.7404 18.7935 3.98368
      vertex 14.8634 18.5522 3.98368
    endloop
  endfacet
  facet normal 0.483484 -0.129503 -0.865721
    outer loop
      vertex 14.9604 2.45056 -3.98368
      vertex 14.5509 2.58362 -4.23228
      vertex 14.6093 2.80165 -4.23228
    endloop
  endfacet
  facet normal 0.668697 -0.0350977 -0.742706
    outer loop
      vertex 15.8588 3.25 -3.35876
      vertex 15.4729 2.93754 -3.69144
      vertex 15.4893 3.25 -3.69144
    endloop
  endfacet
  facet normal 0.10452 0 -0.994523
    outer loop
      vertex 12.7486 3.25 -4.74349
      vertex 13.2431 17.5 -4.69152
      vertex 13.2431 3.25 -4.69152
    endloop
  endfacet
  facet normal 0.10452 0 -0.994523
    outer loop
      vertex 13.2431 17.5 -4.69152
      vertex 12.7486 3.25 -4.74349
      vertex 12.7486 17.5 -4.74349
    endloop
  endfacet
  facet normal -0.320409 0.493419 0.808626
    outer loop
      vertex 3.25536 20.0888 3.69144
      vertex 2.99295 19.9184 3.69144
      vertex 3.22938 19.593 3.98368
    endloop
  endfacet
  facet normal -0.0306355 0.587549 0.808608
    outer loop
      vertex 4.75 20.087 3.98368
      vertex 4.43754 20.4729 3.69144
      vertex 4.47958 20.0729 3.98368
    endloop
  endfacet
  facet normal -0.568266 0.152277 0.808632
    outer loop
      vertex 1.90703 18.4237 3.69144
      vertex 1.82605 18.1215 3.69144
      vertex 2.2195 18.0379 3.98368
    endloop
  endfacet
  facet normal -0.499822 -0.0261555 0.865733
    outer loop
      vertex 2.5175 3.25 4.18837
      vertex 2.16296 3.25 3.98368
      vertex 2.51577 3.07023 4.18194
    endloop
  endfacet
  facet normal 0.0921476 0.581094 -0.808603
    outer loop
      vertex 13.0379 20.0305 -3.98368
      vertex 12.8125 20.4729 -3.69144
      vertex 13.1215 20.4239 -3.69144
    endloop
  endfacet
  facet normal -0.596657 0.303966 -0.742701
    outer loop
      vertex 2.01916 18.7158 -3.69144
      vertex 1.68162 18.8661 -3.35876
      vertex 1.84123 19.1794 -3.35876
    endloop
  endfacet
  facet normal 0.467285 0.179418 0.86571
    outer loop
      vertex 14.9604 18.2994 3.98368
      vertex 14.47 18.3771 4.23228
      vertex 14.5509 18.1664 4.23228
    endloop
  endfacet
  facet normal -0.440858 -0.678753 -0.587315
    outer loop
      vertex 2.40845 0.0271301 -2.58704
      vertex 2.87361 0 -2.90485
      vertex 2.45022 0 -2.58704
    endloop
  endfacet
  facet normal -0.440823 -0.678825 -0.587258
    outer loop
      vertex 2.87361 0 -2.90485
      vertex 2.40845 0.0271301 -2.58704
      vertex 2.90428 0.0531158 -2.98927
    endloop
  endfacet
  facet normal 0.59668 -0.303915 -0.742704
    outer loop
      vertex 15.4088 1.57062 -3.35876
      vertex 15.0888 1.75536 -3.69144
      vertex 15.2308 2.03415 -3.69144
    endloop
  endfacet
  facet normal -0.978148 0 0.207911
    outer loop
      vertex 0.0584803 3.25 0.743063
      vertex 0.161852 7.973 1.22939
      vertex 0.0584803 8.24652 0.743063
    endloop
  endfacet
  facet normal -0.978148 0 0.207911
    outer loop
      vertex 0.161852 7.973 1.22939
      vertex 0.0584803 3.25 0.743063
      vertex 0.161852 3.25 1.22939
    endloop
  endfacet
  facet normal -0.978148 0 0.207911
    outer loop
      vertex 0.0584803 15.3832 0.743063
      vertex 0.161852 17.5 1.22939
      vertex 0.0584803 17.5 0.743063
    endloop
  endfacet
  facet normal -0.978148 0 0.207911
    outer loop
      vertex 0.161852 17.5 1.22939
      vertex 0.0584803 15.3832 0.743063
      vertex 0.161852 15.0838 1.22939
    endloop
  endfacet
  facet normal -0.50293 0.633378 -0.588127
    outer loop
      vertex 2.09336 20.4505 -2.60548
      vertex 2.08439 20.4605 -2.58704
      vertex 2.08842 20.4637 -2.58704
    endloop
  endfacet
  facet normal -0.673222 0.545286 -0.499436
    outer loop
      vertex 1.78954 20.1656 -2.58704
      vertex 1.32601 19.9877 -2.15645
      vertex 1.6048 20.3319 -2.15645
    endloop
  endfacet
  facet normal -0.808287 0.0423594 -0.587263
    outer loop
      vertex 1.07878 17.8859 -2.98927
      vertex 0.766315 17.5 -2.58704
      vertex 0.788137 17.9164 -2.58704
    endloop
  endfacet
  facet normal -0.743149 0 -0.669126
    outer loop
      vertex 1.23094 17.5 -3.18072
      vertex 1.05856 17.4229 -2.98927
      vertex 1.05856 17.5 -2.98927
    endloop
  endfacet
  facet normal -0.743155 0 -0.669119
    outer loop
      vertex 1.39124 3.25 -3.35876
      vertex 1.05856 10.6039 -2.98927
      vertex 1.39124 10.8903 -3.35876
    endloop
  endfacet
  facet normal -0.743155 -0 -0.669119
    outer loop
      vertex 1.05856 10.6039 -2.98927
      vertex 1.39124 3.25 -3.35876
      vertex 1.05856 3.25 -2.98927
    endloop
  endfacet
  facet normal -0.726567 -0.471826 -0.49948
    outer loop
      vertex 1.32601 0.762327 -2.15645
      vertex 1.08474 1.13386 -2.15645
      vertex 1.52713 0.908448 -2.58704
    endloop
  endfacet
  facet normal -0.838669 -0.544641 0
    outer loop
      vertex 0.912436 0.461846 -0.248595
      vertex 0.642016 0.878254 0.248595
      vertex 0.642016 0.878254 -0.248595
    endloop
  endfacet
  facet normal -0.838669 -0.544641 0
    outer loop
      vertex 0.642016 0.878254 0.248595
      vertex 0.912436 0.461846 -0.248595
      vertex 0.912436 0.461846 0.248595
    endloop
  endfacet
  facet normal -0.836809 -0.22422 0.499476
    outer loop
      vertex 0.853368 2.42174 2.58704
      vertex 0.610204 2.37006 2.15645
      vertex 0.961289 2.01897 2.58704
    endloop
  endfacet
  facet normal -0.646119 -0.646121 -0.406273
    outer loop
      vertex 1.91805 0.104802 -2.15645
      vertex 1.45452 0.282735 -1.70225
      vertex 1.6048 0.418051 -2.15645
    endloop
  endfacet
  facet normal -0.646118 -0.646122 -0.406272
    outer loop
      vertex 1.82369 0 -1.83971
      vertex 1.45452 0.282735 -1.70225
      vertex 1.91805 0.104802 -2.15645
    endloop
  endfacet
  facet normal -0.646117 -0.646105 -0.406302
    outer loop
      vertex 1.45452 0.282735 -1.70225
      vertex 1.82369 0 -1.83971
      vertex 1.73725 0 -1.70225
    endloop
  endfacet
  facet normal -0.62902 -0.509369 0.587262
    outer loop
      vertex 1.76356 1.08022 2.98927
      vertex 1.52713 0.908448 2.58704
      vertex 2.00672 0.779942 2.98927
    endloop
  endfacet
  facet normal -0.227271 0.44594 0.865728
    outer loop
      vertex 3.87289 19.47 4.23228
      vertex 3.45648 19.7404 3.98368
      vertex 3.67177 19.3675 4.23228
    endloop
  endfacet
  facet normal 0.0659224 -0.0812962 -0.994508
    outer loop
      vertex 12.9368 2.64885 -4.69152
      vertex 12.6461 3.04888 -4.74349
      vertex 12.6663 3.06526 -4.74349
    endloop
  endfacet
  facet normal 0.309009 0.0161539 -0.950922
    outer loop
      vertex 14.2022 17.5 -4.43451
      vertex 13.7294 17.5 -4.58815
      vertex 14.1929 17.6779 -4.43451
    endloop
  endfacet
  facet normal -0.105391 -0.393331 -0.913336
    outer loop
      vertex 4.30165 1.14067 -4.23228
      vertex 4.08362 1.19909 -4.23228
      vertex 4.22398 1.63107 -4.43451
    endloop
  endfacet
  facet normal 0.341505 0.221807 -0.913332
    outer loop
      vertex 13.9742 18.3511 -4.43451
      vertex 13.8771 18.5006 -4.43451
      vertex 14.2446 18.7675 -4.23228
    endloop
  endfacet
  facet normal -0.0977127 -0.0375187 -0.994507
    outer loop
      vertex 4.07118 2.94777 -4.69152
      vertex 4.0433 3.02038 -4.69152
      vertex 4.5229 3.14889 -4.74349
    endloop
  endfacet
  facet normal 0.0163718 -0.10338 -0.994507
    outer loop
      vertex 12.5777 2.51101 -4.69152
      vertex 12.526 3.00277 -4.74349
      vertex 12.5517 3.00684 -4.74349
    endloop
  endfacet
  facet normal 0.405059 -0.623629 -0.668591
    outer loop
      vertex 14.3457 0.0531158 -2.98927
      vertex 14.1794 0.34123 -3.35876
      vertex 14.4742 0.532708 -3.35876
    endloop
  endfacet
  facet normal 0.549317 -0.210774 -0.808595
    outer loop
      vertex 15.2308 2.03415 -3.69144
      vertex 14.8634 2.19776 -3.98368
      vertex 14.9604 2.45056 -3.98368
    endloop
  endfacet
  facet normal 0.912512 0.0478404 -0.406243
    outer loop
      vertex 16.9345 17.5 -1.70225
      vertex 16.7091 17.9424 -2.15645
      vertex 16.9102 17.9635 -1.70225
    endloop
  endfacet
  facet normal 0.966174 -0.152988 -0.207613
    outer loop
      vertex 17.089 2.27458 -0.743063
      vertex 16.9879 2.29607 -1.22939
      vertex 17.1658 2.7596 -0.743063
    endloop
  endfacet
  facet normal 0.808233 -0.0423128 -0.587341
    outer loop
      vertex 16.4619 2.83359 -2.58704
      vertex 16.1712 2.86414 -2.98927
      vertex 16.4837 3.25 -2.58704
    endloop
  endfacet
  facet normal 0.678718 -0.440875 -0.587343
    outer loop
      vertex 15.7229 0.908448 -2.58704
      vertex 15.4864 1.08022 -2.98927
      vertex 15.6969 1.40428 -2.98927
    endloop
  endfacet
  facet normal 0.949876 -0.0497961 -0.308634
    outer loop
      vertex 17.063 2.77041 -1.22939
      vertex 16.9102 2.78647 -1.70225
      vertex 16.9345 3.25 -1.70225
    endloop
  endfacet
  facet normal 0.227217 -0.445988 0.865718
    outer loop
      vertex 13.7935 1.00956 3.98368
      vertex 13.3771 1.27998 4.23228
      vertex 13.5522 0.886625 3.98368
    endloop
  endfacet
  facet normal -0.960649 -0.257403 -0.104389
    outer loop
      vertex 0.288099 1.80024 -0.743063
      vertex 0.110166 2.26377 -0.248595
      vertex 0.161001 2.27458 -0.743063
    endloop
  endfacet
  facet normal -0.673263 -0.545199 0.499474
    outer loop
      vertex 1.78954 0.584394 2.58704
      vertex 1.32601 0.762327 2.15645
      vertex 1.6048 0.418051 2.15645
    endloop
  endfacet
  facet normal -0.755634 -0.290058 0.587268
    outer loop
      vertex 1.23923 2.10928 2.98927
      vertex 0.961289 2.01897 2.58704
      vertex 1.3777 1.74855 2.98927
    endloop
  endfacet
  facet normal 0.471937 -0.727125 0.498563
    outer loop
      vertex 14.8416 0.0271301 2.58704
      vertex 14.7998 0 2.58704
      vertex 14.8277 0 2.56063
    endloop
  endfacet
  facet normal 0.205596 0.0326753 0.978091
    outer loop
      vertex 13.7025 17.7556 4.58815
      vertex 13.2268 17.6545 4.69152
      vertex 13.7227 17.6285 4.58815
    endloop
  endfacet
  facet normal 0.500077 0 0.865981
    outer loop
      vertex 14.6565 17.5 4.23228
      vertex 15.087 3.25 3.98368
      vertex 15.087 17.5 3.98368
    endloop
  endfacet
  facet normal 0.500077 0 0.865981
    outer loop
      vertex 15.087 3.25 3.98368
      vertex 14.6565 17.5 4.23228
      vertex 14.6565 3.25 4.23228
    endloop
  endfacet
  facet normal 0.951081 0 -0.308941
    outer loop
      vertex 17.0881 3.25 -1.22939
      vertex 16.9345 17.5 -1.70225
      vertex 17.0881 17.5 -1.22939
    endloop
  endfacet
  facet normal 0.951081 0 -0.308941
    outer loop
      vertex 16.9345 17.5 -1.70225
      vertex 17.0881 3.25 -1.22939
      vertex 16.9345 3.25 -1.70225
    endloop
  endfacet
  facet normal 0.993169 -0.0520791 -0.104415
    outer loop
      vertex 17.2175 2.75417 -0.248595
      vertex 17.1658 2.7596 -0.743063
      vertex 17.2435 3.25 -0.248595
    endloop
  endfacet
  facet normal 0.623625 -0.405089 -0.668577
    outer loop
      vertex 15.4864 1.08022 -2.98927
      vertex 15.2173 1.27577 -3.35876
      vertex 15.6969 1.40428 -2.98927
    endloop
  endfacet
  facet normal 0.739229 -0.598555 -0.308663
    outer loop
      vertex 15.9097 0.17993 -1.22939
      vertex 15.7955 0.282735 -1.70225
      vertex 16.2119 0.553154 -1.22939
    endloop
  endfacet
  facet normal 0.83679 -0.224172 -0.49953
    outer loop
      vertex 16.6398 2.37006 -2.15645
      vertex 16.2887 2.01897 -2.58704
      vertex 16.3966 2.42174 -2.58704
    endloop
  endfacet
  facet normal 0.755648 -0.290126 -0.587216
    outer loop
      vertex 16.2887 2.01897 -2.58704
      vertex 15.8723 1.74855 -2.98927
      vertex 16.0108 2.10928 -2.98927
    endloop
  endfacet
  facet normal 0.847512 -0.431773 0.308701
    outer loop
      vertex 16.5511 1.44632 1.70225
      vertex 16.4735 0.955926 1.22939
      vertex 16.6915 1.38383 1.22939
    endloop
  endfacet
  facet normal 0.855606 -0.135659 0.499534
    outer loop
      vertex 16.4619 2.83359 2.58704
      vertex 16.3966 2.42174 2.58704
      vertex 16.6398 2.37006 2.15645
    endloop
  endfacet
  facet normal 0.76636 -0.497666 0.406228
    outer loop
      vertex 16.1653 1.13386 2.15645
      vertex 16.0876 0.643461 1.70225
      vertex 16.3404 1.03275 1.70225
    endloop
  endfacet
  facet normal 0.772858 -0.62592 0.10447
    outer loop
      vertex 16.2955 0.492393 0.743063
      vertex 16.0251 0.075985 0.248595
      vertex 16.3376 0.461846 0.248595
    endloop
  endfacet
  facet normal 0.755639 -0.290003 0.587289
    outer loop
      vertex 16.2887 2.01897 2.58704
      vertex 15.8723 1.74855 2.98927
      vertex 16.1393 1.62969 2.58704
    endloop
  endfacet
  facet normal 0.99317 0.0520823 0.104411
    outer loop
      vertex 17.2175 17.9958 0.248595
      vertex 17.1658 17.9904 0.743063
      vertex 17.2435 17.5 0.248595
    endloop
  endfacet
  facet normal 0.91251 -0.0478373 0.406246
    outer loop
      vertex 16.9345 3.25 1.70225
      vertex 16.7091 2.80761 2.15645
      vertex 16.9102 2.78647 1.70225
    endloop
  endfacet
  facet normal 0.771917 0.393293 0.499464
    outer loop
      vertex 16.1653 19.6161 2.15645
      vertex 16.1393 19.1203 2.58704
      vertex 16.3664 19.2214 2.15645
    endloop
  endfacet
  facet normal 0.960661 0.257392 -0.104304
    outer loop
      vertex 17.1398 18.4862 -0.248595
      vertex 16.9619 18.9498 -0.743063
      vertex 17.0113 18.9658 -0.248595
    endloop
  endfacet
  facet normal 0.912516 -0.0478545 0.406232
    outer loop
      vertex 16.7323 3.25 2.15645
      vertex 16.7091 2.80761 2.15645
      vertex 16.9345 3.25 1.70225
    endloop
  endfacet
  facet normal 0.949875 0.0497993 -0.308638
    outer loop
      vertex 16.9345 17.5 -1.70225
      vertex 16.9102 17.9635 -1.70225
      vertex 17.063 17.9796 -1.22939
    endloop
  endfacet
  facet normal 0.524276 0.267027 0.808598
    outer loop
      vertex 15.0888 18.9946 3.69144
      vertex 14.8634 18.5522 3.98368
      vertex 15.2308 18.7158 3.69144
    endloop
  endfacet
  facet normal 0.388982 0.314912 0.86575
    outer loop
      vertex 14.593 19.0206 3.98368
      vertex 14.1026 18.9429 4.23228
      vertex 14.2446 18.7675 4.23228
    endloop
  endfacet
  facet normal 0.561624 -0.364699 -0.74268
    outer loop
      vertex 15.2173 1.27577 -3.35876
      vertex 14.9184 1.49295 -3.69144
      vertex 15.0888 1.75536 -3.69144
    endloop
  endfacet
  facet normal 0.742673 -0.0388794 -0.668524
    outer loop
      vertex 16.1712 2.86414 -2.98927
      vertex 15.8588 3.25 -3.35876
      vertex 16.1914 3.25 -2.98927
    endloop
  endfacet
  facet normal 0.808232 -0.0423115 -0.587341
    outer loop
      vertex 16.4837 3.25 -2.58704
      vertex 16.1712 2.86414 -2.98927
      vertex 16.1914 3.25 -2.98927
    endloop
  endfacet
  facet normal 0.0350687 0.668725 -0.742682
    outer loop
      vertex 12.8125 20.4729 -3.69144
      vertex 12.5881 20.75 -3.45253
      vertex 12.8416 20.75 -3.44056
    endloop
  endfacet
  facet normal 0.0109706 0.207906 -0.978087
    outer loop
      vertex 12.5777 18.239 -4.69152
      vertex 12.5 18.2431 -4.69152
      vertex 12.5 18.7294 -4.58815
    endloop
  endfacet
  facet normal 0.0474862 -0.0932836 -0.994507
    outer loop
      vertex 12.8715 2.60649 -4.69152
      vertex 12.6011 3.0229 -4.74349
      vertex 12.6243 3.03471 -4.74349
    endloop
  endfacet
  facet normal 0.0933049 0.0474568 -0.994506
    outer loop
      vertex 12.7271 17.6011 -4.74349
      vertex 12.7153 17.6243 -4.74349
      vertex 13.1435 17.8715 -4.69152
    endloop
  endfacet
  facet normal -0.866029 0 0.499994
    outer loop
      vertex 0.517718 14.4826 2.15645
      vertex 0.766315 17.5 2.58704
      vertex 0.517718 17.5 2.15645
    endloop
  endfacet
  facet normal -0.866029 0 0.499994
    outer loop
      vertex 0.766315 17.5 2.58704
      vertex 0.517718 14.4826 2.15645
      vertex 0.766315 14.1881 2.58704
    endloop
  endfacet
  facet normal -0.866031 0 0.49999
    outer loop
      vertex 0.517718 3.25 2.15645
      vertex 0.61538 7.39843 2.32561
      vertex 0.517718 7.48201 2.15645
    endloop
  endfacet
  facet normal -0.866028 -3.03665e-07 0.499996
    outer loop
      vertex 0.517718 3.25 2.15645
      vertex 0.766315 7.26926 2.58704
      vertex 0.61538 7.39843 2.32561
    endloop
  endfacet
  facet normal -0.866029 0 0.499994
    outer loop
      vertex 0.766315 7.26926 2.58704
      vertex 0.517718 3.25 2.15645
      vertex 0.766315 3.25 2.58704
    endloop
  endfacet
  facet normal -0.865139 0.0453388 0.499479
    outer loop
      vertex 0.788137 17.9164 2.58704
      vertex 0.540903 17.9424 2.15645
      vertex 0.766315 17.5 2.58704
    endloop
  endfacet
  facet normal -0.520375 0.421423 0.742706
    outer loop
      vertex 2.25396 19.7474 3.35876
      vertex 2.03271 19.4742 3.35876
      vertex 2.33163 19.257 3.69144
    endloop
  endfacet
  facet normal -0.0214645 0.40658 0.913363
    outer loop
      vertex 4.75 19.6565 4.23228
      vertex 4.52459 19.6446 4.23228
      vertex 4.75 19.2022 4.43451
    endloop
  endfacet
  facet normal -0.0308329 0.587443 0.808678
    outer loop
      vertex 4.75 20.4893 3.69144
      vertex 4.43754 20.4729 3.69144
      vertex 4.75 20.087 3.98368
    endloop
  endfacet
  facet normal -0.718266 0.192481 0.668614
    outer loop
      vertex 1.23923 18.6407 2.98927
      vertex 1.13922 18.2675 2.98927
      vertex 1.55563 18.5379 3.35876
    endloop
  endfacet
  facet normal -0.820346 0.532834 0.207653
    outer loop
      vertex 1.03811 20.1968 1.22939
      vertex 0.687024 19.8458 0.743063
      vertex 0.776547 19.7941 1.22939
    endloop
  endfacet
  facet normal 0.298872 0.0800679 0.950928
    outer loop
      vertex 14.1189 18.026 4.43451
      vertex 13.6692 17.8799 4.58815
      vertex 13.7025 17.7556 4.58815
    endloop
  endfacet
  facet normal 0.10452 0 0.994523
    outer loop
      vertex 12.7486 17.5 4.74349
      vertex 13.2431 3.25 4.69152
      vertex 13.2431 17.5 4.69152
    endloop
  endfacet
  facet normal 0.10452 0 0.994523
    outer loop
      vertex 13.2431 3.25 4.69152
      vertex 12.7486 17.5 4.74349
      vertex 12.7486 3.25 4.74349
    endloop
  endfacet
  facet normal -0.596657 0.303966 0.742701
    outer loop
      vertex 1.84123 19.1794 3.35876
      vertex 1.68162 18.8661 3.35876
      vertex 2.01916 18.7158 3.69144
    endloop
  endfacet
  facet normal -0.39332 0.105402 0.91334
    outer loop
      vertex 2.69909 18.1664 4.23228
      vertex 2.64067 17.9484 4.23228
      vertex 3.13107 18.026 4.43451
    endloop
  endfacet
  facet normal 0.587443 0.030829 -0.808678
    outer loop
      vertex 15.4893 17.5 -3.69144
      vertex 15.087 17.5 -3.98368
      vertex 15.4729 17.8125 -3.69144
    endloop
  endfacet
  facet normal 0.0212593 0.406669 -0.913328
    outer loop
      vertex 12.6779 19.1929 -4.43451
      vertex 12.5 19.2022 -4.43451
      vertex 12.7254 19.6446 -4.23228
    endloop
  endfacet
  facet normal 0.966172 0.152982 -0.207627
    outer loop
      vertex 17.063 17.9796 -1.22939
      vertex 16.9879 18.4539 -1.22939
      vertex 17.1658 17.9904 -0.743063
    endloop
  endfacet
  facet normal 0.194739 0.240428 -0.950932
    outer loop
      vertex 13.639 18.765 -4.43451
      vertex 13.2226 18.4946 -4.58815
      vertex 13.5006 18.8771 -4.43451
    endloop
  endfacet
  facet normal 0.152148 0.568343 -0.808602
    outer loop
      vertex 13.4237 20.343 -3.69144
      vertex 13.0379 20.0305 -3.98368
      vertex 13.1215 20.4239 -3.69144
    endloop
  endfacet
  facet normal -0.405037 0.623631 0.668603
    outer loop
      vertex 2.90428 20.6969 2.98927
      vertex 2.77577 20.2173 3.35876
      vertex 3.07062 20.4088 3.35876
    endloop
  endfacet
  facet normal 0.207906 0.0109706 0.978087
    outer loop
      vertex 13.7294 17.5 4.58815
      vertex 13.239 17.5777 4.69152
      vertex 13.2431 17.5 4.69152
    endloop
  endfacet
  facet normal 0.194739 0.240428 0.950932
    outer loop
      vertex 13.5006 18.8771 4.43451
      vertex 13.2226 18.4946 4.58815
      vertex 13.639 18.765 4.43451
    endloop
  endfacet
  facet normal 0.388947 0.315038 0.86572
    outer loop
      vertex 14.4225 19.2311 3.98368
      vertex 14.1026 18.9429 4.23228
      vertex 14.593 19.0206 3.98368
    endloop
  endfacet
  facet normal 0.113408 0.17456 0.978094
    outer loop
      vertex 13.1147 18.5647 4.58815
      vertex 12.8715 18.1435 4.69152
      vertex 13.2226 18.4946 4.58815
    endloop
  endfacet
  facet normal 0.145952 0.380126 0.913347
    outer loop
      vertex 13.1664 19.5509 4.23228
      vertex 13.026 19.1189 4.43451
      vertex 13.3771 19.47 4.23228
    endloop
  endfacet
  facet normal 0.362837 -0.184919 -0.91332
    outer loop
      vertex 14.3675 2.17177 -4.23228
      vertex 13.9742 2.39888 -4.43451
      vertex 14.47 2.37289 -4.23228
    endloop
  endfacet
  facet normal 0.140495 -0.27564 -0.950938
    outer loop
      vertex 13.1924 1.69492 -4.43451
      vertex 13 2.1269 -4.58815
      vertex 13.3511 1.77581 -4.43451
    endloop
  endfacet
  facet normal 0.575112 -0.710096 -0.406213
    outer loop
      vertex 15.2785 0 -2.04885
      vertex 15.2025 0 -2.15645
      vertex 15.3319 0.104802 -2.15645
    endloop
  endfacet
  facet normal 0.266503 -0.694224 -0.668603
    outer loop
      vertex 13.8661 0.181623 -3.35876
      vertex 13.6828 0 -3.24324
      vertex 13.5379 0.0556316 -3.35876
    endloop
  endfacet
  facet normal 0.266448 -0.694199 -0.668651
    outer loop
      vertex 13.6828 0 -3.24324
      vertex 13.8661 0.181623 -3.35876
      vertex 13.947 0 -3.13796
    endloop
  endfacet
  facet normal -0.966161 0.153038 -0.207636
    outer loop
      vertex 0.186986 17.9796 -1.22939
      vertex 0.0841808 17.9904 -0.743063
      vertex 0.262114 18.4539 -1.22939
    endloop
  endfacet
  facet normal -0.549234 -0.21083 -0.808636
    outer loop
      vertex 2.01916 2.03415 -3.69144
      vertex 1.90703 2.32626 -3.69144
      vertex 2.28958 2.45056 -3.98368
    endloop
  endfacet
  facet normal -0.902491 0.142957 -0.406291
    outer loop
      vertex 0.540903 17.9424 -2.15645
      vertex 0.412397 18.422 -1.70225
      vertex 0.610204 18.3799 -2.15645
    endloop
  endfacet
  facet normal -0.99863 -0.0523366 0
    outer loop
      vertex 0.0324945 2.75417 -0.248595
      vertex 0.00650883 3.25 0.248595
      vertex 0.00650883 3.25 -0.248595
    endloop
  endfacet
  facet normal -0.99863 -0.0523366 0
    outer loop
      vertex 0.00650883 3.25 0.248595
      vertex 0.0324945 2.75417 -0.248595
      vertex 0.0324945 2.75417 0.248595
    endloop
  endfacet
  facet normal 0.0214654 0.40658 -0.913363
    outer loop
      vertex 12.7254 19.6446 -4.23228
      vertex 12.5 19.2022 -4.43451
      vertex 12.5 19.6565 -4.23228
    endloop
  endfacet
  facet normal -0.982292 -0.155581 0.104388
    outer loop
      vertex 0.161001 2.27458 0.743063
      vertex 0.0841808 2.7596 0.743063
      vertex 0.110166 2.26377 0.248595
    endloop
  endfacet
  facet normal -0.993174 0.0520495 -0.104388
    outer loop
      vertex 0.0584803 17.5 -0.743063
      vertex 0.00650883 17.5 -0.248595
      vertex 0.0841808 17.9904 -0.743063
    endloop
  endfacet
  facet normal -0.404998 -0.623641 -0.668617
    outer loop
      vertex 2.90428 0.0531158 -2.98927
      vertex 2.77577 0.532708 -3.35876
      vertex 3.07062 0.34123 -3.35876
    endloop
  endfacet
  facet normal -0.4572 -0.370238 -0.808636
    outer loop
      vertex 2.52854 1.24979 -3.69144
      vertex 2.33163 1.49295 -3.69144
      vertex 2.82746 1.51894 -3.98368
    endloop
  endfacet
  facet normal -0.9025 -0.142942 -0.406278
    outer loop
      vertex 0.610204 2.37006 -2.15645
      vertex 0.412397 2.32801 -1.70225
      vertex 0.540903 2.80761 -2.15645
    endloop
  endfacet
  facet normal -0.88614 -0.451507 -0.104387
    outer loop
      vertex 0.642016 0.878254 -0.248595
      vertex 0.464083 1.34179 -0.743063
      vertex 0.687024 0.90424 -0.743063
    endloop
  endfacet
  facet normal -0.882616 -0.236494 -0.406275
    outer loop
      vertex 0.724861 1.94215 -2.15645
      vertex 0.532533 1.87966 -1.70225
      vertex 0.610204 2.37006 -2.15645
    endloop
  endfacet
  facet normal -0.173306 -0.646815 -0.742695
    outer loop
      vertex 3.91971 0 -3.35876
      vertex 3.82626 0.407033 -3.69144
      vertex 4.03366 0 -3.38535
    endloop
  endfacet
  facet normal -0.173314 -0.646815 -0.742693
    outer loop
      vertex 3.82626 0.407033 -3.69144
      vertex 3.91971 0 -3.35876
      vertex 3.71209 0.0556316 -3.35876
    endloop
  endfacet
  facet normal -0.976865 -0.0511948 0.207638
    outer loop
      vertex 0.161852 3.25 1.22939
      vertex 0.0584803 3.25 0.743063
      vertex 0.186986 2.77041 1.22939
    endloop
  endfacet
  facet normal -0.993174 -0.0520495 0.104388
    outer loop
      vertex 0.0584803 3.25 0.743063
      vertex 0.00650883 3.25 0.248595
      vertex 0.0841808 2.7596 0.743063
    endloop
  endfacet
  facet normal -0.982292 -0.155579 0.104387
    outer loop
      vertex 0.0841808 2.7596 0.743063
      vertex 0.0324945 2.75417 0.248595
      vertex 0.110166 2.26377 0.248595
    endloop
  endfacet
  facet normal -0.847509 -0.431829 0.30863
    outer loop
      vertex 0.698875 1.44632 1.70225
      vertex 0.558518 1.38383 1.22939
      vertex 0.776547 0.955926 1.22939
    endloop
  endfacet
  facet normal -0.207894 -0.0108939 -0.978091
    outer loop
      vertex 4.01101 3.17233 -4.69152
      vertex 3.52061 3.25 -4.58815
      vertex 4.00694 3.25 -4.69152
    endloop
  endfacet
  facet normal 0 0.10452 -0.994523
    outer loop
      vertex 9.38566 17.7486 -4.74349
      vertex 12.5 18.2431 -4.69152
      vertex 12.5 17.7486 -4.74349
    endloop
  endfacet
  facet normal 0 0.10452 -0.994523
    outer loop
      vertex 12.5 18.2431 -4.69152
      vertex 9.38566 17.7486 -4.74349
      vertex 9.37174 18.2431 -4.69152
    endloop
  endfacet
  facet normal 0.500077 0 -0.865981
    outer loop
      vertex 14.6565 3.25 -4.23228
      vertex 15.087 17.5 -3.98368
      vertex 15.087 3.25 -3.98368
    endloop
  endfacet
  facet normal 0.500077 0 -0.865981
    outer loop
      vertex 15.087 17.5 -3.98368
      vertex 14.6565 3.25 -4.23228
      vertex 14.6565 17.5 -4.23228
    endloop
  endfacet
  facet normal 0.275657 -0.140477 -0.950936
    outer loop
      vertex 13.9742 2.39888 -4.43451
      vertex 13.6231 2.74996 -4.58815
      vertex 14.0551 2.55763 -4.43451
    endloop
  endfacet
  facet normal 0.0877137 -0.0570822 -0.994509
    outer loop
      vertex 13.1012 2.81324 -4.69152
      vertex 12.7011 3.10388 -4.74349
      vertex 12.7153 3.1257 -4.74349
    endloop
  endfacet
  facet normal -0.201088 -0.0538786 -0.97809
    outer loop
      vertex 4.0433 3.02038 -4.69152
      vertex 3.54747 2.9944 -4.58815
      vertex 4.02317 3.09551 -4.69152
    endloop
  endfacet
  facet normal -0.0746229 -0.194346 -0.978091
    outer loop
      vertex 4.52038 2.5433 -4.69152
      vertex 4.24996 2.1269 -4.58815
      vertex 4.44777 2.57118 -4.69152
    endloop
  endfacet
  facet normal -0.0877839 -0.0570064 -0.994507
    outer loop
      vertex 4.14885 2.81324 -4.69152
      vertex 4.10649 2.87847 -4.69152
      vertex 4.53471 3.1257 -4.74349
    endloop
  endfacet
  facet normal 0 -0.587783 -0.809018
    outer loop
      vertex 4.75 0.260728 -3.69144
      vertex 12.5 0.662964 -3.98368
      vertex 12.5 0.260728 -3.69144
    endloop
  endfacet
  facet normal -0 -0.587783 -0.809018
    outer loop
      vertex 12.5 0.662964 -3.98368
      vertex 4.75 0.260728 -3.69144
      vertex 4.75 0.662964 -3.98368
    endloop
  endfacet
  facet normal -0.0475007 -0.093272 -0.994507
    outer loop
      vertex 4.64889 3.0229 -4.74349
      vertex 4.37847 2.60649 -4.69152
      vertex 4.6257 3.03471 -4.74349
    endloop
  endfacet
  facet normal 0.0746308 -0.194344 -0.97809
    outer loop
      vertex 12.8799 2.08078 -4.58815
      vertex 12.7296 2.5433 -4.69152
      vertex 13 2.1269 -4.58815
    endloop
  endfacet
  facet normal -0.467275 -0.179387 -0.865722
    outer loop
      vertex 2.38663 2.19776 -3.98368
      vertex 2.28958 2.45056 -3.98368
      vertex 2.77998 2.37289 -4.23228
    endloop
  endfacet
  facet normal -0.201087 -0.0538875 -0.97809
    outer loop
      vertex 3.58078 2.8701 -4.58815
      vertex 3.54747 2.9944 -4.58815
      vertex 4.0433 3.02038 -4.69152
    endloop
  endfacet
  facet normal 0.364734 -0.561546 -0.742721
    outer loop
      vertex 14.1794 0.34123 -3.35876
      vertex 13.9946 0.661214 -3.69144
      vertex 14.4742 0.532708 -3.35876
    endloop
  endfacet
  facet normal 0.370224 -0.457252 -0.808613
    outer loop
      vertex 14.257 0.831628 -3.69144
      vertex 14.2311 1.32746 -3.98368
      vertex 14.5002 1.02854 -3.69144
    endloop
  endfacet
  facet normal 0.734458 0.116346 -0.668607
    outer loop
      vertex 15.8404 17.8511 -3.35876
      vertex 15.7854 18.1983 -3.35876
      vertex 16.1108 18.2675 -2.98927
    endloop
  endfacet
  facet normal 0.939474 -0.148772 -0.308635
    outer loop
      vertex 17.063 2.77041 -1.22939
      vertex 16.8376 2.32801 -1.70225
      vertex 16.9102 2.78647 -1.70225
    endloop
  endfacet
  facet normal 0.994516 -0 0.104587
    outer loop
      vertex 17.1915 3.25 0.743063
      vertex 17.2435 17.5 0.248595
      vertex 17.1915 17.5 0.743063
    endloop
  endfacet
  facet normal 0.994516 0 0.104587
    outer loop
      vertex 17.2435 17.5 0.248595
      vertex 17.1915 3.25 0.743063
      vertex 17.2435 3.25 0.248595
    endloop
  endfacet
  facet normal -0.575054 -0.710105 0.406281
    outer loop
      vertex 1.91805 0.104802 2.15645
      vertex 1.92757 0 1.98675
      vertex 1.95376 0.0347121 2.08449
    endloop
  endfacet
  facet normal -0.575072 -0.710094 0.406274
    outer loop
      vertex 1.92757 0 1.98675
      vertex 1.91805 0.104802 2.15645
      vertex 1.82369 0 1.83971
    endloop
  endfacet
  facet normal -0.446025 -0.227242 0.865692
    outer loop
      vertex 2.47815 2.23851 4.04153
      vertex 2.38663 2.19776 3.98368
      vertex 2.46265 2.04855 3.98368
    endloop
  endfacet
  facet normal -0.797728 -0.518048 0.308636
    outer loop
      vertex 0.909604 1.03275 1.70225
      vertex 0.776547 0.955926 1.22939
      vertex 1.16241 0.643461 1.70225
    endloop
  endfacet
  facet normal 0.0307852 -0.587505 -0.808635
    outer loop
      vertex 12.8125 0.277103 -3.69144
      vertex 12.5 0.260728 -3.69144
      vertex 12.5 0.662964 -3.98368
    endloop
  endfacet
  facet normal -0.739206 -0.598597 0.308634
    outer loop
      vertex 1.16241 0.643461 1.70225
      vertex 1.03811 0.553154 1.22939
      vertex 1.45452 0.282735 1.70225
    endloop
  endfacet
  facet normal -0.760209 -0.615604 0.207639
    outer loop
      vertex 1.34034 0.17993 1.22939
      vertex 1.03811 0.553154 1.22939
      vertex 1.26352 0.11076 0.743063
    endloop
  endfacet
  facet normal -0.568265 -0.152257 0.808636
    outer loop
      vertex 2.2195 2.71212 3.98368
      vertex 1.82605 2.6285 3.69144
      vertex 1.90703 2.32626 3.69144
    endloop
  endfacet
  facet normal 0.027099 -0.101099 0.994507
    outer loop
      vertex 12.7296 2.5433 4.69152
      vertex 12.5517 3.00684 4.74349
      vertex 12.6545 2.52317 4.69152
    endloop
  endfacet
  facet normal 0.239983 -0.625142 0.742701
    outer loop
      vertex 13.8661 0.181623 3.35876
      vertex 13.4237 0.407033 3.69144
      vertex 13.5379 0.0556316 3.35876
    endloop
  endfacet
  facet normal 0.341437 -0.221852 0.913347
    outer loop
      vertex 13.9742 2.39888 4.43451
      vertex 13.8771 2.24944 4.43451
      vertex 14.2446 1.98247 4.23228
    endloop
  endfacet
  facet normal 0.303961 -0.596659 0.742702
    outer loop
      vertex 14.1794 0.34123 3.35876
      vertex 13.7158 0.519164 3.69144
      vertex 13.8661 0.181623 3.35876
    endloop
  endfacet
  facet normal 0.0932932 -0.0474713 0.994506
    outer loop
      vertex 12.7271 3.14889 4.74349
      vertex 12.7153 3.1257 4.74349
      vertex 13.1435 2.87847 4.69152
    endloop
  endfacet
  facet normal 0 -0.309014 0.951057
    outer loop
      vertex 9.34404 2.02061 4.58815
      vertex 12.5 1.54775 4.43451
      vertex 12.5 2.02061 4.58815
    endloop
  endfacet
  facet normal 0 -0.309014 0.951057
    outer loop
      vertex 12.5 1.54775 4.43451
      vertex 9.34404 2.02061 4.58815
      vertex 9.30287 1.54775 4.43451
    endloop
  endfacet
  facet normal 0.623625 -0.405089 0.668577
    outer loop
      vertex 15.6969 1.40428 2.98927
      vertex 15.2173 1.27577 3.35876
      vertex 15.4864 1.08022 2.98927
    endloop
  endfacet
  facet normal 0.406674 0 0.913573
    outer loop
      vertex 14.2022 17.5 4.43451
      vertex 14.6565 3.25 4.23228
      vertex 14.6565 17.5 4.23228
    endloop
  endfacet
  facet normal 0.406674 0 0.913573
    outer loop
      vertex 14.6565 3.25 4.23228
      vertex 14.2022 17.5 4.43451
      vertex 14.2022 3.25 4.43451
    endloop
  endfacet
  facet normal 0.587443 -0.0308329 0.808678
    outer loop
      vertex 15.4893 3.25 3.69144
      vertex 15.087 3.25 3.98368
      vertex 15.4729 2.93754 3.69144
    endloop
  endfacet
  facet normal 0.678814 -0.440816 0.587276
    outer loop
      vertex 15.95 1.25816 2.58704
      vertex 15.6969 1.40428 2.98927
      vertex 15.7229 0.908448 2.58704
    endloop
  endfacet
  facet normal 0.777111 -0.629364 0
    outer loop
      vertex 16.0251 0.075985 0.248595
      vertex 16.3376 0.461846 -0.248595
      vertex 16.3376 0.461846 0.248595
    endloop
  endfacet
  facet normal 0.777111 -0.629364 0
    outer loop
      vertex 16.3376 0.461846 -0.248595
      vertex 16.0251 0.075985 0.248595
      vertex 16.0251 0.075985 -0.248595
    endloop
  endfacet
  facet normal 0.993168 -0.0520481 -0.104445
    outer loop
      vertex 17.2435 3.25 -0.248595
      vertex 17.1658 2.7596 -0.743063
      vertex 17.1915 3.25 -0.743063
    endloop
  endfacet
  facet normal 0.882635 -0.236433 -0.406269
    outer loop
      vertex 16.7175 1.87966 -1.70225
      vertex 16.6398 2.37006 -2.15645
      vertex 16.8376 2.32801 -1.70225
    endloop
  endfacet
  facet normal 0.561571 -0.364731 -0.742705
    outer loop
      vertex 15.2173 1.27577 -3.35876
      vertex 15.0888 1.75536 -3.69144
      vertex 15.4088 1.57062 -3.35876
    endloop
  endfacet
  facet normal 0.470814 -0.727314 -0.499348
    outer loop
      vertex 14.8613 0 -2.52895
      vertex 14.8277 0 -2.56063
      vertex 14.8416 0.0271301 -2.58704
    endloop
  endfacet
  facet normal 0.998628 -0.0523654 0
    outer loop
      vertex 17.2175 2.75417 0.248595
      vertex 17.2435 3.25 -0.248595
      vertex 17.2435 3.25 0.248595
    endloop
  endfacet
  facet normal 0.998628 -0.0523654 0
    outer loop
      vertex 17.2435 3.25 -0.248595
      vertex 17.2175 2.75417 0.248595
      vertex 17.2175 2.75417 -0.248595
    endloop
  endfacet
  facet normal 0.808842 -0.310379 -0.499439
    outer loop
      vertex 16.3664 1.52858 -2.15645
      vertex 16.2887 2.01897 -2.58704
      vertex 16.5251 1.94215 -2.15645
    endloop
  endfacet
  facet normal 0.672463 -0.672725 -0.3086
    outer loop
      vertex 15.5127 0 -1.70225
      vertex 15.9097 0.17993 -1.22939
      vertex 15.7297 0 -1.22939
    endloop
  endfacet
  facet normal 0.672503 -0.672658 -0.308659
    outer loop
      vertex 15.9097 0.17993 -1.22939
      vertex 15.5127 0 -1.70225
      vertex 15.7955 0.282735 -1.70225
    endloop
  endfacet
  facet normal 0.572271 -0.572368 -0.587283
    outer loop
      vertex 15.1656 0.289544 -2.58704
      vertex 15.2433 0.779942 -2.98927
      vertex 15.4605 0.584394 -2.58704
    endloop
  endfacet
  facet normal 0.572373 -0.572332 -0.587218
    outer loop
      vertex 15.2433 0.779942 -2.98927
      vertex 15.1656 0.289544 -2.58704
      vertex 14.9701 0.506722 -2.98927
    endloop
  endfacet
  facet normal 0.960657 -0.257396 0.104335
    outer loop
      vertex 17.1398 2.26377 0.248595
      vertex 16.9619 1.80024 0.743063
      vertex 17.0113 1.78418 0.248595
    endloop
  endfacet
  facet normal 0.834098 -0.541632 -0.104477
    outer loop
      vertex 16.3376 0.461846 -0.248595
      vertex 16.2955 0.492393 -0.743063
      vertex 16.608 0.878254 -0.248595
    endloop
  endfacet
  facet normal 0.887977 -0.340978 0.308597
    outer loop
      vertex 16.7175 1.87966 1.70225
      vertex 16.5511 1.44632 1.70225
      vertex 16.8636 1.83218 1.22939
    endloop
  endfacet
  facet normal 0.661297 -0.104744 0.742775
    outer loop
      vertex 15.8404 2.89891 3.35876
      vertex 15.4239 2.6285 3.69144
      vertex 15.7854 2.55167 3.35876
    endloop
  endfacet
  facet normal 0.928498 -0.356352 -0.104429
    outer loop
      vertex 16.8334 1.32065 -0.248595
      vertex 16.7859 1.34179 -0.743063
      vertex 17.0113 1.78418 -0.248595
    endloop
  endfacet
  facet normal 0.814198 -0.414806 0.406224
    outer loop
      vertex 16.5511 1.44632 1.70225
      vertex 16.1653 1.13386 2.15645
      vertex 16.3404 1.03275 1.70225
    endloop
  endfacet
  facet normal 0.64606 -0.646166 0.406296
    outer loop
      vertex 15.3319 0.104802 2.15645
      vertex 15.7955 0.282735 1.70225
      vertex 15.6452 0.418051 2.15645
    endloop
  endfacet
  facet normal 0.646084 -0.646113 0.406341
    outer loop
      vertex 15.4263 0 1.83971
      vertex 15.7955 0.282735 1.70225
      vertex 15.3319 0.104802 2.15645
    endloop
  endfacet
  facet normal 0.646099 -0.646248 0.406103
    outer loop
      vertex 15.7955 0.282735 1.70225
      vertex 15.4263 0 1.83971
      vertex 15.5127 0 1.70225
    endloop
  endfacet
  facet normal 0.707037 -0.707177 0
    outer loop
      vertex 15.9491 0 -0.248595
      vertex 16.0251 0.075985 0.248595
      vertex 15.9491 0 0.248595
    endloop
  endfacet
  facet normal 0.707037 -0.707177 0
    outer loop
      vertex 16.0251 0.075985 0.248595
      vertex 15.9491 0 -0.248595
      vertex 16.0251 0.075985 -0.248595
    endloop
  endfacet
  facet normal 0.928512 0.356303 -0.104472
    outer loop
      vertex 17.0113 18.9658 -0.248595
      vertex 16.7859 19.4082 -0.743063
      vertex 16.8334 19.4294 -0.248595
    endloop
  endfacet
  facet normal 0.902505 -0.14294 0.406266
    outer loop
      vertex 16.7091 2.80761 2.15645
      vertex 16.6398 2.37006 2.15645
      vertex 16.8376 2.32801 1.70225
    endloop
  endfacet
  facet normal 0.939474 -0.148772 0.308635
    outer loop
      vertex 16.9102 2.78647 1.70225
      vertex 16.8376 2.32801 1.70225
      vertex 17.063 2.77041 1.22939
    endloop
  endfacet
  facet normal 0.91878 0.246183 0.308606
    outer loop
      vertex 16.8636 18.9178 1.22939
      vertex 16.7175 18.8703 1.70225
      vertex 16.9879 18.4539 1.22939
    endloop
  endfacet
  facet normal 0.913269 0.350521 -0.207544
    outer loop
      vertex 16.8636 18.9178 -1.22939
      vertex 16.6915 19.3662 -1.22939
      vertex 16.7859 19.4082 -0.743063
    endloop
  endfacet
  facet normal 0.625041 0.240088 -0.742753
    outer loop
      vertex 15.343 18.4237 -3.69144
      vertex 15.2308 18.7158 -3.69144
      vertex 15.5684 18.8661 -3.35876
    endloop
  endfacet
  facet normal 0.661336 0.104872 0.742723
    outer loop
      vertex 15.8404 17.8511 3.35876
      vertex 15.4239 18.1215 3.69144
      vertex 15.4729 17.8125 3.69144
    endloop
  endfacet
  facet normal 0.743235 -0 0.66903
    outer loop
      vertex 15.8588 3.25 3.35876
      vertex 16.1914 17.5 2.98927
      vertex 15.8588 17.5 3.35876
    endloop
  endfacet
  facet normal 0.743235 0 0.66903
    outer loop
      vertex 16.1914 17.5 2.98927
      vertex 15.8588 3.25 3.35876
      vertex 16.1914 3.25 2.98927
    endloop
  endfacet
  facet normal 0.288862 0.110879 0.950928
    outer loop
      vertex 14.1189 18.026 4.43451
      vertex 13.6231 18 4.58815
      vertex 13.6692 17.8799 4.58815
    endloop
  endfacet
  facet normal 0.54915 0.210937 0.808665
    outer loop
      vertex 15.2308 18.7158 3.69144
      vertex 14.9604 18.2994 3.98368
      vertex 15.343 18.4237 3.69144
    endloop
  endfacet
  facet normal 0.808957 0 -0.587868
    outer loop
      vertex 16.4837 3.25 -2.58704
      vertex 16.1914 17.5 -2.98927
      vertex 16.4837 17.5 -2.58704
    endloop
  endfacet
  facet normal 0.808957 0 -0.587868
    outer loop
      vertex 16.1914 17.5 -2.98927
      vertex 16.4837 3.25 -2.58704
      vertex 16.1914 3.25 -2.98927
    endloop
  endfacet
  facet normal 0.865135 0.0453687 -0.499483
    outer loop
      vertex 16.7323 17.5 -2.15645
      vertex 16.4837 17.5 -2.58704
      vertex 16.7091 17.9424 -2.15645
    endloop
  endfacet
  facet normal 0.718278 -0.192483 -0.668601
    outer loop
      vertex 16.1108 2.4825 -2.98927
      vertex 15.6944 2.21209 -3.35876
      vertex 15.7854 2.55167 -3.35876
    endloop
  endfacet
  facet normal 0.467271 -0.179293 -0.865744
    outer loop
      vertex 14.8634 2.19776 -3.98368
      vertex 14.47 2.37289 -4.23228
      vertex 14.9604 2.45056 -3.98368
    endloop
  endfacet
  facet normal 0.315002 -0.388957 -0.865729
    outer loop
      vertex 14.0206 1.15704 -3.98368
      vertex 13.7675 1.50539 -4.23228
      vertex 13.9429 1.64744 -4.23228
    endloop
  endfacet
  facet normal 0.483435 -0.129564 -0.865739
    outer loop
      vertex 14.9604 2.45056 -3.98368
      vertex 14.6093 2.80165 -4.23228
      vertex 15.0305 2.71212 -3.98368
    endloop
  endfacet
  facet normal 0.587722 0 -0.809063
    outer loop
      vertex 15.087 3.25 -3.98368
      vertex 15.4893 17.5 -3.69144
      vertex 15.4893 3.25 -3.69144
    endloop
  endfacet
  facet normal 0.587722 0 -0.809063
    outer loop
      vertex 15.4893 17.5 -3.69144
      vertex 15.087 3.25 -3.98368
      vertex 15.087 17.5 -3.98368
    endloop
  endfacet
  facet normal 0.0932932 -0.0474713 -0.994506
    outer loop
      vertex 13.1435 2.87847 -4.69152
      vertex 12.7153 3.1257 -4.74349
      vertex 12.7271 3.14889 -4.74349
    endloop
  endfacet
  facet normal -0.834069 0.541712 -0.104294
    outer loop
      vertex 0.687024 19.8458 -0.743063
      vertex 0.642016 19.8717 -0.248595
      vertex 0.95448 20.2576 -0.743063
    endloop
  endfacet
  facet normal -0.406741 0 0.913543
    outer loop
      vertex 2.59354 12.8053 4.23228
      vertex 3.04775 17.5 4.43451
      vertex 2.59354 17.5 4.23228
    endloop
  endfacet
  facet normal -0.406741 0 0.913543
    outer loop
      vertex 3.04775 17.5 4.43451
      vertex 2.59354 12.8053 4.23228
      vertex 3.04775 12.5478 4.43451
    endloop
  endfacet
  facet normal -0.743155 0 0.669119
    outer loop
      vertex 1.05856 13.9012 2.98927
      vertex 1.39124 17.5 3.35876
      vertex 1.05856 17.5 2.98927
    endloop
  endfacet
  facet normal -0.743155 0 0.669119
    outer loop
      vertex 1.39124 17.5 3.35876
      vertex 1.05856 13.9012 2.98927
      vertex 1.39124 13.6148 3.35876
    endloop
  endfacet
  facet normal -0.743155 0 0.669119
    outer loop
      vertex 1.05856 3.25 2.98927
      vertex 1.39124 6.93335 3.35876
      vertex 1.05856 7.08223 2.98927
    endloop
  endfacet
  facet normal -0.743155 0 0.669119
    outer loop
      vertex 1.39124 6.93335 3.35876
      vertex 1.05856 3.25 2.98927
      vertex 1.39124 3.25 3.35876
    endloop
  endfacet
  facet normal -0.799436 0.126619 0.587257
    outer loop
      vertex 1.13922 18.2675 2.98927
      vertex 0.788137 17.9164 2.58704
      vertex 1.07878 17.8859 2.98927
    endloop
  endfacet
  facet normal 0.0740043 0.0740043 0.994508
    outer loop
      vertex 12.9972 18.0522 4.69152
      vertex 12.6847 17.6663 4.74349
      vertex 13.0522 17.9972 4.69152
    endloop
  endfacet
  facet normal 0.0740043 0.0740043 0.994508
    outer loop
      vertex 12.6847 17.6663 4.74349
      vertex 12.9972 18.0522 4.69152
      vertex 12.6663 17.6847 4.74349
    endloop
  endfacet
  facet normal -0.207911 0 0.978148
    outer loop
      vertex 4.00694 17.5 4.69152
      vertex 3.71751 12.1924 4.63
      vertex 4.00694 12.0308 4.69152
    endloop
  endfacet
  facet normal -0.207907 0 0.978149
    outer loop
      vertex 3.52061 12.2887 4.58815
      vertex 4.00694 17.5 4.69152
      vertex 3.52061 17.5 4.58815
    endloop
  endfacet
  facet normal -0.207901 -5.85738e-07 0.97815
    outer loop
      vertex 4.00694 17.5 4.69152
      vertex 3.52061 12.2887 4.58815
      vertex 3.71751 12.1924 4.63
    endloop
  endfacet
  facet normal -0.772872 0.625913 -0.104415
    outer loop
      vertex 1.26352 20.6392 -0.743063
      vertex 0.95448 20.2576 -0.743063
      vertex 1.2249 20.674 -0.248595
    endloop
  endfacet
  facet normal 0.0636837 -0.402194 0.913337
    outer loop
      vertex 12.9484 1.14067 4.23228
      vertex 12.6779 1.55708 4.43451
      vertex 12.7254 1.10536 4.23228
    endloop
  endfacet
  facet normal 0.207906 0.0109706 -0.978087
    outer loop
      vertex 13.2431 17.5 -4.69152
      vertex 13.239 17.5777 -4.69152
      vertex 13.7294 17.5 -4.58815
    endloop
  endfacet
  facet normal 0.7266 0.471821 -0.499437
    outer loop
      vertex 16.1653 19.6161 -2.15645
      vertex 15.7229 19.8416 -2.58704
      vertex 15.924 19.9877 -2.15645
    endloop
  endfacet
  facet normal 0.718273 0.19247 -0.66861
    outer loop
      vertex 15.7854 18.1983 -3.35876
      vertex 15.6944 18.5379 -3.35876
      vertex 16.1108 18.2675 -2.98927
    endloop
  endfacet
  facet normal 0.467877 0.577965 -0.668616
    outer loop
      vertex 14.9701 20.2433 -2.98927
      vertex 14.4742 20.2173 -3.35876
      vertex 14.6698 20.4864 -2.98927
    endloop
  endfacet
  facet normal 0.0659327 0.0812721 0.994509
    outer loop
      vertex 12.9368 18.1012 4.69152
      vertex 12.6663 17.6847 4.74349
      vertex 12.9972 18.0522 4.69152
    endloop
  endfacet
  facet normal 0.309009 -0.0161512 0.950922
    outer loop
      vertex 14.2022 3.25 4.43451
      vertex 13.7294 3.25 4.58815
      vertex 14.1929 3.07207 4.43451
    endloop
  endfacet
  facet normal 0.25631 0.316444 0.913328
    outer loop
      vertex 13.7675 19.2446 4.23228
      vertex 13.5006 18.8771 4.43451
      vertex 13.639 18.765 4.43451
    endloop
  endfacet
  facet normal 0.362832 0.184934 0.913319
    outer loop
      vertex 14.3675 18.5782 4.23228
      vertex 13.9742 18.3511 4.43451
      vertex 14.47 18.3771 4.23228
    endloop
  endfacet
  facet normal -0.305596 0.0483918 0.950931
    outer loop
      vertex 3.08495 17.8539 4.43451
      vertex 3.05708 17.6779 4.43451
      vertex 3.54747 17.7556 4.58815
    endloop
  endfacet
  facet normal 0.0812505 0.0659658 0.994508
    outer loop
      vertex 13.1012 17.9368 4.69152
      vertex 12.6847 17.6663 4.74349
      vertex 12.7011 17.6461 4.74349
    endloop
  endfacet
  facet normal 0.0214654 0.40658 0.913363
    outer loop
      vertex 12.5 19.6565 4.23228
      vertex 12.5 19.2022 4.43451
      vertex 12.7254 19.6446 4.23228
    endloop
  endfacet
  facet normal 0.0782454 0.494298 0.865764
    outer loop
      vertex 12.7704 20.0729 3.98368
      vertex 12.7254 19.6446 4.23228
      vertex 12.9484 19.6093 4.23228
    endloop
  endfacet
  facet normal 0.419828 0.272491 0.865733
    outer loop
      vertex 14.593 19.0206 3.98368
      vertex 14.3675 18.5782 4.23228
      vertex 14.7404 18.7935 3.98368
    endloop
  endfacet
  facet normal -0.194692 0.24049 0.950926
    outer loop
      vertex 3.74944 18.8771 4.43451
      vertex 3.61097 18.765 4.43451
      vertex 4.02738 18.4946 4.58815
    endloop
  endfacet
  facet normal 0.314917 -0.388981 -0.865749
    outer loop
      vertex 14.0206 1.15704 -3.98368
      vertex 13.9429 1.64744 -4.23228
      vertex 14.2311 1.32746 -3.98368
    endloop
  endfacet
  facet normal 0.168445 -0.259507 -0.950938
    outer loop
      vertex 13.3511 1.77581 -4.43451
      vertex 13.2226 2.2554 -4.58815
      vertex 13.5006 1.87285 -4.43451
    endloop
  endfacet
  facet normal 0.364714 -0.56158 -0.742706
    outer loop
      vertex 14.4742 0.532708 -3.35876
      vertex 13.9946 0.661214 -3.69144
      vertex 14.257 0.831628 -3.69144
    endloop
  endfacet
  facet normal 0.210836 -0.549235 -0.808634
    outer loop
      vertex 13.7158 0.519164 -3.69144
      vertex 13.2994 0.789582 -3.98368
      vertex 13.5522 0.886625 -3.98368
    endloop
  endfacet
  facet normal 0.691565 -0.691834 -0.207614
    outer loop
      vertex 15.9097 0.17993 -1.22939
      vertex 15.8757 0 -0.743063
      vertex 15.7297 0 -1.22939
    endloop
  endfacet
  facet normal 0.691575 -0.691825 -0.20761
    outer loop
      vertex 15.8757 0 -0.743063
      vertex 15.9097 0.17993 -1.22939
      vertex 15.9865 0.11076 -0.743063
    endloop
  endfacet
  facet normal 0.772858 -0.62592 -0.10447
    outer loop
      vertex 16.3376 0.461846 -0.248595
      vertex 16.0251 0.075985 -0.248595
      vertex 16.2955 0.492393 -0.743063
    endloop
  endfacet
  facet normal 0 -0.66913 -0.743146
    outer loop
      vertex 4.75 0 -3.45668
      vertex 12.5 0.260728 -3.69144
      vertex 12.5 0 -3.45668
    endloop
  endfacet
  facet normal -0 -0.66913 -0.743146
    outer loop
      vertex 12.5 0.260728 -3.69144
      vertex 4.75 0 -3.45668
      vertex 4.75 0.260728 -3.69144
    endloop
  endfacet
  facet normal -0.976865 0.0511938 -0.207638
    outer loop
      vertex 0.161852 17.5 -1.22939
      vertex 0.0584803 17.5 -0.743063
      vertex 0.186986 17.9796 -1.22939
    endloop
  endfacet
  facet normal -0.978148 0 -0.207911
    outer loop
      vertex 0.161852 16.5321 -1.22939
      vertex 0.0584803 17.5 -0.743063
      vertex 0.161852 17.5 -1.22939
    endloop
  endfacet
  facet normal -0.978148 -0 -0.207911
    outer loop
      vertex 0.0584803 17.5 -0.743063
      vertex 0.161852 16.5321 -1.22939
      vertex 0.0584803 16.2586 -0.743063
    endloop
  endfacet
  facet normal -0.978148 0 -0.207911
    outer loop
      vertex 0.161852 3.25 -1.22939
      vertex 0.0584803 9.12192 -0.743063
      vertex 0.161852 9.42133 -1.22939
    endloop
  endfacet
  facet normal -0.978148 -0 -0.207911
    outer loop
      vertex 0.0584803 9.12192 -0.743063
      vertex 0.161852 3.25 -1.22939
      vertex 0.0584803 3.25 -0.743063
    endloop
  endfacet
  facet normal -0.902502 -0.142938 -0.406275
    outer loop
      vertex 0.412397 2.32801 -1.70225
      vertex 0.339786 2.78647 -1.70225
      vertex 0.540903 2.80761 -2.15645
    endloop
  endfacet
  facet normal -0.799436 0.126619 -0.587257
    outer loop
      vertex 1.07878 17.8859 -2.98927
      vertex 0.788137 17.9164 -2.58704
      vertex 1.13922 18.2675 -2.98927
    endloop
  endfacet
  facet normal -0.298856 -0.0800877 -0.950932
    outer loop
      vertex 3.58078 2.8701 -4.58815
      vertex 3.13107 2.72398 -4.43451
      vertex 3.54747 2.9944 -4.58815
    endloop
  endfacet
  facet normal -0.406741 -0 -0.913543
    outer loop
      vertex 2.59354 11.6998 -4.23228
      vertex 3.04775 3.25 -4.43451
      vertex 2.59354 3.25 -4.23228
    endloop
  endfacet
  facet normal -0.406741 0 -0.913543
    outer loop
      vertex 3.04775 3.25 -4.43451
      vertex 2.59354 11.6998 -4.23228
      vertex 3.04775 11.9573 -4.43451
    endloop
  endfacet
  facet normal -0.742643 0.0389218 -0.668556
    outer loop
      vertex 1.34965 17.5514 -3.30957
      vertex 1.40964 17.8511 -3.35876
      vertex 1.39496 17.571 -3.35876
    endloop
  endfacet
  facet normal -0.74259 0.0389013 -0.668616
    outer loop
      vertex 1.40964 17.8511 -3.35876
      vertex 1.34965 17.5514 -3.30957
      vertex 1.07878 17.8859 -2.98927
    endloop
  endfacet
  facet normal -0.4934 0.320521 -0.808593
    outer loop
      vertex 2.44905 18.8285 -3.93292
      vertex 2.16121 18.9946 -3.69144
      vertex 2.42619 19.0085 -3.84762
    endloop
  endfacet
  facet normal -0.882598 0.23652 -0.4063
    outer loop
      vertex 0.610204 18.3799 -2.15645
      vertex 0.412397 18.422 -1.70225
      vertex 0.532533 18.8703 -1.70225
    endloop
  endfacet
  facet normal 0 0.30905 -0.951046
    outer loop
      vertex 9.34404 18.7294 -4.58815
      vertex 12.5 19.2022 -4.43451
      vertex 12.5 18.7294 -4.58815
    endloop
  endfacet
  facet normal 0 0.30905 -0.951046
    outer loop
      vertex 12.5 19.2022 -4.43451
      vertex 9.34404 18.7294 -4.58815
      vertex 9.30287 19.2022 -4.43451
    endloop
  endfacet
  facet normal 0.0636683 0.402211 -0.913331
    outer loop
      vertex 12.9484 19.6093 -4.23228
      vertex 12.6779 19.1929 -4.43451
      vertex 12.7254 19.6446 -4.23228
    endloop
  endfacet
  facet normal -0.847504 -0.431834 -0.308636
    outer loop
      vertex 0.776547 0.955926 -1.22939
      vertex 0.698875 1.44632 -1.70225
      vertex 0.909604 1.03275 -1.70225
    endloop
  endfacet
  facet normal -0.913544 0 -0.40674
    outer loop
      vertex 0.517718 17.0231 -2.15645
      vertex 0.315493 17.5 -1.70225
      vertex 0.517718 17.5 -2.15645
    endloop
  endfacet
  facet normal -0.913544 -0 -0.40674
    outer loop
      vertex 0.315493 17.5 -1.70225
      vertex 0.517718 17.0231 -2.15645
      vertex 0.315493 16.7888 -1.70225
    endloop
  endfacet
  facet normal -0.913537 0 -0.406756
    outer loop
      vertex 0.517718 3.25 -2.15645
      vertex 0.453508 9.92699 -2.01224
      vertex 0.517718 10.0225 -2.15645
    endloop
  endfacet
  facet normal -0.913547 -5.72108e-07 -0.406733
    outer loop
      vertex 0.453508 9.92699 -2.01224
      vertex 0.517718 3.25 -2.15645
      vertex 0.315493 9.7217 -1.70225
    endloop
  endfacet
  facet normal -0.913544 -0 -0.40674
    outer loop
      vertex 0.315493 9.7217 -1.70225
      vertex 0.517718 3.25 -2.15645
      vertex 0.315493 3.25 -1.70225
    endloop
  endfacet
  facet normal -0.272604 -0.419775 -0.865723
    outer loop
      vertex 3.45648 1.00956 -3.98368
      vertex 3.22938 1.15704 -3.98368
      vertex 3.67177 1.38245 -4.23228
    endloop
  endfacet
  facet normal -0.305593 -0.0483941 -0.950932
    outer loop
      vertex 3.08495 2.89608 -4.43451
      vertex 3.05708 3.07207 -4.43451
      vertex 3.54747 2.9944 -4.58815
    endloop
  endfacet
  facet normal -0.718264 -0.192458 -0.668623
    outer loop
      vertex 1.55563 2.21209 -3.35876
      vertex 1.13922 2.4825 -2.98927
      vertex 1.46464 2.55167 -3.35876
    endloop
  endfacet
  facet normal -0.928479 -0.356413 -0.104387
    outer loop
      vertex 0.464083 1.34179 -0.743063
      vertex 0.238672 1.78418 -0.248595
      vertex 0.288099 1.80024 -0.743063
    endloop
  endfacet
  facet normal -0.710118 -0.575044 -0.406272
    outer loop
      vertex 1.6048 0.418051 -2.15645
      vertex 1.16241 0.643461 -1.70225
      vertex 1.32601 0.762327 -2.15645
    endloop
  endfacet
  facet normal -0.944875 -0.253176 -0.207638
    outer loop
      vertex 0.288099 1.80024 -0.743063
      vertex 0.262114 2.29607 -1.22939
      vertex 0.386412 1.83218 -1.22939
    endloop
  endfacet
  facet normal -0.499835 -0.0262098 -0.865724
    outer loop
      vertex 2.17714 2.97958 -3.98368
      vertex 2.16296 3.25 -3.98368
      vertex 2.60536 3.02459 -4.23228
    endloop
  endfacet
  facet normal -0.509363 -0.629022 -0.587265
    outer loop
      vertex 2.40845 0.0271301 -2.58704
      vertex 2.08439 0.289544 -2.58704
      vertex 2.27994 0.506722 -2.98927
    endloop
  endfacet
  facet normal -0.678824 -0.440819 -0.587263
    outer loop
      vertex 1.76356 1.08022 -2.98927
      vertex 1.52713 0.908448 -2.58704
      vertex 1.55312 1.40428 -2.98927
    endloop
  endfacet
  facet normal -0.703244 -0.703244 -0.104384
    outer loop
      vertex 1.37428 0 -0.743063
      vertex 1.2249 0.075985 -0.248595
      vertex 1.26352 0.11076 -0.743063
    endloop
  endfacet
  facet normal -0.703266 -0.70322 -0.104395
    outer loop
      vertex 1.2249 0.075985 -0.248595
      vertex 1.37428 0 -0.743063
      vertex 1.30088 0 -0.248595
    endloop
  endfacet
  facet normal -0.57504 -0.710121 -0.406273
    outer loop
      vertex 1.97145 0 -2.04885
      vertex 1.82369 0 -1.83971
      vertex 1.91805 0.104802 -2.15645
    endloop
  endfacet
  facet normal -0.88614 -0.451507 0.104387
    outer loop
      vertex 0.687024 0.90424 0.743063
      vertex 0.464083 1.34179 0.743063
      vertex 0.642016 0.878254 0.248595
    endloop
  endfacet
  facet normal -0.808788 -0.310465 0.499474
    outer loop
      vertex 0.961289 2.01897 2.58704
      vertex 0.883618 1.52858 2.15645
      vertex 1.11072 1.62969 2.58704
    endloop
  endfacet
  facet normal -0.710119 -0.575042 0.406273
    outer loop
      vertex 1.6048 0.418051 2.15645
      vertex 1.16241 0.643461 1.70225
      vertex 1.45452 0.282735 1.70225
    endloop
  endfacet
  facet normal -0.912499 0.0478216 0.406275
    outer loop
      vertex 0.540903 17.9424 2.15645
      vertex 0.315493 17.5 1.70225
      vertex 0.517718 17.5 2.15645
    endloop
  endfacet
  facet normal -0.960649 -0.257403 0.104389
    outer loop
      vertex 0.161001 2.27458 0.743063
      vertex 0.110166 2.26377 0.248595
      vertex 0.288099 1.80024 0.743063
    endloop
  endfacet
  facet normal -0.993174 -0.0520507 0.104387
    outer loop
      vertex 0.0841808 2.7596 0.743063
      vertex 0.00650883 3.25 0.248595
      vertex 0.0324945 2.75417 0.248595
    endloop
  endfacet
  facet normal 0.207919 0 -0.978146
    outer loop
      vertex 13.2431 3.25 -4.69152
      vertex 13.7294 17.5 -4.58815
      vertex 13.7294 3.25 -4.58815
    endloop
  endfacet
  facet normal 0.207919 0 -0.978146
    outer loop
      vertex 13.7294 17.5 -4.58815
      vertex 13.2431 3.25 -4.69152
      vertex 13.2431 17.5 -4.69152
    endloop
  endfacet
  facet normal 0.0658979 -0.0813122 -0.994508
    outer loop
      vertex 12.9368 2.64885 -4.69152
      vertex 12.6663 3.06526 -4.74349
      vertex 12.9972 2.6978 -4.69152
    endloop
  endfacet
  facet normal -0.104523 0 -0.994522
    outer loop
      vertex 4.5014 3.25 -4.74349
      vertex 4.27742 12.6083 -4.71995
      vertex 4.5014 12.738 -4.74349
    endloop
  endfacet
  facet normal -0.104529 -0 -0.994522
    outer loop
      vertex 4.00694 12.4743 -4.69152
      vertex 4.5014 3.25 -4.74349
      vertex 4.00694 3.25 -4.69152
    endloop
  endfacet
  facet normal -0.104533 -2.53247e-07 -0.994521
    outer loop
      vertex 4.5014 3.25 -4.74349
      vertex 4.00694 12.4743 -4.69152
      vertex 4.27742 12.6083 -4.71995
    endloop
  endfacet
  facet normal -0.174595 -0.113381 -0.978091
    outer loop
      vertex 4.14885 2.81324 -4.69152
      vertex 3.7554 2.52738 -4.58815
      vertex 4.10649 2.87847 -4.69152
    endloop
  endfacet
  facet normal 0.309009 -0.0161512 -0.950922
    outer loop
      vertex 14.1929 3.07207 -4.43451
      vertex 13.7294 3.25 -4.58815
      vertex 14.2022 3.25 -4.43451
    endloop
  endfacet
  facet normal 0.0876821 0.0571141 -0.99451
    outer loop
      vertex 12.7153 17.6243 -4.74349
      vertex 12.7011 17.6461 -4.74349
      vertex 13.1012 17.9368 -4.69152
    endloop
  endfacet
  facet normal 0.194715 -0.240448 -0.950932
    outer loop
      vertex 13.639 1.98498 -4.43451
      vertex 13.2226 2.2554 -4.58815
      vertex 13.3226 2.33638 -4.58815
    endloop
  endfacet
  facet normal -0.194354 -0.0746098 -0.97809
    outer loop
      vertex 3.6269 2.74996 -4.58815
      vertex 3.58078 2.8701 -4.58815
      vertex 4.0433 3.02038 -4.69152
    endloop
  endfacet
  facet normal 0.499902 0.0263924 -0.86568
    outer loop
      vertex 14.6565 17.5 -4.23228
      vertex 14.6446 17.7254 -4.23228
      vertex 15.087 17.5 -3.98368
    endloop
  endfacet
  facet normal 0.380142 -0.145938 -0.913342
    outer loop
      vertex 14.47 2.37289 -4.23228
      vertex 14.1189 2.72398 -4.43451
      vertex 14.5509 2.58362 -4.23228
    endloop
  endfacet
  facet normal -0.0475184 -0.0932605 -0.994507
    outer loop
      vertex 4.44777 2.57118 -4.69152
      vertex 4.37847 2.60649 -4.69152
      vertex 4.64889 3.0229 -4.74349
    endloop
  endfacet
  facet normal -0.227223 -0.445975 -0.865723
    outer loop
      vertex 3.87289 1.27998 -4.23228
      vertex 3.45648 1.00956 -3.98368
      vertex 3.67177 1.38245 -4.23228
    endloop
  endfacet
  facet normal 0.103402 -0.0160936 -0.994509
    outer loop
      vertex 13.239 3.17233 -4.69152
      vertex 12.7432 3.19831 -4.74349
      vertex 12.7472 3.22401 -4.74349
    endloop
  endfacet
  facet normal 0.110919 -0.288843 -0.950929
    outer loop
      vertex 13.026 1.63107 -4.43451
      vertex 12.8799 2.08078 -4.58815
      vertex 13 2.1269 -4.58815
    endloop
  endfacet
  facet normal 0.027099 -0.101099 -0.994507
    outer loop
      vertex 12.6545 2.52317 -4.69152
      vertex 12.5517 3.00684 -4.74349
      vertex 12.7296 2.5433 -4.69152
    endloop
  endfacet
  facet normal -0.00550963 -0.104522 -0.994507
    outer loop
      vertex 4.75 3.0014 -4.74349
      vertex 4.67233 2.51101 -4.69152
      vertex 4.72401 3.00277 -4.74349
    endloop
  endfacet
  facet normal -0.240445 -0.194712 -0.950933
    outer loop
      vertex 3.83638 2.42738 -4.58815
      vertex 3.48498 2.11097 -4.43451
      vertex 3.7554 2.52738 -4.58815
    endloop
  endfacet
  facet normal -0.473496 -0.473496 -0.742699
    outer loop
      vertex 2.50255 0.753957 -3.35876
      vertex 2.52854 1.24979 -3.69144
      vertex 2.74979 1.02854 -3.69144
    endloop
  endfacet
  facet normal -0.473501 -0.473495 -0.742698
    outer loop
      vertex 2.52854 1.24979 -3.69144
      vertex 2.50255 0.753957 -3.35876
      vertex 2.25396 1.00255 -3.35876
    endloop
  endfacet
  facet normal -0.184858 -0.362825 -0.913337
    outer loop
      vertex 3.87289 1.27998 -4.23228
      vertex 3.67177 1.38245 -4.23228
      vertex 3.89888 1.77581 -4.43451
    endloop
  endfacet
  facet normal 0.103383 0.0164229 -0.994506
    outer loop
      vertex 13.239 17.5777 -4.69152
      vertex 12.7432 17.5517 -4.74349
      vertex 13.2268 17.6545 -4.69152
    endloop
  endfacet
  facet normal -0.0740116 -0.0740116 -0.994507
    outer loop
      vertex 4.25279 2.6978 -4.69152
      vertex 4.56526 3.08366 -4.74349
      vertex 4.58366 3.06526 -4.74349
    endloop
  endfacet
  facet normal -0.0740116 -0.0740116 -0.994507
    outer loop
      vertex 4.56526 3.08366 -4.74349
      vertex 4.25279 2.6978 -4.69152
      vertex 4.1978 2.75279 -4.69152
    endloop
  endfacet
  facet normal 0.0878494 0.056907 -0.994507
    outer loop
      vertex 13.1435 17.8715 -4.69152
      vertex 12.7153 17.6243 -4.74349
      vertex 13.1012 17.9368 -4.69152
    endloop
  endfacet
  facet normal 0.104519 0.00551515 -0.994508
    outer loop
      vertex 13.2431 17.5 -4.69152
      vertex 12.7486 17.5 -4.74349
      vertex 13.239 17.5777 -4.69152
    endloop
  endfacet
  facet normal -0.207893 -0.0108873 -0.978091
    outer loop
      vertex 3.52734 3.12149 -4.58815
      vertex 3.52061 3.25 -4.58815
      vertex 4.01101 3.17233 -4.69152
    endloop
  endfacet
  facet normal -0.380167 -0.145919 -0.913335
    outer loop
      vertex 3.19492 2.55763 -4.43451
      vertex 2.77998 2.37289 -4.23228
      vertex 3.13107 2.72398 -4.43451
    endloop
  endfacet
  facet normal 0.976867 0.0511939 -0.207628
    outer loop
      vertex 17.1915 17.5 -0.743063
      vertex 17.063 17.9796 -1.22939
      vertex 17.1658 17.9904 -0.743063
    endloop
  endfacet
  facet normal 0.949905 0.0497135 -0.308559
    outer loop
      vertex 17.0881 17.5 -1.22939
      vertex 16.9345 17.5 -1.70225
      vertex 17.063 17.9796 -1.22939
    endloop
  endfacet
  facet normal -0.865139 -0.0453377 0.499479
    outer loop
      vertex 0.766315 3.25 2.58704
      vertex 0.517718 3.25 2.15645
      vertex 0.788137 2.83359 2.58704
    endloop
  endfacet
  facet normal -0.493394 -0.320433 0.808631
    outer loop
      vertex 2.44905 1.92154 3.93292
      vertex 2.16121 1.75536 3.69144
      vertex 2.42619 1.74148 3.84762
    endloop
  endfacet
  facet normal -0.742592 -0.0389136 0.668612
    outer loop
      vertex 1.39124 3.25 3.35876
      vertex 1.05856 3.25 2.98927
      vertex 1.07878 2.86414 2.98927
    endloop
  endfacet
  facet normal -0.104523 0 0.994522
    outer loop
      vertex 4.5014 17.5 4.74349
      vertex 4.27742 11.8968 4.71995
      vertex 4.5014 11.7671 4.74349
    endloop
  endfacet
  facet normal -0.104534 4.26146e-07 0.994521
    outer loop
      vertex 4.5014 17.5 4.74349
      vertex 4.01693 12.0258 4.69257
      vertex 4.27742 11.8968 4.71995
    endloop
  endfacet
  facet normal -0.104529 0 0.994522
    outer loop
      vertex 4.00694 12.0308 4.69152
      vertex 4.5014 17.5 4.74349
      vertex 4.00694 17.5 4.69152
    endloop
  endfacet
  facet normal -0.104529 4.70185e-08 0.994522
    outer loop
      vertex 4.5014 17.5 4.74349
      vertex 4.00694 12.0308 4.69152
      vertex 4.01693 12.0258 4.69257
    endloop
  endfacet
  facet normal -0.882613 -0.236497 0.406279
    outer loop
      vertex 0.610204 2.37006 2.15645
      vertex 0.412397 2.32801 1.70225
      vertex 0.532533 1.87966 1.70225
    endloop
  endfacet
  facet normal -0.960649 -0.257406 -0.104387
    outer loop
      vertex 0.238672 1.78418 -0.248595
      vertex 0.110166 2.26377 -0.248595
      vertex 0.288099 1.80024 -0.743063
    endloop
  endfacet
  facet normal -0.646814 -0.173303 0.742696
    outer loop
      vertex 1.82605 2.6285 3.69144
      vertex 1.46464 2.55167 3.35876
      vertex 1.90703 2.32626 3.69144
    endloop
  endfacet
  facet normal -0.771903 -0.393309 0.499473
    outer loop
      vertex 1.11072 1.62969 2.58704
      vertex 0.883618 1.52858 2.15645
      vertex 1.08474 1.13386 2.15645
    endloop
  endfacet
  facet normal -0.267082 -0.524192 -0.808635
    outer loop
      vertex 3.69776 0.886625 -3.98368
      vertex 3.25536 0.661214 -3.69144
      vertex 3.45648 1.00956 -3.98368
    endloop
  endfacet
  facet normal -0.105407 -0.393333 -0.913334
    outer loop
      vertex 4.30165 1.14067 -4.23228
      vertex 4.22398 1.63107 -4.43451
      vertex 4.39608 1.58495 -4.43451
    endloop
  endfacet
  facet normal -0.0307892 -0.587505 -0.808635
    outer loop
      vertex 4.75 0.260728 -3.69144
      vertex 4.43754 0.277103 -3.69144
      vertex 4.75 0.662964 -3.98368
    endloop
  endfacet
  facet normal -0.581062 -0.0920279 0.80864
    outer loop
      vertex 2.17714 2.97958 3.98368
      vertex 1.7771 2.93754 3.69144
      vertex 2.2195 2.71212 3.98368
    endloop
  endfacet
  facet normal 0.288869 -0.110844 0.95093
    outer loop
      vertex 13.6692 2.8701 4.58815
      vertex 13.6231 2.74996 4.58815
      vertex 14.1189 2.72398 4.43451
    endloop
  endfacet
  facet normal 0.152299 -0.568254 0.808636
    outer loop
      vertex 13.2994 0.789582 3.98368
      vertex 13.0379 0.719497 3.98368
      vertex 13.4237 0.407033 3.69144
    endloop
  endfacet
  facet normal 0.781876 -0.20946 0.587194
    outer loop
      vertex 16.3966 2.42174 2.58704
      vertex 16.1108 2.4825 2.98927
      vertex 16.2887 2.01897 2.58704
    endloop
  endfacet
  facet normal 0.145941 -0.380144 0.913341
    outer loop
      vertex 13.3771 1.27998 4.23228
      vertex 13.026 1.63107 4.43451
      vertex 13.1664 1.19909 4.23228
    endloop
  endfacet
  facet normal 0.710108 -0.575057 -0.406271
    outer loop
      vertex 16.0876 0.643461 -1.70225
      vertex 15.6452 0.418051 -2.15645
      vertex 15.924 0.762327 -2.15645
    endloop
  endfacet
  facet normal 0.982306 -0.155542 -0.104319
    outer loop
      vertex 17.1398 2.26377 -0.248595
      vertex 17.089 2.27458 -0.743063
      vertex 17.1658 2.7596 -0.743063
    endloop
  endfacet
  facet normal 0.966173 -0.15297 -0.20763
    outer loop
      vertex 17.1658 2.7596 -0.743063
      vertex 16.9879 2.29607 -1.22939
      vertex 17.063 2.77041 -1.22939
    endloop
  endfacet
  facet normal 0.976857 0.0511241 -0.207694
    outer loop
      vertex 17.0881 17.5 -1.22939
      vertex 17.063 17.9796 -1.22939
      vertex 17.1915 17.5 -0.743063
    endloop
  endfacet
  facet normal 0.978136 0 -0.207966
    outer loop
      vertex 17.1915 3.25 -0.743063
      vertex 17.0881 17.5 -1.22939
      vertex 17.1915 17.5 -0.743063
    endloop
  endfacet
  facet normal 0.978136 0 -0.207966
    outer loop
      vertex 17.0881 17.5 -1.22939
      vertex 17.1915 3.25 -0.743063
      vertex 17.0881 3.25 -1.22939
    endloop
  endfacet
  facet normal 0.42139 -0.520446 -0.742675
    outer loop
      vertex 14.7474 0.753957 -3.35876
      vertex 14.257 0.831628 -3.69144
      vertex 14.5002 1.02854 -3.69144
    endloop
  endfacet
  facet normal 0.421422 -0.520375 -0.742706
    outer loop
      vertex 14.4742 0.532708 -3.35876
      vertex 14.257 0.831628 -3.69144
      vertex 14.7474 0.753957 -3.35876
    endloop
  endfacet
  facet normal 0.710119 -0.575023 -0.406299
    outer loop
      vertex 15.7955 0.282735 -1.70225
      vertex 15.6452 0.418051 -2.15645
      vertex 16.0876 0.643461 -1.70225
    endloop
  endfacet
  facet normal 0.574968 -0.710145 -0.406332
    outer loop
      vertex 15.4263 0 -1.83971
      vertex 15.2785 0 -2.04885
      vertex 15.3319 0.104802 -2.15645
    endloop
  endfacet
  facet normal 0.814198 -0.414806 -0.406224
    outer loop
      vertex 16.3404 1.03275 -1.70225
      vertex 16.1653 1.13386 -2.15645
      vertex 16.5511 1.44632 -1.70225
    endloop
  endfacet
  facet normal 0.976867 -0.0511939 -0.207629
    outer loop
      vertex 17.1658 2.7596 -0.743063
      vertex 17.063 2.77041 -1.22939
      vertex 17.1915 3.25 -0.743063
    endloop
  endfacet
  facet normal 0.836809 -0.224304 -0.499437
    outer loop
      vertex 16.5251 1.94215 -2.15645
      vertex 16.2887 2.01897 -2.58704
      vertex 16.6398 2.37006 -2.15645
    endloop
  endfacet
  facet normal 0.865167 -0.0453715 -0.499427
    outer loop
      vertex 16.7091 2.80761 -2.15645
      vertex 16.4619 2.83359 -2.58704
      vertex 16.7323 3.25 -2.15645
    endloop
  endfacet
  facet normal 0.847508 -0.431777 0.308705
    outer loop
      vertex 16.5511 1.44632 1.70225
      vertex 16.3404 1.03275 1.70225
      vertex 16.4735 0.955926 1.22939
    endloop
  endfacet
  facet normal 0.965929 -0.258808 0
    outer loop
      vertex 17.0113 1.78418 0.248595
      vertex 17.1398 2.26377 -0.248595
      vertex 17.1398 2.26377 0.248595
    endloop
  endfacet
  facet normal 0.965929 -0.258808 0
    outer loop
      vertex 17.1398 2.26377 -0.248595
      vertex 17.0113 1.78418 0.248595
      vertex 17.0113 1.78418 -0.248595
    endloop
  endfacet
  facet normal 0.976857 -0.0511251 0.207694
    outer loop
      vertex 17.0881 3.25 1.22939
      vertex 17.063 2.77041 1.22939
      vertex 17.1915 3.25 0.743063
    endloop
  endfacet
  facet normal 0.993168 0.0520481 0.104445
    outer loop
      vertex 17.2435 17.5 0.248595
      vertex 17.1658 17.9904 0.743063
      vertex 17.1915 17.5 0.743063
    endloop
  endfacet
  facet normal 0.808957 -0 0.587868
    outer loop
      vertex 16.1914 3.25 2.98927
      vertex 16.4837 17.5 2.58704
      vertex 16.1914 17.5 2.98927
    endloop
  endfacet
  facet normal 0.808957 0 0.587868
    outer loop
      vertex 16.4837 17.5 2.58704
      vertex 16.1914 3.25 2.98927
      vertex 16.4837 3.25 2.58704
    endloop
  endfacet
  facet normal 0.853124 -0.327371 0.406212
    outer loop
      vertex 16.5251 1.94215 2.15645
      vertex 16.3664 1.52858 2.15645
      vertex 16.5511 1.44632 1.70225
    endloop
  endfacet
  facet normal 0.625051 -0.240083 0.742746
    outer loop
      vertex 15.343 2.32626 3.69144
      vertex 15.2308 2.03415 3.69144
      vertex 15.5684 1.88387 3.35876
    endloop
  endfacet
  facet normal 0.467275 -0.179388 0.865722
    outer loop
      vertex 14.5509 2.58362 4.23228
      vertex 14.47 2.37289 4.23228
      vertex 14.9604 2.45056 3.98368
    endloop
  endfacet
  facet normal 0.46795 -0.577828 0.668683
    outer loop
      vertex 14.7474 0.753957 3.35876
      vertex 14.4742 0.532708 3.35876
      vertex 14.9701 0.506722 2.98927
    endloop
  endfacet
  facet normal 0.545293 -0.673268 0.499365
    outer loop
      vertex 14.8613 0 2.52895
      vertex 15.1656 0.289544 2.58704
      vertex 14.8416 0.0271301 2.58704
    endloop
  endfacet
  facet normal 0.54522 -0.67322 0.499509
    outer loop
      vertex 15.1656 0.289544 2.58704
      vertex 14.8613 0 2.52895
      vertex 15.0545 0 2.31807
    endloop
  endfacet
  facet normal 0.852977 -0.327538 0.406386
    outer loop
      vertex 16.7175 1.87966 1.70225
      vertex 16.5251 1.94215 2.15645
      vertex 16.5511 1.44632 1.70225
    endloop
  endfacet
  facet normal 0.739216 -0.598585 0.308635
    outer loop
      vertex 16.0876 0.643461 1.70225
      vertex 15.7955 0.282735 1.70225
      vertex 16.2119 0.553154 1.22939
    endloop
  endfacet
  facet normal 0.612553 -0.612657 0.49943
    outer loop
      vertex 15.1656 0.289544 2.58704
      vertex 15.6452 0.418051 2.15645
      vertex 15.4605 0.584394 2.58704
    endloop
  endfacet
  facet normal 0.612554 -0.612654 0.499432
    outer loop
      vertex 15.6452 0.418051 2.15645
      vertex 15.1656 0.289544 2.58704
      vertex 15.3319 0.104802 2.15645
    endloop
  endfacet
  facet normal 0.834098 -0.541632 0.104477
    outer loop
      vertex 16.608 0.878254 0.248595
      vertex 16.2955 0.492393 0.743063
      vertex 16.3376 0.461846 0.248595
    endloop
  endfacet
  facet normal 0.814176 0.414824 0.406249
    outer loop
      vertex 16.5511 19.3037 1.70225
      vertex 16.1653 19.6161 2.15645
      vertex 16.3664 19.2214 2.15645
    endloop
  endfacet
  facet normal 0.966172 0.152994 0.207616
    outer loop
      vertex 17.089 18.4754 0.743063
      vertex 16.9879 18.4539 1.22939
      vertex 17.1658 17.9904 0.743063
    endloop
  endfacet
  facet normal 0.978136 -0 0.207966
    outer loop
      vertex 17.0881 3.25 1.22939
      vertex 17.1915 17.5 0.743063
      vertex 17.0881 17.5 1.22939
    endloop
  endfacet
  facet normal 0.978136 0 0.207966
    outer loop
      vertex 17.1915 17.5 0.743063
      vertex 17.0881 3.25 1.22939
      vertex 17.1915 3.25 0.743063
    endloop
  endfacet
  facet normal 0.74265 -0.0389209 0.668548
    outer loop
      vertex 15.8588 3.25 3.35876
      vertex 15.8404 2.89891 3.35876
      vertex 16.1712 2.86414 2.98927
    endloop
  endfacet
  facet normal 0.59666 0.303894 0.742728
    outer loop
      vertex 15.4088 19.1794 3.35876
      vertex 15.0888 18.9946 3.69144
      vertex 15.2308 18.7158 3.69144
    endloop
  endfacet
  facet normal 0.853122 0.327346 0.406236
    outer loop
      vertex 16.5511 19.3037 1.70225
      vertex 16.3664 19.2214 2.15645
      vertex 16.5251 18.8078 2.15645
    endloop
  endfacet
  facet normal 0.976867 0.0511939 0.207628
    outer loop
      vertex 17.1658 17.9904 0.743063
      vertex 17.063 17.9796 1.22939
      vertex 17.1915 17.5 0.743063
    endloop
  endfacet
  facet normal 0.581094 -0.0921356 0.808605
    outer loop
      vertex 15.4729 2.93754 3.69144
      vertex 15.0305 2.71212 3.98368
      vertex 15.4239 2.6285 3.69144
    endloop
  endfacet
  facet normal 0.669109 0 0.743164
    outer loop
      vertex 15.4893 17.5 3.69144
      vertex 15.8588 3.25 3.35876
      vertex 15.8588 17.5 3.35876
    endloop
  endfacet
  facet normal 0.669109 0 0.743164
    outer loop
      vertex 15.8588 3.25 3.35876
      vertex 15.4893 17.5 3.69144
      vertex 15.4893 3.25 3.69144
    endloop
  endfacet
  facet normal 0.587722 0 0.809063
    outer loop
      vertex 15.087 17.5 3.98368
      vertex 15.4893 3.25 3.69144
      vertex 15.4893 17.5 3.69144
    endloop
  endfacet
  facet normal 0.587722 0 0.809063
    outer loop
      vertex 15.4893 3.25 3.69144
      vertex 15.087 17.5 3.98368
      vertex 15.087 3.25 3.98368
    endloop
  endfacet
  facet normal 0.625153 -0.239989 0.74269
    outer loop
      vertex 15.6944 2.21209 3.35876
      vertex 15.343 2.32626 3.69144
      vertex 15.5684 1.88387 3.35876
    endloop
  endfacet
  facet normal 0.694228 -0.266507 0.668596
    outer loop
      vertex 15.6944 2.21209 3.35876
      vertex 15.5684 1.88387 3.35876
      vertex 15.8723 1.74855 2.98927
    endloop
  endfacet
  facet normal 0.494326 0.0783529 0.865738
    outer loop
      vertex 15.0305 18.0379 3.98368
      vertex 14.6093 17.9484 4.23228
      vertex 15.0729 17.7704 3.98368
    endloop
  endfacet
  facet normal 0.581081 0.0921041 0.808617
    outer loop
      vertex 15.4729 17.8125 3.69144
      vertex 15.0305 18.0379 3.98368
      vertex 15.0729 17.7704 3.98368
    endloop
  endfacet
  facet normal 0.316477 0.256213 0.913344
    outer loop
      vertex 14.1026 18.9429 4.23228
      vertex 13.765 18.639 4.43451
      vertex 14.2446 18.7675 4.23228
    endloop
  endfacet
  facet normal 0.781852 -0.209488 -0.587215
    outer loop
      vertex 16.2887 2.01897 -2.58704
      vertex 16.0108 2.10928 -2.98927
      vertex 16.1108 2.4825 -2.98927
    endloop
  endfacet
  facet normal 0.771922 -0.393275 -0.499472
    outer loop
      vertex 16.1653 1.13386 -2.15645
      vertex 16.1393 1.62969 -2.58704
      vertex 16.3664 1.52858 -2.15645
    endloop
  endfacet
  facet normal 0.669109 0 -0.743164
    outer loop
      vertex 15.4893 3.25 -3.69144
      vertex 15.8588 17.5 -3.35876
      vertex 15.8588 3.25 -3.35876
    endloop
  endfacet
  facet normal 0.669109 0 -0.743164
    outer loop
      vertex 15.8588 17.5 -3.35876
      vertex 15.4893 3.25 -3.69144
      vertex 15.4893 17.5 -3.69144
    endloop
  endfacet
  facet normal 0.799459 -0.126757 -0.587194
    outer loop
      vertex 16.3966 2.42174 -2.58704
      vertex 16.1108 2.4825 -2.98927
      vertex 16.4619 2.83359 -2.58704
    endloop
  endfacet
  facet normal 0.855691 -0.135526 -0.499426
    outer loop
      vertex 16.6398 2.37006 -2.15645
      vertex 16.4619 2.83359 -2.58704
      vertex 16.7091 2.80761 -2.15645
    endloop
  endfacet
  facet normal 0.520366 -0.421481 -0.74268
    outer loop
      vertex 14.996 1.00255 -3.35876
      vertex 14.9184 1.49295 -3.69144
      vertex 15.2173 1.27577 -3.35876
    endloop
  endfacet
  facet normal 0.473531 -0.473545 -0.742646
    outer loop
      vertex 14.7474 0.753957 -3.35876
      vertex 14.7215 1.24979 -3.69144
      vertex 14.996 1.00255 -3.35876
    endloop
  endfacet
  facet normal 0.473461 -0.473568 -0.742676
    outer loop
      vertex 14.7215 1.24979 -3.69144
      vertex 14.7474 0.753957 -3.35876
      vertex 14.5002 1.02854 -3.69144
    endloop
  endfacet
  facet normal 0.370195 -0.457259 -0.808622
    outer loop
      vertex 14.257 0.831628 -3.69144
      vertex 14.0206 1.15704 -3.98368
      vertex 14.2311 1.32746 -3.98368
    endloop
  endfacet
  facet normal 0.406669 0.0212593 -0.913328
    outer loop
      vertex 14.2022 17.5 -4.43451
      vertex 14.1929 17.6779 -4.43451
      vertex 14.6446 17.7254 -4.23228
    endloop
  endfacet
  facet normal 0.587443 -0.0308329 -0.808678
    outer loop
      vertex 15.4729 2.93754 -3.69144
      vertex 15.087 3.25 -3.98368
      vertex 15.4893 3.25 -3.69144
    endloop
  endfacet
  facet normal 0.0474568 0.0933049 -0.994506
    outer loop
      vertex 12.6243 17.7153 -4.74349
      vertex 12.6011 17.7271 -4.74349
      vertex 12.8715 18.1435 -4.69152
    endloop
  endfacet
  facet normal -0.093272 -0.0475007 -0.994507
    outer loop
      vertex 4.53471 3.1257 -4.74349
      vertex 4.10649 2.87847 -4.69152
      vertex 4.5229 3.14889 -4.74349
    endloop
  endfacet
  facet normal -0.00547735 -0.104527 -0.994507
    outer loop
      vertex 4.75 2.50694 -4.69152
      vertex 4.67233 2.51101 -4.69152
      vertex 4.75 3.0014 -4.74349
    endloop
  endfacet
  facet normal 0.161723 -0.131091 -0.97809
    outer loop
      vertex 13.4136 2.42738 -4.58815
      vertex 13.0522 2.75279 -4.69152
      vertex 13.1012 2.81324 -4.69152
    endloop
  endfacet
  facet normal -0.865139 0.0453396 0.499479
    outer loop
      vertex 0.540903 17.9424 2.15645
      vertex 0.517718 17.5 2.15645
      vertex 0.766315 17.5 2.58704
    endloop
  endfacet
  facet normal -0.836817 0.224262 0.499444
    outer loop
      vertex 0.961289 18.731 2.58704
      vertex 0.610204 18.3799 2.15645
      vertex 0.853368 18.3283 2.58704
    endloop
  endfacet
  facet normal 0.0325657 -0.205619 0.97809
    outer loop
      vertex 12.6545 2.52317 4.69152
      vertex 12.6285 2.02734 4.58815
      vertex 12.7556 2.04747 4.58815
    endloop
  endfacet
  facet normal -0.467284 0.179395 0.865716
    outer loop
      vertex 2.77998 18.3771 4.23228
      vertex 2.28958 18.2994 3.98368
      vertex 2.69909 18.1664 4.23228
    endloop
  endfacet
  facet normal -0.913544 0 0.40674
    outer loop
      vertex 0.315493 14.7834 1.70225
      vertex 0.517718 17.5 2.15645
      vertex 0.315493 17.5 1.70225
    endloop
  endfacet
  facet normal -0.913544 0 0.40674
    outer loop
      vertex 0.517718 17.5 2.15645
      vertex 0.315493 14.7834 1.70225
      vertex 0.517718 14.4826 2.15645
    endloop
  endfacet
  facet normal -0.913544 0 0.40674
    outer loop
      vertex 0.315493 3.25 1.70225
      vertex 0.517718 7.48201 2.15645
      vertex 0.315493 7.7163 1.70225
    endloop
  endfacet
  facet normal -0.913544 0 0.40674
    outer loop
      vertex 0.517718 7.48201 2.15645
      vertex 0.315493 3.25 1.70225
      vertex 0.517718 3.25 2.15645
    endloop
  endfacet
  facet normal -0.73445 0.116326 0.668619
    outer loop
      vertex 1.13922 18.2675 2.98927
      vertex 1.07878 17.8859 2.98927
      vertex 1.40964 17.8511 3.35876
    endloop
  endfacet
  facet normal -0.80901 0 0.587796
    outer loop
      vertex 0.766315 14.1881 2.58704
      vertex 1.05856 17.5 2.98927
      vertex 0.766315 17.5 2.58704
    endloop
  endfacet
  facet normal -0.809019 2.40582e-06 0.587783
    outer loop
      vertex 1.01487 13.9457 2.92915
      vertex 1.05856 17.5 2.98927
      vertex 0.766315 14.1881 2.58704
    endloop
  endfacet
  facet normal -0.808951 0 0.587876
    outer loop
      vertex 1.05856 17.5 2.98927
      vertex 1.01487 13.9457 2.92915
      vertex 1.05856 13.9012 2.98927
    endloop
  endfacet
  facet normal -0.80902 0 0.587781
    outer loop
      vertex 0.766315 3.25 2.58704
      vertex 1.01487 7.10862 2.92915
      vertex 0.766315 7.26926 2.58704
    endloop
  endfacet
  facet normal -0.808954 -1.22826e-05 0.587872
    outer loop
      vertex 0.766315 3.25 2.58704
      vertex 1.05856 7.08223 2.98927
      vertex 1.01487 7.10862 2.92915
    endloop
  endfacet
  facet normal -0.80901 0 0.587796
    outer loop
      vertex 1.05856 7.08223 2.98927
      vertex 0.766315 3.25 2.58704
      vertex 1.05856 3.25 2.98927
    endloop
  endfacet
  facet normal -0.939469 0.14878 0.308646
    outer loop
      vertex 0.412397 18.422 1.70225
      vertex 0.186986 17.9796 1.22939
      vertex 0.339786 17.9635 1.70225
    endloop
  endfacet
  facet normal -0.520452 -0.421398 0.742667
    outer loop
      vertex 2.33163 1.49295 3.69144
      vertex 2.31503 1.05754 3.43275
      vertex 2.38434 1.42785 3.69144
    endloop
  endfacet
  facet normal -0.520367 -0.421427 0.74271
    outer loop
      vertex 2.31503 1.05754 3.43275
      vertex 2.33163 1.49295 3.69144
      vertex 2.25396 1.00255 3.35876
    endloop
  endfacet
  facet normal -0.561547 0.364739 0.742718
    outer loop
      vertex 2.03271 19.4742 3.35876
      vertex 1.84123 19.1794 3.35876
      vertex 2.16121 18.9946 3.69144
    endloop
  endfacet
  facet normal -0.587511 0.0307762 0.808631
    outer loop
      vertex 1.7771 17.8125 3.69144
      vertex 1.76073 17.5 3.69144
      vertex 2.16296 17.5 3.98368
    endloop
  endfacet
  facet normal -0.367391 0.721291 0.587165
    outer loop
      vertex 3.00853 20.75 2.98927
      vertex 2.87361 20.75 2.90485
      vertex 2.90428 20.6969 2.98927
    endloop
  endfacet
  facet normal -0.0349951 0.66876 0.742655
    outer loop
      vertex 4.66193 20.75 3.45253
      vertex 4.75 20.4893 3.69144
      vertex 4.75 20.75 3.45668
    endloop
  endfacet
  facet normal -0.0350998 0.668738 0.742669
    outer loop
      vertex 4.75 20.4893 3.69144
      vertex 4.66193 20.75 3.45253
      vertex 4.43754 20.4729 3.69144
    endloop
  endfacet
  facet normal -0 0.406674 0.913573
    outer loop
      vertex 4.75 19.6565 4.23228
      vertex 12.5 19.2022 4.43451
      vertex 12.5 19.6565 4.23228
    endloop
  endfacet
  facet normal 0 0.406674 0.913573
    outer loop
      vertex 12.5 19.2022 4.43451
      vertex 4.75 19.6565 4.23228
      vertex 4.75 19.2022 4.43451
    endloop
  endfacet
  facet normal -0.966161 0.153038 0.207636
    outer loop
      vertex 0.262114 18.4539 1.22939
      vertex 0.0841808 17.9904 0.743063
      vertex 0.186986 17.9796 1.22939
    endloop
  endfacet
  facet normal -0.993174 0.0520495 0.104388
    outer loop
      vertex 0.0841808 17.9904 0.743063
      vertex 0.00650883 17.5 0.248595
      vertex 0.0584803 17.5 0.743063
    endloop
  endfacet
  facet normal -0.678879 0.440747 0.587253
    outer loop
      vertex 1.52713 19.8416 2.58704
      vertex 1.30003 19.4918 2.58704
      vertex 1.55312 19.3457 2.98927
    endloop
  endfacet
  facet normal -0.781802 0.209518 0.587272
    outer loop
      vertex 0.961289 18.731 2.58704
      vertex 0.853368 18.3283 2.58704
      vertex 1.13922 18.2675 2.98927
    endloop
  endfacet
  facet normal 0.161794 0.131053 0.978084
    outer loop
      vertex 13.4136 18.3226 4.58815
      vertex 13.1012 17.9368 4.69152
      vertex 13.4946 18.2226 4.58815
    endloop
  endfacet
  facet normal 0 0.207919 -0.978146
    outer loop
      vertex 9.37174 18.2431 -4.69152
      vertex 12.5 18.7294 -4.58815
      vertex 12.5 18.2431 -4.69152
    endloop
  endfacet
  facet normal 0 0.207919 -0.978146
    outer loop
      vertex 12.5 18.7294 -4.58815
      vertex 9.37174 18.2431 -4.69152
      vertex 9.34404 18.7294 -4.58815
    endloop
  endfacet
  facet normal 0.129594 0.483435 -0.865734
    outer loop
      vertex 13.2994 19.9604 -3.98368
      vertex 12.9484 19.6093 -4.23228
      vertex 13.0379 20.0305 -3.98368
    endloop
  endfacet
  facet normal 0.0921041 0.581081 -0.808617
    outer loop
      vertex 13.0379 20.0305 -3.98368
      vertex 12.7704 20.0729 -3.98368
      vertex 12.8125 20.4729 -3.69144
    endloop
  endfacet
  facet normal 0.742673 0.0388754 -0.668525
    outer loop
      vertex 16.1914 17.5 -2.98927
      vertex 15.8588 17.5 -3.35876
      vertex 16.1712 17.8859 -2.98927
    endloop
  endfacet
  facet normal 0.467285 0.179418 -0.86571
    outer loop
      vertex 14.5509 18.1664 -4.23228
      vertex 14.47 18.3771 -4.23228
      vertex 14.9604 18.2994 -3.98368
    endloop
  endfacet
  facet normal 0.445912 0.227299 -0.865735
    outer loop
      vertex 14.8634 18.5522 -3.98368
      vertex 14.47 18.3771 -4.23228
      vertex 14.7404 18.7935 -3.98368
    endloop
  endfacet
  facet normal 0.364757 0.561516 -0.742733
    outer loop
      vertex 14.4742 20.2173 -3.35876
      vertex 13.9946 20.0888 -3.69144
      vertex 14.1794 20.4088 -3.35876
    endloop
  endfacet
  facet normal 0.470537 0.727694 -0.499055
    outer loop
      vertex 14.8416 20.7229 -2.58704
      vertex 14.8277 20.75 -2.56063
      vertex 14.8613 20.75 -2.52895
    endloop
  endfacet
  facet normal 0.179296 0.467279 -0.865738
    outer loop
      vertex 13.3771 19.47 -4.23228
      vertex 13.2994 19.9604 -3.98368
      vertex 13.5522 19.8634 -3.98368
    endloop
  endfacet
  facet normal 0 0.587722 -0.809063
    outer loop
      vertex 9.18207 20.087 -3.98368
      vertex 12.5 20.4893 -3.69144
      vertex 12.5 20.087 -3.98368
    endloop
  endfacet
  facet normal 0 0.587722 -0.809063
    outer loop
      vertex 12.5 20.4893 -3.69144
      vertex 9.18207 20.087 -3.98368
      vertex 9.10377 20.4893 -3.69144
    endloop
  endfacet
  facet normal -0.10338 0.0163718 0.994507
    outer loop
      vertex 4.50684 17.5517 4.74349
      vertex 4.01101 17.5777 4.69152
      vertex 4.50277 17.526 4.74349
    endloop
  endfacet
  facet normal 0.00562699 0.104501 0.994509
    outer loop
      vertex 12.5777 18.239 4.69152
      vertex 12.5 17.7486 4.74349
      vertex 12.526 17.7472 4.74349
    endloop
  endfacet
  facet normal 0.341505 0.221807 0.913332
    outer loop
      vertex 14.2446 18.7675 4.23228
      vertex 13.8771 18.5006 4.43451
      vertex 13.9742 18.3511 4.43451
    endloop
  endfacet
  facet normal 0.275624 0.140504 0.950942
    outer loop
      vertex 13.9742 18.3511 4.43451
      vertex 13.6231 18 4.58815
      vertex 14.0551 18.1924 4.43451
    endloop
  endfacet
  facet normal 0.221807 0.341505 0.913332
    outer loop
      vertex 13.7675 19.2446 4.23228
      vertex 13.3511 18.9742 4.43451
      vertex 13.5006 18.8771 4.43451
    endloop
  endfacet
  facet normal -0.0944868 0.185494 0.978092
    outer loop
      vertex 4.44777 18.1788 4.69152
      vertex 4.24996 18.6231 4.58815
      vertex 4.37847 18.1435 4.69152
    endloop
  endfacet
  facet normal 0.0326753 0.205596 0.978091
    outer loop
      vertex 12.7556 18.7025 4.58815
      vertex 12.6285 18.7227 4.58815
      vertex 12.6545 18.2268 4.69152
    endloop
  endfacet
  facet normal 0.205595 0.0326596 0.978092
    outer loop
      vertex 13.7227 17.6285 4.58815
      vertex 13.2268 17.6545 4.69152
      vertex 13.239 17.5777 4.69152
    endloop
  endfacet
  facet normal 0.0161125 0.309024 0.950918
    outer loop
      vertex 12.6779 19.1929 4.43451
      vertex 12.5 18.7294 4.58815
      vertex 12.6285 18.7227 4.58815
    endloop
  endfacet
  facet normal 0.0746752 0.194316 0.978092
    outer loop
      vertex 13 18.6231 4.58815
      vertex 12.7296 18.2067 4.69152
      vertex 12.8022 18.1788 4.69152
    endloop
  endfacet
  facet normal 0.575107 0.710103 0.406209
    outer loop
      vertex 15.2785 20.75 2.04885
      vertex 15.2025 20.75 2.15645
      vertex 15.3319 20.6452 2.15645
    endloop
  endfacet
  facet normal 0.19242 0.71846 0.668423
    outer loop
      vertex 13.5018 20.75 3.30939
      vertex 13.3303 20.75 3.35876
      vertex 13.5379 20.6944 3.35876
    endloop
  endfacet
  facet normal 0.405098 0.623619 0.668577
    outer loop
      vertex 14.3457 20.6969 2.98927
      vertex 14.1794 20.4088 3.35876
      vertex 14.4742 20.2173 3.35876
    endloop
  endfacet
  facet normal 0.026061 0.499779 0.865761
    outer loop
      vertex 12.7704 20.0729 3.98368
      vertex 12.5 20.087 3.98368
      vertex 12.7254 19.6446 4.23228
    endloop
  endfacet
  facet normal 0 -0.104529 0.994522
    outer loop
      vertex 9.38566 3.0014 4.74349
      vertex 12.5 2.50694 4.69152
      vertex 12.5 3.0014 4.74349
    endloop
  endfacet
  facet normal 0 -0.104529 0.994522
    outer loop
      vertex 12.5 2.50694 4.69152
      vertex 9.38566 3.0014 4.74349
      vertex 9.37174 2.50694 4.69152
    endloop
  endfacet
  facet normal 0.0933049 0.0474568 0.994506
    outer loop
      vertex 13.1435 17.8715 4.69152
      vertex 12.7153 17.6243 4.74349
      vertex 12.7271 17.6011 4.74349
    endloop
  endfacet
  facet normal 0.0108897 -0.207894 0.978091
    outer loop
      vertex 12.5 2.50694 4.69152
      vertex 12.5 2.02061 4.58815
      vertex 12.5777 2.51101 4.69152
    endloop
  endfacet
  facet normal 0.0349849 -0.66872 -0.742691
    outer loop
      vertex 12.5 0.260728 -3.69144
      vertex 12.5881 0 -3.45253
      vertex 12.5 0 -3.45668
    endloop
  endfacet
  facet normal 0.0350403 -0.668709 -0.742698
    outer loop
      vertex 12.5881 0 -3.45253
      vertex 12.5 0.260728 -3.69144
      vertex 12.8125 0.277103 -3.69144
    endloop
  endfacet
  facet normal 0.227239 -0.445962 -0.865725
    outer loop
      vertex 13.7935 1.00956 -3.98368
      vertex 13.3771 1.27998 -4.23228
      vertex 13.5782 1.38245 -4.23228
    endloop
  endfacet
  facet normal 0.272601 -0.419771 -0.865726
    outer loop
      vertex 13.7935 1.00956 -3.98368
      vertex 13.5782 1.38245 -4.23228
      vertex 14.0206 1.15704 -3.98368
    endloop
  endfacet
  facet normal 0.726552 -0.471875 -0.499455
    outer loop
      vertex 15.924 0.762327 -2.15645
      vertex 15.7229 0.908448 -2.58704
      vertex 16.1653 1.13386 -2.15645
    endloop
  endfacet
  facet normal 0.726561 -0.471823 -0.499492
    outer loop
      vertex 16.1653 1.13386 -2.15645
      vertex 15.7229 0.908448 -2.58704
      vertex 15.95 1.25816 -2.58704
    endloop
  endfacet
  facet normal 0.772943 -0.625835 0.104353
    outer loop
      vertex 16.2955 0.492393 0.743063
      vertex 15.9865 0.11076 0.743063
      vertex 16.0251 0.075985 0.248595
    endloop
  endfacet
  facet normal 0.467927 -0.577878 -0.668656
    outer loop
      vertex 14.6698 0.263559 -2.98927
      vertex 14.4742 0.532708 -3.35876
      vertex 14.9701 0.506722 -2.98927
    endloop
  endfacet
  facet normal 0.545293 -0.673268 -0.499365
    outer loop
      vertex 15.1656 0.289544 -2.58704
      vertex 14.8613 0 -2.52895
      vertex 14.8416 0.0271301 -2.58704
    endloop
  endfacet
  facet normal 0.54522 -0.67322 -0.499509
    outer loop
      vertex 14.8613 0 -2.52895
      vertex 15.1656 0.289544 -2.58704
      vertex 15.0545 0 -2.31807
    endloop
  endfacet
  facet normal 0.50934 -0.629022 -0.587285
    outer loop
      vertex 14.8416 0.0271301 -2.58704
      vertex 14.6698 0.263559 -2.98927
      vertex 14.9701 0.506722 -2.98927
    endloop
  endfacet
  facet normal 0.367559 -0.721059 -0.587345
    outer loop
      vertex 14.3764 0 -2.90485
      vertex 14.2415 0 -2.98927
      vertex 14.3457 0.0531158 -2.98927
    endloop
  endfacet
  facet normal -0.113381 -0.174595 -0.978091
    outer loop
      vertex 4.37847 2.60649 -4.69152
      vertex 4.02738 2.2554 -4.58815
      vertex 4.31324 2.64885 -4.69152
    endloop
  endfacet
  facet normal -0.913212 0.350591 -0.207678
    outer loop
      vertex 0.386412 18.9178 -1.22939
      vertex 0.288099 18.9498 -0.743063
      vertex 0.464083 19.4082 -0.743063
    endloop
  endfacet
  facet normal -0.834069 0.541712 0.104294
    outer loop
      vertex 0.95448 20.2576 0.743063
      vertex 0.642016 19.8717 0.248595
      vertex 0.687024 19.8458 0.743063
    endloop
  endfacet
  facet normal -0.993174 -0.0520495 -0.104388
    outer loop
      vertex 0.0841808 2.7596 -0.743063
      vertex 0.00650883 3.25 -0.248595
      vertex 0.0584803 3.25 -0.743063
    endloop
  endfacet
  facet normal -0.982291 0.155587 -0.104385
    outer loop
      vertex 0.161001 18.4754 -0.743063
      vertex 0.0841808 17.9904 -0.743063
      vertex 0.110166 18.4862 -0.248595
    endloop
  endfacet
  facet normal -0.523948 0.26696 -0.808833
    outer loop
      vertex 2.38663 18.5522 -3.98368
      vertex 2.44905 18.8285 -3.93292
      vertex 2.46265 18.7014 -3.98368
    endloop
  endfacet
  facet normal -0.524293 0.266995 -0.808598
    outer loop
      vertex 2.44905 18.8285 -3.93292
      vertex 2.38663 18.5522 -3.98368
      vertex 2.16121 18.9946 -3.69144
    endloop
  endfacet
  facet normal -0.493396 -0.320414 -0.808638
    outer loop
      vertex 2.65704 1.72938 -3.98368
      vertex 2.16121 1.75536 -3.69144
      vertex 2.50956 1.95648 -3.98368
    endloop
  endfacet
  facet normal -0.549232 0.210837 -0.808636
    outer loop
      vertex 2.28958 18.2994 -3.98368
      vertex 1.90703 18.4237 -3.69144
      vertex 2.01916 18.7158 -3.69144
    endloop
  endfacet
  facet normal -0.499835 -0.0262102 -0.865724
    outer loop
      vertex 2.60536 3.02459 -4.23228
      vertex 2.16296 3.25 -3.98368
      vertex 2.59354 3.25 -4.23228
    endloop
  endfacet
  facet normal -0.855662 -0.135523 -0.499476
    outer loop
      vertex 0.610204 2.37006 -2.15645
      vertex 0.540903 2.80761 -2.15645
      vertex 0.788137 2.83359 -2.58704
    endloop
  endfacet
  facet normal -0.865139 0.0453388 -0.499479
    outer loop
      vertex 0.766315 17.5 -2.58704
      vertex 0.540903 17.9424 -2.15645
      vertex 0.788137 17.9164 -2.58704
    endloop
  endfacet
  facet normal -0.739268 0.598524 -0.308628
    outer loop
      vertex 1.16241 20.1065 -1.70225
      vertex 1.03811 20.1968 -1.22939
      vertex 1.45452 20.4673 -1.70225
    endloop
  endfacet
  facet normal -0.694219 0.266498 -0.668609
    outer loop
      vertex 1.55563 18.5379 -3.35876
      vertex 1.3777 19.0014 -2.98927
      vertex 1.68162 18.8661 -3.35876
    endloop
  endfacet
  facet normal -0.493418 0.320392 -0.808634
    outer loop
      vertex 2.16121 18.9946 -3.69144
      vertex 2.40105 19.2066 -3.75379
      vertex 2.42619 19.0085 -3.84762
    endloop
  endfacet
  facet normal -0.493498 0.32051 -0.808538
    outer loop
      vertex 2.40105 19.2066 -3.75379
      vertex 2.16121 18.9946 -3.69144
      vertex 2.33163 19.257 -3.69144
    endloop
  endfacet
  facet normal -0.771899 0.393326 -0.499466
    outer loop
      vertex 1.11072 19.1203 -2.58704
      vertex 0.883618 19.2214 -2.15645
      vertex 1.08474 19.6161 -2.15645
    endloop
  endfacet
  facet normal -0.446095 0.227293 -0.865643
    outer loop
      vertex 2.47815 18.5115 -4.04153
      vertex 2.38663 18.5522 -3.98368
      vertex 2.46265 18.7014 -3.98368
    endloop
  endfacet
  facet normal 0.0161539 0.309009 -0.950922
    outer loop
      vertex 12.6779 19.1929 -4.43451
      vertex 12.5 18.7294 -4.58815
      vertex 12.5 19.2022 -4.43451
    endloop
  endfacet
  facet normal 0.0306376 0.587546 -0.80861
    outer loop
      vertex 12.7704 20.0729 -3.98368
      vertex 12.5 20.087 -3.98368
      vertex 12.8125 20.4729 -3.69144
    endloop
  endfacet
  facet normal -0.771903 -0.393309 -0.499473
    outer loop
      vertex 1.08474 1.13386 -2.15645
      vertex 0.883618 1.52858 -2.15645
      vertex 1.11072 1.62969 -2.58704
    endloop
  endfacet
  facet normal -0.814153 -0.414841 -0.406279
    outer loop
      vertex 0.909604 1.03275 -1.70225
      vertex 0.698875 1.44632 -1.70225
      vertex 1.08474 1.13386 -2.15645
    endloop
  endfacet
  facet normal -0.575042 -0.71012 -0.406271
    outer loop
      vertex 1.97145 0 -2.04885
      vertex 1.91805 0.104802 -2.15645
      vertex 2.04747 0 -2.15645
    endloop
  endfacet
  facet normal -0.62902 -0.509369 -0.587262
    outer loop
      vertex 2.00672 0.779942 -2.98927
      vertex 1.52713 0.908448 -2.58704
      vertex 1.76356 1.08022 -2.98927
    endloop
  endfacet
  facet normal -0.471906 -0.726555 -0.499423
    outer loop
      vertex 2.42227 0 -2.56063
      vertex 2.40845 0.0271301 -2.58704
      vertex 2.45022 0 -2.58704
    endloop
  endfacet
  facet normal -0.49436 -0.0782984 -0.865724
    outer loop
      vertex 2.64067 2.80165 -4.23228
      vertex 2.17714 2.97958 -3.98368
      vertex 2.60536 3.02459 -4.23228
    endloop
  endfacet
  facet normal -0.871588 -0.444098 0.207634
    outer loop
      vertex 0.558518 1.38383 1.22939
      vertex 0.464083 1.34179 0.743063
      vertex 0.776547 0.955926 1.22939
    endloop
  endfacet
  facet normal -0.982292 -0.155581 -0.104388
    outer loop
      vertex 0.110166 2.26377 -0.248595
      vertex 0.0841808 2.7596 -0.743063
      vertex 0.161001 2.27458 -0.743063
    endloop
  endfacet
  facet normal -0.918771 -0.246182 -0.308633
    outer loop
      vertex 0.386412 1.83218 -1.22939
      vertex 0.262114 2.29607 -1.22939
      vertex 0.532533 1.87966 -1.70225
    endloop
  endfacet
  facet normal -0.771897 -0.393314 -0.499479
    outer loop
      vertex 1.30003 1.25816 -2.58704
      vertex 1.08474 1.13386 -2.15645
      vertex 1.11072 1.62969 -2.58704
    endloop
  endfacet
  facet normal -0.662557 -0.337601 -0.668613
    outer loop
      vertex 1.55312 1.40428 -2.98927
      vertex 1.3777 1.74855 -2.98927
      vertex 1.84123 1.57062 -3.35876
    endloop
  endfacet
  facet normal -0.808788 -0.310465 -0.499474
    outer loop
      vertex 1.11072 1.62969 -2.58704
      vertex 0.883618 1.52858 -2.15645
      vertex 0.961289 2.01897 -2.58704
    endloop
  endfacet
  facet normal -0.755634 -0.290058 -0.587268
    outer loop
      vertex 1.3777 1.74855 -2.98927
      vertex 0.961289 2.01897 -2.58704
      vertex 1.23923 2.10928 -2.98927
    endloop
  endfacet
  facet normal -0.820392 -0.532769 -0.207639
    outer loop
      vertex 1.03811 0.553154 -1.22939
      vertex 0.687024 0.90424 -0.743063
      vertex 0.776547 0.955926 -1.22939
    endloop
  endfacet
  facet normal -0.673263 -0.545199 -0.499474
    outer loop
      vertex 1.6048 0.418051 -2.15645
      vertex 1.32601 0.762327 -2.15645
      vertex 1.78954 0.584394 -2.58704
    endloop
  endfacet
  facet normal -0.834089 -0.541663 -0.104388
    outer loop
      vertex 0.95448 0.492393 -0.743063
      vertex 0.642016 0.878254 -0.248595
      vertex 0.687024 0.90424 -0.743063
    endloop
  endfacet
  facet normal -0.739206 -0.598597 -0.308634
    outer loop
      vertex 1.45452 0.282735 -1.70225
      vertex 1.03811 0.553154 -1.22939
      vertex 1.16241 0.643461 -1.70225
    endloop
  endfacet
  facet normal -0.777146 -0.62932 0
    outer loop
      vertex 1.2249 0.075985 -0.248595
      vertex 0.912436 0.461846 0.248595
      vertex 0.912436 0.461846 -0.248595
    endloop
  endfacet
  facet normal -0.777146 -0.62932 0
    outer loop
      vertex 0.912436 0.461846 0.248595
      vertex 1.2249 0.075985 -0.248595
      vertex 1.2249 0.075985 0.248595
    endloop
  endfacet
  facet normal -0.772901 -0.625882 -0.104384
    outer loop
      vertex 1.2249 0.075985 -0.248595
      vertex 0.912436 0.461846 -0.248595
      vertex 0.95448 0.492393 -0.743063
    endloop
  endfacet
  facet normal -0.703266 -0.70322 0.104395
    outer loop
      vertex 1.37428 0 0.743063
      vertex 1.2249 0.075985 0.248595
      vertex 1.30088 0 0.248595
    endloop
  endfacet
  facet normal -0.703244 -0.703244 0.104384
    outer loop
      vertex 1.2249 0.075985 0.248595
      vertex 1.37428 0 0.743063
      vertex 1.26352 0.11076 0.743063
    endloop
  endfacet
  facet normal -0.9025 -0.142942 0.406278
    outer loop
      vertex 0.540903 2.80761 2.15645
      vertex 0.412397 2.32801 1.70225
      vertex 0.610204 2.37006 2.15645
    endloop
  endfacet
  facet normal -0.976865 -0.0511948 0.207639
    outer loop
      vertex 0.186986 2.77041 1.22939
      vertex 0.0584803 3.25 0.743063
      vertex 0.0841808 2.7596 0.743063
    endloop
  endfacet
  facet normal -0.86514 -0.0453407 0.499477
    outer loop
      vertex 0.788137 2.83359 2.58704
      vertex 0.517718 3.25 2.15645
      vertex 0.540903 2.80761 2.15645
    endloop
  endfacet
  facet normal -0.928479 -0.356413 0.104387
    outer loop
      vertex 0.288099 1.80024 0.743063
      vertex 0.238672 1.78418 0.248595
      vertex 0.464083 1.34179 0.743063
    endloop
  endfacet
  facet normal -0.960649 -0.257406 0.104387
    outer loop
      vertex 0.288099 1.80024 0.743063
      vertex 0.110166 2.26377 0.248595
      vertex 0.238672 1.78418 0.248595
    endloop
  endfacet
  facet normal 0.0108881 -0.207894 -0.978091
    outer loop
      vertex 12.6285 2.02734 -4.58815
      vertex 12.5 2.02061 -4.58815
      vertex 12.5777 2.51101 -4.69152
    endloop
  endfacet
  facet normal -0.0932605 -0.0475184 -0.994507
    outer loop
      vertex 4.10649 2.87847 -4.69152
      vertex 4.07118 2.94777 -4.69152
      vertex 4.5229 3.14889 -4.74349
    endloop
  endfacet
  facet normal -0.0375187 -0.0977127 -0.994507
    outer loop
      vertex 4.52038 2.5433 -4.69152
      vertex 4.44777 2.57118 -4.69152
      vertex 4.64889 3.0229 -4.74349
    endloop
  endfacet
  facet normal 0 0.406674 -0.913573
    outer loop
      vertex 9.30287 19.2022 -4.43451
      vertex 12.5 19.6565 -4.23228
      vertex 12.5 19.2022 -4.43451
    endloop
  endfacet
  facet normal 0 0.406674 -0.913573
    outer loop
      vertex 12.5 19.6565 -4.23228
      vertex 9.30287 19.2022 -4.43451
      vertex 9.24868 19.6565 -4.23228
    endloop
  endfacet
  facet normal 0.0740011 -0.0740145 -0.994508
    outer loop
      vertex 12.9972 2.6978 -4.69152
      vertex 12.6847 3.08366 -4.74349
      vertex 13.0522 2.75279 -4.69152
    endloop
  endfacet
  facet normal 0.0740085 -0.0740085 -0.994508
    outer loop
      vertex 12.6847 3.08366 -4.74349
      vertex 12.9972 2.6978 -4.69152
      vertex 12.6663 3.06526 -4.74349
    endloop
  endfacet
  facet normal 0 0 -1
    outer loop
      vertex 12.5 3.0014 -4.74349
      vertex 12.7486 3.25 -4.74349
      vertex 12.7472 3.22401 -4.74349
    endloop
  endfacet
  facet normal 0 0 -1
    outer loop
      vertex 12.7486 3.25 -4.74349
      vertex 8.77306 14.7969 -4.74349
      vertex 12.7486 17.5 -4.74349
    endloop
  endfacet
  facet normal 0 0 -1
    outer loop
      vertex 12.5 3.0014 -4.74349
      vertex 12.7472 3.22401 -4.74349
      vertex 12.7432 3.19831 -4.74349
    endloop
  endfacet
  facet normal 0 -0 -1
    outer loop
      vertex 9.03629 15.2246 -4.74349
      vertex 12.7486 17.5 -4.74349
      vertex 8.77306 14.7969 -4.74349
    endloop
  endfacet
  facet normal 0 0 -1
    outer loop
      vertex 12.5 3.0014 -4.74349
      vertex 12.7432 3.19831 -4.74349
      vertex 12.7364 3.17318 -4.74349
    endloop
  endfacet
  facet normal 0 -0 -1
    outer loop
      vertex 9.11309 15.4086 -4.74349
      vertex 12.7486 17.5 -4.74349
      vertex 9.03629 15.2246 -4.74349
    endloop
  endfacet
  facet normal 0 0 -1
    outer loop
      vertex 12.5 3.0014 -4.74349
      vertex 12.7364 3.17318 -4.74349
      vertex 12.7271 3.14889 -4.74349
    endloop
  endfacet
  facet normal 0 -0 -1
    outer loop
      vertex 9.22886 15.6861 -4.74349
      vertex 12.7486 17.5 -4.74349
      vertex 9.11309 15.4086 -4.74349
    endloop
  endfacet
  facet normal 0 0 -1
    outer loop
      vertex 12.5 3.0014 -4.74349
      vertex 12.7271 3.14889 -4.74349
      vertex 12.7153 3.1257 -4.74349
    endloop
  endfacet
  facet normal 0 -0 -1
    outer loop
      vertex 9.30002 15.9798 -4.74349
      vertex 12.7486 17.5 -4.74349
      vertex 9.22886 15.6861 -4.74349
    endloop
  endfacet
  facet normal 0 0 -1
    outer loop
      vertex 12.5 3.0014 -4.74349
      vertex 12.7153 3.1257 -4.74349
      vertex 12.7011 3.10388 -4.74349
    endloop
  endfacet
  facet normal 0 -0 -1
    outer loop
      vertex 9.34623 16.1706 -4.74349
      vertex 12.7486 17.5 -4.74349
      vertex 9.30002 15.9798 -4.74349
    endloop
  endfacet
  facet normal 0 0 -1
    outer loop
      vertex 12.5 3.0014 -4.74349
      vertex 12.7011 3.10388 -4.74349
      vertex 12.6847 3.08366 -4.74349
    endloop
  endfacet
  facet normal 0 -0 -1
    outer loop
      vertex 12.5 17.7486 -4.74349
      vertex 12.7486 17.5 -4.74349
      vertex 9.34623 16.1706 -4.74349
    endloop
  endfacet
  facet normal 0 0 -1
    outer loop
      vertex 12.5 3.0014 -4.74349
      vertex 12.6847 3.08366 -4.74349
      vertex 12.6663 3.06526 -4.74349
    endloop
  endfacet
  facet normal 0 0 -1
    outer loop
      vertex 12.7486 17.5 -4.74349
      vertex 12.5 17.7486 -4.74349
      vertex 12.7472 17.526 -4.74349
    endloop
  endfacet
  facet normal 0 0 -1
    outer loop
      vertex 12.5 3.0014 -4.74349
      vertex 12.6663 3.06526 -4.74349
      vertex 12.6461 3.04888 -4.74349
    endloop
  endfacet
  facet normal 0 0 -1
    outer loop
      vertex 12.7472 17.526 -4.74349
      vertex 12.5 17.7486 -4.74349
      vertex 12.7432 17.5517 -4.74349
    endloop
  endfacet
  facet normal 0 0 -1
    outer loop
      vertex 12.5 3.0014 -4.74349
      vertex 12.6461 3.04888 -4.74349
      vertex 12.6243 3.03471 -4.74349
    endloop
  endfacet
  facet normal 0 0 -1
    outer loop
      vertex 12.7432 17.5517 -4.74349
      vertex 12.5 17.7486 -4.74349
      vertex 12.7364 17.5768 -4.74349
    endloop
  endfacet
  facet normal 0 0 -1
    outer loop
      vertex 12.5 3.0014 -4.74349
      vertex 12.6243 3.03471 -4.74349
      vertex 12.6011 3.0229 -4.74349
    endloop
  endfacet
  facet normal 0 0 -1
    outer loop
      vertex 12.7364 17.5768 -4.74349
      vertex 12.5 17.7486 -4.74349
      vertex 12.7271 17.6011 -4.74349
    endloop
  endfacet
  facet normal 0 0 -1
    outer loop
      vertex 12.5 3.0014 -4.74349
      vertex 12.6011 3.0229 -4.74349
      vertex 12.5768 3.01357 -4.74349
    endloop
  endfacet
  facet normal 0 0 -1
    outer loop
      vertex 12.7271 17.6011 -4.74349
      vertex 12.5 17.7486 -4.74349
      vertex 12.7153 17.6243 -4.74349
    endloop
  endfacet
  facet normal 0 0 -1
    outer loop
      vertex 12.5 3.0014 -4.74349
      vertex 12.5768 3.01357 -4.74349
      vertex 12.5517 3.00684 -4.74349
    endloop
  endfacet
  facet normal 0 0 -1
    outer loop
      vertex 12.7153 17.6243 -4.74349
      vertex 12.5 17.7486 -4.74349
      vertex 12.7011 17.6461 -4.74349
    endloop
  endfacet
  facet normal 0 0 -1
    outer loop
      vertex 12.5 3.0014 -4.74349
      vertex 12.5517 3.00684 -4.74349
      vertex 12.526 3.00277 -4.74349
    endloop
  endfacet
  facet normal 0 0 -1
    outer loop
      vertex 12.6847 17.6663 -4.74349
      vertex 12.5 17.7486 -4.74349
      vertex 12.6663 17.6847 -4.74349
    endloop
  endfacet
  facet normal -0 0 -1
    outer loop
      vertex 12.7486 3.25 -4.74349
      vertex 12.5 3.0014 -4.74349
      vertex 4.5014 3.25 -4.74349
    endloop
  endfacet
  facet normal 0 0 -1
    outer loop
      vertex 12.6461 17.7011 -4.74349
      vertex 12.5 17.7486 -4.74349
      vertex 12.6243 17.7153 -4.74349
    endloop
  endfacet
  facet normal 0 0 -1
    outer loop
      vertex 12.6243 17.7153 -4.74349
      vertex 12.5 17.7486 -4.74349
      vertex 12.6011 17.7271 -4.74349
    endloop
  endfacet
  facet normal 0 0 -1
    outer loop
      vertex 12.5 17.7486 -4.74349
      vertex 9.34623 16.1706 -4.74349
      vertex 9.38566 16.6667 -4.74349
    endloop
  endfacet
  facet normal 0 0 -1
    outer loop
      vertex 12.7011 17.6461 -4.74349
      vertex 12.5 17.7486 -4.74349
      vertex 12.6847 17.6663 -4.74349
    endloop
  endfacet
  facet normal 0 0 -1
    outer loop
      vertex 12.6663 17.6847 -4.74349
      vertex 12.5 17.7486 -4.74349
      vertex 12.6461 17.7011 -4.74349
    endloop
  endfacet
  facet normal 0 0 -1
    outer loop
      vertex 12.5517 17.7432 -4.74349
      vertex 12.5 17.7486 -4.74349
      vertex 12.526 17.7472 -4.74349
    endloop
  endfacet
  facet normal 0 0 -1
    outer loop
      vertex 12.5768 17.7364 -4.74349
      vertex 12.5 17.7486 -4.74349
      vertex 12.5517 17.7432 -4.74349
    endloop
  endfacet
  facet normal 0 0 -1
    outer loop
      vertex 12.6011 17.7271 -4.74349
      vertex 12.5 17.7486 -4.74349
      vertex 12.5768 17.7364 -4.74349
    endloop
  endfacet
  facet normal 0 0 -1
    outer loop
      vertex 12.7486 3.25 -4.74349
      vertex 8.44531 14.413 -4.74349
      vertex 8.77306 14.7969 -4.74349
    endloop
  endfacet
  facet normal 0 0 -1
    outer loop
      vertex 12.7486 3.25 -4.74349
      vertex 8.06075 14.082 -4.74349
      vertex 8.44531 14.413 -4.74349
    endloop
  endfacet
  facet normal 0 0 -1
    outer loop
      vertex 12.7486 3.25 -4.74349
      vertex 7.8737 13.965 -4.74349
      vertex 8.06075 14.082 -4.74349
    endloop
  endfacet
  facet normal 0 0 -1
    outer loop
      vertex 12.7486 3.25 -4.74349
      vertex 7.62837 13.8115 -4.74349
      vertex 7.8737 13.965 -4.74349
    endloop
  endfacet
  facet normal 0 0 -1
    outer loop
      vertex 12.7486 3.25 -4.74349
      vertex 7.36814 13.6988 -4.74349
      vertex 7.62837 13.8115 -4.74349
    endloop
  endfacet
  facet normal 0 0 -1
    outer loop
      vertex 12.7486 3.25 -4.74349
      vertex 7.15832 13.608 -4.74349
      vertex 7.36814 13.6988 -4.74349
    endloop
  endfacet
  facet normal 0 0 -1
    outer loop
      vertex 12.7486 3.25 -4.74349
      vertex 6.93069 13.5475 -4.74349
      vertex 7.15832 13.608 -4.74349
    endloop
  endfacet
  facet normal 0 0 -1
    outer loop
      vertex 12.7486 3.25 -4.74349
      vertex 4.5014 3.25 -4.74349
      vertex 6.93069 13.5475 -4.74349
    endloop
  endfacet
  facet normal 0 0 -1
    outer loop
      vertex 6.93069 13.5475 -4.74349
      vertex 4.5014 3.25 -4.74349
      vertex 6.66161 13.4761 -4.74349
    endloop
  endfacet
  facet normal 0 -0 -1
    outer loop
      vertex 4.78194 12.8832 -4.74349
      vertex 6.66161 13.4761 -4.74349
      vertex 4.5014 3.25 -4.74349
    endloop
  endfacet
  facet normal 0 0 -1
    outer loop
      vertex 6.66161 13.4761 -4.74349
      vertex 4.78194 12.8832 -4.74349
      vertex 6.41998 13.4492 -4.74349
    endloop
  endfacet
  facet normal 0 0 -1
    outer loop
      vertex 6.41998 13.4492 -4.74349
      vertex 4.78194 12.8832 -4.74349
      vertex 6.14989 13.4191 -4.74349
    endloop
  endfacet
  facet normal -0 0 -1
    outer loop
      vertex 5.8857 13.4288 -4.74349
      vertex 5.22724 13.1607 -4.74349
      vertex 5.63515 13.4381 -4.74349
    endloop
  endfacet
  facet normal -0 0 -1
    outer loop
      vertex 5.63515 13.4381 -4.74349
      vertex 5.22724 13.1607 -4.74349
      vertex 5.59965 13.4448 -4.74349
    endloop
  endfacet
  facet normal 0 -0 -1
    outer loop
      vertex 5.22724 13.1607 -4.74349
      vertex 6.14989 13.4191 -4.74349
      vertex 4.78194 12.8832 -4.74349
    endloop
  endfacet
  facet normal 0 0 -1
    outer loop
      vertex 4.5014 3.25 -4.74349
      vertex 12.5 3.0014 -4.74349
      vertex 4.75 3.0014 -4.74349
    endloop
  endfacet
  facet normal 0 0 -1
    outer loop
      vertex 4.5014 3.25 -4.74349
      vertex 4.75 3.0014 -4.74349
      vertex 4.72401 3.00277 -4.74349
    endloop
  endfacet
  facet normal 0 0 -1
    outer loop
      vertex 4.5014 3.25 -4.74349
      vertex 4.72401 3.00277 -4.74349
      vertex 4.69831 3.00684 -4.74349
    endloop
  endfacet
  facet normal 0 0 -1
    outer loop
      vertex 4.5014 3.25 -4.74349
      vertex 4.69831 3.00684 -4.74349
      vertex 4.67318 3.01357 -4.74349
    endloop
  endfacet
  facet normal 0 0 -1
    outer loop
      vertex 4.5014 3.25 -4.74349
      vertex 4.67318 3.01357 -4.74349
      vertex 4.64889 3.0229 -4.74349
    endloop
  endfacet
  facet normal 0 0 -1
    outer loop
      vertex 4.5014 3.25 -4.74349
      vertex 4.64889 3.0229 -4.74349
      vertex 4.6257 3.03471 -4.74349
    endloop
  endfacet
  facet normal 0 0 -1
    outer loop
      vertex 4.5014 3.25 -4.74349
      vertex 4.6257 3.03471 -4.74349
      vertex 4.60388 3.04888 -4.74349
    endloop
  endfacet
  facet normal 0 0 -1
    outer loop
      vertex 4.5014 3.25 -4.74349
      vertex 4.60388 3.04888 -4.74349
      vertex 4.58366 3.06526 -4.74349
    endloop
  endfacet
  facet normal 0 0 -1
    outer loop
      vertex 4.5014 3.25 -4.74349
      vertex 4.58366 3.06526 -4.74349
      vertex 4.56526 3.08366 -4.74349
    endloop
  endfacet
  facet normal 0 0 -1
    outer loop
      vertex 4.5014 3.25 -4.74349
      vertex 4.56526 3.08366 -4.74349
      vertex 4.54888 3.10388 -4.74349
    endloop
  endfacet
  facet normal 0 0 -1
    outer loop
      vertex 4.5014 3.25 -4.74349
      vertex 4.54888 3.10388 -4.74349
      vertex 4.53471 3.1257 -4.74349
    endloop
  endfacet
  facet normal 0 0 -1
    outer loop
      vertex 4.5014 3.25 -4.74349
      vertex 4.53471 3.1257 -4.74349
      vertex 4.5229 3.14889 -4.74349
    endloop
  endfacet
  facet normal 0 0 -1
    outer loop
      vertex 4.5014 3.25 -4.74349
      vertex 4.5229 3.14889 -4.74349
      vertex 4.51357 3.17318 -4.74349
    endloop
  endfacet
  facet normal 0 0 -1
    outer loop
      vertex 4.5014 3.25 -4.74349
      vertex 4.51357 3.17318 -4.74349
      vertex 4.50684 3.19831 -4.74349
    endloop
  endfacet
  facet normal 0 0 -1
    outer loop
      vertex 4.5014 3.25 -4.74349
      vertex 4.50684 3.19831 -4.74349
      vertex 4.50277 3.22401 -4.74349
    endloop
  endfacet
  facet normal -0 0 -1
    outer loop
      vertex 6.14989 13.4191 -4.74349
      vertex 5.22724 13.1607 -4.74349
      vertex 5.8857 13.4288 -4.74349
    endloop
  endfacet
  facet normal 0 0 -1
    outer loop
      vertex 4.78194 12.8832 -4.74349
      vertex 4.5014 3.25 -4.74349
      vertex 4.5014 12.738 -4.74349
    endloop
  endfacet
  facet normal -0 0 -1
    outer loop
      vertex 12.5 17.7486 -4.74349
      vertex 9.38566 16.6667 -4.74349
      vertex 9.38566 17.7486 -4.74349
    endloop
  endfacet
  facet normal 0.256368 -0.31643 -0.913317
    outer loop
      vertex 13.7675 1.50539 -4.23228
      vertex 13.5006 1.87285 -4.43451
      vertex 13.639 1.98498 -4.43451
    endloop
  endfacet
  facet normal 0.402211 -0.0636855 -0.913329
    outer loop
      vertex 14.6093 2.80165 -4.23228
      vertex 14.1929 3.07207 -4.43451
      vertex 14.6446 3.02459 -4.23228
    endloop
  endfacet
  facet normal 0.24042 -0.19474 -0.950933
    outer loop
      vertex 13.765 2.11097 -4.43451
      vertex 13.4136 2.42738 -4.58815
      vertex 13.4946 2.52738 -4.58815
    endloop
  endfacet
  facet normal 0.445894 -0.227309 -0.865742
    outer loop
      vertex 14.7404 1.95648 -3.98368
      vertex 14.47 2.37289 -4.23228
      vertex 14.8634 2.19776 -3.98368
    endloop
  endfacet
  facet normal 0.0813036 -0.0659036 -0.994508
    outer loop
      vertex 13.0522 2.75279 -4.69152
      vertex 12.6847 3.08366 -4.74349
      vertex 13.1012 2.81324 -4.69152
    endloop
  endfacet
  facet normal 0.174575 -0.113396 -0.978093
    outer loop
      vertex 13.4946 2.52738 -4.58815
      vertex 13.1435 2.87847 -4.69152
      vertex 13.5647 2.6353 -4.58815
    endloop
  endfacet
  facet normal 0.207906 -0.0109748 -0.978087
    outer loop
      vertex 13.7294 3.25 -4.58815
      vertex 13.239 3.17233 -4.69152
      vertex 13.2431 3.25 -4.69152
    endloop
  endfacet
  facet normal 0.207886 -0.0108383 -0.978093
    outer loop
      vertex 13.7227 3.12149 -4.58815
      vertex 13.239 3.17233 -4.69152
      vertex 13.7294 3.25 -4.58815
    endloop
  endfacet
  facet normal 0.131074 -0.161734 -0.978091
    outer loop
      vertex 13.3226 2.33638 -4.58815
      vertex 12.9368 2.64885 -4.69152
      vertex 12.9972 2.6978 -4.69152
    endloop
  endfacet
  facet normal 0.11339 -0.174583 -0.978092
    outer loop
      vertex 13.1147 2.18532 -4.58815
      vertex 12.8715 2.60649 -4.69152
      vertex 13.2226 2.2554 -4.58815
    endloop
  endfacet
  facet normal 0.0812721 0.0659327 -0.994509
    outer loop
      vertex 13.1012 17.9368 -4.69152
      vertex 12.6847 17.6663 -4.74349
      vertex 13.0522 17.9972 -4.69152
    endloop
  endfacet
  facet normal 0.053887 -0.201085 -0.97809
    outer loop
      vertex 12.7556 2.04747 -4.58815
      vertex 12.7296 2.5433 -4.69152
      vertex 12.8799 2.08078 -4.58815
    endloop
  endfacet
  facet normal -0.168504 -0.259489 -0.950932
    outer loop
      vertex 4.1353 2.18532 -4.58815
      vertex 3.89888 1.77581 -4.43451
      vertex 4.02738 2.2554 -4.58815
    endloop
  endfacet
  facet normal 0.168531 -0.259481 -0.950929
    outer loop
      vertex 13.3511 1.77581 -4.43451
      vertex 13.1147 2.18532 -4.58815
      vertex 13.2226 2.2554 -4.58815
    endloop
  endfacet
  facet normal 0.179396 -0.467285 -0.865715
    outer loop
      vertex 13.2994 0.789582 -3.98368
      vertex 13.1664 1.19909 -4.23228
      vertex 13.3771 1.27998 -4.23228
    endloop
  endfacet
  facet normal -0.174597 -0.113378 -0.978091
    outer loop
      vertex 3.7554 2.52738 -4.58815
      vertex 3.68532 2.6353 -4.58815
      vertex 4.10649 2.87847 -4.69152
    endloop
  endfacet
  facet normal -0.259489 -0.168504 -0.950932
    outer loop
      vertex 3.7554 2.52738 -4.58815
      vertex 3.27581 2.39888 -4.43451
      vertex 3.68532 2.6353 -4.58815
    endloop
  endfacet
  facet normal -0.314983 -0.388978 -0.865726
    outer loop
      vertex 3.48247 1.50539 -4.23228
      vertex 3.22938 1.15704 -3.98368
      vertex 3.30705 1.64744 -4.23228
    endloop
  endfacet
  facet normal -0.316465 -0.256264 -0.913334
    outer loop
      vertex 3.14744 1.80705 -4.23228
      vertex 3.00539 1.98247 -4.23228
      vertex 3.48498 2.11097 -4.43451
    endloop
  endfacet
  facet normal -0.103381 -0.0163644 -0.994507
    outer loop
      vertex 4.02317 3.09551 -4.69152
      vertex 4.01101 3.17233 -4.69152
      vertex 4.50684 3.19831 -4.74349
    endloop
  endfacet
  facet normal -0.101106 -0.027077 -0.994507
    outer loop
      vertex 4.51357 3.17318 -4.74349
      vertex 4.0433 3.02038 -4.69152
      vertex 4.50684 3.19831 -4.74349
    endloop
  endfacet
  facet normal -0.256264 -0.316465 -0.913334
    outer loop
      vertex 3.48247 1.50539 -4.23228
      vertex 3.30705 1.64744 -4.23228
      vertex 3.61097 1.98498 -4.43451
    endloop
  endfacet
  facet normal -0.415998 -0.415998 -0.808636
    outer loop
      vertex 2.74979 1.02854 -3.69144
      vertex 2.82746 1.51894 -3.98368
      vertex 3.01894 1.32746 -3.98368
    endloop
  endfacet
  facet normal -0.415998 -0.415998 -0.808636
    outer loop
      vertex 2.82746 1.51894 -3.98368
      vertex 2.74979 1.02854 -3.69144
      vertex 2.52854 1.24979 -3.69144
    endloop
  endfacet
  facet normal -0.353925 -0.353925 -0.865722
    outer loop
      vertex 3.01894 1.32746 -3.98368
      vertex 3.14744 1.80705 -4.23228
      vertex 3.30705 1.64744 -4.23228
    endloop
  endfacet
  facet normal -0.353925 -0.353925 -0.865722
    outer loop
      vertex 3.14744 1.80705 -4.23228
      vertex 3.01894 1.32746 -3.98368
      vertex 2.82746 1.51894 -3.98368
    endloop
  endfacet
  facet normal -0.320416 -0.493399 -0.808635
    outer loop
      vertex 3.25536 0.661214 -3.69144
      vertex 3.22938 1.15704 -3.98368
      vertex 3.45648 1.00956 -3.98368
    endloop
  endfacet
  facet normal -0.0570064 -0.0877839 -0.994507
    outer loop
      vertex 4.37847 2.60649 -4.69152
      vertex 4.31324 2.64885 -4.69152
      vertex 4.6257 3.03471 -4.74349
    endloop
  endfacet
  facet normal 0.966172 0.152994 -0.207616
    outer loop
      vertex 17.1658 17.9904 -0.743063
      vertex 16.9879 18.4539 -1.22939
      vertex 17.089 18.4754 -0.743063
    endloop
  endfacet
  facet normal 0.596617 0.303926 -0.74275
    outer loop
      vertex 15.5684 18.8661 -3.35876
      vertex 15.2308 18.7158 -3.69144
      vertex 15.4088 19.1794 -3.35876
    endloop
  endfacet
  facet normal -0.596647 -0.304009 0.742692
    outer loop
      vertex 2.01916 2.03415 3.69144
      vertex 1.68162 1.88387 3.35876
      vertex 1.84123 1.57062 3.35876
    endloop
  endfacet
  facet normal -0.581065 -0.092037 0.808637
    outer loop
      vertex 2.2195 2.71212 3.98368
      vertex 1.7771 2.93754 3.69144
      vertex 1.82605 2.6285 3.69144
    endloop
  endfacet
  facet normal -0.467296 -0.179348 0.865719
    outer loop
      vertex 2.49627 2.51772 4.10916
      vertex 2.28958 2.45056 3.98368
      vertex 2.48985 2.41884 4.08521
    endloop
  endfacet
  facet normal 0.0161824 -0.308981 0.95093
    outer loop
      vertex 12.6285 2.02734 4.58815
      vertex 12.5 2.02061 4.58815
      vertex 12.6779 1.55708 4.43451
    endloop
  endfacet
  facet normal 0.053887 -0.201085 0.97809
    outer loop
      vertex 12.8799 2.08078 4.58815
      vertex 12.7296 2.5433 4.69152
      vertex 12.7556 2.04747 4.58815
    endloop
  endfacet
  facet normal 0.0262116 -0.499839 0.865722
    outer loop
      vertex 12.5 1.09354 4.23228
      vertex 12.5 0.662964 3.98368
      vertex 12.7254 1.10536 4.23228
    endloop
  endfacet
  facet normal 0.0271067 -0.101096 0.994507
    outer loop
      vertex 12.5768 3.01357 4.74349
      vertex 12.5517 3.00684 4.74349
      vertex 12.7296 2.5433 4.69152
    endloop
  endfacet
  facet normal 0.0164229 0.103383 0.994506
    outer loop
      vertex 12.5777 18.239 4.69152
      vertex 12.5517 17.7432 4.74349
      vertex 12.6545 18.2268 4.69152
    endloop
  endfacet
  facet normal -0.853061 -0.327456 0.406275
    outer loop
      vertex 0.724861 1.94215 2.15645
      vertex 0.532533 1.87966 1.70225
      vertex 0.698875 1.44632 1.70225
    endloop
  endfacet
  facet normal -0.913233 -0.35056 0.207637
    outer loop
      vertex 0.386412 1.83218 1.22939
      vertex 0.288099 1.80024 0.743063
      vertex 0.464083 1.34179 0.743063
    endloop
  endfacet
  facet normal -0.902502 -0.142938 0.406275
    outer loop
      vertex 0.540903 2.80761 2.15645
      vertex 0.339786 2.78647 1.70225
      vertex 0.412397 2.32801 1.70225
    endloop
  endfacet
  facet normal -0.966162 -0.153026 0.207638
    outer loop
      vertex 0.262114 2.29607 1.22939
      vertex 0.0841808 2.7596 0.743063
      vertex 0.161001 2.27458 0.743063
    endloop
  endfacet
  facet normal -0.625157 -0.239974 0.742692
    outer loop
      vertex 1.90703 2.32626 3.69144
      vertex 1.68162 1.88387 3.35876
      vertex 2.01916 2.03415 3.69144
    endloop
  endfacet
  facet normal -0.836809 -0.22422 0.499476
    outer loop
      vertex 0.961289 2.01897 2.58704
      vertex 0.610204 2.37006 2.15645
      vertex 0.724861 1.94215 2.15645
    endloop
  endfacet
  facet normal -0.694218 -0.266482 0.668617
    outer loop
      vertex 1.55563 2.21209 3.35876
      vertex 1.3777 1.74855 2.98927
      vertex 1.68162 1.88387 3.35876
    endloop
  endfacet
  facet normal -0.814153 -0.414836 0.406283
    outer loop
      vertex 0.883618 1.52858 2.15645
      vertex 0.698875 1.44632 1.70225
      vertex 1.08474 1.13386 2.15645
    endloop
  endfacet
  facet normal -0.721171 -0.367467 0.587265
    outer loop
      vertex 1.3777 1.74855 2.98927
      vertex 1.11072 1.62969 2.58704
      vertex 1.30003 1.25816 2.58704
    endloop
  endfacet
  facet normal 0.105402 -0.39332 -0.91334
    outer loop
      vertex 13.1664 1.19909 -4.23228
      vertex 12.9484 1.14067 -4.23228
      vertex 13.026 1.63107 -4.43451
    endloop
  endfacet
  facet normal 0.0213247 -0.406649 -0.913336
    outer loop
      vertex 12.7254 1.10536 -4.23228
      vertex 12.5 1.09354 -4.23228
      vertex 12.5 1.54775 -4.43451
    endloop
  endfacet
  facet normal -0.0108873 -0.207893 -0.978091
    outer loop
      vertex 4.75 2.02061 -4.58815
      vertex 4.62149 2.02734 -4.58815
      vertex 4.67233 2.51101 -4.69152
    endloop
  endfacet
  facet normal -0.266488 -0.694208 -0.668625
    outer loop
      vertex 3.38387 0.181623 -3.35876
      vertex 3.56716 0 -3.24324
      vertex 3.30301 0 -3.13796
    endloop
  endfacet
  facet normal -0.266479 -0.694204 -0.668633
    outer loop
      vertex 3.56716 0 -3.24324
      vertex 3.38387 0.181623 -3.35876
      vertex 3.71209 0.0556316 -3.35876
    endloop
  endfacet
  facet normal 0.239983 -0.625142 -0.742701
    outer loop
      vertex 13.5379 0.0556316 -3.35876
      vertex 13.4237 0.407033 -3.69144
      vertex 13.8661 0.181623 -3.35876
    endloop
  endfacet
  facet normal -0.871589 -0.444093 0.207639
    outer loop
      vertex 0.776547 0.955926 1.22939
      vertex 0.464083 1.34179 0.743063
      vertex 0.687024 0.90424 0.743063
    endloop
  endfacet
  facet normal -0.739207 -0.598596 0.308635
    outer loop
      vertex 1.45452 0.282735 1.70225
      vertex 1.03811 0.553154 1.22939
      vertex 1.34034 0.17993 1.22939
    endloop
  endfacet
  facet normal -0.760209 -0.615604 0.20764
    outer loop
      vertex 1.03811 0.553154 1.22939
      vertex 0.95448 0.492393 0.743063
      vertex 1.26352 0.11076 0.743063
    endloop
  endfacet
  facet normal 0 -0.587783 0.809018
    outer loop
      vertex 9.18207 0.662964 3.98368
      vertex 12.5 0.260728 3.69144
      vertex 12.5 0.662964 3.98368
    endloop
  endfacet
  facet normal 0 -0.587783 0.809018
    outer loop
      vertex 12.5 0.260728 3.69144
      vertex 9.18207 0.662964 3.98368
      vertex 9.10377 0.260728 3.69144
    endloop
  endfacet
  facet normal -0.577888 -0.467964 0.668622
    outer loop
      vertex 2.03271 1.27577 3.35876
      vertex 1.76356 1.08022 2.98927
      vertex 2.00672 0.779942 2.98927
    endloop
  endfacet
  facet normal 0.104519 0.00551515 0.994508
    outer loop
      vertex 13.239 17.5777 4.69152
      vertex 12.7486 17.5 4.74349
      vertex 13.2431 17.5 4.69152
    endloop
  endfacet
  facet normal 0.577797 -0.467998 0.668677
    outer loop
      vertex 15.2173 1.27577 3.35876
      vertex 14.996 1.00255 3.35876
      vertex 15.2433 0.779942 2.98927
    endloop
  endfacet
  facet normal 0.494298 0.0782454 0.865764
    outer loop
      vertex 15.0729 17.7704 3.98368
      vertex 14.6093 17.9484 4.23228
      vertex 14.6446 17.7254 4.23228
    endloop
  endfacet
  facet normal 0.0782774 -0.49436 0.865726
    outer loop
      vertex 12.9484 1.14067 4.23228
      vertex 12.7254 1.10536 4.23228
      vertex 12.7704 0.677136 3.98368
    endloop
  endfacet
  facet normal 0.415914 -0.416008 0.808674
    outer loop
      vertex 14.4225 1.51894 3.98368
      vertex 14.5002 1.02854 3.69144
      vertex 14.7215 1.24979 3.69144
    endloop
  endfacet
  facet normal 0.416111 -0.415938 0.808608
    outer loop
      vertex 14.5002 1.02854 3.69144
      vertex 14.4225 1.51894 3.98368
      vertex 14.2311 1.32746 3.98368
    endloop
  endfacet
  facet normal 0.370195 -0.457259 0.808622
    outer loop
      vertex 14.2311 1.32746 3.98368
      vertex 14.0206 1.15704 3.98368
      vertex 14.257 0.831628 3.69144
    endloop
  endfacet
  facet normal 0.267068 -0.524209 0.808628
    outer loop
      vertex 13.7935 1.00956 3.98368
      vertex 13.5522 0.886625 3.98368
      vertex 13.9946 0.661214 3.69144
    endloop
  endfacet
  facet normal 0.24049 -0.194692 0.950926
    outer loop
      vertex 13.8771 2.24944 4.43451
      vertex 13.4946 2.52738 4.58815
      vertex 13.765 2.11097 4.43451
    endloop
  endfacet
  facet normal 0.944879 -0.253182 -0.207614
    outer loop
      vertex 16.9619 1.80024 -0.743063
      vertex 16.8636 1.83218 -1.22939
      vertex 16.9879 2.29607 -1.22939
    endloop
  endfacet
  facet normal 0.871623 -0.444057 -0.207575
    outer loop
      vertex 16.7859 1.34179 -0.743063
      vertex 16.4735 0.955926 -1.22939
      vertex 16.6915 1.38383 -1.22939
    endloop
  endfacet
  facet normal 0.891016 -0.453971 0
    outer loop
      vertex 16.608 0.878254 0.248595
      vertex 16.8334 1.32065 -0.248595
      vertex 16.8334 1.32065 0.248595
    endloop
  endfacet
  facet normal 0.891016 -0.453971 0
    outer loop
      vertex 16.8334 1.32065 -0.248595
      vertex 16.608 0.878254 0.248595
      vertex 16.608 0.878254 -0.248595
    endloop
  endfacet
  facet normal 0.814197 -0.414813 -0.406219
    outer loop
      vertex 16.5511 1.44632 -1.70225
      vertex 16.1653 1.13386 -2.15645
      vertex 16.3664 1.52858 -2.15645
    endloop
  endfacet
  facet normal 0.772943 -0.625835 -0.104353
    outer loop
      vertex 16.0251 0.075985 -0.248595
      vertex 15.9865 0.11076 -0.743063
      vertex 16.2955 0.492393 -0.743063
    endloop
  endfacet
  facet normal 0.976867 -0.0511939 0.207629
    outer loop
      vertex 17.1915 3.25 0.743063
      vertex 17.063 2.77041 1.22939
      vertex 17.1658 2.7596 0.743063
    endloop
  endfacet
  facet normal 0.993168 -0.0520481 0.104445
    outer loop
      vertex 17.1915 3.25 0.743063
      vertex 17.1658 2.7596 0.743063
      vertex 17.2435 3.25 0.248595
    endloop
  endfacet
  facet normal 0.886175 -0.451442 -0.104373
    outer loop
      vertex 16.608 0.878254 -0.248595
      vertex 16.563 0.90424 -0.743063
      vertex 16.7859 1.34179 -0.743063
    endloop
  endfacet
  facet normal 0.852977 -0.327538 -0.406386
    outer loop
      vertex 16.5511 1.44632 -1.70225
      vertex 16.5251 1.94215 -2.15645
      vertex 16.7175 1.87966 -1.70225
    endloop
  endfacet
  facet normal 0.960655 -0.257409 0.104322
    outer loop
      vertex 17.089 2.27458 0.743063
      vertex 16.9619 1.80024 0.743063
      vertex 17.1398 2.26377 0.248595
    endloop
  endfacet
  facet normal 0.993168 0.0520481 -0.104445
    outer loop
      vertex 17.1915 17.5 -0.743063
      vertex 17.1658 17.9904 -0.743063
      vertex 17.2435 17.5 -0.248595
    endloop
  endfacet
  facet normal 0.673286 -0.545187 -0.499457
    outer loop
      vertex 15.924 0.762327 -2.15645
      vertex 15.4605 0.584394 -2.58704
      vertex 15.7229 0.908448 -2.58704
    endloop
  endfacet
  facet normal 0.577973 -0.467917 -0.668581
    outer loop
      vertex 15.2433 0.779942 -2.98927
      vertex 15.2173 1.27577 -3.35876
      vertex 15.4864 1.08022 -2.98927
    endloop
  endfacet
  facet normal 0.545296 -0.673282 -0.499343
    outer loop
      vertex 15.0545 0 -2.31807
      vertex 15.3319 0.104802 -2.15645
      vertex 15.2025 0 -2.15645
    endloop
  endfacet
  facet normal 0.545318 -0.673193 -0.499439
    outer loop
      vertex 15.3319 0.104802 -2.15645
      vertex 15.0545 0 -2.31807
      vertex 15.1656 0.289544 -2.58704
    endloop
  endfacet
  facet normal 0.673274 -0.545228 -0.499428
    outer loop
      vertex 15.6452 0.418051 -2.15645
      vertex 15.4605 0.584394 -2.58704
      vertex 15.924 0.762327 -2.15645
    endloop
  endfacet
  facet normal 0.855606 -0.135659 -0.499534
    outer loop
      vertex 16.6398 2.37006 -2.15645
      vertex 16.3966 2.42174 -2.58704
      vertex 16.4619 2.83359 -2.58704
    endloop
  endfacet
  facet normal 0.853124 -0.327371 -0.406212
    outer loop
      vertex 16.5511 1.44632 -1.70225
      vertex 16.3664 1.52858 -2.15645
      vertex 16.5251 1.94215 -2.15645
    endloop
  endfacet
  facet normal 0.912516 -0.0478545 -0.406232
    outer loop
      vertex 16.9345 3.25 -1.70225
      vertex 16.7091 2.80761 -2.15645
      vertex 16.7323 3.25 -2.15645
    endloop
  endfacet
  facet normal 0.918781 -0.246189 0.308597
    outer loop
      vertex 16.9879 2.29607 1.22939
      vertex 16.7175 1.87966 1.70225
      vertex 16.8636 1.83218 1.22939
    endloop
  endfacet
  facet normal 0.808842 -0.310379 0.499439
    outer loop
      vertex 16.5251 1.94215 2.15645
      vertex 16.2887 2.01897 2.58704
      vertex 16.3664 1.52858 2.15645
    endloop
  endfacet
  facet normal 0.836809 -0.224304 0.499437
    outer loop
      vertex 16.6398 2.37006 2.15645
      vertex 16.2887 2.01897 2.58704
      vertex 16.5251 1.94215 2.15645
    endloop
  endfacet
  facet normal 0.710119 -0.575023 0.406299
    outer loop
      vertex 16.0876 0.643461 1.70225
      vertex 15.6452 0.418051 2.15645
      vertex 15.7955 0.282735 1.70225
    endloop
  endfacet
  facet normal 0.771922 -0.393275 0.499472
    outer loop
      vertex 16.3664 1.52858 2.15645
      vertex 16.1393 1.62969 2.58704
      vertex 16.1653 1.13386 2.15645
    endloop
  endfacet
  facet normal 0.814197 -0.414813 0.406219
    outer loop
      vertex 16.3664 1.52858 2.15645
      vertex 16.1653 1.13386 2.15645
      vertex 16.5511 1.44632 1.70225
    endloop
  endfacet
  facet normal 0.808811 -0.31041 0.49947
    outer loop
      vertex 16.2887 2.01897 2.58704
      vertex 16.1393 1.62969 2.58704
      vertex 16.3664 1.52858 2.15645
    endloop
  endfacet
  facet normal 0.509438 -0.628998 0.587226
    outer loop
      vertex 14.9701 0.506722 2.98927
      vertex 14.8416 0.0271301 2.58704
      vertex 15.1656 0.289544 2.58704
    endloop
  endfacet
  facet normal 0.577973 -0.467917 0.668581
    outer loop
      vertex 15.4864 1.08022 2.98927
      vertex 15.2173 1.27577 3.35876
      vertex 15.2433 0.779942 2.98927
    endloop
  endfacet
  facet normal 0.24042 -0.19474 0.950933
    outer loop
      vertex 13.4946 2.52738 4.58815
      vertex 13.4136 2.42738 4.58815
      vertex 13.765 2.11097 4.43451
    endloop
  endfacet
  facet normal 0.493419 -0.320409 0.808626
    outer loop
      vertex 15.0888 1.75536 3.69144
      vertex 14.593 1.72938 3.98368
      vertex 14.9184 1.49295 3.69144
    endloop
  endfacet
  facet normal 0.721164 -0.367444 0.587289
    outer loop
      vertex 16.1393 1.62969 2.58704
      vertex 15.8723 1.74855 2.98927
      vertex 15.95 1.25816 2.58704
    endloop
  endfacet
  facet normal 0.766315 -0.497699 0.406272
    outer loop
      vertex 16.1653 1.13386 2.15645
      vertex 15.924 0.762327 2.15645
      vertex 16.0876 0.643461 1.70225
    endloop
  endfacet
  facet normal 0.760255 -0.615562 0.207596
    outer loop
      vertex 16.2119 0.553154 1.22939
      vertex 15.9865 0.11076 0.743063
      vertex 16.2955 0.492393 0.743063
    endloop
  endfacet
  facet normal 0.886175 -0.451442 0.104373
    outer loop
      vertex 16.7859 1.34179 0.743063
      vertex 16.563 0.90424 0.743063
      vertex 16.608 0.878254 0.248595
    endloop
  endfacet
  facet normal 0.939472 0.148755 0.308649
    outer loop
      vertex 16.9879 18.4539 1.22939
      vertex 16.8376 18.422 1.70225
      vertex 17.063 17.9796 1.22939
    endloop
  endfacet
  facet normal 0.561608 0.364703 0.74269
    outer loop
      vertex 15.2173 19.4742 3.35876
      vertex 14.9184 19.257 3.69144
      vertex 15.0888 18.9946 3.69144
    endloop
  endfacet
  facet normal 0.865138 -0.0452919 0.499485
    outer loop
      vertex 16.4837 3.25 2.58704
      vertex 16.4619 2.83359 2.58704
      vertex 16.7323 3.25 2.15645
    endloop
  endfacet
  facet normal 0.865135 0.0453687 0.499483
    outer loop
      vertex 16.7091 17.9424 2.15645
      vertex 16.4837 17.5 2.58704
      vertex 16.7323 17.5 2.15645
    endloop
  endfacet
  facet normal 0.949876 -0.0497961 0.308634
    outer loop
      vertex 16.9345 3.25 1.70225
      vertex 16.9102 2.78647 1.70225
      vertex 17.063 2.77041 1.22939
    endloop
  endfacet
  facet normal 0.944874 0.253175 -0.207644
    outer loop
      vertex 16.9879 18.4539 -1.22939
      vertex 16.8636 18.9178 -1.22939
      vertex 16.9619 18.9498 -0.743063
    endloop
  endfacet
  facet normal 0.871648 0.443991 0.207611
    outer loop
      vertex 16.563 19.8458 0.743063
      vertex 16.4735 19.7941 1.22939
      vertex 16.7859 19.4082 0.743063
    endloop
  endfacet
  facet normal 0.777062 0.629424 0
    outer loop
      vertex 16.3376 20.2882 0.248595
      vertex 16.0251 20.674 -0.248595
      vertex 16.0251 20.674 0.248595
    endloop
  endfacet
  facet normal 0.777062 0.629424 0
    outer loop
      vertex 16.0251 20.674 -0.248595
      vertex 16.3376 20.2882 0.248595
      vertex 16.3376 20.2882 -0.248595
    endloop
  endfacet
  facet normal 0.982305 0.155548 0.104316
    outer loop
      vertex 17.1398 18.4862 0.248595
      vertex 17.089 18.4754 0.743063
      vertex 17.1658 17.9904 0.743063
    endloop
  endfacet
  facet normal 0.739278 0.598512 0.308628
    outer loop
      vertex 16.2119 20.1968 1.22939
      vertex 15.7955 20.4673 1.70225
      vertex 16.0876 20.1065 1.70225
    endloop
  endfacet
  facet normal 0.646771 0.173143 0.742771
    outer loop
      vertex 15.7854 18.1983 3.35876
      vertex 15.343 18.4237 3.69144
      vertex 15.4239 18.1215 3.69144
    endloop
  endfacet
  facet normal 0.568343 0.152148 0.808602
    outer loop
      vertex 15.343 18.4237 3.69144
      vertex 15.0305 18.0379 3.98368
      vertex 15.4239 18.1215 3.69144
    endloop
  endfacet
  facet normal 0.668675 0.0350431 0.742728
    outer loop
      vertex 15.8404 17.8511 3.35876
      vertex 15.4729 17.8125 3.69144
      vertex 15.8588 17.5 3.35876
    endloop
  endfacet
  facet normal 0.886203 0.451405 0.104295
    outer loop
      vertex 16.608 19.8717 0.248595
      vertex 16.563 19.8458 0.743063
      vertex 16.7859 19.4082 0.743063
    endloop
  endfacet
  facet normal 0.944874 0.253175 0.207644
    outer loop
      vertex 16.9619 18.9498 0.743063
      vertex 16.8636 18.9178 1.22939
      vertex 16.9879 18.4539 1.22939
    endloop
  endfacet
  facet normal 0.834147 0.541545 -0.104534
    outer loop
      vertex 16.608 19.8717 -0.248595
      vertex 16.2955 20.2576 -0.743063
      vertex 16.3376 20.2882 -0.248595
    endloop
  endfacet
  facet normal 0.185494 -0.0944868 0.978092
    outer loop
      vertex 13.1788 2.94777 4.69152
      vertex 13.1435 2.87847 4.69152
      vertex 13.6231 2.74996 4.58815
    endloop
  endfacet
  facet normal 0.581089 -0.092119 0.80861
    outer loop
      vertex 15.0729 2.97958 3.98368
      vertex 15.0305 2.71212 3.98368
      vertex 15.4729 2.93754 3.69144
    endloop
  endfacet
  facet normal 0.646769 -0.173119 0.742779
    outer loop
      vertex 15.4239 2.6285 3.69144
      vertex 15.343 2.32626 3.69144
      vertex 15.7854 2.55167 3.35876
    endloop
  endfacet
  facet normal 0.370224 -0.457252 0.808613
    outer loop
      vertex 14.5002 1.02854 3.69144
      vertex 14.2311 1.32746 3.98368
      vertex 14.257 0.831628 3.69144
    endloop
  endfacet
  facet normal 0.799459 -0.126757 0.587194
    outer loop
      vertex 16.4619 2.83359 2.58704
      vertex 16.1108 2.4825 2.98927
      vertex 16.3966 2.42174 2.58704
    endloop
  endfacet
  facet normal 0.587549 -0.0306355 0.808608
    outer loop
      vertex 15.087 3.25 3.98368
      vertex 15.0729 2.97958 3.98368
      vertex 15.4729 2.93754 3.69144
    endloop
  endfacet
  facet normal 0.646811 -0.173331 0.742692
    outer loop
      vertex 15.7854 2.55167 3.35876
      vertex 15.343 2.32626 3.69144
      vertex 15.6944 2.21209 3.35876
    endloop
  endfacet
  facet normal 0.483492 0.129523 0.865713
    outer loop
      vertex 14.9604 18.2994 3.98368
      vertex 14.5509 18.1664 4.23228
      vertex 14.6093 17.9484 4.23228
    endloop
  endfacet
  facet normal 0.40658 0.0214654 0.913363
    outer loop
      vertex 14.6446 17.7254 4.23228
      vertex 14.2022 17.5 4.43451
      vertex 14.6565 17.5 4.23228
    endloop
  endfacet
  facet normal 0.467279 0.179296 0.865738
    outer loop
      vertex 14.8634 18.5522 3.98368
      vertex 14.47 18.3771 4.23228
      vertex 14.9604 18.2994 3.98368
    endloop
  endfacet
  facet normal 0.54932 0.210775 0.808592
    outer loop
      vertex 15.2308 18.7158 3.69144
      vertex 14.8634 18.5522 3.98368
      vertex 14.9604 18.2994 3.98368
    endloop
  endfacet
  facet normal 0.402211 0.0636683 0.913331
    outer loop
      vertex 14.6093 17.9484 4.23228
      vertex 14.1929 17.6779 4.43451
      vertex 14.6446 17.7254 4.23228
    endloop
  endfacet
  facet normal 0.402164 0.0637521 0.913346
    outer loop
      vertex 14.6093 17.9484 4.23228
      vertex 14.165 17.8539 4.43451
      vertex 14.1929 17.6779 4.43451
    endloop
  endfacet
  facet normal 0.808811 -0.31041 -0.49947
    outer loop
      vertex 16.3664 1.52858 -2.15645
      vertex 16.1393 1.62969 -2.58704
      vertex 16.2887 2.01897 -2.58704
    endloop
  endfacet
  facet normal 0.755639 -0.290003 -0.587289
    outer loop
      vertex 16.1393 1.62969 -2.58704
      vertex 15.8723 1.74855 -2.98927
      vertex 16.2887 2.01897 -2.58704
    endloop
  endfacet
  facet normal 0.734525 -0.116249 -0.66855
    outer loop
      vertex 16.1108 2.4825 -2.98927
      vertex 15.8404 2.89891 -3.35876
      vertex 16.1712 2.86414 -2.98927
    endloop
  endfacet
  facet normal 0.52409 -0.267171 -0.808672
    outer loop
      vertex 15.0888 1.75536 -3.69144
      vertex 14.7404 1.95648 -3.98368
      vertex 14.8634 2.19776 -3.98368
    endloop
  endfacet
  facet normal 0.721181 -0.36743 -0.587276
    outer loop
      vertex 15.95 1.25816 -2.58704
      vertex 15.6969 1.40428 -2.98927
      vertex 15.8723 1.74855 -2.98927
    endloop
  endfacet
  facet normal 0.662581 -0.337583 -0.668598
    outer loop
      vertex 15.8723 1.74855 -2.98927
      vertex 15.4088 1.57062 -3.35876
      vertex 15.5684 1.88387 -3.35876
    endloop
  endfacet
  facet normal 0.799388 -0.126515 -0.587344
    outer loop
      vertex 16.4619 2.83359 -2.58704
      vertex 16.1108 2.4825 -2.98927
      vertex 16.1712 2.86414 -2.98927
    endloop
  endfacet
  facet normal 0.668674 -0.035044 -0.74273
    outer loop
      vertex 15.8404 2.89891 -3.35876
      vertex 15.4729 2.93754 -3.69144
      vertex 15.8588 3.25 -3.35876
    endloop
  endfacet
  facet normal 0.525795 -0.525757 -0.66867
    outer loop
      vertex 14.9701 0.506722 -2.98927
      vertex 14.996 1.00255 -3.35876
      vertex 15.2433 0.779942 -2.98927
    endloop
  endfacet
  facet normal 0.525755 -0.52577 -0.668691
    outer loop
      vertex 14.996 1.00255 -3.35876
      vertex 14.9701 0.506722 -2.98927
      vertex 14.7474 0.753957 -3.35876
    endloop
  endfacet
  facet normal 0.46795 -0.577828 -0.668683
    outer loop
      vertex 14.9701 0.506722 -2.98927
      vertex 14.4742 0.532708 -3.35876
      vertex 14.7474 0.753957 -3.35876
    endloop
  endfacet
  facet normal 0.27261 -0.419758 -0.865729
    outer loop
      vertex 14.0206 1.15704 -3.98368
      vertex 13.5782 1.38245 -4.23228
      vertex 13.7675 1.50539 -4.23228
    endloop
  endfacet
  facet normal 0.256287 -0.316457 -0.91333
    outer loop
      vertex 13.7675 1.50539 -4.23228
      vertex 13.639 1.98498 -4.43451
      vertex 13.9429 1.64744 -4.23228
    endloop
  endfacet
  facet normal -0.976865 0.0511938 0.207638
    outer loop
      vertex 0.186986 17.9796 1.22939
      vertex 0.0584803 17.5 0.743063
      vertex 0.161852 17.5 1.22939
    endloop
  endfacet
  facet normal -0.951056 0 0.309019
    outer loop
      vertex 0.161852 3.25 1.22939
      vertex 0.249191 7.82559 1.49819
      vertex 0.161852 7.973 1.22939
    endloop
  endfacet
  facet normal -0.951058 4.13516e-07 0.309013
    outer loop
      vertex 0.161852 3.25 1.22939
      vertex 0.315493 7.7163 1.70225
      vertex 0.249191 7.82559 1.49819
    endloop
  endfacet
  facet normal -0.951057 0 0.309016
    outer loop
      vertex 0.315493 7.7163 1.70225
      vertex 0.161852 3.25 1.22939
      vertex 0.315493 3.25 1.70225
    endloop
  endfacet
  facet normal -0.951057 0 0.309016
    outer loop
      vertex 0.161852 15.0838 1.22939
      vertex 0.315493 17.5 1.70225
      vertex 0.161852 17.5 1.22939
    endloop
  endfacet
  facet normal -0.951056 -5.45893e-07 0.309019
    outer loop
      vertex 0.249191 14.9145 1.49819
      vertex 0.315493 17.5 1.70225
      vertex 0.161852 15.0838 1.22939
    endloop
  endfacet
  facet normal -0.951058 0 0.309012
    outer loop
      vertex 0.315493 17.5 1.70225
      vertex 0.249191 14.9145 1.49819
      vertex 0.315493 14.7834 1.70225
    endloop
  endfacet
  facet normal -0.493405 0.32042 0.80863
    outer loop
      vertex 2.65704 19.0206 3.98368
      vertex 2.16121 18.9946 3.69144
      vertex 2.50956 18.7935 3.98368
    endloop
  endfacet
  facet normal -0.494374 -0.0783137 0.865714
    outer loop
      vertex 2.51524 3.01512 4.17997
      vertex 2.17714 2.97958 3.98368
      vertex 2.51057 2.85159 4.16251
    endloop
  endfacet
  facet normal -0 0.30905 0.951046
    outer loop
      vertex 4.75 19.2022 4.43451
      vertex 12.5 18.7294 4.58815
      vertex 12.5 19.2022 4.43451
    endloop
  endfacet
  facet normal 0 0.30905 0.951046
    outer loop
      vertex 12.5 18.7294 4.58815
      vertex 4.75 19.2022 4.43451
      vertex 4.75 18.7294 4.58815
    endloop
  endfacet
  facet normal -0.185501 0.094481 0.978091
    outer loop
      vertex 3.68532 18.1147 4.58815
      vertex 3.6269 18 4.58815
      vertex 4.10649 17.8715 4.69152
    endloop
  endfacet
  facet normal 0.0270644 0.101121 0.994506
    outer loop
      vertex 12.6545 18.2268 4.69152
      vertex 12.5517 17.7432 4.74349
      vertex 12.7296 18.2067 4.69152
    endloop
  endfacet
  facet normal -0.668708 -0.0350341 0.742699
    outer loop
      vertex 1.76073 3.25 3.69144
      vertex 1.39124 3.25 3.35876
      vertex 1.7771 2.93754 3.69144
    endloop
  endfacet
  facet normal -0.494365 0.0782853 0.865722
    outer loop
      vertex 2.2195 18.0379 3.98368
      vertex 2.17714 17.7704 3.98368
      vertex 2.64067 17.9484 4.23228
    endloop
  endfacet
  facet normal -0.808287 0.0423594 0.587263
    outer loop
      vertex 0.788137 17.9164 2.58704
      vertex 0.766315 17.5 2.58704
      vertex 1.07878 17.8859 2.98927
    endloop
  endfacet
  facet normal -0.718259 0.192445 0.668632
    outer loop
      vertex 1.55563 18.5379 3.35876
      vertex 1.13922 18.2675 2.98927
      vertex 1.46464 18.1983 3.35876
    endloop
  endfacet
  facet normal -0.808284 0.0423516 0.587268
    outer loop
      vertex 1.07878 17.8859 2.98927
      vertex 0.766315 17.5 2.58704
      vertex 1.05856 17.5 2.98927
    endloop
  endfacet
  facet normal -0.49437 -0.0782977 0.865718
    outer loop
      vertex 2.51057 2.85159 4.16251
      vertex 2.2195 2.71212 3.98368
      vertex 2.50833 2.77352 4.15417
    endloop
  endfacet
  facet normal -0.49437 -0.0782977 0.865718
    outer loop
      vertex 2.2195 2.71212 3.98368
      vertex 2.51057 2.85159 4.16251
      vertex 2.17714 2.97958 3.98368
    endloop
  endfacet
  facet normal -0.549222 0.210846 0.80864
    outer loop
      vertex 2.38663 18.5522 3.98368
      vertex 2.01916 18.7158 3.69144
      vertex 2.28958 18.2994 3.98368
    endloop
  endfacet
  facet normal -0.799431 0.126603 0.587267
    outer loop
      vertex 0.853368 18.3283 2.58704
      vertex 0.788137 17.9164 2.58704
      vertex 1.13922 18.2675 2.98927
    endloop
  endfacet
  facet normal -0.742588 0.0389166 0.668616
    outer loop
      vertex 1.40964 17.8511 3.35876
      vertex 1.07878 17.8859 2.98927
      vertex 1.39124 17.5 3.35876
    endloop
  endfacet
  facet normal -0.10338 0.0163685 0.994507
    outer loop
      vertex 4.02317 17.6545 4.69152
      vertex 4.01101 17.5777 4.69152
      vertex 4.50684 17.5517 4.74349
    endloop
  endfacet
  facet normal -0.440587 0.679252 0.586941
    outer loop
      vertex 2.40845 20.7229 2.58704
      vertex 2.87361 20.75 2.90485
      vertex 2.45023 20.75 2.58704
    endloop
  endfacet
  facet normal -0.440732 0.678952 0.587179
    outer loop
      vertex 2.87361 20.75 2.90485
      vertex 2.40845 20.7229 2.58704
      vertex 2.90428 20.6969 2.98927
    endloop
  endfacet
  facet normal -0.0921356 0.581094 0.808605
    outer loop
      vertex 4.43754 20.4729 3.69144
      vertex 4.1285 20.4239 3.69144
      vertex 4.21212 20.0305 3.98368
    endloop
  endfacet
  facet normal -0.129564 0.483435 0.865739
    outer loop
      vertex 4.21212 20.0305 3.98368
      vertex 3.95056 19.9604 3.98368
      vertex 4.30165 19.6093 4.23228
    endloop
  endfacet
  facet normal -0.026059 0.499779 0.865761
    outer loop
      vertex 4.75 20.087 3.98368
      vertex 4.47958 20.0729 3.98368
      vertex 4.52459 19.6446 4.23228
    endloop
  endfacet
  facet normal -0 0.587722 0.809063
    outer loop
      vertex 4.75 20.4893 3.69144
      vertex 12.5 20.087 3.98368
      vertex 12.5 20.4893 3.69144
    endloop
  endfacet
  facet normal 0 0.587722 0.809063
    outer loop
      vertex 12.5 20.087 3.98368
      vertex 4.75 20.4893 3.69144
      vertex 4.75 20.087 3.98368
    endloop
  endfacet
  facet normal 0.0306376 0.587546 0.80861
    outer loop
      vertex 12.8125 20.4729 3.69144
      vertex 12.5 20.087 3.98368
      vertex 12.7704 20.0729 3.98368
    endloop
  endfacet
  facet normal -0.568256 0.152288 0.808636
    outer loop
      vertex 2.28958 18.2994 3.98368
      vertex 1.90703 18.4237 3.69144
      vertex 2.2195 18.0379 3.98368
    endloop
  endfacet
  facet normal -0.52045 0.421389 0.742673
    outer loop
      vertex 2.52854 19.5002 3.69144
      vertex 2.25396 19.7474 3.35876
      vertex 2.33163 19.257 3.69144
    endloop
  endfacet
  facet normal -0.457254 0.370222 0.808613
    outer loop
      vertex 2.52854 19.5002 3.69144
      vertex 2.33163 19.257 3.69144
      vertex 2.82746 19.2311 3.98368
    endloop
  endfacet
  facet normal 0 0.669169 -0.74311
    outer loop
      vertex 9.10377 20.4893 -3.69144
      vertex 12.5 20.75 -3.45668
      vertex 12.5 20.4893 -3.69144
    endloop
  endfacet
  facet normal 0 0.669169 -0.74311
    outer loop
      vertex 12.5 20.75 -3.45668
      vertex 9.10377 20.4893 -3.69144
      vertex 9.04086 20.75 -3.45668
    endloop
  endfacet
  facet normal 0.0635422 0.402282 -0.913308
    outer loop
      vertex 12.8539 19.1651 -4.43451
      vertex 12.6779 19.1929 -4.43451
      vertex 12.9484 19.6093 -4.23228
    endloop
  endfacet
  facet normal 0.457185 0.370309 -0.808612
    outer loop
      vertex 14.593 19.0206 -3.98368
      vertex 14.4225 19.2311 -3.98368
      vertex 14.9184 19.257 -3.69144
    endloop
  endfacet
  facet normal 0.0263924 0.499902 -0.86568
    outer loop
      vertex 12.7254 19.6446 -4.23228
      vertex 12.5 19.6565 -4.23228
      vertex 12.5 20.087 -3.98368
    endloop
  endfacet
  facet normal 0.0783529 0.494326 -0.865738
    outer loop
      vertex 12.9484 19.6093 -4.23228
      vertex 12.7704 20.0729 -3.98368
      vertex 13.0379 20.0305 -3.98368
    endloop
  endfacet
  facet normal 0.668675 0.0350431 -0.742728
    outer loop
      vertex 15.8588 17.5 -3.35876
      vertex 15.4729 17.8125 -3.69144
      vertex 15.8404 17.8511 -3.35876
    endloop
  endfacet
  facet normal 0.668697 0.0350932 -0.742706
    outer loop
      vertex 15.4893 17.5 -3.69144
      vertex 15.4729 17.8125 -3.69144
      vertex 15.8588 17.5 -3.35876
    endloop
  endfacet
  facet normal 0.581081 0.0921041 -0.808617
    outer loop
      vertex 15.0729 17.7704 -3.98368
      vertex 15.0305 18.0379 -3.98368
      vertex 15.4729 17.8125 -3.69144
    endloop
  endfacet
  facet normal 0.499902 -0.0263912 -0.86568
    outer loop
      vertex 15.087 3.25 -3.98368
      vertex 14.6446 3.02459 -4.23228
      vertex 14.6565 3.25 -4.23228
    endloop
  endfacet
  facet normal 0.362832 0.184934 -0.913319
    outer loop
      vertex 14.47 18.3771 -4.23228
      vertex 13.9742 18.3511 -4.43451
      vertex 14.3675 18.5782 -4.23228
    endloop
  endfacet
  facet normal 0.316477 0.256213 -0.913344
    outer loop
      vertex 14.2446 18.7675 -4.23228
      vertex 13.765 18.639 -4.43451
      vertex 14.1026 18.9429 -4.23228
    endloop
  endfacet
  facet normal 0.370173 0.457217 -0.808656
    outer loop
      vertex 14.5002 19.7215 -3.69144
      vertex 14.2311 19.4225 -3.98368
      vertex 14.257 19.9184 -3.69144
    endloop
  endfacet
  facet normal 0.766379 0.497651 -0.40621
    outer loop
      vertex 16.1653 19.6161 -2.15645
      vertex 15.924 19.9877 -2.15645
      vertex 16.0876 20.1065 -1.70225
    endloop
  endfacet
  facet normal 0.173155 0.646816 -0.742729
    outer loop
      vertex 13.1215 20.4239 -3.69144
      vertex 13.2163 20.75 -3.38535
      vertex 13.4237 20.343 -3.69144
    endloop
  endfacet
  facet normal 0.173596 0.646693 -0.742734
    outer loop
      vertex 13.2163 20.75 -3.38535
      vertex 13.1215 20.4239 -3.69144
      vertex 13.1908 20.75 -3.39131
    endloop
  endfacet
  facet normal 0.703243 0.703243 -0.104391
    outer loop
      vertex 15.9865 20.6392 -0.743063
      vertex 15.9491 20.75 -0.248595
      vertex 16.0251 20.674 -0.248595
    endloop
  endfacet
  facet normal 0.703243 0.703243 -0.104391
    outer loop
      vertex 15.9491 20.75 -0.248595
      vertex 15.9865 20.6392 -0.743063
      vertex 15.8757 20.75 -0.743063
    endloop
  endfacet
  facet normal 0.44083 0.678731 -0.587361
    outer loop
      vertex 14.6698 20.4864 -2.98927
      vertex 14.3457 20.6969 -2.98927
      vertex 14.8416 20.7229 -2.58704
    endloop
  endfacet
  facet normal 0.628999 0.509412 -0.587248
    outer loop
      vertex 15.7229 19.8416 -2.58704
      vertex 15.2433 19.9701 -2.98927
      vertex 15.4605 20.1656 -2.58704
    endloop
  endfacet
  facet normal 0.0350953 0.668736 -0.742671
    outer loop
      vertex 12.5 20.4893 -3.69144
      vertex 12.5881 20.75 -3.45253
      vertex 12.8125 20.4729 -3.69144
    endloop
  endfacet
  facet normal 0.0349832 0.66876 -0.742655
    outer loop
      vertex 12.5881 20.75 -3.45253
      vertex 12.5 20.4893 -3.69144
      vertex 12.5 20.75 -3.45668
    endloop
  endfacet
  facet normal 0.104875 0.661358 -0.742703
    outer loop
      vertex 12.8125 20.4729 -3.69144
      vertex 12.9098 20.75 -3.43095
      vertex 13.1215 20.4239 -3.69144
    endloop
  endfacet
  facet normal 0.104651 0.661417 -0.742682
    outer loop
      vertex 12.9098 20.75 -3.43095
      vertex 12.8125 20.4729 -3.69144
      vertex 12.8416 20.75 -3.44056
    endloop
  endfacet
  facet normal 0.256213 0.316477 0.913344
    outer loop
      vertex 13.7675 19.2446 4.23228
      vertex 13.639 18.765 4.43451
      vertex 13.9429 19.1026 4.23228
    endloop
  endfacet
  facet normal 0.316444 0.25631 0.913328
    outer loop
      vertex 14.2446 18.7675 4.23228
      vertex 13.765 18.639 4.43451
      vertex 13.8771 18.5006 4.43451
    endloop
  endfacet
  facet normal 0.207887 0.0108392 0.978093
    outer loop
      vertex 13.7227 17.6285 4.58815
      vertex 13.239 17.5777 4.69152
      vertex 13.7294 17.5 4.58815
    endloop
  endfacet
  facet normal 0.288872 0.110757 0.950939
    outer loop
      vertex 14.0551 18.1924 4.43451
      vertex 13.6231 18 4.58815
      vertex 14.1189 18.026 4.43451
    endloop
  endfacet
  facet normal 0.0108392 0.207887 0.978093
    outer loop
      vertex 12.6285 18.7227 4.58815
      vertex 12.5 18.7294 4.58815
      vertex 12.5777 18.239 4.69152
    endloop
  endfacet
  facet normal 0.168568 0.259465 0.950927
    outer loop
      vertex 13.3511 18.9742 4.43451
      vertex 13.1147 18.5647 4.58815
      vertex 13.2226 18.4946 4.58815
    endloop
  endfacet
  facet normal 0.272529 0.41977 0.865749
    outer loop
      vertex 14.0206 19.593 3.98368
      vertex 13.5782 19.3675 4.23228
      vertex 13.7675 19.2446 4.23228
    endloop
  endfacet
  facet normal 0.174759 0.113205 0.978082
    outer loop
      vertex 13.4946 18.2226 4.58815
      vertex 13.1012 17.9368 4.69152
      vertex 13.1435 17.8715 4.69152
    endloop
  endfacet
  facet normal 0.0746048 0.194361 0.978089
    outer loop
      vertex 12.8799 18.6692 4.58815
      vertex 12.7296 18.2067 4.69152
      vertex 13 18.6231 4.58815
    endloop
  endfacet
  facet normal 0.21878 0.21878 0.950932
    outer loop
      vertex 13.639 18.765 4.43451
      vertex 13.4136 18.3226 4.58815
      vertex 13.765 18.639 4.43451
    endloop
  endfacet
  facet normal 0.21878 0.21878 0.950932
    outer loop
      vertex 13.4136 18.3226 4.58815
      vertex 13.639 18.765 4.43451
      vertex 13.3226 18.4136 4.58815
    endloop
  endfacet
  facet normal 0.0812866 -0.0659297 0.994508
    outer loop
      vertex 12.7011 3.10388 4.74349
      vertex 12.6847 3.08366 4.74349
      vertex 13.1012 2.81324 4.69152
    endloop
  endfacet
  facet normal 0.0273643 0.101007 0.994509
    outer loop
      vertex 12.7296 18.2067 4.69152
      vertex 12.5517 17.7432 4.74349
      vertex 12.5768 17.7364 4.74349
    endloop
  endfacet
  facet normal 0.152317 0.568199 0.808671
    outer loop
      vertex 13.4237 20.343 3.69144
      vertex 13.0379 20.0305 3.98368
      vertex 13.2994 19.9604 3.98368
    endloop
  endfacet
  facet normal 0.467877 0.577965 0.668616
    outer loop
      vertex 14.6698 20.4864 2.98927
      vertex 14.4742 20.2173 3.35876
      vertex 14.9701 20.2433 2.98927
    endloop
  endfacet
  facet normal 0.445926 0.227287 0.865731
    outer loop
      vertex 14.7404 18.7935 3.98368
      vertex 14.3675 18.5782 4.23228
      vertex 14.47 18.3771 4.23228
    endloop
  endfacet
  facet normal 0.445912 0.227299 0.865735
    outer loop
      vertex 14.7404 18.7935 3.98368
      vertex 14.47 18.3771 4.23228
      vertex 14.8634 18.5522 3.98368
    endloop
  endfacet
  facet normal 0.742673 0.0388754 0.668525
    outer loop
      vertex 16.1712 17.8859 2.98927
      vertex 15.8588 17.5 3.35876
      vertex 16.1914 17.5 2.98927
    endloop
  endfacet
  facet normal 0.509412 0.628999 0.587248
    outer loop
      vertex 15.1656 20.4605 2.58704
      vertex 14.8416 20.7229 2.58704
      vertex 14.9701 20.2433 2.98927
    endloop
  endfacet
  facet normal 0.834147 0.541545 0.104534
    outer loop
      vertex 16.3376 20.2882 0.248595
      vertex 16.2955 20.2576 0.743063
      vertex 16.608 19.8717 0.248595
    endloop
  endfacet
  facet normal 0.320439 -0.493405 -0.808622
    outer loop
      vertex 14.257 0.831628 -3.69144
      vertex 13.9946 0.661214 -3.69144
      vertex 14.0206 1.15704 -3.98368
    endloop
  endfacet
  facet normal 0.760244 -0.615571 -0.207609
    outer loop
      vertex 15.9865 0.11076 -0.743063
      vertex 15.9097 0.17993 -1.22939
      vertex 16.2119 0.553154 -1.22939
    endloop
  endfacet
  facet normal 0.797716 -0.518028 -0.308702
    outer loop
      vertex 16.4735 0.955926 -1.22939
      vertex 16.0876 0.643461 -1.70225
      vertex 16.3404 1.03275 -1.70225
    endloop
  endfacet
  facet normal 0.629019 -0.509343 -0.587286
    outer loop
      vertex 15.4605 0.584394 -2.58704
      vertex 15.2433 0.779942 -2.98927
      vertex 15.7229 0.908448 -2.58704
    endloop
  endfacet
  facet normal 0.629039 -0.50926 -0.587336
    outer loop
      vertex 15.7229 0.908448 -2.58704
      vertex 15.2433 0.779942 -2.98927
      vertex 15.4864 1.08022 -2.98927
    endloop
  endfacet
  facet normal 0.76636 -0.497666 -0.406228
    outer loop
      vertex 16.3404 1.03275 -1.70225
      vertex 16.0876 0.643461 -1.70225
      vertex 16.1653 1.13386 -2.15645
    endloop
  endfacet
  facet normal 0.766315 -0.497699 -0.406272
    outer loop
      vertex 16.0876 0.643461 -1.70225
      vertex 15.924 0.762327 -2.15645
      vertex 16.1653 1.13386 -2.15645
    endloop
  endfacet
  facet normal 0.703119 -0.703373 0.104355
    outer loop
      vertex 15.8757 0 0.743063
      vertex 16.0251 0.075985 0.248595
      vertex 15.9865 0.11076 0.743063
    endloop
  endfacet
  facet normal 0.703175 -0.703314 0.104381
    outer loop
      vertex 16.0251 0.075985 0.248595
      vertex 15.8757 0 0.743063
      vertex 15.9491 0 0.248595
    endloop
  endfacet
  facet normal 0.739229 -0.598555 0.308663
    outer loop
      vertex 16.2119 0.553154 1.22939
      vertex 15.7955 0.282735 1.70225
      vertex 15.9097 0.17993 1.22939
    endloop
  endfacet
  facet normal 0.509438 -0.628998 -0.587226
    outer loop
      vertex 15.1656 0.289544 -2.58704
      vertex 14.8416 0.0271301 -2.58704
      vertex 14.9701 0.506722 -2.98927
    endloop
  endfacet
  facet normal -0.902508 0.142927 -0.406265
    outer loop
      vertex 0.540903 17.9424 -2.15645
      vertex 0.339786 17.9635 -1.70225
      vertex 0.412397 18.422 -1.70225
    endloop
  endfacet
  facet normal -0.966161 0.153032 -0.207641
    outer loop
      vertex 0.262114 18.4539 -1.22939
      vertex 0.0841808 17.9904 -0.743063
      vertex 0.161001 18.4754 -0.743063
    endloop
  endfacet
  facet normal -0.939473 0.14881 -0.30862
    outer loop
      vertex 0.412397 18.422 -1.70225
      vertex 0.186986 17.9796 -1.22939
      vertex 0.262114 18.4539 -1.22939
    endloop
  endfacet
  facet normal -0.982292 -0.155579 -0.104387
    outer loop
      vertex 0.110166 2.26377 -0.248595
      vertex 0.0324945 2.75417 -0.248595
      vertex 0.0841808 2.7596 -0.743063
    endloop
  endfacet
  facet normal -0.987688 -0.156434 0
    outer loop
      vertex 0.110166 2.26377 -0.248595
      vertex 0.0324945 2.75417 0.248595
      vertex 0.0324945 2.75417 -0.248595
    endloop
  endfacet
  facet normal -0.987688 -0.156434 0
    outer loop
      vertex 0.0324945 2.75417 0.248595
      vertex 0.110166 2.26377 -0.248595
      vertex 0.110166 2.26377 0.248595
    endloop
  endfacet
  facet normal -0.766408 0.497608 -0.406209
    outer loop
      vertex 1.32601 19.9877 -2.15645
      vertex 1.08474 19.6161 -2.15645
      vertex 1.16241 20.1065 -1.70225
    endloop
  endfacet
  facet normal -0.9125 0.047826 -0.406271
    outer loop
      vertex 0.540903 17.9424 -2.15645
      vertex 0.315493 17.5 -1.70225
      vertex 0.339786 17.9635 -1.70225
    endloop
  endfacet
  facet normal -0.976865 -0.0511948 -0.207639
    outer loop
      vertex 0.0841808 2.7596 -0.743063
      vertex 0.0584803 3.25 -0.743063
      vertex 0.186986 2.77041 -1.22939
    endloop
  endfacet
  facet normal -0.976865 -0.0511948 -0.207638
    outer loop
      vertex 0.186986 2.77041 -1.22939
      vertex 0.0584803 3.25 -0.743063
      vertex 0.161852 3.25 -1.22939
    endloop
  endfacet
  facet normal -0.549219 -0.210845 -0.808643
    outer loop
      vertex 2.38663 2.19776 -3.98368
      vertex 2.01916 2.03415 -3.69144
      vertex 2.28958 2.45056 -3.98368
    endloop
  endfacet
  facet normal -0.406649 -0.0213238 -0.913336
    outer loop
      vertex 2.60536 3.02459 -4.23228
      vertex 2.59354 3.25 -4.23228
      vertex 3.04775 3.25 -4.43451
    endloop
  endfacet
  facet normal -0.799431 0.126603 -0.587267
    outer loop
      vertex 1.13922 18.2675 -2.98927
      vertex 0.788137 17.9164 -2.58704
      vertex 0.853368 18.3283 -2.58704
    endloop
  endfacet
  facet normal -0.66908 0 -0.743191
    outer loop
      vertex 1.76073 3.25 -3.69144
      vertex 1.75 11.1547 -3.68178
      vertex 1.76073 11.1631 -3.69144
    endloop
  endfacet
  facet normal -0.669119 -0 -0.743155
    outer loop
      vertex 1.39124 10.8903 -3.35876
      vertex 1.76073 3.25 -3.69144
      vertex 1.39124 3.25 -3.35876
    endloop
  endfacet
  facet normal -0.66912 -1.00266e-07 -0.743154
    outer loop
      vertex 1.76073 3.25 -3.69144
      vertex 1.39124 10.8903 -3.35876
      vertex 1.75 11.1547 -3.68178
    endloop
  endfacet
  facet normal -0.623645 0.404936 -0.66865
    outer loop
      vertex 2.03271 19.4742 -3.35876
      vertex 1.55312 19.3457 -2.98927
      vertex 1.76356 19.6698 -2.98927
    endloop
  endfacet
  facet normal -0.855657 0.135538 -0.499481
    outer loop
      vertex 0.788137 17.9164 -2.58704
      vertex 0.540903 17.9424 -2.15645
      vertex 0.610204 18.3799 -2.15645
    endloop
  endfacet
  facet normal -0.457543 0.370463 -0.808339
    outer loop
      vertex 2.39423 19.2538 -3.72834
      vertex 2.33163 19.257 -3.69144
      vertex 2.38434 19.3221 -3.69144
    endloop
  endfacet
  facet normal -0.549222 0.210846 -0.80864
    outer loop
      vertex 2.28958 18.2994 -3.98368
      vertex 2.01916 18.7158 -3.69144
      vertex 2.38663 18.5522 -3.98368
    endloop
  endfacet
  facet normal -0.205617 -0.0325475 -0.978091
    outer loop
      vertex 4.02317 3.09551 -4.69152
      vertex 3.52734 3.12149 -4.58815
      vertex 4.01101 3.17233 -4.69152
    endloop
  endfacet
  facet normal -0.918771 -0.246186 -0.30863
    outer loop
      vertex 0.532533 1.87966 -1.70225
      vertex 0.262114 2.29607 -1.22939
      vertex 0.412397 2.32801 -1.70225
    endloop
  endfacet
  facet normal -0.882613 -0.236497 -0.406279
    outer loop
      vertex 0.532533 1.87966 -1.70225
      vertex 0.412397 2.32801 -1.70225
      vertex 0.610204 2.37006 -2.15645
    endloop
  endfacet
  facet normal -0.755634 -0.290062 -0.587266
    outer loop
      vertex 1.11072 1.62969 -2.58704
      vertex 0.961289 2.01897 -2.58704
      vertex 1.3777 1.74855 -2.98927
    endloop
  endfacet
  facet normal -0.799434 -0.126619 -0.587259
    outer loop
      vertex 0.853368 2.42174 -2.58704
      vertex 0.788137 2.83359 -2.58704
      vertex 1.13922 2.4825 -2.98927
    endloop
  endfacet
  facet normal -0.192438 -0.718291 -0.6686
    outer loop
      vertex 3.74821 0 -3.30939
      vertex 3.69401 0 -3.29379
      vertex 3.71209 0.0556316 -3.35876
    endloop
  endfacet
  facet normal -0.26644 -0.694246 -0.668605
    outer loop
      vertex 3.69401 0 -3.29379
      vertex 3.56716 0 -3.24324
      vertex 3.71209 0.0556316 -3.35876
    endloop
  endfacet
  facet normal -0.0350662 -0.668719 -0.742688
    outer loop
      vertex 4.66193 0 -3.45253
      vertex 4.40841 0 -3.44056
      vertex 4.43754 0.277103 -3.69144
    endloop
  endfacet
  facet normal -0.673265 -0.545192 -0.49948
    outer loop
      vertex 1.78954 0.584394 -2.58704
      vertex 1.32601 0.762327 -2.15645
      vertex 1.52713 0.908448 -2.58704
    endloop
  endfacet
  facet normal -0.561601 -0.364712 -0.74269
    outer loop
      vertex 2.03271 1.27577 -3.35876
      vertex 1.84123 1.57062 -3.35876
      vertex 2.16121 1.75536 -3.69144
    endloop
  endfacet
  facet normal -0.623642 -0.405003 -0.668613
    outer loop
      vertex 2.03271 1.27577 -3.35876
      vertex 1.55312 1.40428 -2.98927
      vertex 1.84123 1.57062 -3.35876
    endloop
  endfacet
  facet normal -0.625159 -0.239972 -0.742691
    outer loop
      vertex 1.68162 1.88387 -3.35876
      vertex 1.55563 2.21209 -3.35876
      vertex 1.90703 2.32626 -3.69144
    endloop
  endfacet
  facet normal -0.694218 -0.266482 -0.668617
    outer loop
      vertex 1.68162 1.88387 -3.35876
      vertex 1.3777 1.74855 -2.98927
      vertex 1.55563 2.21209 -3.35876
    endloop
  endfacet
  facet normal -0.668708 -0.0350341 -0.742699
    outer loop
      vertex 1.7771 2.93754 -3.69144
      vertex 1.39124 3.25 -3.35876
      vertex 1.76073 3.25 -3.69144
    endloop
  endfacet
  facet normal -0.500037 0 -0.866004
    outer loop
      vertex 2.59354 3.25 -4.23228
      vertex 2.44898 11.6066 -4.14881
      vertex 2.59354 11.6998 -4.23228
    endloop
  endfacet
  facet normal -0.500007 -0 -0.866021
    outer loop
      vertex 2.16296 11.437 -3.98368
      vertex 2.59354 3.25 -4.23228
      vertex 2.16296 3.25 -3.98368
    endloop
  endfacet
  facet normal -0.499992 1.03888e-06 -0.86603
    outer loop
      vertex 2.59354 3.25 -4.23228
      vertex 2.16296 11.437 -3.98368
      vertex 2.44898 11.6066 -4.14881
    endloop
  endfacet
  facet normal -0.888005 -0.34087 0.308634
    outer loop
      vertex 0.532533 1.87966 1.70225
      vertex 0.386412 1.83218 1.22939
      vertex 0.698875 1.44632 1.70225
    endloop
  endfacet
  facet normal -0.944875 -0.253176 0.207638
    outer loop
      vertex 0.262114 2.29607 1.22939
      vertex 0.161001 2.27458 0.743063
      vertex 0.288099 1.80024 0.743063
    endloop
  endfacet
  facet normal -0.86514 -0.0453407 -0.499477
    outer loop
      vertex 0.540903 2.80761 -2.15645
      vertex 0.517718 3.25 -2.15645
      vertex 0.788137 2.83359 -2.58704
    endloop
  endfacet
  facet normal -0.587496 -0.0308065 -0.80864
    outer loop
      vertex 2.17714 2.97958 -3.98368
      vertex 1.7771 2.93754 -3.69144
      vertex 2.16296 3.25 -3.98368
    endloop
  endfacet
  facet normal -0.661385 -0.104759 -0.742694
    outer loop
      vertex 1.82605 2.6285 -3.69144
      vertex 1.40964 2.89891 -3.35876
      vertex 1.7771 2.93754 -3.69144
    endloop
  endfacet
  facet normal -0.678821 -0.44082 -0.587265
    outer loop
      vertex 1.52713 0.908448 -2.58704
      vertex 1.30003 1.25816 -2.58704
      vertex 1.55312 1.40428 -2.98927
    endloop
  endfacet
  facet normal -0.726567 -0.471827 -0.499479
    outer loop
      vertex 1.52713 0.908448 -2.58704
      vertex 1.08474 1.13386 -2.15645
      vertex 1.30003 1.25816 -2.58704
    endloop
  endfacet
  facet normal -0.888005 -0.340874 -0.30863
    outer loop
      vertex 0.558518 1.38383 -1.22939
      vertex 0.386412 1.83218 -1.22939
      vertex 0.698875 1.44632 -1.70225
    endloop
  endfacet
  facet normal -0.672592 -0.67258 -0.308635
    outer loop
      vertex 1.73725 0 -1.70225
      vertex 1.34034 0.17993 -1.22939
      vertex 1.45452 0.282735 -1.70225
    endloop
  endfacet
  facet normal -0.672588 -0.672588 -0.308629
    outer loop
      vertex 1.34034 0.17993 -1.22939
      vertex 1.73725 0 -1.70225
      vertex 1.52027 0 -1.22939
    endloop
  endfacet
  facet normal -0.797727 -0.51805 -0.308635
    outer loop
      vertex 1.03811 0.553154 -1.22939
      vertex 0.776547 0.955926 -1.22939
      vertex 1.16241 0.643461 -1.70225
    endloop
  endfacet
  facet normal -0.820393 -0.532768 -0.20764
    outer loop
      vertex 0.95448 0.492393 -0.743063
      vertex 0.687024 0.90424 -0.743063
      vertex 1.03811 0.553154 -1.22939
    endloop
  endfacet
  facet normal -0.70713 -0.707084 0
    outer loop
      vertex 1.30088 0 -0.248595
      vertex 1.2249 0.075985 0.248595
      vertex 1.2249 0.075985 -0.248595
    endloop
  endfacet
  facet normal -0.70713 -0.707084 0
    outer loop
      vertex 1.2249 0.075985 0.248595
      vertex 1.30088 0 -0.248595
      vertex 1.30088 0 0.248595
    endloop
  endfacet
  facet normal -0.949878 0.0497795 0.308633
    outer loop
      vertex 0.186986 17.9796 1.22939
      vertex 0.161852 17.5 1.22939
      vertex 0.315493 17.5 1.70225
    endloop
  endfacet
  facet normal -0.928479 -0.356413 -0.104387
    outer loop
      vertex 0.416606 1.32065 -0.248595
      vertex 0.238672 1.78418 -0.248595
      vertex 0.464083 1.34179 -0.743063
    endloop
  endfacet
  facet normal -0.965926 -0.25882 0
    outer loop
      vertex 0.238672 1.78418 -0.248595
      vertex 0.110166 2.26377 0.248595
      vertex 0.110166 2.26377 -0.248595
    endloop
  endfacet
  facet normal -0.965926 -0.25882 0
    outer loop
      vertex 0.110166 2.26377 0.248595
      vertex 0.238672 1.78418 -0.248595
      vertex 0.238672 1.78418 0.248595
    endloop
  endfacet
  facet normal -0.185491 -0.0945119 -0.97809
    outer loop
      vertex 4.10649 2.87847 -4.69152
      vertex 3.6269 2.74996 -4.58815
      vertex 4.07118 2.94777 -4.69152
    endloop
  endfacet
  facet normal -0.194346 -0.0746229 -0.978091
    outer loop
      vertex 4.07118 2.94777 -4.69152
      vertex 3.6269 2.74996 -4.58815
      vertex 4.0433 3.02038 -4.69152
    endloop
  endfacet
  facet normal -0.104527 -0.00547735 -0.994507
    outer loop
      vertex 4.01101 3.17233 -4.69152
      vertex 4.00694 3.25 -4.69152
      vertex 4.5014 3.25 -4.74349
    endloop
  endfacet
  facet normal 0.0746322 -0.194344 -0.97809
    outer loop
      vertex 13 2.1269 -4.58815
      vertex 12.7296 2.5433 -4.69152
      vertex 12.8022 2.57118 -4.69152
    endloop
  endfacet
  facet normal 0.194371 -0.0745838 -0.978089
    outer loop
      vertex 13.6231 2.74996 -4.58815
      vertex 13.2067 3.02038 -4.69152
      vertex 13.6692 2.8701 -4.58815
    endloop
  endfacet
  facet normal -0.0977094 -0.037531 -0.994507
    outer loop
      vertex 4.5229 3.14889 -4.74349
      vertex 4.0433 3.02038 -4.69152
      vertex 4.51357 3.17318 -4.74349
    endloop
  endfacet
  facet normal -0.104522 -0.00550963 -0.994507
    outer loop
      vertex 4.50277 3.22401 -4.74349
      vertex 4.01101 3.17233 -4.69152
      vertex 4.5014 3.25 -4.74349
    endloop
  endfacet
  facet normal -0.057007 -0.0877835 -0.994507
    outer loop
      vertex 4.6257 3.03471 -4.74349
      vertex 4.31324 2.64885 -4.69152
      vertex 4.60388 3.04888 -4.74349
    endloop
  endfacet
  facet normal 0.298869 -0.0800671 -0.950929
    outer loop
      vertex 14.1189 2.72398 -4.43451
      vertex 13.6692 2.8701 -4.58815
      vertex 13.7025 2.9944 -4.58815
    endloop
  endfacet
  facet normal 0.205594 -0.0326777 -0.978092
    outer loop
      vertex 13.7025 2.9944 -4.58815
      vertex 13.2268 3.09551 -4.69152
      vertex 13.7227 3.12149 -4.58815
    endloop
  endfacet
  facet normal 0.406674 0 -0.913573
    outer loop
      vertex 14.2022 3.25 -4.43451
      vertex 14.6565 17.5 -4.23228
      vertex 14.6565 3.25 -4.23228
    endloop
  endfacet
  facet normal 0.406674 0 -0.913573
    outer loop
      vertex 14.6565 17.5 -4.23228
      vertex 14.2022 3.25 -4.43451
      vertex 14.2022 17.5 -4.43451
    endloop
  endfacet
  facet normal 0.419832 -0.272493 -0.86573
    outer loop
      vertex 14.593 1.72938 -3.98368
      vertex 14.3675 2.17177 -4.23228
      vertex 14.7404 1.95648 -3.98368
    endloop
  endfacet
  facet normal 0.467275 -0.179388 -0.865722
    outer loop
      vertex 14.9604 2.45056 -3.98368
      vertex 14.47 2.37289 -4.23228
      vertex 14.5509 2.58362 -4.23228
    endloop
  endfacet
  facet normal 0.457121 -0.370363 -0.808623
    outer loop
      vertex 14.9184 1.49295 -3.69144
      vertex 14.4225 1.51894 -3.98368
      vertex 14.593 1.72938 -3.98368
    endloop
  endfacet
  facet normal 0.316485 -0.25619 -0.913348
    outer loop
      vertex 14.1026 1.80705 -4.23228
      vertex 13.765 2.11097 -4.43451
      vertex 14.2446 1.98247 -4.23228
    endloop
  endfacet
  facet normal 0.14721 -0.14721 -0.978089
    outer loop
      vertex 13.3226 2.33638 -4.58815
      vertex 13.0522 2.75279 -4.69152
      vertex 13.4136 2.42738 -4.58815
    endloop
  endfacet
  facet normal 0.147194 -0.14722 -0.97809
    outer loop
      vertex 13.0522 2.75279 -4.69152
      vertex 13.3226 2.33638 -4.58815
      vertex 12.9972 2.6978 -4.69152
    endloop
  endfacet
  facet normal 0.104501 -0.00562915 -0.994509
    outer loop
      vertex 13.239 3.17233 -4.69152
      vertex 12.7472 3.22401 -4.74349
      vertex 12.7486 3.25 -4.74349
    endloop
  endfacet
  facet normal 0.0932687 -0.0475092 -0.994507
    outer loop
      vertex 13.1435 2.87847 -4.69152
      vertex 12.7271 3.14889 -4.74349
      vertex 13.1788 2.94777 -4.69152
    endloop
  endfacet
  facet normal 0.0878208 -0.0569496 -0.994507
    outer loop
      vertex 13.1012 2.81324 -4.69152
      vertex 12.7153 3.1257 -4.74349
      vertex 13.1435 2.87847 -4.69152
    endloop
  endfacet
  facet normal 0.174688 -0.113281 -0.978086
    outer loop
      vertex 13.4946 2.52738 -4.58815
      vertex 13.1012 2.81324 -4.69152
      vertex 13.1435 2.87847 -4.69152
    endloop
  endfacet
  facet normal 0 -0.104529 -0.994522
    outer loop
      vertex 4.75 2.50694 -4.69152
      vertex 12.5 3.0014 -4.74349
      vertex 12.5 2.50694 -4.69152
    endloop
  endfacet
  facet normal -0 -0.104529 -0.994522
    outer loop
      vertex 12.5 3.0014 -4.74349
      vertex 4.75 2.50694 -4.69152
      vertex 4.75 3.0014 -4.74349
    endloop
  endfacet
  facet normal 0.0163685 -0.10338 -0.994507
    outer loop
      vertex 12.5777 2.51101 -4.69152
      vertex 12.5517 3.00684 -4.74349
      vertex 12.6545 2.52317 -4.69152
    endloop
  endfacet
  facet normal 0.0945128 -0.185492 -0.97809
    outer loop
      vertex 13 2.1269 -4.58815
      vertex 12.8022 2.57118 -4.69152
      vertex 12.8715 2.60649 -4.69152
    endloop
  endfacet
  facet normal -0.101102 -0.0270887 -0.994507
    outer loop
      vertex 4.0433 3.02038 -4.69152
      vertex 4.02317 3.09551 -4.69152
      vertex 4.50684 3.19831 -4.74349
    endloop
  endfacet
  facet normal 0.0108897 -0.207894 -0.978091
    outer loop
      vertex 12.5777 2.51101 -4.69152
      vertex 12.5 2.02061 -4.58815
      vertex 12.5 2.50694 -4.69152
    endloop
  endfacet
  facet normal 0.145941 -0.380144 -0.913341
    outer loop
      vertex 13.1664 1.19909 -4.23228
      vertex 13.026 1.63107 -4.43451
      vertex 13.3771 1.27998 -4.23228
    endloop
  endfacet
  facet normal 0.0484002 -0.305597 -0.95093
    outer loop
      vertex 12.6779 1.55708 -4.43451
      vertex 12.6285 2.02734 -4.58815
      vertex 12.7556 2.04747 -4.58815
    endloop
  endfacet
  facet normal 0.129574 -0.483463 -0.865722
    outer loop
      vertex 13.0379 0.719497 -3.98368
      vertex 12.9484 1.14067 -4.23228
      vertex 13.2994 0.789582 -3.98368
    endloop
  endfacet
  facet normal 0.0262116 -0.499839 -0.865722
    outer loop
      vertex 12.7254 1.10536 -4.23228
      vertex 12.5 0.662964 -3.98368
      vertex 12.5 1.09354 -4.23228
    endloop
  endfacet
  facet normal 0.22179 -0.341507 -0.913336
    outer loop
      vertex 13.5782 1.38245 -4.23228
      vertex 13.3511 1.77581 -4.43451
      vertex 13.7675 1.50539 -4.23228
    endloop
  endfacet
  facet normal 0.184928 -0.362814 -0.913328
    outer loop
      vertex 13.3771 1.27998 -4.23228
      vertex 13.1924 1.69492 -4.43451
      vertex 13.3511 1.77581 -4.43451
    endloop
  endfacet
  facet normal -0.25949 -0.168502 -0.950932
    outer loop
      vertex 3.37285 2.24944 -4.43451
      vertex 3.27581 2.39888 -4.43451
      vertex 3.7554 2.52738 -4.58815
    endloop
  endfacet
  facet normal -0.240448 -0.19471 -0.950932
    outer loop
      vertex 3.48498 2.11097 -4.43451
      vertex 3.37285 2.24944 -4.43451
      vertex 3.7554 2.52738 -4.58815
    endloop
  endfacet
  facet normal -0.161788 -0.131009 -0.978091
    outer loop
      vertex 4.1978 2.75279 -4.69152
      vertex 3.83638 2.42738 -4.58815
      vertex 4.14885 2.81324 -4.69152
    endloop
  endfacet
  facet normal -0.221772 -0.341525 -0.913333
    outer loop
      vertex 3.89888 1.77581 -4.43451
      vertex 3.48247 1.50539 -4.23228
      vertex 3.74944 1.87285 -4.43451
    endloop
  endfacet
  facet normal -0.316465 -0.256266 -0.913333
    outer loop
      vertex 3.48498 2.11097 -4.43451
      vertex 3.00539 1.98247 -4.23228
      vertex 3.37285 2.24944 -4.43451
    endloop
  endfacet
  facet normal -0.388978 -0.314983 -0.865726
    outer loop
      vertex 3.14744 1.80705 -4.23228
      vertex 2.65704 1.72938 -3.98368
      vertex 3.00539 1.98247 -4.23228
    endloop
  endfacet
  facet normal -0.0108939 -0.207894 -0.978091
    outer loop
      vertex 4.75 2.02061 -4.58815
      vertex 4.67233 2.51101 -4.69152
      vertex 4.75 2.50694 -4.69152
    endloop
  endfacet
  facet normal -0.0161812 -0.308981 -0.950931
    outer loop
      vertex 4.75 2.02061 -4.58815
      vertex 4.57207 1.55708 -4.43451
      vertex 4.62149 2.02734 -4.58815
    endloop
  endfacet
  facet normal -0.304004 -0.596648 -0.742693
    outer loop
      vertex 3.38387 0.181623 -3.35876
      vertex 3.07062 0.34123 -3.35876
      vertex 3.53415 0.519164 -3.69144
    endloop
  endfacet
  facet normal -0.337583 -0.662559 -0.668621
    outer loop
      vertex 3.00852 0 -2.98927
      vertex 3.07062 0.34123 -3.35876
      vertex 3.20161 0 -3.08676
    endloop
  endfacet
  facet normal -0.337605 -0.662551 -0.668618
    outer loop
      vertex 3.07062 0.34123 -3.35876
      vertex 3.00852 0 -2.98927
      vertex 2.90428 0.0531158 -2.98927
    endloop
  endfacet
  facet normal -0.370241 -0.457198 -0.808636
    outer loop
      vertex 2.99295 0.831628 -3.69144
      vertex 2.74979 1.02854 -3.69144
      vertex 3.01894 1.32746 -3.98368
    endloop
  endfacet
  facet normal -0.370249 -0.457196 -0.808633
    outer loop
      vertex 3.22938 1.15704 -3.98368
      vertex 2.99295 0.831628 -3.69144
      vertex 3.01894 1.32746 -3.98368
    endloop
  endfacet
  facet normal 0.0812866 -0.0659297 -0.994508
    outer loop
      vertex 13.1012 2.81324 -4.69152
      vertex 12.6847 3.08366 -4.74349
      vertex 12.7011 3.10388 -4.74349
    endloop
  endfacet
  facet normal -0.147206 -0.147206 -0.978091
    outer loop
      vertex 3.92738 2.33638 -4.58815
      vertex 4.1978 2.75279 -4.69152
      vertex 4.25279 2.6978 -4.69152
    endloop
  endfacet
  facet normal -0.147206 -0.147206 -0.978091
    outer loop
      vertex 4.1978 2.75279 -4.69152
      vertex 3.92738 2.33638 -4.58815
      vertex 3.83638 2.42738 -4.58815
    endloop
  endfacet
  facet normal -0.037531 -0.0977094 -0.994507
    outer loop
      vertex 4.67318 3.01357 -4.74349
      vertex 4.52038 2.5433 -4.69152
      vertex 4.64889 3.0229 -4.74349
    endloop
  endfacet
  facet normal -0.194712 -0.240445 -0.950933
    outer loop
      vertex 4.02738 2.2554 -4.58815
      vertex 3.61097 1.98498 -4.43451
      vertex 3.92738 2.33638 -4.58815
    endloop
  endfacet
  facet normal -0.218777 -0.218777 -0.950933
    outer loop
      vertex 3.61097 1.98498 -4.43451
      vertex 3.83638 2.42738 -4.58815
      vertex 3.92738 2.33638 -4.58815
    endloop
  endfacet
  facet normal -0.218777 -0.218777 -0.950933
    outer loop
      vertex 3.83638 2.42738 -4.58815
      vertex 3.61097 1.98498 -4.43451
      vertex 3.48498 2.11097 -4.43451
    endloop
  endfacet
  facet normal 0.781858 0.209492 -0.587207
    outer loop
      vertex 16.3966 18.3283 -2.58704
      vertex 16.1108 18.2675 -2.98927
      vertex 16.2887 18.731 -2.58704
    endloop
  endfacet
  facet normal 0.625138 0.239998 -0.7427
    outer loop
      vertex 15.6944 18.5379 -3.35876
      vertex 15.343 18.4237 -3.69144
      vertex 15.5684 18.8661 -3.35876
    endloop
  endfacet
  facet normal 0.820319 0.532891 -0.207615
    outer loop
      vertex 16.4735 19.7941 -1.22939
      vertex 16.2119 20.1968 -1.22939
      vertex 16.563 19.8458 -0.743063
    endloop
  endfacet
  facet normal 0.836798 0.224213 -0.499498
    outer loop
      vertex 16.3966 18.3283 -2.58704
      vertex 16.2887 18.731 -2.58704
      vertex 16.6398 18.3799 -2.15645
    endloop
  endfacet
  facet normal 0.902524 0.142908 -0.406237
    outer loop
      vertex 16.9102 17.9635 -1.70225
      vertex 16.7091 17.9424 -2.15645
      vertex 16.8376 18.422 -1.70225
    endloop
  endfacet
  facet normal -0.50896 -0.629175 0.587451
    outer loop
      vertex 2.09336 0.299505 2.60548
      vertex 2.08439 0.289544 2.58704
      vertex 2.08842 0.286284 2.58704
    endloop
  endfacet
  facet normal -0.54493 -0.67364 0.499259
    outer loop
      vertex 2.08842 0.286284 2.58704
      vertex 2.08439 0.289544 2.58704
      vertex 2.08684 0.283182 2.58113
    endloop
  endfacet
  facet normal -0.457247 -0.370222 0.808617
    outer loop
      vertex 2.39423 1.49623 3.72834
      vertex 2.33163 1.49295 3.69144
      vertex 2.38434 1.42785 3.69144
    endloop
  endfacet
  facet normal -0.668714 -0.0350461 0.742694
    outer loop
      vertex 1.7771 2.93754 3.69144
      vertex 1.39124 3.25 3.35876
      vertex 1.40964 2.89891 3.35876
    endloop
  endfacet
  facet normal -0.46734 -0.179368 0.865691
    outer loop
      vertex 2.48985 2.41884 4.08521
      vertex 2.38663 2.19776 3.98368
      vertex 2.47815 2.23851 4.04153
    endloop
  endfacet
  facet normal -0.467298 -0.179396 0.865708
    outer loop
      vertex 2.38663 2.19776 3.98368
      vertex 2.48985 2.41884 4.08521
      vertex 2.28958 2.45056 3.98368
    endloop
  endfacet
  facet normal 0.314917 -0.388981 0.865749
    outer loop
      vertex 14.2311 1.32746 3.98368
      vertex 13.9429 1.64744 4.23228
      vertex 14.0206 1.15704 3.98368
    endloop
  endfacet
  facet normal 0.524269 -0.267033 0.808601
    outer loop
      vertex 15.2308 2.03415 3.69144
      vertex 14.8634 2.19776 3.98368
      vertex 15.0888 1.75536 3.69144
    endloop
  endfacet
  facet normal 0.0878208 -0.0569496 0.994507
    outer loop
      vertex 13.1435 2.87847 4.69152
      vertex 12.7153 3.1257 4.74349
      vertex 13.1012 2.81324 4.69152
    endloop
  endfacet
  facet normal 0.0746322 -0.194344 0.97809
    outer loop
      vertex 12.8022 2.57118 4.69152
      vertex 12.7296 2.5433 4.69152
      vertex 13 2.1269 4.58815
    endloop
  endfacet
  facet normal 0.0213247 -0.406649 0.913336
    outer loop
      vertex 12.5 1.54775 4.43451
      vertex 12.5 1.09354 4.23228
      vertex 12.7254 1.10536 4.23228
    endloop
  endfacet
  facet normal 0.0261969 -0.499833 0.865726
    outer loop
      vertex 12.7254 1.10536 4.23228
      vertex 12.5 0.662964 3.98368
      vertex 12.7704 0.677136 3.98368
    endloop
  endfacet
  facet normal 0.184874 -0.36282 0.913336
    outer loop
      vertex 13.5782 1.38245 4.23228
      vertex 13.3511 1.77581 4.43451
      vertex 13.3771 1.27998 4.23228
    endloop
  endfacet
  facet normal 0 -0.66913 0.743146
    outer loop
      vertex 9.10377 0.260728 3.69144
      vertex 12.5 0 3.45668
      vertex 12.5 0.260728 3.69144
    endloop
  endfacet
  facet normal 0 -0.66913 0.743146
    outer loop
      vertex 12.5 0 3.45668
      vertex 9.10377 0.260728 3.69144
      vertex 9.04086 0 3.45668
    endloop
  endfacet
  facet normal -0.918771 -0.246182 0.308633
    outer loop
      vertex 0.532533 1.87966 1.70225
      vertex 0.262114 2.29607 1.22939
      vertex 0.386412 1.83218 1.22939
    endloop
  endfacet
  facet normal -0.918771 -0.246186 0.30863
    outer loop
      vertex 0.412397 2.32801 1.70225
      vertex 0.262114 2.29607 1.22939
      vertex 0.532533 1.87966 1.70225
    endloop
  endfacet
  facet normal -0.939471 -0.148794 0.308634
    outer loop
      vertex 0.339786 2.78647 1.70225
      vertex 0.186986 2.77041 1.22939
      vertex 0.412397 2.32801 1.70225
    endloop
  endfacet
  facet normal -0.949877 -0.0497818 0.308634
    outer loop
      vertex 0.315493 3.25 1.70225
      vertex 0.186986 2.77041 1.22939
      vertex 0.339786 2.78647 1.70225
    endloop
  endfacet
  facet normal -0.661385 -0.104759 0.742694
    outer loop
      vertex 1.7771 2.93754 3.69144
      vertex 1.40964 2.89891 3.35876
      vertex 1.82605 2.6285 3.69144
    endloop
  endfacet
  facet normal -0.662557 -0.337601 0.668613
    outer loop
      vertex 1.84123 1.57062 3.35876
      vertex 1.3777 1.74855 2.98927
      vertex 1.55312 1.40428 2.98927
    endloop
  endfacet
  facet normal -0.678824 -0.440819 0.587263
    outer loop
      vertex 1.55312 1.40428 2.98927
      vertex 1.52713 0.908448 2.58704
      vertex 1.76356 1.08022 2.98927
    endloop
  endfacet
  facet normal -0.799434 -0.126619 0.587259
    outer loop
      vertex 1.13922 2.4825 2.98927
      vertex 0.788137 2.83359 2.58704
      vertex 0.853368 2.42174 2.58704
    endloop
  endfacet
  facet normal -0.74259 -0.0389178 0.668615
    outer loop
      vertex 1.39124 3.25 3.35876
      vertex 1.07878 2.86414 2.98927
      vertex 1.40964 2.89891 3.35876
    endloop
  endfacet
  facet normal -0.78181 -0.209498 0.587268
    outer loop
      vertex 1.13922 2.4825 2.98927
      vertex 0.961289 2.01897 2.58704
      vertex 1.23923 2.10928 2.98927
    endloop
  endfacet
  facet normal -0.78182 -0.209486 0.587259
    outer loop
      vertex 1.13922 2.4825 2.98927
      vertex 0.853368 2.42174 2.58704
      vertex 0.961289 2.01897 2.58704
    endloop
  endfacet
  facet normal -0.808785 -0.310468 0.499476
    outer loop
      vertex 0.961289 2.01897 2.58704
      vertex 0.724861 1.94215 2.15645
      vertex 0.883618 1.52858 2.15645
    endloop
  endfacet
  facet normal -0.853056 -0.327462 0.406282
    outer loop
      vertex 0.724861 1.94215 2.15645
      vertex 0.698875 1.44632 1.70225
      vertex 0.883618 1.52858 2.15645
    endloop
  endfacet
  facet normal 0 -0.50001 -0.866019
    outer loop
      vertex 4.75 0.662964 -3.98368
      vertex 12.5 1.09354 -4.23228
      vertex 12.5 0.662964 -3.98368
    endloop
  endfacet
  facet normal -0 -0.50001 -0.866019
    outer loop
      vertex 12.5 1.09354 -4.23228
      vertex 4.75 0.662964 -3.98368
      vertex 4.75 1.09354 -4.23228
    endloop
  endfacet
  facet normal -0.0945119 -0.185491 -0.97809
    outer loop
      vertex 4.44777 2.57118 -4.69152
      vertex 4.24996 2.1269 -4.58815
      vertex 4.37847 2.60649 -4.69152
    endloop
  endfacet
  facet normal -0.113378 -0.174597 -0.978091
    outer loop
      vertex 4.1353 2.18532 -4.58815
      vertex 4.02738 2.2554 -4.58815
      vertex 4.37847 2.60649 -4.69152
    endloop
  endfacet
  facet normal -0.0325475 -0.205617 -0.978091
    outer loop
      vertex 4.62149 2.02734 -4.58815
      vertex 4.59551 2.52317 -4.69152
      vertex 4.67233 2.51101 -4.69152
    endloop
  endfacet
  facet normal 0 -0.207907 -0.978149
    outer loop
      vertex 4.75 2.02061 -4.58815
      vertex 12.5 2.50694 -4.69152
      vertex 12.5 2.02061 -4.58815
    endloop
  endfacet
  facet normal -0 -0.207907 -0.978149
    outer loop
      vertex 12.5 2.50694 -4.69152
      vertex 4.75 2.02061 -4.58815
      vertex 4.75 2.50694 -4.69152
    endloop
  endfacet
  facet normal -0.672588 -0.672588 0.308629
    outer loop
      vertex 1.73725 0 1.70225
      vertex 1.34034 0.17993 1.22939
      vertex 1.52027 0 1.22939
    endloop
  endfacet
  facet normal -0.672592 -0.67258 0.308635
    outer loop
      vertex 1.34034 0.17993 1.22939
      vertex 1.73725 0 1.70225
      vertex 1.45452 0.282735 1.70225
    endloop
  endfacet
  facet normal -0.834088 -0.541666 0.104384
    outer loop
      vertex 0.95448 0.492393 0.743063
      vertex 0.642016 0.878254 0.248595
      vertex 0.912436 0.461846 0.248595
    endloop
  endfacet
  facet normal -0.797727 -0.51805 0.308635
    outer loop
      vertex 1.16241 0.643461 1.70225
      vertex 0.776547 0.955926 1.22939
      vertex 1.03811 0.553154 1.22939
    endloop
  endfacet
  facet normal -0.847504 -0.431834 0.308636
    outer loop
      vertex 0.909604 1.03275 1.70225
      vertex 0.698875 1.44632 1.70225
      vertex 0.776547 0.955926 1.22939
    endloop
  endfacet
  facet normal 0 -0.50001 0.866019
    outer loop
      vertex 9.24868 1.09354 4.23228
      vertex 12.5 0.662964 3.98368
      vertex 12.5 1.09354 4.23228
    endloop
  endfacet
  facet normal 0 -0.50001 0.866019
    outer loop
      vertex 12.5 0.662964 3.98368
      vertex 9.24868 1.09354 4.23228
      vertex 9.18207 0.662964 3.98368
    endloop
  endfacet
  facet normal 0 -0.406741 0.913543
    outer loop
      vertex 9.30287 1.54775 4.43451
      vertex 12.5 1.09354 4.23228
      vertex 12.5 1.54775 4.43451
    endloop
  endfacet
  facet normal 0 -0.406741 0.913543
    outer loop
      vertex 12.5 1.09354 4.23228
      vertex 9.30287 1.54775 4.43451
      vertex 9.24868 1.09354 4.23228
    endloop
  endfacet
  facet normal 0.194758 -0.240386 0.950939
    outer loop
      vertex 13.639 1.98498 4.43451
      vertex 13.2226 2.2554 4.58815
      vertex 13.5006 1.87285 4.43451
    endloop
  endfacet
  facet normal 0.40667 -0.0212557 0.913328
    outer loop
      vertex 14.2022 3.25 4.43451
      vertex 14.1929 3.07207 4.43451
      vertex 14.6446 3.02459 4.23228
    endloop
  endfacet
  facet normal 0 -0.207907 0.978149
    outer loop
      vertex 9.37174 2.50694 4.69152
      vertex 12.5 2.02061 4.58815
      vertex 12.5 2.50694 4.69152
    endloop
  endfacet
  facet normal 0 -0.207907 0.978149
    outer loop
      vertex 12.5 2.02061 4.58815
      vertex 9.37174 2.50694 4.69152
      vertex 9.34404 2.02061 4.58815
    endloop
  endfacet
  facet normal 0.103383 0.0164229 0.994506
    outer loop
      vertex 13.2268 17.6545 4.69152
      vertex 12.7432 17.5517 4.74349
      vertex 13.239 17.5777 4.69152
    endloop
  endfacet
  facet normal 0.104768 -0.661382 0.742696
    outer loop
      vertex 12.8125 0.277103 3.69144
      vertex 12.9098 0 3.43095
      vertex 13.1215 0.326051 3.69144
    endloop
  endfacet
  facet normal 0.104651 -0.661413 0.742685
    outer loop
      vertex 12.9098 0 3.43095
      vertex 12.8125 0.277103 3.69144
      vertex 12.8416 0 3.44056
    endloop
  endfacet
  facet normal 0.092046 -0.58107 0.808632
    outer loop
      vertex 13.0379 0.719497 3.98368
      vertex 12.8125 0.277103 3.69144
      vertex 13.1215 0.326051 3.69144
    endloop
  endfacet
  facet normal 0.440778 -0.678835 0.58728
    outer loop
      vertex 14.6698 0.263559 2.98927
      vertex 14.3457 0.0531158 2.98927
      vertex 14.8416 0.0271301 2.58704
    endloop
  endfacet
  facet normal 0.337536 -0.662565 0.668639
    outer loop
      vertex 13.8661 0.181623 3.35876
      vertex 14.0484 0 3.08676
      vertex 14.1794 0.34123 3.35876
    endloop
  endfacet
  facet normal 0.337625 -0.662501 0.668656
    outer loop
      vertex 14.0484 0 3.08676
      vertex 13.8661 0.181623 3.35876
      vertex 13.947 0 3.13796
    endloop
  endfacet
  facet normal 0.467927 -0.577878 0.668656
    outer loop
      vertex 14.9701 0.506722 2.98927
      vertex 14.4742 0.532708 3.35876
      vertex 14.6698 0.263559 2.98927
    endloop
  endfacet
  facet normal 0.520366 -0.421481 0.74268
    outer loop
      vertex 15.2173 1.27577 3.35876
      vertex 14.9184 1.49295 3.69144
      vertex 14.996 1.00255 3.35876
    endloop
  endfacet
  facet normal 0.30905 0 0.951046
    outer loop
      vertex 13.7294 17.5 4.58815
      vertex 14.2022 3.25 4.43451
      vertex 14.2022 17.5 4.43451
    endloop
  endfacet
  facet normal 0.30905 0 0.951046
    outer loop
      vertex 14.2022 3.25 4.43451
      vertex 13.7294 17.5 4.58815
      vertex 13.7294 3.25 4.58815
    endloop
  endfacet
  facet normal 0.131074 -0.161734 0.978091
    outer loop
      vertex 12.9972 2.6978 4.69152
      vertex 12.9368 2.64885 4.69152
      vertex 13.3226 2.33638 4.58815
    endloop
  endfacet
  facet normal 0.887987 -0.340855 -0.308703
    outer loop
      vertex 16.6915 1.38383 -1.22939
      vertex 16.5511 1.44632 -1.70225
      vertex 16.8636 1.83218 -1.22939
    endloop
  endfacet
  facet normal 0.93947 -0.148742 -0.308661
    outer loop
      vertex 16.9879 2.29607 -1.22939
      vertex 16.8376 2.32801 -1.70225
      vertex 17.063 2.77041 -1.22939
    endloop
  endfacet
  facet normal 0.83405 -0.541726 -0.104374
    outer loop
      vertex 16.608 0.878254 -0.248595
      vertex 16.2955 0.492393 -0.743063
      vertex 16.563 0.90424 -0.743063
    endloop
  endfacet
  facet normal 0.847508 -0.431777 -0.308705
    outer loop
      vertex 16.4735 0.955926 -1.22939
      vertex 16.3404 1.03275 -1.70225
      vertex 16.5511 1.44632 -1.70225
    endloop
  endfacet
  facet normal 0.847512 -0.431773 -0.308701
    outer loop
      vertex 16.6915 1.38383 -1.22939
      vertex 16.4735 0.955926 -1.22939
      vertex 16.5511 1.44632 -1.70225
    endloop
  endfacet
  facet normal 0.820365 -0.532826 -0.207602
    outer loop
      vertex 16.563 0.90424 -0.743063
      vertex 16.2119 0.553154 -1.22939
      vertex 16.4735 0.955926 -1.22939
    endloop
  endfacet
  facet normal 0.886145 -0.451489 -0.104428
    outer loop
      vertex 16.8334 1.32065 -0.248595
      vertex 16.608 0.878254 -0.248595
      vertex 16.7859 1.34179 -0.743063
    endloop
  endfacet
  facet normal 0.928473 -0.356443 -0.104336
    outer loop
      vertex 17.0113 1.78418 -0.248595
      vertex 16.7859 1.34179 -0.743063
      vertex 16.9619 1.80024 -0.743063
    endloop
  endfacet
  facet normal 0.91325 -0.350553 0.207572
    outer loop
      vertex 16.8636 1.83218 1.22939
      vertex 16.6915 1.38383 1.22939
      vertex 16.7859 1.34179 0.743063
    endloop
  endfacet
  facet normal 0.982281 -0.155635 0.104413
    outer loop
      vertex 17.1658 2.7596 0.743063
      vertex 17.1398 2.26377 0.248595
      vertex 17.2175 2.75417 0.248595
    endloop
  endfacet
  facet normal 0.93947 -0.148742 0.308661
    outer loop
      vertex 17.063 2.77041 1.22939
      vertex 16.8376 2.32801 1.70225
      vertex 16.9879 2.29607 1.22939
    endloop
  endfacet
  facet normal 0.882543 -0.236563 0.406394
    outer loop
      vertex 16.6398 2.37006 2.15645
      vertex 16.5251 1.94215 2.15645
      vertex 16.7175 1.87966 1.70225
    endloop
  endfacet
  facet normal 0.886145 -0.451489 0.104428
    outer loop
      vertex 16.7859 1.34179 0.743063
      vertex 16.608 0.878254 0.248595
      vertex 16.8334 1.32065 0.248595
    endloop
  endfacet
  facet normal 0.838688 -0.544613 0
    outer loop
      vertex 16.3376 0.461846 0.248595
      vertex 16.608 0.878254 -0.248595
      vertex 16.608 0.878254 0.248595
    endloop
  endfacet
  facet normal 0.838688 -0.544613 0
    outer loop
      vertex 16.608 0.878254 -0.248595
      vertex 16.3376 0.461846 0.248595
      vertex 16.3376 0.461846 -0.248595
    endloop
  endfacet
  facet normal 0.933602 -0.358311 0
    outer loop
      vertex 16.8334 1.32065 0.248595
      vertex 17.0113 1.78418 -0.248595
      vertex 17.0113 1.78418 0.248595
    endloop
  endfacet
  facet normal 0.933602 -0.358311 0
    outer loop
      vertex 17.0113 1.78418 -0.248595
      vertex 16.8334 1.32065 0.248595
      vertex 16.8334 1.32065 -0.248595
    endloop
  endfacet
  facet normal 0.944879 -0.253181 -0.207614
    outer loop
      vertex 17.089 2.27458 -0.743063
      vertex 16.9619 1.80024 -0.743063
      vertex 16.9879 2.29607 -1.22939
    endloop
  endfacet
  facet normal 0.918781 -0.246189 -0.308597
    outer loop
      vertex 16.8636 1.83218 -1.22939
      vertex 16.7175 1.87966 -1.70225
      vertex 16.9879 2.29607 -1.22939
    endloop
  endfacet
  facet normal 0.994516 0 -0.104587
    outer loop
      vertex 17.2435 3.25 -0.248595
      vertex 17.1915 17.5 -0.743063
      vertex 17.2435 17.5 -0.248595
    endloop
  endfacet
  facet normal 0.994516 0 -0.104587
    outer loop
      vertex 17.1915 17.5 -0.743063
      vertex 17.2435 3.25 -0.248595
      vertex 17.1915 3.25 -0.743063
    endloop
  endfacet
  facet normal 0.64606 -0.646166 -0.406296
    outer loop
      vertex 15.7955 0.282735 -1.70225
      vertex 15.3319 0.104802 -2.15645
      vertex 15.6452 0.418051 -2.15645
    endloop
  endfacet
  facet normal 0.646099 -0.646248 -0.406103
    outer loop
      vertex 15.4263 0 -1.83971
      vertex 15.7955 0.282735 -1.70225
      vertex 15.5127 0 -1.70225
    endloop
  endfacet
  facet normal 0.646084 -0.646113 -0.406341
    outer loop
      vertex 15.7955 0.282735 -1.70225
      vertex 15.4263 0 -1.83971
      vertex 15.3319 0.104802 -2.15645
    endloop
  endfacet
  facet normal 0.902505 -0.14294 -0.406266
    outer loop
      vertex 16.8376 2.32801 -1.70225
      vertex 16.6398 2.37006 -2.15645
      vertex 16.7091 2.80761 -2.15645
    endloop
  endfacet
  facet normal 0.882543 -0.236563 -0.406394
    outer loop
      vertex 16.7175 1.87966 -1.70225
      vertex 16.5251 1.94215 -2.15645
      vertex 16.6398 2.37006 -2.15645
    endloop
  endfacet
  facet normal 0.734525 -0.116249 0.66855
    outer loop
      vertex 16.1712 2.86414 2.98927
      vertex 15.8404 2.89891 3.35876
      vertex 16.1108 2.4825 2.98927
    endloop
  endfacet
  facet normal 0.83679 -0.224172 0.49953
    outer loop
      vertex 16.3966 2.42174 2.58704
      vertex 16.2887 2.01897 2.58704
      vertex 16.6398 2.37006 2.15645
    endloop
  endfacet
  facet normal 0.405059 -0.623629 0.668591
    outer loop
      vertex 14.4742 0.532708 3.35876
      vertex 14.1794 0.34123 3.35876
      vertex 14.3457 0.0531158 2.98927
    endloop
  endfacet
  facet normal 0.545296 -0.673282 0.499343
    outer loop
      vertex 15.3319 0.104802 2.15645
      vertex 15.0545 0 2.31807
      vertex 15.2025 0 2.15645
    endloop
  endfacet
  facet normal 0.545318 -0.673193 0.499439
    outer loop
      vertex 15.0545 0 2.31807
      vertex 15.3319 0.104802 2.15645
      vertex 15.1656 0.289544 2.58704
    endloop
  endfacet
  facet normal 0.678718 -0.440875 0.587343
    outer loop
      vertex 15.6969 1.40428 2.98927
      vertex 15.4864 1.08022 2.98927
      vertex 15.7229 0.908448 2.58704
    endloop
  endfacet
  facet normal 0.721181 -0.36743 0.587276
    outer loop
      vertex 15.8723 1.74855 2.98927
      vertex 15.6969 1.40428 2.98927
      vertex 15.95 1.25816 2.58704
    endloop
  endfacet
  facet normal 0.457163 -0.37019 0.808679
    outer loop
      vertex 14.9184 1.49295 3.69144
      vertex 14.4225 1.51894 3.98368
      vertex 14.7215 1.24979 3.69144
    endloop
  endfacet
  facet normal 0.402211 -0.0636855 0.913329
    outer loop
      vertex 14.6446 3.02459 4.23228
      vertex 14.1929 3.07207 4.43451
      vertex 14.6093 2.80165 4.23228
    endloop
  endfacet
  facet normal 0.673286 -0.545187 0.499457
    outer loop
      vertex 15.7229 0.908448 2.58704
      vertex 15.4605 0.584394 2.58704
      vertex 15.924 0.762327 2.15645
    endloop
  endfacet
  facet normal 0.673274 -0.545228 0.499428
    outer loop
      vertex 15.924 0.762327 2.15645
      vertex 15.4605 0.584394 2.58704
      vertex 15.6452 0.418051 2.15645
    endloop
  endfacet
  facet normal 0.726561 -0.471823 0.499492
    outer loop
      vertex 15.95 1.25816 2.58704
      vertex 15.7229 0.908448 2.58704
      vertex 16.1653 1.13386 2.15645
    endloop
  endfacet
  facet normal 0.771899 -0.393294 0.499492
    outer loop
      vertex 16.1393 1.62969 2.58704
      vertex 15.95 1.25816 2.58704
      vertex 16.1653 1.13386 2.15645
    endloop
  endfacet
  facet normal 0.575112 -0.710096 0.406213
    outer loop
      vertex 15.3319 0.104802 2.15645
      vertex 15.2025 0 2.15645
      vertex 15.2785 0 2.04885
    endloop
  endfacet
  facet normal 0.574968 -0.710145 0.406332
    outer loop
      vertex 15.3319 0.104802 2.15645
      vertex 15.2785 0 2.04885
      vertex 15.4263 0 1.83971
    endloop
  endfacet
  facet normal 0.525795 -0.525757 0.66867
    outer loop
      vertex 14.996 1.00255 3.35876
      vertex 14.9701 0.506722 2.98927
      vertex 15.2433 0.779942 2.98927
    endloop
  endfacet
  facet normal 0.525755 -0.52577 0.668691
    outer loop
      vertex 14.9701 0.506722 2.98927
      vertex 14.996 1.00255 3.35876
      vertex 14.7474 0.753957 3.35876
    endloop
  endfacet
  facet normal 0.820361 -0.532835 0.207592
    outer loop
      vertex 16.563 0.90424 0.743063
      vertex 16.2119 0.553154 1.22939
      vertex 16.2955 0.492393 0.743063
    endloop
  endfacet
  facet normal 0.83405 -0.541726 0.104374
    outer loop
      vertex 16.563 0.90424 0.743063
      vertex 16.2955 0.492393 0.743063
      vertex 16.608 0.878254 0.248595
    endloop
  endfacet
  facet normal 0.808233 -0.0423128 0.587341
    outer loop
      vertex 16.4837 3.25 2.58704
      vertex 16.1712 2.86414 2.98927
      vertex 16.4619 2.83359 2.58704
    endloop
  endfacet
  facet normal 0.808233 0.0423071 0.587342
    outer loop
      vertex 16.4837 17.5 2.58704
      vertex 16.1712 17.8859 2.98927
      vertex 16.1914 17.5 2.98927
    endloop
  endfacet
  facet normal 0.85562 0.135645 0.499515
    outer loop
      vertex 16.6398 18.3799 2.15645
      vertex 16.3966 18.3283 2.58704
      vertex 16.4619 17.9164 2.58704
    endloop
  endfacet
  facet normal 0.949905 -0.0497146 0.308559
    outer loop
      vertex 17.0881 3.25 1.22939
      vertex 16.9345 3.25 1.70225
      vertex 17.063 2.77041 1.22939
    endloop
  endfacet
  facet normal 0.902517 -0.142919 0.406247
    outer loop
      vertex 16.9102 2.78647 1.70225
      vertex 16.7091 2.80761 2.15645
      vertex 16.8376 2.32801 1.70225
    endloop
  endfacet
  facet normal 0.855686 0.135541 0.49943
    outer loop
      vertex 16.6398 18.3799 2.15645
      vertex 16.4619 17.9164 2.58704
      vertex 16.7091 17.9424 2.15645
    endloop
  endfacet
  facet normal 0.865171 0.0452948 0.499426
    outer loop
      vertex 16.7091 17.9424 2.15645
      vertex 16.4619 17.9164 2.58704
      vertex 16.4837 17.5 2.58704
    endloop
  endfacet
  facet normal 0.88262 0.236455 0.40629
    outer loop
      vertex 16.7175 18.8703 1.70225
      vertex 16.6398 18.3799 2.15645
      vertex 16.8376 18.422 1.70225
    endloop
  endfacet
  facet normal 0.949905 0.0497135 0.308559
    outer loop
      vertex 17.063 17.9796 1.22939
      vertex 16.9345 17.5 1.70225
      vertex 17.0881 17.5 1.22939
    endloop
  endfacet
  facet normal 0.949875 0.0497993 0.308638
    outer loop
      vertex 17.063 17.9796 1.22939
      vertex 16.9102 17.9635 1.70225
      vertex 16.9345 17.5 1.70225
    endloop
  endfacet
  facet normal 0.887988 0.340935 0.30861
    outer loop
      vertex 16.8636 18.9178 1.22939
      vertex 16.5511 19.3037 1.70225
      vertex 16.7175 18.8703 1.70225
    endloop
  endfacet
  facet normal 0.766278 0.497726 0.406308
    outer loop
      vertex 16.3404 19.7173 1.70225
      vertex 16.0876 20.1065 1.70225
      vertex 16.1653 19.6161 2.15645
    endloop
  endfacet
  facet normal 0.797668 0.518116 0.308677
    outer loop
      vertex 16.4735 19.7941 1.22939
      vertex 16.0876 20.1065 1.70225
      vertex 16.3404 19.7173 1.70225
    endloop
  endfacet
  facet normal 0.629044 0.509226 0.58736
    outer loop
      vertex 15.7229 19.8416 2.58704
      vertex 15.2433 19.9701 2.98927
      vertex 15.4864 19.6698 2.98927
    endloop
  endfacet
  facet normal 0.694229 0.266523 0.668589
    outer loop
      vertex 15.8723 19.0014 2.98927
      vertex 15.5684 18.8661 3.35876
      vertex 15.6944 18.5379 3.35876
    endloop
  endfacet
  facet normal 0.73929 0.598483 0.308656
    outer loop
      vertex 15.9097 20.5701 1.22939
      vertex 15.7955 20.4673 1.70225
      vertex 16.2119 20.1968 1.22939
    endloop
  endfacet
  facet normal 0.380142 -0.145938 0.913342
    outer loop
      vertex 14.5509 2.58362 4.23228
      vertex 14.1189 2.72398 4.43451
      vertex 14.47 2.37289 4.23228
    endloop
  endfacet
  facet normal 0.341566 -0.221756 0.913322
    outer loop
      vertex 14.3675 2.17177 4.23228
      vertex 13.9742 2.39888 4.43451
      vertex 14.2446 1.98247 4.23228
    endloop
  endfacet
  facet normal 0.309024 0.0161125 0.950918
    outer loop
      vertex 14.1929 17.6779 4.43451
      vertex 13.7227 17.6285 4.58815
      vertex 13.7294 17.5 4.58815
    endloop
  endfacet
  facet normal 0.799388 -0.126515 0.587344
    outer loop
      vertex 16.1712 2.86414 2.98927
      vertex 16.1108 2.4825 2.98927
      vertex 16.4619 2.83359 2.58704
    endloop
  endfacet
  facet normal 0.623631 -0.405037 0.668603
    outer loop
      vertex 15.4088 1.57062 3.35876
      vertex 15.2173 1.27577 3.35876
      vertex 15.6969 1.40428 2.98927
    endloop
  endfacet
  facet normal 0.549152 -0.210931 0.808665
    outer loop
      vertex 15.343 2.32626 3.69144
      vertex 14.9604 2.45056 3.98368
      vertex 15.2308 2.03415 3.69144
    endloop
  endfacet
  facet normal 0.661333 -0.104858 0.742727
    outer loop
      vertex 15.4729 2.93754 3.69144
      vertex 15.4239 2.6285 3.69144
      vertex 15.8404 2.89891 3.35876
    endloop
  endfacet
  facet normal 0.483435 0.129594 0.865734
    outer loop
      vertex 14.9604 18.2994 3.98368
      vertex 14.6093 17.9484 4.23228
      vertex 15.0305 18.0379 3.98368
    endloop
  endfacet
  facet normal 0.568199 0.152317 0.808671
    outer loop
      vertex 15.343 18.4237 3.69144
      vertex 14.9604 18.2994 3.98368
      vertex 15.0305 18.0379 3.98368
    endloop
  endfacet
  facet normal 0.524269 -0.267033 -0.808601
    outer loop
      vertex 15.0888 1.75536 -3.69144
      vertex 14.8634 2.19776 -3.98368
      vertex 15.2308 2.03415 -3.69144
    endloop
  endfacet
  facet normal 0.549152 -0.210931 -0.808665
    outer loop
      vertex 15.2308 2.03415 -3.69144
      vertex 14.9604 2.45056 -3.98368
      vertex 15.343 2.32626 -3.69144
    endloop
  endfacet
  facet normal 0.568209 -0.152284 -0.80867
    outer loop
      vertex 15.343 2.32626 -3.69144
      vertex 14.9604 2.45056 -3.98368
      vertex 15.0305 2.71212 -3.98368
    endloop
  endfacet
  facet normal 0.587549 -0.0306355 -0.808608
    outer loop
      vertex 15.4729 2.93754 -3.69144
      vertex 15.0729 2.97958 -3.98368
      vertex 15.087 3.25 -3.98368
    endloop
  endfacet
  facet normal 0.74265 -0.0389209 -0.668548
    outer loop
      vertex 16.1712 2.86414 -2.98927
      vertex 15.8404 2.89891 -3.35876
      vertex 15.8588 3.25 -3.35876
    endloop
  endfacet
  facet normal 0.661333 -0.104858 -0.742727
    outer loop
      vertex 15.8404 2.89891 -3.35876
      vertex 15.4239 2.6285 -3.69144
      vertex 15.4729 2.93754 -3.69144
    endloop
  endfacet
  facet normal 0.771899 -0.393294 -0.499492
    outer loop
      vertex 16.1653 1.13386 -2.15645
      vertex 15.95 1.25816 -2.58704
      vertex 16.1393 1.62969 -2.58704
    endloop
  endfacet
  facet normal 0.694228 -0.266507 -0.668596
    outer loop
      vertex 15.8723 1.74855 -2.98927
      vertex 15.5684 1.88387 -3.35876
      vertex 15.6944 2.21209 -3.35876
    endloop
  endfacet
  facet normal 0.457163 -0.37019 -0.808679
    outer loop
      vertex 14.7215 1.24979 -3.69144
      vertex 14.4225 1.51894 -3.98368
      vertex 14.9184 1.49295 -3.69144
    endloop
  endfacet
  facet normal 0.221727 -0.341593 -0.913319
    outer loop
      vertex 13.7675 1.50539 -4.23228
      vertex 13.3511 1.77581 -4.43451
      vertex 13.5006 1.87285 -4.43451
    endloop
  endfacet
  facet normal 0.194758 -0.240386 -0.950939
    outer loop
      vertex 13.5006 1.87285 -4.43451
      vertex 13.2226 2.2554 -4.58815
      vertex 13.639 1.98498 -4.43451
    endloop
  endfacet
  facet normal 0.341437 -0.221852 -0.913347
    outer loop
      vertex 14.2446 1.98247 -4.23228
      vertex 13.8771 2.24944 -4.43451
      vertex 13.9742 2.39888 -4.43451
    endloop
  endfacet
  facet normal 0.388939 -0.315121 -0.865693
    outer loop
      vertex 14.4225 1.51894 -3.98368
      vertex 14.1026 1.80705 -4.23228
      vertex 14.593 1.72938 -3.98368
    endloop
  endfacet
  facet normal -0.994522 0 -0.10453
    outer loop
      vertex 0.0584803 3.25 -0.743063
      vertex 0.00650883 8.82415 -0.248595
      vertex 0.0584803 9.12192 -0.743063
    endloop
  endfacet
  facet normal -0.994522 -0 -0.10453
    outer loop
      vertex 0.00650883 8.82415 -0.248595
      vertex 0.0584803 3.25 -0.743063
      vertex 0.00650883 3.25 -0.248595
    endloop
  endfacet
  facet normal -0.994522 0 -0.10453
    outer loop
      vertex 0.0584803 16.2586 -0.743063
      vertex 0.00650883 17.5 -0.248595
      vertex 0.0584803 17.5 -0.743063
    endloop
  endfacet
  facet normal -0.994522 -0 -0.10453
    outer loop
      vertex 0.00650883 17.5 -0.248595
      vertex 0.0584803 16.2586 -0.743063
      vertex 0.00650883 15.9738 -0.248595
    endloop
  endfacet
  facet normal -0.998629 0.0523398 0
    outer loop
      vertex 0.00650883 17.5 -0.248595
      vertex 0.0324945 17.9958 0.248595
      vertex 0.0324945 17.9958 -0.248595
    endloop
  endfacet
  facet normal -0.998629 0.0523398 0
    outer loop
      vertex 0.0324945 17.9958 0.248595
      vertex 0.00650883 17.5 -0.248595
      vertex 0.00650883 17.5 0.248595
    endloop
  endfacet
  facet normal -0.483498 -0.129481 0.865716
    outer loop
      vertex 2.50318 2.66415 4.13492
      vertex 2.28958 2.45056 3.98368
      vertex 2.49627 2.51772 4.10916
    endloop
  endfacet
  facet normal -0.0108383 0.207886 0.978093
    outer loop
      vertex 4.75 18.7294 4.58815
      vertex 4.62149 18.7227 4.58815
      vertex 4.67233 18.239 4.69152
    endloop
  endfacet
  facet normal -0.0783636 0.494319 0.865741
    outer loop
      vertex 4.47958 20.0729 3.98368
      vertex 4.21212 20.0305 3.98368
      vertex 4.30165 19.6093 4.23228
    endloop
  endfacet
  facet normal -0.1733 0.646846 0.742669
    outer loop
      vertex 3.91971 20.75 3.35876
      vertex 3.82626 20.343 3.69144
      vertex 4.03366 20.75 3.38535
    endloop
  endfacet
  facet normal -0.173223 0.646844 0.742689
    outer loop
      vertex 3.82626 20.343 3.69144
      vertex 3.91971 20.75 3.35876
      vertex 3.71209 20.6944 3.35876
    endloop
  endfacet
  facet normal -0.145938 0.380142 0.913342
    outer loop
      vertex 4.08362 19.5509 4.23228
      vertex 3.87289 19.47 4.23228
      vertex 4.22398 19.1189 4.43451
    endloop
  endfacet
  facet normal -0.161734 0.131074 0.978091
    outer loop
      vertex 4.1978 17.9972 4.69152
      vertex 3.83638 18.3226 4.58815
      vertex 4.14885 17.9368 4.69152
    endloop
  endfacet
  facet normal -0.240448 0.194715 0.950932
    outer loop
      vertex 3.83638 18.3226 4.58815
      vertex 3.48498 18.639 4.43451
      vertex 3.7554 18.2226 4.58815
    endloop
  endfacet
  facet normal 0.0538992 -0.201085 0.97809
    outer loop
      vertex 12.7296 2.5433 4.69152
      vertex 12.6545 2.52317 4.69152
      vertex 12.7556 2.04747 4.58815
    endloop
  endfacet
  facet normal -0.500037 0 0.866004
    outer loop
      vertex 2.59354 17.5 4.23228
      vertex 2.44898 12.8985 4.14881
      vertex 2.59354 12.8053 4.23228
    endloop
  endfacet
  facet normal -0.500007 0 0.866021
    outer loop
      vertex 2.16296 13.0681 3.98368
      vertex 2.59354 17.5 4.23228
      vertex 2.16296 17.5 3.98368
    endloop
  endfacet
  facet normal -0.499992 -1.87115e-06 0.86603
    outer loop
      vertex 2.59354 17.5 4.23228
      vertex 2.16296 13.0681 3.98368
      vertex 2.44898 12.8985 4.14881
    endloop
  endfacet
  facet normal -0.5 0 0.866026
    outer loop
      vertex 2.44898 6.71893 4.14881
      vertex 2.5175 3.25 4.18837
      vertex 2.5175 6.7165 4.18837
    endloop
  endfacet
  facet normal -0.499992 0 0.86603
    outer loop
      vertex 2.16296 3.25 3.98368
      vertex 2.44898 6.71893 4.14881
      vertex 2.16296 6.74385 3.98368
    endloop
  endfacet
  facet normal -0.499993 1.71534e-07 0.866029
    outer loop
      vertex 2.44898 6.71893 4.14881
      vertex 2.16296 3.25 3.98368
      vertex 2.5175 3.25 4.18837
    endloop
  endfacet
  facet normal -0.808284 -0.0423582 0.587267
    outer loop
      vertex 1.07878 2.86414 2.98927
      vertex 0.766315 3.25 2.58704
      vertex 0.788137 2.83359 2.58704
    endloop
  endfacet
  facet normal -0.66908 0 0.743191
    outer loop
      vertex 1.76073 17.5 3.69144
      vertex 1.75 13.3504 3.68178
      vertex 1.76073 13.342 3.69144
    endloop
  endfacet
  facet normal -0.669119 0 0.743155
    outer loop
      vertex 1.39124 13.6148 3.35876
      vertex 1.76073 17.5 3.69144
      vertex 1.39124 17.5 3.35876
    endloop
  endfacet
  facet normal -0.66912 1.90827e-07 0.743154
    outer loop
      vertex 1.76073 17.5 3.69144
      vertex 1.39124 13.6148 3.35876
      vertex 1.75 13.3504 3.68178
    endloop
  endfacet
  facet normal -0.669081 -7.23442e-06 0.74319
    outer loop
      vertex 1.39124 3.25 3.35876
      vertex 1.76073 6.81425 3.69144
      vertex 1.75 6.81723 3.68178
    endloop
  endfacet
  facet normal -0.66912 0 0.743154
    outer loop
      vertex 1.39124 3.25 3.35876
      vertex 1.75 6.81723 3.68178
      vertex 1.39124 6.93335 3.35876
    endloop
  endfacet
  facet normal -0.669119 0 0.743155
    outer loop
      vertex 1.76073 6.81425 3.69144
      vertex 1.39124 3.25 3.35876
      vertex 1.76073 3.25 3.69144
    endloop
  endfacet
  facet normal -0.587493 0.0308086 0.808643
    outer loop
      vertex 2.17714 17.7704 3.98368
      vertex 1.7771 17.8125 3.69144
      vertex 2.16296 17.5 3.98368
    endloop
  endfacet
  facet normal -0.742592 0.0389096 0.668612
    outer loop
      vertex 1.07878 17.8859 2.98927
      vertex 1.05856 17.5 2.98927
      vertex 1.39124 17.5 3.35876
    endloop
  endfacet
  facet normal -0.587496 -0.0308065 0.80864
    outer loop
      vertex 2.16296 3.25 3.98368
      vertex 1.7771 2.93754 3.69144
      vertex 2.17714 2.97958 3.98368
    endloop
  endfacet
  facet normal -0.58751 -0.0307801 0.808631
    outer loop
      vertex 2.16296 3.25 3.98368
      vertex 1.76073 3.25 3.69144
      vertex 1.7771 2.93754 3.69144
    endloop
  endfacet
  facet normal -0.976865 0.0511948 0.207638
    outer loop
      vertex 0.0841808 17.9904 0.743063
      vertex 0.0584803 17.5 0.743063
      vertex 0.186986 17.9796 1.22939
    endloop
  endfacet
  facet normal -0.694214 0.266503 0.668613
    outer loop
      vertex 1.3777 19.0014 2.98927
      vertex 1.23923 18.6407 2.98927
      vertex 1.55563 18.5379 3.35876
    endloop
  endfacet
  facet normal -0.668715 0.0350452 0.742692
    outer loop
      vertex 1.40964 17.8511 3.35876
      vertex 1.39124 17.5 3.35876
      vertex 1.7771 17.8125 3.69144
    endloop
  endfacet
  facet normal -0.668709 0.0350296 0.742699
    outer loop
      vertex 1.7771 17.8125 3.69144
      vertex 1.39124 17.5 3.35876
      vertex 1.76073 17.5 3.69144
    endloop
  endfacet
  facet normal -0.19241 0.718494 0.66839
    outer loop
      vertex 3.74821 20.75 3.30939
      vertex 3.71209 20.6944 3.35876
      vertex 3.91971 20.75 3.35876
    endloop
  endfacet
  facet normal -0.629001 0.509433 0.587227
    outer loop
      vertex 1.78954 20.1656 2.58704
      vertex 1.52713 19.8416 2.58704
      vertex 2.00672 19.9701 2.98927
    endloop
  endfacet
  facet normal -0.179293 0.467271 0.865744
    outer loop
      vertex 3.95056 19.9604 3.98368
      vertex 3.69776 19.8634 3.98368
      vertex 3.87289 19.47 4.23228
    endloop
  endfacet
  facet normal -0.179388 0.467275 0.865722
    outer loop
      vertex 3.95056 19.9604 3.98368
      vertex 3.87289 19.47 4.23228
      vertex 4.08362 19.5509 4.23228
    endloop
  endfacet
  facet normal -0.152127 0.568343 0.808606
    outer loop
      vertex 4.1285 20.4239 3.69144
      vertex 3.82626 20.343 3.69144
      vertex 4.21212 20.0305 3.98368
    endloop
  endfacet
  facet normal -0.388981 0.314917 0.865749
    outer loop
      vertex 2.82746 19.2311 3.98368
      vertex 2.65704 19.0206 3.98368
      vertex 3.14744 18.9429 4.23228
    endloop
  endfacet
  facet normal -0.259507 0.168445 0.950938
    outer loop
      vertex 3.37285 18.5006 4.43451
      vertex 3.27581 18.3511 4.43451
      vertex 3.7554 18.2226 4.58815
    endloop
  endfacet
  facet normal -0.646812 0.173302 0.742698
    outer loop
      vertex 1.55563 18.5379 3.35876
      vertex 1.46464 18.1983 3.35876
      vertex 1.90703 18.4237 3.69144
    endloop
  endfacet
  facet normal -0.646817 0.173326 0.742688
    outer loop
      vertex 1.90703 18.4237 3.69144
      vertex 1.46464 18.1983 3.35876
      vertex 1.82605 18.1215 3.69144
    endloop
  endfacet
  facet normal -0.267033 0.524269 0.808601
    outer loop
      vertex 3.53415 20.2308 3.69144
      vertex 3.25536 20.0888 3.69144
      vertex 3.69776 19.8634 3.98368
    endloop
  endfacet
  facet normal -0.888016 0.34084 0.308636
    outer loop
      vertex 0.558518 19.3662 1.22939
      vertex 0.386412 18.9178 1.22939
      vertex 0.698875 19.3037 1.70225
    endloop
  endfacet
  facet normal -0.646084 0.646158 -0.40627
    outer loop
      vertex 1.45452 20.4673 -1.70225
      vertex 1.82369 20.75 -1.83971
      vertex 1.91805 20.6452 -2.15645
    endloop
  endfacet
  facet normal -0.646083 0.646152 -0.406281
    outer loop
      vertex 1.82369 20.75 -1.83971
      vertex 1.45452 20.4673 -1.70225
      vertex 1.73725 20.75 -1.70225
    endloop
  endfacet
  facet normal -0.64614 0.646037 -0.406374
    outer loop
      vertex 1.45452 20.4673 -1.70225
      vertex 1.91805 20.6452 -2.15645
      vertex 1.6048 20.3319 -2.15645
    endloop
  endfacet
  facet normal -0.847505 0.431831 -0.308638
    outer loop
      vertex 0.698875 19.3037 -1.70225
      vertex 0.558518 19.3662 -1.22939
      vertex 0.776547 19.7941 -1.22939
    endloop
  endfacet
  facet normal -0.820357 0.532806 -0.207681
    outer loop
      vertex 1.03811 20.1968 -1.22939
      vertex 0.687024 19.8458 -0.743063
      vertex 0.95448 20.2576 -0.743063
    endloop
  endfacet
  facet normal -0.960658 0.257373 -0.104384
    outer loop
      vertex 0.161001 18.4754 -0.743063
      vertex 0.110166 18.4862 -0.248595
      vertex 0.288099 18.9498 -0.743063
    endloop
  endfacet
  facet normal -0.509337 0.629023 0.587287
    outer loop
      vertex 2.40845 20.7229 2.58704
      vertex 2.08439 20.4605 2.58704
      vertex 2.27994 20.2433 2.98927
    endloop
  endfacet
  facet normal -0.525786 0.525765 0.66867
    outer loop
      vertex 2.27994 20.2433 2.98927
      vertex 2.25396 19.7474 3.35876
      vertex 2.50255 19.996 3.35876
    endloop
  endfacet
  facet normal -0.525742 0.52578 0.668694
    outer loop
      vertex 2.25396 19.7474 3.35876
      vertex 2.27994 20.2433 2.98927
      vertex 2.00672 19.9701 2.98927
    endloop
  endfacet
  facet normal -0.545283 0.673416 0.499176
    outer loop
      vertex 2.38874 20.75 2.52895
      vertex 2.08439 20.4605 2.58704
      vertex 2.40845 20.7229 2.58704
    endloop
  endfacet
  facet normal -0.545148 0.673328 0.499443
    outer loop
      vertex 2.08439 20.4605 2.58704
      vertex 2.38874 20.75 2.52895
      vertex 2.19554 20.75 2.31807
    endloop
  endfacet
  facet normal -0.694219 0.266498 0.668609
    outer loop
      vertex 1.68162 18.8661 3.35876
      vertex 1.3777 19.0014 2.98927
      vertex 1.55563 18.5379 3.35876
    endloop
  endfacet
  facet normal 0.205596 0.0326753 -0.978091
    outer loop
      vertex 13.7227 17.6285 -4.58815
      vertex 13.2268 17.6545 -4.69152
      vertex 13.7025 17.7556 -4.58815
    endloop
  endfacet
  facet normal 0.104501 0.00562699 -0.994509
    outer loop
      vertex 12.7486 17.5 -4.74349
      vertex 12.7472 17.526 -4.74349
      vertex 13.239 17.5777 -4.69152
    endloop
  endfacet
  facet normal 0.0746752 0.194316 -0.978092
    outer loop
      vertex 12.8022 18.1788 -4.69152
      vertex 12.7296 18.2067 -4.69152
      vertex 13 18.6231 -4.58815
    endloop
  endfacet
  facet normal 0.00551515 0.104519 -0.994508
    outer loop
      vertex 12.5777 18.239 -4.69152
      vertex 12.5 17.7486 -4.74349
      vertex 12.5 18.2431 -4.69152
    endloop
  endfacet
  facet normal 0.316444 0.25631 -0.913328
    outer loop
      vertex 13.8771 18.5006 -4.43451
      vertex 13.765 18.639 -4.43451
      vertex 14.2446 18.7675 -4.23228
    endloop
  endfacet
  facet normal 0.221759 0.34157 -0.91332
    outer loop
      vertex 13.7675 19.2446 -4.23228
      vertex 13.3511 18.9742 -4.43451
      vertex 13.5782 19.3675 -4.23228
    endloop
  endfacet
  facet normal 0.026061 0.499779 -0.865761
    outer loop
      vertex 12.7254 19.6446 -4.23228
      vertex 12.5 20.087 -3.98368
      vertex 12.7704 20.0729 -3.98368
    endloop
  endfacet
  facet normal 0.0782454 0.494298 -0.865764
    outer loop
      vertex 12.9484 19.6093 -4.23228
      vertex 12.7254 19.6446 -4.23228
      vertex 12.7704 20.0729 -3.98368
    endloop
  endfacet
  facet normal 0.179418 0.467285 -0.86571
    outer loop
      vertex 13.3771 19.47 -4.23228
      vertex 13.1664 19.5509 -4.23228
      vertex 13.2994 19.9604 -3.98368
    endloop
  endfacet
  facet normal 0.267158 0.524107 -0.808665
    outer loop
      vertex 13.7935 19.7404 -3.98368
      vertex 13.5522 19.8634 -3.98368
      vertex 13.9946 20.0888 -3.69144
    endloop
  endfacet
  facet normal 0.210775 0.54932 -0.808592
    outer loop
      vertex 13.5522 19.8634 -3.98368
      vertex 13.2994 19.9604 -3.98368
      vertex 13.7158 20.2308 -3.69144
    endloop
  endfacet
  facet normal 0.661336 0.104872 -0.742723
    outer loop
      vertex 15.4729 17.8125 -3.69144
      vertex 15.4239 18.1215 -3.69144
      vertex 15.8404 17.8511 -3.35876
    endloop
  endfacet
  facet normal 0.646807 0.17332 -0.742699
    outer loop
      vertex 15.7854 18.1983 -3.35876
      vertex 15.343 18.4237 -3.69144
      vertex 15.6944 18.5379 -3.35876
    endloop
  endfacet
  facet normal 0.393316 0.105365 -0.913346
    outer loop
      vertex 14.6093 17.9484 -4.23228
      vertex 14.1189 18.026 -4.43451
      vertex 14.5509 18.1664 -4.23228
    endloop
  endfacet
  facet normal 0.54915 0.210937 -0.808665
    outer loop
      vertex 15.343 18.4237 -3.69144
      vertex 14.9604 18.2994 -3.98368
      vertex 15.2308 18.7158 -3.69144
    endloop
  endfacet
  facet normal 0.646771 0.173143 -0.742771
    outer loop
      vertex 15.4239 18.1215 -3.69144
      vertex 15.343 18.4237 -3.69144
      vertex 15.7854 18.1983 -3.35876
    endloop
  endfacet
  facet normal 0.275624 0.140504 -0.950942
    outer loop
      vertex 14.0551 18.1924 -4.43451
      vertex 13.6231 18 -4.58815
      vertex 13.9742 18.3511 -4.43451
    endloop
  endfacet
  facet normal 0.00562699 0.104501 -0.994509
    outer loop
      vertex 12.526 17.7472 -4.74349
      vertex 12.5 17.7486 -4.74349
      vertex 12.5777 18.239 -4.69152
    endloop
  endfacet
  facet normal 0.467982 0.577735 -0.668742
    outer loop
      vertex 14.7474 19.996 -3.35876
      vertex 14.4742 20.2173 -3.35876
      vertex 14.9701 20.2433 -2.98927
    endloop
  endfacet
  facet normal 0.421492 0.520342 -0.74269
    outer loop
      vertex 14.7474 19.996 -3.35876
      vertex 14.257 19.9184 -3.69144
      vertex 14.4742 20.2173 -3.35876
    endloop
  endfacet
  facet normal 0.577965 0.467877 -0.668616
    outer loop
      vertex 15.4864 19.6698 -2.98927
      vertex 15.2173 19.4742 -3.35876
      vertex 15.2433 19.9701 -2.98927
    endloop
  endfacet
  facet normal 0.419828 0.272491 -0.865733
    outer loop
      vertex 14.7404 18.7935 -3.98368
      vertex 14.3675 18.5782 -4.23228
      vertex 14.593 19.0206 -3.98368
    endloop
  endfacet
  facet normal 0.52573 0.52573 -0.668741
    outer loop
      vertex 14.996 19.7474 -3.35876
      vertex 14.9701 20.2433 -2.98927
      vertex 15.2433 19.9701 -2.98927
    endloop
  endfacet
  facet normal 0.52573 0.52573 -0.668741
    outer loop
      vertex 14.9701 20.2433 -2.98927
      vertex 14.996 19.7474 -3.35876
      vertex 14.7474 19.996 -3.35876
    endloop
  endfacet
  facet normal 0.678872 0.440743 -0.587264
    outer loop
      vertex 15.95 19.4918 -2.58704
      vertex 15.6969 19.3457 -2.98927
      vertex 15.7229 19.8416 -2.58704
    endloop
  endfacet
  facet normal 0.303894 0.59666 -0.742728
    outer loop
      vertex 13.9946 20.0888 -3.69144
      vertex 13.7158 20.2308 -3.69144
      vertex 14.1794 20.4088 -3.35876
    endloop
  endfacet
  facet normal 0.266541 0.694345 -0.668462
    outer loop
      vertex 13.6828 20.75 -3.24323
      vertex 13.5379 20.6944 -3.35876
      vertex 13.556 20.75 -3.29379
    endloop
  endfacet
  facet normal 0.772914 0.625866 -0.104384
    outer loop
      vertex 16.2955 20.2576 -0.743063
      vertex 15.9865 20.6392 -0.743063
      vertex 16.0251 20.674 -0.248595
    endloop
  endfacet
  facet normal 0.760221 0.615588 -0.207643
    outer loop
      vertex 16.2119 20.1968 -1.22939
      vertex 15.9865 20.6392 -0.743063
      vertex 16.2955 20.2576 -0.743063
    endloop
  endfacet
  facet normal 0.545291 0.673289 -0.499339
    outer loop
      vertex 15.3319 20.6452 -2.15645
      vertex 15.0545 20.75 -2.31807
      vertex 15.2025 20.75 -2.15645
    endloop
  endfacet
  facet normal 0.545303 0.673243 -0.499389
    outer loop
      vertex 15.0545 20.75 -2.31807
      vertex 15.3319 20.6452 -2.15645
      vertex 15.1656 20.4605 -2.58704
    endloop
  endfacet
  facet normal 0.00551515 0.104519 0.994508
    outer loop
      vertex 12.5 18.2431 4.69152
      vertex 12.5 17.7486 4.74349
      vertex 12.5777 18.239 4.69152
    endloop
  endfacet
  facet normal 0.0878494 0.056907 0.994507
    outer loop
      vertex 13.1012 17.9368 4.69152
      vertex 12.7153 17.6243 4.74349
      vertex 13.1435 17.8715 4.69152
    endloop
  endfacet
  facet normal 0.298877 0.0800595 0.950927
    outer loop
      vertex 14.1189 18.026 4.43451
      vertex 13.7025 17.7556 4.58815
      vertex 14.165 17.8539 4.43451
    endloop
  endfacet
  facet normal 0.393315 0.105356 0.913347
    outer loop
      vertex 14.6093 17.9484 4.23228
      vertex 14.1189 18.026 4.43451
      vertex 14.165 17.8539 4.43451
    endloop
  endfacet
  facet normal 0.493446 0.320273 0.808663
    outer loop
      vertex 15.0888 18.9946 3.69144
      vertex 14.593 19.0206 3.98368
      vertex 14.7404 18.7935 3.98368
    endloop
  endfacet
  facet normal 0.34157 0.221759 0.91332
    outer loop
      vertex 14.2446 18.7675 4.23228
      vertex 13.9742 18.3511 4.43451
      vertex 14.3675 18.5782 4.23228
    endloop
  endfacet
  facet normal 0.131053 0.161794 0.978084
    outer loop
      vertex 13.2226 18.4946 4.58815
      vertex 12.9368 18.1012 4.69152
      vertex 13.3226 18.4136 4.58815
    endloop
  endfacet
  facet normal 0.240423 0.194743 0.950932
    outer loop
      vertex 13.765 18.639 4.43451
      vertex 13.4136 18.3226 4.58815
      vertex 13.4946 18.2226 4.58815
    endloop
  endfacet
  facet normal 0.259465 0.168568 0.950927
    outer loop
      vertex 13.9742 18.3511 4.43451
      vertex 13.4946 18.2226 4.58815
      vertex 13.5647 18.1147 4.58815
    endloop
  endfacet
  facet normal 0.17456 0.113408 0.978094
    outer loop
      vertex 13.4946 18.2226 4.58815
      vertex 13.1435 17.8715 4.69152
      vertex 13.5647 18.1147 4.58815
    endloop
  endfacet
  facet normal 0.305597 0.048444 0.950928
    outer loop
      vertex 14.165 17.8539 4.43451
      vertex 13.7025 17.7556 4.58815
      vertex 14.1929 17.6779 4.43451
    endloop
  endfacet
  facet normal 0.305613 0.0485711 0.950916
    outer loop
      vertex 14.1929 17.6779 4.43451
      vertex 13.7025 17.7556 4.58815
      vertex 13.7227 17.6285 4.58815
    endloop
  endfacet
  facet normal 0.0802087 0.298786 0.950943
    outer loop
      vertex 12.8539 19.1651 4.43451
      vertex 12.7556 18.7025 4.58815
      vertex 13.026 19.1189 4.43451
    endloop
  endfacet
  facet normal 0.179418 0.467285 0.86571
    outer loop
      vertex 13.2994 19.9604 3.98368
      vertex 13.1664 19.5509 4.23228
      vertex 13.3771 19.47 4.23228
    endloop
  endfacet
  facet normal 0.52573 0.52573 0.668741
    outer loop
      vertex 14.9701 20.2433 2.98927
      vertex 14.996 19.7474 3.35876
      vertex 15.2433 19.9701 2.98927
    endloop
  endfacet
  facet normal 0.52573 0.52573 0.668741
    outer loop
      vertex 14.996 19.7474 3.35876
      vertex 14.9701 20.2433 2.98927
      vertex 14.7474 19.996 3.35876
    endloop
  endfacet
  facet normal 0.210775 0.54932 0.808592
    outer loop
      vertex 13.7158 20.2308 3.69144
      vertex 13.2994 19.9604 3.98368
      vertex 13.5522 19.8634 3.98368
    endloop
  endfacet
  facet normal 0.0977433 0.0374079 0.994508
    outer loop
      vertex 13.2067 17.7296 4.69152
      vertex 12.7271 17.6011 4.74349
      vertex 12.7364 17.5768 4.74349
    endloop
  endfacet
  facet normal 0.161669 0.131155 0.978091
    outer loop
      vertex 13.4136 18.3226 4.58815
      vertex 13.0522 17.9972 4.69152
      vertex 13.1012 17.9368 4.69152
    endloop
  endfacet
  facet normal 0.16853 0.259477 0.950931
    outer loop
      vertex 13.3511 18.9742 4.43451
      vertex 13.2226 18.4946 4.58815
      vertex 13.5006 18.8771 4.43451
    endloop
  endfacet
  facet normal 0.0326596 0.205595 0.978092
    outer loop
      vertex 12.6285 18.7227 4.58815
      vertex 12.5777 18.239 4.69152
      vertex 12.6545 18.2268 4.69152
    endloop
  endfacet
  facet normal 0.0944876 0.185496 0.978092
    outer loop
      vertex 13 18.6231 4.58815
      vertex 12.8022 18.1788 4.69152
      vertex 12.8715 18.1435 4.69152
    endloop
  endfacet
  facet normal 0.0977056 0.037548 0.994507
    outer loop
      vertex 13.1788 17.8022 4.69152
      vertex 12.7271 17.6011 4.74349
      vertex 13.2067 17.7296 4.69152
    endloop
  endfacet
  facet normal 0.0570388 -0.0877519 0.994508
    outer loop
      vertex 12.6461 3.04888 4.74349
      vertex 12.6243 3.03471 4.74349
      vertex 12.9368 2.64885 4.69152
    endloop
  endfacet
  facet normal 0.179296 0.467279 0.865738
    outer loop
      vertex 13.5522 19.8634 3.98368
      vertex 13.2994 19.9604 3.98368
      vertex 13.3771 19.47 4.23228
    endloop
  endfacet
  facet normal 0.221759 0.34157 0.91332
    outer loop
      vertex 13.5782 19.3675 4.23228
      vertex 13.3511 18.9742 4.43451
      vertex 13.7675 19.2446 4.23228
    endloop
  endfacet
  facet normal 0.129594 0.483435 0.865734
    outer loop
      vertex 13.0379 20.0305 3.98368
      vertex 12.9484 19.6093 4.23228
      vertex 13.2994 19.9604 3.98368
    endloop
  endfacet
  facet normal 0.210937 0.54915 0.808665
    outer loop
      vertex 13.4237 20.343 3.69144
      vertex 13.2994 19.9604 3.98368
      vertex 13.7158 20.2308 3.69144
    endloop
  endfacet
  facet normal 0.596617 0.303926 0.74275
    outer loop
      vertex 15.4088 19.1794 3.35876
      vertex 15.2308 18.7158 3.69144
      vertex 15.5684 18.8661 3.35876
    endloop
  endfacet
  facet normal 0.625041 0.240088 0.742753
    outer loop
      vertex 15.5684 18.8661 3.35876
      vertex 15.2308 18.7158 3.69144
      vertex 15.343 18.4237 3.69144
    endloop
  endfacet
  facet normal 0.337533 0.6626 0.668605
    outer loop
      vertex 13.8661 20.5684 3.35876
      vertex 14.0484 20.75 3.08676
      vertex 13.947 20.75 3.13795
    endloop
  endfacet
  facet normal 0.337538 0.662597 0.668606
    outer loop
      vertex 14.0484 20.75 3.08676
      vertex 13.8661 20.5684 3.35876
      vertex 14.1794 20.4088 3.35876
    endloop
  endfacet
  facet normal -0 0.669169 0.74311
    outer loop
      vertex 4.75 20.75 3.45668
      vertex 12.5 20.4893 3.69144
      vertex 12.5 20.75 3.45668
    endloop
  endfacet
  facet normal 0 0.669169 0.74311
    outer loop
      vertex 12.5 20.4893 3.69144
      vertex 4.75 20.75 3.45668
      vertex 4.75 20.4893 3.69144
    endloop
  endfacet
  facet normal 0.772804 0.625976 0.104536
    outer loop
      vertex 16.3376 20.2882 0.248595
      vertex 16.0251 20.674 0.248595
      vertex 16.2955 20.2576 0.743063
    endloop
  endfacet
  facet normal 0.210839 -0.549232 -0.808635
    outer loop
      vertex 13.4237 0.407033 -3.69144
      vertex 13.2994 0.789582 -3.98368
      vertex 13.7158 0.519164 -3.69144
    endloop
  endfacet
  facet normal 0.23998 -0.625146 -0.7427
    outer loop
      vertex 13.8661 0.181623 -3.35876
      vertex 13.4237 0.407033 -3.69144
      vertex 13.7158 0.519164 -3.69144
    endloop
  endfacet
  facet normal 0.337715 -0.662512 -0.6686
    outer loop
      vertex 14.2415 0 -2.98927
      vertex 14.1794 0.34123 -3.35876
      vertex 14.3457 0.0531158 -2.98927
    endloop
  endfacet
  facet normal 0.337567 -0.662564 -0.668623
    outer loop
      vertex 14.1794 0.34123 -3.35876
      vertex 14.2415 0 -2.98927
      vertex 14.0484 0 -3.08676
    endloop
  endfacet
  facet normal 0.404941 -0.623643 -0.66865
    outer loop
      vertex 14.6698 0.263559 -2.98927
      vertex 14.3457 0.0531158 -2.98927
      vertex 14.4742 0.532708 -3.35876
    endloop
  endfacet
  facet normal 0.703175 -0.703314 -0.104381
    outer loop
      vertex 15.8757 0 -0.743063
      vertex 16.0251 0.075985 -0.248595
      vertex 15.9491 0 -0.248595
    endloop
  endfacet
  facet normal 0.703119 -0.703373 -0.104355
    outer loop
      vertex 16.0251 0.075985 -0.248595
      vertex 15.8757 0 -0.743063
      vertex 15.9865 0.11076 -0.743063
    endloop
  endfacet
  facet normal 0.739216 -0.598585 -0.308635
    outer loop
      vertex 16.2119 0.553154 -1.22939
      vertex 15.7955 0.282735 -1.70225
      vertex 16.0876 0.643461 -1.70225
    endloop
  endfacet
  facet normal 0.797694 -0.518101 -0.308636
    outer loop
      vertex 16.2119 0.553154 -1.22939
      vertex 16.0876 0.643461 -1.70225
      vertex 16.4735 0.955926 -1.22939
    endloop
  endfacet
  facet normal 0.471937 -0.727125 -0.498563
    outer loop
      vertex 14.8277 0 -2.56063
      vertex 14.7998 0 -2.58704
      vertex 14.8416 0.0271301 -2.58704
    endloop
  endfacet
  facet normal 0.440708 -0.67901 -0.58713
    outer loop
      vertex 14.3764 0 -2.90485
      vertex 14.8416 0.0271301 -2.58704
      vertex 14.7998 0 -2.58704
    endloop
  endfacet
  facet normal 0.440848 -0.678721 -0.587359
    outer loop
      vertex 14.8416 0.0271301 -2.58704
      vertex 14.3764 0 -2.90485
      vertex 14.3457 0.0531158 -2.98927
    endloop
  endfacet
  facet normal 0.440778 -0.678835 -0.58728
    outer loop
      vertex 14.8416 0.0271301 -2.58704
      vertex 14.3457 0.0531158 -2.98927
      vertex 14.6698 0.263559 -2.98927
    endloop
  endfacet
  facet normal -0.574626 0.710212 -0.406698
    outer loop
      vertex 1.97305 20.6897 -2.15645
      vertex 1.91805 20.6452 -2.15645
      vertex 1.95376 20.7153 -2.08449
    endloop
  endfacet
  facet normal -0.939469 0.14878 -0.308646
    outer loop
      vertex 0.339786 17.9635 -1.70225
      vertex 0.186986 17.9796 -1.22939
      vertex 0.412397 18.422 -1.70225
    endloop
  endfacet
  facet normal -0.949876 0.049785 -0.308638
    outer loop
      vertex 0.315493 17.5 -1.70225
      vertex 0.186986 17.9796 -1.22939
      vertex 0.339786 17.9635 -1.70225
    endloop
  endfacet
  facet normal -0.966162 -0.153026 -0.207638
    outer loop
      vertex 0.161001 2.27458 -0.743063
      vertex 0.0841808 2.7596 -0.743063
      vertex 0.262114 2.29607 -1.22939
    endloop
  endfacet
  facet normal -0.944875 -0.253176 -0.207638
    outer loop
      vertex 0.288099 1.80024 -0.743063
      vertex 0.161001 2.27458 -0.743063
      vertex 0.262114 2.29607 -1.22939
    endloop
  endfacet
  facet normal -0.993174 -0.0520507 -0.104387
    outer loop
      vertex 0.0324945 2.75417 -0.248595
      vertex 0.00650883 3.25 -0.248595
      vertex 0.0841808 2.7596 -0.743063
    endloop
  endfacet
  facet normal -0.866029 0 -0.499994
    outer loop
      vertex 0.766315 17.2358 -2.58704
      vertex 0.517718 17.5 -2.15645
      vertex 0.766315 17.5 -2.58704
    endloop
  endfacet
  facet normal -0.866029 -0 -0.499994
    outer loop
      vertex 0.517718 17.5 -2.15645
      vertex 0.766315 17.2358 -2.58704
      vertex 0.517718 17.0231 -2.15645
    endloop
  endfacet
  facet normal -0.866029 0 -0.499994
    outer loop
      vertex 0.766315 3.25 -2.58704
      vertex 0.517718 10.0225 -2.15645
      vertex 0.766315 10.317 -2.58704
    endloop
  endfacet
  facet normal -0.866029 -0 -0.499994
    outer loop
      vertex 0.517718 10.0225 -2.15645
      vertex 0.766315 3.25 -2.58704
      vertex 0.517718 3.25 -2.15645
    endloop
  endfacet
  facet normal -0.912499 -0.0478227 -0.406275
    outer loop
      vertex 0.540903 2.80761 -2.15645
      vertex 0.315493 3.25 -1.70225
      vertex 0.517718 3.25 -2.15645
    endloop
  endfacet
  facet normal -0.939471 -0.148794 -0.308634
    outer loop
      vertex 0.412397 2.32801 -1.70225
      vertex 0.186986 2.77041 -1.22939
      vertex 0.339786 2.78647 -1.70225
    endloop
  endfacet
  facet normal -0.949878 0.0497795 -0.308633
    outer loop
      vertex 0.315493 17.5 -1.70225
      vertex 0.161852 17.5 -1.22939
      vertex 0.186986 17.9796 -1.22939
    endloop
  endfacet
  facet normal -0.205617 -0.0325681 -0.97809
    outer loop
      vertex 3.54747 2.9944 -4.58815
      vertex 3.52734 3.12149 -4.58815
      vertex 4.02317 3.09551 -4.69152
    endloop
  endfacet
  facet normal -0.305595 -0.0484036 -0.950931
    outer loop
      vertex 3.54747 2.9944 -4.58815
      vertex 3.05708 3.07207 -4.43451
      vertex 3.52734 3.12149 -4.58815
    endloop
  endfacet
  facet normal -0.28885 -0.110885 -0.950931
    outer loop
      vertex 3.6269 2.74996 -4.58815
      vertex 3.13107 2.72398 -4.43451
      vertex 3.58078 2.8701 -4.58815
    endloop
  endfacet
  facet normal -0.288851 -0.110869 -0.950933
    outer loop
      vertex 3.19492 2.55763 -4.43451
      vertex 3.13107 2.72398 -4.43451
      vertex 3.6269 2.74996 -4.58815
    endloop
  endfacet
  facet normal -0.718266 0.192481 -0.668614
    outer loop
      vertex 1.55563 18.5379 -3.35876
      vertex 1.13922 18.2675 -2.98927
      vertex 1.23923 18.6407 -2.98927
    endloop
  endfacet
  facet normal -0.718259 0.192445 -0.668632
    outer loop
      vertex 1.46464 18.1983 -3.35876
      vertex 1.13922 18.2675 -2.98927
      vertex 1.55563 18.5379 -3.35876
    endloop
  endfacet
  facet normal -0.742583 0.0389123 -0.668622
    outer loop
      vertex 1.23094 17.5 -3.18072
      vertex 1.07878 17.8859 -2.98927
      vertex 1.34965 17.5514 -3.30957
    endloop
  endfacet
  facet normal -0.742587 0.0389093 -0.668619
    outer loop
      vertex 1.07878 17.8859 -2.98927
      vertex 1.23094 17.5 -3.18072
      vertex 1.05856 17.5 -2.98927
    endloop
  endfacet
  facet normal -0.808284 0.0423516 -0.587268
    outer loop
      vertex 1.05856 17.5 -2.98927
      vertex 0.766315 17.5 -2.58704
      vertex 1.07878 17.8859 -2.98927
    endloop
  endfacet
  facet normal -0.668716 0.0350392 -0.742692
    outer loop
      vertex 1.53229 17.6142 -3.48037
      vertex 1.40964 17.8511 -3.35876
      vertex 1.7771 17.8125 -3.69144
    endloop
  endfacet
  facet normal -0.668708 0.0350469 -0.742699
    outer loop
      vertex 1.40964 17.8511 -3.35876
      vertex 1.53229 17.6142 -3.48037
      vertex 1.39496 17.571 -3.35876
    endloop
  endfacet
  facet normal -0.467406 0.179384 -0.865652
    outer loop
      vertex 2.48985 18.3312 -4.08521
      vertex 2.38663 18.5522 -3.98368
      vertex 2.47815 18.5115 -4.04153
    endloop
  endfacet
  facet normal -0.467355 0.179418 -0.865672
    outer loop
      vertex 2.38663 18.5522 -3.98368
      vertex 2.48985 18.3312 -4.08521
      vertex 2.28958 18.2994 -3.98368
    endloop
  endfacet
  facet normal -0.91877 0.246213 -0.308611
    outer loop
      vertex 0.412397 18.422 -1.70225
      vertex 0.262114 18.4539 -1.22939
      vertex 0.532533 18.8703 -1.70225
    endloop
  endfacet
  facet normal -0.918769 0.246176 -0.308643
    outer loop
      vertex 0.532533 18.8703 -1.70225
      vertex 0.262114 18.4539 -1.22939
      vertex 0.386412 18.9178 -1.22939
    endloop
  endfacet
  facet normal -0.855675 0.13551 -0.499458
    outer loop
      vertex 0.788137 17.9164 -2.58704
      vertex 0.610204 18.3799 -2.15645
      vertex 0.853368 18.3283 -2.58704
    endloop
  endfacet
  facet normal -0.888017 0.340827 -0.308648
    outer loop
      vertex 0.532533 18.8703 -1.70225
      vertex 0.386412 18.9178 -1.22939
      vertex 0.698875 19.3037 -1.70225
    endloop
  endfacet
  facet normal -0.678879 0.440747 -0.587253
    outer loop
      vertex 1.55312 19.3457 -2.98927
      vertex 1.30003 19.4918 -2.58704
      vertex 1.52713 19.8416 -2.58704
    endloop
  endfacet
  facet normal -0.561574 0.364723 -0.742706
    outer loop
      vertex 2.16121 18.9946 -3.69144
      vertex 2.03271 19.4742 -3.35876
      vertex 2.33163 19.257 -3.69144
    endloop
  endfacet
  facet normal -0.561547 0.364739 -0.742718
    outer loop
      vertex 2.16121 18.9946 -3.69144
      vertex 1.84123 19.1794 -3.35876
      vertex 2.03271 19.4742 -3.35876
    endloop
  endfacet
  facet normal -0.57788 0.467923 -0.668657
    outer loop
      vertex 2.03271 19.4742 -3.35876
      vertex 1.76356 19.6698 -2.98927
      vertex 2.00672 19.9701 -2.98927
    endloop
  endfacet
  facet normal -0.62363 0.405064 -0.668587
    outer loop
      vertex 1.84123 19.1794 -3.35876
      vertex 1.55312 19.3457 -2.98927
      vertex 2.03271 19.4742 -3.35876
    endloop
  endfacet
  facet normal 0.030829 0.587443 -0.808678
    outer loop
      vertex 12.8125 20.4729 -3.69144
      vertex 12.5 20.087 -3.98368
      vertex 12.5 20.4893 -3.69144
    endloop
  endfacet
  facet normal -0.207911 0 -0.978148
    outer loop
      vertex 4.00694 3.25 -4.69152
      vertex 3.71751 12.3127 -4.63
      vertex 4.00694 12.4743 -4.69152
    endloop
  endfacet
  facet normal -0.207907 -0 -0.978149
    outer loop
      vertex 3.52061 12.2164 -4.58815
      vertex 4.00694 3.25 -4.69152
      vertex 3.52061 3.25 -4.58815
    endloop
  endfacet
  facet normal -0.207901 3.46772e-07 -0.97815
    outer loop
      vertex 4.00694 3.25 -4.69152
      vertex 3.52061 12.2164 -4.58815
      vertex 3.71751 12.3127 -4.63
    endloop
  endfacet
  facet normal -0.309019 0 -0.951056
    outer loop
      vertex 3.52061 3.25 -4.58815
      vertex 3.10648 11.9864 -4.45359
      vertex 3.52061 12.2164 -4.58815
    endloop
  endfacet
  facet normal -0.309014 -0 -0.951057
    outer loop
      vertex 3.04775 11.9573 -4.43451
      vertex 3.52061 3.25 -4.58815
      vertex 3.04775 3.25 -4.43451
    endloop
  endfacet
  facet normal -0.308981 2.0074e-06 -0.951068
    outer loop
      vertex 3.52061 3.25 -4.58815
      vertex 3.04775 11.9573 -4.43451
      vertex 3.10648 11.9864 -4.45359
    endloop
  endfacet
  facet normal 0.0944876 0.185496 -0.978092
    outer loop
      vertex 12.8715 18.1435 -4.69152
      vertex 12.8022 18.1788 -4.69152
      vertex 13 18.6231 -4.58815
    endloop
  endfacet
  facet normal -0.814153 -0.414836 -0.406283
    outer loop
      vertex 1.08474 1.13386 -2.15645
      vertex 0.698875 1.44632 -1.70225
      vertex 0.883618 1.52858 -2.15645
    endloop
  endfacet
  facet normal -0.853056 -0.327462 -0.406282
    outer loop
      vertex 0.883618 1.52858 -2.15645
      vertex 0.698875 1.44632 -1.70225
      vertex 0.724861 1.94215 -2.15645
    endloop
  endfacet
  facet normal -0.797728 -0.518048 -0.308636
    outer loop
      vertex 1.16241 0.643461 -1.70225
      vertex 0.776547 0.955926 -1.22939
      vertex 0.909604 1.03275 -1.70225
    endloop
  endfacet
  facet normal -0.913233 -0.35056 -0.207637
    outer loop
      vertex 0.464083 1.34179 -0.743063
      vertex 0.288099 1.80024 -0.743063
      vertex 0.386412 1.83218 -1.22939
    endloop
  endfacet
  facet normal -0.440824 -0.678822 -0.58726
    outer loop
      vertex 2.90428 0.0531158 -2.98927
      vertex 2.40845 0.0271301 -2.58704
      vertex 2.58022 0.263559 -2.98927
    endloop
  endfacet
  facet normal -0.612587 -0.612587 -0.499475
    outer loop
      vertex 2.08439 0.289544 -2.58704
      vertex 1.6048 0.418051 -2.15645
      vertex 1.78954 0.584394 -2.58704
    endloop
  endfacet
  facet normal -0.612586 -0.612588 -0.499474
    outer loop
      vertex 1.6048 0.418051 -2.15645
      vertex 2.08439 0.289544 -2.58704
      vertex 1.91805 0.104802 -2.15645
    endloop
  endfacet
  facet normal -0.471883 -0.726559 -0.499439
    outer loop
      vertex 2.42227 0 -2.56063
      vertex 2.38874 0 -2.52895
      vertex 2.40845 0.0271301 -2.58704
    endloop
  endfacet
  facet normal -0.59665 -0.304007 -0.74269
    outer loop
      vertex 2.16121 1.75536 -3.69144
      vertex 1.84123 1.57062 -3.35876
      vertex 2.01916 2.03415 -3.69144
    endloop
  endfacet
  facet normal -0.625157 -0.239974 -0.742692
    outer loop
      vertex 2.01916 2.03415 -3.69144
      vertex 1.68162 1.88387 -3.35876
      vertex 1.90703 2.32626 -3.69144
    endloop
  endfacet
  facet normal -0.694217 -0.266483 -0.668617
    outer loop
      vertex 1.3777 1.74855 -2.98927
      vertex 1.23923 2.10928 -2.98927
      vertex 1.55563 2.21209 -3.35876
    endloop
  endfacet
  facet normal -0.581065 -0.092037 -0.808637
    outer loop
      vertex 1.82605 2.6285 -3.69144
      vertex 1.7771 2.93754 -3.69144
      vertex 2.2195 2.71212 -3.98368
    endloop
  endfacet
  facet normal -0.587789 -0 -0.809014
    outer loop
      vertex 1.76073 11.1631 -3.69144
      vertex 2.16296 3.25 -3.98368
      vertex 1.76073 3.25 -3.69144
    endloop
  endfacet
  facet normal -0.587789 0 -0.809014
    outer loop
      vertex 2.16296 3.25 -3.98368
      vertex 1.76073 11.1631 -3.69144
      vertex 2.16296 11.437 -3.98368
    endloop
  endfacet
  facet normal -0.808284 -0.0423582 -0.587267
    outer loop
      vertex 0.788137 2.83359 -2.58704
      vertex 0.766315 3.25 -2.58704
      vertex 1.07878 2.86414 -2.98927
    endloop
  endfacet
  facet normal -0.808951 0 -0.587876
    outer loop
      vertex 1.01487 17.3965 -2.92915
      vertex 1.05856 17.5 -2.98927
      vertex 1.05856 17.4229 -2.98927
    endloop
  endfacet
  facet normal -0.80901 7.1111e-05 -0.587796
    outer loop
      vertex 1.05856 17.5 -2.98927
      vertex 1.01487 17.3965 -2.92915
      vertex 0.766315 17.5 -2.58704
    endloop
  endfacet
  facet normal -0.80902 -0 -0.587781
    outer loop
      vertex 0.766315 17.5 -2.58704
      vertex 1.01487 17.3965 -2.92915
      vertex 0.766315 17.2358 -2.58704
    endloop
  endfacet
  facet normal -0.808951 0 -0.587876
    outer loop
      vertex 1.05856 3.25 -2.98927
      vertex 1.01487 10.5594 -2.92915
      vertex 1.05856 10.6039 -2.98927
    endloop
  endfacet
  facet normal -0.809019 -1.17703e-06 -0.587782
    outer loop
      vertex 1.05856 3.25 -2.98927
      vertex 0.766315 10.317 -2.58704
      vertex 1.01487 10.5594 -2.92915
    endloop
  endfacet
  facet normal -0.80901 -0 -0.587796
    outer loop
      vertex 0.766315 10.317 -2.58704
      vertex 1.05856 3.25 -2.98927
      vertex 0.766315 3.25 -2.58704
    endloop
  endfacet
  facet normal -0.393331 -0.105391 -0.913336
    outer loop
      vertex 2.69909 2.58362 -4.23228
      vertex 2.64067 2.80165 -4.23228
      vertex 3.13107 2.72398 -4.43451
    endloop
  endfacet
  facet normal -0.661385 -0.104758 -0.742695
    outer loop
      vertex 1.46464 2.55167 -3.35876
      vertex 1.40964 2.89891 -3.35876
      vertex 1.82605 2.6285 -3.69144
    endloop
  endfacet
  facet normal -0.577886 -0.467965 -0.668623
    outer loop
      vertex 2.25396 1.00255 -3.35876
      vertex 2.00672 0.779942 -2.98927
      vertex 2.03271 1.27577 -3.35876
    endloop
  endfacet
  facet normal -0.545194 -0.67326 -0.499485
    outer loop
      vertex 1.91805 0.104802 -2.15645
      vertex 2.19554 0 -2.31807
      vertex 2.04747 0 -2.15645
    endloop
  endfacet
  facet normal -0.545191 -0.67327 -0.499474
    outer loop
      vertex 2.19554 0 -2.31807
      vertex 1.91805 0.104802 -2.15645
      vertex 2.08439 0.289544 -2.58704
    endloop
  endfacet
  facet normal -0.721171 -0.367467 -0.587265
    outer loop
      vertex 1.30003 1.25816 -2.58704
      vertex 1.11072 1.62969 -2.58704
      vertex 1.3777 1.74855 -2.98927
    endloop
  endfacet
  facet normal -0.721171 -0.367467 -0.587265
    outer loop
      vertex 1.55312 1.40428 -2.98927
      vertex 1.30003 1.25816 -2.58704
      vertex 1.3777 1.74855 -2.98927
    endloop
  endfacet
  facet normal -0.766336 -0.497662 -0.406278
    outer loop
      vertex 1.16241 0.643461 -1.70225
      vertex 0.909604 1.03275 -1.70225
      vertex 1.08474 1.13386 -2.15645
    endloop
  endfacet
  facet normal -0.766343 -0.497656 -0.406271
    outer loop
      vertex 1.16241 0.643461 -1.70225
      vertex 1.08474 1.13386 -2.15645
      vertex 1.32601 0.762327 -2.15645
    endloop
  endfacet
  facet normal -0.691696 -0.691696 -0.207639
    outer loop
      vertex 1.34034 0.17993 -1.22939
      vertex 1.37428 0 -0.743063
      vertex 1.26352 0.11076 -0.743063
    endloop
  endfacet
  facet normal -0.691696 -0.691696 -0.207639
    outer loop
      vertex 1.37428 0 -0.743063
      vertex 1.34034 0.17993 -1.22939
      vertex 1.52027 0 -1.22939
    endloop
  endfacet
  facet normal -0.871589 -0.444093 -0.207639
    outer loop
      vertex 0.687024 0.90424 -0.743063
      vertex 0.464083 1.34179 -0.743063
      vertex 0.776547 0.955926 -1.22939
    endloop
  endfacet
  facet normal -0.847509 -0.431829 -0.30863
    outer loop
      vertex 0.776547 0.955926 -1.22939
      vertex 0.558518 1.38383 -1.22939
      vertex 0.698875 1.44632 -1.70225
    endloop
  endfacet
  facet normal -0.691696 -0.691696 0.207639
    outer loop
      vertex 1.52027 0 1.22939
      vertex 1.26352 0.11076 0.743063
      vertex 1.37428 0 0.743063
    endloop
  endfacet
  facet normal -0.691696 -0.691696 0.207639
    outer loop
      vertex 1.26352 0.11076 0.743063
      vertex 1.52027 0 1.22939
      vertex 1.34034 0.17993 1.22939
    endloop
  endfacet
  facet normal -0.88614 -0.451507 -0.104387
    outer loop
      vertex 0.642016 0.878254 -0.248595
      vertex 0.416606 1.32065 -0.248595
      vertex 0.464083 1.34179 -0.743063
    endloop
  endfacet
  facet normal -0.891008 -0.453987 0
    outer loop
      vertex 0.642016 0.878254 -0.248595
      vertex 0.416606 1.32065 0.248595
      vertex 0.416606 1.32065 -0.248595
    endloop
  endfacet
  facet normal -0.891008 -0.453987 0
    outer loop
      vertex 0.416606 1.32065 0.248595
      vertex 0.642016 0.878254 -0.248595
      vertex 0.642016 0.878254 0.248595
    endloop
  endfacet
  facet normal -0.933579 -0.358371 0
    outer loop
      vertex 0.416606 1.32065 -0.248595
      vertex 0.238672 1.78418 0.248595
      vertex 0.238672 1.78418 -0.248595
    endloop
  endfacet
  facet normal -0.933579 -0.358371 0
    outer loop
      vertex 0.238672 1.78418 0.248595
      vertex 0.416606 1.32065 -0.248595
      vertex 0.416606 1.32065 0.248595
    endloop
  endfacet
  facet normal 0.0270644 0.101121 -0.994506
    outer loop
      vertex 12.7296 18.2067 -4.69152
      vertex 12.5517 17.7432 -4.74349
      vertex 12.6545 18.2268 -4.69152
    endloop
  endfacet
  facet normal 0.0273643 0.101007 -0.994509
    outer loop
      vertex 12.5768 17.7364 -4.74349
      vertex 12.5517 17.7432 -4.74349
      vertex 12.7296 18.2067 -4.69152
    endloop
  endfacet
  facet normal 0.0375173 -0.0977139 -0.994507
    outer loop
      vertex 12.7296 2.5433 -4.69152
      vertex 12.5768 3.01357 -4.74349
      vertex 12.6011 3.0229 -4.74349
    endloop
  endfacet
  facet normal 0.0271067 -0.101096 -0.994507
    outer loop
      vertex 12.7296 2.5433 -4.69152
      vertex 12.5517 3.00684 -4.74349
      vertex 12.5768 3.01357 -4.74349
    endloop
  endfacet
  facet normal 0.205593 -0.0326508 -0.978093
    outer loop
      vertex 13.7227 3.12149 -4.58815
      vertex 13.2268 3.09551 -4.69152
      vertex 13.239 3.17233 -4.69152
    endloop
  endfacet
  facet normal 0.103384 -0.0164187 -0.994506
    outer loop
      vertex 13.2268 3.09551 -4.69152
      vertex 12.7432 3.19831 -4.74349
      vertex 13.239 3.17233 -4.69152
    endloop
  endfacet
  facet normal 0.185494 -0.0944868 -0.978092
    outer loop
      vertex 13.6231 2.74996 -4.58815
      vertex 13.1435 2.87847 -4.69152
      vertex 13.1788 2.94777 -4.69152
    endloop
  endfacet
  facet normal 0.101016 -0.0273343 -0.994509
    outer loop
      vertex 13.2067 3.02038 -4.69152
      vertex 12.7364 3.17318 -4.74349
      vertex 12.7432 3.19831 -4.74349
    endloop
  endfacet
  facet normal 0.305611 -0.0485746 -0.950917
    outer loop
      vertex 14.1929 3.07207 -4.43451
      vertex 13.7025 2.9944 -4.58815
      vertex 13.7227 3.12149 -4.58815
    endloop
  endfacet
  facet normal 0.309023 -0.0161113 -0.950918
    outer loop
      vertex 14.1929 3.07207 -4.43451
      vertex 13.7227 3.12149 -4.58815
      vertex 13.7294 3.25 -4.58815
    endloop
  endfacet
  facet normal 0.415914 -0.416008 -0.808674
    outer loop
      vertex 14.5002 1.02854 -3.69144
      vertex 14.4225 1.51894 -3.98368
      vertex 14.7215 1.24979 -3.69144
    endloop
  endfacet
  facet normal 0.416111 -0.415938 -0.808608
    outer loop
      vertex 14.4225 1.51894 -3.98368
      vertex 14.5002 1.02854 -3.69144
      vertex 14.2311 1.32746 -3.98368
    endloop
  endfacet
  facet normal 0.389003 -0.314893 -0.865748
    outer loop
      vertex 14.593 1.72938 -3.98368
      vertex 14.1026 1.80705 -4.23228
      vertex 14.2446 1.98247 -4.23228
    endloop
  endfacet
  facet normal 0.493438 -0.320267 -0.808671
    outer loop
      vertex 15.0888 1.75536 -3.69144
      vertex 14.593 1.72938 -3.98368
      vertex 14.7404 1.95648 -3.98368
    endloop
  endfacet
  facet normal 0.44594 -0.227271 -0.865728
    outer loop
      vertex 14.7404 1.95648 -3.98368
      vertex 14.3675 2.17177 -4.23228
      vertex 14.47 2.37289 -4.23228
    endloop
  endfacet
  facet normal 0.140425 -0.275706 -0.95093
    outer loop
      vertex 13.3511 1.77581 -4.43451
      vertex 13 2.1269 -4.58815
      vertex 13.1147 2.18532 -4.58815
    endloop
  endfacet
  facet normal 0.094481 -0.185501 -0.978091
    outer loop
      vertex 13 2.1269 -4.58815
      vertex 12.8715 2.60649 -4.69152
      vertex 13.1147 2.18532 -4.58815
    endloop
  endfacet
  facet normal 0.0375236 -0.0977122 -0.994507
    outer loop
      vertex 12.7296 2.5433 -4.69152
      vertex 12.6011 3.0229 -4.74349
      vertex 12.8022 2.57118 -4.69152
    endloop
  endfacet
  facet normal 0.0475193 -0.0932622 -0.994507
    outer loop
      vertex 12.8022 2.57118 -4.69152
      vertex 12.6011 3.0229 -4.74349
      vertex 12.8715 2.60649 -4.69152
    endloop
  endfacet
  facet normal -0.027077 -0.101106 -0.994507
    outer loop
      vertex 4.69831 3.00684 -4.74349
      vertex 4.52038 2.5433 -4.69152
      vertex 4.67318 3.01357 -4.74349
    endloop
  endfacet
  facet normal 0.00547524 -0.104527 -0.994507
    outer loop
      vertex 12.5777 2.51101 -4.69152
      vertex 12.5 2.50694 -4.69152
      vertex 12.5 3.0014 -4.74349
    endloop
  endfacet
  facet normal 0.00550751 -0.104522 -0.994507
    outer loop
      vertex 12.5777 2.51101 -4.69152
      vertex 12.5 3.0014 -4.74349
      vertex 12.526 3.00277 -4.74349
    endloop
  endfacet
  facet normal 0.0213267 -0.406648 -0.913336
    outer loop
      vertex 12.7254 1.10536 -4.23228
      vertex 12.5 1.54775 -4.43451
      vertex 12.6779 1.55708 -4.43451
    endloop
  endfacet
  facet normal 0.0538992 -0.201085 -0.97809
    outer loop
      vertex 12.7556 2.04747 -4.58815
      vertex 12.6545 2.52317 -4.69152
      vertex 12.7296 2.5433 -4.69152
    endloop
  endfacet
  facet normal 0.0920162 -0.581061 -0.808642
    outer loop
      vertex 12.8125 0.277103 -3.69144
      vertex 12.7704 0.677136 -3.98368
      vertex 13.0379 0.719497 -3.98368
    endloop
  endfacet
  facet normal 0.0307917 -0.587501 -0.808637
    outer loop
      vertex 12.8125 0.277103 -3.69144
      vertex 12.5 0.662964 -3.98368
      vertex 12.7704 0.677136 -3.98368
    endloop
  endfacet
  facet normal 0.0162042 -0.308974 -0.950933
    outer loop
      vertex 12.6779 1.55708 -4.43451
      vertex 12.5 1.54775 -4.43451
      vertex 12.5 2.02061 -4.58815
    endloop
  endfacet
  facet normal 0.0161824 -0.308981 -0.95093
    outer loop
      vertex 12.6779 1.55708 -4.43451
      vertex 12.5 2.02061 -4.58815
      vertex 12.6285 2.02734 -4.58815
    endloop
  endfacet
  facet normal 0.227217 -0.445988 -0.865718
    outer loop
      vertex 13.5522 0.886625 -3.98368
      vertex 13.3771 1.27998 -4.23228
      vertex 13.7935 1.00956 -3.98368
    endloop
  endfacet
  facet normal 0.179378 -0.467284 -0.865719
    outer loop
      vertex 13.5522 0.886625 -3.98368
      vertex 13.2994 0.789582 -3.98368
      vertex 13.3771 1.27998 -4.23228
    endloop
  endfacet
  facet normal -0.287942 -0.287942 -0.913334
    outer loop
      vertex 3.30705 1.64744 -4.23228
      vertex 3.48498 2.11097 -4.43451
      vertex 3.61097 1.98498 -4.43451
    endloop
  endfacet
  facet normal -0.287942 -0.287942 -0.913334
    outer loop
      vertex 3.48498 2.11097 -4.43451
      vertex 3.30705 1.64744 -4.23228
      vertex 3.14744 1.80705 -4.23228
    endloop
  endfacet
  facet normal -0.493394 -0.320431 -0.808633
    outer loop
      vertex 2.33163 1.49295 -3.69144
      vertex 2.16121 1.75536 -3.69144
      vertex 2.65704 1.72938 -3.98368
    endloop
  endfacet
  facet normal -0.457197 -0.37025 -0.808632
    outer loop
      vertex 2.82746 1.51894 -3.98368
      vertex 2.33163 1.49295 -3.69144
      vertex 2.65704 1.72938 -3.98368
    endloop
  endfacet
  facet normal -0.0877835 -0.057007 -0.994507
    outer loop
      vertex 4.54888 3.10388 -4.74349
      vertex 4.14885 2.81324 -4.69152
      vertex 4.53471 3.1257 -4.74349
    endloop
  endfacet
  facet normal 0.2011 -0.0538747 -0.978088
    outer loop
      vertex 13.6692 2.8701 -4.58815
      vertex 13.2067 3.02038 -4.69152
      vertex 13.7025 2.9944 -4.58815
    endloop
  endfacet
  facet normal -0.179374 -0.467276 -0.865724
    outer loop
      vertex 3.95056 0.789582 -3.98368
      vertex 3.69776 0.886625 -3.98368
      vertex 3.87289 1.27998 -4.23228
    endloop
  endfacet
  facet normal -0.104755 -0.661384 -0.742696
    outer loop
      vertex 4.34023 0 -3.43095
      vertex 4.05919 0 -3.39131
      vertex 4.1285 0.326051 -3.69144
    endloop
  endfacet
  facet normal -0.629021 -0.509364 -0.587266
    outer loop
      vertex 1.78954 0.584394 -2.58704
      vertex 1.52713 0.908448 -2.58704
      vertex 2.00672 0.779942 -2.98927
    endloop
  endfacet
  facet normal -0.520395 -0.421414 -0.742697
    outer loop
      vertex 2.52854 1.24979 -3.69144
      vertex 2.25396 1.00255 -3.35876
      vertex 2.33163 1.49295 -3.69144
    endloop
  endfacet
  facet normal -0.320422 -0.493398 -0.808633
    outer loop
      vertex 3.25536 0.661214 -3.69144
      vertex 2.99295 0.831628 -3.69144
      vertex 3.22938 1.15704 -3.98368
    endloop
  endfacet
  facet normal -0.364711 -0.561595 -0.742696
    outer loop
      vertex 3.25536 0.661214 -3.69144
      vertex 2.77577 0.532708 -3.35876
      vertex 2.99295 0.831628 -3.69144
    endloop
  endfacet
  facet normal -0.131013 -0.161784 -0.978091
    outer loop
      vertex 4.02738 2.2554 -4.58815
      vertex 3.92738 2.33638 -4.58815
      vertex 4.31324 2.64885 -4.69152
    endloop
  endfacet
  facet normal -0.131009 -0.161788 -0.978091
    outer loop
      vertex 4.31324 2.64885 -4.69152
      vertex 3.92738 2.33638 -4.58815
      vertex 4.25279 2.6978 -4.69152
    endloop
  endfacet
  facet normal -0.0658688 -0.0813436 -0.994507
    outer loop
      vertex 4.31324 2.64885 -4.69152
      vertex 4.25279 2.6978 -4.69152
      vertex 4.58366 3.06526 -4.74349
    endloop
  endfacet
  facet normal 0.913563 0 -0.406698
    outer loop
      vertex 16.9345 3.25 -1.70225
      vertex 16.7323 17.5 -2.15645
      vertex 16.9345 17.5 -1.70225
    endloop
  endfacet
  facet normal 0.913563 0 -0.406698
    outer loop
      vertex 16.7323 17.5 -2.15645
      vertex 16.9345 3.25 -1.70225
      vertex 16.7323 3.25 -2.15645
    endloop
  endfacet
  facet normal 0.734518 0.11626 -0.668555
    outer loop
      vertex 16.1712 17.8859 -2.98927
      vertex 15.8404 17.8511 -3.35876
      vertex 16.1108 18.2675 -2.98927
    endloop
  endfacet
  facet normal 0.982305 0.155548 -0.104316
    outer loop
      vertex 17.1658 17.9904 -0.743063
      vertex 17.089 18.4754 -0.743063
      vertex 17.1398 18.4862 -0.248595
    endloop
  endfacet
  facet normal 0.939472 0.148758 -0.308646
    outer loop
      vertex 16.9102 17.9635 -1.70225
      vertex 16.8376 18.422 -1.70225
      vertex 17.063 17.9796 -1.22939
    endloop
  endfacet
  facet normal 0.939472 0.148755 -0.308649
    outer loop
      vertex 17.063 17.9796 -1.22939
      vertex 16.8376 18.422 -1.70225
      vertex 16.9879 18.4539 -1.22939
    endloop
  endfacet
  facet normal 0.93362 0.358264 0
    outer loop
      vertex 17.0113 18.9658 0.248595
      vertex 16.8334 19.4294 -0.248595
      vertex 16.8334 19.4294 0.248595
    endloop
  endfacet
  facet normal 0.93362 0.358264 0
    outer loop
      vertex 16.8334 19.4294 -0.248595
      vertex 17.0113 18.9658 0.248595
      vertex 17.0113 18.9658 -0.248595
    endloop
  endfacet
  facet normal 0.96593 0.258803 0
    outer loop
      vertex 17.1398 18.4862 0.248595
      vertex 17.0113 18.9658 -0.248595
      vertex 17.0113 18.9658 0.248595
    endloop
  endfacet
  facet normal 0.96593 0.258803 0
    outer loop
      vertex 17.0113 18.9658 -0.248595
      vertex 17.1398 18.4862 0.248595
      vertex 17.1398 18.4862 -0.248595
    endloop
  endfacet
  facet normal 0.866026 0 -0.499998
    outer loop
      vertex 16.7323 3.25 -2.15645
      vertex 16.4837 17.5 -2.58704
      vertex 16.7323 17.5 -2.15645
    endloop
  endfacet
  facet normal 0.866026 0 -0.499998
    outer loop
      vertex 16.4837 17.5 -2.58704
      vertex 16.7323 3.25 -2.15645
      vertex 16.4837 3.25 -2.58704
    endloop
  endfacet
  facet normal 0.85562 0.135645 -0.499515
    outer loop
      vertex 16.4619 17.9164 -2.58704
      vertex 16.3966 18.3283 -2.58704
      vertex 16.6398 18.3799 -2.15645
    endloop
  endfacet
  facet normal -0.57232 -0.572339 0.587263
    outer loop
      vertex 1.78954 0.584394 2.58704
      vertex 2.09336 0.299505 2.60548
      vertex 2.1962 0.590466 2.98927
    endloop
  endfacet
  facet normal -0.572322 -0.572334 0.587265
    outer loop
      vertex 1.78954 0.584394 2.58704
      vertex 2.1962 0.590466 2.98927
      vertex 2.00672 0.779942 2.98927
    endloop
  endfacet
  facet normal -0.572227 -0.572227 0.587463
    outer loop
      vertex 2.09336 0.299505 2.60548
      vertex 1.78954 0.584394 2.58704
      vertex 2.08439 0.289544 2.58704
    endloop
  endfacet
  facet normal -0.629021 -0.509364 0.587266
    outer loop
      vertex 2.00672 0.779942 2.98927
      vertex 1.52713 0.908448 2.58704
      vertex 1.78954 0.584394 2.58704
    endloop
  endfacet
  facet normal -0.734445 -0.11633 0.668624
    outer loop
      vertex 1.40964 2.89891 3.35876
      vertex 1.13922 2.4825 2.98927
      vertex 1.46464 2.55167 3.35876
    endloop
  endfacet
  facet normal -0.457241 -0.370245 0.80861
    outer loop
      vertex 2.40105 1.54339 3.75379
      vertex 2.33163 1.49295 3.69144
      vertex 2.39423 1.49623 3.72834
    endloop
  endfacet
  facet normal -0.499858 -0.0261392 0.865713
    outer loop
      vertex 2.51577 3.07023 4.18194
      vertex 2.17714 2.97958 3.98368
      vertex 2.51524 3.01512 4.17997
    endloop
  endfacet
  facet normal -0.499842 -0.0262102 0.86572
    outer loop
      vertex 2.17714 2.97958 3.98368
      vertex 2.51577 3.07023 4.18194
      vertex 2.16296 3.25 3.98368
    endloop
  endfacet
  facet normal 0.42139 -0.520446 0.742675
    outer loop
      vertex 14.5002 1.02854 3.69144
      vertex 14.257 0.831628 3.69144
      vertex 14.7474 0.753957 3.35876
    endloop
  endfacet
  facet normal 0.389003 -0.314893 0.865748
    outer loop
      vertex 14.2446 1.98247 4.23228
      vertex 14.1026 1.80705 4.23228
      vertex 14.593 1.72938 3.98368
    endloop
  endfacet
  facet normal 0.0307917 -0.587501 0.808637
    outer loop
      vertex 12.7704 0.677136 3.98368
      vertex 12.5 0.662964 3.98368
      vertex 12.8125 0.277103 3.69144
    endloop
  endfacet
  facet normal 0.104501 -0.00562915 0.994509
    outer loop
      vertex 12.7486 3.25 4.74349
      vertex 12.7472 3.22401 4.74349
      vertex 13.239 3.17233 4.69152
    endloop
  endfacet
  facet normal 0.105402 -0.39332 0.91334
    outer loop
      vertex 13.026 1.63107 4.43451
      vertex 12.9484 1.14067 4.23228
      vertex 13.1664 1.19909 4.23228
    endloop
  endfacet
  facet normal 0.0162042 -0.308974 0.950933
    outer loop
      vertex 12.5 2.02061 4.58815
      vertex 12.5 1.54775 4.43451
      vertex 12.6779 1.55708 4.43451
    endloop
  endfacet
  facet normal 0.0800893 -0.298859 0.950931
    outer loop
      vertex 13.026 1.63107 4.43451
      vertex 12.7556 2.04747 4.58815
      vertex 12.8539 1.58495 4.43451
    endloop
  endfacet
  facet normal 0.0213267 -0.406648 0.913336
    outer loop
      vertex 12.6779 1.55708 4.43451
      vertex 12.5 1.54775 4.43451
      vertex 12.7254 1.10536 4.23228
    endloop
  endfacet
  facet normal 0.129574 -0.483463 0.865722
    outer loop
      vertex 13.2994 0.789582 3.98368
      vertex 12.9484 1.14067 4.23228
      vertex 13.0379 0.719497 3.98368
    endloop
  endfacet
  facet normal 0.179396 -0.467285 0.865715
    outer loop
      vertex 13.3771 1.27998 4.23228
      vertex 13.1664 1.19909 4.23228
      vertex 13.2994 0.789582 3.98368
    endloop
  endfacet
  facet normal 0.0350403 -0.668709 0.742698
    outer loop
      vertex 12.5 0.260728 3.69144
      vertex 12.5881 0 3.45253
      vertex 12.8125 0.277103 3.69144
    endloop
  endfacet
  facet normal 0.0349849 -0.66872 0.742691
    outer loop
      vertex 12.5881 0 3.45253
      vertex 12.5 0.260728 3.69144
      vertex 12.5 0 3.45668
    endloop
  endfacet
  facet normal 0.0350688 -0.668721 0.742686
    outer loop
      vertex 12.8125 0.277103 3.69144
      vertex 12.5881 0 3.45253
      vertex 12.8416 0 3.44056
    endloop
  endfacet
  facet normal -0.913234 -0.350559 0.207635
    outer loop
      vertex 0.558518 1.38383 1.22939
      vertex 0.386412 1.83218 1.22939
      vertex 0.464083 1.34179 0.743063
    endloop
  endfacet
  facet normal -0.888005 -0.340874 0.30863
    outer loop
      vertex 0.698875 1.44632 1.70225
      vertex 0.386412 1.83218 1.22939
      vertex 0.558518 1.38383 1.22939
    endloop
  endfacet
  facet normal -0.912499 -0.0478229 0.406275
    outer loop
      vertex 0.540903 2.80761 2.15645
      vertex 0.315493 3.25 1.70225
      vertex 0.339786 2.78647 1.70225
    endloop
  endfacet
  facet normal -0.912499 -0.0478227 0.406275
    outer loop
      vertex 0.517718 3.25 2.15645
      vertex 0.315493 3.25 1.70225
      vertex 0.540903 2.80761 2.15645
    endloop
  endfacet
  facet normal -0.966162 -0.153025 0.207639
    outer loop
      vertex 0.186986 2.77041 1.22939
      vertex 0.0841808 2.7596 0.743063
      vertex 0.262114 2.29607 1.22939
    endloop
  endfacet
  facet normal -0.939471 -0.148797 0.308631
    outer loop
      vertex 0.412397 2.32801 1.70225
      vertex 0.186986 2.77041 1.22939
      vertex 0.262114 2.29607 1.22939
    endloop
  endfacet
  facet normal -0.561589 -0.36472 0.742696
    outer loop
      vertex 2.16121 1.75536 3.69144
      vertex 2.03271 1.27577 3.35876
      vertex 2.33163 1.49295 3.69144
    endloop
  endfacet
  facet normal -0.662557 -0.337592 0.668617
    outer loop
      vertex 1.68162 1.88387 3.35876
      vertex 1.3777 1.74855 2.98927
      vertex 1.84123 1.57062 3.35876
    endloop
  endfacet
  facet normal -0.755634 -0.290062 0.587266
    outer loop
      vertex 1.3777 1.74855 2.98927
      vertex 0.961289 2.01897 2.58704
      vertex 1.11072 1.62969 2.58704
    endloop
  endfacet
  facet normal -0.771897 -0.393314 0.499479
    outer loop
      vertex 1.11072 1.62969 2.58704
      vertex 1.08474 1.13386 2.15645
      vertex 1.30003 1.25816 2.58704
    endloop
  endfacet
  facet normal -0.726567 -0.471827 0.499479
    outer loop
      vertex 1.30003 1.25816 2.58704
      vertex 1.08474 1.13386 2.15645
      vertex 1.52713 0.908448 2.58704
    endloop
  endfacet
  facet normal -0.678821 -0.44082 0.587265
    outer loop
      vertex 1.55312 1.40428 2.98927
      vertex 1.30003 1.25816 2.58704
      vertex 1.52713 0.908448 2.58704
    endloop
  endfacet
  facet normal -0.766343 -0.497656 0.406271
    outer loop
      vertex 1.32601 0.762327 2.15645
      vertex 1.08474 1.13386 2.15645
      vertex 1.16241 0.643461 1.70225
    endloop
  endfacet
  facet normal -0.710118 -0.575044 0.406272
    outer loop
      vertex 1.32601 0.762327 2.15645
      vertex 1.16241 0.643461 1.70225
      vertex 1.6048 0.418051 2.15645
    endloop
  endfacet
  facet normal -0.623642 -0.405003 0.668613
    outer loop
      vertex 1.84123 1.57062 3.35876
      vertex 1.55312 1.40428 2.98927
      vertex 2.03271 1.27577 3.35876
    endloop
  endfacet
  facet normal -0.623644 -0.404986 0.668621
    outer loop
      vertex 2.03271 1.27577 3.35876
      vertex 1.55312 1.40428 2.98927
      vertex 1.76356 1.08022 2.98927
    endloop
  endfacet
  facet normal -0.718266 -0.19247 0.668617
    outer loop
      vertex 1.55563 2.21209 3.35876
      vertex 1.13922 2.4825 2.98927
      vertex 1.23923 2.10928 2.98927
    endloop
  endfacet
  facet normal -0.694217 -0.266483 0.668617
    outer loop
      vertex 1.55563 2.21209 3.35876
      vertex 1.23923 2.10928 2.98927
      vertex 1.3777 1.74855 2.98927
    endloop
  endfacet
  facet normal -0.227227 -0.44597 -0.865724
    outer loop
      vertex 3.69776 0.886625 -3.98368
      vertex 3.45648 1.00956 -3.98368
      vertex 3.87289 1.27998 -4.23228
    endloop
  endfacet
  facet normal 0 -0.406741 -0.913543
    outer loop
      vertex 4.75 1.09354 -4.23228
      vertex 12.5 1.54775 -4.43451
      vertex 12.5 1.09354 -4.23228
    endloop
  endfacet
  facet normal -0 -0.406741 -0.913543
    outer loop
      vertex 12.5 1.54775 -4.43451
      vertex 4.75 1.09354 -4.23228
      vertex 4.75 1.54775 -4.43451
    endloop
  endfacet
  facet normal -0.0213238 -0.406649 -0.913336
    outer loop
      vertex 4.75 1.09354 -4.23228
      vertex 4.52459 1.10536 -4.23228
      vertex 4.75 1.54775 -4.43451
    endloop
  endfacet
  facet normal 0.0636837 -0.402194 -0.913337
    outer loop
      vertex 12.7254 1.10536 -4.23228
      vertex 12.6779 1.55708 -4.43451
      vertex 12.9484 1.14067 -4.23228
    endloop
  endfacet
  facet normal 0.063688 -0.402192 -0.913338
    outer loop
      vertex 12.9484 1.14067 -4.23228
      vertex 12.6779 1.55708 -4.43451
      vertex 12.8539 1.58495 -4.43451
    endloop
  endfacet
  facet normal -0.0746098 -0.194354 -0.97809
    outer loop
      vertex 4.3701 2.08078 -4.58815
      vertex 4.24996 2.1269 -4.58815
      vertex 4.52038 2.5433 -4.69152
    endloop
  endfacet
  facet normal -0.0483941 -0.305593 -0.950932
    outer loop
      vertex 4.57207 1.55708 -4.43451
      vertex 4.39608 1.58495 -4.43451
      vertex 4.4944 2.04747 -4.58815
    endloop
  endfacet
  facet normal -0.184874 -0.362824 -0.913335
    outer loop
      vertex 4.05763 1.69492 -4.43451
      vertex 3.87289 1.27998 -4.23228
      vertex 3.89888 1.77581 -4.43451
    endloop
  endfacet
  facet normal -0.256266 -0.316465 -0.913333
    outer loop
      vertex 3.74944 1.87285 -4.43451
      vertex 3.48247 1.50539 -4.23228
      vertex 3.61097 1.98498 -4.43451
    endloop
  endfacet
  facet normal -0.145927 -0.38016 -0.913336
    outer loop
      vertex 4.08362 1.19909 -4.23228
      vertex 3.87289 1.27998 -4.23228
      vertex 4.22398 1.63107 -4.43451
    endloop
  endfacet
  facet normal -0.140467 -0.275673 -0.950933
    outer loop
      vertex 4.05763 1.69492 -4.43451
      vertex 3.89888 1.77581 -4.43451
      vertex 4.24996 2.1269 -4.58815
    endloop
  endfacet
  facet normal -0.0538786 -0.201088 -0.97809
    outer loop
      vertex 4.59551 2.52317 -4.69152
      vertex 4.4944 2.04747 -4.58815
      vertex 4.52038 2.5433 -4.69152
    endloop
  endfacet
  facet normal -0.0163719 -0.103381 -0.994507
    outer loop
      vertex 4.72401 3.00277 -4.74349
      vertex 4.67233 2.51101 -4.69152
      vertex 4.69831 3.00684 -4.74349
    endloop
  endfacet
  facet normal 0 -0.309014 -0.951057
    outer loop
      vertex 4.75 1.54775 -4.43451
      vertex 12.5 2.02061 -4.58815
      vertex 12.5 1.54775 -4.43451
    endloop
  endfacet
  facet normal -0 -0.309014 -0.951057
    outer loop
      vertex 12.5 2.02061 -4.58815
      vertex 4.75 1.54775 -4.43451
      vertex 4.75 2.02061 -4.58815
    endloop
  endfacet
  facet normal -0.0162015 -0.308974 -0.950933
    outer loop
      vertex 4.75 1.54775 -4.43451
      vertex 4.57207 1.55708 -4.43451
      vertex 4.75 2.02061 -4.58815
    endloop
  endfacet
  facet normal -0.834089 -0.541663 0.104388
    outer loop
      vertex 0.687024 0.90424 0.743063
      vertex 0.642016 0.878254 0.248595
      vertex 0.95448 0.492393 0.743063
    endloop
  endfacet
  facet normal -0.820393 -0.532768 0.20764
    outer loop
      vertex 1.03811 0.553154 1.22939
      vertex 0.687024 0.90424 0.743063
      vertex 0.95448 0.492393 0.743063
    endloop
  endfacet
  facet normal -0.766336 -0.497662 0.406278
    outer loop
      vertex 1.08474 1.13386 2.15645
      vertex 0.909604 1.03275 1.70225
      vertex 1.16241 0.643461 1.70225
    endloop
  endfacet
  facet normal -0.814153 -0.414841 0.406279
    outer loop
      vertex 1.08474 1.13386 2.15645
      vertex 0.698875 1.44632 1.70225
      vertex 0.909604 1.03275 1.70225
    endloop
  endfacet
  facet normal -0.473505 -0.473471 0.74271
    outer loop
      vertex 2.31503 1.05754 3.43275
      vertex 2.25396 1.00255 3.35876
      vertex 2.2952 0.961307 3.35876
    endloop
  endfacet
  facet normal 0.207919 0 0.978146
    outer loop
      vertex 13.2431 17.5 4.69152
      vertex 13.7294 3.25 4.58815
      vertex 13.7294 17.5 4.58815
    endloop
  endfacet
  facet normal 0.207919 0 0.978146
    outer loop
      vertex 13.7294 3.25 4.58815
      vertex 13.2431 17.5 4.69152
      vertex 13.2431 3.25 4.69152
    endloop
  endfacet
  facet normal 0.04751 0.0932704 0.994507
    outer loop
      vertex 12.8022 18.1788 4.69152
      vertex 12.6011 17.7271 4.74349
      vertex 12.8715 18.1435 4.69152
    endloop
  endfacet
  facet normal -0.39332 0.105403 0.91334
    outer loop
      vertex 3.13107 18.026 4.43451
      vertex 2.64067 17.9484 4.23228
      vertex 3.08495 17.8539 4.43451
    endloop
  endfacet
  facet normal 0.192448 -0.718257 0.668633
    outer loop
      vertex 13.5379 0.0556316 3.35876
      vertex 13.5018 0 3.30939
      vertex 13.556 0 3.29379
    endloop
  endfacet
  facet normal 0.192476 -0.718263 0.668619
    outer loop
      vertex 13.5379 0.0556316 3.35876
      vertex 13.3303 0 3.35876
      vertex 13.5018 0 3.30939
    endloop
  endfacet
  facet normal 0.320439 -0.493405 0.808622
    outer loop
      vertex 14.0206 1.15704 3.98368
      vertex 13.9946 0.661214 3.69144
      vertex 14.257 0.831628 3.69144
    endloop
  endfacet
  facet normal 0.320422 -0.493408 0.808628
    outer loop
      vertex 14.0206 1.15704 3.98368
      vertex 13.7935 1.00956 3.98368
      vertex 13.9946 0.661214 3.69144
    endloop
  endfacet
  facet normal 0.91878 -0.246114 -0.308661
    outer loop
      vertex 16.9879 2.29607 -1.22939
      vertex 16.7175 1.87966 -1.70225
      vertex 16.8376 2.32801 -1.70225
    endloop
  endfacet
  facet normal 0.887977 -0.340978 -0.308597
    outer loop
      vertex 16.8636 1.83218 -1.22939
      vertex 16.5511 1.44632 -1.70225
      vertex 16.7175 1.87966 -1.70225
    endloop
  endfacet
  facet normal 0.982281 -0.155635 -0.104413
    outer loop
      vertex 17.2175 2.75417 -0.248595
      vertex 17.1398 2.26377 -0.248595
      vertex 17.1658 2.7596 -0.743063
    endloop
  endfacet
  facet normal 0.966173 -0.15297 0.20763
    outer loop
      vertex 17.063 2.77041 1.22939
      vertex 16.9879 2.29607 1.22939
      vertex 17.1658 2.7596 0.743063
    endloop
  endfacet
  facet normal 0.982306 -0.155542 0.104319
    outer loop
      vertex 17.1658 2.7596 0.743063
      vertex 17.089 2.27458 0.743063
      vertex 17.1398 2.26377 0.248595
    endloop
  endfacet
  facet normal 0.91878 -0.246114 0.308661
    outer loop
      vertex 16.8376 2.32801 1.70225
      vertex 16.7175 1.87966 1.70225
      vertex 16.9879 2.29607 1.22939
    endloop
  endfacet
  facet normal 0.882635 -0.236433 0.406269
    outer loop
      vertex 16.8376 2.32801 1.70225
      vertex 16.6398 2.37006 2.15645
      vertex 16.7175 1.87966 1.70225
    endloop
  endfacet
  facet normal 0.960657 -0.257396 -0.104335
    outer loop
      vertex 17.0113 1.78418 -0.248595
      vertex 16.9619 1.80024 -0.743063
      vertex 17.1398 2.26377 -0.248595
    endloop
  endfacet
  facet normal 0.960655 -0.257409 -0.104322
    outer loop
      vertex 17.1398 2.26377 -0.248595
      vertex 16.9619 1.80024 -0.743063
      vertex 17.089 2.27458 -0.743063
    endloop
  endfacet
  facet normal 0.949905 -0.0497146 -0.308559
    outer loop
      vertex 17.063 2.77041 -1.22939
      vertex 16.9345 3.25 -1.70225
      vertex 17.0881 3.25 -1.22939
    endloop
  endfacet
  facet normal 0.976857 -0.0511251 -0.207694
    outer loop
      vertex 17.1915 3.25 -0.743063
      vertex 17.063 2.77041 -1.22939
      vertex 17.0881 3.25 -1.22939
    endloop
  endfacet
  facet normal 0.612553 -0.612657 -0.49943
    outer loop
      vertex 15.6452 0.418051 -2.15645
      vertex 15.1656 0.289544 -2.58704
      vertex 15.4605 0.584394 -2.58704
    endloop
  endfacet
  facet normal 0.612554 -0.612654 -0.499432
    outer loop
      vertex 15.1656 0.289544 -2.58704
      vertex 15.6452 0.418051 -2.15645
      vertex 15.3319 0.104802 -2.15645
    endloop
  endfacet
  facet normal 0.781852 -0.209488 0.587215
    outer loop
      vertex 16.1108 2.4825 2.98927
      vertex 16.0108 2.10928 2.98927
      vertex 16.2887 2.01897 2.58704
    endloop
  endfacet
  facet normal 0.718271 -0.192453 0.668617
    outer loop
      vertex 16.1108 2.4825 2.98927
      vertex 15.6944 2.21209 3.35876
      vertex 16.0108 2.10928 2.98927
    endloop
  endfacet
  facet normal 0.629019 -0.509343 0.587286
    outer loop
      vertex 15.7229 0.908448 2.58704
      vertex 15.2433 0.779942 2.98927
      vertex 15.4605 0.584394 2.58704
    endloop
  endfacet
  facet normal 0.629039 -0.50926 0.587336
    outer loop
      vertex 15.4864 1.08022 2.98927
      vertex 15.2433 0.779942 2.98927
      vertex 15.7229 0.908448 2.58704
    endloop
  endfacet
  facet normal 0.662582 -0.337575 0.668602
    outer loop
      vertex 15.8723 1.74855 2.98927
      vertex 15.4088 1.57062 3.35876
      vertex 15.6969 1.40428 2.98927
    endloop
  endfacet
  facet normal 0.662581 -0.337583 0.668598
    outer loop
      vertex 15.5684 1.88387 3.35876
      vertex 15.4088 1.57062 3.35876
      vertex 15.8723 1.74855 2.98927
    endloop
  endfacet
  facet normal 0.561624 -0.364699 0.74268
    outer loop
      vertex 15.0888 1.75536 3.69144
      vertex 14.9184 1.49295 3.69144
      vertex 15.2173 1.27577 3.35876
    endloop
  endfacet
  facet normal 0.388939 -0.315121 0.865693
    outer loop
      vertex 14.593 1.72938 3.98368
      vertex 14.1026 1.80705 4.23228
      vertex 14.4225 1.51894 3.98368
    endloop
  endfacet
  facet normal 0.760244 -0.615571 0.207609
    outer loop
      vertex 16.2119 0.553154 1.22939
      vertex 15.9097 0.17993 1.22939
      vertex 15.9865 0.11076 0.743063
    endloop
  endfacet
  facet normal 0.50934 -0.629022 0.587285
    outer loop
      vertex 14.9701 0.506722 2.98927
      vertex 14.6698 0.263559 2.98927
      vertex 14.8416 0.0271301 2.58704
    endloop
  endfacet
  facet normal 0.364734 -0.561546 0.742721
    outer loop
      vertex 14.4742 0.532708 3.35876
      vertex 13.9946 0.661214 3.69144
      vertex 14.1794 0.34123 3.35876
    endloop
  endfacet
  facet normal 0.887987 -0.340855 0.308703
    outer loop
      vertex 16.8636 1.83218 1.22939
      vertex 16.5511 1.44632 1.70225
      vertex 16.6915 1.38383 1.22939
    endloop
  endfacet
  facet normal 0.928473 -0.356443 0.104336
    outer loop
      vertex 16.9619 1.80024 0.743063
      vertex 16.7859 1.34179 0.743063
      vertex 17.0113 1.78418 0.248595
    endloop
  endfacet
  facet normal 0.797716 -0.518028 0.308702
    outer loop
      vertex 16.3404 1.03275 1.70225
      vertex 16.0876 0.643461 1.70225
      vertex 16.4735 0.955926 1.22939
    endloop
  endfacet
  facet normal 0.797694 -0.518101 0.308636
    outer loop
      vertex 16.4735 0.955926 1.22939
      vertex 16.0876 0.643461 1.70225
      vertex 16.2119 0.553154 1.22939
    endloop
  endfacet
  facet normal 0.865167 -0.0453715 0.499427
    outer loop
      vertex 16.7323 3.25 2.15645
      vertex 16.4619 2.83359 2.58704
      vertex 16.7091 2.80761 2.15645
    endloop
  endfacet
  facet normal 0.855691 -0.135526 0.499426
    outer loop
      vertex 16.7091 2.80761 2.15645
      vertex 16.4619 2.83359 2.58704
      vertex 16.6398 2.37006 2.15645
    endloop
  endfacet
  facet normal 0.951081 -0 0.308941
    outer loop
      vertex 16.9345 3.25 1.70225
      vertex 17.0881 17.5 1.22939
      vertex 16.9345 17.5 1.70225
    endloop
  endfacet
  facet normal 0.951081 0 0.308941
    outer loop
      vertex 17.0881 17.5 1.22939
      vertex 16.9345 3.25 1.70225
      vertex 17.0881 3.25 1.22939
    endloop
  endfacet
  facet normal 0.852989 0.327497 0.406393
    outer loop
      vertex 16.5511 19.3037 1.70225
      vertex 16.5251 18.8078 2.15645
      vertex 16.7175 18.8703 1.70225
    endloop
  endfacet
  facet normal 0.808855 0.310361 0.499429
    outer loop
      vertex 16.3664 19.2214 2.15645
      vertex 16.2887 18.731 2.58704
      vertex 16.5251 18.8078 2.15645
    endloop
  endfacet
  facet normal 0.66261 0.33756 0.668581
    outer loop
      vertex 15.6969 19.3457 2.98927
      vertex 15.4088 19.1794 3.35876
      vertex 15.8723 19.0014 2.98927
    endloop
  endfacet
  facet normal 0.808235 0.042314 0.587337
    outer loop
      vertex 16.4619 17.9164 2.58704
      vertex 16.1712 17.8859 2.98927
      vertex 16.4837 17.5 2.58704
    endloop
  endfacet
  facet normal 0.918779 0.246142 0.308642
    outer loop
      vertex 16.9879 18.4539 1.22939
      vertex 16.7175 18.8703 1.70225
      vertex 16.8376 18.422 1.70225
    endloop
  endfacet
  facet normal 0.966172 0.152982 0.207627
    outer loop
      vertex 17.1658 17.9904 0.743063
      vertex 16.9879 18.4539 1.22939
      vertex 17.063 17.9796 1.22939
    endloop
  endfacet
  facet normal 0.871628 0.444064 0.20754
    outer loop
      vertex 16.7859 19.4082 0.743063
      vertex 16.4735 19.7941 1.22939
      vertex 16.6915 19.3662 1.22939
    endloop
  endfacet
  facet normal 0.814183 0.414769 0.406292
    outer loop
      vertex 16.3404 19.7173 1.70225
      vertex 16.1653 19.6161 2.15645
      vertex 16.5511 19.3037 1.70225
    endloop
  endfacet
  facet normal 0.673233 0.545315 0.499389
    outer loop
      vertex 15.6452 20.3319 2.15645
      vertex 15.4605 20.1656 2.58704
      vertex 15.924 19.9877 2.15645
    endloop
  endfacet
  facet normal 0.710147 0.574928 0.406386
    outer loop
      vertex 15.7955 20.4673 1.70225
      vertex 15.6452 20.3319 2.15645
      vertex 16.0876 20.1065 1.70225
    endloop
  endfacet
  facet normal 0.612623 0.612623 0.499386
    outer loop
      vertex 15.1656 20.4605 2.58704
      vertex 15.6452 20.3319 2.15645
      vertex 15.3319 20.6452 2.15645
    endloop
  endfacet
  facet normal 0.612623 0.612623 0.499386
    outer loop
      vertex 15.6452 20.3319 2.15645
      vertex 15.1656 20.4605 2.58704
      vertex 15.4605 20.1656 2.58704
    endloop
  endfacet
  facet normal 0.545303 0.673243 0.499389
    outer loop
      vertex 15.3319 20.6452 2.15645
      vertex 15.0545 20.75 2.31807
      vertex 15.1656 20.4605 2.58704
    endloop
  endfacet
  facet normal 0.545291 0.673289 0.499339
    outer loop
      vertex 15.0545 20.75 2.31807
      vertex 15.3319 20.6452 2.15645
      vertex 15.2025 20.75 2.15645
    endloop
  endfacet
  facet normal 0.721137 0.367459 0.587312
    outer loop
      vertex 15.95 19.4918 2.58704
      vertex 15.8723 19.0014 2.98927
      vertex 16.1393 19.1203 2.58704
    endloop
  endfacet
  facet normal 0.7266 0.471821 0.499437
    outer loop
      vertex 15.924 19.9877 2.15645
      vertex 15.7229 19.8416 2.58704
      vertex 16.1653 19.6161 2.15645
    endloop
  endfacet
  facet normal 0.772804 0.625976 -0.104536
    outer loop
      vertex 16.2955 20.2576 -0.743063
      vertex 16.0251 20.674 -0.248595
      vertex 16.3376 20.2882 -0.248595
    endloop
  endfacet
  facet normal 0.797653 0.518167 0.30863
    outer loop
      vertex 16.2119 20.1968 1.22939
      vertex 16.0876 20.1065 1.70225
      vertex 16.4735 19.7941 1.22939
    endloop
  endfacet
  facet normal 0.772914 0.625866 0.104384
    outer loop
      vertex 16.0251 20.674 0.248595
      vertex 15.9865 20.6392 0.743063
      vertex 16.2955 20.2576 0.743063
    endloop
  endfacet
  facet normal 0.483484 -0.129503 0.865721
    outer loop
      vertex 14.6093 2.80165 4.23228
      vertex 14.5509 2.58362 4.23228
      vertex 14.9604 2.45056 3.98368
    endloop
  endfacet
  facet normal 0.419774 -0.272532 0.865746
    outer loop
      vertex 14.3675 2.17177 4.23228
      vertex 14.2446 1.98247 4.23228
      vertex 14.593 1.72938 3.98368
    endloop
  endfacet
  facet normal 0.568209 -0.152284 0.80867
    outer loop
      vertex 15.0305 2.71212 3.98368
      vertex 14.9604 2.45056 3.98368
      vertex 15.343 2.32626 3.69144
    endloop
  endfacet
  facet normal 0.568343 -0.152127 0.808606
    outer loop
      vertex 15.4239 2.6285 3.69144
      vertex 15.0305 2.71212 3.98368
      vertex 15.343 2.32626 3.69144
    endloop
  endfacet
  facet normal 0.393328 -0.105354 0.913342
    outer loop
      vertex 14.6093 2.80165 4.23228
      vertex 14.1189 2.72398 4.43451
      vertex 14.5509 2.58362 4.23228
    endloop
  endfacet
  facet normal 0.40658 -0.0214645 0.913363
    outer loop
      vertex 14.6565 3.25 4.23228
      vertex 14.2022 3.25 4.43451
      vertex 14.6446 3.02459 4.23228
    endloop
  endfacet
  facet normal 0.499902 0.0263924 0.86568
    outer loop
      vertex 15.087 17.5 3.98368
      vertex 14.6446 17.7254 4.23228
      vertex 14.6565 17.5 4.23228
    endloop
  endfacet
  facet normal 0.499779 0.026061 0.865761
    outer loop
      vertex 15.0729 17.7704 3.98368
      vertex 14.6446 17.7254 4.23228
      vertex 15.087 17.5 3.98368
    endloop
  endfacet
  facet normal 0.668697 -0.0350977 0.742706
    outer loop
      vertex 15.4893 3.25 3.69144
      vertex 15.4729 2.93754 3.69144
      vertex 15.8588 3.25 3.35876
    endloop
  endfacet
  facet normal 0.668674 -0.035044 0.74273
    outer loop
      vertex 15.8588 3.25 3.35876
      vertex 15.4729 2.93754 3.69144
      vertex 15.8404 2.89891 3.35876
    endloop
  endfacet
  facet normal 0.380126 0.145952 0.913347
    outer loop
      vertex 14.47 18.3771 4.23228
      vertex 14.1189 18.026 4.43451
      vertex 14.5509 18.1664 4.23228
    endloop
  endfacet
  facet normal 0.393316 0.105365 0.913346
    outer loop
      vertex 14.5509 18.1664 4.23228
      vertex 14.1189 18.026 4.43451
      vertex 14.6093 17.9484 4.23228
    endloop
  endfacet
  facet normal 0.625051 -0.240083 -0.742746
    outer loop
      vertex 15.5684 1.88387 -3.35876
      vertex 15.2308 2.03415 -3.69144
      vertex 15.343 2.32626 -3.69144
    endloop
  endfacet
  facet normal 0.596607 -0.303969 -0.74274
    outer loop
      vertex 15.4088 1.57062 -3.35876
      vertex 15.2308 2.03415 -3.69144
      vertex 15.5684 1.88387 -3.35876
    endloop
  endfacet
  facet normal 0.288869 -0.110844 -0.95093
    outer loop
      vertex 14.1189 2.72398 -4.43451
      vertex 13.6231 2.74996 -4.58815
      vertex 13.6692 2.8701 -4.58815
    endloop
  endfacet
  facet normal 0.298874 -0.0800587 -0.950928
    outer loop
      vertex 14.1189 2.72398 -4.43451
      vertex 13.7025 2.9944 -4.58815
      vertex 14.165 2.89608 -4.43451
    endloop
  endfacet
  facet normal 0.581089 -0.092119 -0.80861
    outer loop
      vertex 15.4729 2.93754 -3.69144
      vertex 15.0305 2.71212 -3.98368
      vertex 15.0729 2.97958 -3.98368
    endloop
  endfacet
  facet normal 0.581094 -0.0921356 -0.808605
    outer loop
      vertex 15.4239 2.6285 -3.69144
      vertex 15.0305 2.71212 -3.98368
      vertex 15.4729 2.93754 -3.69144
    endloop
  endfacet
  facet normal 0.718271 -0.192453 -0.668617
    outer loop
      vertex 16.0108 2.10928 -2.98927
      vertex 15.6944 2.21209 -3.35876
      vertex 16.1108 2.4825 -2.98927
    endloop
  endfacet
  facet normal 0.694199 -0.266533 -0.668616
    outer loop
      vertex 15.8723 1.74855 -2.98927
      vertex 15.6944 2.21209 -3.35876
      vertex 16.0108 2.10928 -2.98927
    endloop
  endfacet
  facet normal 0.721164 -0.367444 -0.587289
    outer loop
      vertex 15.95 1.25816 -2.58704
      vertex 15.8723 1.74855 -2.98927
      vertex 16.1393 1.62969 -2.58704
    endloop
  endfacet
  facet normal 0.678814 -0.440816 -0.587276
    outer loop
      vertex 15.7229 0.908448 -2.58704
      vertex 15.6969 1.40428 -2.98927
      vertex 15.95 1.25816 -2.58704
    endloop
  endfacet
  facet normal 0.131022 -0.161796 -0.978087
    outer loop
      vertex 13.2226 2.2554 -4.58815
      vertex 12.9368 2.64885 -4.69152
      vertex 13.3226 2.33638 -4.58815
    endloop
  endfacet
  facet normal -0.976865 0.0511948 -0.207638
    outer loop
      vertex 0.186986 17.9796 -1.22939
      vertex 0.0584803 17.5 -0.743063
      vertex 0.0841808 17.9904 -0.743063
    endloop
  endfacet
  facet normal -0.625159 -0.239972 0.742691
    outer loop
      vertex 1.90703 2.32626 3.69144
      vertex 1.55563 2.21209 3.35876
      vertex 1.68162 1.88387 3.35876
    endloop
  endfacet
  facet normal -0.483462 -0.129608 0.865717
    outer loop
      vertex 2.2195 2.71212 3.98368
      vertex 2.50318 2.66415 4.13492
      vertex 2.50833 2.77352 4.15417
    endloop
  endfacet
  facet normal -0.483456 -0.129533 0.865732
    outer loop
      vertex 2.50318 2.66415 4.13492
      vertex 2.2195 2.71212 3.98368
      vertex 2.28958 2.45056 3.98368
    endloop
  endfacet
  facet normal -0.0263912 0.499902 0.86568
    outer loop
      vertex 4.75 20.087 3.98368
      vertex 4.52459 19.6446 4.23228
      vertex 4.75 19.6565 4.23228
    endloop
  endfacet
  facet normal -0.0109748 0.207906 0.978087
    outer loop
      vertex 4.75 18.7294 4.58815
      vertex 4.67233 18.239 4.69152
      vertex 4.75 18.2431 4.69152
    endloop
  endfacet
  facet normal -0.129503 0.483484 0.865721
    outer loop
      vertex 4.30165 19.6093 4.23228
      vertex 3.95056 19.9604 3.98368
      vertex 4.08362 19.5509 4.23228
    endloop
  endfacet
  facet normal -0.113281 0.174688 0.978086
    outer loop
      vertex 4.37847 18.1435 4.69152
      vertex 4.02738 18.4946 4.58815
      vertex 4.31324 18.1012 4.69152
    endloop
  endfacet
  facet normal -0.259481 0.168531 0.950929
    outer loop
      vertex 3.7554 18.2226 4.58815
      vertex 3.27581 18.3511 4.43451
      vertex 3.68532 18.1147 4.58815
    endloop
  endfacet
  facet normal -0.184905 0.362839 0.913323
    outer loop
      vertex 4.05763 19.0551 4.43451
      vertex 3.87289 19.47 4.23228
      vertex 3.89888 18.9742 4.43451
    endloop
  endfacet
  facet normal -0.309019 0 0.951056
    outer loop
      vertex 3.52061 17.5 4.58815
      vertex 3.10648 12.5186 4.45359
      vertex 3.52061 12.2887 4.58815
    endloop
  endfacet
  facet normal -0.309014 0 0.951057
    outer loop
      vertex 3.04775 12.5478 4.43451
      vertex 3.52061 17.5 4.58815
      vertex 3.04775 17.5 4.43451
    endloop
  endfacet
  facet normal -0.308981 -3.46024e-06 0.951068
    outer loop
      vertex 3.52061 17.5 4.58815
      vertex 3.04775 12.5478 4.43451
      vertex 3.10648 12.5186 4.45359
    endloop
  endfacet
  facet normal 0.0932704 0.04751 0.994507
    outer loop
      vertex 13.1435 17.8715 4.69152
      vertex 12.7271 17.6011 4.74349
      vertex 13.1788 17.8022 4.69152
    endloop
  endfacet
  facet normal -0.483467 0.129566 0.86572
    outer loop
      vertex 2.28958 18.2994 3.98368
      vertex 2.2195 18.0379 3.98368
      vertex 2.64067 17.9484 4.23228
    endloop
  endfacet
  facet normal -0.581055 0.092013 0.808646
    outer loop
      vertex 2.2195 18.0379 3.98368
      vertex 1.7771 17.8125 3.69144
      vertex 2.17714 17.7704 3.98368
    endloop
  endfacet
  facet normal -0.855662 -0.135523 0.499476
    outer loop
      vertex 0.788137 2.83359 2.58704
      vertex 0.540903 2.80761 2.15645
      vertex 0.610204 2.37006 2.15645
    endloop
  endfacet
  facet normal -0.855661 -0.135524 0.499477
    outer loop
      vertex 0.788137 2.83359 2.58704
      vertex 0.610204 2.37006 2.15645
      vertex 0.853368 2.42174 2.58704
    endloop
  endfacet
  facet normal -0.661387 0.10477 0.742691
    outer loop
      vertex 1.46464 18.1983 3.35876
      vertex 1.40964 17.8511 3.35876
      vertex 1.82605 18.1215 3.69144
    endloop
  endfacet
  facet normal -0.734438 0.116342 0.668629
    outer loop
      vertex 1.46464 18.1983 3.35876
      vertex 1.13922 18.2675 2.98927
      vertex 1.40964 17.8511 3.35876
    endloop
  endfacet
  facet normal -0.771899 0.393326 0.499466
    outer loop
      vertex 1.08474 19.6161 2.15645
      vertex 0.883618 19.2214 2.15645
      vertex 1.11072 19.1203 2.58704
    endloop
  endfacet
  facet normal -0.755629 0.29008 0.587263
    outer loop
      vertex 1.3777 19.0014 2.98927
      vertex 0.961289 18.731 2.58704
      vertex 1.23923 18.6407 2.98927
    endloop
  endfacet
  facet normal -0.625144 0.239981 0.7427
    outer loop
      vertex 1.68162 18.8661 3.35876
      vertex 1.55563 18.5379 3.35876
      vertex 1.90703 18.4237 3.69144
    endloop
  endfacet
  facet normal -0.549232 0.210837 0.808636
    outer loop
      vertex 2.01916 18.7158 3.69144
      vertex 1.90703 18.4237 3.69144
      vertex 2.28958 18.2994 3.98368
    endloop
  endfacet
  facet normal -0.581065 0.092049 0.808635
    outer loop
      vertex 1.82605 18.1215 3.69144
      vertex 1.7771 17.8125 3.69144
      vertex 2.2195 18.0379 3.98368
    endloop
  endfacet
  facet normal -0.661388 0.104773 0.74269
    outer loop
      vertex 1.82605 18.1215 3.69144
      vertex 1.40964 17.8511 3.35876
      vertex 1.7771 17.8125 3.69144
    endloop
  endfacet
  facet normal -0.26642 0.694432 0.66842
    outer loop
      vertex 3.69401 20.75 3.29379
      vertex 3.56716 20.75 3.24323
      vertex 3.71209 20.6944 3.35876
    endloop
  endfacet
  facet normal -0.337584 0.662591 0.668588
    outer loop
      vertex 3.00853 20.75 2.98927
      vertex 3.07062 20.4088 3.35876
      vertex 3.20161 20.75 3.08676
    endloop
  endfacet
  facet normal -0.337506 0.662618 0.6686
    outer loop
      vertex 3.07062 20.4088 3.35876
      vertex 3.00853 20.75 2.98927
      vertex 2.90428 20.6969 2.98927
    endloop
  endfacet
  facet normal -0.266536 0.694305 0.668505
    outer loop
      vertex 3.56716 20.75 3.24323
      vertex 3.38387 20.5684 3.35876
      vertex 3.71209 20.6944 3.35876
    endloop
  endfacet
  facet normal -0.266465 0.694273 0.668567
    outer loop
      vertex 3.38387 20.5684 3.35876
      vertex 3.56716 20.75 3.24323
      vertex 3.30301 20.75 3.13795
    endloop
  endfacet
  facet normal -0.104759 0.661329 0.742745
    outer loop
      vertex 4.34024 20.75 3.43095
      vertex 4.05919 20.75 3.39131
      vertex 4.1285 20.4239 3.69144
    endloop
  endfacet
  facet normal -0.173394 0.646738 0.742742
    outer loop
      vertex 4.03366 20.75 3.38535
      vertex 4.1285 20.4239 3.69144
      vertex 4.05919 20.75 3.39131
    endloop
  endfacet
  facet normal -0.173131 0.646811 0.742739
    outer loop
      vertex 4.1285 20.4239 3.69144
      vertex 4.03366 20.75 3.38535
      vertex 3.82626 20.343 3.69144
    endloop
  endfacet
  facet normal -0.625147 0.239979 0.742699
    outer loop
      vertex 2.01916 18.7158 3.69144
      vertex 1.68162 18.8661 3.35876
      vertex 1.90703 18.4237 3.69144
    endloop
  endfacet
  facet normal -0.445962 0.227239 0.865725
    outer loop
      vertex 2.88245 18.5782 4.23228
      vertex 2.50956 18.7935 3.98368
      vertex 2.77998 18.3771 4.23228
    endloop
  endfacet
  facet normal -0.419771 0.272601 0.865726
    outer loop
      vertex 2.65704 19.0206 3.98368
      vertex 2.50956 18.7935 3.98368
      vertex 2.88245 18.5782 4.23228
    endloop
  endfacet
  facet normal -0.341507 0.22179 0.913336
    outer loop
      vertex 3.00539 18.7675 4.23228
      vertex 2.88245 18.5782 4.23228
      vertex 3.27581 18.3511 4.43451
    endloop
  endfacet
  facet normal -0.888017 0.340827 0.308648
    outer loop
      vertex 0.698875 19.3037 1.70225
      vertex 0.386412 18.9178 1.22939
      vertex 0.532533 18.8703 1.70225
    endloop
  endfacet
  facet normal -0.944882 0.253146 -0.207643
    outer loop
      vertex 0.262114 18.4539 -1.22939
      vertex 0.161001 18.4754 -0.743063
      vertex 0.288099 18.9498 -0.743063
    endloop
  endfacet
  facet normal -0.855657 0.135538 0.499481
    outer loop
      vertex 0.610204 18.3799 2.15645
      vertex 0.540903 17.9424 2.15645
      vertex 0.788137 17.9164 2.58704
    endloop
  endfacet
  facet normal -0.855675 0.13551 0.499458
    outer loop
      vertex 0.853368 18.3283 2.58704
      vertex 0.610204 18.3799 2.15645
      vertex 0.788137 17.9164 2.58704
    endloop
  endfacet
  facet normal -0.766254 0.497722 0.406359
    outer loop
      vertex 1.16241 20.1065 1.70225
      vertex 0.909604 19.7173 1.70225
      vertex 1.08474 19.6161 2.15645
    endloop
  endfacet
  facet normal -0.918769 0.246176 0.308643
    outer loop
      vertex 0.386412 18.9178 1.22939
      vertex 0.262114 18.4539 1.22939
      vertex 0.532533 18.8703 1.70225
    endloop
  endfacet
  facet normal -0.545189 0.673267 0.499481
    outer loop
      vertex 1.91805 20.6452 2.15645
      vertex 2.19554 20.75 2.31807
      vertex 2.04747 20.75 2.15645
    endloop
  endfacet
  facet normal -0.545176 0.67332 0.499423
    outer loop
      vertex 2.19554 20.75 2.31807
      vertex 1.91805 20.6452 2.15645
      vertex 2.08439 20.4605 2.58704
    endloop
  endfacet
  facet normal -0.678837 0.440773 0.587281
    outer loop
      vertex 1.76356 19.6698 2.98927
      vertex 1.52713 19.8416 2.58704
      vertex 1.55312 19.3457 2.98927
    endloop
  endfacet
  facet normal -0.766408 0.497608 0.406209
    outer loop
      vertex 1.16241 20.1065 1.70225
      vertex 1.08474 19.6161 2.15645
      vertex 1.32601 19.9877 2.15645
    endloop
  endfacet
  facet normal -0.913252 0.350527 0.207607
    outer loop
      vertex 0.464083 19.4082 0.743063
      vertex 0.386412 18.9178 1.22939
      vertex 0.558518 19.3662 1.22939
    endloop
  endfacet
  facet normal -0.467916 0.577975 0.668581
    outer loop
      vertex 2.58022 20.4864 2.98927
      vertex 2.27994 20.2433 2.98927
      vertex 2.77577 20.2173 3.35876
    endloop
  endfacet
  facet normal -0.239989 0.625153 0.74269
    outer loop
      vertex 3.71209 20.6944 3.35876
      vertex 3.38387 20.5684 3.35876
      vertex 3.82626 20.343 3.69144
    endloop
  endfacet
  facet normal -0.561574 0.364723 0.742706
    outer loop
      vertex 2.33163 19.257 3.69144
      vertex 2.03271 19.4742 3.35876
      vertex 2.16121 18.9946 3.69144
    endloop
  endfacet
  facet normal -0.421441 0.520454 0.742641
    outer loop
      vertex 2.99295 19.9184 3.69144
      vertex 2.50255 19.996 3.35876
      vertex 2.74979 19.7215 3.69144
    endloop
  endfacet
  facet normal 0.185496 0.0944876 -0.978092
    outer loop
      vertex 13.1788 17.8022 -4.69152
      vertex 13.1435 17.8715 -4.69152
      vertex 13.6231 18 -4.58815
    endloop
  endfacet
  facet normal 0.288862 0.110879 -0.950928
    outer loop
      vertex 13.6692 17.8799 -4.58815
      vertex 13.6231 18 -4.58815
      vertex 14.1189 18.026 -4.43451
    endloop
  endfacet
  facet normal 0.0977433 0.0374079 -0.994508
    outer loop
      vertex 12.7364 17.5768 -4.74349
      vertex 12.7271 17.6011 -4.74349
      vertex 13.2067 17.7296 -4.69152
    endloop
  endfacet
  facet normal 0.194319 -0.0746659 -0.978093
    outer loop
      vertex 13.6231 2.74996 -4.58815
      vertex 13.1788 2.94777 -4.69152
      vertex 13.2067 3.02038 -4.69152
    endloop
  endfacet
  facet normal 0.0164229 0.103383 -0.994506
    outer loop
      vertex 12.6545 18.2268 -4.69152
      vertex 12.5517 17.7432 -4.74349
      vertex 12.5777 18.239 -4.69152
    endloop
  endfacet
  facet normal 0.184958 0.362829 -0.913315
    outer loop
      vertex 13.3511 18.9742 -4.43451
      vertex 13.1924 19.0551 -4.43451
      vertex 13.3771 19.47 -4.23228
    endloop
  endfacet
  facet normal 0.145798 0.380262 -0.913315
    outer loop
      vertex 13.1924 19.0551 -4.43451
      vertex 13.026 19.1189 -4.43451
      vertex 13.3771 19.47 -4.23228
    endloop
  endfacet
  facet normal 0.105591 0.393337 -0.913311
    outer loop
      vertex 13.026 19.1189 -4.43451
      vertex 12.8539 19.1651 -4.43451
      vertex 12.9484 19.6093 -4.23228
    endloop
  endfacet
  facet normal 0.314912 0.388982 -0.86575
    outer loop
      vertex 13.9429 19.1026 -4.23228
      vertex 13.7675 19.2446 -4.23228
      vertex 14.0206 19.593 -3.98368
    endloop
  endfacet
  facet normal 0.140504 0.275624 -0.950942
    outer loop
      vertex 13.3511 18.9742 -4.43451
      vertex 13 18.6231 -4.58815
      vertex 13.1924 19.0551 -4.43451
    endloop
  endfacet
  facet normal 0 0.500077 -0.865981
    outer loop
      vertex 9.24868 19.6565 -4.23228
      vertex 12.5 20.087 -3.98368
      vertex 12.5 19.6565 -4.23228
    endloop
  endfacet
  facet normal 0 0.500077 -0.865981
    outer loop
      vertex 12.5 20.087 -3.98368
      vertex 9.24868 19.6565 -4.23228
      vertex 9.18207 20.087 -3.98368
    endloop
  endfacet
  facet normal 0.173236 0.646832 -0.742696
    outer loop
      vertex 13.4237 20.343 -3.69144
      vertex 13.3303 20.75 -3.35876
      vertex 13.5379 20.6944 -3.35876
    endloop
  endfacet
  facet normal 0.173231 0.646832 -0.742698
    outer loop
      vertex 13.3303 20.75 -3.35876
      vertex 13.4237 20.343 -3.69144
      vertex 13.2163 20.75 -3.38535
    endloop
  endfacet
  facet normal 0.337538 0.662597 -0.668606
    outer loop
      vertex 13.8661 20.5684 -3.35876
      vertex 14.0484 20.75 -3.08676
      vertex 14.1794 20.4088 -3.35876
    endloop
  endfacet
  facet normal 0.337533 0.6626 -0.668605
    outer loop
      vertex 14.0484 20.75 -3.08676
      vertex 13.8661 20.5684 -3.35876
      vertex 13.947 20.75 -3.13795
    endloop
  endfacet
  facet normal 0.499779 0.026061 -0.865761
    outer loop
      vertex 15.087 17.5 -3.98368
      vertex 14.6446 17.7254 -4.23228
      vertex 15.0729 17.7704 -3.98368
    endloop
  endfacet
  facet normal 0.494326 0.0783529 -0.865738
    outer loop
      vertex 15.0729 17.7704 -3.98368
      vertex 14.6093 17.9484 -4.23228
      vertex 15.0305 18.0379 -3.98368
    endloop
  endfacet
  facet normal 0.494294 -0.0782658 -0.865764
    outer loop
      vertex 15.0729 2.97958 -3.98368
      vertex 14.6093 2.80165 -4.23228
      vertex 14.6446 3.02459 -4.23228
    endloop
  endfacet
  facet normal 0.499779 -0.026059 -0.865761
    outer loop
      vertex 15.0729 2.97958 -3.98368
      vertex 14.6446 3.02459 -4.23228
      vertex 15.087 3.25 -3.98368
    endloop
  endfacet
  facet normal 0.30905 0 -0.951046
    outer loop
      vertex 13.7294 3.25 -4.58815
      vertex 14.2022 17.5 -4.43451
      vertex 14.2022 3.25 -4.43451
    endloop
  endfacet
  facet normal 0.30905 0 -0.951046
    outer loop
      vertex 14.2022 17.5 -4.43451
      vertex 13.7294 3.25 -4.58815
      vertex 13.7294 17.5 -4.58815
    endloop
  endfacet
  facet normal 0.305597 0.048444 -0.950928
    outer loop
      vertex 14.1929 17.6779 -4.43451
      vertex 13.7025 17.7556 -4.58815
      vertex 14.165 17.8539 -4.43451
    endloop
  endfacet
  facet normal 0.380126 0.145952 -0.913347
    outer loop
      vertex 14.5509 18.1664 -4.23228
      vertex 14.1189 18.026 -4.43451
      vertex 14.47 18.3771 -4.23228
    endloop
  endfacet
  facet normal 0.445926 0.227287 -0.865731
    outer loop
      vertex 14.47 18.3771 -4.23228
      vertex 14.3675 18.5782 -4.23228
      vertex 14.7404 18.7935 -3.98368
    endloop
  endfacet
  facet normal 0.54932 0.210775 -0.808592
    outer loop
      vertex 14.9604 18.2994 -3.98368
      vertex 14.8634 18.5522 -3.98368
      vertex 15.2308 18.7158 -3.69144
    endloop
  endfacet
  facet normal 0.467279 0.179296 -0.865738
    outer loop
      vertex 14.9604 18.2994 -3.98368
      vertex 14.47 18.3771 -4.23228
      vertex 14.8634 18.5522 -3.98368
    endloop
  endfacet
  facet normal 0.694229 0.266523 -0.668589
    outer loop
      vertex 15.6944 18.5379 -3.35876
      vertex 15.5684 18.8661 -3.35876
      vertex 15.8723 19.0014 -2.98927
    endloop
  endfacet
  facet normal 0.66261 0.337544 -0.668589
    outer loop
      vertex 15.5684 18.8661 -3.35876
      vertex 15.4088 19.1794 -3.35876
      vertex 15.8723 19.0014 -2.98927
    endloop
  endfacet
  facet normal 0.362829 0.184958 -0.913315
    outer loop
      vertex 14.0551 18.1924 -4.43451
      vertex 13.9742 18.3511 -4.43451
      vertex 14.47 18.3771 -4.23228
    endloop
  endfacet
  facet normal 0.380262 0.145798 -0.913315
    outer loop
      vertex 14.1189 18.026 -4.43451
      vertex 14.0551 18.1924 -4.43451
      vertex 14.47 18.3771 -4.23228
    endloop
  endfacet
  facet normal 0.17456 0.113408 -0.978094
    outer loop
      vertex 13.5647 18.1147 -4.58815
      vertex 13.1435 17.8715 -4.69152
      vertex 13.4946 18.2226 -4.58815
    endloop
  endfacet
  facet normal 0.259465 0.168568 -0.950927
    outer loop
      vertex 13.5647 18.1147 -4.58815
      vertex 13.4946 18.2226 -4.58815
      vertex 13.9742 18.3511 -4.43451
    endloop
  endfacet
  facet normal 0.440483 0.679416 -0.58683
    outer loop
      vertex 14.8416 20.7229 -2.58704
      vertex 14.3764 20.75 -2.90485
      vertex 14.7998 20.75 -2.58704
    endloop
  endfacet
  facet normal 0.440757 0.678849 -0.587279
    outer loop
      vertex 14.3764 20.75 -2.90485
      vertex 14.8416 20.7229 -2.58704
      vertex 14.3457 20.6969 -2.98927
    endloop
  endfacet
  facet normal 0.47166 0.727505 -0.49827
    outer loop
      vertex 14.8416 20.7229 -2.58704
      vertex 14.7998 20.75 -2.58704
      vertex 14.8277 20.75 -2.56063
    endloop
  endfacet
  facet normal 0.25631 0.316444 -0.913328
    outer loop
      vertex 13.639 18.765 -4.43451
      vertex 13.5006 18.8771 -4.43451
      vertex 13.7675 19.2446 -4.23228
    endloop
  endfacet
  facet normal 0.41977 0.272529 -0.865749
    outer loop
      vertex 14.3675 18.5782 -4.23228
      vertex 14.2446 18.7675 -4.23228
      vertex 14.593 19.0206 -3.98368
    endloop
  endfacet
  facet normal 0.370309 0.457185 -0.808612
    outer loop
      vertex 14.2311 19.4225 -3.98368
      vertex 14.0206 19.593 -3.98368
      vertex 14.257 19.9184 -3.69144
    endloop
  endfacet
  facet normal 0.623626 0.405039 -0.668606
    outer loop
      vertex 15.6969 19.3457 -2.98927
      vertex 15.2173 19.4742 -3.35876
      vertex 15.4864 19.6698 -2.98927
    endloop
  endfacet
  facet normal 0.673251 0.54525 -0.499435
    outer loop
      vertex 15.7229 19.8416 -2.58704
      vertex 15.4605 20.1656 -2.58704
      vertex 15.924 19.9877 -2.15645
    endloop
  endfacet
  facet normal 0.545182 0.673276 -0.499475
    outer loop
      vertex 15.1656 20.4605 -2.58704
      vertex 14.8613 20.75 -2.52895
      vertex 15.0545 20.75 -2.31807
    endloop
  endfacet
  facet normal 0.54537 0.673399 -0.499103
    outer loop
      vertex 14.8613 20.75 -2.52895
      vertex 15.1656 20.4605 -2.58704
      vertex 14.8416 20.7229 -2.58704
    endloop
  endfacet
  facet normal 0.457217 0.370173 -0.808656
    outer loop
      vertex 14.9184 19.257 -3.69144
      vertex 14.4225 19.2311 -3.98368
      vertex 14.7215 19.5002 -3.69144
    endloop
  endfacet
  facet normal 0.520342 0.421492 -0.74269
    outer loop
      vertex 15.2173 19.4742 -3.35876
      vertex 14.9184 19.257 -3.69144
      vertex 14.996 19.7474 -3.35876
    endloop
  endfacet
  facet normal 0.367502 0.721162 -0.587254
    outer loop
      vertex 14.3457 20.6969 -2.98927
      vertex 14.2415 20.75 -2.98927
      vertex 14.3764 20.75 -2.90485
    endloop
  endfacet
  facet normal 0.421415 0.520509 -0.742616
    outer loop
      vertex 14.5002 19.7215 -3.69144
      vertex 14.257 19.9184 -3.69144
      vertex 14.7474 19.996 -3.35876
    endloop
  endfacet
  facet normal 0.192392 0.718455 -0.668437
    outer loop
      vertex 13.5379 20.6944 -3.35876
      vertex 13.5018 20.75 -3.30939
      vertex 13.556 20.75 -3.29379
    endloop
  endfacet
  facet normal 0.19242 0.71846 -0.668423
    outer loop
      vertex 13.5379 20.6944 -3.35876
      vertex 13.3303 20.75 -3.35876
      vertex 13.5018 20.75 -3.30939
    endloop
  endfacet
  facet normal 0.574963 0.710152 -0.406328
    outer loop
      vertex 15.3319 20.6452 -2.15645
      vertex 15.2785 20.75 -2.04885
      vertex 15.4263 20.75 -1.83971
    endloop
  endfacet
  facet normal -0.471606 0.726939 0.499146
    outer loop
      vertex 2.42227 20.75 2.56063
      vertex 2.38874 20.75 2.52895
      vertex 2.40845 20.7229 2.58704
    endloop
  endfacet
  facet normal 0.194316 0.0746752 0.978092
    outer loop
      vertex 13.6231 18 4.58815
      vertex 13.1788 17.8022 4.69152
      vertex 13.2067 17.7296 4.69152
    endloop
  endfacet
  facet normal 0.380262 0.145798 0.913315
    outer loop
      vertex 14.47 18.3771 4.23228
      vertex 14.0551 18.1924 4.43451
      vertex 14.1189 18.026 4.43451
    endloop
  endfacet
  facet normal 0.362829 0.184958 0.913315
    outer loop
      vertex 14.47 18.3771 4.23228
      vertex 13.9742 18.3511 4.43451
      vertex 14.0551 18.1924 4.43451
    endloop
  endfacet
  facet normal 0.240428 0.194739 0.950932
    outer loop
      vertex 13.765 18.639 4.43451
      vertex 13.4946 18.2226 4.58815
      vertex 13.8771 18.5006 4.43451
    endloop
  endfacet
  facet normal 0.259477 0.16853 0.950931
    outer loop
      vertex 13.8771 18.5006 4.43451
      vertex 13.4946 18.2226 4.58815
      vertex 13.9742 18.3511 4.43451
    endloop
  endfacet
  facet normal 0.493426 0.320426 0.808615
    outer loop
      vertex 14.9184 19.257 3.69144
      vertex 14.593 19.0206 3.98368
      vertex 15.0888 18.9946 3.69144
    endloop
  endfacet
  facet normal 0.267027 0.524276 0.808598
    outer loop
      vertex 13.7158 20.2308 3.69144
      vertex 13.5522 19.8634 3.98368
      vertex 13.9946 20.0888 3.69144
    endloop
  endfacet
  facet normal 0.104501 0.00562699 0.994509
    outer loop
      vertex 13.239 17.5777 4.69152
      vertex 12.7472 17.526 4.74349
      vertex 12.7486 17.5 4.74349
    endloop
  endfacet
  facet normal 0.185506 0.094451 0.978093
    outer loop
      vertex 13.5647 18.1147 4.58815
      vertex 13.1435 17.8715 4.69152
      vertex 13.6231 18 4.58815
    endloop
  endfacet
  facet normal 0.275732 0.14039 0.950927
    outer loop
      vertex 13.9742 18.3511 4.43451
      vertex 13.5647 18.1147 4.58815
      vertex 13.6231 18 4.58815
    endloop
  endfacet
  facet normal 0.0482668 0.305574 0.950944
    outer loop
      vertex 12.8539 19.1651 4.43451
      vertex 12.6779 19.1929 4.43451
      vertex 12.7556 18.7025 4.58815
    endloop
  endfacet
  facet normal 0.094451 0.185506 0.978093
    outer loop
      vertex 13 18.6231 4.58815
      vertex 12.8715 18.1435 4.69152
      vertex 13.1147 18.5647 4.58815
    endloop
  endfacet
  facet normal 0.0161539 0.309009 0.950922
    outer loop
      vertex 12.5 19.2022 4.43451
      vertex 12.5 18.7294 4.58815
      vertex 12.6779 19.1929 4.43451
    endloop
  endfacet
  facet normal 0.105591 0.393337 0.913311
    outer loop
      vertex 12.9484 19.6093 4.23228
      vertex 12.8539 19.1651 4.43451
      vertex 13.026 19.1189 4.43451
    endloop
  endfacet
  facet normal 0.0485711 0.305613 0.950916
    outer loop
      vertex 12.6779 19.1929 4.43451
      vertex 12.6285 18.7227 4.58815
      vertex 12.7556 18.7025 4.58815
    endloop
  endfacet
  facet normal 0.0635422 0.402282 0.913308
    outer loop
      vertex 12.9484 19.6093 4.23228
      vertex 12.6779 19.1929 4.43451
      vertex 12.8539 19.1651 4.43451
    endloop
  endfacet
  facet normal 0.353921 0.353921 0.865725
    outer loop
      vertex 14.2311 19.4225 3.98368
      vertex 14.1026 18.9429 4.23228
      vertex 14.4225 19.2311 3.98368
    endloop
  endfacet
  facet normal 0.353921 0.353921 0.865725
    outer loop
      vertex 14.1026 18.9429 4.23228
      vertex 14.2311 19.4225 3.98368
      vertex 13.9429 19.1026 4.23228
    endloop
  endfacet
  facet normal 0.577735 0.467982 0.668742
    outer loop
      vertex 15.2433 19.9701 2.98927
      vertex 14.996 19.7474 3.35876
      vertex 15.2173 19.4742 3.35876
    endloop
  endfacet
  facet normal 0.520342 0.421492 0.74269
    outer loop
      vertex 14.996 19.7474 3.35876
      vertex 14.9184 19.257 3.69144
      vertex 15.2173 19.4742 3.35876
    endloop
  endfacet
  facet normal 0.370173 0.457217 0.808656
    outer loop
      vertex 14.257 19.9184 3.69144
      vertex 14.2311 19.4225 3.98368
      vertex 14.5002 19.7215 3.69144
    endloop
  endfacet
  facet normal 0.467982 0.577735 0.668742
    outer loop
      vertex 14.9701 20.2433 2.98927
      vertex 14.4742 20.2173 3.35876
      vertex 14.7474 19.996 3.35876
    endloop
  endfacet
  facet normal 0.113205 0.174759 0.978082
    outer loop
      vertex 13.2226 18.4946 4.58815
      vertex 12.8715 18.1435 4.69152
      vertex 12.9368 18.1012 4.69152
    endloop
  endfacet
  facet normal 0.103401 0.0160935 0.99451
    outer loop
      vertex 13.239 17.5777 4.69152
      vertex 12.7432 17.5517 4.74349
      vertex 12.7472 17.526 4.74349
    endloop
  endfacet
  facet normal 0.194361 0.0746048 0.978089
    outer loop
      vertex 13.6231 18 4.58815
      vertex 13.2067 17.7296 4.69152
      vertex 13.6692 17.8799 4.58815
    endloop
  endfacet
  facet normal 0.201098 0.0538741 0.978089
    outer loop
      vertex 13.6692 17.8799 4.58815
      vertex 13.2067 17.7296 4.69152
      vertex 13.7025 17.7556 4.58815
    endloop
  endfacet
  facet normal 0.185496 0.0944876 0.978092
    outer loop
      vertex 13.6231 18 4.58815
      vertex 13.1435 17.8715 4.69152
      vertex 13.1788 17.8022 4.69152
    endloop
  endfacet
  facet normal 0.194743 0.240423 0.950932
    outer loop
      vertex 13.639 18.765 4.43451
      vertex 13.2226 18.4946 4.58815
      vertex 13.3226 18.4136 4.58815
    endloop
  endfacet
  facet normal 0.0812721 0.0659327 0.994509
    outer loop
      vertex 13.0522 17.9972 4.69152
      vertex 12.6847 17.6663 4.74349
      vertex 13.1012 17.9368 4.69152
    endloop
  endfacet
  facet normal 0.131155 0.161669 0.978091
    outer loop
      vertex 13.3226 18.4136 4.58815
      vertex 12.9368 18.1012 4.69152
      vertex 12.9972 18.0522 4.69152
    endloop
  endfacet
  facet normal 0.227299 0.445912 0.865735
    outer loop
      vertex 13.5522 19.8634 3.98368
      vertex 13.3771 19.47 4.23228
      vertex 13.7935 19.7404 3.98368
    endloop
  endfacet
  facet normal 0.303894 0.59666 0.742728
    outer loop
      vertex 14.1794 20.4088 3.35876
      vertex 13.7158 20.2308 3.69144
      vertex 13.9946 20.0888 3.69144
    endloop
  endfacet
  facet normal 0.227287 0.445926 0.865731
    outer loop
      vertex 13.7935 19.7404 3.98368
      vertex 13.3771 19.47 4.23228
      vertex 13.5782 19.3675 4.23228
    endloop
  endfacet
  facet normal 0.184934 0.362832 0.913319
    outer loop
      vertex 13.3771 19.47 4.23228
      vertex 13.3511 18.9742 4.43451
      vertex 13.5782 19.3675 4.23228
    endloop
  endfacet
  facet normal 0.0349832 0.66876 0.742655
    outer loop
      vertex 12.5 20.4893 3.69144
      vertex 12.5881 20.75 3.45253
      vertex 12.5 20.75 3.45668
    endloop
  endfacet
  facet normal 0.0350953 0.668736 0.742671
    outer loop
      vertex 12.5881 20.75 3.45253
      vertex 12.5 20.4893 3.69144
      vertex 12.8125 20.4729 3.69144
    endloop
  endfacet
  facet normal 0.0783529 0.494326 0.865738
    outer loop
      vertex 13.0379 20.0305 3.98368
      vertex 12.7704 20.0729 3.98368
      vertex 12.9484 19.6093 4.23228
    endloop
  endfacet
  facet normal 0.694196 0.266554 0.668611
    outer loop
      vertex 15.8723 19.0014 2.98927
      vertex 15.6944 18.5379 3.35876
      vertex 16.0108 18.6407 2.98927
    endloop
  endfacet
  facet normal 0.625138 0.239998 0.7427
    outer loop
      vertex 15.5684 18.8661 3.35876
      vertex 15.343 18.4237 3.69144
      vertex 15.6944 18.5379 3.35876
    endloop
  endfacet
  facet normal 0.440757 0.678849 0.587279
    outer loop
      vertex 14.8416 20.7229 2.58704
      vertex 14.3764 20.75 2.90485
      vertex 14.3457 20.6969 2.98927
    endloop
  endfacet
  facet normal 0.440483 0.679416 0.58683
    outer loop
      vertex 14.3764 20.75 2.90485
      vertex 14.8416 20.7229 2.58704
      vertex 14.7998 20.75 2.58704
    endloop
  endfacet
  facet normal 0.54537 0.673399 0.499103
    outer loop
      vertex 15.1656 20.4605 2.58704
      vertex 14.8613 20.75 2.52895
      vertex 14.8416 20.7229 2.58704
    endloop
  endfacet
  facet normal 0.545182 0.673276 0.499475
    outer loop
      vertex 14.8613 20.75 2.52895
      vertex 15.1656 20.4605 2.58704
      vertex 15.0545 20.75 2.31807
    endloop
  endfacet
  facet normal 0.173236 0.646832 0.742696
    outer loop
      vertex 13.3303 20.75 3.35876
      vertex 13.4237 20.343 3.69144
      vertex 13.5379 20.6944 3.35876
    endloop
  endfacet
  facet normal 0.173231 0.646832 0.742698
    outer loop
      vertex 13.4237 20.343 3.69144
      vertex 13.3303 20.75 3.35876
      vertex 13.2163 20.75 3.38535
    endloop
  endfacet
  facet normal 0.47166 0.727505 0.49827
    outer loop
      vertex 14.8277 20.75 2.56063
      vertex 14.7998 20.75 2.58704
      vertex 14.8416 20.7229 2.58704
    endloop
  endfacet
  facet normal 0.239998 0.625138 0.7427
    outer loop
      vertex 13.5379 20.6944 3.35876
      vertex 13.4237 20.343 3.69144
      vertex 13.8661 20.5684 3.35876
    endloop
  endfacet
  facet normal 0.26656 0.694325 0.668475
    outer loop
      vertex 13.8661 20.5684 3.35876
      vertex 13.6828 20.75 3.24323
      vertex 13.5379 20.6944 3.35876
    endloop
  endfacet
  facet normal 0.266425 0.694263 0.668593
    outer loop
      vertex 13.6828 20.75 3.24323
      vertex 13.8661 20.5684 3.35876
      vertex 13.947 20.75 3.13795
    endloop
  endfacet
  facet normal 0.76032 0.615507 0.207523
    outer loop
      vertex 15.9865 20.6392 0.743063
      vertex 15.9097 20.5701 1.22939
      vertex 16.2119 20.1968 1.22939
    endloop
  endfacet
  facet normal 0.26708 -0.524194 -0.808634
    outer loop
      vertex 13.7158 0.519164 -3.69144
      vertex 13.5522 0.886625 -3.98368
      vertex 13.9946 0.661214 -3.69144
    endloop
  endfacet
  facet normal 0.267068 -0.524209 -0.808628
    outer loop
      vertex 13.9946 0.661214 -3.69144
      vertex 13.5522 0.886625 -3.98368
      vertex 13.7935 1.00956 -3.98368
    endloop
  endfacet
  facet normal 0.104651 -0.661413 -0.742685
    outer loop
      vertex 12.8125 0.277103 -3.69144
      vertex 12.9098 0 -3.43095
      vertex 12.8416 0 -3.44056
    endloop
  endfacet
  facet normal 0.104768 -0.661382 -0.742696
    outer loop
      vertex 12.9098 0 -3.43095
      vertex 12.8125 0.277103 -3.69144
      vertex 13.1215 0.326051 -3.69144
    endloop
  endfacet
  facet normal 0.152299 -0.568254 -0.808636
    outer loop
      vertex 13.4237 0.407033 -3.69144
      vertex 13.0379 0.719497 -3.98368
      vertex 13.2994 0.789582 -3.98368
    endloop
  endfacet
  facet normal 0.0350688 -0.668721 -0.742686
    outer loop
      vertex 12.8416 0 -3.44056
      vertex 12.5881 0 -3.45253
      vertex 12.8125 0.277103 -3.69144
    endloop
  endfacet
  facet normal 0.691566 -0.691835 0.20761
    outer loop
      vertex 15.7297 0 1.22939
      vertex 15.9865 0.11076 0.743063
      vertex 15.9097 0.17993 1.22939
    endloop
  endfacet
  facet normal 0.691574 -0.691824 0.207617
    outer loop
      vertex 15.9865 0.11076 0.743063
      vertex 15.7297 0 1.22939
      vertex 15.8757 0 0.743063
    endloop
  endfacet
  facet normal 0.820361 -0.532835 -0.207592
    outer loop
      vertex 16.2955 0.492393 -0.743063
      vertex 16.2119 0.553154 -1.22939
      vertex 16.563 0.90424 -0.743063
    endloop
  endfacet
  facet normal 0.760255 -0.615562 -0.207596
    outer loop
      vertex 16.2955 0.492393 -0.743063
      vertex 15.9865 0.11076 -0.743063
      vertex 16.2119 0.553154 -1.22939
    endloop
  endfacet
  facet normal 0.337625 -0.662501 -0.668656
    outer loop
      vertex 13.8661 0.181623 -3.35876
      vertex 14.0484 0 -3.08676
      vertex 13.947 0 -3.13796
    endloop
  endfacet
  facet normal 0.337536 -0.662565 -0.668639
    outer loop
      vertex 14.0484 0 -3.08676
      vertex 13.8661 0.181623 -3.35876
      vertex 14.1794 0.34123 -3.35876
    endloop
  endfacet
  facet normal -0.820346 0.532834 -0.207653
    outer loop
      vertex 0.776547 19.7941 -1.22939
      vertex 0.687024 19.8458 -0.743063
      vertex 1.03811 20.1968 -1.22939
    endloop
  endfacet
  facet normal -0.951057 0 -0.309016
    outer loop
      vertex 0.315493 16.7888 -1.70225
      vertex 0.161852 17.5 -1.22939
      vertex 0.315493 17.5 -1.70225
    endloop
  endfacet
  facet normal -0.951058 -2.02349e-06 -0.309013
    outer loop
      vertex 0.249191 16.6795 -1.49819
      vertex 0.161852 17.5 -1.22939
      vertex 0.315493 16.7888 -1.70225
    endloop
  endfacet
  facet normal -0.951056 -0 -0.309019
    outer loop
      vertex 0.161852 17.5 -1.22939
      vertex 0.249191 16.6795 -1.49819
      vertex 0.161852 16.5321 -1.22939
    endloop
  endfacet
  facet normal -0.951058 0 -0.309012
    outer loop
      vertex 0.315493 3.25 -1.70225
      vertex 0.249191 9.5906 -1.49819
      vertex 0.315493 9.7217 -1.70225
    endloop
  endfacet
  facet normal -0.951056 2.29022e-07 -0.309019
    outer loop
      vertex 0.315493 3.25 -1.70225
      vertex 0.161852 9.42133 -1.22939
      vertex 0.249191 9.5906 -1.49819
    endloop
  endfacet
  facet normal -0.951057 -0 -0.309016
    outer loop
      vertex 0.161852 9.42133 -1.22939
      vertex 0.315493 3.25 -1.70225
      vertex 0.161852 3.25 -1.22939
    endloop
  endfacet
  facet normal -1 0 0
    outer loop
      vertex 0.00650883 15.9738 -0.248595
      vertex 0.00650883 17.5 0.248595
      vertex 0.00650883 17.5 -0.248595
    endloop
  endfacet
  facet normal -1 -0 0
    outer loop
      vertex 0.00650883 17.5 0.248595
      vertex 0.00650883 15.9738 -0.248595
      vertex 0.00650883 15.6809 0.248595
    endloop
  endfacet
  facet normal -1 0 0
    outer loop
      vertex 0.00650883 3.25 -0.248595
      vertex 0.00650883 8.53128 0.248595
      vertex 0.00650883 8.82415 -0.248595
    endloop
  endfacet
  facet normal -1 -0 0
    outer loop
      vertex 0.00650883 8.53128 0.248595
      vertex 0.00650883 3.25 -0.248595
      vertex 0.00650883 3.25 0.248595
    endloop
  endfacet
  facet normal -0.865139 0.0453396 -0.499479
    outer loop
      vertex 0.766315 17.5 -2.58704
      vertex 0.517718 17.5 -2.15645
      vertex 0.540903 17.9424 -2.15645
    endloop
  endfacet
  facet normal -0.912499 0.0478216 -0.406275
    outer loop
      vertex 0.517718 17.5 -2.15645
      vertex 0.315493 17.5 -1.70225
      vertex 0.540903 17.9424 -2.15645
    endloop
  endfacet
  facet normal -0.939471 -0.148797 -0.308631
    outer loop
      vertex 0.262114 2.29607 -1.22939
      vertex 0.186986 2.77041 -1.22939
      vertex 0.412397 2.32801 -1.70225
    endloop
  endfacet
  facet normal -0.966162 -0.153025 -0.207639
    outer loop
      vertex 0.262114 2.29607 -1.22939
      vertex 0.0841808 2.7596 -0.743063
      vertex 0.186986 2.77041 -1.22939
    endloop
  endfacet
  facet normal -0.362825 -0.184858 -0.913337
    outer loop
      vertex 2.88245 2.17177 -4.23228
      vertex 2.77998 2.37289 -4.23228
      vertex 3.27581 2.39888 -4.43451
    endloop
  endfacet
  facet normal -0.341525 -0.221772 -0.913333
    outer loop
      vertex 3.37285 2.24944 -4.43451
      vertex 3.00539 1.98247 -4.23228
      vertex 3.27581 2.39888 -4.43451
    endloop
  endfacet
  facet normal -0.59663 0.303986 -0.742715
    outer loop
      vertex 2.01916 18.7158 -3.69144
      vertex 1.84123 19.1794 -3.35876
      vertex 2.16121 18.9946 -3.69144
    endloop
  endfacet
  facet normal -0.524187 0.267076 -0.80864
    outer loop
      vertex 2.38663 18.5522 -3.98368
      vertex 2.01916 18.7158 -3.69144
      vertex 2.16121 18.9946 -3.69144
    endloop
  endfacet
  facet normal -0.483547 0.129414 -0.865699
    outer loop
      vertex 2.50318 18.0858 -4.13492
      vertex 2.28958 18.2994 -3.98368
      vertex 2.49627 18.2323 -4.10916
    endloop
  endfacet
  facet normal -0.625147 0.239979 -0.742699
    outer loop
      vertex 1.90703 18.4237 -3.69144
      vertex 1.68162 18.8661 -3.35876
      vertex 2.01916 18.7158 -3.69144
    endloop
  endfacet
  facet normal -0.888016 0.34084 -0.308636
    outer loop
      vertex 0.698875 19.3037 -1.70225
      vertex 0.386412 18.9178 -1.22939
      vertex 0.558518 19.3662 -1.22939
    endloop
  endfacet
  facet normal -0.612655 0.612557 -0.499427
    outer loop
      vertex 2.08439 20.4605 -2.58704
      vertex 1.6048 20.3319 -2.15645
      vertex 1.91805 20.6452 -2.15645
    endloop
  endfacet
  facet normal -0.612657 0.612553 -0.49943
    outer loop
      vertex 1.6048 20.3319 -2.15645
      vertex 2.08439 20.4605 -2.58704
      vertex 1.78954 20.1656 -2.58704
    endloop
  endfacet
  facet normal -0.781809 0.209509 -0.587265
    outer loop
      vertex 1.13922 18.2675 -2.98927
      vertex 0.961289 18.731 -2.58704
      vertex 1.23923 18.6407 -2.98927
    endloop
  endfacet
  facet normal -0.694214 0.266503 -0.668613
    outer loop
      vertex 1.55563 18.5379 -3.35876
      vertex 1.23923 18.6407 -2.98927
      vertex 1.3777 19.0014 -2.98927
    endloop
  endfacet
  facet normal -0.457696 0.369829 -0.808543
    outer loop
      vertex 2.40105 19.2066 -3.75379
      vertex 2.33163 19.257 -3.69144
      vertex 2.39423 19.2538 -3.72834
    endloop
  endfacet
  facet normal -0.577824 0.467949 -0.668688
    outer loop
      vertex 2.03271 19.4742 -3.35876
      vertex 2.00672 19.9701 -2.98927
      vertex 2.25396 19.7474 -3.35876
    endloop
  endfacet
  facet normal -0.526134 0.525369 -0.668708
    outer loop
      vertex 2.00672 19.9701 -2.98927
      vertex 2.2952 19.7887 -3.35876
      vertex 2.25396 19.7474 -3.35876
    endloop
  endfacet
  facet normal -0.525691 0.525913 -0.668629
    outer loop
      vertex 2.2952 19.7887 -3.35876
      vertex 2.00672 19.9701 -2.98927
      vertex 2.1962 20.1595 -2.98927
    endloop
  endfacet
  facet normal -0.474025 0.473337 -0.742464
    outer loop
      vertex 2.31503 19.6925 -3.43275
      vertex 2.25396 19.7474 -3.35876
      vertex 2.2952 19.7887 -3.35876
    endloop
  endfacet
  facet normal -0.520375 0.421423 -0.742706
    outer loop
      vertex 2.33163 19.257 -3.69144
      vertex 2.03271 19.4742 -3.35876
      vertex 2.25396 19.7474 -3.35876
    endloop
  endfacet
  facet normal -0.494376 0.0782674 -0.865718
    outer loop
      vertex 2.51057 17.8984 -4.16251
      vertex 2.2195 18.0379 -3.98368
      vertex 2.50833 17.9765 -4.15417
    endloop
  endfacet
  facet normal -0.494369 0.0782858 -0.86572
    outer loop
      vertex 2.2195 18.0379 -3.98368
      vertex 2.51057 17.8984 -4.16251
      vertex 2.17714 17.7704 -3.98368
    endloop
  endfacet
  facet normal -0.853061 -0.327456 -0.406275
    outer loop
      vertex 0.698875 1.44632 -1.70225
      vertex 0.532533 1.87966 -1.70225
      vertex 0.724861 1.94215 -2.15645
    endloop
  endfacet
  facet normal -0.888005 -0.34087 -0.308634
    outer loop
      vertex 0.698875 1.44632 -1.70225
      vertex 0.386412 1.83218 -1.22939
      vertex 0.532533 1.87966 -1.70225
    endloop
  endfacet
  facet normal -0.577888 -0.467964 -0.668622
    outer loop
      vertex 2.00672 0.779942 -2.98927
      vertex 1.76356 1.08022 -2.98927
      vertex 2.03271 1.27577 -3.35876
    endloop
  endfacet
  facet normal -0.404991 -0.623642 -0.66862
    outer loop
      vertex 2.90428 0.0531158 -2.98927
      vertex 2.58022 0.263559 -2.98927
      vertex 2.77577 0.532708 -3.35876
    endloop
  endfacet
  facet normal -0.467965 -0.57789 -0.66862
    outer loop
      vertex 2.77577 0.532708 -3.35876
      vertex 2.27994 0.506722 -2.98927
      vertex 2.50255 0.753957 -3.35876
    endloop
  endfacet
  facet normal -0.545185 -0.673272 -0.499478
    outer loop
      vertex 2.08439 0.289544 -2.58704
      vertex 2.38874 0 -2.52895
      vertex 2.19554 0 -2.31807
    endloop
  endfacet
  facet normal -0.545206 -0.673285 -0.499437
    outer loop
      vertex 2.38874 0 -2.52895
      vertex 2.08439 0.289544 -2.58704
      vertex 2.40845 0.0271301 -2.58704
    endloop
  endfacet
  facet normal -0.568266 -0.152256 -0.808636
    outer loop
      vertex 2.28958 2.45056 -3.98368
      vertex 1.90703 2.32626 -3.69144
      vertex 2.2195 2.71212 -3.98368
    endloop
  endfacet
  facet normal -0.52418 -0.267082 -0.808642
    outer loop
      vertex 2.16121 1.75536 -3.69144
      vertex 2.01916 2.03415 -3.69144
      vertex 2.38663 2.19776 -3.98368
    endloop
  endfacet
  facet normal -0.662557 -0.337592 -0.668617
    outer loop
      vertex 1.84123 1.57062 -3.35876
      vertex 1.3777 1.74855 -2.98927
      vertex 1.68162 1.88387 -3.35876
    endloop
  endfacet
  facet normal -0.596647 -0.304009 -0.742692
    outer loop
      vertex 1.84123 1.57062 -3.35876
      vertex 1.68162 1.88387 -3.35876
      vertex 2.01916 2.03415 -3.69144
    endloop
  endfacet
  facet normal -0.646814 -0.173303 -0.742696
    outer loop
      vertex 1.90703 2.32626 -3.69144
      vertex 1.46464 2.55167 -3.35876
      vertex 1.82605 2.6285 -3.69144
    endloop
  endfacet
  facet normal -0.646817 -0.173314 -0.742691
    outer loop
      vertex 1.55563 2.21209 -3.35876
      vertex 1.46464 2.55167 -3.35876
      vertex 1.90703 2.32626 -3.69144
    endloop
  endfacet
  facet normal -0.668714 -0.0350461 -0.742694
    outer loop
      vertex 1.40964 2.89891 -3.35876
      vertex 1.39124 3.25 -3.35876
      vertex 1.7771 2.93754 -3.69144
    endloop
  endfacet
  facet normal -0.74259 -0.0389178 -0.668615
    outer loop
      vertex 1.40964 2.89891 -3.35876
      vertex 1.07878 2.86414 -2.98927
      vertex 1.39124 3.25 -3.35876
    endloop
  endfacet
  facet normal -0.572328 -0.572328 -0.587266
    outer loop
      vertex 2.08439 0.289544 -2.58704
      vertex 2.00672 0.779942 -2.98927
      vertex 2.27994 0.506722 -2.98927
    endloop
  endfacet
  facet normal -0.572328 -0.572328 -0.587266
    outer loop
      vertex 2.00672 0.779942 -2.98927
      vertex 2.08439 0.289544 -2.58704
      vertex 1.78954 0.584394 -2.58704
    endloop
  endfacet
  facet normal -0.421415 -0.520391 -0.742699
    outer loop
      vertex 2.99295 0.831628 -3.69144
      vertex 2.50255 0.753957 -3.35876
      vertex 2.74979 1.02854 -3.69144
    endloop
  endfacet
  facet normal -0.710119 -0.575042 -0.406273
    outer loop
      vertex 1.45452 0.282735 -1.70225
      vertex 1.16241 0.643461 -1.70225
      vertex 1.6048 0.418051 -2.15645
    endloop
  endfacet
  facet normal -0.760209 -0.615604 -0.20764
    outer loop
      vertex 1.26352 0.11076 -0.743063
      vertex 0.95448 0.492393 -0.743063
      vertex 1.03811 0.553154 -1.22939
    endloop
  endfacet
  facet normal -0.871588 -0.444098 -0.207634
    outer loop
      vertex 0.776547 0.955926 -1.22939
      vertex 0.464083 1.34179 -0.743063
      vertex 0.558518 1.38383 -1.22939
    endloop
  endfacet
  facet normal -0.913234 -0.350559 -0.207635
    outer loop
      vertex 0.464083 1.34179 -0.743063
      vertex 0.386412 1.83218 -1.22939
      vertex 0.558518 1.38383 -1.22939
    endloop
  endfacet
  facet normal -0.612587 -0.612587 0.499475
    outer loop
      vertex 1.6048 0.418051 2.15645
      vertex 2.08439 0.289544 2.58704
      vertex 1.78954 0.584394 2.58704
    endloop
  endfacet
  facet normal -0.612586 -0.612588 0.499474
    outer loop
      vertex 2.08439 0.289544 2.58704
      vertex 1.6048 0.418051 2.15645
      vertex 1.91805 0.104802 2.15645
    endloop
  endfacet
  facet normal -0.88614 -0.451507 0.104387
    outer loop
      vertex 0.464083 1.34179 0.743063
      vertex 0.416606 1.32065 0.248595
      vertex 0.642016 0.878254 0.248595
    endloop
  endfacet
  facet normal -0.928479 -0.356413 0.104387
    outer loop
      vertex 0.464083 1.34179 0.743063
      vertex 0.238672 1.78418 0.248595
      vertex 0.416606 1.32065 0.248595
    endloop
  endfacet
  facet normal 0.0160935 0.103401 -0.99451
    outer loop
      vertex 12.5517 17.7432 -4.74349
      vertex 12.526 17.7472 -4.74349
      vertex 12.5777 18.239 -4.69152
    endloop
  endfacet
  facet normal -0.0658863 -0.0813322 -0.994507
    outer loop
      vertex 4.60388 3.04888 -4.74349
      vertex 4.31324 2.64885 -4.69152
      vertex 4.58366 3.06526 -4.74349
    endloop
  endfacet
  facet normal 0.305594 -0.0484464 -0.950929
    outer loop
      vertex 14.165 2.89608 -4.43451
      vertex 13.7025 2.9944 -4.58815
      vertex 14.1929 3.07207 -4.43451
    endloop
  endfacet
  facet normal 0.288873 -0.110791 -0.950935
    outer loop
      vertex 14.0551 2.55763 -4.43451
      vertex 13.6231 2.74996 -4.58815
      vertex 14.1189 2.72398 -4.43451
    endloop
  endfacet
  facet normal 0.316478 -0.256209 -0.913345
    outer loop
      vertex 14.2446 1.98247 -4.23228
      vertex 13.765 2.11097 -4.43451
      vertex 13.8771 2.24944 -4.43451
    endloop
  endfacet
  facet normal 0.259473 -0.168542 -0.95093
    outer loop
      vertex 13.9742 2.39888 -4.43451
      vertex 13.4946 2.52738 -4.58815
      vertex 13.5647 2.6353 -4.58815
    endloop
  endfacet
  facet normal 0.354031 -0.353883 -0.865695
    outer loop
      vertex 14.2311 1.32746 -3.98368
      vertex 14.1026 1.80705 -4.23228
      vertex 14.4225 1.51894 -3.98368
    endloop
  endfacet
  facet normal 0.353782 -0.353982 -0.865757
    outer loop
      vertex 14.1026 1.80705 -4.23228
      vertex 14.2311 1.32746 -3.98368
      vertex 13.9429 1.64744 -4.23228
    endloop
  endfacet
  facet normal 0.287842 -0.288005 -0.913346
    outer loop
      vertex 13.9429 1.64744 -4.23228
      vertex 13.765 2.11097 -4.43451
      vertex 14.1026 1.80705 -4.23228
    endloop
  endfacet
  facet normal 0.287938 -0.287961 -0.913329
    outer loop
      vertex 13.765 2.11097 -4.43451
      vertex 13.9429 1.64744 -4.23228
      vertex 13.639 1.98498 -4.43451
    endloop
  endfacet
  facet normal 0.520454 -0.421441 -0.742641
    outer loop
      vertex 14.996 1.00255 -3.35876
      vertex 14.7215 1.24979 -3.69144
      vertex 14.9184 1.49295 -3.69144
    endloop
  endfacet
  facet normal 0.419774 -0.272532 -0.865746
    outer loop
      vertex 14.593 1.72938 -3.98368
      vertex 14.2446 1.98247 -4.23228
      vertex 14.3675 2.17177 -4.23228
    endloop
  endfacet
  facet normal 0.341566 -0.221756 -0.913322
    outer loop
      vertex 14.2446 1.98247 -4.23228
      vertex 13.9742 2.39888 -4.43451
      vertex 14.3675 2.17177 -4.23228
    endloop
  endfacet
  facet normal 0.0325657 -0.205619 -0.97809
    outer loop
      vertex 12.7556 2.04747 -4.58815
      vertex 12.6285 2.02734 -4.58815
      vertex 12.6545 2.52317 -4.69152
    endloop
  endfacet
  facet normal 0.0325562 -0.205618 -0.978091
    outer loop
      vertex 12.6285 2.02734 -4.58815
      vertex 12.5777 2.51101 -4.69152
      vertex 12.6545 2.52317 -4.69152
    endloop
  endfacet
  facet normal 0.110836 -0.28885 -0.950937
    outer loop
      vertex 13.026 1.63107 -4.43451
      vertex 13 2.1269 -4.58815
      vertex 13.1924 1.69492 -4.43451
    endloop
  endfacet
  facet normal 0.145886 -0.380194 -0.913329
    outer loop
      vertex 13.3771 1.27998 -4.23228
      vertex 13.026 1.63107 -4.43451
      vertex 13.1924 1.69492 -4.43451
    endloop
  endfacet
  facet normal -0.524193 -0.267072 -0.808637
    outer loop
      vertex 2.50956 1.95648 -3.98368
      vertex 2.16121 1.75536 -3.69144
      vertex 2.38663 2.19776 -3.98368
    endloop
  endfacet
  facet normal -0.445977 -0.227221 -0.865722
    outer loop
      vertex 2.50956 1.95648 -3.98368
      vertex 2.38663 2.19776 -3.98368
      vertex 2.77998 2.37289 -4.23228
    endloop
  endfacet
  facet normal -0.520399 -0.421412 -0.742696
    outer loop
      vertex 2.25396 1.00255 -3.35876
      vertex 2.03271 1.27577 -3.35876
      vertex 2.33163 1.49295 -3.69144
    endloop
  endfacet
  facet normal -0.561589 -0.36472 -0.742696
    outer loop
      vertex 2.33163 1.49295 -3.69144
      vertex 2.03271 1.27577 -3.35876
      vertex 2.16121 1.75536 -3.69144
    endloop
  endfacet
  facet normal -0.364708 -0.5616 -0.742693
    outer loop
      vertex 3.07062 0.34123 -3.35876
      vertex 2.77577 0.532708 -3.35876
      vertex 3.25536 0.661214 -3.69144
    endloop
  endfacet
  facet normal -0.104682 -0.661403 -0.74269
    outer loop
      vertex 4.34023 0 -3.43095
      vertex 4.43754 0.277103 -3.69144
      vertex 4.40841 0 -3.44056
    endloop
  endfacet
  facet normal -0.104755 -0.661384 -0.742697
    outer loop
      vertex 4.43754 0.277103 -3.69144
      vertex 4.34023 0 -3.43095
      vertex 4.1285 0.326051 -3.69144
    endloop
  endfacet
  facet normal -0.0637009 -0.402195 -0.913336
    outer loop
      vertex 4.52459 1.10536 -4.23228
      vertex 4.30165 1.14067 -4.23228
      vertex 4.57207 1.55708 -4.43451
    endloop
  endfacet
  facet normal -0.0800877 -0.298856 -0.950932
    outer loop
      vertex 4.4944 2.04747 -4.58815
      vertex 4.22398 1.63107 -4.43451
      vertex 4.3701 2.08078 -4.58815
    endloop
  endfacet
  facet normal -0.421411 -0.5204 -0.742696
    outer loop
      vertex 2.77577 0.532708 -3.35876
      vertex 2.50255 0.753957 -3.35876
      vertex 2.99295 0.831628 -3.69144
    endloop
  endfacet
  facet normal -0.103381 -0.0163719 -0.994507
    outer loop
      vertex 4.50684 3.19831 -4.74349
      vertex 4.01101 3.17233 -4.69152
      vertex 4.50277 3.22401 -4.74349
    endloop
  endfacet
  facet normal -0.0813436 -0.0658688 -0.994507
    outer loop
      vertex 4.1978 2.75279 -4.69152
      vertex 4.14885 2.81324 -4.69152
      vertex 4.56526 3.08366 -4.74349
    endloop
  endfacet
  facet normal 0.0571141 0.0876821 -0.99451
    outer loop
      vertex 12.6461 17.7011 -4.74349
      vertex 12.6243 17.7153 -4.74349
      vertex 12.9368 18.1012 -4.69152
    endloop
  endfacet
  facet normal 0.855686 0.135541 -0.49943
    outer loop
      vertex 16.7091 17.9424 -2.15645
      vertex 16.4619 17.9164 -2.58704
      vertex 16.6398 18.3799 -2.15645
    endloop
  endfacet
  facet normal 0.865171 0.0452948 -0.499426
    outer loop
      vertex 16.4837 17.5 -2.58704
      vertex 16.4619 17.9164 -2.58704
      vertex 16.7091 17.9424 -2.15645
    endloop
  endfacet
  facet normal 0.743235 0 -0.66903
    outer loop
      vertex 16.1914 3.25 -2.98927
      vertex 15.8588 17.5 -3.35876
      vertex 16.1914 17.5 -2.98927
    endloop
  endfacet
  facet normal 0.743235 0 -0.66903
    outer loop
      vertex 15.8588 17.5 -3.35876
      vertex 16.1914 3.25 -2.98927
      vertex 15.8588 3.25 -3.35876
    endloop
  endfacet
  facet normal 0.799394 0.126529 -0.587333
    outer loop
      vertex 16.1712 17.8859 -2.98927
      vertex 16.1108 18.2675 -2.98927
      vertex 16.4619 17.9164 -2.58704
    endloop
  endfacet
  facet normal 0.944886 0.253151 -0.207619
    outer loop
      vertex 16.9879 18.4539 -1.22939
      vertex 16.9619 18.9498 -0.743063
      vertex 17.089 18.4754 -0.743063
    endloop
  endfacet
  facet normal 0.960663 0.257378 -0.104317
    outer loop
      vertex 17.089 18.4754 -0.743063
      vertex 16.9619 18.9498 -0.743063
      vertex 17.1398 18.4862 -0.248595
    endloop
  endfacet
  facet normal 0.913269 0.350521 0.207544
    outer loop
      vertex 16.7859 19.4082 0.743063
      vertex 16.6915 19.3662 1.22939
      vertex 16.8636 18.9178 1.22939
    endloop
  endfacet
  facet normal 0.944886 0.253151 0.207619
    outer loop
      vertex 17.089 18.4754 0.743063
      vertex 16.9619 18.9498 0.743063
      vertex 16.9879 18.4539 1.22939
    endloop
  endfacet
  facet normal 0.703243 0.703243 0.104391
    outer loop
      vertex 15.9491 20.75 0.248595
      vertex 15.9865 20.6392 0.743063
      vertex 16.0251 20.674 0.248595
    endloop
  endfacet
  facet normal 0.703243 0.703243 0.104391
    outer loop
      vertex 15.9865 20.6392 0.743063
      vertex 15.9491 20.75 0.248595
      vertex 15.8757 20.75 0.743063
    endloop
  endfacet
  facet normal 0.912516 0.0478535 -0.406232
    outer loop
      vertex 16.7323 17.5 -2.15645
      vertex 16.7091 17.9424 -2.15645
      vertex 16.9345 17.5 -1.70225
    endloop
  endfacet
  facet normal -0.525825 -0.525787 0.668623
    outer loop
      vertex 2.00672 0.779942 2.98927
      vertex 2.2952 0.961307 3.35876
      vertex 2.25396 1.00255 3.35876
    endloop
  endfacet
  facet normal -0.525803 -0.525814 0.668619
    outer loop
      vertex 2.2952 0.961307 3.35876
      vertex 2.00672 0.779942 2.98927
      vertex 2.1962 0.590466 2.98927
    endloop
  endfacet
  facet normal -0.673265 -0.545192 0.49948
    outer loop
      vertex 1.52713 0.908448 2.58704
      vertex 1.32601 0.762327 2.15645
      vertex 1.78954 0.584394 2.58704
    endloop
  endfacet
  facet normal -0.57499 -0.710126 0.406334
    outer loop
      vertex 1.97305 0.0602684 2.15645
      vertex 1.91805 0.104802 2.15645
      vertex 1.95376 0.0347121 2.08449
    endloop
  endfacet
  facet normal -0.52418 -0.267082 0.808642
    outer loop
      vertex 2.38663 2.19776 3.98368
      vertex 2.01916 2.03415 3.69144
      vertex 2.16121 1.75536 3.69144
    endloop
  endfacet
  facet normal -0.568266 -0.152256 0.808636
    outer loop
      vertex 2.2195 2.71212 3.98368
      vertex 1.90703 2.32626 3.69144
      vertex 2.28958 2.45056 3.98368
    endloop
  endfacet
  facet normal 0.0571141 0.0876821 0.99451
    outer loop
      vertex 12.9368 18.1012 4.69152
      vertex 12.6243 17.7153 4.74349
      vertex 12.6461 17.7011 4.74349
    endloop
  endfacet
  facet normal 0.256368 -0.31643 0.913317
    outer loop
      vertex 13.639 1.98498 4.43451
      vertex 13.5006 1.87285 4.43451
      vertex 13.7675 1.50539 4.23228
    endloop
  endfacet
  facet normal 0.316485 -0.25619 0.913348
    outer loop
      vertex 14.2446 1.98247 4.23228
      vertex 13.765 2.11097 4.43451
      vertex 14.1026 1.80705 4.23228
    endloop
  endfacet
  facet normal 0.354031 -0.353883 0.865695
    outer loop
      vertex 14.1026 1.80705 4.23228
      vertex 14.2311 1.32746 3.98368
      vertex 14.4225 1.51894 3.98368
    endloop
  endfacet
  facet normal 0.353782 -0.353982 0.865757
    outer loop
      vertex 14.2311 1.32746 3.98368
      vertex 14.1026 1.80705 4.23228
      vertex 13.9429 1.64744 4.23228
    endloop
  endfacet
  facet normal 0.129562 -0.483472 0.865718
    outer loop
      vertex 13.1664 1.19909 4.23228
      vertex 12.9484 1.14067 4.23228
      vertex 13.2994 0.789582 3.98368
    endloop
  endfacet
  facet normal 0.22179 -0.341507 0.913336
    outer loop
      vertex 13.7675 1.50539 4.23228
      vertex 13.3511 1.77581 4.43451
      vertex 13.5782 1.38245 4.23228
    endloop
  endfacet
  facet normal 0.0483918 -0.305596 0.950931
    outer loop
      vertex 12.7556 2.04747 4.58815
      vertex 12.6779 1.55708 4.43451
      vertex 12.8539 1.58495 4.43451
    endloop
  endfacet
  facet normal 0.0484002 -0.305597 0.95093
    outer loop
      vertex 12.7556 2.04747 4.58815
      vertex 12.6285 2.02734 4.58815
      vertex 12.6779 1.55708 4.43451
    endloop
  endfacet
  facet normal 0.227239 -0.445962 0.865725
    outer loop
      vertex 13.5782 1.38245 4.23228
      vertex 13.3771 1.27998 4.23228
      vertex 13.7935 1.00956 3.98368
    endloop
  endfacet
  facet normal 0.272601 -0.419771 0.865726
    outer loop
      vertex 14.0206 1.15704 3.98368
      vertex 13.5782 1.38245 4.23228
      vertex 13.7935 1.00956 3.98368
    endloop
  endfacet
  facet normal 0.105403 -0.39332 0.91334
    outer loop
      vertex 13.026 1.63107 4.43451
      vertex 12.8539 1.58495 4.43451
      vertex 12.9484 1.14067 4.23228
    endloop
  endfacet
  facet normal 0.063688 -0.402192 0.913338
    outer loop
      vertex 12.8539 1.58495 4.43451
      vertex 12.6779 1.55708 4.43451
      vertex 12.9484 1.14067 4.23228
    endloop
  endfacet
  facet normal 0.210836 -0.549235 0.808634
    outer loop
      vertex 13.5522 0.886625 3.98368
      vertex 13.2994 0.789582 3.98368
      vertex 13.7158 0.519164 3.69144
    endloop
  endfacet
  facet normal 0.179378 -0.467284 0.865719
    outer loop
      vertex 13.3771 1.27998 4.23228
      vertex 13.2994 0.789582 3.98368
      vertex 13.5522 0.886625 3.98368
    endloop
  endfacet
  facet normal 0.173332 -0.64682 0.742684
    outer loop
      vertex 13.1215 0.326051 3.69144
      vertex 13.2163 0 3.38535
      vertex 13.4237 0.407033 3.69144
    endloop
  endfacet
  facet normal 0.173585 -0.646749 0.742687
    outer loop
      vertex 13.2163 0 3.38535
      vertex 13.1215 0.326051 3.69144
      vertex 13.1908 0 3.39131
    endloop
  endfacet
  facet normal 0.152282 -0.568269 0.808629
    outer loop
      vertex 13.4237 0.407033 3.69144
      vertex 13.0379 0.719497 3.98368
      vertex 13.1215 0.326051 3.69144
    endloop
  endfacet
  facet normal 0.0920162 -0.581061 0.808642
    outer loop
      vertex 13.0379 0.719497 3.98368
      vertex 12.7704 0.677136 3.98368
      vertex 12.8125 0.277103 3.69144
    endloop
  endfacet
  facet normal 0.0782867 -0.494363 0.865723
    outer loop
      vertex 12.9484 1.14067 4.23228
      vertex 12.7704 0.677136 3.98368
      vertex 13.0379 0.719497 3.98368
    endloop
  endfacet
  facet normal -0.493397 -0.320412 0.808638
    outer loop
      vertex 2.16121 1.75536 3.69144
      vertex 2.40105 1.54339 3.75379
      vertex 2.42619 1.74148 3.84762
    endloop
  endfacet
  facet normal -0.493422 -0.320449 0.808609
    outer loop
      vertex 2.40105 1.54339 3.75379
      vertex 2.16121 1.75536 3.69144
      vertex 2.33163 1.49295 3.69144
    endloop
  endfacet
  facet normal -0.561601 -0.364712 0.74269
    outer loop
      vertex 2.16121 1.75536 3.69144
      vertex 1.84123 1.57062 3.35876
      vertex 2.03271 1.27577 3.35876
    endloop
  endfacet
  facet normal -0.577886 -0.467965 0.668623
    outer loop
      vertex 2.03271 1.27577 3.35876
      vertex 2.00672 0.779942 2.98927
      vertex 2.25396 1.00255 3.35876
    endloop
  endfacet
  facet normal -0.520399 -0.421412 0.742696
    outer loop
      vertex 2.33163 1.49295 3.69144
      vertex 2.03271 1.27577 3.35876
      vertex 2.25396 1.00255 3.35876
    endloop
  endfacet
  facet normal -0.808284 -0.042356 0.587268
    outer loop
      vertex 1.05856 3.25 2.98927
      vertex 0.766315 3.25 2.58704
      vertex 1.07878 2.86414 2.98927
    endloop
  endfacet
  facet normal -0.661385 -0.104758 0.742695
    outer loop
      vertex 1.82605 2.6285 3.69144
      vertex 1.40964 2.89891 3.35876
      vertex 1.46464 2.55167 3.35876
    endloop
  endfacet
  facet normal -0.0920339 -0.581069 -0.808634
    outer loop
      vertex 4.43754 0.277103 -3.69144
      vertex 4.1285 0.326051 -3.69144
      vertex 4.21212 0.719497 -3.98368
    endloop
  endfacet
  facet normal -0.0636928 -0.402199 -0.913334
    outer loop
      vertex 4.57207 1.55708 -4.43451
      vertex 4.30165 1.14067 -4.23228
      vertex 4.39608 1.58495 -4.43451
    endloop
  endfacet
  facet normal 0.129562 -0.483472 -0.865718
    outer loop
      vertex 13.2994 0.789582 -3.98368
      vertex 12.9484 1.14067 -4.23228
      vertex 13.1664 1.19909 -4.23228
    endloop
  endfacet
  facet normal 0.0261969 -0.499833 -0.865726
    outer loop
      vertex 12.7704 0.677136 -3.98368
      vertex 12.5 0.662964 -3.98368
      vertex 12.7254 1.10536 -4.23228
    endloop
  endfacet
  facet normal -0.19471 -0.240448 -0.950932
    outer loop
      vertex 3.74944 1.87285 -4.43451
      vertex 3.61097 1.98498 -4.43451
      vertex 4.02738 2.2554 -4.58815
    endloop
  endfacet
  facet normal -0.168502 -0.25949 -0.950932
    outer loop
      vertex 3.89888 1.77581 -4.43451
      vertex 3.74944 1.87285 -4.43451
      vertex 4.02738 2.2554 -4.58815
    endloop
  endfacet
  facet normal -0.0945091 -0.185491 -0.97809
    outer loop
      vertex 4.24996 2.1269 -4.58815
      vertex 4.1353 2.18532 -4.58815
      vertex 4.37847 2.60649 -4.69152
    endloop
  endfacet
  facet normal -0.14046 -0.27568 -0.950932
    outer loop
      vertex 4.24996 2.1269 -4.58815
      vertex 3.89888 1.77581 -4.43451
      vertex 4.1353 2.18532 -4.58815
    endloop
  endfacet
  facet normal -0.0538875 -0.201087 -0.97809
    outer loop
      vertex 4.4944 2.04747 -4.58815
      vertex 4.3701 2.08078 -4.58815
      vertex 4.52038 2.5433 -4.69152
    endloop
  endfacet
  facet normal -0.145919 -0.380167 -0.913335
    outer loop
      vertex 4.22398 1.63107 -4.43451
      vertex 3.87289 1.27998 -4.23228
      vertex 4.05763 1.69492 -4.43451
    endloop
  endfacet
  facet normal -0.0270887 -0.101102 -0.994507
    outer loop
      vertex 4.59551 2.52317 -4.69152
      vertex 4.52038 2.5433 -4.69152
      vertex 4.69831 3.00684 -4.74349
    endloop
  endfacet
  facet normal -0.0163644 -0.103381 -0.994507
    outer loop
      vertex 4.67233 2.51101 -4.69152
      vertex 4.59551 2.52317 -4.69152
      vertex 4.69831 3.00684 -4.74349
    endloop
  endfacet
  facet normal -0.0484036 -0.305595 -0.950931
    outer loop
      vertex 4.57207 1.55708 -4.43451
      vertex 4.4944 2.04747 -4.58815
      vertex 4.62149 2.02734 -4.58815
    endloop
  endfacet
  facet normal -0.0325681 -0.205617 -0.97809
    outer loop
      vertex 4.62149 2.02734 -4.58815
      vertex 4.4944 2.04747 -4.58815
      vertex 4.59551 2.52317 -4.69152
    endloop
  endfacet
  facet normal -0.772901 -0.625882 0.104384
    outer loop
      vertex 0.95448 0.492393 0.743063
      vertex 0.912436 0.461846 0.248595
      vertex 1.2249 0.075985 0.248595
    endloop
  endfacet
  facet normal -0.772901 -0.625882 0.104384
    outer loop
      vertex 1.26352 0.11076 0.743063
      vertex 0.95448 0.492393 0.743063
      vertex 1.2249 0.075985 0.248595
    endloop
  endfacet
  facet normal -0.0570822 0.0877137 0.994509
    outer loop
      vertex 4.6257 17.7153 4.74349
      vertex 4.31324 18.1012 4.69152
      vertex 4.60388 17.7011 4.74349
    endloop
  endfacet
  facet normal 0.00547524 -0.104527 0.994507
    outer loop
      vertex 12.5 3.0014 4.74349
      vertex 12.5 2.50694 4.69152
      vertex 12.5777 2.51101 4.69152
    endloop
  endfacet
  facet normal -0.0740074 0.0740074 0.994508
    outer loop
      vertex 4.25279 18.0522 4.69152
      vertex 4.56526 17.6663 4.74349
      vertex 4.58366 17.6847 4.74349
    endloop
  endfacet
  facet normal -0.0740149 0.0740014 0.994508
    outer loop
      vertex 4.56526 17.6663 4.74349
      vertex 4.25279 18.0522 4.69152
      vertex 4.1978 17.9972 4.69152
    endloop
  endfacet
  facet normal 0.113305 -0.174666 0.978087
    outer loop
      vertex 12.9368 2.64885 4.69152
      vertex 12.8715 2.60649 4.69152
      vertex 13.2226 2.2554 4.58815
    endloop
  endfacet
  facet normal 0.0932687 -0.0475092 0.994507
    outer loop
      vertex 13.1788 2.94777 4.69152
      vertex 12.7271 3.14889 4.74349
      vertex 13.1435 2.87847 4.69152
    endloop
  endfacet
  facet normal 0.185496 -0.0944791 0.978092
    outer loop
      vertex 13.6231 2.74996 4.58815
      vertex 13.1435 2.87847 4.69152
      vertex 13.5647 2.6353 4.58815
    endloop
  endfacet
  facet normal 0.25946 -0.168586 0.950926
    outer loop
      vertex 13.9742 2.39888 4.43451
      vertex 13.4946 2.52738 4.58815
      vertex 13.8771 2.24944 4.43451
    endloop
  endfacet
  facet normal 0.298874 -0.0800587 0.950928
    outer loop
      vertex 14.165 2.89608 4.43451
      vertex 13.7025 2.9944 4.58815
      vertex 14.1189 2.72398 4.43451
    endloop
  endfacet
  facet normal -0.0474713 0.0932932 0.994506
    outer loop
      vertex 4.64889 17.7271 4.74349
      vertex 4.37847 18.1435 4.69152
      vertex 4.6257 17.7153 4.74349
    endloop
  endfacet
  facet normal -0.201085 0.0538992 0.97809
    outer loop
      vertex 4.0433 17.7296 4.69152
      vertex 3.54747 17.7556 4.58815
      vertex 4.02317 17.6545 4.69152
    endloop
  endfacet
  facet normal 0.104519 -0.00551728 0.994508
    outer loop
      vertex 13.2431 3.25 4.69152
      vertex 12.7486 3.25 4.74349
      vertex 13.239 3.17233 4.69152
    endloop
  endfacet
  facet normal 0.266503 -0.694224 0.668603
    outer loop
      vertex 13.6828 0 3.24324
      vertex 13.8661 0.181623 3.35876
      vertex 13.5379 0.0556316 3.35876
    endloop
  endfacet
  facet normal 0.266448 -0.694199 0.668651
    outer loop
      vertex 13.8661 0.181623 3.35876
      vertex 13.6828 0 3.24324
      vertex 13.947 0 3.13796
    endloop
  endfacet
  facet normal 0.404941 -0.623643 0.66865
    outer loop
      vertex 14.4742 0.532708 3.35876
      vertex 14.3457 0.0531158 2.98927
      vertex 14.6698 0.263559 2.98927
    endloop
  endfacet
  facet normal 0.26708 -0.524194 0.808634
    outer loop
      vertex 13.9946 0.661214 3.69144
      vertex 13.5522 0.886625 3.98368
      vertex 13.7158 0.519164 3.69144
    endloop
  endfacet
  facet normal 0.303984 -0.596627 0.742718
    outer loop
      vertex 13.9946 0.661214 3.69144
      vertex 13.7158 0.519164 3.69144
      vertex 14.1794 0.34123 3.35876
    endloop
  endfacet
  facet normal 0.913227 -0.35059 -0.207613
    outer loop
      vertex 16.9619 1.80024 -0.743063
      vertex 16.7859 1.34179 -0.743063
      vertex 16.8636 1.83218 -1.22939
    endloop
  endfacet
  facet normal 0.91325 -0.350553 -0.207572
    outer loop
      vertex 16.7859 1.34179 -0.743063
      vertex 16.6915 1.38383 -1.22939
      vertex 16.8636 1.83218 -1.22939
    endloop
  endfacet
  facet normal 0.98768 -0.15649 0
    outer loop
      vertex 17.1398 2.26377 0.248595
      vertex 17.2175 2.75417 -0.248595
      vertex 17.2175 2.75417 0.248595
    endloop
  endfacet
  facet normal 0.98768 -0.15649 0
    outer loop
      vertex 17.2175 2.75417 -0.248595
      vertex 17.1398 2.26377 0.248595
      vertex 17.1398 2.26377 -0.248595
    endloop
  endfacet
  facet normal 0.966174 -0.152988 0.207613
    outer loop
      vertex 17.1658 2.7596 0.743063
      vertex 16.9879 2.29607 1.22939
      vertex 17.089 2.27458 0.743063
    endloop
  endfacet
  facet normal 0.944879 -0.253181 0.207614
    outer loop
      vertex 16.9879 2.29607 1.22939
      vertex 16.9619 1.80024 0.743063
      vertex 17.089 2.27458 0.743063
    endloop
  endfacet
  facet normal 0.902517 -0.142919 -0.406247
    outer loop
      vertex 16.8376 2.32801 -1.70225
      vertex 16.7091 2.80761 -2.15645
      vertex 16.9102 2.78647 -1.70225
    endloop
  endfacet
  facet normal 0.91251 -0.0478373 -0.406246
    outer loop
      vertex 16.9102 2.78647 -1.70225
      vertex 16.7091 2.80761 -2.15645
      vertex 16.9345 3.25 -1.70225
    endloop
  endfacet
  facet normal 0.808232 -0.0423115 0.587341
    outer loop
      vertex 16.1914 3.25 2.98927
      vertex 16.1712 2.86414 2.98927
      vertex 16.4837 3.25 2.58704
    endloop
  endfacet
  facet normal 0.742673 -0.0388794 0.668524
    outer loop
      vertex 16.1914 3.25 2.98927
      vertex 15.8588 3.25 3.35876
      vertex 16.1712 2.86414 2.98927
    endloop
  endfacet
  facet normal 0.718278 -0.192483 0.668601
    outer loop
      vertex 15.7854 2.55167 3.35876
      vertex 15.6944 2.21209 3.35876
      vertex 16.1108 2.4825 2.98927
    endloop
  endfacet
  facet normal 0.734465 -0.116333 0.668602
    outer loop
      vertex 15.8404 2.89891 3.35876
      vertex 15.7854 2.55167 3.35876
      vertex 16.1108 2.4825 2.98927
    endloop
  endfacet
  facet normal 0.694199 -0.266533 0.668616
    outer loop
      vertex 16.0108 2.10928 2.98927
      vertex 15.6944 2.21209 3.35876
      vertex 15.8723 1.74855 2.98927
    endloop
  endfacet
  facet normal 0.755648 -0.290126 0.587216
    outer loop
      vertex 16.0108 2.10928 2.98927
      vertex 15.8723 1.74855 2.98927
      vertex 16.2887 2.01897 2.58704
    endloop
  endfacet
  facet normal 0.672503 -0.672658 0.308659
    outer loop
      vertex 15.5127 0 1.70225
      vertex 15.9097 0.17993 1.22939
      vertex 15.7955 0.282735 1.70225
    endloop
  endfacet
  facet normal 0.672463 -0.672725 0.3086
    outer loop
      vertex 15.9097 0.17993 1.22939
      vertex 15.5127 0 1.70225
      vertex 15.7297 0 1.22939
    endloop
  endfacet
  facet normal 0.520454 -0.421441 0.742641
    outer loop
      vertex 14.9184 1.49295 3.69144
      vertex 14.7215 1.24979 3.69144
      vertex 14.996 1.00255 3.35876
    endloop
  endfacet
  facet normal 0.596607 -0.303969 0.74274
    outer loop
      vertex 15.5684 1.88387 3.35876
      vertex 15.2308 2.03415 3.69144
      vertex 15.4088 1.57062 3.35876
    endloop
  endfacet
  facet normal 0.473531 -0.473545 0.742646
    outer loop
      vertex 14.7215 1.24979 3.69144
      vertex 14.7474 0.753957 3.35876
      vertex 14.996 1.00255 3.35876
    endloop
  endfacet
  facet normal 0.473461 -0.473568 0.742676
    outer loop
      vertex 14.7474 0.753957 3.35876
      vertex 14.7215 1.24979 3.69144
      vertex 14.5002 1.02854 3.69144
    endloop
  endfacet
  facet normal 0.419832 -0.272493 0.86573
    outer loop
      vertex 14.7404 1.95648 3.98368
      vertex 14.3675 2.17177 4.23228
      vertex 14.593 1.72938 3.98368
    endloop
  endfacet
  facet normal 0.457121 -0.370363 0.808623
    outer loop
      vertex 14.593 1.72938 3.98368
      vertex 14.4225 1.51894 3.98368
      vertex 14.9184 1.49295 3.69144
    endloop
  endfacet
  facet normal 0.572271 -0.572368 0.587283
    outer loop
      vertex 15.2433 0.779942 2.98927
      vertex 15.1656 0.289544 2.58704
      vertex 15.4605 0.584394 2.58704
    endloop
  endfacet
  facet normal 0.572373 -0.572332 0.587218
    outer loop
      vertex 15.1656 0.289544 2.58704
      vertex 15.2433 0.779942 2.98927
      vertex 14.9701 0.506722 2.98927
    endloop
  endfacet
  facet normal 0.421422 -0.520375 0.742706
    outer loop
      vertex 14.7474 0.753957 3.35876
      vertex 14.257 0.831628 3.69144
      vertex 14.4742 0.532708 3.35876
    endloop
  endfacet
  facet normal 0.364714 -0.56158 0.742706
    outer loop
      vertex 14.257 0.831628 3.69144
      vertex 13.9946 0.661214 3.69144
      vertex 14.4742 0.532708 3.35876
    endloop
  endfacet
  facet normal 0.913227 -0.35059 0.207613
    outer loop
      vertex 16.8636 1.83218 1.22939
      vertex 16.7859 1.34179 0.743063
      vertex 16.9619 1.80024 0.743063
    endloop
  endfacet
  facet normal 0.928498 -0.356352 0.104429
    outer loop
      vertex 17.0113 1.78418 0.248595
      vertex 16.7859 1.34179 0.743063
      vertex 16.8334 1.32065 0.248595
    endloop
  endfacet
  facet normal 0.912516 0.0478535 0.406232
    outer loop
      vertex 16.9345 17.5 1.70225
      vertex 16.7091 17.9424 2.15645
      vertex 16.7323 17.5 2.15645
    endloop
  endfacet
  facet normal 0.913563 -0 0.406698
    outer loop
      vertex 16.7323 3.25 2.15645
      vertex 16.9345 17.5 1.70225
      vertex 16.7323 17.5 2.15645
    endloop
  endfacet
  facet normal 0.913563 0 0.406698
    outer loop
      vertex 16.9345 17.5 1.70225
      vertex 16.7323 3.25 2.15645
      vertex 16.9345 3.25 1.70225
    endloop
  endfacet
  facet normal 0.80882 0.310397 0.499464
    outer loop
      vertex 16.3664 19.2214 2.15645
      vertex 16.1393 19.1203 2.58704
      vertex 16.2887 18.731 2.58704
    endloop
  endfacet
  facet normal 0.755644 0.290149 0.587211
    outer loop
      vertex 16.2887 18.731 2.58704
      vertex 15.8723 19.0014 2.98927
      vertex 16.0108 18.6407 2.98927
    endloop
  endfacet
  facet normal 0.902497 0.142955 0.40628
    outer loop
      vertex 16.8376 18.422 1.70225
      vertex 16.6398 18.3799 2.15645
      vertex 16.7091 17.9424 2.15645
    endloop
  endfacet
  facet normal 0.939472 0.148758 0.308646
    outer loop
      vertex 17.063 17.9796 1.22939
      vertex 16.8376 18.422 1.70225
      vertex 16.9102 17.9635 1.70225
    endloop
  endfacet
  facet normal 0.887997 0.340821 0.308709
    outer loop
      vertex 16.6915 19.3662 1.22939
      vertex 16.5511 19.3037 1.70225
      vertex 16.8636 18.9178 1.22939
    endloop
  endfacet
  facet normal 0.820319 0.532891 0.207615
    outer loop
      vertex 16.563 19.8458 0.743063
      vertex 16.2119 20.1968 1.22939
      vertex 16.4735 19.7941 1.22939
    endloop
  endfacet
  facet normal 0.470537 0.727694 0.499055
    outer loop
      vertex 14.8613 20.75 2.52895
      vertex 14.8277 20.75 2.56063
      vertex 14.8416 20.7229 2.58704
    endloop
  endfacet
  facet normal 0.721202 0.367409 0.587263
    outer loop
      vertex 15.95 19.4918 2.58704
      vertex 15.6969 19.3457 2.98927
      vertex 15.8723 19.0014 2.98927
    endloop
  endfacet
  facet normal 0.574963 0.710152 0.406328
    outer loop
      vertex 15.4263 20.75 1.83971
      vertex 15.2785 20.75 2.04885
      vertex 15.3319 20.6452 2.15645
    endloop
  endfacet
  facet normal 0.64605 0.646149 0.406338
    outer loop
      vertex 15.7955 20.4673 1.70225
      vertex 15.4263 20.75 1.83971
      vertex 15.3319 20.6452 2.15645
    endloop
  endfacet
  facet normal 0.646066 0.646294 0.406082
    outer loop
      vertex 15.4263 20.75 1.83971
      vertex 15.7955 20.4673 1.70225
      vertex 15.5127 20.75 1.70225
    endloop
  endfacet
  facet normal 0.646081 0.646081 0.406397
    outer loop
      vertex 15.7955 20.4673 1.70225
      vertex 15.3319 20.6452 2.15645
      vertex 15.6452 20.3319 2.15645
    endloop
  endfacet
  facet normal 0.509226 0.629044 0.58736
    outer loop
      vertex 14.8416 20.7229 2.58704
      vertex 14.6698 20.4864 2.98927
      vertex 14.9701 20.2433 2.98927
    endloop
  endfacet
  facet normal 0.799394 0.126529 0.587333
    outer loop
      vertex 16.4619 17.9164 2.58704
      vertex 16.1108 18.2675 2.98927
      vertex 16.1712 17.8859 2.98927
    endloop
  endfacet
  facet normal 0.673251 0.54525 0.499435
    outer loop
      vertex 15.924 19.9877 2.15645
      vertex 15.4605 20.1656 2.58704
      vertex 15.7229 19.8416 2.58704
    endloop
  endfacet
  facet normal 0.838743 0.544528 0
    outer loop
      vertex 16.608 19.8717 0.248595
      vertex 16.3376 20.2882 -0.248595
      vertex 16.3376 20.2882 0.248595
    endloop
  endfacet
  facet normal 0.838743 0.544528 0
    outer loop
      vertex 16.3376 20.2882 -0.248595
      vertex 16.608 19.8717 0.248595
      vertex 16.608 19.8717 -0.248595
    endloop
  endfacet
  facet normal 0.871628 0.444064 -0.20754
    outer loop
      vertex 16.6915 19.3662 -1.22939
      vertex 16.4735 19.7941 -1.22939
      vertex 16.7859 19.4082 -0.743063
    endloop
  endfacet
  facet normal 0.691694 0.691694 -0.207653
    outer loop
      vertex 15.9865 20.6392 -0.743063
      vertex 15.7297 20.75 -1.22939
      vertex 15.8757 20.75 -0.743063
    endloop
  endfacet
  facet normal 0.691522 0.691907 -0.207514
    outer loop
      vertex 15.7297 20.75 -1.22939
      vertex 15.9865 20.6392 -0.743063
      vertex 15.9097 20.5701 -1.22939
    endloop
  endfacet
  facet normal 0.820326 0.532873 0.207634
    outer loop
      vertex 16.2955 20.2576 0.743063
      vertex 16.2119 20.1968 1.22939
      vertex 16.563 19.8458 0.743063
    endloop
  endfacet
  facet normal 0.83403 0.541775 0.10428
    outer loop
      vertex 16.608 19.8717 0.248595
      vertex 16.2955 20.2576 0.743063
      vertex 16.563 19.8458 0.743063
    endloop
  endfacet
  facet normal 0.493438 -0.320267 0.808671
    outer loop
      vertex 14.7404 1.95648 3.98368
      vertex 14.593 1.72938 3.98368
      vertex 15.0888 1.75536 3.69144
    endloop
  endfacet
  facet normal 0.52409 -0.267171 0.808672
    outer loop
      vertex 14.8634 2.19776 3.98368
      vertex 14.7404 1.95648 3.98368
      vertex 15.0888 1.75536 3.69144
    endloop
  endfacet
  facet normal 0.499779 -0.026059 0.865761
    outer loop
      vertex 15.087 3.25 3.98368
      vertex 14.6446 3.02459 4.23228
      vertex 15.0729 2.97958 3.98368
    endloop
  endfacet
  facet normal 0.499902 -0.0263912 0.86568
    outer loop
      vertex 14.6565 3.25 4.23228
      vertex 14.6446 3.02459 4.23228
      vertex 15.087 3.25 3.98368
    endloop
  endfacet
  facet normal 0.467271 -0.179293 0.865744
    outer loop
      vertex 14.9604 2.45056 3.98368
      vertex 14.47 2.37289 4.23228
      vertex 14.8634 2.19776 3.98368
    endloop
  endfacet
  facet normal 0.549317 -0.210774 0.808595
    outer loop
      vertex 14.9604 2.45056 3.98368
      vertex 14.8634 2.19776 3.98368
      vertex 15.2308 2.03415 3.69144
    endloop
  endfacet
  facet normal 0.201104 -0.0538027 0.978091
    outer loop
      vertex 13.2268 3.09551 4.69152
      vertex 13.2067 3.02038 4.69152
      vertex 13.7025 2.9944 4.58815
    endloop
  endfacet
  facet normal 0.483435 -0.129564 0.865739
    outer loop
      vertex 15.0305 2.71212 3.98368
      vertex 14.6093 2.80165 4.23228
      vertex 14.9604 2.45056 3.98368
    endloop
  endfacet
  facet normal 0.309009 0.0161539 0.950922
    outer loop
      vertex 14.1929 17.6779 4.43451
      vertex 13.7294 17.5 4.58815
      vertex 14.2022 17.5 4.43451
    endloop
  endfacet
  facet normal 0.406669 0.0212593 0.913328
    outer loop
      vertex 14.6446 17.7254 4.23228
      vertex 14.1929 17.6779 4.43451
      vertex 14.2022 17.5 4.43451
    endloop
  endfacet
  facet normal 0.646769 -0.173119 -0.742779
    outer loop
      vertex 15.7854 2.55167 -3.35876
      vertex 15.343 2.32626 -3.69144
      vertex 15.4239 2.6285 -3.69144
    endloop
  endfacet
  facet normal 0.568343 -0.152127 -0.808606
    outer loop
      vertex 15.343 2.32626 -3.69144
      vertex 15.0305 2.71212 -3.98368
      vertex 15.4239 2.6285 -3.69144
    endloop
  endfacet
  facet normal 0.734465 -0.116333 -0.668602
    outer loop
      vertex 16.1108 2.4825 -2.98927
      vertex 15.7854 2.55167 -3.35876
      vertex 15.8404 2.89891 -3.35876
    endloop
  endfacet
  facet normal 0.661297 -0.104744 -0.742775
    outer loop
      vertex 15.7854 2.55167 -3.35876
      vertex 15.4239 2.6285 -3.69144
      vertex 15.8404 2.89891 -3.35876
    endloop
  endfacet
  facet normal 0.625153 -0.239989 -0.74269
    outer loop
      vertex 15.5684 1.88387 -3.35876
      vertex 15.343 2.32626 -3.69144
      vertex 15.6944 2.21209 -3.35876
    endloop
  endfacet
  facet normal 0.646811 -0.173331 -0.742692
    outer loop
      vertex 15.6944 2.21209 -3.35876
      vertex 15.343 2.32626 -3.69144
      vertex 15.7854 2.55167 -3.35876
    endloop
  endfacet
  facet normal 0.623631 -0.405037 -0.668603
    outer loop
      vertex 15.6969 1.40428 -2.98927
      vertex 15.2173 1.27577 -3.35876
      vertex 15.4088 1.57062 -3.35876
    endloop
  endfacet
  facet normal 0.662582 -0.337575 -0.668602
    outer loop
      vertex 15.6969 1.40428 -2.98927
      vertex 15.4088 1.57062 -3.35876
      vertex 15.8723 1.74855 -2.98927
    endloop
  endfacet
  facet normal 0.218769 -0.218786 -0.950933
    outer loop
      vertex 13.639 1.98498 -4.43451
      vertex 13.4136 2.42738 -4.58815
      vertex 13.765 2.11097 -4.43451
    endloop
  endfacet
  facet normal 0.21878 -0.21878 -0.950932
    outer loop
      vertex 13.4136 2.42738 -4.58815
      vertex 13.639 1.98498 -4.43451
      vertex 13.3226 2.33638 -4.58815
    endloop
  endfacet
  facet normal -0 0.207919 0.978146
    outer loop
      vertex 4.75 18.7294 4.58815
      vertex 12.5 18.2431 4.69152
      vertex 12.5 18.7294 4.58815
    endloop
  endfacet
  facet normal 0 0.207919 0.978146
    outer loop
      vertex 12.5 18.2431 4.69152
      vertex 4.75 18.7294 4.58815
      vertex 4.75 18.2431 4.69152
    endloop
  endfacet
  facet normal -0.00551728 0.104519 0.994508
    outer loop
      vertex 4.75 18.2431 4.69152
      vertex 4.67233 18.239 4.69152
      vertex 4.75 17.7486 4.74349
    endloop
  endfacet
  facet normal -0.145831 0.380236 0.91332
    outer loop
      vertex 4.22398 19.1189 4.43451
      vertex 3.87289 19.47 4.23228
      vertex 4.05763 19.0551 4.43451
    endloop
  endfacet
  facet normal -0.0482691 0.305571 0.950945
    outer loop
      vertex 4.57207 19.1929 4.43451
      vertex 4.39608 19.1651 4.43451
      vertex 4.4944 18.7025 4.58815
    endloop
  endfacet
  facet normal 0.0109706 0.207906 0.978087
    outer loop
      vertex 12.5 18.7294 4.58815
      vertex 12.5 18.2431 4.69152
      vertex 12.5777 18.239 4.69152
    endloop
  endfacet
  facet normal -0.0160936 0.103402 0.994509
    outer loop
      vertex 4.72401 17.7472 4.74349
      vertex 4.67233 18.239 4.69152
      vertex 4.69831 17.7432 4.74349
    endloop
  endfacet
  facet normal -0.221852 0.341437 0.913347
    outer loop
      vertex 3.89888 18.9742 4.43451
      vertex 3.48247 19.2446 4.23228
      vertex 3.74944 18.8771 4.43451
    endloop
  endfacet
  facet normal -0.256209 0.316478 0.913345
    outer loop
      vertex 3.74944 18.8771 4.43451
      vertex 3.48247 19.2446 4.23228
      vertex 3.61097 18.765 4.43451
    endloop
  endfacet
  facet normal -0.364699 0.561624 0.74268
    outer loop
      vertex 3.25536 20.0888 3.69144
      vertex 2.77577 20.2173 3.35876
      vertex 2.99295 19.9184 3.69144
    endloop
  endfacet
  facet normal -0.364731 0.561571 0.742705
    outer loop
      vertex 3.07062 20.4088 3.35876
      vertex 2.77577 20.2173 3.35876
      vertex 3.25536 20.0888 3.69144
    endloop
  endfacet
  facet normal -0.131043 0.161782 0.978087
    outer loop
      vertex 4.02738 18.4946 4.58815
      vertex 3.92738 18.4136 4.58815
      vertex 4.31324 18.1012 4.69152
    endloop
  endfacet
  facet normal -0.240386 0.194758 0.950939
    outer loop
      vertex 3.48498 18.639 4.43451
      vertex 3.37285 18.5006 4.43451
      vertex 3.7554 18.2226 4.58815
    endloop
  endfacet
  facet normal -0.36282 0.184874 0.913336
    outer loop
      vertex 2.88245 18.5782 4.23228
      vertex 2.77998 18.3771 4.23228
      vertex 3.27581 18.3511 4.43451
    endloop
  endfacet
  facet normal -0.185492 0.0945128 0.97809
    outer loop
      vertex 4.10649 17.8715 4.69152
      vertex 3.6269 18 4.58815
      vertex 4.07118 17.8022 4.69152
    endloop
  endfacet
  facet normal -0.207894 0.0108897 0.978091
    outer loop
      vertex 4.01101 17.5777 4.69152
      vertex 3.52061 17.5 4.58815
      vertex 4.00694 17.5 4.69152
    endloop
  endfacet
  facet normal 0.037548 0.0977056 0.994507
    outer loop
      vertex 12.7296 18.2067 4.69152
      vertex 12.6011 17.7271 4.74349
      vertex 12.8022 18.1788 4.69152
    endloop
  endfacet
  facet normal -0.205619 0.0325657 0.97809
    outer loop
      vertex 3.54747 17.7556 4.58815
      vertex 3.52734 17.6285 4.58815
      vertex 4.02317 17.6545 4.69152
    endloop
  endfacet
  facet normal -0.0374216 0.0977388 0.994508
    outer loop
      vertex 4.67318 17.7364 4.74349
      vertex 4.52038 18.2067 4.69152
      vertex 4.64889 17.7271 4.74349
    endloop
  endfacet
  facet normal -0.499835 0.0262118 0.865724
    outer loop
      vertex 2.17714 17.7704 3.98368
      vertex 2.16296 17.5 3.98368
      vertex 2.60536 17.7254 4.23228
    endloop
  endfacet
  facet normal -0.499835 0.0262114 0.865724
    outer loop
      vertex 2.60536 17.7254 4.23228
      vertex 2.16296 17.5 3.98368
      vertex 2.59354 17.5 4.23228
    endloop
  endfacet
  facet normal -0.406648 0.0213267 0.913336
    outer loop
      vertex 3.05708 17.6779 4.43451
      vertex 2.60536 17.7254 4.23228
      vertex 3.04775 17.5 4.43451
    endloop
  endfacet
  facet normal -0.308974 0.0162042 0.950933
    outer loop
      vertex 3.05708 17.6779 4.43451
      vertex 3.04775 17.5 4.43451
      vertex 3.52061 17.5 4.58815
    endloop
  endfacet
  facet normal -0.79943 -0.126605 0.587267
    outer loop
      vertex 1.07878 2.86414 2.98927
      vertex 0.788137 2.83359 2.58704
      vertex 1.13922 2.4825 2.98927
    endloop
  endfacet
  facet normal -0.734456 -0.116315 0.668614
    outer loop
      vertex 1.40964 2.89891 3.35876
      vertex 1.07878 2.86414 2.98927
      vertex 1.13922 2.4825 2.98927
    endloop
  endfacet
  facet normal -0.577824 0.467949 0.668688
    outer loop
      vertex 2.25396 19.7474 3.35876
      vertex 2.00672 19.9701 2.98927
      vertex 2.03271 19.4742 3.35876
    endloop
  endfacet
  facet normal -0.662586 0.337553 0.668609
    outer loop
      vertex 1.84123 19.1794 3.35876
      vertex 1.3777 19.0014 2.98927
      vertex 1.68162 18.8661 3.35876
    endloop
  endfacet
  facet normal -0.337517 0.662642 0.668572
    outer loop
      vertex 3.20161 20.75 3.08676
      vertex 3.38387 20.5684 3.35876
      vertex 3.30301 20.75 3.13795
    endloop
  endfacet
  facet normal -0.337588 0.662591 0.668586
    outer loop
      vertex 3.38387 20.5684 3.35876
      vertex 3.20161 20.75 3.08676
      vertex 3.07062 20.4088 3.35876
    endloop
  endfacet
  facet normal -0.152284 0.568209 0.80867
    outer loop
      vertex 4.21212 20.0305 3.98368
      vertex 3.82626 20.343 3.69144
      vertex 3.95056 19.9604 3.98368
    endloop
  endfacet
  facet normal -0.035066 0.668723 0.742684
    outer loop
      vertex 4.66193 20.75 3.45253
      vertex 4.40841 20.75 3.44056
      vertex 4.43754 20.4729 3.69144
    endloop
  endfacet
  facet normal -0.104697 0.661405 0.742686
    outer loop
      vertex 4.34024 20.75 3.43095
      vertex 4.43754 20.4729 3.69144
      vertex 4.40841 20.75 3.44056
    endloop
  endfacet
  facet normal -0.104862 0.661361 0.742701
    outer loop
      vertex 4.43754 20.4729 3.69144
      vertex 4.34024 20.75 3.43095
      vertex 4.1285 20.4239 3.69144
    endloop
  endfacet
  facet normal -0.467283 0.17939 0.865717
    outer loop
      vertex 2.38663 18.5522 3.98368
      vertex 2.28958 18.2994 3.98368
      vertex 2.77998 18.3771 4.23228
    endloop
  endfacet
  facet normal -0.288843 0.110919 0.950929
    outer loop
      vertex 3.6269 18 4.58815
      vertex 3.13107 18.026 4.43451
      vertex 3.58078 17.8799 4.58815
    endloop
  endfacet
  facet normal -0.524187 0.267076 0.80864
    outer loop
      vertex 2.16121 18.9946 3.69144
      vertex 2.01916 18.7158 3.69144
      vertex 2.38663 18.5522 3.98368
    endloop
  endfacet
  facet normal -0.59663 0.303986 0.742715
    outer loop
      vertex 2.16121 18.9946 3.69144
      vertex 1.84123 19.1794 3.35876
      vertex 2.01916 18.7158 3.69144
    endloop
  endfacet
  facet normal -0.949876 0.049785 0.308638
    outer loop
      vertex 0.339786 17.9635 1.70225
      vertex 0.186986 17.9796 1.22939
      vertex 0.315493 17.5 1.70225
    endloop
  endfacet
  facet normal -0.9125 0.047826 0.406271
    outer loop
      vertex 0.339786 17.9635 1.70225
      vertex 0.315493 17.5 1.70225
      vertex 0.540903 17.9424 2.15645
    endloop
  endfacet
  facet normal -0.982293 0.15558 -0.104377
    outer loop
      vertex 0.0841808 17.9904 -0.743063
      vertex 0.0324945 17.9958 -0.248595
      vertex 0.110166 18.4862 -0.248595
    endloop
  endfacet
  facet normal -0.966161 0.153032 0.207641
    outer loop
      vertex 0.161001 18.4754 0.743063
      vertex 0.0841808 17.9904 0.743063
      vertex 0.262114 18.4539 1.22939
    endloop
  endfacet
  facet normal -0.575034 0.710128 0.406269
    outer loop
      vertex 1.97145 20.75 2.04885
      vertex 1.82369 20.75 1.83971
      vertex 1.91805 20.6452 2.15645
    endloop
  endfacet
  facet normal -0.902508 0.142927 0.406265
    outer loop
      vertex 0.412397 18.422 1.70225
      vertex 0.339786 17.9635 1.70225
      vertex 0.540903 17.9424 2.15645
    endloop
  endfacet
  facet normal -0.94487 0.25317 0.207668
    outer loop
      vertex 0.288099 18.9498 0.743063
      vertex 0.262114 18.4539 1.22939
      vertex 0.386412 18.9178 1.22939
    endloop
  endfacet
  facet normal -0.982293 0.15558 0.104377
    outer loop
      vertex 0.110166 18.4862 0.248595
      vertex 0.0324945 17.9958 0.248595
      vertex 0.0841808 17.9904 0.743063
    endloop
  endfacet
  facet normal -0.72662 0.471742 0.499481
    outer loop
      vertex 1.52713 19.8416 2.58704
      vertex 1.08474 19.6161 2.15645
      vertex 1.30003 19.4918 2.58704
    endloop
  endfacet
  facet normal -0.771884 0.393339 0.49948
    outer loop
      vertex 1.30003 19.4918 2.58704
      vertex 1.08474 19.6161 2.15645
      vertex 1.11072 19.1203 2.58704
    endloop
  endfacet
  facet normal -0.57788 0.467923 0.668657
    outer loop
      vertex 2.00672 19.9701 2.98927
      vertex 1.76356 19.6698 2.98927
      vertex 2.03271 19.4742 3.35876
    endloop
  endfacet
  facet normal -0.646083 0.646152 0.406281
    outer loop
      vertex 1.45452 20.4673 1.70225
      vertex 1.82369 20.75 1.83971
      vertex 1.73725 20.75 1.70225
    endloop
  endfacet
  facet normal -0.646084 0.646158 0.40627
    outer loop
      vertex 1.82369 20.75 1.83971
      vertex 1.45452 20.4673 1.70225
      vertex 1.91805 20.6452 2.15645
    endloop
  endfacet
  facet normal -0.64614 0.646037 0.406374
    outer loop
      vertex 1.91805 20.6452 2.15645
      vertex 1.45452 20.4673 1.70225
      vertex 1.6048 20.3319 2.15645
    endloop
  endfacet
  facet normal -0.572296 0.572338 0.587287
    outer loop
      vertex 2.08439 20.4605 2.58704
      vertex 2.00672 19.9701 2.98927
      vertex 2.27994 20.2433 2.98927
    endloop
  endfacet
  facet normal -0.572399 0.572302 0.587223
    outer loop
      vertex 2.00672 19.9701 2.98927
      vertex 2.08439 20.4605 2.58704
      vertex 1.78954 20.1656 2.58704
    endloop
  endfacet
  facet normal -0.710081 0.575141 0.4062
    outer loop
      vertex 1.6048 20.3319 2.15645
      vertex 1.16241 20.1065 1.70225
      vertex 1.32601 19.9877 2.15645
    endloop
  endfacet
  facet normal -0.92847 0.356448 0.104344
    outer loop
      vertex 0.464083 19.4082 0.743063
      vertex 0.238672 18.9658 0.248595
      vertex 0.288099 18.9498 0.743063
    endloop
  endfacet
  facet normal -0.890968 0.454065 0
    outer loop
      vertex 0.416606 19.4294 -0.248595
      vertex 0.642016 19.8717 0.248595
      vertex 0.642016 19.8717 -0.248595
    endloop
  endfacet
  facet normal -0.890968 0.454065 0
    outer loop
      vertex 0.642016 19.8717 0.248595
      vertex 0.416606 19.4294 -0.248595
      vertex 0.416606 19.4294 0.248595
    endloop
  endfacet
  facet normal -0.834137 0.541578 -0.104441
    outer loop
      vertex 0.95448 20.2576 -0.743063
      vertex 0.642016 19.8717 -0.248595
      vertex 0.912436 20.2882 -0.248595
    endloop
  endfacet
  facet normal -0.871592 0.444105 -0.207599
    outer loop
      vertex 0.558518 19.3662 -1.22939
      vertex 0.464083 19.4082 -0.743063
      vertex 0.776547 19.7941 -1.22939
    endloop
  endfacet
  facet normal -0.886168 0.45147 -0.10431
    outer loop
      vertex 0.687024 19.8458 -0.743063
      vertex 0.464083 19.4082 -0.743063
      vertex 0.642016 19.8717 -0.248595
    endloop
  endfacet
  facet normal -0.440876 0.678719 0.587341
    outer loop
      vertex 2.90428 20.6969 2.98927
      vertex 2.40845 20.7229 2.58704
      vertex 2.58022 20.4864 2.98927
    endloop
  endfacet
  facet normal -0.509258 0.629042 0.587335
    outer loop
      vertex 2.40845 20.7229 2.58704
      vertex 2.27994 20.2433 2.98927
      vertex 2.58022 20.4864 2.98927
    endloop
  endfacet
  facet normal -0.467997 0.577796 0.668678
    outer loop
      vertex 2.77577 20.2173 3.35876
      vertex 2.27994 20.2433 2.98927
      vertex 2.50255 19.996 3.35876
    endloop
  endfacet
  facet normal -0.405089 0.623625 0.668577
    outer loop
      vertex 2.90428 20.6969 2.98927
      vertex 2.58022 20.4864 2.98927
      vertex 2.77577 20.2173 3.35876
    endloop
  endfacet
  facet normal -0.493401 0.320448 0.808621
    outer loop
      vertex 2.33163 19.257 3.69144
      vertex 2.16121 18.9946 3.69144
      vertex 2.65704 19.0206 3.98368
    endloop
  endfacet
  facet normal -0.45726 0.370196 0.808621
    outer loop
      vertex 2.82746 19.2311 3.98368
      vertex 2.33163 19.257 3.69144
      vertex 2.65704 19.0206 3.98368
    endloop
  endfacet
  facet normal -0.575037 0.710127 0.406267
    outer loop
      vertex 1.97145 20.75 2.04885
      vertex 1.91805 20.6452 2.15645
      vertex 2.04747 20.75 2.15645
    endloop
  endfacet
  facet normal 0.101007 0.0273643 -0.994509
    outer loop
      vertex 12.7432 17.5517 -4.74349
      vertex 12.7364 17.5768 -4.74349
      vertex 13.2067 17.7296 -4.69152
    endloop
  endfacet
  facet normal 0.194316 0.0746752 -0.978092
    outer loop
      vertex 13.2067 17.7296 -4.69152
      vertex 13.1788 17.8022 -4.69152
      vertex 13.6231 18 -4.58815
    endloop
  endfacet
  facet normal 0.161794 0.131053 -0.978084
    outer loop
      vertex 13.4946 18.2226 -4.58815
      vertex 13.1012 17.9368 -4.69152
      vertex 13.4136 18.3226 -4.58815
    endloop
  endfacet
  facet normal 0.174759 0.113205 -0.978082
    outer loop
      vertex 13.1435 17.8715 -4.69152
      vertex 13.1012 17.9368 -4.69152
      vertex 13.4946 18.2226 -4.58815
    endloop
  endfacet
  facet normal 0.298872 0.0800679 -0.950928
    outer loop
      vertex 13.7025 17.7556 -4.58815
      vertex 13.6692 17.8799 -4.58815
      vertex 14.1189 18.026 -4.43451
    endloop
  endfacet
  facet normal 0.194361 0.0746048 -0.978089
    outer loop
      vertex 13.6692 17.8799 -4.58815
      vertex 13.2067 17.7296 -4.69152
      vertex 13.6231 18 -4.58815
    endloop
  endfacet
  facet normal 0.094451 0.185506 -0.978093
    outer loop
      vertex 13.1147 18.5647 -4.58815
      vertex 12.8715 18.1435 -4.69152
      vertex 13 18.6231 -4.58815
    endloop
  endfacet
  facet normal 0.0659658 0.0812505 -0.994508
    outer loop
      vertex 12.6663 17.6847 -4.74349
      vertex 12.6461 17.7011 -4.74349
      vertex 12.9368 18.1012 -4.69152
    endloop
  endfacet
  facet normal 0.21878 0.21878 -0.950932
    outer loop
      vertex 13.4136 18.3226 -4.58815
      vertex 13.639 18.765 -4.43451
      vertex 13.765 18.639 -4.43451
    endloop
  endfacet
  facet normal 0.21878 0.21878 -0.950932
    outer loop
      vertex 13.639 18.765 -4.43451
      vertex 13.4136 18.3226 -4.58815
      vertex 13.3226 18.4136 -4.58815
    endloop
  endfacet
  facet normal 0.113408 0.17456 -0.978094
    outer loop
      vertex 13.2226 18.4946 -4.58815
      vertex 12.8715 18.1435 -4.69152
      vertex 13.1147 18.5647 -4.58815
    endloop
  endfacet
  facet normal 0.105365 0.393316 -0.913346
    outer loop
      vertex 13.026 19.1189 -4.43451
      vertex 12.9484 19.6093 -4.23228
      vertex 13.1664 19.5509 -4.23228
    endloop
  endfacet
  facet normal 0.145952 0.380126 -0.913347
    outer loop
      vertex 13.3771 19.47 -4.23228
      vertex 13.026 19.1189 -4.43451
      vertex 13.1664 19.5509 -4.23228
    endloop
  endfacet
  facet normal 0.240423 0.194743 -0.950932
    outer loop
      vertex 13.4946 18.2226 -4.58815
      vertex 13.4136 18.3226 -4.58815
      vertex 13.765 18.639 -4.43451
    endloop
  endfacet
  facet normal 0.256213 0.316477 -0.913344
    outer loop
      vertex 13.9429 19.1026 -4.23228
      vertex 13.639 18.765 -4.43451
      vertex 13.7675 19.2446 -4.23228
    endloop
  endfacet
  facet normal 0.315038 0.388947 -0.86572
    outer loop
      vertex 14.2311 19.4225 -3.98368
      vertex 13.9429 19.1026 -4.23228
      vertex 14.0206 19.593 -3.98368
    endloop
  endfacet
  facet normal 0.129523 0.483492 -0.865713
    outer loop
      vertex 13.1664 19.5509 -4.23228
      vertex 12.9484 19.6093 -4.23228
      vertex 13.2994 19.9604 -3.98368
    endloop
  endfacet
  facet normal 0.298877 0.0800595 -0.950927
    outer loop
      vertex 14.165 17.8539 -4.43451
      vertex 13.7025 17.7556 -4.58815
      vertex 14.1189 18.026 -4.43451
    endloop
  endfacet
  facet normal 0.494298 0.0782454 -0.865764
    outer loop
      vertex 14.6446 17.7254 -4.23228
      vertex 14.6093 17.9484 -4.23228
      vertex 15.0729 17.7704 -3.98368
    endloop
  endfacet
  facet normal 0.40667 -0.0212557 -0.913328
    outer loop
      vertex 14.6446 3.02459 -4.23228
      vertex 14.1929 3.07207 -4.43451
      vertex 14.2022 3.25 -4.43451
    endloop
  endfacet
  facet normal 0.40658 -0.0214645 -0.913363
    outer loop
      vertex 14.6446 3.02459 -4.23228
      vertex 14.2022 3.25 -4.43451
      vertex 14.6565 3.25 -4.23228
    endloop
  endfacet
  facet normal 0.393315 0.105356 -0.913347
    outer loop
      vertex 14.165 17.8539 -4.43451
      vertex 14.1189 18.026 -4.43451
      vertex 14.6093 17.9484 -4.23228
    endloop
  endfacet
  facet normal 0.205595 0.0326596 -0.978092
    outer loop
      vertex 13.239 17.5777 -4.69152
      vertex 13.2268 17.6545 -4.69152
      vertex 13.7227 17.6285 -4.58815
    endloop
  endfacet
  facet normal 0.483435 0.129594 -0.865734
    outer loop
      vertex 15.0305 18.0379 -3.98368
      vertex 14.6093 17.9484 -4.23228
      vertex 14.9604 18.2994 -3.98368
    endloop
  endfacet
  facet normal 0.483492 0.129523 -0.865713
    outer loop
      vertex 14.6093 17.9484 -4.23228
      vertex 14.5509 18.1664 -4.23228
      vertex 14.9604 18.2994 -3.98368
    endloop
  endfacet
  facet normal 0.520509 0.421415 -0.742616
    outer loop
      vertex 14.9184 19.257 -3.69144
      vertex 14.7215 19.5002 -3.69144
      vertex 14.996 19.7474 -3.35876
    endloop
  endfacet
  facet normal 0.561516 0.364757 -0.742733
    outer loop
      vertex 15.4088 19.1794 -3.35876
      vertex 15.0888 18.9946 -3.69144
      vertex 15.2173 19.4742 -3.35876
    endloop
  endfacet
  facet normal 0.6613 0.104757 -0.742771
    outer loop
      vertex 15.8404 17.8511 -3.35876
      vertex 15.4239 18.1215 -3.69144
      vertex 15.7854 18.1983 -3.35876
    endloop
  endfacet
  facet normal 0.568199 0.152317 -0.808671
    outer loop
      vertex 15.0305 18.0379 -3.98368
      vertex 14.9604 18.2994 -3.98368
      vertex 15.343 18.4237 -3.69144
    endloop
  endfacet
  facet normal 0.755644 0.290149 -0.587211
    outer loop
      vertex 16.0108 18.6407 -2.98927
      vertex 15.8723 19.0014 -2.98927
      vertex 16.2887 18.731 -2.58704
    endloop
  endfacet
  facet normal 0.781852 0.209499 -0.587212
    outer loop
      vertex 16.1108 18.2675 -2.98927
      vertex 16.0108 18.6407 -2.98927
      vertex 16.2887 18.731 -2.58704
    endloop
  endfacet
  facet normal 0.275732 0.14039 -0.950927
    outer loop
      vertex 13.6231 18 -4.58815
      vertex 13.5647 18.1147 -4.58815
      vertex 13.9742 18.3511 -4.43451
    endloop
  endfacet
  facet normal 0.185506 0.094451 -0.978093
    outer loop
      vertex 13.6231 18 -4.58815
      vertex 13.1435 17.8715 -4.69152
      vertex 13.5647 18.1147 -4.58815
    endloop
  endfacet
  facet normal 0.266425 0.694263 -0.668593
    outer loop
      vertex 13.8661 20.5684 -3.35876
      vertex 13.6828 20.75 -3.24323
      vertex 13.947 20.75 -3.13795
    endloop
  endfacet
  facet normal 0.26656 0.694325 -0.668475
    outer loop
      vertex 13.6828 20.75 -3.24323
      vertex 13.8661 20.5684 -3.35876
      vertex 13.5379 20.6944 -3.35876
    endloop
  endfacet
  facet normal 0.405039 0.623626 -0.668606
    outer loop
      vertex 14.4742 20.2173 -3.35876
      vertex 14.3457 20.6969 -2.98927
      vertex 14.6698 20.4864 -2.98927
    endloop
  endfacet
  facet normal 0.612623 0.612623 -0.499386
    outer loop
      vertex 15.6452 20.3319 -2.15645
      vertex 15.1656 20.4605 -2.58704
      vertex 15.3319 20.6452 -2.15645
    endloop
  endfacet
  facet normal 0.612623 0.612623 -0.499386
    outer loop
      vertex 15.1656 20.4605 -2.58704
      vertex 15.6452 20.3319 -2.15645
      vertex 15.4605 20.1656 -2.58704
    endloop
  endfacet
  facet normal 0.509226 0.629044 -0.58736
    outer loop
      vertex 14.9701 20.2433 -2.98927
      vertex 14.6698 20.4864 -2.98927
      vertex 14.8416 20.7229 -2.58704
    endloop
  endfacet
  facet normal 0.184934 0.362832 -0.913319
    outer loop
      vertex 13.5782 19.3675 -4.23228
      vertex 13.3511 18.9742 -4.43451
      vertex 13.3771 19.47 -4.23228
    endloop
  endfacet
  facet normal 0.272491 0.419828 -0.865733
    outer loop
      vertex 14.0206 19.593 -3.98368
      vertex 13.5782 19.3675 -4.23228
      vertex 13.7935 19.7404 -3.98368
    endloop
  endfacet
  facet normal 0.287927 0.287927 -0.913343
    outer loop
      vertex 13.765 18.639 -4.43451
      vertex 13.9429 19.1026 -4.23228
      vertex 14.1026 18.9429 -4.23228
    endloop
  endfacet
  facet normal 0.287927 0.287927 -0.913343
    outer loop
      vertex 13.9429 19.1026 -4.23228
      vertex 13.765 18.639 -4.43451
      vertex 13.639 18.765 -4.43451
    endloop
  endfacet
  facet normal 0.797653 0.518167 -0.30863
    outer loop
      vertex 16.4735 19.7941 -1.22939
      vertex 16.0876 20.1065 -1.70225
      vertex 16.2119 20.1968 -1.22939
    endloop
  endfacet
  facet normal 0.8861 0.451564 -0.104482
    outer loop
      vertex 16.7859 19.4082 -0.743063
      vertex 16.608 19.8717 -0.248595
      vertex 16.8334 19.4294 -0.248595
    endloop
  endfacet
  facet normal 0.836812 0.22431 -0.49943
    outer loop
      vertex 16.6398 18.3799 -2.15645
      vertex 16.2887 18.731 -2.58704
      vertex 16.5251 18.8078 -2.15645
    endloop
  endfacet
  facet normal 0.726614 0.471738 -0.499494
    outer loop
      vertex 15.95 19.4918 -2.58704
      vertex 15.7229 19.8416 -2.58704
      vertex 16.1653 19.6161 -2.15645
    endloop
  endfacet
  facet normal 0.577735 0.467982 -0.668742
    outer loop
      vertex 15.2173 19.4742 -3.35876
      vertex 14.996 19.7474 -3.35876
      vertex 15.2433 19.9701 -2.98927
    endloop
  endfacet
  facet normal 0.493446 0.320273 -0.808663
    outer loop
      vertex 14.7404 18.7935 -3.98368
      vertex 14.593 19.0206 -3.98368
      vertex 15.0888 18.9946 -3.69144
    endloop
  endfacet
  facet normal -0.471527 0.726953 0.499201
    outer loop
      vertex 2.42227 20.75 2.56063
      vertex 2.40845 20.7229 2.58704
      vertex 2.45023 20.75 2.58704
    endloop
  endfacet
  facet normal 0.14721 -0.14721 0.978089
    outer loop
      vertex 13.0522 2.75279 4.69152
      vertex 13.3226 2.33638 4.58815
      vertex 13.4136 2.42738 4.58815
    endloop
  endfacet
  facet normal 0.147194 -0.14722 0.97809
    outer loop
      vertex 13.3226 2.33638 4.58815
      vertex 13.0522 2.75279 4.69152
      vertex 12.9972 2.6978 4.69152
    endloop
  endfacet
  facet normal 0.287927 0.287927 0.913343
    outer loop
      vertex 13.9429 19.1026 4.23228
      vertex 13.765 18.639 4.43451
      vertex 14.1026 18.9429 4.23228
    endloop
  endfacet
  facet normal 0.287927 0.287927 0.913343
    outer loop
      vertex 13.765 18.639 4.43451
      vertex 13.9429 19.1026 4.23228
      vertex 13.639 18.765 4.43451
    endloop
  endfacet
  facet normal 0.147212 0.147212 0.978089
    outer loop
      vertex 13.3226 18.4136 4.58815
      vertex 13.0522 17.9972 4.69152
      vertex 13.4136 18.3226 4.58815
    endloop
  endfacet
  facet normal 0.147212 0.147212 0.978089
    outer loop
      vertex 13.0522 17.9972 4.69152
      vertex 13.3226 18.4136 4.58815
      vertex 12.9972 18.0522 4.69152
    endloop
  endfacet
  facet normal 0.101007 0.0273643 0.994509
    outer loop
      vertex 13.2067 17.7296 4.69152
      vertex 12.7364 17.5768 4.74349
      vertex 12.7432 17.5517 4.74349
    endloop
  endfacet
  facet normal 0.184958 0.362829 0.913315
    outer loop
      vertex 13.3771 19.47 4.23228
      vertex 13.1924 19.0551 4.43451
      vertex 13.3511 18.9742 4.43451
    endloop
  endfacet
  facet normal 0.145798 0.380262 0.913315
    outer loop
      vertex 13.3771 19.47 4.23228
      vertex 13.026 19.1189 4.43451
      vertex 13.1924 19.0551 4.43451
    endloop
  endfacet
  facet normal 0.110757 0.288872 0.950939
    outer loop
      vertex 13.026 19.1189 4.43451
      vertex 13 18.6231 4.58815
      vertex 13.1924 19.0551 4.43451
    endloop
  endfacet
  facet normal 0.0538741 0.201098 0.978089
    outer loop
      vertex 12.7556 18.7025 4.58815
      vertex 12.7296 18.2067 4.69152
      vertex 12.8799 18.6692 4.58815
    endloop
  endfacet
  facet normal 0.129523 0.483492 0.865713
    outer loop
      vertex 13.2994 19.9604 3.98368
      vertex 12.9484 19.6093 4.23228
      vertex 13.1664 19.5509 4.23228
    endloop
  endfacet
  facet normal 0.105365 0.393316 0.913346
    outer loop
      vertex 13.1664 19.5509 4.23228
      vertex 12.9484 19.6093 4.23228
      vertex 13.026 19.1189 4.43451
    endloop
  endfacet
  facet normal 0.320273 0.493446 0.808663
    outer loop
      vertex 13.9946 20.0888 3.69144
      vertex 13.7935 19.7404 3.98368
      vertex 14.0206 19.593 3.98368
    endloop
  endfacet
  facet normal 0.272491 0.419828 0.865733
    outer loop
      vertex 13.7935 19.7404 3.98368
      vertex 13.5782 19.3675 4.23228
      vertex 14.0206 19.593 3.98368
    endloop
  endfacet
  facet normal 0.520509 0.421415 0.742616
    outer loop
      vertex 14.996 19.7474 3.35876
      vertex 14.7215 19.5002 3.69144
      vertex 14.9184 19.257 3.69144
    endloop
  endfacet
  facet normal 0.457185 0.370309 0.808612
    outer loop
      vertex 14.9184 19.257 3.69144
      vertex 14.4225 19.2311 3.98368
      vertex 14.593 19.0206 3.98368
    endloop
  endfacet
  facet normal 0.364757 0.561516 0.742733
    outer loop
      vertex 14.1794 20.4088 3.35876
      vertex 13.9946 20.0888 3.69144
      vertex 14.4742 20.2173 3.35876
    endloop
  endfacet
  facet normal 0.367502 0.721162 0.587254
    outer loop
      vertex 14.3764 20.75 2.90485
      vertex 14.2415 20.75 2.98927
      vertex 14.3457 20.6969 2.98927
    endloop
  endfacet
  facet normal 0.337642 0.662566 0.668584
    outer loop
      vertex 14.2415 20.75 2.98927
      vertex 14.1794 20.4088 3.35876
      vertex 14.3457 20.6969 2.98927
    endloop
  endfacet
  facet normal 0.337554 0.662597 0.668598
    outer loop
      vertex 14.1794 20.4088 3.35876
      vertex 14.2415 20.75 2.98927
      vertex 14.0484 20.75 3.08676
    endloop
  endfacet
  facet normal 0.267158 0.524107 0.808665
    outer loop
      vertex 13.9946 20.0888 3.69144
      vertex 13.5522 19.8634 3.98368
      vertex 13.7935 19.7404 3.98368
    endloop
  endfacet
  facet normal 0.421492 0.520342 0.74269
    outer loop
      vertex 14.4742 20.2173 3.35876
      vertex 14.257 19.9184 3.69144
      vertex 14.7474 19.996 3.35876
    endloop
  endfacet
  facet normal 0.201101 0.0538233 0.978091
    outer loop
      vertex 13.7025 17.7556 4.58815
      vertex 13.2067 17.7296 4.69152
      vertex 13.2268 17.6545 4.69152
    endloop
  endfacet
  facet normal 0.101121 0.0270644 0.994506
    outer loop
      vertex 13.2067 17.7296 4.69152
      vertex 12.7432 17.5517 4.74349
      vertex 13.2268 17.6545 4.69152
    endloop
  endfacet
  facet normal 0.0474568 0.0933049 0.994506
    outer loop
      vertex 12.8715 18.1435 4.69152
      vertex 12.6011 17.7271 4.74349
      vertex 12.6243 17.7153 4.74349
    endloop
  endfacet
  facet normal -0.0659297 0.0812866 0.994508
    outer loop
      vertex 4.60388 17.7011 4.74349
      vertex 4.31324 18.1012 4.69152
      vertex 4.58366 17.6847 4.74349
    endloop
  endfacet
  facet normal 0.0659658 0.0812505 0.994508
    outer loop
      vertex 12.9368 18.1012 4.69152
      vertex 12.6461 17.7011 4.74349
      vertex 12.6663 17.6847 4.74349
    endloop
  endfacet
  facet normal 0.0945128 -0.185492 0.97809
    outer loop
      vertex 12.8715 2.60649 4.69152
      vertex 12.8022 2.57118 4.69152
      vertex 13 2.1269 4.58815
    endloop
  endfacet
  facet normal 0.581094 0.0921476 0.808603
    outer loop
      vertex 15.4239 18.1215 3.69144
      vertex 15.0305 18.0379 3.98368
      vertex 15.4729 17.8125 3.69144
    endloop
  endfacet
  facet normal 0.742648 0.0389198 0.66855
    outer loop
      vertex 16.1712 17.8859 2.98927
      vertex 15.8404 17.8511 3.35876
      vertex 15.8588 17.5 3.35876
    endloop
  endfacet
  facet normal 0.734518 0.11626 0.668555
    outer loop
      vertex 16.1108 18.2675 2.98927
      vertex 15.8404 17.8511 3.35876
      vertex 16.1712 17.8859 2.98927
    endloop
  endfacet
  facet normal 0.6613 0.104757 0.742771
    outer loop
      vertex 15.7854 18.1983 3.35876
      vertex 15.4239 18.1215 3.69144
      vertex 15.8404 17.8511 3.35876
    endloop
  endfacet
  facet normal 0.781858 0.209492 0.587207
    outer loop
      vertex 16.2887 18.731 2.58704
      vertex 16.1108 18.2675 2.98927
      vertex 16.3966 18.3283 2.58704
    endloop
  endfacet
  facet normal 0.66261 0.337544 0.668589
    outer loop
      vertex 15.8723 19.0014 2.98927
      vertex 15.4088 19.1794 3.35876
      vertex 15.5684 18.8661 3.35876
    endloop
  endfacet
  facet normal 0.0921476 0.581094 0.808603
    outer loop
      vertex 13.1215 20.4239 3.69144
      vertex 12.8125 20.4729 3.69144
      vertex 13.0379 20.0305 3.98368
    endloop
  endfacet
  facet normal 0.240088 0.625041 0.742753
    outer loop
      vertex 13.8661 20.5684 3.35876
      vertex 13.4237 20.343 3.69144
      vertex 13.7158 20.2308 3.69144
    endloop
  endfacet
  facet normal 0.303926 0.596617 0.74275
    outer loop
      vertex 13.8661 20.5684 3.35876
      vertex 13.7158 20.2308 3.69144
      vertex 14.1794 20.4088 3.35876
    endloop
  endfacet
  facet normal 0.303961 -0.596659 -0.742702
    outer loop
      vertex 13.8661 0.181623 -3.35876
      vertex 13.7158 0.519164 -3.69144
      vertex 14.1794 0.34123 -3.35876
    endloop
  endfacet
  facet normal 0.303984 -0.596627 -0.742718
    outer loop
      vertex 14.1794 0.34123 -3.35876
      vertex 13.7158 0.519164 -3.69144
      vertex 13.9946 0.661214 -3.69144
    endloop
  endfacet
  facet normal 0.173327 -0.646803 -0.7427
    outer loop
      vertex 13.3303 0 -3.35876
      vertex 13.4237 0.407033 -3.69144
      vertex 13.5379 0.0556316 -3.35876
    endloop
  endfacet
  facet normal 0.173237 -0.646801 -0.742723
    outer loop
      vertex 13.4237 0.407033 -3.69144
      vertex 13.3303 0 -3.35876
      vertex 13.2163 0 -3.38535
    endloop
  endfacet
  facet normal 0.192476 -0.718263 -0.668619
    outer loop
      vertex 13.5018 0 -3.30939
      vertex 13.3303 0 -3.35876
      vertex 13.5379 0.0556316 -3.35876
    endloop
  endfacet
  facet normal 0.092046 -0.58107 -0.808632
    outer loop
      vertex 13.1215 0.326051 -3.69144
      vertex 12.8125 0.277103 -3.69144
      vertex 13.0379 0.719497 -3.98368
    endloop
  endfacet
  facet normal 0.152282 -0.568269 -0.808629
    outer loop
      vertex 13.1215 0.326051 -3.69144
      vertex 13.0379 0.719497 -3.98368
      vertex 13.4237 0.407033 -3.69144
    endloop
  endfacet
  facet normal 0.192448 -0.718257 -0.668633
    outer loop
      vertex 13.556 0 -3.29379
      vertex 13.5018 0 -3.30939
      vertex 13.5379 0.0556316 -3.35876
    endloop
  endfacet
  facet normal 0.266562 -0.694159 -0.668646
    outer loop
      vertex 13.556 0 -3.29379
      vertex 13.5379 0.0556316 -3.35876
      vertex 13.6828 0 -3.24324
    endloop
  endfacet
  facet normal -0.760285 0.615539 -0.207553
    outer loop
      vertex 1.34034 20.5701 -1.22939
      vertex 1.03811 20.1968 -1.22939
      vertex 1.26352 20.6392 -0.743063
    endloop
  endfacet
  facet normal -0.691815 0.691565 -0.207675
    outer loop
      vertex 1.52027 20.75 -1.22939
      vertex 1.26352 20.6392 -0.743063
      vertex 1.37428 20.75 -0.743063
    endloop
  endfacet
  facet normal -0.691652 0.691768 -0.207543
    outer loop
      vertex 1.26352 20.6392 -0.743063
      vertex 1.52027 20.75 -1.22939
      vertex 1.34034 20.5701 -1.22939
    endloop
  endfacet
  facet normal -0.760175 0.61563 -0.207687
    outer loop
      vertex 1.03811 20.1968 -1.22939
      vertex 0.95448 20.2576 -0.743063
      vertex 1.26352 20.6392 -0.743063
    endloop
  endfacet
  facet normal -0.544909 0.673484 -0.499493
    outer loop
      vertex 2.08684 20.4668 -2.58113
      vertex 1.91805 20.6452 -2.15645
      vertex 1.97305 20.6897 -2.15645
    endloop
  endfacet
  facet normal -0.539393 0.678097 -0.499239
    outer loop
      vertex 1.91805 20.6452 -2.15645
      vertex 2.08684 20.4668 -2.58113
      vertex 2.08439 20.4605 -2.58704
    endloop
  endfacet
  facet normal -0.993174 0.0520538 -0.104384
    outer loop
      vertex 0.0841808 17.9904 -0.743063
      vertex 0.00650883 17.5 -0.248595
      vertex 0.0324945 17.9958 -0.248595
    endloop
  endfacet
  facet normal -0.949878 -0.0497805 -0.308633
    outer loop
      vertex 0.186986 2.77041 -1.22939
      vertex 0.161852 3.25 -1.22939
      vertex 0.315493 3.25 -1.70225
    endloop
  endfacet
  facet normal -0.949877 -0.0497818 -0.308634
    outer loop
      vertex 0.339786 2.78647 -1.70225
      vertex 0.186986 2.77041 -1.22939
      vertex 0.315493 3.25 -1.70225
    endloop
  endfacet
  facet normal -0.568265 -0.152257 -0.808636
    outer loop
      vertex 1.90703 2.32626 -3.69144
      vertex 1.82605 2.6285 -3.69144
      vertex 2.2195 2.71212 -3.98368
    endloop
  endfacet
  facet normal -0.581062 -0.0920279 -0.80864
    outer loop
      vertex 2.2195 2.71212 -3.98368
      vertex 1.7771 2.93754 -3.69144
      vertex 2.17714 2.97958 -3.98368
    endloop
  endfacet
  facet normal -0.298856 -0.0800885 -0.950932
    outer loop
      vertex 3.13107 2.72398 -4.43451
      vertex 3.08495 2.89608 -4.43451
      vertex 3.54747 2.9944 -4.58815
    endloop
  endfacet
  facet normal -0.402199 -0.0636928 -0.913334
    outer loop
      vertex 3.08495 2.89608 -4.43451
      vertex 2.64067 2.80165 -4.23228
      vertex 3.05708 3.07207 -4.43451
    endloop
  endfacet
  facet normal -0.275673 -0.140467 -0.950933
    outer loop
      vertex 3.27581 2.39888 -4.43451
      vertex 3.19492 2.55763 -4.43451
      vertex 3.6269 2.74996 -4.58815
    endloop
  endfacet
  facet normal -0.362824 -0.184874 -0.913335
    outer loop
      vertex 3.27581 2.39888 -4.43451
      vertex 2.77998 2.37289 -4.23228
      vertex 3.19492 2.55763 -4.43451
    endloop
  endfacet
  facet normal -0.419762 -0.272612 -0.865726
    outer loop
      vertex 3.00539 1.98247 -4.23228
      vertex 2.65704 1.72938 -3.98368
      vertex 2.88245 2.17177 -4.23228
    endloop
  endfacet
  facet normal -0.341504 -0.221788 -0.913337
    outer loop
      vertex 3.00539 1.98247 -4.23228
      vertex 2.88245 2.17177 -4.23228
      vertex 3.27581 2.39888 -4.43451
    endloop
  endfacet
  facet normal -0.73445 0.116326 -0.668619
    outer loop
      vertex 1.40964 17.8511 -3.35876
      vertex 1.07878 17.8859 -2.98927
      vertex 1.13922 18.2675 -2.98927
    endloop
  endfacet
  facet normal -0.734438 0.116342 -0.668629
    outer loop
      vertex 1.40964 17.8511 -3.35876
      vertex 1.13922 18.2675 -2.98927
      vertex 1.46464 18.1983 -3.35876
    endloop
  endfacet
  facet normal -0.646812 0.173302 -0.742698
    outer loop
      vertex 1.90703 18.4237 -3.69144
      vertex 1.46464 18.1983 -3.35876
      vertex 1.55563 18.5379 -3.35876
    endloop
  endfacet
  facet normal -0.625144 0.239981 -0.7427
    outer loop
      vertex 1.90703 18.4237 -3.69144
      vertex 1.55563 18.5379 -3.35876
      vertex 1.68162 18.8661 -3.35876
    endloop
  endfacet
  facet normal -0.494452 0.078311 -0.86567
    outer loop
      vertex 2.44898 17.7798 -4.13806
      vertex 2.51057 17.8984 -4.16251
      vertex 2.5139 17.7818 -4.17496
    endloop
  endfacet
  facet normal -0.494357 0.0782489 -0.86573
    outer loop
      vertex 2.24289 17.7635 -4.02185
      vertex 2.51057 17.8984 -4.16251
      vertex 2.44898 17.7798 -4.13806
    endloop
  endfacet
  facet normal -0.494366 0.0782746 -0.865723
    outer loop
      vertex 2.51057 17.8984 -4.16251
      vertex 2.24289 17.7635 -4.02185
      vertex 2.17714 17.7704 -3.98368
    endloop
  endfacet
  facet normal -0.46735 0.179303 -0.865699
    outer loop
      vertex 2.49627 18.2323 -4.10916
      vertex 2.28958 18.2994 -3.98368
      vertex 2.48985 18.3312 -4.08521
    endloop
  endfacet
  facet normal -0.797681 0.518136 -0.308611
    outer loop
      vertex 0.909604 19.7173 -1.70225
      vertex 0.776547 19.7941 -1.22939
      vertex 1.16241 20.1065 -1.70225
    endloop
  endfacet
  facet normal -0.797687 0.518116 -0.308629
    outer loop
      vertex 1.16241 20.1065 -1.70225
      vertex 0.776547 19.7941 -1.22939
      vertex 1.03811 20.1968 -1.22939
    endloop
  endfacet
  facet normal -0.572315 0.572309 -0.587297
    outer loop
      vertex 1.78954 20.1656 -2.58704
      vertex 2.09336 20.4505 -2.60548
      vertex 2.1962 20.1595 -2.98927
    endloop
  endfacet
  facet normal -0.572232 0.572474 -0.587217
    outer loop
      vertex 1.78954 20.1656 -2.58704
      vertex 2.1962 20.1595 -2.98927
      vertex 2.00672 19.9701 -2.98927
    endloop
  endfacet
  facet normal -0.571869 0.571772 -0.588253
    outer loop
      vertex 2.09336 20.4505 -2.60548
      vertex 1.78954 20.1656 -2.58704
      vertex 2.08439 20.4605 -2.58704
    endloop
  endfacet
  facet normal -0.53861 0.678312 -0.499792
    outer loop
      vertex 2.08842 20.4637 -2.58704
      vertex 2.08439 20.4605 -2.58704
      vertex 2.08684 20.4668 -2.58113
    endloop
  endfacet
  facet normal -0.367476 -0.721173 -0.587257
    outer loop
      vertex 3.00852 0 -2.98927
      vertex 2.87361 0 -2.90485
      vertex 2.90428 0.0531158 -2.98927
    endloop
  endfacet
  facet normal -0.509372 -0.62902 -0.587259
    outer loop
      vertex 2.40845 0.0271301 -2.58704
      vertex 2.27994 0.506722 -2.98927
      vertex 2.58022 0.263559 -2.98927
    endloop
  endfacet
  facet normal -0.467966 -0.577888 -0.668621
    outer loop
      vertex 2.58022 0.263559 -2.98927
      vertex 2.27994 0.506722 -2.98927
      vertex 2.77577 0.532708 -3.35876
    endloop
  endfacet
  facet normal -0.742592 -0.0389136 -0.668612
    outer loop
      vertex 1.07878 2.86414 -2.98927
      vertex 1.05856 3.25 -2.98927
      vertex 1.39124 3.25 -3.35876
    endloop
  endfacet
  facet normal -0.734445 -0.11633 -0.668624
    outer loop
      vertex 1.46464 2.55167 -3.35876
      vertex 1.13922 2.4825 -2.98927
      vertex 1.40964 2.89891 -3.35876
    endloop
  endfacet
  facet normal -0.760209 -0.615604 -0.207639
    outer loop
      vertex 1.26352 0.11076 -0.743063
      vertex 1.03811 0.553154 -1.22939
      vertex 1.34034 0.17993 -1.22939
    endloop
  endfacet
  facet normal -0.739207 -0.598596 -0.308635
    outer loop
      vertex 1.34034 0.17993 -1.22939
      vertex 1.03811 0.553154 -1.22939
      vertex 1.45452 0.282735 -1.70225
    endloop
  endfacet
  facet normal -0.646119 -0.646121 0.406273
    outer loop
      vertex 1.45452 0.282735 1.70225
      vertex 1.91805 0.104802 2.15645
      vertex 1.6048 0.418051 2.15645
    endloop
  endfacet
  facet normal -0.646117 -0.646105 0.406302
    outer loop
      vertex 1.82369 0 1.83971
      vertex 1.45452 0.282735 1.70225
      vertex 1.73725 0 1.70225
    endloop
  endfacet
  facet normal -0.646118 -0.646122 0.406272
    outer loop
      vertex 1.45452 0.282735 1.70225
      vertex 1.82369 0 1.83971
      vertex 1.91805 0.104802 2.15645
    endloop
  endfacet
  facet normal -0.544652 -0.673718 0.499458
    outer loop
      vertex 1.91805 0.104802 2.15645
      vertex 2.08684 0.283182 2.58113
      vertex 2.08439 0.289544 2.58704
    endloop
  endfacet
  facet normal -0.545163 -0.673288 0.49948
    outer loop
      vertex 2.08684 0.283182 2.58113
      vertex 1.91805 0.104802 2.15645
      vertex 1.97305 0.0602684 2.15645
    endloop
  endfacet
  facet normal 0.101123 -0.0270542 -0.994506
    outer loop
      vertex 13.2067 3.02038 -4.69152
      vertex 12.7432 3.19831 -4.74349
      vertex 13.2268 3.09551 -4.69152
    endloop
  endfacet
  facet normal 0.201104 -0.0538027 -0.978091
    outer loop
      vertex 13.7025 2.9944 -4.58815
      vertex 13.2067 3.02038 -4.69152
      vertex 13.2268 3.09551 -4.69152
    endloop
  endfacet
  facet normal 0.393328 -0.10536 -0.913341
    outer loop
      vertex 14.6093 2.80165 -4.23228
      vertex 14.1189 2.72398 -4.43451
      vertex 14.165 2.89608 -4.43451
    endloop
  endfacet
  facet normal 0.393328 -0.105354 -0.913342
    outer loop
      vertex 14.5509 2.58362 -4.23228
      vertex 14.1189 2.72398 -4.43451
      vertex 14.6093 2.80165 -4.23228
    endloop
  endfacet
  facet normal 0.24049 -0.194692 -0.950926
    outer loop
      vertex 13.765 2.11097 -4.43451
      vertex 13.4946 2.52738 -4.58815
      vertex 13.8771 2.24944 -4.43451
    endloop
  endfacet
  facet normal 0.25946 -0.168586 -0.950926
    outer loop
      vertex 13.8771 2.24944 -4.43451
      vertex 13.4946 2.52738 -4.58815
      vertex 13.9742 2.39888 -4.43451
    endloop
  endfacet
  facet normal 0.185496 -0.0944791 -0.978092
    outer loop
      vertex 13.5647 2.6353 -4.58815
      vertex 13.1435 2.87847 -4.69152
      vertex 13.6231 2.74996 -4.58815
    endloop
  endfacet
  facet normal 0.275705 -0.140426 -0.95093
    outer loop
      vertex 13.9742 2.39888 -4.43451
      vertex 13.5647 2.6353 -4.58815
      vertex 13.6231 2.74996 -4.58815
    endloop
  endfacet
  facet normal 0.0800893 -0.298859 -0.950931
    outer loop
      vertex 12.8539 1.58495 -4.43451
      vertex 12.7556 2.04747 -4.58815
      vertex 13.026 1.63107 -4.43451
    endloop
  endfacet
  facet normal 0.0800885 -0.298859 -0.950931
    outer loop
      vertex 13.026 1.63107 -4.43451
      vertex 12.7556 2.04747 -4.58815
      vertex 12.8799 2.08078 -4.58815
    endloop
  endfacet
  facet normal -0.192467 -0.718296 -0.668586
    outer loop
      vertex 3.74821 0 -3.30939
      vertex 3.71209 0.0556316 -3.35876
      vertex 3.91971 0 -3.35876
    endloop
  endfacet
  facet normal -0.152266 -0.568264 -0.808635
    outer loop
      vertex 4.21212 0.719497 -3.98368
      vertex 3.82626 0.407033 -3.69144
      vertex 3.95056 0.789582 -3.98368
    endloop
  endfacet
  facet normal -0.337609 -0.662543 -0.668623
    outer loop
      vertex 3.20161 0 -3.08676
      vertex 3.38387 0.181623 -3.35876
      vertex 3.30301 0 -3.13796
    endloop
  endfacet
  facet normal -0.337587 -0.662559 -0.668619
    outer loop
      vertex 3.38387 0.181623 -3.35876
      vertex 3.20161 0 -3.08676
      vertex 3.07062 0.34123 -3.35876
    endloop
  endfacet
  facet normal -0.0800885 -0.298856 -0.950932
    outer loop
      vertex 4.39608 1.58495 -4.43451
      vertex 4.22398 1.63107 -4.43451
      vertex 4.4944 2.04747 -4.58815
    endloop
  endfacet
  facet normal -0.129544 -0.483463 -0.865726
    outer loop
      vertex 4.21212 0.719497 -3.98368
      vertex 3.95056 0.789582 -3.98368
      vertex 4.30165 1.14067 -4.23228
    endloop
  endfacet
  facet normal 0.742648 0.0389198 -0.66855
    outer loop
      vertex 15.8588 17.5 -3.35876
      vertex 15.8404 17.8511 -3.35876
      vertex 16.1712 17.8859 -2.98927
    endloop
  endfacet
  facet normal 0.799456 0.126741 -0.587202
    outer loop
      vertex 16.4619 17.9164 -2.58704
      vertex 16.1108 18.2675 -2.98927
      vertex 16.3966 18.3283 -2.58704
    endloop
  endfacet
  facet normal 0.913206 0.35062 -0.207655
    outer loop
      vertex 16.8636 18.9178 -1.22939
      vertex 16.7859 19.4082 -0.743063
      vertex 16.9619 18.9498 -0.743063
    endloop
  endfacet
  facet normal 0.928464 0.356478 -0.104293
    outer loop
      vertex 16.9619 18.9498 -0.743063
      vertex 16.7859 19.4082 -0.743063
      vertex 17.0113 18.9658 -0.248595
    endloop
  endfacet
  facet normal 0.928464 0.356478 0.104293
    outer loop
      vertex 17.0113 18.9658 0.248595
      vertex 16.7859 19.4082 0.743063
      vertex 16.9619 18.9498 0.743063
    endloop
  endfacet
  facet normal 0.913206 0.35062 0.207655
    outer loop
      vertex 16.9619 18.9498 0.743063
      vertex 16.7859 19.4082 0.743063
      vertex 16.8636 18.9178 1.22939
    endloop
  endfacet
  facet normal 0.168531 -0.259481 0.950929
    outer loop
      vertex 13.2226 2.2554 4.58815
      vertex 13.1147 2.18532 4.58815
      vertex 13.3511 1.77581 4.43451
    endloop
  endfacet
  facet normal 0.0746308 -0.194344 0.97809
    outer loop
      vertex 13 2.1269 4.58815
      vertex 12.7296 2.5433 4.69152
      vertex 12.8799 2.08078 4.58815
    endloop
  endfacet
  facet normal 0.145886 -0.380194 0.913329
    outer loop
      vertex 13.1924 1.69492 4.43451
      vertex 13.026 1.63107 4.43451
      vertex 13.3771 1.27998 4.23228
    endloop
  endfacet
  facet normal 0.184928 -0.362814 0.913328
    outer loop
      vertex 13.3511 1.77581 4.43451
      vertex 13.1924 1.69492 4.43451
      vertex 13.3771 1.27998 4.23228
    endloop
  endfacet
  facet normal 0.27261 -0.419758 0.865729
    outer loop
      vertex 13.7675 1.50539 4.23228
      vertex 13.5782 1.38245 4.23228
      vertex 14.0206 1.15704 3.98368
    endloop
  endfacet
  facet normal 0.315002 -0.388957 0.865729
    outer loop
      vertex 13.9429 1.64744 4.23228
      vertex 13.7675 1.50539 4.23228
      vertex 14.0206 1.15704 3.98368
    endloop
  endfacet
  facet normal 0.23998 -0.625146 0.7427
    outer loop
      vertex 13.7158 0.519164 3.69144
      vertex 13.4237 0.407033 3.69144
      vertex 13.8661 0.181623 3.35876
    endloop
  endfacet
  facet normal 0.210839 -0.549232 0.808635
    outer loop
      vertex 13.7158 0.519164 3.69144
      vertex 13.2994 0.789582 3.98368
      vertex 13.4237 0.407033 3.69144
    endloop
  endfacet
  facet normal -0.52417 -0.267056 0.808658
    outer loop
      vertex 2.38663 2.19776 3.98368
      vertex 2.44905 1.92154 3.93292
      vertex 2.46265 2.04855 3.98368
    endloop
  endfacet
  facet normal -0.524209 -0.26706 0.808631
    outer loop
      vertex 2.44905 1.92154 3.93292
      vertex 2.38663 2.19776 3.98368
      vertex 2.16121 1.75536 3.69144
    endloop
  endfacet
  facet normal -0.59665 -0.304007 0.74269
    outer loop
      vertex 2.01916 2.03415 3.69144
      vertex 1.84123 1.57062 3.35876
      vertex 2.16121 1.75536 3.69144
    endloop
  endfacet
  facet normal -0.718264 -0.192458 0.668623
    outer loop
      vertex 1.46464 2.55167 3.35876
      vertex 1.13922 2.4825 2.98927
      vertex 1.55563 2.21209 3.35876
    endloop
  endfacet
  facet normal -0.646817 -0.173314 0.742691
    outer loop
      vertex 1.90703 2.32626 3.69144
      vertex 1.46464 2.55167 3.35876
      vertex 1.55563 2.21209 3.35876
    endloop
  endfacet
  facet normal -0.0307896 -0.587504 -0.808635
    outer loop
      vertex 4.75 0.662964 -3.98368
      vertex 4.43754 0.277103 -3.69144
      vertex 4.47958 0.677136 -3.98368
    endloop
  endfacet
  facet normal -0.0920311 -0.581068 -0.808635
    outer loop
      vertex 4.43754 0.277103 -3.69144
      vertex 4.21212 0.719497 -3.98368
      vertex 4.47958 0.677136 -3.98368
    endloop
  endfacet
  facet normal -0.173383 -0.646794 -0.742695
    outer loop
      vertex 4.03366 0 -3.38535
      vertex 4.1285 0.326051 -3.69144
      vertex 4.05919 0 -3.39131
    endloop
  endfacet
  facet normal -0.173307 -0.646815 -0.742694
    outer loop
      vertex 4.1285 0.326051 -3.69144
      vertex 4.03366 0 -3.38535
      vertex 3.82626 0.407033 -3.69144
    endloop
  endfacet
  facet normal -0.152261 -0.568268 -0.808633
    outer loop
      vertex 4.1285 0.326051 -3.69144
      vertex 3.82626 0.407033 -3.69144
      vertex 4.21212 0.719497 -3.98368
    endloop
  endfacet
  facet normal 0.0483918 -0.305596 -0.950931
    outer loop
      vertex 12.8539 1.58495 -4.43451
      vertex 12.6779 1.55708 -4.43451
      vertex 12.7556 2.04747 -4.58815
    endloop
  endfacet
  facet normal 0.105403 -0.39332 -0.91334
    outer loop
      vertex 12.9484 1.14067 -4.23228
      vertex 12.8539 1.58495 -4.43451
      vertex 13.026 1.63107 -4.43451
    endloop
  endfacet
  facet normal 0.0782867 -0.494363 -0.865723
    outer loop
      vertex 13.0379 0.719497 -3.98368
      vertex 12.7704 0.677136 -3.98368
      vertex 12.9484 1.14067 -4.23228
    endloop
  endfacet
  facet normal 0.0782774 -0.49436 -0.865726
    outer loop
      vertex 12.7704 0.677136 -3.98368
      vertex 12.7254 1.10536 -4.23228
      vertex 12.9484 1.14067 -4.23228
    endloop
  endfacet
  facet normal 0.0375236 -0.0977122 0.994507
    outer loop
      vertex 12.8022 2.57118 4.69152
      vertex 12.6011 3.0229 4.74349
      vertex 12.7296 2.5433 4.69152
    endloop
  endfacet
  facet normal 0.0163685 -0.10338 0.994507
    outer loop
      vertex 12.6545 2.52317 4.69152
      vertex 12.5517 3.00684 4.74349
      vertex 12.5777 2.51101 4.69152
    endloop
  endfacet
  facet normal 0.0474862 -0.0932836 0.994507
    outer loop
      vertex 12.6243 3.03471 4.74349
      vertex 12.6011 3.0229 4.74349
      vertex 12.8715 2.60649 4.69152
    endloop
  endfacet
  facet normal 0.0877137 -0.0570822 0.994509
    outer loop
      vertex 12.7153 3.1257 4.74349
      vertex 12.7011 3.10388 4.74349
      vertex 13.1012 2.81324 4.69152
    endloop
  endfacet
  facet normal 0.0876821 0.0571141 0.99451
    outer loop
      vertex 13.1012 17.9368 4.69152
      vertex 12.7011 17.6461 4.74349
      vertex 12.7153 17.6243 4.74349
    endloop
  endfacet
  facet normal 0 0 1
    outer loop
      vertex 12.5 17.7486 4.74349
      vertex 12.7486 17.5 4.74349
      vertex 12.7472 17.526 4.74349
    endloop
  endfacet
  facet normal 0 0 1
    outer loop
      vertex 12.7486 17.5 4.74349
      vertex 9.34623 8.91278 4.74349
      vertex 12.7486 3.25 4.74349
    endloop
  endfacet
  facet normal 0 0 1
    outer loop
      vertex 12.5 17.7486 4.74349
      vertex 12.7472 17.526 4.74349
      vertex 12.7432 17.5517 4.74349
    endloop
  endfacet
  facet normal -0 -0 1
    outer loop
      vertex 9.38566 8.41667 4.74349
      vertex 12.7486 3.25 4.74349
      vertex 9.34623 8.91278 4.74349
    endloop
  endfacet
  facet normal 0 0 1
    outer loop
      vertex 12.5 17.7486 4.74349
      vertex 12.7432 17.5517 4.74349
      vertex 12.7364 17.5768 4.74349
    endloop
  endfacet
  facet normal 0 0 1
    outer loop
      vertex 9.38566 3.0014 4.74349
      vertex 12.7486 3.25 4.74349
      vertex 9.38566 8.41667 4.74349
    endloop
  endfacet
  facet normal 0 0 1
    outer loop
      vertex 12.5 17.7486 4.74349
      vertex 12.7364 17.5768 4.74349
      vertex 12.7271 17.6011 4.74349
    endloop
  endfacet
  facet normal 0 -0 1
    outer loop
      vertex 12.5 3.0014 4.74349
      vertex 12.7486 3.25 4.74349
      vertex 9.38566 3.0014 4.74349
    endloop
  endfacet
  facet normal 0 0 1
    outer loop
      vertex 12.5 17.7486 4.74349
      vertex 12.7271 17.6011 4.74349
      vertex 12.7153 17.6243 4.74349
    endloop
  endfacet
  facet normal 0 0 1
    outer loop
      vertex 12.7486 3.25 4.74349
      vertex 12.5 3.0014 4.74349
      vertex 12.7472 3.22401 4.74349
    endloop
  endfacet
  facet normal 0 0 1
    outer loop
      vertex 12.5 17.7486 4.74349
      vertex 12.7153 17.6243 4.74349
      vertex 12.7011 17.6461 4.74349
    endloop
  endfacet
  facet normal 0 0 1
    outer loop
      vertex 12.7472 3.22401 4.74349
      vertex 12.5 3.0014 4.74349
      vertex 12.7432 3.19831 4.74349
    endloop
  endfacet
  facet normal 0 0 1
    outer loop
      vertex 12.5 17.7486 4.74349
      vertex 12.7011 17.6461 4.74349
      vertex 12.6847 17.6663 4.74349
    endloop
  endfacet
  facet normal 0 0 1
    outer loop
      vertex 12.7432 3.19831 4.74349
      vertex 12.5 3.0014 4.74349
      vertex 12.7364 3.17318 4.74349
    endloop
  endfacet
  facet normal 0 0 1
    outer loop
      vertex 12.5 17.7486 4.74349
      vertex 12.6847 17.6663 4.74349
      vertex 12.6663 17.6847 4.74349
    endloop
  endfacet
  facet normal 0 0 1
    outer loop
      vertex 12.7271 3.14889 4.74349
      vertex 12.5 3.0014 4.74349
      vertex 12.7153 3.1257 4.74349
    endloop
  endfacet
  facet normal 0 0 1
    outer loop
      vertex 12.5 17.7486 4.74349
      vertex 12.6663 17.6847 4.74349
      vertex 12.6461 17.7011 4.74349
    endloop
  endfacet
  facet normal 0 0 1
    outer loop
      vertex 12.7153 3.1257 4.74349
      vertex 12.5 3.0014 4.74349
      vertex 12.7011 3.10388 4.74349
    endloop
  endfacet
  facet normal 0 0 1
    outer loop
      vertex 12.5 17.7486 4.74349
      vertex 12.6461 17.7011 4.74349
      vertex 12.6243 17.7153 4.74349
    endloop
  endfacet
  facet normal 0 0 1
    outer loop
      vertex 12.7011 3.10388 4.74349
      vertex 12.5 3.0014 4.74349
      vertex 12.6847 3.08366 4.74349
    endloop
  endfacet
  facet normal 0 0 1
    outer loop
      vertex 12.5 17.7486 4.74349
      vertex 12.6243 17.7153 4.74349
      vertex 12.6011 17.7271 4.74349
    endloop
  endfacet
  facet normal 0 0 1
    outer loop
      vertex 12.6847 3.08366 4.74349
      vertex 12.5 3.0014 4.74349
      vertex 12.6663 3.06526 4.74349
    endloop
  endfacet
  facet normal 0 0 1
    outer loop
      vertex 12.5 17.7486 4.74349
      vertex 12.6011 17.7271 4.74349
      vertex 12.5768 17.7364 4.74349
    endloop
  endfacet
  facet normal 0 0 1
    outer loop
      vertex 12.6663 3.06526 4.74349
      vertex 12.5 3.0014 4.74349
      vertex 12.6461 3.04888 4.74349
    endloop
  endfacet
  facet normal 0 0 1
    outer loop
      vertex 12.5 17.7486 4.74349
      vertex 12.5768 17.7364 4.74349
      vertex 12.5517 17.7432 4.74349
    endloop
  endfacet
  facet normal 0 0 1
    outer loop
      vertex 12.6461 3.04888 4.74349
      vertex 12.5 3.0014 4.74349
      vertex 12.6243 3.03471 4.74349
    endloop
  endfacet
  facet normal 0 0 1
    outer loop
      vertex 12.5 17.7486 4.74349
      vertex 12.5517 17.7432 4.74349
      vertex 12.526 17.7472 4.74349
    endloop
  endfacet
  facet normal 0 0 1
    outer loop
      vertex 12.6243 3.03471 4.74349
      vertex 12.5 3.0014 4.74349
      vertex 12.6011 3.0229 4.74349
    endloop
  endfacet
  facet normal 0 0 1
    outer loop
      vertex 7.62837 11.2718 4.74349
      vertex 12.7486 17.5 4.74349
      vertex 12.5 17.7486 4.74349
    endloop
  endfacet
  facet normal 0 0 1
    outer loop
      vertex 12.6011 3.0229 4.74349
      vertex 12.5 3.0014 4.74349
      vertex 12.5768 3.01357 4.74349
    endloop
  endfacet
  facet normal 0 0 1
    outer loop
      vertex 12.5768 3.01357 4.74349
      vertex 12.5 3.0014 4.74349
      vertex 12.5517 3.00684 4.74349
    endloop
  endfacet
  facet normal 0 0 1
    outer loop
      vertex 12.5517 3.00684 4.74349
      vertex 12.5 3.0014 4.74349
      vertex 12.526 3.00277 4.74349
    endloop
  endfacet
  facet normal 0 0 1
    outer loop
      vertex 12.7486 17.5 4.74349
      vertex 9.30002 9.10353 4.74349
      vertex 9.34623 8.91278 4.74349
    endloop
  endfacet
  facet normal 0 0 1
    outer loop
      vertex 12.7486 17.5 4.74349
      vertex 9.22886 9.39726 4.74349
      vertex 9.30002 9.10353 4.74349
    endloop
  endfacet
  facet normal 0 0 1
    outer loop
      vertex 12.7486 17.5 4.74349
      vertex 9.11309 9.6747 4.74349
      vertex 9.22886 9.39726 4.74349
    endloop
  endfacet
  facet normal 0 0 1
    outer loop
      vertex 12.7486 17.5 4.74349
      vertex 9.03629 9.85876 4.74349
      vertex 9.11309 9.6747 4.74349
    endloop
  endfacet
  facet normal 0 0 1
    outer loop
      vertex 12.7486 17.5 4.74349
      vertex 8.77306 10.2865 4.74349
      vertex 9.03629 9.85876 4.74349
    endloop
  endfacet
  facet normal 0 0 1
    outer loop
      vertex 12.7486 17.5 4.74349
      vertex 8.44531 10.6703 4.74349
      vertex 8.77306 10.2865 4.74349
    endloop
  endfacet
  facet normal 0 0 1
    outer loop
      vertex 12.7486 17.5 4.74349
      vertex 8.06075 11.0014 4.74349
      vertex 8.44531 10.6703 4.74349
    endloop
  endfacet
  facet normal 0 0 1
    outer loop
      vertex 12.7486 17.5 4.74349
      vertex 7.8737 11.1184 4.74349
      vertex 8.06075 11.0014 4.74349
    endloop
  endfacet
  facet normal 0 0 1
    outer loop
      vertex 12.7486 17.5 4.74349
      vertex 7.62837 11.2718 4.74349
      vertex 7.8737 11.1184 4.74349
    endloop
  endfacet
  facet normal 0 0 1
    outer loop
      vertex 12.5 17.7486 4.74349
      vertex 7.36814 11.3845 4.74349
      vertex 7.62837 11.2718 4.74349
    endloop
  endfacet
  facet normal 0 0 1
    outer loop
      vertex 12.5 17.7486 4.74349
      vertex 7.15832 11.4754 4.74349
      vertex 7.36814 11.3845 4.74349
    endloop
  endfacet
  facet normal -0 0 1
    outer loop
      vertex 4.75 17.7486 4.74349
      vertex 7.15832 11.4754 4.74349
      vertex 12.5 17.7486 4.74349
    endloop
  endfacet
  facet normal 0 0 1
    outer loop
      vertex 7.15832 11.4754 4.74349
      vertex 4.75 17.7486 4.74349
      vertex 6.93069 11.5358 4.74349
    endloop
  endfacet
  facet normal 0 0 1
    outer loop
      vertex 6.93069 11.5358 4.74349
      vertex 4.75 17.7486 4.74349
      vertex 6.66161 11.6072 4.74349
    endloop
  endfacet
  facet normal -0 0 1
    outer loop
      vertex 4.5014 17.5 4.74349
      vertex 6.66161 11.6072 4.74349
      vertex 4.75 17.7486 4.74349
    endloop
  endfacet
  facet normal 0 0 1
    outer loop
      vertex 6.66161 11.6072 4.74349
      vertex 4.5014 17.5 4.74349
      vertex 6.41998 11.6342 4.74349
    endloop
  endfacet
  facet normal 0 0 1
    outer loop
      vertex 6.41998 11.6342 4.74349
      vertex 4.5014 17.5 4.74349
      vertex 6.14989 11.6643 4.74349
    endloop
  endfacet
  facet normal 0 0 1
    outer loop
      vertex 6.14989 11.6643 4.74349
      vertex 4.5014 17.5 4.74349
      vertex 5.8857 11.6545 4.74349
    endloop
  endfacet
  facet normal 0 0 1
    outer loop
      vertex 5.8857 11.6545 4.74349
      vertex 4.5014 17.5 4.74349
      vertex 5.63515 11.6452 4.74349
    endloop
  endfacet
  facet normal -0 0 1
    outer loop
      vertex 4.5014 11.7671 4.74349
      vertex 5.63515 11.6452 4.74349
      vertex 4.5014 17.5 4.74349
    endloop
  endfacet
  facet normal 0 0 1
    outer loop
      vertex 5.63515 11.6452 4.74349
      vertex 4.5014 11.7671 4.74349
      vertex 5.38205 11.5978 4.74349
    endloop
  endfacet
  facet normal -0 -0 1
    outer loop
      vertex 4.51595 11.7595 4.74349
      vertex 5.38205 11.5978 4.74349
      vertex 4.5014 11.7671 4.74349
    endloop
  endfacet
  facet normal 0 0 1
    outer loop
      vertex 4.5014 17.5 4.74349
      vertex 4.75 17.7486 4.74349
      vertex 4.72401 17.7472 4.74349
    endloop
  endfacet
  facet normal 0 0 1
    outer loop
      vertex 4.5014 17.5 4.74349
      vertex 4.72401 17.7472 4.74349
      vertex 4.69831 17.7432 4.74349
    endloop
  endfacet
  facet normal 0 0 1
    outer loop
      vertex 4.5014 17.5 4.74349
      vertex 4.69831 17.7432 4.74349
      vertex 4.67318 17.7364 4.74349
    endloop
  endfacet
  facet normal 0 0 1
    outer loop
      vertex 4.5014 17.5 4.74349
      vertex 4.67318 17.7364 4.74349
      vertex 4.64889 17.7271 4.74349
    endloop
  endfacet
  facet normal 0 0 1
    outer loop
      vertex 4.5014 17.5 4.74349
      vertex 4.64889 17.7271 4.74349
      vertex 4.6257 17.7153 4.74349
    endloop
  endfacet
  facet normal 0 0 1
    outer loop
      vertex 4.5014 17.5 4.74349
      vertex 4.6257 17.7153 4.74349
      vertex 4.60388 17.7011 4.74349
    endloop
  endfacet
  facet normal 0 0 1
    outer loop
      vertex 4.5014 17.5 4.74349
      vertex 4.60388 17.7011 4.74349
      vertex 4.58366 17.6847 4.74349
    endloop
  endfacet
  facet normal 0 0 1
    outer loop
      vertex 4.5014 17.5 4.74349
      vertex 4.58366 17.6847 4.74349
      vertex 4.56526 17.6663 4.74349
    endloop
  endfacet
  facet normal 0 0 1
    outer loop
      vertex 4.5014 17.5 4.74349
      vertex 4.56526 17.6663 4.74349
      vertex 4.54888 17.6461 4.74349
    endloop
  endfacet
  facet normal 0 0 1
    outer loop
      vertex 4.5014 17.5 4.74349
      vertex 4.54888 17.6461 4.74349
      vertex 4.53471 17.6243 4.74349
    endloop
  endfacet
  facet normal 0 0 1
    outer loop
      vertex 4.5014 17.5 4.74349
      vertex 4.53471 17.6243 4.74349
      vertex 4.5229 17.6011 4.74349
    endloop
  endfacet
  facet normal 0 0 1
    outer loop
      vertex 5.12944 11.5505 4.74349
      vertex 4.78194 11.6219 4.74349
      vertex 4.97982 11.4986 4.74349
    endloop
  endfacet
  facet normal 0 0 1
    outer loop
      vertex 4.5014 17.5 4.74349
      vertex 4.5229 17.6011 4.74349
      vertex 4.51357 17.5768 4.74349
    endloop
  endfacet
  facet normal 0 0 1
    outer loop
      vertex 4.5014 17.5 4.74349
      vertex 4.51357 17.5768 4.74349
      vertex 4.50684 17.5517 4.74349
    endloop
  endfacet
  facet normal 0 0 1
    outer loop
      vertex 4.5014 17.5 4.74349
      vertex 4.50684 17.5517 4.74349
      vertex 4.50277 17.526 4.74349
    endloop
  endfacet
  facet normal 0 0 1
    outer loop
      vertex 5.38205 11.5978 4.74349
      vertex 4.78194 11.6219 4.74349
      vertex 5.12944 11.5505 4.74349
    endloop
  endfacet
  facet normal -0 -0 1
    outer loop
      vertex 4.78194 11.6219 4.74349
      vertex 5.38205 11.5978 4.74349
      vertex 4.51595 11.7595 4.74349
    endloop
  endfacet
  facet normal 0 0 1
    outer loop
      vertex 12.7364 3.17318 4.74349
      vertex 12.5 3.0014 4.74349
      vertex 12.7271 3.14889 4.74349
    endloop
  endfacet
  facet normal 0.305594 -0.0484464 0.950929
    outer loop
      vertex 14.1929 3.07207 4.43451
      vertex 13.7025 2.9944 4.58815
      vertex 14.165 2.89608 4.43451
    endloop
  endfacet
  facet normal 0.266562 -0.694159 0.668646
    outer loop
      vertex 13.6828 0 3.24324
      vertex 13.5379 0.0556316 3.35876
      vertex 13.556 0 3.29379
    endloop
  endfacet
  facet normal 0.561571 -0.364731 0.742705
    outer loop
      vertex 15.4088 1.57062 3.35876
      vertex 15.0888 1.75536 3.69144
      vertex 15.2173 1.27577 3.35876
    endloop
  endfacet
  facet normal 0.59668 -0.303915 0.742704
    outer loop
      vertex 15.2308 2.03415 3.69144
      vertex 15.0888 1.75536 3.69144
      vertex 15.4088 1.57062 3.35876
    endloop
  endfacet
  facet normal 0.871623 -0.444057 0.207575
    outer loop
      vertex 16.6915 1.38383 1.22939
      vertex 16.4735 0.955926 1.22939
      vertex 16.7859 1.34179 0.743063
    endloop
  endfacet
  facet normal 0.87163 -0.444032 0.207599
    outer loop
      vertex 16.7859 1.34179 0.743063
      vertex 16.4735 0.955926 1.22939
      vertex 16.563 0.90424 0.743063
    endloop
  endfacet
  facet normal 0.836798 0.224213 0.499498
    outer loop
      vertex 16.6398 18.3799 2.15645
      vertex 16.2887 18.731 2.58704
      vertex 16.3966 18.3283 2.58704
    endloop
  endfacet
  facet normal 0.836812 0.22431 0.49943
    outer loop
      vertex 16.5251 18.8078 2.15645
      vertex 16.2887 18.731 2.58704
      vertex 16.6398 18.3799 2.15645
    endloop
  endfacet
  facet normal 0.902524 0.142908 0.406237
    outer loop
      vertex 16.8376 18.422 1.70225
      vertex 16.7091 17.9424 2.15645
      vertex 16.9102 17.9635 1.70225
    endloop
  endfacet
  facet normal 0.912512 0.0478404 0.406243
    outer loop
      vertex 16.9102 17.9635 1.70225
      vertex 16.7091 17.9424 2.15645
      vertex 16.9345 17.5 1.70225
    endloop
  endfacet
  facet normal 0.847527 0.431755 0.308685
    outer loop
      vertex 16.4735 19.7941 1.22939
      vertex 16.3404 19.7173 1.70225
      vertex 16.5511 19.3037 1.70225
    endloop
  endfacet
  facet normal 0.847508 0.431775 0.308709
    outer loop
      vertex 16.6915 19.3662 1.22939
      vertex 16.4735 19.7941 1.22939
      vertex 16.5511 19.3037 1.70225
    endloop
  endfacet
  facet normal 0.766379 0.497651 0.40621
    outer loop
      vertex 16.0876 20.1065 1.70225
      vertex 15.924 19.9877 2.15645
      vertex 16.1653 19.6161 2.15645
    endloop
  endfacet
  facet normal 0.710071 0.575153 0.406199
    outer loop
      vertex 16.0876 20.1065 1.70225
      vertex 15.6452 20.3319 2.15645
      vertex 15.924 19.9877 2.15645
    endloop
  endfacet
  facet normal 0.44083 0.678731 0.587361
    outer loop
      vertex 14.8416 20.7229 2.58704
      vertex 14.3457 20.6969 2.98927
      vertex 14.6698 20.4864 2.98927
    endloop
  endfacet
  facet normal 0.405039 0.623626 0.668606
    outer loop
      vertex 14.6698 20.4864 2.98927
      vertex 14.3457 20.6969 2.98927
      vertex 14.4742 20.2173 3.35876
    endloop
  endfacet
  facet normal 0.572342 0.572342 0.58724
    outer loop
      vertex 15.1656 20.4605 2.58704
      vertex 15.2433 19.9701 2.98927
      vertex 15.4605 20.1656 2.58704
    endloop
  endfacet
  facet normal 0.572342 0.572342 0.58724
    outer loop
      vertex 15.2433 19.9701 2.98927
      vertex 15.1656 20.4605 2.58704
      vertex 14.9701 20.2433 2.98927
    endloop
  endfacet
  facet normal 0.672413 0.672786 0.308577
    outer loop
      vertex 15.5127 20.75 1.70225
      vertex 15.9097 20.5701 1.22939
      vertex 15.7297 20.75 1.22939
    endloop
  endfacet
  facet normal 0.672463 0.672701 0.308652
    outer loop
      vertex 15.9097 20.5701 1.22939
      vertex 15.5127 20.75 1.70225
      vertex 15.7955 20.4673 1.70225
    endloop
  endfacet
  facet normal 0.760221 0.615588 0.207643
    outer loop
      vertex 16.2955 20.2576 0.743063
      vertex 15.9865 20.6392 0.743063
      vertex 16.2119 20.1968 1.22939
    endloop
  endfacet
  facet normal 0.494319 -0.0783636 0.865741
    outer loop
      vertex 15.0729 2.97958 3.98368
      vertex 14.6093 2.80165 4.23228
      vertex 15.0305 2.71212 3.98368
    endloop
  endfacet
  facet normal 0.494294 -0.0782658 0.865764
    outer loop
      vertex 14.6446 3.02459 4.23228
      vertex 14.6093 2.80165 4.23228
      vertex 15.0729 2.97958 3.98368
    endloop
  endfacet
  facet normal 0.103384 -0.0164187 0.994506
    outer loop
      vertex 13.239 3.17233 4.69152
      vertex 12.7432 3.19831 4.74349
      vertex 13.2268 3.09551 4.69152
    endloop
  endfacet
  facet normal -0.101099 0.027099 0.994507
    outer loop
      vertex 4.0433 17.7296 4.69152
      vertex 4.02317 17.6545 4.69152
      vertex 4.50684 17.5517 4.74349
    endloop
  endfacet
  facet normal -0.0932836 0.0474862 0.994507
    outer loop
      vertex 4.53471 17.6243 4.74349
      vertex 4.10649 17.8715 4.69152
      vertex 4.5229 17.6011 4.74349
    endloop
  endfacet
  facet normal -0.168586 0.25946 0.950926
    outer loop
      vertex 3.89888 18.9742 4.43451
      vertex 3.74944 18.8771 4.43451
      vertex 4.02738 18.4946 4.58815
    endloop
  endfacet
  facet normal -0.0569496 0.0878208 0.994507
    outer loop
      vertex 4.37847 18.1435 4.69152
      vertex 4.31324 18.1012 4.69152
      vertex 4.6257 17.7153 4.74349
    endloop
  endfacet
  facet normal -0.0636855 0.402211 0.913329
    outer loop
      vertex 4.52459 19.6446 4.23228
      vertex 4.30165 19.6093 4.23228
      vertex 4.57207 19.1929 4.43451
    endloop
  endfacet
  facet normal -0.105354 0.393328 0.913342
    outer loop
      vertex 4.30165 19.6093 4.23228
      vertex 4.08362 19.5509 4.23228
      vertex 4.22398 19.1189 4.43451
    endloop
  endfacet
  facet normal -0.0485746 0.305611 0.950917
    outer loop
      vertex 4.57207 19.1929 4.43451
      vertex 4.4944 18.7025 4.58815
      vertex 4.62149 18.7227 4.58815
    endloop
  endfacet
  facet normal -0.419758 0.27261 0.865729
    outer loop
      vertex 3.00539 18.7675 4.23228
      vertex 2.65704 19.0206 3.98368
      vertex 2.88245 18.5782 4.23228
    endloop
  endfacet
  facet normal -0.272493 0.419832 0.86573
    outer loop
      vertex 3.45648 19.7404 3.98368
      vertex 3.22938 19.593 3.98368
      vertex 3.67177 19.3675 4.23228
    endloop
  endfacet
  facet normal -0.0944791 0.185496 0.978092
    outer loop
      vertex 4.24996 18.6231 4.58815
      vertex 4.1353 18.5647 4.58815
      vertex 4.37847 18.1435 4.69152
    endloop
  endfacet
  facet normal -0.140426 0.275705 0.95093
    outer loop
      vertex 4.24996 18.6231 4.58815
      vertex 3.89888 18.9742 4.43451
      vertex 4.1353 18.5647 4.58815
    endloop
  endfacet
  facet normal -0.210931 0.549152 0.808665
    outer loop
      vertex 3.82626 20.343 3.69144
      vertex 3.53415 20.2308 3.69144
      vertex 3.95056 19.9604 3.98368
    endloop
  endfacet
  facet normal -0.210774 0.549317 0.808595
    outer loop
      vertex 3.95056 19.9604 3.98368
      vertex 3.53415 20.2308 3.69144
      vertex 3.69776 19.8634 3.98368
    endloop
  endfacet
  facet normal -0.184919 0.362837 0.91332
    outer loop
      vertex 3.87289 19.47 4.23228
      vertex 3.67177 19.3675 4.23228
      vertex 3.89888 18.9742 4.43451
    endloop
  endfacet
  facet normal -0.227309 0.445894 0.865742
    outer loop
      vertex 3.69776 19.8634 3.98368
      vertex 3.45648 19.7404 3.98368
      vertex 3.87289 19.47 4.23228
    endloop
  endfacet
  facet normal -0.473593 0.473486 0.742645
    outer loop
      vertex 2.50255 19.996 3.35876
      vertex 2.52854 19.5002 3.69144
      vertex 2.74979 19.7215 3.69144
    endloop
  endfacet
  facet normal -0.473527 0.473508 0.742672
    outer loop
      vertex 2.52854 19.5002 3.69144
      vertex 2.50255 19.996 3.35876
      vertex 2.25396 19.7474 3.35876
    endloop
  endfacet
  facet normal -0.37019 0.457163 0.808679
    outer loop
      vertex 2.99295 19.9184 3.69144
      vertex 2.74979 19.7215 3.69144
      vertex 3.01894 19.4225 3.98368
    endloop
  endfacet
  facet normal -0.362814 0.184928 0.913328
    outer loop
      vertex 3.27581 18.3511 4.43451
      vertex 2.77998 18.3771 4.23228
      vertex 3.19492 18.1924 4.43451
    endloop
  endfacet
  facet normal -0.161796 0.131022 0.978087
    outer loop
      vertex 3.83638 18.3226 4.58815
      vertex 3.7554 18.2226 4.58815
      vertex 4.14885 17.9368 4.69152
    endloop
  endfacet
  facet normal -0.380144 0.145941 0.913341
    outer loop
      vertex 2.77998 18.3771 4.23228
      vertex 2.69909 18.1664 4.23228
      vertex 3.13107 18.026 4.43451
    endloop
  endfacet
  facet normal -0.0932622 0.0475193 0.994507
    outer loop
      vertex 4.10649 17.8715 4.69152
      vertex 4.07118 17.8022 4.69152
      vertex 4.5229 17.6011 4.74349
    endloop
  endfacet
  facet normal 0.056907 0.0878494 0.994507
    outer loop
      vertex 12.8715 18.1435 4.69152
      vertex 12.6243 17.7153 4.74349
      vertex 12.9368 18.1012 4.69152
    endloop
  endfacet
  facet normal 0.0375173 -0.0977139 0.994507
    outer loop
      vertex 12.6011 3.0229 4.74349
      vertex 12.5768 3.01357 4.74349
      vertex 12.7296 2.5433 4.69152
    endloop
  endfacet
  facet normal -0.402194 0.0636837 0.913337
    outer loop
      vertex 2.64067 17.9484 4.23228
      vertex 2.60536 17.7254 4.23228
      vertex 3.05708 17.6779 4.43451
    endloop
  endfacet
  facet normal -0.494364 0.0782779 0.865724
    outer loop
      vertex 2.64067 17.9484 4.23228
      vertex 2.17714 17.7704 3.98368
      vertex 2.60536 17.7254 4.23228
    endloop
  endfacet
  facet normal -0.305597 0.0484002 0.95093
    outer loop
      vertex 3.54747 17.7556 4.58815
      vertex 3.05708 17.6779 4.43451
      vertex 3.52734 17.6285 4.58815
    endloop
  endfacet
  facet normal -0.308981 0.0161824 0.95093
    outer loop
      vertex 3.52734 17.6285 4.58815
      vertex 3.05708 17.6779 4.43451
      vertex 3.52061 17.5 4.58815
    endloop
  endfacet
  facet normal -0.483471 0.129561 0.865719
    outer loop
      vertex 2.69909 18.1664 4.23228
      vertex 2.28958 18.2994 3.98368
      vertex 2.64067 17.9484 4.23228
    endloop
  endfacet
  facet normal -0.402192 0.063688 0.913338
    outer loop
      vertex 3.08495 17.8539 4.43451
      vertex 2.64067 17.9484 4.23228
      vertex 3.05708 17.6779 4.43451
    endloop
  endfacet
  facet normal -0.721192 0.367446 0.587252
    outer loop
      vertex 1.55312 19.3457 2.98927
      vertex 1.30003 19.4918 2.58704
      vertex 1.3777 19.0014 2.98927
    endloop
  endfacet
  facet normal -0.662586 0.337586 0.668592
    outer loop
      vertex 1.55312 19.3457 2.98927
      vertex 1.3777 19.0014 2.98927
      vertex 1.84123 19.1794 3.35876
    endloop
  endfacet
  facet normal -0.388957 0.315002 0.865729
    outer loop
      vertex 3.14744 18.9429 4.23228
      vertex 2.65704 19.0206 3.98368
      vertex 3.00539 18.7675 4.23228
    endloop
  endfacet
  facet normal -0.316457 0.256287 0.91333
    outer loop
      vertex 3.14744 18.9429 4.23228
      vertex 3.00539 18.7675 4.23228
      vertex 3.48498 18.639 4.43451
    endloop
  endfacet
  facet normal -0.902491 0.142957 0.406291
    outer loop
      vertex 0.610204 18.3799 2.15645
      vertex 0.412397 18.422 1.70225
      vertex 0.540903 17.9424 2.15645
    endloop
  endfacet
  facet normal -0.882598 0.23652 0.4063
    outer loop
      vertex 0.532533 18.8703 1.70225
      vertex 0.412397 18.422 1.70225
      vertex 0.610204 18.3799 2.15645
    endloop
  endfacet
  facet normal -0.965927 0.258814 0
    outer loop
      vertex 0.110166 18.4862 -0.248595
      vertex 0.238672 18.9658 0.248595
      vertex 0.238672 18.9658 -0.248595
    endloop
  endfacet
  facet normal -0.965927 0.258814 0
    outer loop
      vertex 0.238672 18.9658 0.248595
      vertex 0.110166 18.4862 -0.248595
      vertex 0.110166 18.4862 0.248595
    endloop
  endfacet
  facet normal -0.960653 0.257401 -0.104356
    outer loop
      vertex 0.288099 18.9498 -0.743063
      vertex 0.110166 18.4862 -0.248595
      vertex 0.238672 18.9658 -0.248595
    endloop
  endfacet
  facet normal -0.993174 0.0520538 0.104384
    outer loop
      vertex 0.0324945 17.9958 0.248595
      vertex 0.00650883 17.5 0.248595
      vertex 0.0841808 17.9904 0.743063
    endloop
  endfacet
  facet normal -0.847505 0.431831 0.308638
    outer loop
      vertex 0.776547 19.7941 1.22939
      vertex 0.558518 19.3662 1.22939
      vertex 0.698875 19.3037 1.70225
    endloop
  endfacet
  facet normal -0.871607 0.444052 0.207651
    outer loop
      vertex 0.687024 19.8458 0.743063
      vertex 0.464083 19.4082 0.743063
      vertex 0.776547 19.7941 1.22939
    endloop
  endfacet
  facet normal -0.772847 0.625938 0.10445
    outer loop
      vertex 1.2249 20.674 0.248595
      vertex 0.912436 20.2882 0.248595
      vertex 0.95448 20.2576 0.743063
    endloop
  endfacet
  facet normal -0.772872 0.625913 0.104415
    outer loop
      vertex 1.2249 20.674 0.248595
      vertex 0.95448 20.2576 0.743063
      vertex 1.26352 20.6392 0.743063
    endloop
  endfacet
  facet normal -0.886168 0.45147 0.10431
    outer loop
      vertex 0.642016 19.8717 0.248595
      vertex 0.464083 19.4082 0.743063
      vertex 0.687024 19.8458 0.743063
    endloop
  endfacet
  facet normal -0.853054 0.327438 0.406305
    outer loop
      vertex 0.883618 19.2214 2.15645
      vertex 0.698875 19.3037 1.70225
      vertex 0.724861 18.8078 2.15645
    endloop
  endfacet
  facet normal -0.781809 0.209509 0.587265
    outer loop
      vertex 1.23923 18.6407 2.98927
      vertex 0.961289 18.731 2.58704
      vertex 1.13922 18.2675 2.98927
    endloop
  endfacet
  facet normal -0.67323 0.545254 0.499458
    outer loop
      vertex 1.78954 20.1656 2.58704
      vertex 1.32601 19.9877 2.15645
      vertex 1.52713 19.8416 2.58704
    endloop
  endfacet
  facet normal -0.673222 0.545286 0.499436
    outer loop
      vertex 1.6048 20.3319 2.15645
      vertex 1.32601 19.9877 2.15645
      vertex 1.78954 20.1656 2.58704
    endloop
  endfacet
  facet normal -0.612655 0.612557 0.499427
    outer loop
      vertex 1.6048 20.3319 2.15645
      vertex 2.08439 20.4605 2.58704
      vertex 1.91805 20.6452 2.15645
    endloop
  endfacet
  facet normal -0.612657 0.612553 0.49943
    outer loop
      vertex 2.08439 20.4605 2.58704
      vertex 1.6048 20.3319 2.15645
      vertex 1.78954 20.1656 2.58704
    endloop
  endfacet
  facet normal -0.70337 0.703116 0.104396
    outer loop
      vertex 1.30089 20.75 0.248595
      vertex 1.26352 20.6392 0.743063
      vertex 1.37428 20.75 0.743063
    endloop
  endfacet
  facet normal -0.703288 0.703195 0.10442
    outer loop
      vertex 1.26352 20.6392 0.743063
      vertex 1.30089 20.75 0.248595
      vertex 1.2249 20.674 0.248595
    endloop
  endfacet
  facet normal -0.871592 0.444105 0.207599
    outer loop
      vertex 0.776547 19.7941 1.22939
      vertex 0.464083 19.4082 0.743063
      vertex 0.558518 19.3662 1.22939
    endloop
  endfacet
  facet normal -0.760285 0.615539 0.207553
    outer loop
      vertex 1.26352 20.6392 0.743063
      vertex 1.03811 20.1968 1.22939
      vertex 1.34034 20.5701 1.22939
    endloop
  endfacet
  facet normal -0.834137 0.541578 0.104441
    outer loop
      vertex 0.912436 20.2882 0.248595
      vertex 0.642016 19.8717 0.248595
      vertex 0.95448 20.2576 0.743063
    endloop
  endfacet
  facet normal -0.913212 0.350591 0.207678
    outer loop
      vertex 0.464083 19.4082 0.743063
      vertex 0.288099 18.9498 0.743063
      vertex 0.386412 18.9178 1.22939
    endloop
  endfacet
  facet normal -0.94487 0.25317 -0.207668
    outer loop
      vertex 0.386412 18.9178 -1.22939
      vertex 0.262114 18.4539 -1.22939
      vertex 0.288099 18.9498 -0.743063
    endloop
  endfacet
  facet normal -0.92847 0.356448 -0.104344
    outer loop
      vertex 0.288099 18.9498 -0.743063
      vertex 0.238672 18.9658 -0.248595
      vertex 0.464083 19.4082 -0.743063
    endloop
  endfacet
  facet normal -0.913252 0.350527 -0.207607
    outer loop
      vertex 0.558518 19.3662 -1.22939
      vertex 0.386412 18.9178 -1.22939
      vertex 0.464083 19.4082 -0.743063
    endloop
  endfacet
  facet normal -0.871607 0.444052 -0.207651
    outer loop
      vertex 0.776547 19.7941 -1.22939
      vertex 0.464083 19.4082 -0.743063
      vertex 0.687024 19.8458 -0.743063
    endloop
  endfacet
  facet normal -0.421481 0.520366 0.74268
    outer loop
      vertex 2.77577 20.2173 3.35876
      vertex 2.50255 19.996 3.35876
      vertex 2.99295 19.9184 3.69144
    endloop
  endfacet
  facet normal -0.303915 0.59668 0.742704
    outer loop
      vertex 3.53415 20.2308 3.69144
      vertex 3.07062 20.4088 3.35876
      vertex 3.25536 20.0888 3.69144
    endloop
  endfacet
  facet normal -0.320267 0.493438 0.808671
    outer loop
      vertex 3.25536 20.0888 3.69144
      vertex 3.22938 19.593 3.98368
      vertex 3.45648 19.7404 3.98368
    endloop
  endfacet
  facet normal -0.267171 0.52409 0.808672
    outer loop
      vertex 3.69776 19.8634 3.98368
      vertex 3.25536 20.0888 3.69144
      vertex 3.45648 19.7404 3.98368
    endloop
  endfacet
  facet normal -0.303969 0.596607 0.74274
    outer loop
      vertex 3.38387 20.5684 3.35876
      vertex 3.07062 20.4088 3.35876
      vertex 3.53415 20.2308 3.69144
    endloop
  endfacet
  facet normal -0.240083 0.625051 0.742746
    outer loop
      vertex 3.82626 20.343 3.69144
      vertex 3.38387 20.5684 3.35876
      vertex 3.53415 20.2308 3.69144
    endloop
  endfacet
  facet normal -0.623645 0.404936 0.66865
    outer loop
      vertex 1.76356 19.6698 2.98927
      vertex 1.55312 19.3457 2.98927
      vertex 2.03271 19.4742 3.35876
    endloop
  endfacet
  facet normal -0.62363 0.405064 0.668587
    outer loop
      vertex 2.03271 19.4742 3.35876
      vertex 1.55312 19.3457 2.98927
      vertex 1.84123 19.1794 3.35876
    endloop
  endfacet
  facet normal 0.201098 0.0538741 -0.978089
    outer loop
      vertex 13.7025 17.7556 -4.58815
      vertex 13.2067 17.7296 -4.69152
      vertex 13.6692 17.8799 -4.58815
    endloop
  endfacet
  facet normal 0.101121 0.0270644 -0.994506
    outer loop
      vertex 13.2268 17.6545 -4.69152
      vertex 12.7432 17.5517 -4.74349
      vertex 13.2067 17.7296 -4.69152
    endloop
  endfacet
  facet normal 0.113205 0.174759 -0.978082
    outer loop
      vertex 12.9368 18.1012 -4.69152
      vertex 12.8715 18.1435 -4.69152
      vertex 13.2226 18.4946 -4.58815
    endloop
  endfacet
  facet normal 0.0326596 0.205595 -0.978092
    outer loop
      vertex 12.6545 18.2268 -4.69152
      vertex 12.5777 18.239 -4.69152
      vertex 12.6285 18.7227 -4.58815
    endloop
  endfacet
  facet normal 0.0485711 0.305613 -0.950916
    outer loop
      vertex 12.7556 18.7025 -4.58815
      vertex 12.6285 18.7227 -4.58815
      vertex 12.6779 19.1929 -4.43451
    endloop
  endfacet
  facet normal 0.147212 0.147212 -0.978089
    outer loop
      vertex 13.0522 17.9972 -4.69152
      vertex 13.3226 18.4136 -4.58815
      vertex 13.4136 18.3226 -4.58815
    endloop
  endfacet
  facet normal 0.147212 0.147212 -0.978089
    outer loop
      vertex 13.3226 18.4136 -4.58815
      vertex 13.0522 17.9972 -4.69152
      vertex 12.9972 18.0522 -4.69152
    endloop
  endfacet
  facet normal 0.161669 0.131155 -0.978091
    outer loop
      vertex 13.1012 17.9368 -4.69152
      vertex 13.0522 17.9972 -4.69152
      vertex 13.4136 18.3226 -4.58815
    endloop
  endfacet
  facet normal 0.056907 0.0878494 -0.994507
    outer loop
      vertex 12.9368 18.1012 -4.69152
      vertex 12.6243 17.7153 -4.74349
      vertex 12.8715 18.1435 -4.69152
    endloop
  endfacet
  facet normal 0.0812505 0.0659658 -0.994508
    outer loop
      vertex 12.7011 17.6461 -4.74349
      vertex 12.6847 17.6663 -4.74349
      vertex 13.1012 17.9368 -4.69152
    endloop
  endfacet
  facet normal 0.221807 0.341505 -0.913332
    outer loop
      vertex 13.5006 18.8771 -4.43451
      vertex 13.3511 18.9742 -4.43451
      vertex 13.7675 19.2446 -4.23228
    endloop
  endfacet
  facet normal 0.16853 0.259477 -0.950931
    outer loop
      vertex 13.5006 18.8771 -4.43451
      vertex 13.2226 18.4946 -4.58815
      vertex 13.3511 18.9742 -4.43451
    endloop
  endfacet
  facet normal 0.110757 0.288872 -0.950939
    outer loop
      vertex 13.1924 19.0551 -4.43451
      vertex 13 18.6231 -4.58815
      vertex 13.026 19.1189 -4.43451
    endloop
  endfacet
  facet normal 0.0482668 0.305574 -0.950944
    outer loop
      vertex 12.7556 18.7025 -4.58815
      vertex 12.6779 19.1929 -4.43451
      vertex 12.8539 19.1651 -4.43451
    endloop
  endfacet
  facet normal 0.194743 0.240423 -0.950932
    outer loop
      vertex 13.3226 18.4136 -4.58815
      vertex 13.2226 18.4946 -4.58815
      vertex 13.639 18.765 -4.43451
    endloop
  endfacet
  facet normal 0.259477 0.16853 -0.950931
    outer loop
      vertex 13.9742 18.3511 -4.43451
      vertex 13.4946 18.2226 -4.58815
      vertex 13.8771 18.5006 -4.43451
    endloop
  endfacet
  facet normal 0.240428 0.194739 -0.950932
    outer loop
      vertex 13.8771 18.5006 -4.43451
      vertex 13.4946 18.2226 -4.58815
      vertex 13.765 18.639 -4.43451
    endloop
  endfacet
  facet normal 0.152317 0.568199 -0.808671
    outer loop
      vertex 13.2994 19.9604 -3.98368
      vertex 13.0379 20.0305 -3.98368
      vertex 13.4237 20.343 -3.69144
    endloop
  endfacet
  facet normal 0.210937 0.54915 -0.808665
    outer loop
      vertex 13.7158 20.2308 -3.69144
      vertex 13.2994 19.9604 -3.98368
      vertex 13.4237 20.343 -3.69144
    endloop
  endfacet
  facet normal 0.239998 0.625138 -0.7427
    outer loop
      vertex 13.8661 20.5684 -3.35876
      vertex 13.4237 20.343 -3.69144
      vertex 13.5379 20.6944 -3.35876
    endloop
  endfacet
  facet normal 0.267027 0.524276 -0.808598
    outer loop
      vertex 13.9946 20.0888 -3.69144
      vertex 13.5522 19.8634 -3.98368
      vertex 13.7158 20.2308 -3.69144
    endloop
  endfacet
  facet normal 0.272529 0.41977 -0.865749
    outer loop
      vertex 13.7675 19.2446 -4.23228
      vertex 13.5782 19.3675 -4.23228
      vertex 14.0206 19.593 -3.98368
    endloop
  endfacet
  facet normal 0.320273 0.493446 -0.808663
    outer loop
      vertex 14.0206 19.593 -3.98368
      vertex 13.7935 19.7404 -3.98368
      vertex 13.9946 20.0888 -3.69144
    endloop
  endfacet
  facet normal 0.40658 0.0214654 -0.913363
    outer loop
      vertex 14.6565 17.5 -4.23228
      vertex 14.2022 17.5 -4.43451
      vertex 14.6446 17.7254 -4.23228
    endloop
  endfacet
  facet normal 0.402164 0.0637521 -0.913346
    outer loop
      vertex 14.1929 17.6779 -4.43451
      vertex 14.165 17.8539 -4.43451
      vertex 14.6093 17.9484 -4.23228
    endloop
  endfacet
  facet normal 0.402211 0.0636683 -0.913331
    outer loop
      vertex 14.6446 17.7254 -4.23228
      vertex 14.1929 17.6779 -4.43451
      vertex 14.6093 17.9484 -4.23228
    endloop
  endfacet
  facet normal 0.34157 0.221759 -0.91332
    outer loop
      vertex 14.3675 18.5782 -4.23228
      vertex 13.9742 18.3511 -4.43451
      vertex 14.2446 18.7675 -4.23228
    endloop
  endfacet
  facet normal 0.388982 0.314912 -0.86575
    outer loop
      vertex 14.2446 18.7675 -4.23228
      vertex 14.1026 18.9429 -4.23228
      vertex 14.593 19.0206 -3.98368
    endloop
  endfacet
  facet normal 0.415983 0.415983 -0.808651
    outer loop
      vertex 14.4225 19.2311 -3.98368
      vertex 14.5002 19.7215 -3.69144
      vertex 14.7215 19.5002 -3.69144
    endloop
  endfacet
  facet normal 0.415983 0.415983 -0.808651
    outer loop
      vertex 14.5002 19.7215 -3.69144
      vertex 14.4225 19.2311 -3.98368
      vertex 14.2311 19.4225 -3.98368
    endloop
  endfacet
  facet normal 0.59666 0.303894 -0.742728
    outer loop
      vertex 15.2308 18.7158 -3.69144
      vertex 15.0888 18.9946 -3.69144
      vertex 15.4088 19.1794 -3.35876
    endloop
  endfacet
  facet normal 0.581094 0.0921476 -0.808603
    outer loop
      vertex 15.4729 17.8125 -3.69144
      vertex 15.0305 18.0379 -3.98368
      vertex 15.4239 18.1215 -3.69144
    endloop
  endfacet
  facet normal 0.568343 0.152148 -0.808602
    outer loop
      vertex 15.4239 18.1215 -3.69144
      vertex 15.0305 18.0379 -3.98368
      vertex 15.343 18.4237 -3.69144
    endloop
  endfacet
  facet normal 0.721202 0.367409 -0.587263
    outer loop
      vertex 15.8723 19.0014 -2.98927
      vertex 15.6969 19.3457 -2.98927
      vertex 15.95 19.4918 -2.58704
    endloop
  endfacet
  facet normal 0.771917 0.393293 -0.499464
    outer loop
      vertex 16.3664 19.2214 -2.15645
      vertex 16.1393 19.1203 -2.58704
      vertex 16.1653 19.6161 -2.15645
    endloop
  endfacet
  facet normal 0.718271 0.192463 -0.668614
    outer loop
      vertex 16.1108 18.2675 -2.98927
      vertex 15.6944 18.5379 -3.35876
      vertex 16.0108 18.6407 -2.98927
    endloop
  endfacet
  facet normal 0.694196 0.266554 -0.668611
    outer loop
      vertex 16.0108 18.6407 -2.98927
      vertex 15.6944 18.5379 -3.35876
      vertex 15.8723 19.0014 -2.98927
    endloop
  endfacet
  facet normal 0.320426 0.493426 -0.808615
    outer loop
      vertex 14.0206 19.593 -3.98368
      vertex 13.9946 20.0888 -3.69144
      vertex 14.257 19.9184 -3.69144
    endloop
  endfacet
  facet normal 0.364703 0.561608 -0.74269
    outer loop
      vertex 14.257 19.9184 -3.69144
      vertex 13.9946 20.0888 -3.69144
      vertex 14.4742 20.2173 -3.35876
    endloop
  endfacet
  facet normal 0.337642 0.662566 -0.668584
    outer loop
      vertex 14.1794 20.4088 -3.35876
      vertex 14.2415 20.75 -2.98927
      vertex 14.3457 20.6969 -2.98927
    endloop
  endfacet
  facet normal 0.337554 0.662597 -0.668598
    outer loop
      vertex 14.2415 20.75 -2.98927
      vertex 14.1794 20.4088 -3.35876
      vertex 14.0484 20.75 -3.08676
    endloop
  endfacet
  facet normal 0.405098 0.623619 -0.668577
    outer loop
      vertex 14.4742 20.2173 -3.35876
      vertex 14.1794 20.4088 -3.35876
      vertex 14.3457 20.6969 -2.98927
    endloop
  endfacet
  facet normal 0.572342 0.572342 -0.58724
    outer loop
      vertex 15.2433 19.9701 -2.98927
      vertex 15.1656 20.4605 -2.58704
      vertex 15.4605 20.1656 -2.58704
    endloop
  endfacet
  facet normal 0.572342 0.572342 -0.58724
    outer loop
      vertex 15.1656 20.4605 -2.58704
      vertex 15.2433 19.9701 -2.98927
      vertex 14.9701 20.2433 -2.98927
    endloop
  endfacet
  facet normal 0.509412 0.628999 -0.587248
    outer loop
      vertex 14.9701 20.2433 -2.98927
      vertex 14.8416 20.7229 -2.58704
      vertex 15.1656 20.4605 -2.58704
    endloop
  endfacet
  facet normal 0.710071 0.575153 -0.406199
    outer loop
      vertex 15.924 19.9877 -2.15645
      vertex 15.6452 20.3319 -2.15645
      vertex 16.0876 20.1065 -1.70225
    endloop
  endfacet
  facet normal 0.673233 0.545315 -0.499389
    outer loop
      vertex 15.924 19.9877 -2.15645
      vertex 15.4605 20.1656 -2.58704
      vertex 15.6452 20.3319 -2.15645
    endloop
  endfacet
  facet normal 0.672413 0.672786 -0.308577
    outer loop
      vertex 15.9097 20.5701 -1.22939
      vertex 15.5127 20.75 -1.70225
      vertex 15.7297 20.75 -1.22939
    endloop
  endfacet
  facet normal 0.672463 0.672701 -0.308652
    outer loop
      vertex 15.5127 20.75 -1.70225
      vertex 15.9097 20.5701 -1.22939
      vertex 15.7955 20.4673 -1.70225
    endloop
  endfacet
  facet normal 0.76032 0.615507 -0.207523
    outer loop
      vertex 16.2119 20.1968 -1.22939
      vertex 15.9097 20.5701 -1.22939
      vertex 15.9865 20.6392 -0.743063
    endloop
  endfacet
  facet normal 0.902497 0.142955 -0.40628
    outer loop
      vertex 16.7091 17.9424 -2.15645
      vertex 16.6398 18.3799 -2.15645
      vertex 16.8376 18.422 -1.70225
    endloop
  endfacet
  facet normal 0.918779 0.246142 -0.308642
    outer loop
      vertex 16.8376 18.422 -1.70225
      vertex 16.7175 18.8703 -1.70225
      vertex 16.9879 18.4539 -1.22939
    endloop
  endfacet
  facet normal 0.887997 0.340821 -0.308709
    outer loop
      vertex 16.8636 18.9178 -1.22939
      vertex 16.5511 19.3037 -1.70225
      vertex 16.6915 19.3662 -1.22939
    endloop
  endfacet
  facet normal 0.755631 0.289985 -0.587308
    outer loop
      vertex 16.2887 18.731 -2.58704
      vertex 15.8723 19.0014 -2.98927
      vertex 16.1393 19.1203 -2.58704
    endloop
  endfacet
  facet normal 0.473558 0.473558 -0.742621
    outer loop
      vertex 14.7215 19.5002 -3.69144
      vertex 14.7474 19.996 -3.35876
      vertex 14.996 19.7474 -3.35876
    endloop
  endfacet
  facet normal 0.473558 0.473558 -0.742621
    outer loop
      vertex 14.7474 19.996 -3.35876
      vertex 14.7215 19.5002 -3.69144
      vertex 14.5002 19.7215 -3.69144
    endloop
  endfacet
  facet normal 0.103402 -0.0160936 0.994509
    outer loop
      vertex 12.7472 3.22401 4.74349
      vertex 12.7432 3.19831 4.74349
      vertex 13.239 3.17233 4.69152
    endloop
  endfacet
  facet normal 0.0163718 -0.10338 0.994507
    outer loop
      vertex 12.5517 3.00684 4.74349
      vertex 12.526 3.00277 4.74349
      vertex 12.5777 2.51101 4.69152
    endloop
  endfacet
  facet normal 0.0538233 0.201101 0.978091
    outer loop
      vertex 12.7556 18.7025 4.58815
      vertex 12.6545 18.2268 4.69152
      vertex 12.7296 18.2067 4.69152
    endloop
  endfacet
  facet normal 0.14039 0.275732 0.950927
    outer loop
      vertex 13.3511 18.9742 4.43451
      vertex 13 18.6231 4.58815
      vertex 13.1147 18.5647 4.58815
    endloop
  endfacet
  facet normal 0.140504 0.275624 0.950942
    outer loop
      vertex 13.1924 19.0551 4.43451
      vertex 13 18.6231 4.58815
      vertex 13.3511 18.9742 4.43451
    endloop
  endfacet
  facet normal 0.415983 0.415983 0.808651
    outer loop
      vertex 14.5002 19.7215 3.69144
      vertex 14.4225 19.2311 3.98368
      vertex 14.7215 19.5002 3.69144
    endloop
  endfacet
  facet normal 0.415983 0.415983 0.808651
    outer loop
      vertex 14.4225 19.2311 3.98368
      vertex 14.5002 19.7215 3.69144
      vertex 14.2311 19.4225 3.98368
    endloop
  endfacet
  facet normal 0.457217 0.370173 0.808656
    outer loop
      vertex 14.7215 19.5002 3.69144
      vertex 14.4225 19.2311 3.98368
      vertex 14.9184 19.257 3.69144
    endloop
  endfacet
  facet normal 0.561516 0.364757 0.742733
    outer loop
      vertex 15.2173 19.4742 3.35876
      vertex 15.0888 18.9946 3.69144
      vertex 15.4088 19.1794 3.35876
    endloop
  endfacet
  facet normal 0.623619 0.405098 0.668577
    outer loop
      vertex 15.6969 19.3457 2.98927
      vertex 15.2173 19.4742 3.35876
      vertex 15.4088 19.1794 3.35876
    endloop
  endfacet
  facet normal 0.421415 0.520509 0.742616
    outer loop
      vertex 14.7474 19.996 3.35876
      vertex 14.257 19.9184 3.69144
      vertex 14.5002 19.7215 3.69144
    endloop
  endfacet
  facet normal 0.364703 0.561608 0.74269
    outer loop
      vertex 14.4742 20.2173 3.35876
      vertex 13.9946 20.0888 3.69144
      vertex 14.257 19.9184 3.69144
    endloop
  endfacet
  facet normal 0.370309 0.457185 0.808612
    outer loop
      vertex 14.257 19.9184 3.69144
      vertex 14.0206 19.593 3.98368
      vertex 14.2311 19.4225 3.98368
    endloop
  endfacet
  facet normal 0.320426 0.493426 0.808615
    outer loop
      vertex 14.257 19.9184 3.69144
      vertex 13.9946 20.0888 3.69144
      vertex 14.0206 19.593 3.98368
    endloop
  endfacet
  facet normal 0.0374079 0.0977433 0.994508
    outer loop
      vertex 12.7296 18.2067 4.69152
      vertex 12.5768 17.7364 4.74349
      vertex 12.6011 17.7271 4.74349
    endloop
  endfacet
  facet normal -0.0877519 0.0570388 0.994508
    outer loop
      vertex 4.54888 17.6461 4.74349
      vertex 4.14885 17.9368 4.69152
      vertex 4.53471 17.6243 4.74349
    endloop
  endfacet
  facet normal 0.101016 -0.0273343 0.994509
    outer loop
      vertex 12.7432 3.19831 4.74349
      vertex 12.7364 3.17318 4.74349
      vertex 13.2067 3.02038 4.69152
    endloop
  endfacet
  facet normal 0.207906 -0.0109748 0.978087
    outer loop
      vertex 13.2431 3.25 4.69152
      vertex 13.239 3.17233 4.69152
      vertex 13.7294 3.25 4.58815
    endloop
  endfacet
  facet normal 0.101123 -0.0270542 0.994506
    outer loop
      vertex 13.2268 3.09551 4.69152
      vertex 12.7432 3.19831 4.74349
      vertex 13.2067 3.02038 4.69152
    endloop
  endfacet
  facet normal 0.799456 0.126741 0.587202
    outer loop
      vertex 16.3966 18.3283 2.58704
      vertex 16.1108 18.2675 2.98927
      vertex 16.4619 17.9164 2.58704
    endloop
  endfacet
  facet normal 0.781852 0.209499 0.587212
    outer loop
      vertex 16.2887 18.731 2.58704
      vertex 16.0108 18.6407 2.98927
      vertex 16.1108 18.2675 2.98927
    endloop
  endfacet
  facet normal 0.755631 0.289985 0.587308
    outer loop
      vertex 16.1393 19.1203 2.58704
      vertex 15.8723 19.0014 2.98927
      vertex 16.2887 18.731 2.58704
    endloop
  endfacet
  facet normal 0.771886 0.393319 0.499493
    outer loop
      vertex 16.1653 19.6161 2.15645
      vertex 15.95 19.4918 2.58704
      vertex 16.1393 19.1203 2.58704
    endloop
  endfacet
  facet normal 0.646807 0.17332 0.742699
    outer loop
      vertex 15.6944 18.5379 3.35876
      vertex 15.343 18.4237 3.69144
      vertex 15.7854 18.1983 3.35876
    endloop
  endfacet
  facet normal 0.718271 0.192463 0.668614
    outer loop
      vertex 16.0108 18.6407 2.98927
      vertex 15.6944 18.5379 3.35876
      vertex 16.1108 18.2675 2.98927
    endloop
  endfacet
  facet normal 0.192392 0.718455 0.668437
    outer loop
      vertex 13.556 20.75 3.29379
      vertex 13.5018 20.75 3.30939
      vertex 13.5379 20.6944 3.35876
    endloop
  endfacet
  facet normal 0.030829 0.587443 0.808678
    outer loop
      vertex 12.5 20.4893 3.69144
      vertex 12.5 20.087 3.98368
      vertex 12.8125 20.4729 3.69144
    endloop
  endfacet
  facet normal 0.0921041 0.581081 0.808617
    outer loop
      vertex 12.8125 20.4729 3.69144
      vertex 12.7704 20.0729 3.98368
      vertex 13.0379 20.0305 3.98368
    endloop
  endfacet
  facet normal 0.707107 0.707107 -0
    outer loop
      vertex 16.0251 20.674 -0.248595
      vertex 15.9491 20.75 0.248595
      vertex 16.0251 20.674 0.248595
    endloop
  endfacet
  facet normal 0.707107 0.707107 0
    outer loop
      vertex 15.9491 20.75 0.248595
      vertex 16.0251 20.674 -0.248595
      vertex 15.9491 20.75 -0.248595
    endloop
  endfacet
  facet normal 0.10477 -0.661383 -0.742695
    outer loop
      vertex 13.1908 0 -3.39131
      vertex 12.9098 0 -3.43095
      vertex 13.1215 0.326051 -3.69144
    endloop
  endfacet
  facet normal 0.173585 -0.646749 -0.742687
    outer loop
      vertex 13.1215 0.326051 -3.69144
      vertex 13.2163 0 -3.38535
      vertex 13.1908 0 -3.39131
    endloop
  endfacet
  facet normal 0.173332 -0.64682 -0.742684
    outer loop
      vertex 13.2163 0 -3.38535
      vertex 13.1215 0.326051 -3.69144
      vertex 13.4237 0.407033 -3.69144
    endloop
  endfacet
  facet normal -0.672537 0.672649 -0.308605
    outer loop
      vertex 1.73725 20.75 -1.70225
      vertex 1.34034 20.5701 -1.22939
      vertex 1.52027 20.75 -1.22939
    endloop
  endfacet
  facet normal -0.672552 0.672624 -0.308628
    outer loop
      vertex 1.34034 20.5701 -1.22939
      vertex 1.73725 20.75 -1.70225
      vertex 1.45452 20.4673 -1.70225
    endloop
  endfacet
  facet normal -0.838724 0.544557 0
    outer loop
      vertex 0.642016 19.8717 -0.248595
      vertex 0.912436 20.2882 0.248595
      vertex 0.912436 20.2882 -0.248595
    endloop
  endfacet
  facet normal -0.838724 0.544557 0
    outer loop
      vertex 0.912436 20.2882 0.248595
      vertex 0.642016 19.8717 -0.248595
      vertex 0.642016 19.8717 0.248595
    endloop
  endfacet
  facet normal -0.494359 -0.078296 -0.865724
    outer loop
      vertex 2.2195 2.71212 -3.98368
      vertex 2.17714 2.97958 -3.98368
      vertex 2.64067 2.80165 -4.23228
    endloop
  endfacet
  facet normal -0.483467 -0.129536 -0.865725
    outer loop
      vertex 2.28958 2.45056 -3.98368
      vertex 2.2195 2.71212 -3.98368
      vertex 2.64067 2.80165 -4.23228
    endloop
  endfacet
  facet normal -0.419775 -0.272604 -0.865723
    outer loop
      vertex 2.65704 1.72938 -3.98368
      vertex 2.50956 1.95648 -3.98368
      vertex 2.88245 2.17177 -4.23228
    endloop
  endfacet
  facet normal -0.445975 -0.227223 -0.865723
    outer loop
      vertex 2.88245 2.17177 -4.23228
      vertex 2.50956 1.95648 -3.98368
      vertex 2.77998 2.37289 -4.23228
    endloop
  endfacet
  facet normal -0.587501 0.0307738 -0.808638
    outer loop
      vertex 1.9025 17.7109 -3.78641
      vertex 2.17714 17.7704 -3.98368
      vertex 2.17648 17.7578 -3.98368
    endloop
  endfacet
  facet normal -0.587498 0.0307522 -0.808641
    outer loop
      vertex 2.17714 17.7704 -3.98368
      vertex 1.9025 17.7109 -3.78641
      vertex 1.7771 17.8125 -3.69144
    endloop
  endfacet
  facet normal -0.587501 0.0307468 -0.808639
    outer loop
      vertex 1.9025 17.7109 -3.78641
      vertex 1.7706 17.6883 -3.69144
      vertex 1.7771 17.8125 -3.69144
    endloop
  endfacet
  facet normal -0.568256 0.152288 -0.808636
    outer loop
      vertex 2.2195 18.0379 -3.98368
      vertex 1.90703 18.4237 -3.69144
      vertex 2.28958 18.2994 -3.98368
    endloop
  endfacet
  facet normal -0.483443 0.129692 -0.865715
    outer loop
      vertex 2.2195 18.0379 -3.98368
      vertex 2.50318 18.0858 -4.13492
      vertex 2.50833 17.9765 -4.15417
    endloop
  endfacet
  facet normal -0.483433 0.129556 -0.865741
    outer loop
      vertex 2.50318 18.0858 -4.13492
      vertex 2.2195 18.0379 -3.98368
      vertex 2.28958 18.2994 -3.98368
    endloop
  endfacet
  facet normal -0.710146 0.574947 -0.40636
    outer loop
      vertex 1.6048 20.3319 -2.15645
      vertex 1.16241 20.1065 -1.70225
      vertex 1.45452 20.4673 -1.70225
    endloop
  endfacet
  facet normal -0.520395 0.421352 -0.742732
    outer loop
      vertex 2.33163 19.257 -3.69144
      vertex 2.31503 19.6925 -3.43275
      vertex 2.38434 19.3221 -3.69144
    endloop
  endfacet
  facet normal -0.52092 0.421174 -0.742466
    outer loop
      vertex 2.31503 19.6925 -3.43275
      vertex 2.33163 19.257 -3.69144
      vertex 2.25396 19.7474 -3.35876
    endloop
  endfacet
  facet normal -0.525811 -0.525805 -0.668619
    outer loop
      vertex 2.27994 0.506722 -2.98927
      vertex 2.25396 1.00255 -3.35876
      vertex 2.50255 0.753957 -3.35876
    endloop
  endfacet
  facet normal -0.525806 -0.525806 -0.668622
    outer loop
      vertex 2.25396 1.00255 -3.35876
      vertex 2.27994 0.506722 -2.98927
      vertex 2.00672 0.779942 -2.98927
    endloop
  endfacet
  facet normal -0.836809 -0.22422 -0.499476
    outer loop
      vertex 0.724861 1.94215 -2.15645
      vertex 0.610204 2.37006 -2.15645
      vertex 0.961289 2.01897 -2.58704
    endloop
  endfacet
  facet normal -0.718266 -0.19247 -0.668617
    outer loop
      vertex 1.23923 2.10928 -2.98927
      vertex 1.13922 2.4825 -2.98927
      vertex 1.55563 2.21209 -3.35876
    endloop
  endfacet
  facet normal -0.865139 -0.0453377 -0.499479
    outer loop
      vertex 0.788137 2.83359 -2.58704
      vertex 0.517718 3.25 -2.15645
      vertex 0.766315 3.25 -2.58704
    endloop
  endfacet
  facet normal -0.808284 -0.042356 -0.587268
    outer loop
      vertex 1.07878 2.86414 -2.98927
      vertex 0.766315 3.25 -2.58704
      vertex 1.05856 3.25 -2.98927
    endloop
  endfacet
  facet normal 0.0977061 -0.0375431 -0.994507
    outer loop
      vertex 13.1788 2.94777 -4.69152
      vertex 12.7271 3.14889 -4.74349
      vertex 13.2067 3.02038 -4.69152
    endloop
  endfacet
  facet normal 0.0977388 -0.0374216 -0.994508
    outer loop
      vertex 13.2067 3.02038 -4.69152
      vertex 12.7271 3.14889 -4.74349
      vertex 12.7364 3.17318 -4.74349
    endloop
  endfacet
  facet normal 0.380236 -0.145831 -0.91332
    outer loop
      vertex 14.47 2.37289 -4.23228
      vertex 14.0551 2.55763 -4.43451
      vertex 14.1189 2.72398 -4.43451
    endloop
  endfacet
  facet normal 0.362839 -0.184905 -0.913323
    outer loop
      vertex 14.47 2.37289 -4.23228
      vertex 13.9742 2.39888 -4.43451
      vertex 14.0551 2.55763 -4.43451
    endloop
  endfacet
  facet normal -0.239976 -0.625155 -0.742693
    outer loop
      vertex 3.82626 0.407033 -3.69144
      vertex 3.38387 0.181623 -3.35876
      vertex 3.53415 0.519164 -3.69144
    endloop
  endfacet
  facet normal -0.239974 -0.625157 -0.742692
    outer loop
      vertex 3.71209 0.0556316 -3.35876
      vertex 3.38387 0.181623 -3.35876
      vertex 3.82626 0.407033 -3.69144
    endloop
  endfacet
  facet normal -0.272612 -0.419762 -0.865726
    outer loop
      vertex 3.67177 1.38245 -4.23228
      vertex 3.22938 1.15704 -3.98368
      vertex 3.48247 1.50539 -4.23228
    endloop
  endfacet
  facet normal -0.221788 -0.341504 -0.913337
    outer loop
      vertex 3.67177 1.38245 -4.23228
      vertex 3.48247 1.50539 -4.23228
      vertex 3.89888 1.77581 -4.43451
    endloop
  endfacet
  facet normal -0.129542 -0.483465 -0.865726
    outer loop
      vertex 4.30165 1.14067 -4.23228
      vertex 3.95056 0.789582 -3.98368
      vertex 4.08362 1.19909 -4.23228
    endloop
  endfacet
  facet normal -0.179366 -0.467275 -0.865726
    outer loop
      vertex 3.95056 0.789582 -3.98368
      vertex 3.87289 1.27998 -4.23228
      vertex 4.08362 1.19909 -4.23228
    endloop
  endfacet
  facet normal 0.808235 0.042314 -0.587337
    outer loop
      vertex 16.4837 17.5 -2.58704
      vertex 16.1712 17.8859 -2.98927
      vertex 16.4619 17.9164 -2.58704
    endloop
  endfacet
  facet normal 0.808233 0.0423071 -0.587342
    outer loop
      vertex 16.1914 17.5 -2.98927
      vertex 16.1712 17.8859 -2.98927
      vertex 16.4837 17.5 -2.58704
    endloop
  endfacet
  facet normal 0.890976 0.45405 0
    outer loop
      vertex 16.8334 19.4294 0.248595
      vertex 16.608 19.8717 -0.248595
      vertex 16.608 19.8717 0.248595
    endloop
  endfacet
  facet normal 0.890976 0.45405 0
    outer loop
      vertex 16.608 19.8717 -0.248595
      vertex 16.8334 19.4294 0.248595
      vertex 16.8334 19.4294 -0.248595
    endloop
  endfacet
  facet normal 0.960663 0.257378 0.104317
    outer loop
      vertex 17.1398 18.4862 0.248595
      vertex 16.9619 18.9498 0.743063
      vertex 17.089 18.4754 0.743063
    endloop
  endfacet
  facet normal 0.960661 0.257392 0.104304
    outer loop
      vertex 17.0113 18.9658 0.248595
      vertex 16.9619 18.9498 0.743063
      vertex 17.1398 18.4862 0.248595
    endloop
  endfacet
  facet normal 0.362837 -0.184919 0.91332
    outer loop
      vertex 14.47 2.37289 4.23228
      vertex 13.9742 2.39888 4.43451
      vertex 14.3675 2.17177 4.23228
    endloop
  endfacet
  facet normal 0.275705 -0.140426 0.95093
    outer loop
      vertex 13.6231 2.74996 4.58815
      vertex 13.5647 2.6353 4.58815
      vertex 13.9742 2.39888 4.43451
    endloop
  endfacet
  facet normal 0.275657 -0.140477 0.950936
    outer loop
      vertex 14.0551 2.55763 4.43451
      vertex 13.6231 2.74996 4.58815
      vertex 13.9742 2.39888 4.43451
    endloop
  endfacet
  facet normal 0.288873 -0.110791 0.950935
    outer loop
      vertex 14.1189 2.72398 4.43451
      vertex 13.6231 2.74996 4.58815
      vertex 14.0551 2.55763 4.43451
    endloop
  endfacet
  facet normal 0.168445 -0.259507 0.950938
    outer loop
      vertex 13.5006 1.87285 4.43451
      vertex 13.2226 2.2554 4.58815
      vertex 13.3511 1.77581 4.43451
    endloop
  endfacet
  facet normal 0.131022 -0.161796 0.978087
    outer loop
      vertex 13.3226 2.33638 4.58815
      vertex 12.9368 2.64885 4.69152
      vertex 13.2226 2.2554 4.58815
    endloop
  endfacet
  facet normal 0.256287 -0.316457 0.91333
    outer loop
      vertex 13.9429 1.64744 4.23228
      vertex 13.639 1.98498 4.43451
      vertex 13.7675 1.50539 4.23228
    endloop
  endfacet
  facet normal 0.221727 -0.341593 0.913319
    outer loop
      vertex 13.5006 1.87285 4.43451
      vertex 13.3511 1.77581 4.43451
      vertex 13.7675 1.50539 4.23228
    endloop
  endfacet
  facet normal -0.549219 -0.210845 0.808643
    outer loop
      vertex 2.28958 2.45056 3.98368
      vertex 2.01916 2.03415 3.69144
      vertex 2.38663 2.19776 3.98368
    endloop
  endfacet
  facet normal -0.549234 -0.21083 0.808636
    outer loop
      vertex 2.28958 2.45056 3.98368
      vertex 1.90703 2.32626 3.69144
      vertex 2.01916 2.03415 3.69144
    endloop
  endfacet
  facet normal 0.0108881 -0.207894 0.978091
    outer loop
      vertex 12.5777 2.51101 4.69152
      vertex 12.5 2.02061 4.58815
      vertex 12.6285 2.02734 4.58815
    endloop
  endfacet
  facet normal 0.0325562 -0.205618 0.978091
    outer loop
      vertex 12.6545 2.52317 4.69152
      vertex 12.5777 2.51101 4.69152
      vertex 12.6285 2.02734 4.58815
    endloop
  endfacet
  facet normal 0.0977061 -0.0375431 0.994507
    outer loop
      vertex 13.2067 3.02038 4.69152
      vertex 12.7271 3.14889 4.74349
      vertex 13.1788 2.94777 4.69152
    endloop
  endfacet
  facet normal 0.2011 -0.0538747 0.978088
    outer loop
      vertex 13.7025 2.9944 4.58815
      vertex 13.2067 3.02038 4.69152
      vertex 13.6692 2.8701 4.58815
    endloop
  endfacet
  facet normal 0.298869 -0.0800671 0.950929
    outer loop
      vertex 13.7025 2.9944 4.58815
      vertex 13.6692 2.8701 4.58815
      vertex 14.1189 2.72398 4.43451
    endloop
  endfacet
  facet normal 0.0160935 0.103401 0.99451
    outer loop
      vertex 12.5777 18.239 4.69152
      vertex 12.526 17.7472 4.74349
      vertex 12.5517 17.7432 4.74349
    endloop
  endfacet
  facet normal 0.205594 -0.0326777 0.978092
    outer loop
      vertex 13.7227 3.12149 4.58815
      vertex 13.2268 3.09551 4.69152
      vertex 13.7025 2.9944 4.58815
    endloop
  endfacet
  facet normal 0.337715 -0.662512 0.6686
    outer loop
      vertex 14.1794 0.34123 3.35876
      vertex 14.2415 0 2.98927
      vertex 14.3457 0.0531158 2.98927
    endloop
  endfacet
  facet normal 0.337567 -0.662564 0.668623
    outer loop
      vertex 14.2415 0 2.98927
      vertex 14.1794 0.34123 3.35876
      vertex 14.0484 0 3.08676
    endloop
  endfacet
  facet normal 0.440708 -0.67901 0.58713
    outer loop
      vertex 14.8416 0.0271301 2.58704
      vertex 14.3764 0 2.90485
      vertex 14.7998 0 2.58704
    endloop
  endfacet
  facet normal 0.440848 -0.678721 0.587359
    outer loop
      vertex 14.3764 0 2.90485
      vertex 14.8416 0.0271301 2.58704
      vertex 14.3457 0.0531158 2.98927
    endloop
  endfacet
  facet normal 0.470814 -0.727314 0.499348
    outer loop
      vertex 14.8416 0.0271301 2.58704
      vertex 14.8277 0 2.56063
      vertex 14.8613 0 2.52895
    endloop
  endfacet
  facet normal 0.445894 -0.227309 0.865742
    outer loop
      vertex 14.8634 2.19776 3.98368
      vertex 14.47 2.37289 4.23228
      vertex 14.7404 1.95648 3.98368
    endloop
  endfacet
  facet normal 0.44594 -0.227271 0.865728
    outer loop
      vertex 14.47 2.37289 4.23228
      vertex 14.3675 2.17177 4.23228
      vertex 14.7404 1.95648 3.98368
    endloop
  endfacet
  facet normal 0.628999 0.509412 0.587248
    outer loop
      vertex 15.4605 20.1656 2.58704
      vertex 15.2433 19.9701 2.98927
      vertex 15.7229 19.8416 2.58704
    endloop
  endfacet
  facet normal 0.678731 0.44083 0.587361
    outer loop
      vertex 15.7229 19.8416 2.58704
      vertex 15.4864 19.6698 2.98927
      vertex 15.6969 19.3457 2.98927
    endloop
  endfacet
  facet normal 0.691694 0.691694 0.207653
    outer loop
      vertex 15.7297 20.75 1.22939
      vertex 15.9865 20.6392 0.743063
      vertex 15.8757 20.75 0.743063
    endloop
  endfacet
  facet normal 0.691522 0.691907 0.207514
    outer loop
      vertex 15.9865 20.6392 0.743063
      vertex 15.7297 20.75 1.22939
      vertex 15.9097 20.5701 1.22939
    endloop
  endfacet
  facet normal 0.402171 -0.0637569 0.913342
    outer loop
      vertex 14.1929 3.07207 4.43451
      vertex 14.165 2.89608 4.43451
      vertex 14.6093 2.80165 4.23228
    endloop
  endfacet
  facet normal 0.393328 -0.10536 0.913341
    outer loop
      vertex 14.165 2.89608 4.43451
      vertex 14.1189 2.72398 4.43451
      vertex 14.6093 2.80165 4.23228
    endloop
  endfacet
  facet normal -0.0878125 0.0569638 0.994507
    outer loop
      vertex 4.14885 17.9368 4.69152
      vertex 4.10649 17.8715 4.69152
      vertex 4.53471 17.6243 4.74349
    endloop
  endfacet
  facet normal -0.00562915 0.104501 0.994509
    outer loop
      vertex 4.75 17.7486 4.74349
      vertex 4.67233 18.239 4.69152
      vertex 4.72401 17.7472 4.74349
    endloop
  endfacet
  facet normal -0.0270542 0.101123 0.994506
    outer loop
      vertex 4.59551 18.2268 4.69152
      vertex 4.52038 18.2067 4.69152
      vertex 4.69831 17.7432 4.74349
    endloop
  endfacet
  facet normal -0.0538747 0.2011 0.978088
    outer loop
      vertex 4.4944 18.7025 4.58815
      vertex 4.3701 18.6692 4.58815
      vertex 4.52038 18.2067 4.69152
    endloop
  endfacet
  facet normal -0.0800671 0.298869 0.950929
    outer loop
      vertex 4.4944 18.7025 4.58815
      vertex 4.22398 19.1189 4.43451
      vertex 4.3701 18.6692 4.58815
    endloop
  endfacet
  facet normal -0.0782658 0.494294 0.865764
    outer loop
      vertex 4.47958 20.0729 3.98368
      vertex 4.30165 19.6093 4.23228
      vertex 4.52459 19.6446 4.23228
    endloop
  endfacet
  facet normal -0.0212557 0.40667 0.913328
    outer loop
      vertex 4.75 19.2022 4.43451
      vertex 4.52459 19.6446 4.23228
      vertex 4.57207 19.1929 4.43451
    endloop
  endfacet
  facet normal -0.0746659 0.194319 0.978093
    outer loop
      vertex 4.52038 18.2067 4.69152
      vertex 4.24996 18.6231 4.58815
      vertex 4.44777 18.1788 4.69152
    endloop
  endfacet
  facet normal -0.0802079 0.298783 0.950944
    outer loop
      vertex 4.39608 19.1651 4.43451
      vertex 4.22398 19.1189 4.43451
      vertex 4.4944 18.7025 4.58815
    endloop
  endfacet
  facet normal -0.370363 0.457121 0.808623
    outer loop
      vertex 3.22938 19.593 3.98368
      vertex 2.99295 19.9184 3.69144
      vertex 3.01894 19.4225 3.98368
    endloop
  endfacet
  facet normal -0.315121 0.388939 0.865693
    outer loop
      vertex 3.22938 19.593 3.98368
      vertex 3.01894 19.4225 3.98368
      vertex 3.30705 19.1026 4.23228
    endloop
  endfacet
  facet normal -0.272532 0.419774 0.865746
    outer loop
      vertex 3.67177 19.3675 4.23228
      vertex 3.22938 19.593 3.98368
      vertex 3.48247 19.2446 4.23228
    endloop
  endfacet
  facet normal -0.221756 0.341566 0.913322
    outer loop
      vertex 3.67177 19.3675 4.23228
      vertex 3.48247 19.2446 4.23228
      vertex 3.89888 18.9742 4.43451
    endloop
  endfacet
  facet normal -0.0812962 0.0659224 0.994508
    outer loop
      vertex 4.56526 17.6663 4.74349
      vertex 4.14885 17.9368 4.69152
      vertex 4.54888 17.6461 4.74349
    endloop
  endfacet
  facet normal -0.0813122 0.0658979 0.994508
    outer loop
      vertex 4.1978 17.9972 4.69152
      vertex 4.14885 17.9368 4.69152
      vertex 4.56526 17.6663 4.74349
    endloop
  endfacet
  facet normal -0.201085 0.053887 0.97809
    outer loop
      vertex 3.58078 17.8799 4.58815
      vertex 3.54747 17.7556 4.58815
      vertex 4.0433 17.7296 4.69152
    endloop
  endfacet
  facet normal -0.194344 0.0746308 0.97809
    outer loop
      vertex 3.6269 18 4.58815
      vertex 3.58078 17.8799 4.58815
      vertex 4.0433 17.7296 4.69152
    endloop
  endfacet
  facet normal -0.298859 0.0800893 0.950931
    outer loop
      vertex 3.13107 18.026 4.43451
      vertex 3.08495 17.8539 4.43451
      vertex 3.54747 17.7556 4.58815
    endloop
  endfacet
  facet normal -0.298859 0.0800885 0.950931
    outer loop
      vertex 3.58078 17.8799 4.58815
      vertex 3.13107 18.026 4.43451
      vertex 3.54747 17.7556 4.58815
    endloop
  endfacet
  facet normal -0.287932 0.287909 0.913348
    outer loop
      vertex 3.30705 19.1026 4.23228
      vertex 3.48498 18.639 4.43451
      vertex 3.61097 18.765 4.43451
    endloop
  endfacet
  facet normal -0.288027 0.287865 0.913331
    outer loop
      vertex 3.48498 18.639 4.43451
      vertex 3.30705 19.1026 4.23228
      vertex 3.14744 18.9429 4.23228
    endloop
  endfacet
  facet normal -0.25619 0.316485 0.913348
    outer loop
      vertex 3.48247 19.2446 4.23228
      vertex 3.30705 19.1026 4.23228
      vertex 3.61097 18.765 4.43451
    endloop
  endfacet
  facet normal -0.52421 0.267058 0.80863
    outer loop
      vertex 2.50956 18.7935 3.98368
      vertex 2.16121 18.9946 3.69144
      vertex 2.38663 18.5522 3.98368
    endloop
  endfacet
  facet normal -0.445995 0.227212 0.865716
    outer loop
      vertex 2.50956 18.7935 3.98368
      vertex 2.38663 18.5522 3.98368
      vertex 2.77998 18.3771 4.23228
    endloop
  endfacet
  facet normal -0.27564 0.140495 0.950938
    outer loop
      vertex 3.27581 18.3511 4.43451
      vertex 3.19492 18.1924 4.43451
      vertex 3.6269 18 4.58815
    endloop
  endfacet
  facet normal -0.275706 0.140425 0.95093
    outer loop
      vertex 3.68532 18.1147 4.58815
      vertex 3.27581 18.3511 4.43451
      vertex 3.6269 18 4.58815
    endloop
  endfacet
  facet normal -0.91877 0.246213 0.308611
    outer loop
      vertex 0.532533 18.8703 1.70225
      vertex 0.262114 18.4539 1.22939
      vertex 0.412397 18.422 1.70225
    endloop
  endfacet
  facet normal -0.939473 0.14881 0.30862
    outer loop
      vertex 0.262114 18.4539 1.22939
      vertex 0.186986 17.9796 1.22939
      vertex 0.412397 18.422 1.70225
    endloop
  endfacet
  facet normal -0.987688 0.156434 0
    outer loop
      vertex 0.0324945 17.9958 -0.248595
      vertex 0.110166 18.4862 0.248595
      vertex 0.110166 18.4862 -0.248595
    endloop
  endfacet
  facet normal -0.987688 0.156434 0
    outer loop
      vertex 0.110166 18.4862 0.248595
      vertex 0.0324945 17.9958 -0.248595
      vertex 0.0324945 17.9958 0.248595
    endloop
  endfacet
  facet normal -0.944882 0.253146 0.207643
    outer loop
      vertex 0.288099 18.9498 0.743063
      vertex 0.161001 18.4754 0.743063
      vertex 0.262114 18.4539 1.22939
    endloop
  endfacet
  facet normal -0.982291 0.155587 0.104385
    outer loop
      vertex 0.110166 18.4862 0.248595
      vertex 0.0841808 17.9904 0.743063
      vertex 0.161001 18.4754 0.743063
    endloop
  endfacet
  facet normal -0.853073 0.327416 0.406282
    outer loop
      vertex 0.698875 19.3037 1.70225
      vertex 0.532533 18.8703 1.70225
      vertex 0.724861 18.8078 2.15645
    endloop
  endfacet
  facet normal -0.882613 0.236499 0.40628
    outer loop
      vertex 0.724861 18.8078 2.15645
      vertex 0.532533 18.8703 1.70225
      vertex 0.610204 18.3799 2.15645
    endloop
  endfacet
  facet normal -0.797681 0.518136 0.308611
    outer loop
      vertex 1.16241 20.1065 1.70225
      vertex 0.776547 19.7941 1.22939
      vertex 0.909604 19.7173 1.70225
    endloop
  endfacet
  facet normal -0.726615 0.471772 0.499461
    outer loop
      vertex 1.32601 19.9877 2.15645
      vertex 1.08474 19.6161 2.15645
      vertex 1.52713 19.8416 2.58704
    endloop
  endfacet
  facet normal -0.70337 0.703116 -0.104396
    outer loop
      vertex 1.26352 20.6392 -0.743063
      vertex 1.30089 20.75 -0.248595
      vertex 1.37428 20.75 -0.743063
    endloop
  endfacet
  facet normal -0.703288 0.703195 -0.10442
    outer loop
      vertex 1.30089 20.75 -0.248595
      vertex 1.26352 20.6392 -0.743063
      vertex 1.2249 20.674 -0.248595
    endloop
  endfacet
  facet normal -0.933598 0.358323 0
    outer loop
      vertex 0.238672 18.9658 -0.248595
      vertex 0.416606 19.4294 0.248595
      vertex 0.416606 19.4294 -0.248595
    endloop
  endfacet
  facet normal -0.933598 0.358323 0
    outer loop
      vertex 0.416606 19.4294 0.248595
      vertex 0.238672 18.9658 -0.248595
      vertex 0.238672 18.9658 0.248595
    endloop
  endfacet
  facet normal -0.820357 0.532806 0.207681
    outer loop
      vertex 0.95448 20.2576 0.743063
      vertex 0.687024 19.8458 0.743063
      vertex 1.03811 20.1968 1.22939
    endloop
  endfacet
  facet normal -0.760175 0.61563 0.207687
    outer loop
      vertex 1.26352 20.6392 0.743063
      vertex 0.95448 20.2576 0.743063
      vertex 1.03811 20.1968 1.22939
    endloop
  endfacet
  facet normal -0.928493 0.356364 -0.104429
    outer loop
      vertex 0.464083 19.4082 -0.743063
      vertex 0.238672 18.9658 -0.248595
      vertex 0.416606 19.4294 -0.248595
    endloop
  endfacet
  facet normal -0.886096 0.451582 -0.104441
    outer loop
      vertex 0.464083 19.4082 -0.743063
      vertex 0.416606 19.4294 -0.248595
      vertex 0.642016 19.8717 -0.248595
    endloop
  endfacet
  facet normal 0.201101 0.0538233 -0.978091
    outer loop
      vertex 13.2268 17.6545 -4.69152
      vertex 13.2067 17.7296 -4.69152
      vertex 13.7025 17.7556 -4.58815
    endloop
  endfacet
  facet normal 0.305613 0.0485711 -0.950916
    outer loop
      vertex 13.7227 17.6285 -4.58815
      vertex 13.7025 17.7556 -4.58815
      vertex 14.1929 17.6779 -4.43451
    endloop
  endfacet
  facet normal 0.0977056 0.037548 -0.994507
    outer loop
      vertex 13.2067 17.7296 -4.69152
      vertex 12.7271 17.6011 -4.74349
      vertex 13.1788 17.8022 -4.69152
    endloop
  endfacet
  facet normal 0.0932704 0.04751 -0.994507
    outer loop
      vertex 13.1788 17.8022 -4.69152
      vertex 12.7271 17.6011 -4.74349
      vertex 13.1435 17.8715 -4.69152
    endloop
  endfacet
  facet normal 0.0108392 0.207887 -0.978093
    outer loop
      vertex 12.5777 18.239 -4.69152
      vertex 12.5 18.7294 -4.58815
      vertex 12.6285 18.7227 -4.58815
    endloop
  endfacet
  facet normal 0.0802087 0.298786 -0.950943
    outer loop
      vertex 13.026 19.1189 -4.43451
      vertex 12.7556 18.7025 -4.58815
      vertex 12.8539 19.1651 -4.43451
    endloop
  endfacet
  facet normal 0.0740043 0.0740043 -0.994508
    outer loop
      vertex 12.6847 17.6663 -4.74349
      vertex 12.9972 18.0522 -4.69152
      vertex 13.0522 17.9972 -4.69152
    endloop
  endfacet
  facet normal 0.0740043 0.0740043 -0.994508
    outer loop
      vertex 12.9972 18.0522 -4.69152
      vertex 12.6847 17.6663 -4.74349
      vertex 12.6663 17.6847 -4.74349
    endloop
  endfacet
  facet normal 0.0538741 0.201098 -0.978089
    outer loop
      vertex 12.8799 18.6692 -4.58815
      vertex 12.7296 18.2067 -4.69152
      vertex 12.7556 18.7025 -4.58815
    endloop
  endfacet
  facet normal 0.0800679 0.298872 -0.950928
    outer loop
      vertex 12.8799 18.6692 -4.58815
      vertex 12.7556 18.7025 -4.58815
      vertex 13.026 19.1189 -4.43451
    endloop
  endfacet
  facet normal 0.04751 0.0932704 -0.994507
    outer loop
      vertex 12.8715 18.1435 -4.69152
      vertex 12.6011 17.7271 -4.74349
      vertex 12.8022 18.1788 -4.69152
    endloop
  endfacet
  facet normal 0.037548 0.0977056 -0.994507
    outer loop
      vertex 12.8022 18.1788 -4.69152
      vertex 12.6011 17.7271 -4.74349
      vertex 12.7296 18.2067 -4.69152
    endloop
  endfacet
  facet normal 0.14039 0.275732 -0.950927
    outer loop
      vertex 13.1147 18.5647 -4.58815
      vertex 13 18.6231 -4.58815
      vertex 13.3511 18.9742 -4.43451
    endloop
  endfacet
  facet normal 0.168568 0.259465 -0.950927
    outer loop
      vertex 13.2226 18.4946 -4.58815
      vertex 13.1147 18.5647 -4.58815
      vertex 13.3511 18.9742 -4.43451
    endloop
  endfacet
  facet normal 0.0659327 0.0812721 -0.994509
    outer loop
      vertex 12.9972 18.0522 -4.69152
      vertex 12.6663 17.6847 -4.74349
      vertex 12.9368 18.1012 -4.69152
    endloop
  endfacet
  facet normal 0.131155 0.161669 -0.978091
    outer loop
      vertex 12.9972 18.0522 -4.69152
      vertex 12.9368 18.1012 -4.69152
      vertex 13.3226 18.4136 -4.58815
    endloop
  endfacet
  facet normal 0.131053 0.161794 -0.978084
    outer loop
      vertex 13.3226 18.4136 -4.58815
      vertex 12.9368 18.1012 -4.69152
      vertex 13.2226 18.4946 -4.58815
    endloop
  endfacet
  facet normal 0.227287 0.445926 -0.865731
    outer loop
      vertex 13.5782 19.3675 -4.23228
      vertex 13.3771 19.47 -4.23228
      vertex 13.7935 19.7404 -3.98368
    endloop
  endfacet
  facet normal 0.227299 0.445912 -0.865735
    outer loop
      vertex 13.7935 19.7404 -3.98368
      vertex 13.3771 19.47 -4.23228
      vertex 13.5522 19.8634 -3.98368
    endloop
  endfacet
  facet normal 0.309024 0.0161125 -0.950918
    outer loop
      vertex 13.7294 17.5 -4.58815
      vertex 13.7227 17.6285 -4.58815
      vertex 14.1929 17.6779 -4.43451
    endloop
  endfacet
  facet normal 0.207887 0.0108392 -0.978093
    outer loop
      vertex 13.7294 17.5 -4.58815
      vertex 13.239 17.5777 -4.69152
      vertex 13.7227 17.6285 -4.58815
    endloop
  endfacet
  facet normal 0.388947 0.315038 -0.86572
    outer loop
      vertex 14.593 19.0206 -3.98368
      vertex 14.1026 18.9429 -4.23228
      vertex 14.4225 19.2311 -3.98368
    endloop
  endfacet
  facet normal 0.353921 0.353921 -0.865725
    outer loop
      vertex 14.1026 18.9429 -4.23228
      vertex 14.2311 19.4225 -3.98368
      vertex 14.4225 19.2311 -3.98368
    endloop
  endfacet
  facet normal 0.353921 0.353921 -0.865725
    outer loop
      vertex 14.2311 19.4225 -3.98368
      vertex 14.1026 18.9429 -4.23228
      vertex 13.9429 19.1026 -4.23228
    endloop
  endfacet
  facet normal 0.623619 0.405098 -0.668577
    outer loop
      vertex 15.4088 19.1794 -3.35876
      vertex 15.2173 19.4742 -3.35876
      vertex 15.6969 19.3457 -2.98927
    endloop
  endfacet
  facet normal 0.66261 0.33756 -0.668581
    outer loop
      vertex 15.8723 19.0014 -2.98927
      vertex 15.4088 19.1794 -3.35876
      vertex 15.6969 19.3457 -2.98927
    endloop
  endfacet
  facet normal 0.303926 0.596617 -0.74275
    outer loop
      vertex 14.1794 20.4088 -3.35876
      vertex 13.7158 20.2308 -3.69144
      vertex 13.8661 20.5684 -3.35876
    endloop
  endfacet
  facet normal 0.240088 0.625041 -0.742753
    outer loop
      vertex 13.7158 20.2308 -3.69144
      vertex 13.4237 20.343 -3.69144
      vertex 13.8661 20.5684 -3.35876
    endloop
  endfacet
  facet normal 0.678731 0.44083 -0.587361
    outer loop
      vertex 15.6969 19.3457 -2.98927
      vertex 15.4864 19.6698 -2.98927
      vertex 15.7229 19.8416 -2.58704
    endloop
  endfacet
  facet normal 0.629044 0.509226 -0.58736
    outer loop
      vertex 15.4864 19.6698 -2.98927
      vertex 15.2433 19.9701 -2.98927
      vertex 15.7229 19.8416 -2.58704
    endloop
  endfacet
  facet normal 0.646066 0.646294 -0.406082
    outer loop
      vertex 15.7955 20.4673 -1.70225
      vertex 15.4263 20.75 -1.83971
      vertex 15.5127 20.75 -1.70225
    endloop
  endfacet
  facet normal 0.64605 0.646149 -0.406338
    outer loop
      vertex 15.4263 20.75 -1.83971
      vertex 15.7955 20.4673 -1.70225
      vertex 15.3319 20.6452 -2.15645
    endloop
  endfacet
  facet normal 0.646081 0.646081 -0.406397
    outer loop
      vertex 15.3319 20.6452 -2.15645
      vertex 15.7955 20.4673 -1.70225
      vertex 15.6452 20.3319 -2.15645
    endloop
  endfacet
  facet normal 0.710147 0.574928 -0.406386
    outer loop
      vertex 16.0876 20.1065 -1.70225
      vertex 15.6452 20.3319 -2.15645
      vertex 15.7955 20.4673 -1.70225
    endloop
  endfacet
  facet normal 0.80882 0.310397 -0.499464
    outer loop
      vertex 16.2887 18.731 -2.58704
      vertex 16.1393 19.1203 -2.58704
      vertex 16.3664 19.2214 -2.15645
    endloop
  endfacet
  facet normal 0.820326 0.532873 -0.207634
    outer loop
      vertex 16.563 19.8458 -0.743063
      vertex 16.2119 20.1968 -1.22939
      vertex 16.2955 20.2576 -0.743063
    endloop
  endfacet
  facet normal 0.561608 0.364703 -0.74269
    outer loop
      vertex 15.0888 18.9946 -3.69144
      vertex 14.9184 19.257 -3.69144
      vertex 15.2173 19.4742 -3.35876
    endloop
  endfacet
  facet normal 0.493426 0.320426 -0.808615
    outer loop
      vertex 15.0888 18.9946 -3.69144
      vertex 14.593 19.0206 -3.98368
      vertex 14.9184 19.257 -3.69144
    endloop
  endfacet
  facet normal 0.575107 0.710103 -0.406209
    outer loop
      vertex 15.3319 20.6452 -2.15645
      vertex 15.2025 20.75 -2.15645
      vertex 15.2785 20.75 -2.04885
    endloop
  endfacet
  facet normal 0.00550751 -0.104522 0.994507
    outer loop
      vertex 12.526 3.00277 4.74349
      vertex 12.5 3.0014 4.74349
      vertex 12.5777 2.51101 4.69152
    endloop
  endfacet
  facet normal 0.110879 0.288862 0.950928
    outer loop
      vertex 13.026 19.1189 4.43451
      vertex 12.8799 18.6692 4.58815
      vertex 13 18.6231 4.58815
    endloop
  endfacet
  facet normal 0.0800679 0.298872 0.950928
    outer loop
      vertex 13.026 19.1189 4.43451
      vertex 12.7556 18.7025 4.58815
      vertex 12.8799 18.6692 4.58815
    endloop
  endfacet
  facet normal 0.473558 0.473558 0.742621
    outer loop
      vertex 14.7474 19.996 3.35876
      vertex 14.7215 19.5002 3.69144
      vertex 14.996 19.7474 3.35876
    endloop
  endfacet
  facet normal 0.473558 0.473558 0.742621
    outer loop
      vertex 14.7215 19.5002 3.69144
      vertex 14.7474 19.996 3.35876
      vertex 14.5002 19.7215 3.69144
    endloop
  endfacet
  facet normal 0.314912 0.388982 0.86575
    outer loop
      vertex 14.0206 19.593 3.98368
      vertex 13.7675 19.2446 4.23228
      vertex 13.9429 19.1026 4.23228
    endloop
  endfacet
  facet normal 0.315038 0.388947 0.86572
    outer loop
      vertex 14.0206 19.593 3.98368
      vertex 13.9429 19.1026 4.23228
      vertex 14.2311 19.4225 3.98368
    endloop
  endfacet
  facet normal 0.718273 0.19247 0.66861
    outer loop
      vertex 16.1108 18.2675 2.98927
      vertex 15.6944 18.5379 3.35876
      vertex 15.7854 18.1983 3.35876
    endloop
  endfacet
  facet normal 0.734458 0.116346 0.668607
    outer loop
      vertex 16.1108 18.2675 2.98927
      vertex 15.7854 18.1983 3.35876
      vertex 15.8404 17.8511 3.35876
    endloop
  endfacet
  facet normal 0.266541 0.694345 0.668462
    outer loop
      vertex 13.556 20.75 3.29379
      vertex 13.5379 20.6944 3.35876
      vertex 13.6828 20.75 3.24323
    endloop
  endfacet
  facet normal -0 0.500077 0.865981
    outer loop
      vertex 4.75 20.087 3.98368
      vertex 12.5 19.6565 4.23228
      vertex 12.5 20.087 3.98368
    endloop
  endfacet
  facet normal 0 0.500077 0.865981
    outer loop
      vertex 12.5 19.6565 4.23228
      vertex 4.75 20.087 3.98368
      vertex 4.75 19.6565 4.23228
    endloop
  endfacet
  facet normal 0.152148 0.568343 0.808602
    outer loop
      vertex 13.1215 20.4239 3.69144
      vertex 13.0379 20.0305 3.98368
      vertex 13.4237 20.343 3.69144
    endloop
  endfacet
  facet normal 0.173596 0.646693 0.742734
    outer loop
      vertex 13.1215 20.4239 3.69144
      vertex 13.2163 20.75 3.38535
      vertex 13.1908 20.75 3.39131
    endloop
  endfacet
  facet normal 0.173155 0.646816 0.742729
    outer loop
      vertex 13.2163 20.75 3.38535
      vertex 13.1215 20.4239 3.69144
      vertex 13.4237 20.343 3.69144
    endloop
  endfacet
  facet normal -0.739268 0.598524 -0.308628
    outer loop
      vertex 1.45452 20.4673 -1.70225
      vertex 1.03811 20.1968 -1.22939
      vertex 1.34034 20.5701 -1.22939
    endloop
  endfacet
  facet normal -0.575224 0.710011 -0.406205
    outer loop
      vertex 1.91805 20.6452 -2.15645
      vertex 1.92757 20.75 -1.98675
      vertex 1.95376 20.7153 -2.08449
    endloop
  endfacet
  facet normal -0.575066 0.710101 -0.40627
    outer loop
      vertex 1.92757 20.75 -1.98675
      vertex 1.91805 20.6452 -2.15645
      vertex 1.82369 20.75 -1.83971
    endloop
  endfacet
  facet normal -0.393333 -0.105407 -0.913334
    outer loop
      vertex 3.13107 2.72398 -4.43451
      vertex 2.64067 2.80165 -4.23228
      vertex 3.08495 2.89608 -4.43451
    endloop
  endfacet
  facet normal -0.38016 -0.145927 -0.913336
    outer loop
      vertex 2.77998 2.37289 -4.23228
      vertex 2.69909 2.58362 -4.23228
      vertex 3.13107 2.72398 -4.43451
    endloop
  endfacet
  facet normal -0.499834 0.0261818 -0.865725
    outer loop
      vertex 2.24289 17.7635 -4.02185
      vertex 2.17648 17.7578 -3.98368
      vertex 2.17714 17.7704 -3.98368
    endloop
  endfacet
  facet normal -0.568266 0.152277 -0.808632
    outer loop
      vertex 2.2195 18.0379 -3.98368
      vertex 1.82605 18.1215 -3.69144
      vertex 1.90703 18.4237 -3.69144
    endloop
  endfacet
  facet normal -0.678837 0.440773 -0.587281
    outer loop
      vertex 1.55312 19.3457 -2.98927
      vertex 1.52713 19.8416 -2.58704
      vertex 1.76356 19.6698 -2.98927
    endloop
  endfacet
  facet normal -0.781802 0.209518 -0.587272
    outer loop
      vertex 1.13922 18.2675 -2.98927
      vertex 0.853368 18.3283 -2.58704
      vertex 0.961289 18.731 -2.58704
    endloop
  endfacet
  facet normal -0.78182 -0.209486 -0.587259
    outer loop
      vertex 0.961289 2.01897 -2.58704
      vertex 0.853368 2.42174 -2.58704
      vertex 1.13922 2.4825 -2.98927
    endloop
  endfacet
  facet normal -0.78181 -0.209498 -0.587268
    outer loop
      vertex 1.23923 2.10928 -2.98927
      vertex 0.961289 2.01897 -2.58704
      vertex 1.13922 2.4825 -2.98927
    endloop
  endfacet
  facet normal -0.734456 -0.116315 -0.668614
    outer loop
      vertex 1.13922 2.4825 -2.98927
      vertex 1.07878 2.86414 -2.98927
      vertex 1.40964 2.89891 -3.35876
    endloop
  endfacet
  facet normal -0.79943 -0.126605 -0.587267
    outer loop
      vertex 1.13922 2.4825 -2.98927
      vertex 0.788137 2.83359 -2.58704
      vertex 1.07878 2.86414 -2.98927
    endloop
  endfacet
  facet normal -0.304005 -0.596647 -0.742694
    outer loop
      vertex 3.53415 0.519164 -3.69144
      vertex 3.07062 0.34123 -3.35876
      vertex 3.25536 0.661214 -3.69144
    endloop
  endfacet
  facet normal -0.267085 -0.524187 -0.808637
    outer loop
      vertex 3.53415 0.519164 -3.69144
      vertex 3.25536 0.661214 -3.69144
      vertex 3.69776 0.886625 -3.98368
    endloop
  endfacet
  facet normal -0.210832 -0.549235 -0.808635
    outer loop
      vertex 3.82626 0.407033 -3.69144
      vertex 3.53415 0.519164 -3.69144
      vertex 3.95056 0.789582 -3.98368
    endloop
  endfacet
  facet normal -0.210835 -0.549232 -0.808637
    outer loop
      vertex 3.95056 0.789582 -3.98368
      vertex 3.53415 0.519164 -3.69144
      vertex 3.69776 0.886625 -3.98368
    endloop
  endfacet
  facet normal -0.110869 -0.288851 -0.950933
    outer loop
      vertex 4.22398 1.63107 -4.43451
      vertex 4.05763 1.69492 -4.43451
      vertex 4.24996 2.1269 -4.58815
    endloop
  endfacet
  facet normal -0.110885 -0.28885 -0.950931
    outer loop
      vertex 4.3701 2.08078 -4.58815
      vertex 4.22398 1.63107 -4.43451
      vertex 4.24996 2.1269 -4.58815
    endloop
  endfacet
  facet normal -0.0213232 -0.406649 -0.913336
    outer loop
      vertex 4.75 1.54775 -4.43451
      vertex 4.52459 1.10536 -4.23228
      vertex 4.57207 1.55708 -4.43451
    endloop
  endfacet
  facet normal -0.0782974 -0.494356 -0.865726
    outer loop
      vertex 4.47958 0.677136 -3.98368
      vertex 4.21212 0.719497 -3.98368
      vertex 4.30165 1.14067 -4.23228
    endloop
  endfacet
  facet normal 0.8861 0.451564 0.104482
    outer loop
      vertex 16.8334 19.4294 0.248595
      vertex 16.608 19.8717 0.248595
      vertex 16.7859 19.4082 0.743063
    endloop
  endfacet
  facet normal 0.928512 0.356303 0.104472
    outer loop
      vertex 16.8334 19.4294 0.248595
      vertex 16.7859 19.4082 0.743063
      vertex 17.0113 18.9658 0.248595
    endloop
  endfacet
  facet normal 0.362839 -0.184905 0.913323
    outer loop
      vertex 14.0551 2.55763 4.43451
      vertex 13.9742 2.39888 4.43451
      vertex 14.47 2.37289 4.23228
    endloop
  endfacet
  facet normal 0.380236 -0.145831 0.91332
    outer loop
      vertex 14.1189 2.72398 4.43451
      vertex 14.0551 2.55763 4.43451
      vertex 14.47 2.37289 4.23228
    endloop
  endfacet
  facet normal 0.0977388 -0.0374216 0.994508
    outer loop
      vertex 12.7364 3.17318 4.74349
      vertex 12.7271 3.14889 4.74349
      vertex 13.2067 3.02038 4.69152
    endloop
  endfacet
  facet normal 0.161723 -0.131091 0.97809
    outer loop
      vertex 13.1012 2.81324 4.69152
      vertex 13.0522 2.75279 4.69152
      vertex 13.4136 2.42738 4.58815
    endloop
  endfacet
  facet normal 0.0569638 -0.0878125 0.994507
    outer loop
      vertex 12.9368 2.64885 4.69152
      vertex 12.6243 3.03471 4.74349
      vertex 12.8715 2.60649 4.69152
    endloop
  endfacet
  facet normal 0.218769 -0.218786 0.950933
    outer loop
      vertex 13.4136 2.42738 4.58815
      vertex 13.639 1.98498 4.43451
      vertex 13.765 2.11097 4.43451
    endloop
  endfacet
  facet normal 0.21878 -0.21878 0.950932
    outer loop
      vertex 13.639 1.98498 4.43451
      vertex 13.4136 2.42738 4.58815
      vertex 13.3226 2.33638 4.58815
    endloop
  endfacet
  facet normal 0.110836 -0.28885 0.950937
    outer loop
      vertex 13.1924 1.69492 4.43451
      vertex 13 2.1269 4.58815
      vertex 13.026 1.63107 4.43451
    endloop
  endfacet
  facet normal 0.140495 -0.27564 0.950938
    outer loop
      vertex 13.3511 1.77581 4.43451
      vertex 13 2.1269 4.58815
      vertex 13.1924 1.69492 4.43451
    endloop
  endfacet
  facet normal -0.0273343 0.101016 0.994509
    outer loop
      vertex 4.69831 17.7432 4.74349
      vertex 4.52038 18.2067 4.69152
      vertex 4.67318 17.7364 4.74349
    endloop
  endfacet
  facet normal 0.305611 -0.0485746 0.950917
    outer loop
      vertex 13.7227 3.12149 4.58815
      vertex 13.7025 2.9944 4.58815
      vertex 14.1929 3.07207 4.43451
    endloop
  endfacet
  facet normal 0.309023 -0.0161113 0.950918
    outer loop
      vertex 13.7294 3.25 4.58815
      vertex 13.7227 3.12149 4.58815
      vertex 14.1929 3.07207 4.43451
    endloop
  endfacet
  facet normal 0.205593 -0.0326508 0.978093
    outer loop
      vertex 13.239 3.17233 4.69152
      vertex 13.2268 3.09551 4.69152
      vertex 13.7227 3.12149 4.58815
    endloop
  endfacet
  facet normal 0.207886 -0.0108383 0.978093
    outer loop
      vertex 13.7294 3.25 4.58815
      vertex 13.239 3.17233 4.69152
      vertex 13.7227 3.12149 4.58815
    endloop
  endfacet
  facet normal 0.367559 -0.721059 0.587345
    outer loop
      vertex 14.3457 0.0531158 2.98927
      vertex 14.2415 0 2.98927
      vertex 14.3764 0 2.90485
    endloop
  endfacet
  facet normal 0.726614 0.471738 0.499494
    outer loop
      vertex 16.1653 19.6161 2.15645
      vertex 15.7229 19.8416 2.58704
      vertex 15.95 19.4918 2.58704
    endloop
  endfacet
  facet normal 0.678872 0.440743 0.587264
    outer loop
      vertex 15.7229 19.8416 2.58704
      vertex 15.6969 19.3457 2.98927
      vertex 15.95 19.4918 2.58704
    endloop
  endfacet
  facet normal 0.577965 0.467877 0.668616
    outer loop
      vertex 15.2433 19.9701 2.98927
      vertex 15.2173 19.4742 3.35876
      vertex 15.4864 19.6698 2.98927
    endloop
  endfacet
  facet normal 0.623626 0.405039 0.668606
    outer loop
      vertex 15.4864 19.6698 2.98927
      vertex 15.2173 19.4742 3.35876
      vertex 15.6969 19.3457 2.98927
    endloop
  endfacet
  facet normal -0 0.10452 0.994523
    outer loop
      vertex 4.75 18.2431 4.69152
      vertex 12.5 17.7486 4.74349
      vertex 12.5 18.2431 4.69152
    endloop
  endfacet
  facet normal 0 0.10452 0.994523
    outer loop
      vertex 12.5 17.7486 4.74349
      vertex 4.75 18.2431 4.69152
      vertex 4.75 17.7486 4.74349
    endloop
  endfacet
  facet normal -0.113396 0.174575 0.978093
    outer loop
      vertex 4.1353 18.5647 4.58815
      vertex 4.02738 18.4946 4.58815
      vertex 4.37847 18.1435 4.69152
    endloop
  endfacet
  facet normal -0.168542 0.259473 0.95093
    outer loop
      vertex 4.1353 18.5647 4.58815
      vertex 3.89888 18.9742 4.43451
      vertex 4.02738 18.4946 4.58815
    endloop
  endfacet
  facet normal -0.110791 0.288873 0.950935
    outer loop
      vertex 4.22398 19.1189 4.43451
      vertex 4.05763 19.0551 4.43451
      vertex 4.24996 18.6231 4.58815
    endloop
  endfacet
  facet normal -0.140477 0.275657 0.950936
    outer loop
      vertex 4.05763 19.0551 4.43451
      vertex 3.89888 18.9742 4.43451
      vertex 4.24996 18.6231 4.58815
    endloop
  endfacet
  facet normal -0.0161113 0.309023 0.950918
    outer loop
      vertex 4.75 18.7294 4.58815
      vertex 4.57207 19.1929 4.43451
      vertex 4.62149 18.7227 4.58815
    endloop
  endfacet
  facet normal -0.0161512 0.309009 0.950922
    outer loop
      vertex 4.75 19.2022 4.43451
      vertex 4.57207 19.1929 4.43451
      vertex 4.75 18.7294 4.58815
    endloop
  endfacet
  facet normal -0.174666 0.113305 0.978087
    outer loop
      vertex 4.14885 17.9368 4.69152
      vertex 3.7554 18.2226 4.58815
      vertex 4.10649 17.8715 4.69152
    endloop
  endfacet
  facet normal -0.174583 0.11339 0.978092
    outer loop
      vertex 3.7554 18.2226 4.58815
      vertex 3.68532 18.1147 4.58815
      vertex 4.10649 17.8715 4.69152
    endloop
  endfacet
  facet normal -0.28885 0.110836 0.950937
    outer loop
      vertex 3.19492 18.1924 4.43451
      vertex 3.13107 18.026 4.43451
      vertex 3.6269 18 4.58815
    endloop
  endfacet
  facet normal -0.380194 0.145886 0.913329
    outer loop
      vertex 3.19492 18.1924 4.43451
      vertex 2.77998 18.3771 4.23228
      vertex 3.13107 18.026 4.43451
    endloop
  endfacet
  facet normal -0.341593 0.221727 0.913319
    outer loop
      vertex 3.37285 18.5006 4.43451
      vertex 3.00539 18.7675 4.23228
      vertex 3.27581 18.3511 4.43451
    endloop
  endfacet
  facet normal -0.31643 0.256368 0.913317
    outer loop
      vertex 3.48498 18.639 4.43451
      vertex 3.00539 18.7675 4.23228
      vertex 3.37285 18.5006 4.43451
    endloop
  endfacet
  facet normal -0.314893 0.389003 0.865748
    outer loop
      vertex 3.48247 19.2446 4.23228
      vertex 3.22938 19.593 3.98368
      vertex 3.30705 19.1026 4.23228
    endloop
  endfacet
  facet normal -0.354064 0.353864 0.86569
    outer loop
      vertex 3.01894 19.4225 3.98368
      vertex 3.14744 18.9429 4.23228
      vertex 3.30705 19.1026 4.23228
    endloop
  endfacet
  facet normal -0.353815 0.353963 0.865751
    outer loop
      vertex 3.14744 18.9429 4.23228
      vertex 3.01894 19.4225 3.98368
      vertex 2.82746 19.2311 3.98368
    endloop
  endfacet
  facet normal -0.960658 0.257373 0.104384
    outer loop
      vertex 0.288099 18.9498 0.743063
      vertex 0.110166 18.4862 0.248595
      vertex 0.161001 18.4754 0.743063
    endloop
  endfacet
  facet normal -0.960653 0.257401 0.104356
    outer loop
      vertex 0.238672 18.9658 0.248595
      vertex 0.110166 18.4862 0.248595
      vertex 0.288099 18.9498 0.743063
    endloop
  endfacet
  facet normal -0.808798 0.310451 0.499466
    outer loop
      vertex 0.883618 19.2214 2.15645
      vertex 0.724861 18.8078 2.15645
      vertex 0.961289 18.731 2.58704
    endloop
  endfacet
  facet normal -0.836812 0.224226 0.499469
    outer loop
      vertex 0.724861 18.8078 2.15645
      vertex 0.610204 18.3799 2.15645
      vertex 0.961289 18.731 2.58704
    endloop
  endfacet
  facet normal -0.814133 0.414847 0.406313
    outer loop
      vertex 1.08474 19.6161 2.15645
      vertex 0.698875 19.3037 1.70225
      vertex 0.883618 19.2214 2.15645
    endloop
  endfacet
  facet normal -0.808796 0.310453 0.499468
    outer loop
      vertex 1.11072 19.1203 2.58704
      vertex 0.883618 19.2214 2.15645
      vertex 0.961289 18.731 2.58704
    endloop
  endfacet
  facet normal -0.710146 0.574947 0.40636
    outer loop
      vertex 1.45452 20.4673 1.70225
      vertex 1.16241 20.1065 1.70225
      vertex 1.6048 20.3319 2.15645
    endloop
  endfacet
  facet normal -0.797687 0.518116 0.308629
    outer loop
      vertex 1.03811 20.1968 1.22939
      vertex 0.776547 19.7941 1.22939
      vertex 1.16241 20.1065 1.70225
    endloop
  endfacet
  facet normal -0.691815 0.691565 0.207675
    outer loop
      vertex 1.26352 20.6392 0.743063
      vertex 1.52027 20.75 1.22939
      vertex 1.37428 20.75 0.743063
    endloop
  endfacet
  facet normal -0.691652 0.691768 0.207543
    outer loop
      vertex 1.52027 20.75 1.22939
      vertex 1.26352 20.6392 0.743063
      vertex 1.34034 20.5701 1.22939
    endloop
  endfacet
  facet normal -0.772847 0.625938 -0.10445
    outer loop
      vertex 0.95448 20.2576 -0.743063
      vertex 0.912436 20.2882 -0.248595
      vertex 1.2249 20.674 -0.248595
    endloop
  endfacet
  facet normal -0.777097 0.62938 0
    outer loop
      vertex 0.912436 20.2882 -0.248595
      vertex 1.2249 20.674 0.248595
      vertex 1.2249 20.674 -0.248595
    endloop
  endfacet
  facet normal -0.777097 0.62938 0
    outer loop
      vertex 1.2249 20.674 0.248595
      vertex 0.912436 20.2882 -0.248595
      vertex 0.912436 20.2882 0.248595
    endloop
  endfacet
  facet normal -0.886096 0.451582 0.104441
    outer loop
      vertex 0.642016 19.8717 0.248595
      vertex 0.416606 19.4294 0.248595
      vertex 0.464083 19.4082 0.743063
    endloop
  endfacet
  facet normal -0.928493 0.356364 0.104429
    outer loop
      vertex 0.416606 19.4294 0.248595
      vertex 0.238672 18.9658 0.248595
      vertex 0.464083 19.4082 0.743063
    endloop
  endfacet
  facet normal -0.739268 0.598524 0.308628
    outer loop
      vertex 1.45452 20.4673 1.70225
      vertex 1.03811 20.1968 1.22939
      vertex 1.16241 20.1065 1.70225
    endloop
  endfacet
  facet normal -0.739268 0.598524 0.308628
    outer loop
      vertex 1.34034 20.5701 1.22939
      vertex 1.03811 20.1968 1.22939
      vertex 1.45452 20.4673 1.70225
    endloop
  endfacet
  facet normal 0.0326753 0.205596 -0.978091
    outer loop
      vertex 12.6545 18.2268 -4.69152
      vertex 12.6285 18.7227 -4.58815
      vertex 12.7556 18.7025 -4.58815
    endloop
  endfacet
  facet normal 0.0538233 0.201101 -0.978091
    outer loop
      vertex 12.7296 18.2067 -4.69152
      vertex 12.6545 18.2268 -4.69152
      vertex 12.7556 18.7025 -4.58815
    endloop
  endfacet
  facet normal 0.0374079 0.0977433 -0.994508
    outer loop
      vertex 12.6011 17.7271 -4.74349
      vertex 12.5768 17.7364 -4.74349
      vertex 12.7296 18.2067 -4.69152
    endloop
  endfacet
  facet normal 0.110879 0.288862 -0.950928
    outer loop
      vertex 13 18.6231 -4.58815
      vertex 12.8799 18.6692 -4.58815
      vertex 13.026 19.1189 -4.43451
    endloop
  endfacet
  facet normal 0.0746048 0.194361 -0.978089
    outer loop
      vertex 13 18.6231 -4.58815
      vertex 12.7296 18.2067 -4.69152
      vertex 12.8799 18.6692 -4.58815
    endloop
  endfacet
  facet normal 0.771886 0.393319 -0.499493
    outer loop
      vertex 16.1393 19.1203 -2.58704
      vertex 15.95 19.4918 -2.58704
      vertex 16.1653 19.6161 -2.15645
    endloop
  endfacet
  facet normal 0.721137 0.367459 -0.587312
    outer loop
      vertex 16.1393 19.1203 -2.58704
      vertex 15.8723 19.0014 -2.98927
      vertex 15.95 19.4918 -2.58704
    endloop
  endfacet
  facet normal 0.73929 0.598483 -0.308656
    outer loop
      vertex 16.2119 20.1968 -1.22939
      vertex 15.7955 20.4673 -1.70225
      vertex 15.9097 20.5701 -1.22939
    endloop
  endfacet
  facet normal 0.739278 0.598512 -0.308628
    outer loop
      vertex 16.0876 20.1065 -1.70225
      vertex 15.7955 20.4673 -1.70225
      vertex 16.2119 20.1968 -1.22939
    endloop
  endfacet
  facet normal 0.808855 0.310361 -0.499429
    outer loop
      vertex 16.5251 18.8078 -2.15645
      vertex 16.2887 18.731 -2.58704
      vertex 16.3664 19.2214 -2.15645
    endloop
  endfacet
  facet normal 0.871648 0.443991 -0.207611
    outer loop
      vertex 16.7859 19.4082 -0.743063
      vertex 16.4735 19.7941 -1.22939
      vertex 16.563 19.8458 -0.743063
    endloop
  endfacet
  facet normal 0.83403 0.541775 -0.10428
    outer loop
      vertex 16.563 19.8458 -0.743063
      vertex 16.2955 20.2576 -0.743063
      vertex 16.608 19.8717 -0.248595
    endloop
  endfacet
  facet normal 0.886203 0.451405 -0.104295
    outer loop
      vertex 16.7859 19.4082 -0.743063
      vertex 16.563 19.8458 -0.743063
      vertex 16.608 19.8717 -0.248595
    endloop
  endfacet
  facet normal 0.524276 0.267027 -0.808598
    outer loop
      vertex 15.2308 18.7158 -3.69144
      vertex 14.8634 18.5522 -3.98368
      vertex 15.0888 18.9946 -3.69144
    endloop
  endfacet
  facet normal 0.524107 0.267158 -0.808665
    outer loop
      vertex 14.8634 18.5522 -3.98368
      vertex 14.7404 18.7935 -3.98368
      vertex 15.0888 18.9946 -3.69144
    endloop
  endfacet
  facet normal 0.0350687 0.668725 0.742682
    outer loop
      vertex 12.8416 20.75 3.44056
      vertex 12.5881 20.75 3.45253
      vertex 12.8125 20.4729 3.69144
    endloop
  endfacet
  facet normal 0.104651 0.661417 0.742682
    outer loop
      vertex 12.8125 20.4729 3.69144
      vertex 12.9098 20.75 3.43095
      vertex 12.8416 20.75 3.44056
    endloop
  endfacet
  facet normal 0.104875 0.661358 0.742703
    outer loop
      vertex 12.9098 20.75 3.43095
      vertex 12.8125 20.4729 3.69144
      vertex 13.1215 20.4239 3.69144
    endloop
  endfacet
  facet normal -0.467274 -0.179366 -0.865727
    outer loop
      vertex 2.77998 2.37289 -4.23228
      vertex 2.28958 2.45056 -3.98368
      vertex 2.69909 2.58362 -4.23228
    endloop
  endfacet
  facet normal -0.483463 -0.129541 -0.865727
    outer loop
      vertex 2.69909 2.58362 -4.23228
      vertex 2.28958 2.45056 -3.98368
      vertex 2.64067 2.80165 -4.23228
    endloop
  endfacet
  facet normal -0.406649 -0.0213232 -0.913336
    outer loop
      vertex 3.05708 3.07207 -4.43451
      vertex 2.60536 3.02459 -4.23228
      vertex 3.04775 3.25 -4.43451
    endloop
  endfacet
  facet normal -0.402195 -0.0637009 -0.913336
    outer loop
      vertex 2.64067 2.80165 -4.23228
      vertex 2.60536 3.02459 -4.23228
      vertex 3.05708 3.07207 -4.43451
    endloop
  endfacet
  facet normal -0.581055 0.092013 -0.808646
    outer loop
      vertex 2.17714 17.7704 -3.98368
      vertex 1.7771 17.8125 -3.69144
      vertex 2.2195 18.0379 -3.98368
    endloop
  endfacet
  facet normal -0.668536 0.0349878 -0.742856
    outer loop
      vertex 1.75 17.6828 -3.67316
      vertex 1.7771 17.8125 -3.69144
      vertex 1.7706 17.6883 -3.69144
    endloop
  endfacet
  facet normal -0.66872 0.0350501 -0.742687
    outer loop
      vertex 1.7771 17.8125 -3.69144
      vertex 1.75 17.6828 -3.67316
      vertex 1.53229 17.6142 -3.48037
    endloop
  endfacet
  facet normal -0.661387 0.10477 -0.742691
    outer loop
      vertex 1.82605 18.1215 -3.69144
      vertex 1.40964 17.8511 -3.35876
      vertex 1.46464 18.1983 -3.35876
    endloop
  endfacet
  facet normal -0.646817 0.173326 -0.742688
    outer loop
      vertex 1.82605 18.1215 -3.69144
      vertex 1.46464 18.1983 -3.35876
      vertex 1.90703 18.4237 -3.69144
    endloop
  endfacet
  facet normal -0.836817 0.224262 -0.499444
    outer loop
      vertex 0.853368 18.3283 -2.58704
      vertex 0.610204 18.3799 -2.15645
      vertex 0.961289 18.731 -2.58704
    endloop
  endfacet
  facet normal -0.629001 0.509433 -0.587227
    outer loop
      vertex 2.00672 19.9701 -2.98927
      vertex 1.52713 19.8416 -2.58704
      vertex 1.78954 20.1656 -2.58704
    endloop
  endfacet
  facet normal -0.836809 -0.22422 -0.499476
    outer loop
      vertex 0.961289 2.01897 -2.58704
      vertex 0.610204 2.37006 -2.15645
      vertex 0.853368 2.42174 -2.58704
    endloop
  endfacet
  facet normal -0.855661 -0.135524 -0.499477
    outer loop
      vertex 0.853368 2.42174 -2.58704
      vertex 0.610204 2.37006 -2.15645
      vertex 0.788137 2.83359 -2.58704
    endloop
  endfacet
  facet normal -0.0261949 -0.499833 -0.865726
    outer loop
      vertex 4.75 0.662964 -3.98368
      vertex 4.47958 0.677136 -3.98368
      vertex 4.52459 1.10536 -4.23228
    endloop
  endfacet
  facet normal -0.0782979 -0.494356 -0.865726
    outer loop
      vertex 4.47958 0.677136 -3.98368
      vertex 4.30165 1.14067 -4.23228
      vertex 4.52459 1.10536 -4.23228
    endloop
  endfacet
  facet normal 0.194371 -0.0745838 0.978089
    outer loop
      vertex 13.6692 2.8701 4.58815
      vertex 13.2067 3.02038 4.69152
      vertex 13.6231 2.74996 4.58815
    endloop
  endfacet
  facet normal 0.194319 -0.0746659 0.978093
    outer loop
      vertex 13.2067 3.02038 4.69152
      vertex 13.1788 2.94777 4.69152
      vertex 13.6231 2.74996 4.58815
    endloop
  endfacet
  facet normal 0.0658979 -0.0813122 0.994508
    outer loop
      vertex 12.9972 2.6978 4.69152
      vertex 12.6663 3.06526 4.74349
      vertex 12.9368 2.64885 4.69152
    endloop
  endfacet
  facet normal 0.0659224 -0.0812962 0.994508
    outer loop
      vertex 12.6663 3.06526 4.74349
      vertex 12.6461 3.04888 4.74349
      vertex 12.9368 2.64885 4.69152
    endloop
  endfacet
  facet normal 0.161782 -0.131043 0.978087
    outer loop
      vertex 13.4946 2.52738 4.58815
      vertex 13.1012 2.81324 4.69152
      vertex 13.4136 2.42738 4.58815
    endloop
  endfacet
  facet normal 0.174688 -0.113281 0.978086
    outer loop
      vertex 13.1435 2.87847 4.69152
      vertex 13.1012 2.81324 4.69152
      vertex 13.4946 2.52738 4.58815
    endloop
  endfacet
  facet normal 0.0813036 -0.0659036 0.994508
    outer loop
      vertex 13.1012 2.81324 4.69152
      vertex 12.6847 3.08366 4.74349
      vertex 13.0522 2.75279 4.69152
    endloop
  endfacet
  facet normal 0.194715 -0.240448 0.950932
    outer loop
      vertex 13.3226 2.33638 4.58815
      vertex 13.2226 2.2554 4.58815
      vertex 13.639 1.98498 4.43451
    endloop
  endfacet
  facet normal 0.287842 -0.288005 0.913346
    outer loop
      vertex 13.765 2.11097 4.43451
      vertex 13.9429 1.64744 4.23228
      vertex 14.1026 1.80705 4.23228
    endloop
  endfacet
  facet normal 0.287938 -0.287961 0.913329
    outer loop
      vertex 13.9429 1.64744 4.23228
      vertex 13.765 2.11097 4.43451
      vertex 13.639 1.98498 4.43451
    endloop
  endfacet
  facet normal 0.0475193 -0.0932622 0.994507
    outer loop
      vertex 12.8715 2.60649 4.69152
      vertex 12.6011 3.0229 4.74349
      vertex 12.8022 2.57118 4.69152
    endloop
  endfacet
  facet normal 0.140425 -0.275706 0.95093
    outer loop
      vertex 13.1147 2.18532 4.58815
      vertex 13 2.1269 4.58815
      vertex 13.3511 1.77581 4.43451
    endloop
  endfacet
  facet normal 0.0800885 -0.298859 0.950931
    outer loop
      vertex 12.8799 2.08078 4.58815
      vertex 12.7556 2.04747 4.58815
      vertex 13.026 1.63107 4.43451
    endloop
  endfacet
  facet normal 0.110919 -0.288843 0.950929
    outer loop
      vertex 13 2.1269 4.58815
      vertex 12.8799 2.08078 4.58815
      vertex 13.026 1.63107 4.43451
    endloop
  endfacet
  facet normal -0.131091 0.161723 0.97809
    outer loop
      vertex 4.31324 18.1012 4.69152
      vertex 3.92738 18.4136 4.58815
      vertex 4.25279 18.0522 4.69152
    endloop
  endfacet
  facet normal -0.19474 0.24042 0.950933
    outer loop
      vertex 4.02738 18.4946 4.58815
      vertex 3.61097 18.765 4.43451
      vertex 3.92738 18.4136 4.58815
    endloop
  endfacet
  facet normal -0.0326508 0.205593 0.978093
    outer loop
      vertex 4.62149 18.7227 4.58815
      vertex 4.59551 18.2268 4.69152
      vertex 4.67233 18.239 4.69152
    endloop
  endfacet
  facet normal -0.0164187 0.103384 0.994506
    outer loop
      vertex 4.67233 18.239 4.69152
      vertex 4.59551 18.2268 4.69152
      vertex 4.69831 17.7432 4.74349
    endloop
  endfacet
  facet normal -0.218777 0.218777 0.950933
    outer loop
      vertex 3.61097 18.765 4.43451
      vertex 3.83638 18.3226 4.58815
      vertex 3.92738 18.4136 4.58815
    endloop
  endfacet
  facet normal -0.218788 0.218771 0.950932
    outer loop
      vertex 3.83638 18.3226 4.58815
      vertex 3.61097 18.765 4.43451
      vertex 3.48498 18.639 4.43451
    endloop
  endfacet
  facet normal -0.147224 0.147197 0.978089
    outer loop
      vertex 3.92738 18.4136 4.58815
      vertex 4.1978 17.9972 4.69152
      vertex 4.25279 18.0522 4.69152
    endloop
  endfacet
  facet normal -0.147208 0.147208 0.97809
    outer loop
      vertex 4.1978 17.9972 4.69152
      vertex 3.92738 18.4136 4.58815
      vertex 3.83638 18.3226 4.58815
    endloop
  endfacet
  facet normal -0.0475092 0.0932687 0.994507
    outer loop
      vertex 4.44777 18.1788 4.69152
      vertex 4.37847 18.1435 4.69152
      vertex 4.64889 17.7271 4.74349
    endloop
  endfacet
  facet normal -0.0375431 0.0977061 0.994507
    outer loop
      vertex 4.52038 18.2067 4.69152
      vertex 4.44777 18.1788 4.69152
      vertex 4.64889 17.7271 4.74349
    endloop
  endfacet
  facet normal -0.110844 0.288869 0.95093
    outer loop
      vertex 4.3701 18.6692 4.58815
      vertex 4.22398 19.1189 4.43451
      vertex 4.24996 18.6231 4.58815
    endloop
  endfacet
  facet normal -0.0745838 0.194371 0.978089
    outer loop
      vertex 4.3701 18.6692 4.58815
      vertex 4.24996 18.6231 4.58815
      vertex 4.52038 18.2067 4.69152
    endloop
  endfacet
  facet normal -0.063547 0.402289 0.913305
    outer loop
      vertex 4.57207 19.1929 4.43451
      vertex 4.30165 19.6093 4.23228
      vertex 4.39608 19.1651 4.43451
    endloop
  endfacet
  facet normal -0.105594 0.393351 0.913305
    outer loop
      vertex 4.30165 19.6093 4.23228
      vertex 4.22398 19.1189 4.43451
      vertex 4.39608 19.1651 4.43451
    endloop
  endfacet
  facet normal -0.101096 0.0271067 0.994507
    outer loop
      vertex 4.51357 17.5768 4.74349
      vertex 4.0433 17.7296 4.69152
      vertex 4.50684 17.5517 4.74349
    endloop
  endfacet
  facet normal -0.0977139 0.0375173 0.994507
    outer loop
      vertex 4.5229 17.6011 4.74349
      vertex 4.0433 17.7296 4.69152
      vertex 4.51357 17.5768 4.74349
    endloop
  endfacet
  facet normal -0.415869 0.416043 0.808678
    outer loop
      vertex 2.74979 19.7215 3.69144
      vertex 2.82746 19.2311 3.98368
      vertex 3.01894 19.4225 3.98368
    endloop
  endfacet
  facet normal -0.416067 0.415973 0.808613
    outer loop
      vertex 2.82746 19.2311 3.98368
      vertex 2.74979 19.7215 3.69144
      vertex 2.52854 19.5002 3.69144
    endloop
  endfacet
  facet normal -0.755627 0.290044 0.587284
    outer loop
      vertex 1.11072 19.1203 2.58704
      vertex 0.961289 18.731 2.58704
      vertex 1.3777 19.0014 2.98927
    endloop
  endfacet
  facet normal -0.721144 0.367483 0.587288
    outer loop
      vertex 1.30003 19.4918 2.58704
      vertex 1.11072 19.1203 2.58704
      vertex 1.3777 19.0014 2.98927
    endloop
  endfacet
  facet normal -0.847523 0.431812 0.308616
    outer loop
      vertex 0.776547 19.7941 1.22939
      vertex 0.698875 19.3037 1.70225
      vertex 0.909604 19.7173 1.70225
    endloop
  endfacet
  facet normal -0.814138 0.414803 0.406347
    outer loop
      vertex 0.909604 19.7173 1.70225
      vertex 0.698875 19.3037 1.70225
      vertex 1.08474 19.6161 2.15645
    endloop
  endfacet
  facet normal -0.672537 0.672649 0.308605
    outer loop
      vertex 1.34034 20.5701 1.22939
      vertex 1.73725 20.75 1.70225
      vertex 1.52027 20.75 1.22939
    endloop
  endfacet
  facet normal -0.672552 0.672624 0.308628
    outer loop
      vertex 1.73725 20.75 1.70225
      vertex 1.34034 20.5701 1.22939
      vertex 1.45452 20.4673 1.70225
    endloop
  endfacet
  facet normal -0.707153 0.70706 0
    outer loop
      vertex 1.30089 20.75 -0.248595
      vertex 1.2249 20.674 0.248595
      vertex 1.30089 20.75 0.248595
    endloop
  endfacet
  facet normal -0.707153 0.70706 0
    outer loop
      vertex 1.2249 20.674 0.248595
      vertex 1.30089 20.75 -0.248595
      vertex 1.2249 20.674 -0.248595
    endloop
  endfacet
  facet normal 0.797668 0.518116 -0.308677
    outer loop
      vertex 16.3404 19.7173 -1.70225
      vertex 16.0876 20.1065 -1.70225
      vertex 16.4735 19.7941 -1.22939
    endloop
  endfacet
  facet normal 0.847508 0.431775 -0.308709
    outer loop
      vertex 16.5511 19.3037 -1.70225
      vertex 16.4735 19.7941 -1.22939
      vertex 16.6915 19.3662 -1.22939
    endloop
  endfacet
  facet normal 0.91878 0.246183 -0.308606
    outer loop
      vertex 16.9879 18.4539 -1.22939
      vertex 16.7175 18.8703 -1.70225
      vertex 16.8636 18.9178 -1.22939
    endloop
  endfacet
  facet normal 0.853122 0.327346 -0.406236
    outer loop
      vertex 16.5251 18.8078 -2.15645
      vertex 16.3664 19.2214 -2.15645
      vertex 16.5511 19.3037 -1.70225
    endloop
  endfacet
  facet normal 0.852989 0.327497 -0.406393
    outer loop
      vertex 16.7175 18.8703 -1.70225
      vertex 16.5251 18.8078 -2.15645
      vertex 16.5511 19.3037 -1.70225
    endloop
  endfacet
  facet normal 0.887988 0.340935 -0.30861
    outer loop
      vertex 16.7175 18.8703 -1.70225
      vertex 16.5511 19.3037 -1.70225
      vertex 16.8636 18.9178 -1.22939
    endloop
  endfacet
  facet normal 0.104777 0.661327 0.742744
    outer loop
      vertex 13.1908 20.75 3.39131
      vertex 12.9098 20.75 3.43095
      vertex 13.1215 20.4239 3.69144
    endloop
  endfacet
  facet normal -0.661388 0.104773 -0.74269
    outer loop
      vertex 1.7771 17.8125 -3.69144
      vertex 1.40964 17.8511 -3.35876
      vertex 1.82605 18.1215 -3.69144
    endloop
  endfacet
  facet normal -0.581065 0.092049 -0.808635
    outer loop
      vertex 2.2195 18.0379 -3.98368
      vertex 1.7771 17.8125 -3.69144
      vertex 1.82605 18.1215 -3.69144
    endloop
  endfacet
  facet normal -0.814133 0.414847 -0.406313
    outer loop
      vertex 0.883618 19.2214 -2.15645
      vertex 0.698875 19.3037 -1.70225
      vertex 1.08474 19.6161 -2.15645
    endloop
  endfacet
  facet normal -0.710081 0.575141 -0.4062
    outer loop
      vertex 1.32601 19.9877 -2.15645
      vertex 1.16241 20.1065 -1.70225
      vertex 1.6048 20.3319 -2.15645
    endloop
  endfacet
  facet normal -0.662586 0.337553 -0.668609
    outer loop
      vertex 1.68162 18.8661 -3.35876
      vertex 1.3777 19.0014 -2.98927
      vertex 1.84123 19.1794 -3.35876
    endloop
  endfacet
  facet normal -0.629024 0.509336 -0.587286
    outer loop
      vertex 1.76356 19.6698 -2.98927
      vertex 1.52713 19.8416 -2.58704
      vertex 2.00672 19.9701 -2.98927
    endloop
  endfacet
  facet normal -0.721144 0.367483 -0.587288
    outer loop
      vertex 1.3777 19.0014 -2.98927
      vertex 1.11072 19.1203 -2.58704
      vertex 1.30003 19.4918 -2.58704
    endloop
  endfacet
  facet normal -0.755629 0.29008 -0.587263
    outer loop
      vertex 1.23923 18.6407 -2.98927
      vertex 0.961289 18.731 -2.58704
      vertex 1.3777 19.0014 -2.98927
    endloop
  endfacet
  facet normal 0.174575 -0.113396 0.978093
    outer loop
      vertex 13.5647 2.6353 4.58815
      vertex 13.1435 2.87847 4.69152
      vertex 13.4946 2.52738 4.58815
    endloop
  endfacet
  facet normal 0.259473 -0.168542 0.95093
    outer loop
      vertex 13.5647 2.6353 4.58815
      vertex 13.4946 2.52738 4.58815
      vertex 13.9742 2.39888 4.43451
    endloop
  endfacet
  facet normal 0.094481 -0.185501 0.978091
    outer loop
      vertex 13.1147 2.18532 4.58815
      vertex 12.8715 2.60649 4.69152
      vertex 13 2.1269 4.58815
    endloop
  endfacet
  facet normal 0.11339 -0.174583 0.978092
    outer loop
      vertex 13.2226 2.2554 4.58815
      vertex 12.8715 2.60649 4.69152
      vertex 13.1147 2.18532 4.58815
    endloop
  endfacet
  facet normal 0.0740011 -0.0740145 0.994508
    outer loop
      vertex 12.6847 3.08366 4.74349
      vertex 12.9972 2.6978 4.69152
      vertex 13.0522 2.75279 4.69152
    endloop
  endfacet
  facet normal 0.0740085 -0.0740085 0.994508
    outer loop
      vertex 12.9972 2.6978 4.69152
      vertex 12.6847 3.08366 4.74349
      vertex 12.6663 3.06526 4.74349
    endloop
  endfacet
  facet normal -0.0326777 0.205594 0.978092
    outer loop
      vertex 4.62149 18.7227 4.58815
      vertex 4.4944 18.7025 4.58815
      vertex 4.59551 18.2268 4.69152
    endloop
  endfacet
  facet normal -0.0538027 0.201104 0.978091
    outer loop
      vertex 4.59551 18.2268 4.69152
      vertex 4.4944 18.7025 4.58815
      vertex 4.52038 18.2067 4.69152
    endloop
  endfacet
  facet normal -0.194344 0.0746322 0.97809
    outer loop
      vertex 4.07118 17.8022 4.69152
      vertex 3.6269 18 4.58815
      vertex 4.0433 17.7296 4.69152
    endloop
  endfacet
  facet normal -0.0977122 0.0375236 0.994507
    outer loop
      vertex 4.07118 17.8022 4.69152
      vertex 4.0433 17.7296 4.69152
      vertex 4.5229 17.6011 4.74349
    endloop
  endfacet
  facet normal -0.104522 0.00550751 0.994507
    outer loop
      vertex 4.50277 17.526 4.74349
      vertex 4.01101 17.5777 4.69152
      vertex 4.5014 17.5 4.74349
    endloop
  endfacet
  facet normal -0.104527 0.00547524 0.994507
    outer loop
      vertex 4.01101 17.5777 4.69152
      vertex 4.00694 17.5 4.69152
      vertex 4.5014 17.5 4.74349
    endloop
  endfacet
  facet normal 0.814176 0.414824 -0.406249
    outer loop
      vertex 16.3664 19.2214 -2.15645
      vertex 16.1653 19.6161 -2.15645
      vertex 16.5511 19.3037 -1.70225
    endloop
  endfacet
  facet normal 0.847527 0.431755 -0.308685
    outer loop
      vertex 16.5511 19.3037 -1.70225
      vertex 16.3404 19.7173 -1.70225
      vertex 16.4735 19.7941 -1.22939
    endloop
  endfacet
  facet normal -0.847523 0.431812 -0.308616
    outer loop
      vertex 0.909604 19.7173 -1.70225
      vertex 0.698875 19.3037 -1.70225
      vertex 0.776547 19.7941 -1.22939
    endloop
  endfacet
  facet normal -0.67323 0.545254 -0.499458
    outer loop
      vertex 1.52713 19.8416 -2.58704
      vertex 1.32601 19.9877 -2.15645
      vertex 1.78954 20.1656 -2.58704
    endloop
  endfacet
  facet normal -0.726615 0.471772 -0.499461
    outer loop
      vertex 1.52713 19.8416 -2.58704
      vertex 1.08474 19.6161 -2.15645
      vertex 1.32601 19.9877 -2.15645
    endloop
  endfacet
  facet normal -0.72662 0.471742 -0.499481
    outer loop
      vertex 1.30003 19.4918 -2.58704
      vertex 1.08474 19.6161 -2.15645
      vertex 1.52713 19.8416 -2.58704
    endloop
  endfacet
  facet normal -0.662586 0.337586 -0.668592
    outer loop
      vertex 1.84123 19.1794 -3.35876
      vertex 1.3777 19.0014 -2.98927
      vertex 1.55312 19.3457 -2.98927
    endloop
  endfacet
  facet normal -0.721192 0.367446 -0.587252
    outer loop
      vertex 1.3777 19.0014 -2.98927
      vertex 1.30003 19.4918 -2.58704
      vertex 1.55312 19.3457 -2.98927
    endloop
  endfacet
  facet normal -0.808796 0.310453 -0.499468
    outer loop
      vertex 0.961289 18.731 -2.58704
      vertex 0.883618 19.2214 -2.15645
      vertex 1.11072 19.1203 -2.58704
    endloop
  endfacet
  facet normal -0.755627 0.290044 -0.587284
    outer loop
      vertex 1.3777 19.0014 -2.98927
      vertex 0.961289 18.731 -2.58704
      vertex 1.11072 19.1203 -2.58704
    endloop
  endfacet
  facet normal -0.205618 0.0325562 0.978091
    outer loop
      vertex 4.02317 17.6545 4.69152
      vertex 3.52734 17.6285 4.58815
      vertex 4.01101 17.5777 4.69152
    endloop
  endfacet
  facet normal -0.207894 0.0108881 0.978091
    outer loop
      vertex 3.52734 17.6285 4.58815
      vertex 3.52061 17.5 4.58815
      vertex 4.01101 17.5777 4.69152
    endloop
  endfacet
  facet normal 0.814183 0.414769 -0.406292
    outer loop
      vertex 16.5511 19.3037 -1.70225
      vertex 16.1653 19.6161 -2.15645
      vertex 16.3404 19.7173 -1.70225
    endloop
  endfacet
  facet normal 0.766278 0.497726 -0.406308
    outer loop
      vertex 16.1653 19.6161 -2.15645
      vertex 16.0876 20.1065 -1.70225
      vertex 16.3404 19.7173 -1.70225
    endloop
  endfacet
  facet normal 0.88262 0.236455 -0.40629
    outer loop
      vertex 16.8376 18.422 -1.70225
      vertex 16.6398 18.3799 -2.15645
      vertex 16.7175 18.8703 -1.70225
    endloop
  endfacet
  facet normal 0.88254 0.236568 -0.406398
    outer loop
      vertex 16.6398 18.3799 -2.15645
      vertex 16.5251 18.8078 -2.15645
      vertex 16.7175 18.8703 -1.70225
    endloop
  endfacet
  facet normal -0.766254 0.497722 -0.406359
    outer loop
      vertex 1.08474 19.6161 -2.15645
      vertex 0.909604 19.7173 -1.70225
      vertex 1.16241 20.1065 -1.70225
    endloop
  endfacet
  facet normal -0.814138 0.414803 -0.406347
    outer loop
      vertex 1.08474 19.6161 -2.15645
      vertex 0.698875 19.3037 -1.70225
      vertex 0.909604 19.7173 -1.70225
    endloop
  endfacet
  facet normal -0.836812 0.224226 -0.499469
    outer loop
      vertex 0.961289 18.731 -2.58704
      vertex 0.610204 18.3799 -2.15645
      vertex 0.724861 18.8078 -2.15645
    endloop
  endfacet
  facet normal -0.771884 0.393339 -0.49948
    outer loop
      vertex 1.11072 19.1203 -2.58704
      vertex 1.08474 19.6161 -2.15645
      vertex 1.30003 19.4918 -2.58704
    endloop
  endfacet
  facet normal -0.882613 0.236499 -0.40628
    outer loop
      vertex 0.610204 18.3799 -2.15645
      vertex 0.532533 18.8703 -1.70225
      vertex 0.724861 18.8078 -2.15645
    endloop
  endfacet
  facet normal -0.853073 0.327416 -0.406282
    outer loop
      vertex 0.724861 18.8078 -2.15645
      vertex 0.532533 18.8703 -1.70225
      vertex 0.698875 19.3037 -1.70225
    endloop
  endfacet
  facet normal -0.808798 0.310451 -0.499466
    outer loop
      vertex 0.961289 18.731 -2.58704
      vertex 0.724861 18.8078 -2.15645
      vertex 0.883618 19.2214 -2.15645
    endloop
  endfacet
  facet normal -0.853054 0.327438 -0.406305
    outer loop
      vertex 0.724861 18.8078 -2.15645
      vertex 0.698875 19.3037 -1.70225
      vertex 0.883618 19.2214 -2.15645
    endloop
  endfacet
  facet normal -0.637101 0.664129 0.391197
    outer loop
      vertex 5.92708 13.4217 -4.17487
      vertex 5.84855 12.6889 -3.0587
      vertex 5.92708 12.7435 -3.0235
    endloop
  endfacet
  facet normal -0.636785 0.664338 0.391357
    outer loop
      vertex 5.92708 13.4217 -4.17487
      vertex 5.60992 12.4988 -3.12428
      vertex 5.84855 12.6889 -3.0587
    endloop
  endfacet
  facet normal -0.636899 0.66428 0.39127
    outer loop
      vertex 5.80824 13.4281 -4.37918
      vertex 5.60992 12.4988 -3.12428
      vertex 5.92708 13.4217 -4.17487
    endloop
  endfacet
  facet normal -0.636837 0.664317 0.391308
    outer loop
      vertex 5.6229 13.4381 -4.69779
      vertex 5.60992 12.4988 -3.12428
      vertex 5.80824 13.4281 -4.37918
    endloop
  endfacet
  facet normal -0.637268 0.664013 0.391123
    outer loop
      vertex 5.60992 12.4988 -3.12428
      vertex 5.6229 13.4381 -4.69779
      vertex 5.60992 13.4419 -4.72539
    endloop
  endfacet
  facet normal -0.933297 0.309413 0.182267
    outer loop
      vertex 6.35567 13.2591 -2.82079
      vertex 6.46385 13.5631 -2.78292
      vertex 6.39303 13.5233 -3.07799
    endloop
  endfacet
  facet normal -0.933277 0.309449 0.182307
    outer loop
      vertex 6.35567 13.2591 -2.82079
      vertex 6.39303 13.5233 -3.07799
      vertex 6.35567 13.5023 -3.2336
    endloop
  endfacet
  facet normal -0.933251 0.309356 0.182596
    outer loop
      vertex 6.46385 13.5631 -2.78292
      vertex 6.35567 13.2591 -2.82079
      vertex 6.46385 13.5441 -2.75073
    endloop
  endfacet
  facet normal -0.349907 0.807151 0.475471
    outer loop
      vertex 3.88881 11.5056 -3.13382
      vertex 3.71751 12.3127 -4.63
      vertex 3.71751 11.3951 -3.0723
    endloop
  endfacet
  facet normal -0.349795 0.807193 0.475481
    outer loop
      vertex 4.27742 11.7184 -3.20919
      vertex 3.71751 12.3127 -4.63
      vertex 3.88881 11.5056 -3.13382
    endloop
  endfacet
  facet normal -0.349665 0.807263 0.475459
    outer loop
      vertex 4.27742 11.7184 -3.20919
      vertex 4.00694 12.4743 -4.69152
      vertex 3.71751 12.3127 -4.63
    endloop
  endfacet
  facet normal -0.349906 0.807162 0.475452
    outer loop
      vertex 4.00694 12.4743 -4.69152
      vertex 4.27742 11.7184 -3.20919
      vertex 4.27742 12.6083 -4.71995
    endloop
  endfacet
  facet normal -0.140668 -0.85317 -0.502308
    outer loop
      vertex 0.517718 14.4826 2.15645
      vertex 1.01487 13.9457 2.92915
      vertex 0.766315 14.1881 2.58704
    endloop
  endfacet
  facet normal -0.140428 -0.853117 -0.502465
    outer loop
      vertex 0.249191 14.9145 1.49819
      vertex 0.517718 14.4826 2.15645
      vertex 0.315493 14.7834 1.70225
    endloop
  endfacet
  facet normal -0.140261 -0.853108 -0.502527
    outer loop
      vertex 0.517718 14.4826 2.15645
      vertex 0.249191 14.9145 1.49819
      vertex 1.01487 13.9457 2.92915
    endloop
  endfacet
  facet normal -0.140278 -0.85311 -0.502519
    outer loop
      vertex 0.249191 16.6795 -1.49819
      vertex 1.01487 13.9457 2.92915
      vertex 0.249191 14.9145 1.49819
    endloop
  endfacet
  facet normal -0.140213 -0.853124 -0.502513
    outer loop
      vertex 0.517718 17.0231 -2.15645
      vertex 0.249191 16.6795 -1.49819
      vertex 0.315493 16.7888 -1.70225
    endloop
  endfacet
  facet normal -0.141011 -0.852877 -0.50271
    outer loop
      vertex 0.766315 17.2358 -2.58704
      vertex 0.249191 16.6795 -1.49819
      vertex 0.517718 17.0231 -2.15645
    endloop
  endfacet
  facet normal -0.139644 -0.853344 -0.502299
    outer loop
      vertex 1.01487 17.3965 -2.92915
      vertex 0.249191 16.6795 -1.49819
      vertex 0.766315 17.2358 -2.58704
    endloop
  endfacet
  facet normal -0.140275 -0.85311 -0.50252
    outer loop
      vertex 0.249191 16.6795 -1.49819
      vertex 1.01487 17.3965 -2.92915
      vertex 1.01487 13.9457 2.92915
    endloop
  endfacet
  facet normal -0.735165 -0.584122 -0.343996
    outer loop
      vertex 5.92708 11.7616 3.0235
      vertex 6.06945 11.62 2.95968
      vertex 5.92708 11.6437 3.2237
    endloop
  endfacet
  facet normal -0.253907 -0.8334 -0.490892
    outer loop
      vertex 3.10648 13.4957 2.79486
      vertex 3.04775 12.5478 4.43451
      vertex 2.59354 12.8053 4.23228
    endloop
  endfacet
  facet normal -0.253873 -0.833414 -0.490887
    outer loop
      vertex 3.10648 13.4957 2.79486
      vertex 2.59354 12.8053 4.23228
      vertex 2.44898 12.8985 4.14881
    endloop
  endfacet
  facet normal -0.254801 -0.833182 -0.490799
    outer loop
      vertex 3.04775 12.5478 4.43451
      vertex 3.10648 13.4957 2.79486
      vertex 3.10648 12.5186 4.45359
    endloop
  endfacet
  facet normal -0.253846 -0.833426 -0.490879
    outer loop
      vertex 2.44898 12.8985 4.14881
      vertex 2.98341 13.5726 2.72794
      vertex 3.10648 13.4957 2.79486
    endloop
  endfacet
  facet normal -0.254004 -0.833362 -0.490908
    outer loop
      vertex 2.44898 12.8985 4.14881
      vertex 2.58769 13.8709 2.4263
      vertex 2.98341 13.5726 2.72794
    endloop
  endfacet
  facet normal -0.25356 -0.833479 -0.490938
    outer loop
      vertex 2.58769 13.8709 2.4263
      vertex 2.44898 12.8985 4.14881
      vertex 2.44898 13.998 2.28216
    endloop
  endfacet
  facet normal -0.253395 -0.833501 -0.490987
    outer loop
      vertex 2.44898 17.7798 -4.13806
      vertex 2.5139 17.7818 -4.17496
      vertex 2.44898 17.6588 -3.93265
    endloop
  endfacet
  facet normal -0.175302 -0.848283 -0.499685
    outer loop
      vertex 1.75 14.7864 1.24395
      vertex 1.39124 13.6148 3.35876
      vertex 1.05856 13.9012 2.98927
    endloop
  endfacet
  facet normal -0.175974 -0.848055 -0.499836
    outer loop
      vertex 1.75 14.7864 1.24395
      vertex 1.05856 13.9012 2.98927
      vertex 1.01487 13.9457 2.92915
    endloop
  endfacet
  facet normal -0.17527 -0.84829 -0.499684
    outer loop
      vertex 1.39124 13.6148 3.35876
      vertex 1.75 14.7864 1.24395
      vertex 1.75 13.3504 3.68178
    endloop
  endfacet
  facet normal -0.175808 -0.848115 -0.499793
    outer loop
      vertex 1.01487 13.9457 2.92915
      vertex 1.73562 14.8065 1.2149
      vertex 1.75 14.7864 1.24395
    endloop
  endfacet
  facet normal -0.175195 -0.848329 -0.499644
    outer loop
      vertex 1.01487 13.9457 2.92915
      vertex 1.58549 15.1169 0.740523
      vertex 1.73562 14.8065 1.2149
    endloop
  endfacet
  facet normal -0.175566 -0.848228 -0.499686
    outer loop
      vertex 1.01487 13.9457 2.92915
      vertex 1.50954 15.4223 0.248785
      vertex 1.58549 15.1169 0.740523
    endloop
  endfacet
  facet normal -0.17543 -0.84826 -0.499679
    outer loop
      vertex 1.01487 13.9457 2.92915
      vertex 1.50954 15.7154 -0.248785
      vertex 1.50954 15.4223 0.248785
    endloop
  endfacet
  facet normal -0.175335 -0.848282 -0.499676
    outer loop
      vertex 1.01487 17.3965 -2.92915
      vertex 1.50954 15.7154 -0.248785
      vertex 1.01487 13.9457 2.92915
    endloop
  endfacet
  facet normal -0.175622 -0.848261 -0.49961
    outer loop
      vertex 1.50954 15.7154 -0.248785
      vertex 1.01487 17.3965 -2.92915
      vertex 1.58549 15.9893 -0.740523
    endloop
  endfacet
  facet normal -0.175366 -0.848271 -0.499683
    outer loop
      vertex 1.01487 17.3965 -2.92915
      vertex 1.73562 16.2377 -1.2149
      vertex 1.58549 15.9893 -0.740523
    endloop
  endfacet
  facet normal -0.17342 -0.848212 -0.500461
    outer loop
      vertex 1.01487 17.3965 -2.92915
      vertex 1.75 16.2519 -1.24395
      vertex 1.73562 16.2377 -1.2149
    endloop
  endfacet
  facet normal -0.175124 -0.848275 -0.499761
    outer loop
      vertex 1.05856 17.4229 -2.98927
      vertex 1.75 16.2519 -1.24395
      vertex 1.01487 17.3965 -2.92915
    endloop
  endfacet
  facet normal -0.175485 -0.848282 -0.499622
    outer loop
      vertex 1.23094 17.5 -3.18072
      vertex 1.75 16.2519 -1.24395
      vertex 1.05856 17.4229 -2.98927
    endloop
  endfacet
  facet normal -0.175115 -0.848295 -0.49973
    outer loop
      vertex 1.34965 17.5514 -3.30957
      vertex 1.75 16.2519 -1.24395
      vertex 1.23094 17.5 -3.18072
    endloop
  endfacet
  facet normal -0.175487 -0.84827 -0.499642
    outer loop
      vertex 1.39496 17.571 -3.35876
      vertex 1.75 16.2519 -1.24395
      vertex 1.34965 17.5514 -3.30957
    endloop
  endfacet
  facet normal -0.17559 -0.848262 -0.49962
    outer loop
      vertex 1.53229 17.6142 -3.48037
      vertex 1.75 16.2519 -1.24395
      vertex 1.39496 17.571 -3.35876
    endloop
  endfacet
  facet normal -0.17519 -0.848306 -0.499685
    outer loop
      vertex 1.75 16.2519 -1.24395
      vertex 1.53229 17.6142 -3.48037
      vertex 1.75 17.6828 -3.67316
    endloop
  endfacet
  facet normal -0.991914 0.109291 0.0645083
    outer loop
      vertex 6.46638 13.5661 -2.7491
      vertex 6.46385 13.5631 -2.78292
      vertex 6.46385 13.5441 -2.75073
    endloop
  endfacet
  facet normal -0.299065 -0.822191 -0.484316
    outer loop
      vertex 3.71751 13.11 3.0723
      vertex 3.52061 12.2887 4.58815
      vertex 3.10648 12.5186 4.45359
    endloop
  endfacet
  facet normal -0.299164 -0.822158 -0.484311
    outer loop
      vertex 3.52061 12.2887 4.58815
      vertex 3.71751 13.11 3.0723
      vertex 3.71751 12.1924 4.63
    endloop
  endfacet
  facet normal -0.299161 -0.822143 -0.484338
    outer loop
      vertex 3.10648 12.5186 4.45359
      vertex 3.42053 13.2809 2.96564
      vertex 3.71751 13.11 3.0723
    endloop
  endfacet
  facet normal -0.298984 -0.822209 -0.484335
    outer loop
      vertex 3.42053 13.2809 2.96564
      vertex 3.10648 12.5186 4.45359
      vertex 3.10648 13.4957 2.79486
    endloop
  endfacet
  facet normal -0.636956 -0.66421 -0.391294
    outer loop
      vertex 5.60992 12.0063 3.12428
      vertex 5.65276 11.6567 3.64798
      vertex 5.60992 11.6544 3.72162
    endloop
  endfacet
  facet normal -0.63669 -0.664385 -0.391432
    outer loop
      vertex 5.65276 11.6567 3.64798
      vertex 5.60992 12.0063 3.12428
      vertex 5.79214 11.6643 3.40837
    endloop
  endfacet
  facet normal -0.636936 -0.664301 -0.391173
    outer loop
      vertex 5.60992 12.0063 3.12428
      vertex 5.92688 11.6437 3.22396
      vertex 5.79214 11.6643 3.40837
    endloop
  endfacet
  facet normal -0.636765 -0.664251 -0.391538
    outer loop
      vertex 5.84855 11.8162 3.0587
      vertex 5.92688 11.6437 3.22396
      vertex 5.60992 12.0063 3.12428
    endloop
  endfacet
  facet normal -0.576364 -0.686468 -0.443357
    outer loop
      vertex 5.92688 11.6437 3.22396
      vertex 5.84855 11.8162 3.0587
      vertex 5.92708 11.6437 3.2237
    endloop
  endfacet
  facet normal -0.6371 -0.664167 -0.391135
    outer loop
      vertex 5.92708 11.6437 3.2237
      vertex 5.84855 11.8162 3.0587
      vertex 5.92708 11.7616 3.0235
    endloop
  endfacet
  facet normal -0.218249 -0.840375 -0.496121
    outer loop
      vertex 1.75 16.2519 -1.24395
      vertex 1.81109 16.4179 -1.55201
      vertex 1.75836 16.2597 -1.26084
    endloop
  endfacet
  facet normal -0.213039 -0.841852 -0.495884
    outer loop
      vertex 1.75 17.6828 -3.67316
      vertex 1.81109 16.4179 -1.55201
      vertex 1.75 16.2519 -1.24395
    endloop
  endfacet
  facet normal -0.2119 -0.843989 -0.492729
    outer loop
      vertex 2.44898 17.6588 -3.93265
      vertex 1.75 17.6828 -3.67316
      vertex 1.7706 17.6883 -3.69144
    endloop
  endfacet
  facet normal -0.213017 -0.8417 -0.49615
    outer loop
      vertex 2.44898 17.6588 -3.93265
      vertex 1.7706 17.6883 -3.69144
      vertex 1.9025 17.7109 -3.78641
    endloop
  endfacet
  facet normal -0.213 -0.841858 -0.495889
    outer loop
      vertex 1.75 17.6828 -3.67316
      vertex 2.44898 17.6588 -3.93265
      vertex 1.81109 16.4179 -1.55201
    endloop
  endfacet
  facet normal -0.212972 -0.84184 -0.495931
    outer loop
      vertex 2.17648 17.7578 -3.98368
      vertex 2.44898 17.6588 -3.93265
      vertex 1.9025 17.7109 -3.78641
    endloop
  endfacet
  facet normal -0.212903 -0.841747 -0.496119
    outer loop
      vertex 2.24289 17.7635 -4.02185
      vertex 2.44898 17.6588 -3.93265
      vertex 2.17648 17.7578 -3.98368
    endloop
  endfacet
  facet normal -0.213045 -0.841841 -0.495899
    outer loop
      vertex 2.44898 17.6588 -3.93265
      vertex 2.24289 17.7635 -4.02185
      vertex 2.44898 17.7798 -4.13806
    endloop
  endfacet
  facet normal -0.212982 -0.841863 -0.495889
    outer loop
      vertex 2.44898 13.998 2.28216
      vertex 2.16296 13.0681 3.98368
      vertex 1.76073 13.342 3.69144
    endloop
  endfacet
  facet normal -0.212752 -0.84196 -0.495822
    outer loop
      vertex 2.44898 13.998 2.28216
      vertex 1.76073 13.342 3.69144
      vertex 1.75 13.3504 3.68178
    endloop
  endfacet
  facet normal -0.212912 -0.841881 -0.495887
    outer loop
      vertex 2.16296 13.0681 3.98368
      vertex 2.44898 13.998 2.28216
      vertex 2.44898 12.8985 4.14881
    endloop
  endfacet
  facet normal -0.213056 -0.84183 -0.495913
    outer loop
      vertex 1.75 13.3504 3.68178
      vertex 2.24266 14.1765 2.06779
      vertex 2.44898 13.998 2.28216
    endloop
  endfacet
  facet normal -0.212873 -0.84189 -0.495889
    outer loop
      vertex 1.75 13.3504 3.68178
      vertex 1.9564 14.4886 1.66081
      vertex 2.24266 14.1765 2.06779
    endloop
  endfacet
  facet normal -0.213107 -0.841835 -0.495882
    outer loop
      vertex 1.9564 14.4886 1.66081
      vertex 1.75 13.3504 3.68178
      vertex 1.75 14.7864 1.24395
    endloop
  endfacet
  facet normal -0.40667 0.787164 0.463672
    outer loop
      vertex 4.37728 11.7814 -3.22856
      vertex 4.27742 12.6083 -4.71995
      vertex 4.27742 11.7184 -3.20919
    endloop
  endfacet
  facet normal -0.407329 0.786912 0.463521
    outer loop
      vertex 4.5014 12.738 -4.74349
      vertex 4.37728 11.7814 -3.22856
      vertex 4.78194 12 -3.24407
    endloop
  endfacet
  facet normal -0.407294 0.786929 0.463523
    outer loop
      vertex 4.5014 12.738 -4.74349
      vertex 4.78194 12 -3.24407
      vertex 4.78194 12.8832 -4.74349
    endloop
  endfacet
  facet normal -0.407014 0.78702 0.463615
    outer loop
      vertex 4.37728 11.7814 -3.22856
      vertex 4.5014 12.738 -4.74349
      vertex 4.27742 12.6083 -4.71995
    endloop
  endfacet
  facet normal -0.106892 0.856732 0.504564
    outer loop
      vertex 0.249191 7.82559 1.49819
      vertex 0.0584803 8.24652 0.743063
      vertex 0.161852 7.973 1.22939
    endloop
  endfacet
  facet normal -0.107263 0.856655 0.504615
    outer loop
      vertex 0.249191 7.82559 1.49819
      vertex 0.00650883 8.53128 0.248595
      vertex 0.0584803 8.24652 0.743063
    endloop
  endfacet
  facet normal -0.107256 0.856657 0.504614
    outer loop
      vertex 0.249191 7.82559 1.49819
      vertex 0.00650883 8.82415 -0.248595
      vertex 0.00650883 8.53128 0.248595
    endloop
  endfacet
  facet normal -0.107231 0.856661 0.504613
    outer loop
      vertex 0.249191 7.82559 1.49819
      vertex 0.0584803 9.12192 -0.743063
      vertex 0.00650883 8.82415 -0.248595
    endloop
  endfacet
  facet normal -0.107242 0.856659 0.504613
    outer loop
      vertex 0.249191 9.5906 -1.49819
      vertex 0.0584803 9.12192 -0.743063
      vertex 0.249191 7.82559 1.49819
    endloop
  endfacet
  facet normal -0.10726 0.856659 0.504609
    outer loop
      vertex 0.0584803 9.12192 -0.743063
      vertex 0.249191 9.5906 -1.49819
      vertex 0.161852 9.42133 -1.22939
    endloop
  endfacet
  facet normal -0.47304 -0.759166 -0.447103
    outer loop
      vertex 4.78194 11.6219 4.74349
      vertex 5.078 11.5505 4.55149
      vertex 4.97982 11.4986 4.74349
    endloop
  endfacet
  facet normal -0.472997 -0.75925 -0.447005
    outer loop
      vertex 4.78194 11.6219 4.74349
      vertex 5.22724 11.5897 4.32699
      vertex 5.078 11.5505 4.55149
    endloop
  endfacet
  facet normal -0.473107 -0.759105 -0.447134
    outer loop
      vertex 4.78194 12.5051 3.24407
      vertex 5.22724 11.5897 4.32699
      vertex 4.78194 11.6219 4.74349
    endloop
  endfacet
  facet normal -0.472675 -0.759215 -0.447405
    outer loop
      vertex 5.22724 11.5897 4.32699
      vertex 4.78194 12.5051 3.24407
      vertex 4.87448 12.4454 3.24761
    endloop
  endfacet
  facet normal -0.473155 -0.759074 -0.447136
    outer loop
      vertex 5.22724 11.5897 4.32699
      vertex 4.87448 12.4454 3.24761
      vertex 5.22724 12.2495 3.20689
    endloop
  endfacet
  facet normal -0.349655 -0.807254 -0.475482
    outer loop
      vertex 4.05847 12.9066 3.16673
      vertex 4.00694 12.0308 4.69152
      vertex 3.71751 12.1924 4.63
    endloop
  endfacet
  facet normal -0.35347 -0.805954 -0.474865
    outer loop
      vertex 4.00694 12.0308 4.69152
      vertex 4.05847 12.9066 3.16673
      vertex 4.01693 12.0258 4.69257
    endloop
  endfacet
  facet normal -0.349765 -0.807205 -0.475484
    outer loop
      vertex 3.71751 12.1924 4.63
      vertex 3.88881 12.9995 3.13382
      vertex 4.05847 12.9066 3.16673
    endloop
  endfacet
  facet normal -0.349907 -0.807151 -0.475471
    outer loop
      vertex 3.88881 12.9995 3.13382
      vertex 3.71751 12.1924 4.63
      vertex 3.71751 13.11 3.0723
    endloop
  endfacet
  facet normal -0.108268 -0.856667 -0.504381
    outer loop
      vertex 0.0584803 15.3832 0.743063
      vertex 0.249191 14.9145 1.49819
      vertex 0.161852 15.0838 1.22939
    endloop
  endfacet
  facet normal -0.108234 -0.856666 -0.504389
    outer loop
      vertex 0.00650883 15.6809 0.248595
      vertex 0.249191 14.9145 1.49819
      vertex 0.0584803 15.3832 0.743063
    endloop
  endfacet
  facet normal -0.106784 -0.856678 -0.504678
    outer loop
      vertex 0.00650883 15.9738 -0.248595
      vertex 0.249191 14.9145 1.49819
      vertex 0.00650883 15.6809 0.248595
    endloop
  endfacet
  facet normal -0.106913 -0.856674 -0.504658
    outer loop
      vertex 0.0584803 16.2586 -0.743063
      vertex 0.249191 14.9145 1.49819
      vertex 0.00650883 15.9738 -0.248595
    endloop
  endfacet
  facet normal -0.106865 -0.856753 -0.504534
    outer loop
      vertex 0.249191 16.6795 -1.49819
      vertex 0.0584803 16.2586 -0.743063
      vertex 0.161852 16.5321 -1.22939
    endloop
  endfacet
  facet normal -0.10737 -0.856649 -0.504604
    outer loop
      vertex 0.0584803 16.2586 -0.743063
      vertex 0.249191 16.6795 -1.49819
      vertex 0.249191 14.9145 1.49819
    endloop
  endfacet
  facet normal -0.549214 0.720053 0.424132
    outer loop
      vertex 5.60992 13.4419 -4.72539
      vertex 5.36877 12.3539 -3.19055
      vertex 5.60992 12.4988 -3.12428
    endloop
  endfacet
  facet normal -0.549118 0.720098 0.424179
    outer loop
      vertex 5.60992 13.4419 -4.72539
      vertex 5.22724 12.2556 -3.20689
      vertex 5.36877 12.3539 -3.19055
    endloop
  endfacet
  facet normal -0.548598 0.719125 0.426496
    outer loop
      vertex 5.22724 13.1607 -4.74349
      vertex 5.60992 13.4419 -4.72539
      vertex 5.59965 13.4448 -4.74349
    endloop
  endfacet
  facet normal -0.549182 0.720071 0.424142
    outer loop
      vertex 5.60992 13.4419 -4.72539
      vertex 5.22724 13.1607 -4.74349
      vertex 5.22724 12.2556 -3.20689
    endloop
  endfacet
  facet normal -0.735351 0.583917 0.343949
    outer loop
      vertex 5.92708 12.7435 -3.0235
      vertex 5.97112 13.4191 -4.0763
      vertex 5.92708 13.4217 -4.17487
    endloop
  endfacet
  facet normal -0.735301 0.583961 0.343979
    outer loop
      vertex 5.97112 13.4191 -4.0763
      vertex 5.92708 12.7435 -3.0235
      vertex 6.1763 12.9915 -2.91178
    endloop
  endfacet
  facet normal -0.735299 0.583963 0.34398
    outer loop
      vertex 6.1763 12.9915 -2.91178
      vertex 6.11618 13.4433 -3.8073
      vertex 5.97112 13.4191 -4.0763
    endloop
  endfacet
  facet normal -0.735163 0.5841 0.34404
    outer loop
      vertex 6.11618 13.4433 -3.8073
      vertex 6.1763 12.9915 -2.91178
      vertex 6.1763 13.4533 -3.69581
    endloop
  endfacet
  facet normal -0.549362 -0.719961 -0.424096
    outer loop
      vertex 5.22724 12.2495 3.20689
      vertex 5.23993 11.5932 4.30461
      vertex 5.22724 11.5897 4.32699
    endloop
  endfacet
  facet normal -0.549209 -0.720047 -0.424149
    outer loop
      vertex 5.23993 11.5932 4.30461
      vertex 5.22724 12.2495 3.20689
      vertex 5.42848 11.6452 3.97219
    endloop
  endfacet
  facet normal -0.549228 -0.720039 -0.424138
    outer loop
      vertex 5.22724 12.2495 3.20689
      vertex 5.60992 11.6544 3.72162
      vertex 5.42848 11.6452 3.97219
    endloop
  endfacet
  facet normal -0.549103 -0.720063 -0.424259
    outer loop
      vertex 5.36877 12.1512 3.19055
      vertex 5.60992 11.6544 3.72162
      vertex 5.22724 12.2495 3.20689
    endloop
  endfacet
  facet normal -0.549211 -0.720028 -0.424177
    outer loop
      vertex 5.60992 11.6544 3.72162
      vertex 5.36877 12.1512 3.19055
      vertex 5.60992 12.0063 3.12428
    endloop
  endfacet
  facet normal -0.349768 -0.807207 -0.475478
    outer loop
      vertex 4.01693 12.0258 4.69257
      vertex 4.27742 12.7867 3.20919
      vertex 4.27742 11.8968 4.71995
    endloop
  endfacet
  facet normal -0.349819 -0.807186 -0.475476
    outer loop
      vertex 4.27742 12.7867 3.20919
      vertex 4.01693 12.0258 4.69257
      vertex 4.05847 12.9066 3.16673
    endloop
  endfacet
  facet normal -0.407123 -0.786995 -0.463562
    outer loop
      vertex 4.51595 11.7595 4.74349
      vertex 4.78194 12.5051 3.24407
      vertex 4.78194 11.6219 4.74349
    endloop
  endfacet
  facet normal -0.407259 -0.78693 -0.463554
    outer loop
      vertex 4.78194 12.5051 3.24407
      vertex 4.51595 11.7595 4.74349
      vertex 4.47848 12.669 3.23244
    endloop
  endfacet
  facet normal -0.299016 0.822223 0.484293
    outer loop
      vertex 3.42053 11.2242 -2.96564
      vertex 3.10648 11.9864 -4.45359
      vertex 3.10648 11.0094 -2.79486
    endloop
  endfacet
  facet normal -0.299185 0.822159 0.484296
    outer loop
      vertex 3.71751 11.3951 -3.0723
      vertex 3.10648 11.9864 -4.45359
      vertex 3.42053 11.2242 -2.96564
    endloop
  endfacet
  facet normal -0.299235 0.822134 0.484308
    outer loop
      vertex 3.71751 11.3951 -3.0723
      vertex 3.52061 12.2164 -4.58815
      vertex 3.10648 11.9864 -4.45359
    endloop
  endfacet
  facet normal -0.299164 0.822158 0.484311
    outer loop
      vertex 3.52061 12.2164 -4.58815
      vertex 3.71751 11.3951 -3.0723
      vertex 3.71751 12.3127 -4.63
    endloop
  endfacet
  facet normal -0.839242 0.468547 0.275927
    outer loop
      vertex 6.1763 12.9915 -2.91178
      vertex 6.35567 13.5023 -3.2336
      vertex 6.29476 13.4761 -3.37437
    endloop
  endfacet
  facet normal -0.839172 0.468618 0.27602
    outer loop
      vertex 6.1763 12.9915 -2.91178
      vertex 6.29476 13.4761 -3.37437
      vertex 6.1763 13.4533 -3.69581
    endloop
  endfacet
  facet normal -0.839149 0.468624 0.276082
    outer loop
      vertex 6.35567 13.5023 -3.2336
      vertex 6.30259 13.1843 -2.85516
      vertex 6.35567 13.2591 -2.82079
    endloop
  endfacet
  facet normal -0.839164 0.468606 0.276065
    outer loop
      vertex 6.35567 13.5023 -3.2336
      vertex 6.1763 12.9915 -2.91178
      vertex 6.30259 13.1843 -2.85516
    endloop
  endfacet
  facet normal -0.407025 -0.787033 -0.463583
    outer loop
      vertex 4.47848 12.669 3.23244
      vertex 4.5014 11.7671 4.74349
      vertex 4.27742 11.8968 4.71995
    endloop
  endfacet
  facet normal -0.410425 -0.785748 -0.462764
    outer loop
      vertex 4.5014 11.7671 4.74349
      vertex 4.47848 12.669 3.23244
      vertex 4.51595 11.7595 4.74349
    endloop
  endfacet
  facet normal -0.407511 -0.786811 -0.463533
    outer loop
      vertex 4.27742 11.8968 4.71995
      vertex 4.37728 12.7237 3.22856
      vertex 4.47848 12.669 3.23244
    endloop
  endfacet
  facet normal -0.40667 -0.787164 -0.463672
    outer loop
      vertex 4.37728 12.7237 3.22856
      vertex 4.27742 11.8968 4.71995
      vertex 4.27742 12.7867 3.20919
    endloop
  endfacet
  facet normal -0.473061 0.759114 0.447167
    outer loop
      vertex 4.78194 12.8832 -4.74349
      vertex 4.87448 12.0597 -3.24761
      vertex 5.22724 13.1607 -4.74349
    endloop
  endfacet
  facet normal -0.472724 0.759282 0.447238
    outer loop
      vertex 4.87448 12.0597 -3.24761
      vertex 4.78194 12.8832 -4.74349
      vertex 4.78194 12 -3.24407
    endloop
  endfacet
  facet normal -0.473157 0.759082 0.44712
    outer loop
      vertex 5.22724 12.2556 -3.20689
      vertex 5.22724 13.1607 -4.74349
      vertex 4.87448 12.0597 -3.24761
    endloop
  endfacet
  facet normal -0.213075 0.841843 0.495883
    outer loop
      vertex 1.9564 10.0165 -1.66081
      vertex 1.75 11.1547 -3.68178
      vertex 1.75 9.71871 -1.24395
    endloop
  endfacet
  facet normal -0.212873 0.84189 0.495889
    outer loop
      vertex 2.24266 10.3286 -2.06779
      vertex 1.75 11.1547 -3.68178
      vertex 1.9564 10.0165 -1.66081
    endloop
  endfacet
  facet normal -0.213056 0.84183 0.495913
    outer loop
      vertex 2.44898 10.5071 -2.28216
      vertex 1.75 11.1547 -3.68178
      vertex 2.24266 10.3286 -2.06779
    endloop
  endfacet
  facet normal -0.212752 0.84196 0.495822
    outer loop
      vertex 2.44898 10.5071 -2.28216
      vertex 1.76073 11.1631 -3.69144
      vertex 1.75 11.1547 -3.68178
    endloop
  endfacet
  facet normal -0.212982 0.841863 0.495889
    outer loop
      vertex 2.44898 10.5071 -2.28216
      vertex 2.16296 11.437 -3.98368
      vertex 1.76073 11.1631 -3.69144
    endloop
  endfacet
  facet normal -0.212912 0.841881 0.495887
    outer loop
      vertex 2.16296 11.437 -3.98368
      vertex 2.44898 10.5071 -2.28216
      vertex 2.44898 11.6066 -4.14881
    endloop
  endfacet
  facet normal -0.212954 0.841862 0.495902
    outer loop
      vertex 2.44898 6.84626 3.93265
      vertex 2.16296 6.74385 3.98368
      vertex 2.44898 6.71893 4.14881
    endloop
  endfacet
  facet normal -0.212953 0.841861 0.495905
    outer loop
      vertex 2.44898 6.84626 3.93265
      vertex 1.76073 6.81425 3.69144
      vertex 2.16296 6.74385 3.98368
    endloop
  endfacet
  facet normal -0.213081 0.841592 0.496305
    outer loop
      vertex 2.44898 6.84626 3.93265
      vertex 1.75 6.81723 3.68178
      vertex 1.76073 6.81425 3.69144
    endloop
  endfacet
  facet normal -0.212947 0.841866 0.495899
    outer loop
      vertex 1.75 6.81723 3.68178
      vertex 2.44898 6.84626 3.93265
      vertex 1.75 8.20605 1.32404
    endloop
  endfacet
  facet normal -0.25356 0.833479 0.490938
    outer loop
      vertex 2.58769 10.6342 -2.4263
      vertex 2.44898 11.6066 -4.14881
      vertex 2.44898 10.5071 -2.28216
    endloop
  endfacet
  facet normal -0.254004 0.833362 0.490908
    outer loop
      vertex 2.98341 10.9325 -2.72794
      vertex 2.44898 11.6066 -4.14881
      vertex 2.58769 10.6342 -2.4263
    endloop
  endfacet
  facet normal -0.253846 0.833426 0.490879
    outer loop
      vertex 3.10648 11.0094 -2.79486
      vertex 2.44898 11.6066 -4.14881
      vertex 2.98341 10.9325 -2.72794
    endloop
  endfacet
  facet normal -0.253873 0.833414 0.490887
    outer loop
      vertex 3.10648 11.0094 -2.79486
      vertex 2.59354 11.6998 -4.23228
      vertex 2.44898 11.6066 -4.14881
    endloop
  endfacet
  facet normal -0.253907 0.8334 0.490892
    outer loop
      vertex 3.10648 11.0094 -2.79486
      vertex 3.04775 11.9573 -4.43451
      vertex 2.59354 11.6998 -4.23228
    endloop
  endfacet
  facet normal -0.253496 0.8335 0.490936
    outer loop
      vertex 3.04775 11.9573 -4.43451
      vertex 3.10648 11.0094 -2.79486
      vertex 3.10648 11.9864 -4.45359
    endloop
  endfacet
  facet normal -0.253874 0.833396 0.490916
    outer loop
      vertex 2.5175 6.7165 4.18837
      vertex 2.44898 6.84626 3.93265
      vertex 2.44898 6.71893 4.14881
    endloop
  endfacet
  facet normal -0.175336 0.848281 0.499677
    outer loop
      vertex 1.75 8.20605 1.32404
      vertex 1.39124 6.93335 3.35876
      vertex 1.75 6.81723 3.68178
    endloop
  endfacet
  facet normal -0.175343 0.84828 0.499676
    outer loop
      vertex 1.39124 6.93335 3.35876
      vertex 1.75 8.20605 1.32404
      vertex 1.05856 7.08223 2.98927
    endloop
  endfacet
  facet normal -0.17525 0.848278 0.499713
    outer loop
      vertex 1.05856 7.08223 2.98927
      vertex 1.75 8.20605 1.32404
      vertex 1.01487 7.10862 2.92915
    endloop
  endfacet
  facet normal -0.175356 0.848282 0.499667
    outer loop
      vertex 1.6387 8.42771 0.908669
      vertex 1.01487 7.10862 2.92915
      vertex 1.75 8.20605 1.32404
    endloop
  endfacet
  facet normal -0.17531 0.848283 0.499682
    outer loop
      vertex 1.58549 8.51576 0.740523
      vertex 1.01487 7.10862 2.92915
      vertex 1.6387 8.42771 0.908669
    endloop
  endfacet
  facet normal -0.175321 0.848283 0.499679
    outer loop
      vertex 1.50954 8.78972 0.248785
      vertex 1.01487 7.10862 2.92915
      vertex 1.58549 8.51576 0.740523
    endloop
  endfacet
  facet normal -0.175343 0.848281 0.499674
    outer loop
      vertex 1.50954 9.08281 -0.248785
      vertex 1.01487 7.10862 2.92915
      vertex 1.50954 8.78972 0.248785
    endloop
  endfacet
  facet normal -0.175333 0.848285 0.499671
    outer loop
      vertex 1.01487 10.5594 -2.92915
      vertex 1.50954 9.08281 -0.248785
      vertex 1.58549 9.38816 -0.740523
    endloop
  endfacet
  facet normal -0.175352 0.84828 0.499672
    outer loop
      vertex 1.50954 9.08281 -0.248785
      vertex 1.01487 10.5594 -2.92915
      vertex 1.01487 7.10862 2.92915
    endloop
  endfacet
  facet normal -0.175344 0.848282 0.499672
    outer loop
      vertex 1.73562 9.69862 -1.2149
      vertex 1.01487 10.5594 -2.92915
      vertex 1.58549 9.38816 -0.740523
    endloop
  endfacet
  facet normal -0.175521 0.84822 0.499716
    outer loop
      vertex 1.75 9.71871 -1.24395
      vertex 1.01487 10.5594 -2.92915
      vertex 1.73562 9.69862 -1.2149
    endloop
  endfacet
  facet normal -0.175979 0.848056 0.499833
    outer loop
      vertex 1.75 9.71871 -1.24395
      vertex 1.05856 10.6039 -2.98927
      vertex 1.01487 10.5594 -2.92915
    endloop
  endfacet
  facet normal -0.175306 0.848284 0.499682
    outer loop
      vertex 1.75 9.71871 -1.24395
      vertex 1.39124 10.8903 -3.35876
      vertex 1.05856 10.6039 -2.98927
    endloop
  endfacet
  facet normal -0.175274 0.848291 0.499681
    outer loop
      vertex 1.39124 10.8903 -3.35876
      vertex 1.75 9.71871 -1.24395
      vertex 1.75 11.1547 -3.68178
    endloop
  endfacet
  facet normal -0.140289 0.853113 0.50251
    outer loop
      vertex 1.01487 7.10862 2.92915
      vertex 0.61538 7.39843 2.32561
      vertex 0.766315 7.26926 2.58704
    endloop
  endfacet
  facet normal -0.140304 0.853107 0.502517
    outer loop
      vertex 1.01487 7.10862 2.92915
      vertex 0.453508 9.92699 -2.01224
      vertex 0.61538 7.39843 2.32561
    endloop
  endfacet
  facet normal -0.140288 0.85311 0.502517
    outer loop
      vertex 1.01487 10.5594 -2.92915
      vertex 0.453508 9.92699 -2.01224
      vertex 1.01487 7.10862 2.92915
    endloop
  endfacet
  facet normal -0.139805 0.853062 0.502732
    outer loop
      vertex 0.453508 9.92699 -2.01224
      vertex 0.766315 10.317 -2.58704
      vertex 0.517718 10.0225 -2.15645
    endloop
  endfacet
  facet normal -0.140509 0.853141 0.502403
    outer loop
      vertex 0.453508 9.92699 -2.01224
      vertex 1.01487 10.5594 -2.92915
      vertex 0.766315 10.317 -2.58704
    endloop
  endfacet
  facet normal -0.1404 0.853071 0.502551
    outer loop
      vertex 0.61538 7.39843 2.32561
      vertex 0.315493 7.7163 1.70225
      vertex 0.517718 7.48201 2.15645
    endloop
  endfacet
  facet normal -0.140118 0.853169 0.502464
    outer loop
      vertex 0.61538 7.39843 2.32561
      vertex 0.249191 7.82559 1.49819
      vertex 0.315493 7.7163 1.70225
    endloop
  endfacet
  facet normal -0.140316 0.853104 0.502519
    outer loop
      vertex 0.61538 7.39843 2.32561
      vertex 0.249191 9.5906 -1.49819
      vertex 0.249191 7.82559 1.49819
    endloop
  endfacet
  facet normal -0.140266 0.853112 0.502519
    outer loop
      vertex 0.453508 9.92699 -2.01224
      vertex 0.249191 9.5906 -1.49819
      vertex 0.61538 7.39843 2.32561
    endloop
  endfacet
  facet normal -0.140324 0.853115 0.502497
    outer loop
      vertex 0.249191 9.5906 -1.49819
      vertex 0.453508 9.92699 -2.01224
      vertex 0.315493 9.7217 -1.70225
    endloop
  endfacet
endsolid OpenSCAD_Model
