solid OpenSCAD_Model
  facet normal 0 -0 -1
    outer loop
      vertex 12.8516 1.12207 -0.25
      vertex 12.875 1.06348 -0.25
      vertex 12.4805 0.723633 -0.25
    endloop
  endfacet
  facet normal 0 0 -1
    outer loop
      vertex 56.3232 38.252 -0.25
      vertex 56.0459 38.3164 -0.25
      vertex 56.2891 38.2871 -0.25
    endloop
  endfacet
  facet normal 0 -0 -1
    outer loop
      vertex 11.8125 1.80762 -0.25
      vertex 12.5664 1.30957 -0.25
      vertex 11.5977 0.602539 -0.25
    endloop
  endfacet
  facet normal 0 -0 -1
    outer loop
      vertex 12.5664 1.30957 -0.25
      vertex 12.8516 1.12207 -0.25
      vertex 12.4805 0.723633 -0.25
    endloop
  endfacet
  facet normal 0 0 -1
    outer loop
      vertex 12.8516 0.828125 -0.25
      vertex 12.875 1.06348 -0.25
      vertex 12.8809 1.04688 -0.25
    endloop
  endfacet
  facet normal 0 0 -1
    outer loop
      vertex 12.8516 0.828125 -0.25
      vertex 12.8408 0.810547 -0.25
      vertex 12.4805 0.723633 -0.25
    endloop
  endfacet
  facet normal -0 0 -1
    outer loop
      vertex 12.8516 0.828125 -0.25
      vertex 12.4805 0.723633 -0.25
      vertex 12.875 1.06348 -0.25
    endloop
  endfacet
  facet normal -0 0 -1
    outer loop
      vertex 12.8145 0.767578 -0.25
      vertex 12.4805 0.723633 -0.25
      vertex 12.8408 0.810547 -0.25
    endloop
  endfacet
  facet normal 0 0 -1
    outer loop
      vertex 11.5977 0.602539 -0.25
      vertex 12.5664 1.30957 -0.25
      vertex 12.4805 0.723633 -0.25
    endloop
  endfacet
  facet normal 0 0 -1
    outer loop
      vertex 10.3652 0.464844 -0.25
      vertex 11.8125 1.80762 -0.25
      vertex 11.5977 0.602539 -0.25
    endloop
  endfacet
  facet normal 0 0 -1
    outer loop
      vertex 10.3652 0.464844 -0.25
      vertex 10.7598 2.47363 -0.25
      vertex 11.8125 1.80762 -0.25
    endloop
  endfacet
  facet normal 0 0 -1
    outer loop
      vertex 14.4863 5.00391 -0.25
      vertex 15.2812 3.82031 -0.25
      vertex 14.6338 4.34863 -0.25
    endloop
  endfacet
  facet normal -0 0 -1
    outer loop
      vertex 10.3652 0.464844 -0.25
      vertex 8.95605 0.324219 -0.25
      vertex 10.7598 2.47363 -0.25
    endloop
  endfacet
  facet normal -0 0 -1
    outer loop
      vertex 10.7598 2.47363 -0.25
      vertex 8.95605 0.324219 -0.25
      vertex 9.55371 3.21484 -0.25
    endloop
  endfacet
  facet normal 0 -0 -1
    outer loop
      vertex 8.3457 3.94141 -0.25
      vertex 9.55371 3.21484 -0.25
      vertex 7.5459 0.200195 -0.25
    endloop
  endfacet
  facet normal 0 0 -1
    outer loop
      vertex 9.55371 3.21484 -0.25
      vertex 8.95605 0.324219 -0.25
      vertex 7.5459 0.200195 -0.25
    endloop
  endfacet
  facet normal 0 0 -1
    outer loop
      vertex 7.28027 4.56445 -0.25
      vertex 5.8418 3.73145 -0.25
      vertex 5.98633 4.00977 -0.25
    endloop
  endfacet
  facet normal 0 -0 -1
    outer loop
      vertex 6.50684 4.99414 -0.25
      vertex 7.28027 4.56445 -0.25
      vertex 6.01562 4.36328 -0.25
    endloop
  endfacet
  facet normal 0 0 -1
    outer loop
      vertex 6.00781 4.58887 -0.25
      vertex 6.50684 4.99414 -0.25
      vertex 6.01074 4.47852 -0.25
    endloop
  endfacet
  facet normal 0 0 -1
    outer loop
      vertex 6.00781 4.58887 -0.25
      vertex 6.04004 4.95703 -0.25
      vertex 6.50684 4.99414 -0.25
    endloop
  endfacet
  facet normal 0 0 -1
    outer loop
      vertex 6.04004 4.95703 -0.25
      vertex 6.14062 5.12793 -0.25
      vertex 6.17383 5.13867 -0.25
    endloop
  endfacet
  facet normal 0 -0 -1
    outer loop
      vertex 6.2168 5.15625 -0.25
      vertex 6.50684 4.99414 -0.25
      vertex 6.17383 5.13867 -0.25
    endloop
  endfacet
  facet normal -0 0 -1
    outer loop
      vertex 6.50684 4.99414 -0.25
      vertex 6.04004 4.95703 -0.25
      vertex 6.17383 5.13867 -0.25
    endloop
  endfacet
  facet normal 0 -0 -1
    outer loop
      vertex 5.54688 3.61426 -0.25
      vertex 5.8418 3.73145 -0.25
      vertex 5.27051 1.44824 -0.25
    endloop
  endfacet
  facet normal 0 0 -1
    outer loop
      vertex 4.88672 1.6123 -0.25
      vertex 5.54688 3.61426 -0.25
      vertex 5.27051 1.44824 -0.25
    endloop
  endfacet
  facet normal 0 0 -1
    outer loop
      vertex 6.01074 4.47852 -0.25
      vertex 6.50684 4.99414 -0.25
      vertex 6.01562 4.36328 -0.25
    endloop
  endfacet
  facet normal 0 -0 -1
    outer loop
      vertex 6.01562 4.36328 -0.25
      vertex 7.28027 4.56445 -0.25
      vertex 5.98633 4.00977 -0.25
    endloop
  endfacet
  facet normal -0 0 -1
    outer loop
      vertex 5.18945 3.61914 -0.25
      vertex 4.88672 1.6123 -0.25
      vertex 5.07422 3.63379 -0.25
    endloop
  endfacet
  facet normal 0 -0 -1
    outer loop
      vertex 7.28027 4.56445 -0.25
      vertex 8.3457 3.94141 -0.25
      vertex 5.8418 3.73145 -0.25
    endloop
  endfacet
  facet normal 0 0 -1
    outer loop
      vertex 5.8418 3.73145 -0.25
      vertex 8.3457 3.94141 -0.25
      vertex 7.5459 0.200195 -0.25
    endloop
  endfacet
  facet normal 0 0 -1
    outer loop
      vertex 6.30566 0.107422 -0.25
      vertex 5.23926 0.834961 -0.25
      vertex 5.34961 1.17285 -0.25
    endloop
  endfacet
  facet normal 0 0 -1
    outer loop
      vertex 4.89062 3.65723 -0.25
      vertex 4.88672 1.6123 -0.25
      vertex 4.32422 1.70508 -0.25
    endloop
  endfacet
  facet normal 0 0 -1
    outer loop
      vertex 4.32422 1.70508 -0.25
      vertex 4.13672 1.72363 -0.25
      vertex 4.89062 3.65723 -0.25
    endloop
  endfacet
  facet normal -0 0 -1
    outer loop
      vertex 4.89062 3.65723 -0.25
      vertex 4.13672 1.72363 -0.25
      vertex 4.05371 3.82812 -0.25
    endloop
  endfacet
  facet normal 0 0 -1
    outer loop
      vertex 4.05371 3.82812 -0.25
      vertex 3.74023 1.76953 -0.25
      vertex 2.56738 2.02539 -0.25
    endloop
  endfacet
  facet normal -0 0 -1
    outer loop
      vertex 3.35645 4.05664 -0.25
      vertex 2.56738 2.02539 -0.25
      vertex 3.24512 4.1084 -0.25
    endloop
  endfacet
  facet normal 0 0 -1
    outer loop
      vertex 2.56738 2.02539 -0.25
      vertex 1.36816 2.5332 -0.25
      vertex 3.16699 4.14648 -0.25
    endloop
  endfacet
  facet normal 0 0 -1
    outer loop
      vertex 1.36816 2.5332 -0.25
      vertex 0.540039 3.24707 -0.25
      vertex 2.94531 4.31738 -0.25
    endloop
  endfacet
  facet normal 0 -0 -1
    outer loop
      vertex 0.0996094 5.09082 -0.25
      vertex 0.143555 5.19629 -0.25
      vertex 0.0537109 4.2793 -0.25
    endloop
  endfacet
  facet normal 0 -0 -1
    outer loop
      vertex 0.508789 5.91406 -0.25
      vertex 2.90723 4.68848 -0.25
      vertex 0.335938 5.625 -0.25
    endloop
  endfacet
  facet normal 0 0 -1
    outer loop
      vertex 0.537109 5.94922 -0.25
      vertex 0.676758 6.11816 -0.25
      vertex 2.90723 4.68848 -0.25
    endloop
  endfacet
  facet normal 0 0 -1
    outer loop
      vertex 2.90723 4.68848 -0.25
      vertex 1.20703 6.53223 -0.25
      vertex 3.08105 4.95117 -0.25
    endloop
  endfacet
  facet normal 0 0 -1
    outer loop
      vertex 2.90723 4.68848 -0.25
      vertex 0.676758 6.11816 -0.25
      vertex 1.20703 6.53223 -0.25
    endloop
  endfacet
  facet normal 0 -0 -1
    outer loop
      vertex 25.5596 40.6104 -0.25
      vertex 26.1582 40.2334 -0.25
      vertex 24.1738 38.7568 -0.25
    endloop
  endfacet
  facet normal 0 -0 -1
    outer loop
      vertex 36.9121 26.4932 -0.25
      vertex 37.4326 24.835 -0.25
      vertex 36.7188 24.2422 -0.25
    endloop
  endfacet
  facet normal 0 0 -1
    outer loop
      vertex 26.126 15.4717 -0.25
      vertex 28.4512 14.9307 -0.25
      vertex 26.3359 15.3008 -0.25
    endloop
  endfacet
  facet normal 0 0 -1
    outer loop
      vertex 31.6016 19.9541 -0.25
      vertex 27.1016 20.5098 -0.25
      vertex 30.7568 21.3545 -0.25
    endloop
  endfacet
  facet normal 0 0 -1
    outer loop
      vertex 21.5488 27.041 -0.25
      vertex 15.8682 22.5244 -0.25
      vertex 14.9443 23.3301 -0.25
    endloop
  endfacet
  facet normal 0 0 -1
    outer loop
      vertex 17.2227 21.2119 -0.25
      vertex 24.8418 20.3809 -0.25
      vertex 17.2266 21.1104 -0.25
    endloop
  endfacet
  facet normal 0 0 -1
    outer loop
      vertex 30.7568 21.3545 -0.25
      vertex 27.1016 20.5098 -0.25
      vertex 27.1807 20.7354 -0.25
    endloop
  endfacet
  facet normal 0 -0 -1
    outer loop
      vertex 27.4463 21.4619 -0.25
      vertex 27.4932 21.5156 -0.25
      vertex 27.2656 21.1504 -0.25
    endloop
  endfacet
  facet normal 0 0 -1
    outer loop
      vertex 31.1162 21.6309 -0.25
      vertex 31.1611 21.6699 -0.25
      vertex 31.6016 19.9541 -0.25
    endloop
  endfacet
  facet normal 0 0 -1
    outer loop
      vertex 24.9482 13.9971 -0.25
      vertex 25.0391 15.127 -0.25
      vertex 25.0791 13.918 -0.25
    endloop
  endfacet
  facet normal 0 0 -1
    outer loop
      vertex 26.1309 15.2686 -0.25
      vertex 25.0859 13.9111 -0.25
      vertex 25.7627 15.2207 -0.25
    endloop
  endfacet
  facet normal 0 0 -1
    outer loop
      vertex 17.0312 7.11914 -0.25
      vertex 14.875 6.2959 -0.25
      vertex 15.1484 7.01562 -0.25
    endloop
  endfacet
  facet normal 0 0 -1
    outer loop
      vertex 14.7578 4.11719 -0.25
      vertex 14.7041 4.22363 -0.25
      vertex 15.2812 3.82031 -0.25
    endloop
  endfacet
  facet normal 0 0 -1
    outer loop
      vertex 14.6689 5.79883 -0.25
      vertex 14.7148 5.89844 -0.25
      vertex 15.2812 3.82031 -0.25
    endloop
  endfacet
  facet normal 0 0 -1
    outer loop
      vertex 14.4863 5.00391 -0.25
      vertex 14.6045 5.66895 -0.25
      vertex 15.2812 3.82031 -0.25
    endloop
  endfacet
  facet normal 0 0 -1
    outer loop
      vertex 15.2812 3.82031 -0.25
      vertex 14.7041 4.22363 -0.25
      vertex 14.6338 4.34863 -0.25
    endloop
  endfacet
  facet normal 0 0 -1
    outer loop
      vertex 15.2812 3.82031 -0.25
      vertex 17.2598 6.94434 -0.25
      vertex 16.5127 3.31152 -0.25
    endloop
  endfacet
  facet normal 0 0 -1
    outer loop
      vertex 15.2812 3.82031 -0.25
      vertex 14.6045 5.66895 -0.25
      vertex 14.6689 5.79883 -0.25
    endloop
  endfacet
  facet normal 0 0 -1
    outer loop
      vertex 15.2812 3.82031 -0.25
      vertex 14.7148 5.89844 -0.25
      vertex 17.2598 6.94434 -0.25
    endloop
  endfacet
  facet normal 0 0 -1
    outer loop
      vertex 17.2598 6.94434 -0.25
      vertex 14.7148 5.89844 -0.25
      vertex 14.875 6.2959 -0.25
    endloop
  endfacet
  facet normal 0 -0 -1
    outer loop
      vertex 17.2598 6.94434 -0.25
      vertex 18.1318 2.79297 -0.25
      vertex 16.5127 3.31152 -0.25
    endloop
  endfacet
  facet normal 0 -0 -1
    outer loop
      vertex 17.0312 7.11914 -0.25
      vertex 17.2598 6.94434 -0.25
      vertex 14.875 6.2959 -0.25
    endloop
  endfacet
  facet normal 0 0 -1
    outer loop
      vertex 18.1318 2.79297 -0.25
      vertex 17.458 7.09277 -0.25
      vertex 19.4375 2.45117 -0.25
    endloop
  endfacet
  facet normal 0 0 -1
    outer loop
      vertex 17.458 7.09277 -0.25
      vertex 20.8057 2.16504 -0.25
      vertex 19.877 2.36035 -0.25
    endloop
  endfacet
  facet normal -0 0 -1
    outer loop
      vertex 25.8545 4.69336 -0.25
      vertex 24.9717 1.88281 -0.25
      vertex 25.7803 4.7334 -0.25
    endloop
  endfacet
  facet normal 0 -0 -1
    outer loop
      vertex 28.6992 6.28223 -0.25
      vertex 28.9707 5.8457 -0.25
      vertex 26.3467 5.19629 -0.25
    endloop
  endfacet
  facet normal 0 0 -1
    outer loop
      vertex 27.3916 7.73535 -0.25
      vertex 28.3848 7.61914 -0.25
      vertex 28.6992 6.28223 -0.25
    endloop
  endfacet
  facet normal -0 0 -1
    outer loop
      vertex 31.2598 3.46973 -0.25
      vertex 31.0801 3.43652 -0.25
      vertex 30.4453 5.65723 -0.25
    endloop
  endfacet
  facet normal 0 0 -1
    outer loop
      vertex 29.7393 7.0498 -0.25
      vertex 29.9932 7.47266 -0.25
      vertex 30.1924 6.99219 -0.25
    endloop
  endfacet
  facet normal 0 0 -1
    outer loop
      vertex 30.4453 5.65723 -0.25
      vertex 32.2168 3.69336 -0.25
      vertex 31.2598 3.46973 -0.25
    endloop
  endfacet
  facet normal 0 0 -1
    outer loop
      vertex 32.2168 3.69336 -0.25
      vertex 33.2217 6.31934 -0.25
      vertex 33.0244 3.93848 -0.25
    endloop
  endfacet
  facet normal 0 0 -1
    outer loop
      vertex 30.9619 7.35156 -0.25
      vertex 30.75 6.4248 -0.25
      vertex 30.6104 6.73145 -0.25
    endloop
  endfacet
  facet normal -0 0 -1
    outer loop
      vertex 33.9395 4.64844 -0.25
      vertex 33.54 4.15625 -0.25
      vertex 33.9512 4.70996 -0.25
    endloop
  endfacet
  facet normal 0 0 -1
    outer loop
      vertex 33.54 4.15625 -0.25
      vertex 33.8896 4.46484 -0.25
      vertex 33.7744 4.29785 -0.25
    endloop
  endfacet
  facet normal 0 0 -1
    outer loop
      vertex 33.9746 4.85449 -0.25
      vertex 33.9512 4.70996 -0.25
      vertex 33.54 4.15625 -0.25
    endloop
  endfacet
  facet normal 0 0 -1
    outer loop
      vertex 33.54 4.15625 -0.25
      vertex 33.9395 4.64844 -0.25
      vertex 33.8896 4.46484 -0.25
    endloop
  endfacet
  facet normal -0 0 -1
    outer loop
      vertex 33.9746 4.85449 -0.25
      vertex 33.2324 4.02246 -0.25
      vertex 33.8721 5.47266 -0.25
    endloop
  endfacet
  facet normal -0 0 -1
    outer loop
      vertex 33.54 4.15625 -0.25
      vertex 33.2324 4.02246 -0.25
      vertex 33.9746 4.85449 -0.25
    endloop
  endfacet
  facet normal 0 0 -1
    outer loop
      vertex 33.8721 5.47266 -0.25
      vertex 33.2324 4.02246 -0.25
      vertex 33.1299 3.98145 -0.25
    endloop
  endfacet
  facet normal 0 -0 -1
    outer loop
      vertex 33.3887 6.14648 -0.25
      vertex 33.8721 5.47266 -0.25
      vertex 33.1299 3.98145 -0.25
    endloop
  endfacet
  facet normal 0 0 -1
    outer loop
      vertex 33.0244 3.93848 -0.25
      vertex 33.3887 6.14648 -0.25
      vertex 33.1299 3.98145 -0.25
    endloop
  endfacet
  facet normal 0 0 -1
    outer loop
      vertex 33.0244 3.93848 -0.25
      vertex 33.2217 6.31934 -0.25
      vertex 33.3887 6.14648 -0.25
    endloop
  endfacet
  facet normal 0 0 -1
    outer loop
      vertex 30.71 6.01758 -0.25
      vertex 33.0918 6.45312 -0.25
      vertex 33.2217 6.31934 -0.25
    endloop
  endfacet
  facet normal 0 -0 -1
    outer loop
      vertex 31.9219 7.12695 -0.25
      vertex 32.6426 6.79395 -0.25
      vertex 30.71 6.01758 -0.25
    endloop
  endfacet
  facet normal 0 -0 -1
    outer loop
      vertex 30.9619 7.35156 -0.25
      vertex 31.9219 7.12695 -0.25
      vertex 30.75 6.4248 -0.25
    endloop
  endfacet
  facet normal 0 0 -1
    outer loop
      vertex 30.1924 6.99219 -0.25
      vertex 30.9619 7.35156 -0.25
      vertex 30.4697 6.87207 -0.25
    endloop
  endfacet
  facet normal 0 -0 -1
    outer loop
      vertex 29.4775 7.51465 -0.25
      vertex 29.7393 7.0498 -0.25
      vertex 29.2871 6.98145 -0.25
    endloop
  endfacet
  facet normal 0 0 -1
    outer loop
      vertex 28.3848 7.61914 -0.25
      vertex 29.0146 6.85156 -0.25
      vertex 28.9512 6.7832 -0.25
    endloop
  endfacet
  facet normal -0 0 -1
    outer loop
      vertex 29.9092 3.15039 -0.25
      vertex 29.1016 2.8623 -0.25
      vertex 29.54 5.35547 -0.25
    endloop
  endfacet
  facet normal 0 0 -1
    outer loop
      vertex 29.1016 2.8623 -0.25
      vertex 29.1924 5.62695 -0.25
      vertex 29.54 5.35547 -0.25
    endloop
  endfacet
  facet normal 0 0 -1
    outer loop
      vertex 25.6523 5.47461 -0.25
      vertex 26.3369 7.93457 -0.25
      vertex 25.9814 5.51465 -0.25
    endloop
  endfacet
  facet normal -0 0 -1
    outer loop
      vertex 26.3369 7.93457 -0.25
      vertex 25.6523 5.47461 -0.25
      vertex 26.1426 8.05762 -0.25
    endloop
  endfacet
  facet normal -0 0 -1
    outer loop
      vertex 29.1016 2.8623 -0.25
      vertex 28.9746 2.7998 -0.25
      vertex 29.1924 5.62695 -0.25
    endloop
  endfacet
  facet normal 0 0 -1
    outer loop
      vertex 29.9092 3.15039 -0.25
      vertex 29.54 5.35547 -0.25
      vertex 29.876 5.37402 -0.25
    endloop
  endfacet
  facet normal 0 0 -1
    outer loop
      vertex 26.3467 5.19629 -0.25
      vertex 28.9707 5.8457 -0.25
      vertex 26.3604 5.10449 -0.25
    endloop
  endfacet
  facet normal 0 -0 -1
    outer loop
      vertex 25.999 8.25195 -0.25
      vertex 26.0303 8.20117 -0.25
      vertex 25.6523 5.47461 -0.25
    endloop
  endfacet
  facet normal 0 0 -1
    outer loop
      vertex 25.5996 5.42285 -0.25
      vertex 25.999 8.25195 -0.25
      vertex 25.6523 5.47461 -0.25
    endloop
  endfacet
  facet normal -0 0 -1
    outer loop
      vertex 25.6416 5.46289 -0.25
      vertex 25.5996 5.42285 -0.25
      vertex 25.6523 5.47461 -0.25
    endloop
  endfacet
  facet normal -0 0 -1
    outer loop
      vertex 25.999 8.25195 -0.25
      vertex 25.5996 5.42285 -0.25
      vertex 25.9678 8.30371 -0.25
    endloop
  endfacet
  facet normal 0 0 -1
    outer loop
      vertex 24.9717 1.88281 -0.25
      vertex 25.8545 4.69336 -0.25
      vertex 26.1982 4.76562 -0.25
    endloop
  endfacet
  facet normal -0 0 -1
    outer loop
      vertex 25.5996 5.42285 -0.25
      vertex 20.8057 2.16504 -0.25
      vertex 17.458 7.09277 -0.25
    endloop
  endfacet
  facet normal 0 -0 -1
    outer loop
      vertex 22.4893 12.8682 -0.25
      vertex 25.791 8.96973 -0.25
      vertex 17.458 7.20117 -0.25
    endloop
  endfacet
  facet normal 0 -0 -1
    outer loop
      vertex 17.0186 7.1875 -0.25
      vertex 17.0312 7.11914 -0.25
      vertex 15.1484 7.01562 -0.25
    endloop
  endfacet
  facet normal 0 -0 -1
    outer loop
      vertex 17.0117 7.22266 -0.25
      vertex 17.0186 7.1875 -0.25
      vertex 15.1484 7.01562 -0.25
    endloop
  endfacet
  facet normal 0 0 -1
    outer loop
      vertex 25.665 9.89551 -0.25
      vertex 25.6807 9.87891 -0.25
      vertex 25.7529 9.63379 -0.25
    endloop
  endfacet
  facet normal 0 0 -1
    outer loop
      vertex 25.6387 9.92188 -0.25
      vertex 25.665 9.89551 -0.25
      vertex 25.7529 9.63379 -0.25
    endloop
  endfacet
  facet normal 0 0 -1
    outer loop
      vertex 25.791 9.30176 -0.25
      vertex 25.6387 9.92188 -0.25
      vertex 25.7529 9.63379 -0.25
    endloop
  endfacet
  facet normal -0 -0 -1
    outer loop
      vertex 25.791 9.30176 -0.25
      vertex 25.791 8.96973 -0.25
      vertex 25.6387 9.92188 -0.25
    endloop
  endfacet
  facet normal 0 0 -1
    outer loop
      vertex 25.6387 9.92188 -0.25
      vertex 23.0811 12.8242 -0.25
      vertex 23.4648 12.8242 -0.25
    endloop
  endfacet
  facet normal 0 0 -1
    outer loop
      vertex 24.2861 13.9043 -0.25
      vertex 23.957 13.0215 -0.25
      vertex 23.7119 13.1123 -0.25
    endloop
  endfacet
  facet normal 0 -0 -1
    outer loop
      vertex 17.0742 20.6221 -0.25
      vertex 24.8418 20.3809 -0.25
      vertex 16.7773 19.9219 -0.25
    endloop
  endfacet
  facet normal -0 0 -1
    outer loop
      vertex 27.3389 13.0557 -0.25
      vertex 26.9277 11.9189 -0.25
      vertex 25.0859 13.9111 -0.25
    endloop
  endfacet
  facet normal 0 0 -1
    outer loop
      vertex 27.376 13.374 -0.25
      vertex 25.0859 13.9111 -0.25
      vertex 26.1309 15.2686 -0.25
    endloop
  endfacet
  facet normal -0 0 -1
    outer loop
      vertex 24.7715 13.8662 -0.25
      vertex 24.0098 12.9795 -0.25
      vertex 24.5723 13.8662 -0.25
    endloop
  endfacet
  facet normal 0 0 -1
    outer loop
      vertex 26.0918 15.4971 -0.25
      vertex 26.8252 20.373 -0.25
      vertex 26.126 15.4717 -0.25
    endloop
  endfacet
  facet normal 0 0 -1
    outer loop
      vertex 26.8252 20.373 -0.25
      vertex 26.0342 15.54 -0.25
      vertex 25.9756 19.9883 -0.25
    endloop
  endfacet
  facet normal 0 0 -1
    outer loop
      vertex 26.3359 15.3008 -0.25
      vertex 28.4512 14.9307 -0.25
      vertex 28.1367 14.8496 -0.25
    endloop
  endfacet
  facet normal 0 0 -1
    outer loop
      vertex 27.9062 14.5244 -0.25
      vertex 27.9902 14.7549 -0.25
      vertex 27.9902 14.6738 -0.25
    endloop
  endfacet
  facet normal -0 0 -1
    outer loop
      vertex 30.7568 21.3545 -0.25
      vertex 27.1807 20.7354 -0.25
      vertex 30.4434 21.6543 -0.25
    endloop
  endfacet
  facet normal -0 0 -1
    outer loop
      vertex 31.8135 17.0859 -0.25
      vertex 29.8154 15.6025 -0.25
      vertex 31.6016 19.9541 -0.25
    endloop
  endfacet
  facet normal 0 0 -1
    outer loop
      vertex 27.2656 21.1504 -0.25
      vertex 27.1807 20.7354 -0.25
      vertex 27.1807 20.8955 -0.25
    endloop
  endfacet
  facet normal -0 -0 -1
    outer loop
      vertex 31.9775 19.6562 -0.25
      vertex 32.3389 19.1494 -0.25
      vertex 31.8799 19.7334 -0.25
    endloop
  endfacet
  facet normal 0 0 -1
    outer loop
      vertex 32.1797 17.5547 -0.25
      vertex 32.5039 18.5811 -0.25
      vertex 32.5039 18.2744 -0.25
    endloop
  endfacet
  facet normal 0 0 -1
    outer loop
      vertex 32.0439 17.4043 -0.25
      vertex 31.6016 19.9541 -0.25
      vertex 31.8799 19.7334 -0.25
    endloop
  endfacet
  facet normal 0 0 -1
    outer loop
      vertex 28.5352 14.9424 -0.25
      vertex 29.3877 15.3525 -0.25
      vertex 28.6328 14.9541 -0.25
    endloop
  endfacet
  facet normal 0 0 -1
    outer loop
      vertex 29.3877 15.3525 -0.25
      vertex 29.3457 15.3008 -0.25
      vertex 29.0137 15.0566 -0.25
    endloop
  endfacet
  facet normal 0 0 -1
    outer loop
      vertex 29.0137 15.0566 -0.25
      vertex 29.3457 15.3008 -0.25
      vertex 29.2959 15.2471 -0.25
    endloop
  endfacet
  facet normal 0 0 -1
    outer loop
      vertex 28.6328 14.9541 -0.25
      vertex 29.3877 15.3525 -0.25
      vertex 29.0137 15.0566 -0.25
    endloop
  endfacet
  facet normal -0 0 -1
    outer loop
      vertex 28.5352 14.9424 -0.25
      vertex 28.4512 14.9307 -0.25
      vertex 29.3877 15.3525 -0.25
    endloop
  endfacet
  facet normal 0 0 -1
    outer loop
      vertex 28.9297 22.2061 -0.25
      vertex 27.1807 20.7354 -0.25
      vertex 28.1436 22.0137 -0.25
    endloop
  endfacet
  facet normal 0 0 -1
    outer loop
      vertex 31.6953 16.8672 -0.25
      vertex 31.5156 16.418 -0.25
      vertex 31.0732 16.0293 -0.25
    endloop
  endfacet
  facet normal 0 0 -1
    outer loop
      vertex 29.8154 15.6025 -0.25
      vertex 31.6953 16.8672 -0.25
      vertex 30.5068 15.7266 -0.25
    endloop
  endfacet
  facet normal 0 0 -1
    outer loop
      vertex 30.5068 15.7266 -0.25
      vertex 30.0947 15.6025 -0.25
      vertex 29.8154 15.6025 -0.25
    endloop
  endfacet
  facet normal -0 0 -1
    outer loop
      vertex 31.0732 16.0293 -0.25
      vertex 30.5068 15.7266 -0.25
      vertex 31.6953 16.8672 -0.25
    endloop
  endfacet
  facet normal 0 0 -1
    outer loop
      vertex 31.5156 16.418 -0.25
      vertex 31.6953 16.8672 -0.25
      vertex 31.6953 16.7002 -0.25
    endloop
  endfacet
  facet normal 0 0 -1
    outer loop
      vertex 29.8154 15.6025 -0.25
      vertex 31.8135 17.0859 -0.25
      vertex 31.6953 16.8672 -0.25
    endloop
  endfacet
  facet normal 0 0 -1
    outer loop
      vertex 32.0986 17.4648 -0.25
      vertex 31.8799 19.7334 -0.25
      vertex 32.3389 19.1494 -0.25
    endloop
  endfacet
  facet normal -0 0 -1
    outer loop
      vertex 32.1797 17.5547 -0.25
      vertex 32.0986 17.4648 -0.25
      vertex 32.5039 18.5811 -0.25
    endloop
  endfacet
  facet normal -0 0 -1
    outer loop
      vertex 32.4229 17.9199 -0.25
      vertex 32.1797 17.5547 -0.25
      vertex 32.5039 18.2744 -0.25
    endloop
  endfacet
  facet normal 0 0 -1
    outer loop
      vertex 32.0986 17.4648 -0.25
      vertex 32.3389 19.1494 -0.25
      vertex 32.5039 18.5811 -0.25
    endloop
  endfacet
  facet normal 0 0 -1
    outer loop
      vertex 31.8799 19.7334 -0.25
      vertex 32.0986 17.4648 -0.25
      vertex 32.0439 17.4043 -0.25
    endloop
  endfacet
  facet normal 0 0 -1
    outer loop
      vertex 31.6016 19.9541 -0.25
      vertex 32.0439 17.4043 -0.25
      vertex 31.8135 17.0859 -0.25
    endloop
  endfacet
  facet normal 0 -0 -1
    outer loop
      vertex 27.2656 21.1504 -0.25
      vertex 27.4932 21.5156 -0.25
      vertex 27.1807 20.7354 -0.25
    endloop
  endfacet
  facet normal 0 0 -1
    outer loop
      vertex 31.1611 21.6699 -0.25
      vertex 31.9541 22.334 -0.25
      vertex 31.6016 19.9541 -0.25
    endloop
  endfacet
  facet normal 0 0 -1
    outer loop
      vertex 31.6016 19.9541 -0.25
      vertex 31.9541 22.334 -0.25
      vertex 34.5527 22.4414 -0.25
    endloop
  endfacet
  facet normal 0 -0 -1
    outer loop
      vertex 31.1162 21.6309 -0.25
      vertex 31.6016 19.9541 -0.25
      vertex 30.7568 21.3545 -0.25
    endloop
  endfacet
  facet normal 0 -0 -1
    outer loop
      vertex 30.75 28.1338 -0.25
      vertex 30.9424 24.5371 -0.25
      vertex 29.8691 23.2959 -0.25
    endloop
  endfacet
  facet normal 0 0 -1
    outer loop
      vertex 39.543 28.6973 -0.25
      vertex 38.0605 25.0771 -0.25
      vertex 37.9111 25.1904 -0.25
    endloop
  endfacet
  facet normal 0 0 -1
    outer loop
      vertex 26.0342 15.54 -0.25
      vertex 25.8232 15.6172 -0.25
      vertex 25.665 19.7441 -0.25
    endloop
  endfacet
  facet normal 0 -0 -1
    outer loop
      vertex 49.7812 40.4053 -0.25
      vertex 50.9355 39.3789 -0.25
      vertex 49.6562 40.0664 -0.25
    endloop
  endfacet
  facet normal 0 0 -1
    outer loop
      vertex 50.9502 41.7422 -0.25
      vertex 51.5449 42.0332 -0.25
      vertex 52.2305 40.5547 -0.25
    endloop
  endfacet
  facet normal -0 0 -1
    outer loop
      vertex 50.7393 39.21 -0.25
      vertex 50.6875 39.1436 -0.25
      vertex 49.6562 40.0664 -0.25
    endloop
  endfacet
  facet normal 0 0 -1
    outer loop
      vertex 49.1602 37.3613 -0.25
      vertex 49.0635 37.5557 -0.25
      vertex 50.54 38.2324 -0.25
    endloop
  endfacet
  facet normal 0 0 -1
    outer loop
      vertex 37.7266 25.0791 -0.25
      vertex 37.793 25.1309 -0.25
      vertex 37.7598 25.1035 -0.25
    endloop
  endfacet
  facet normal 0 0 -1
    outer loop
      vertex 53.3457 38.1152 -0.25
      vertex 52.4658 39.5605 -0.25
      vertex 53.5107 38.1484 -0.25
    endloop
  endfacet
  facet normal 0 -0 -1
    outer loop
      vertex 55.5215 38.1123 -0.25
      vertex 56.1621 37.4072 -0.25
      vertex 55.3516 38.0322 -0.25
    endloop
  endfacet
  facet normal 0 0 -1
    outer loop
      vertex 48.8623 38.3438 -0.25
      vertex 49.0264 39.1035 -0.25
      vertex 50.4541 38.6074 -0.25
    endloop
  endfacet
  facet normal -0 0 -1
    outer loop
      vertex 49.9727 25.1533 -0.25
      vertex 49.3447 24.4082 -0.25
      vertex 40.4209 29.4316 -0.25
    endloop
  endfacet
  facet normal 0 0 -1
    outer loop
      vertex 51.0312 10.9443 -0.25
      vertex 56.4619 7.41016 -0.25
      vertex 55.7666 6.36914 -0.25
    endloop
  endfacet
  facet normal -0 0 -1
    outer loop
      vertex 57.1357 8.80176 -0.25
      vertex 56.9199 8.32227 -0.25
      vertex 52.3076 12.1504 -0.25
    endloop
  endfacet
  facet normal 0 0 -1
    outer loop
      vertex 57.3428 9.13184 -0.25
      vertex 57.8311 9.8457 -0.25
      vertex 57.4229 9.2002 -0.25
    endloop
  endfacet
  facet normal 0 0 -1
    outer loop
      vertex 57.8311 9.8457 -0.25
      vertex 58.1299 10.7744 -0.25
      vertex 58.1123 10.6367 -0.25
    endloop
  endfacet
  facet normal 0 0 -1
    outer loop
      vertex 56.7969 8.00781 -0.25
      vertex 52.3076 12.1504 -0.25
      vertex 56.8799 8.2168 -0.25
    endloop
  endfacet
  facet normal -0 0 -1
    outer loop
      vertex 57.8311 9.8457 -0.25
      vertex 57.3193 9.11328 -0.25
      vertex 53.4453 13.2305 -0.25
    endloop
  endfacet
  facet normal 0 0 -1
    outer loop
      vertex 48.001 5.65918 -0.25
      vertex 47.8975 8.02734 -0.25
      vertex 48.6729 8.73926 -0.25
    endloop
  endfacet
  facet normal 0 0 -1
    outer loop
      vertex 54.0244 4.19336 -0.25
      vertex 49.7676 9.76074 -0.25
      vertex 54.8428 5.16797 -0.25
    endloop
  endfacet
  facet normal 0 0 -1
    outer loop
      vertex 53.5381 3.65039 -0.25
      vertex 48.5439 4.68164 -0.25
      vertex 53.7432 3.87598 -0.25
    endloop
  endfacet
  facet normal 0 0 -1
    outer loop
      vertex 52.8916 2.99707 -0.25
      vertex 49.0693 3.78027 -0.25
      vertex 53.5381 3.65039 -0.25
    endloop
  endfacet
  facet normal 0 0 -1
    outer loop
      vertex 52.0127 2.18848 -0.25
      vertex 49.5596 2.98242 -0.25
      vertex 52.8916 2.99707 -0.25
    endloop
  endfacet
  facet normal 0 0 -1
    outer loop
      vertex 51.2715 1.5957 -0.25
      vertex 50.3682 1.80566 -0.25
      vertex 52.0127 2.18848 -0.25
    endloop
  endfacet
  facet normal 0 0 -1
    outer loop
      vertex 50.9443 1.36523 -0.25
      vertex 50.79 1.36523 -0.25
      vertex 50.6543 1.48047 -0.25
    endloop
  endfacet
  facet normal 0 0 -1
    outer loop
      vertex 49.998 2.31543 -0.25
      vertex 52.0127 2.18848 -0.25
      vertex 50.3682 1.80566 -0.25
    endloop
  endfacet
  facet normal 0 0 -1
    outer loop
      vertex 51.2715 1.5957 -0.25
      vertex 50.9443 1.36523 -0.25
      vertex 50.6543 1.48047 -0.25
    endloop
  endfacet
  facet normal -0 0 -1
    outer loop
      vertex 51.2715 1.5957 -0.25
      vertex 50.6543 1.48047 -0.25
      vertex 50.3682 1.80566 -0.25
    endloop
  endfacet
  facet normal 0 0 -1
    outer loop
      vertex 52.0127 2.18848 -0.25
      vertex 49.998 2.31543 -0.25
      vertex 49.5596 2.98242 -0.25
    endloop
  endfacet
  facet normal -0 0 -1
    outer loop
      vertex 52.8916 2.99707 -0.25
      vertex 49.5596 2.98242 -0.25
      vertex 49.0693 3.78027 -0.25
    endloop
  endfacet
  facet normal 0 0 -1
    outer loop
      vertex 53.5381 3.65039 -0.25
      vertex 49.0693 3.78027 -0.25
      vertex 48.5439 4.68164 -0.25
    endloop
  endfacet
  facet normal 0 0 -1
    outer loop
      vertex 53.7432 3.87598 -0.25
      vertex 48.5439 4.68164 -0.25
      vertex 54.0244 4.19336 -0.25
    endloop
  endfacet
  facet normal 0 0 -1
    outer loop
      vertex 48.6729 8.73926 -0.25
      vertex 49.7676 9.76074 -0.25
      vertex 54.0244 4.19336 -0.25
    endloop
  endfacet
  facet normal -0 0 -1
    outer loop
      vertex 55.7666 6.36914 -0.25
      vertex 54.8428 5.16797 -0.25
      vertex 49.7676 9.76074 -0.25
    endloop
  endfacet
  facet normal 0 0 -1
    outer loop
      vertex 47.8975 8.02734 -0.25
      vertex 47.5908 6.43164 -0.25
      vertex 47.458 6.68945 -0.25
    endloop
  endfacet
  facet normal 0 0 -1
    outer loop
      vertex 47.3223 6.95312 -0.25
      vertex 47.6016 7.76074 -0.25
      vertex 47.458 6.68945 -0.25
    endloop
  endfacet
  facet normal 0 -0 -1
    outer loop
      vertex 54.6074 14.3467 -0.25
      vertex 58.2979 11.3809 -0.25
      vertex 54.292 14.0439 -0.25
    endloop
  endfacet
  facet normal 0 -0 -1
    outer loop
      vertex 54.6914 14.4443 -0.25
      vertex 58.5801 11.9639 -0.25
      vertex 54.6074 14.3467 -0.25
    endloop
  endfacet
  facet normal 0 0 -1
    outer loop
      vertex 47.6016 7.76074 -0.25
      vertex 47.5938 7.76953 -0.25
      vertex 47.5977 7.76562 -0.25
    endloop
  endfacet
  facet normal 0 0 -1
    outer loop
      vertex 58.5801 11.9639 -0.25
      vertex 54.8096 14.584 -0.25
      vertex 58.6504 12.083 -0.25
    endloop
  endfacet
  facet normal 0 0 -1
    outer loop
      vertex 57.3193 9.11328 -0.25
      vertex 57.8311 9.8457 -0.25
      vertex 57.3428 9.13184 -0.25
    endloop
  endfacet
  facet normal -0 0 -1
    outer loop
      vertex 58.1299 10.7744 -0.25
      vertex 57.8311 9.8457 -0.25
      vertex 58.1377 10.8613 -0.25
    endloop
  endfacet
  facet normal 0 0 -1
    outer loop
      vertex 58.1377 10.8613 -0.25
      vertex 53.4453 13.2305 -0.25
      vertex 54.292 14.0439 -0.25
    endloop
  endfacet
  facet normal -0 0 -1
    outer loop
      vertex 58.7891 12.3125 -0.25
      vertex 58.6504 12.083 -0.25
      vertex 54.8096 14.584 -0.25
    endloop
  endfacet
  facet normal 0 0 -1
    outer loop
      vertex 59.2852 14.2148 -0.25
      vertex 55.7158 15.8926 -0.25
      vertex 59.2471 15.5029 -0.25
    endloop
  endfacet
  facet normal 0 0 -1
    outer loop
      vertex 46.0654 9.36816 -0.25
      vertex 46.7939 9.27734 -0.25
      vertex 46.8877 7.79004 -0.25
    endloop
  endfacet
  facet normal 0 0 -1
    outer loop
      vertex 56.3545 16.9209 -0.25
      vertex 56.832 17.7354 -0.25
      vertex 58.9746 16.9443 -0.25
    endloop
  endfacet
  facet normal 0 0 -1
    outer loop
      vertex 59.0654 16.5898 -0.25
      vertex 56.3545 16.9209 -0.25
      vertex 58.9746 16.9443 -0.25
    endloop
  endfacet
  facet normal 0 0 -1
    outer loop
      vertex 59.2471 15.5029 -0.25
      vertex 56.3545 16.9209 -0.25
      vertex 59.0654 16.5898 -0.25
    endloop
  endfacet
  facet normal 0 -0 -1
    outer loop
      vertex 55.7158 15.8926 -0.25
      vertex 59.2852 14.2148 -0.25
      vertex 55.1367 15.0332 -0.25
    endloop
  endfacet
  facet normal 0 0 -1
    outer loop
      vertex 59.2471 15.5029 -0.25
      vertex 55.7158 15.8926 -0.25
      vertex 56.3545 16.9209 -0.25
    endloop
  endfacet
  facet normal 0 0 -1
    outer loop
      vertex 58.9746 16.9443 -0.25
      vertex 56.832 17.7354 -0.25
      vertex 58.9238 17.1387 -0.25
    endloop
  endfacet
  facet normal 0 0 -1
    outer loop
      vertex 58.9238 17.1387 -0.25
      vertex 56.832 17.7354 -0.25
      vertex 58.7607 17.7148 -0.25
    endloop
  endfacet
  facet normal 0 0 -1
    outer loop
      vertex 58.7607 17.7148 -0.25
      vertex 56.832 17.7354 -0.25
      vertex 56.9834 18.0098 -0.25
    endloop
  endfacet
  facet normal 0 0 -1
    outer loop
      vertex 57.6543 19.1895 -0.25
      vertex 57.1572 20.4395 -0.25
      vertex 58.1328 19.5381 -0.25
    endloop
  endfacet
  facet normal 0 0 -1
    outer loop
      vertex 45.1006 11.2129 -0.25
      vertex 45.1602 12.3779 -0.25
      vertex 45.9395 10.8975 -0.25
    endloop
  endfacet
  facet normal 0 -0 -1
    outer loop
      vertex 57.7051 20.6582 -0.25
      vertex 58.1328 19.5381 -0.25
      vertex 57.1572 20.4395 -0.25
    endloop
  endfacet
  facet normal 0 0 -1
    outer loop
      vertex 44.3506 12.6396 -0.25
      vertex 44.9004 12.8691 -0.25
      vertex 45.1602 12.3779 -0.25
    endloop
  endfacet
  facet normal 0 0 -1
    outer loop
      vertex 45.1006 11.2129 -0.25
      vertex 44.3506 12.6396 -0.25
      vertex 45.1602 12.3779 -0.25
    endloop
  endfacet
  facet normal -0 0 -1
    outer loop
      vertex 44.9004 12.8691 -0.25
      vertex 44.3506 12.6396 -0.25
      vertex 44.1016 13.1133 -0.25
    endloop
  endfacet
  facet normal -0 0 -1
    outer loop
      vertex 57.5615 21.0303 -0.25
      vertex 57.04 20.7354 -0.25
      vertex 57.4287 21.3799 -0.25
    endloop
  endfacet
  facet normal 0 0 -1
    outer loop
      vertex 57.4287 21.3799 -0.25
      vertex 56.7256 21.6367 -0.25
      vertex 56.8672 23.3203 -0.25
    endloop
  endfacet
  facet normal 0 0 -1
    outer loop
      vertex 43.5908 14.0811 -0.25
      vertex 42.2275 17.9629 -0.25
      vertex 44.9004 12.8691 -0.25
    endloop
  endfacet
  facet normal 0 0 -1
    outer loop
      vertex 56.3828 22.8516 -0.25
      vertex 56.0928 24.2217 -0.25
      vertex 56.8672 23.3203 -0.25
    endloop
  endfacet
  facet normal 0 0 -1
    outer loop
      vertex 43.5908 14.0811 -0.25
      vertex 42.0703 16.9873 -0.25
      vertex 42.2275 17.9629 -0.25
    endloop
  endfacet
  facet normal 0 0 -1
    outer loop
      vertex 55.7734 26.2236 -0.25
      vertex 56.1523 27.4238 -0.25
      vertex 56.3027 26.501 -0.25
    endloop
  endfacet
  facet normal 0 0 -1
    outer loop
      vertex 43.875 19.5723 -0.25
      vertex 40.5518 19.9375 -0.25
      vertex 44.3848 20.0518 -0.25
    endloop
  endfacet
  facet normal -0 0 -1
    outer loop
      vertex 56.1523 27.4238 -0.25
      vertex 55.7734 26.2236 -0.25
      vertex 55.5352 27.5508 -0.25
    endloop
  endfacet
  facet normal -0 0 -1
    outer loop
      vertex 54.291 31.3506 -0.25
      vertex 53.8076 28.0391 -0.25
      vertex 54.2051 31.5283 -0.25
    endloop
  endfacet
  facet normal -0 0 -1
    outer loop
      vertex 54.5576 30.8154 -0.25
      vertex 53.9629 28.1943 -0.25
      vertex 54.291 31.3506 -0.25
    endloop
  endfacet
  facet normal -0 0 -1
    outer loop
      vertex 54.3896 21.2656 -0.25
      vertex 54.1924 20.8066 -0.25
      vertex 53.7334 21.5508 -0.25
    endloop
  endfacet
  facet normal -0 -0 -1
    outer loop
      vertex 54.4941 21.5898 -0.25
      vertex 54.4941 21.4971 -0.25
      vertex 54.2783 21.6367 -0.25
    endloop
  endfacet
  facet normal 0 0 -1
    outer loop
      vertex 55.3135 28.3613 -0.25
      vertex 55.2705 28.4482 -0.25
      vertex 55.7207 28.8564 -0.25
    endloop
  endfacet
  facet normal -0 0 -1
    outer loop
      vertex 52.8281 34.0732 -0.25
      vertex 50.7832 25.9375 -0.25
      vertex 52.2969 34.8604 -0.25
    endloop
  endfacet
  facet normal 0 0 -1
    outer loop
      vertex 50.7832 25.9375 -0.25
      vertex 40.4209 29.4316 -0.25
      vertex 49.3682 36.9561 -0.25
    endloop
  endfacet
  facet normal 0 0 -1
    outer loop
      vertex 45.127 20.7256 -0.25
      vertex 39.4521 22.1406 -0.25
      vertex 45.8447 21.3525 -0.25
    endloop
  endfacet
  facet normal 0 0 -1
    outer loop
      vertex 45.8447 21.3525 -0.25
      vertex 39.4521 22.1406 -0.25
      vertex 38.8691 23.3623 -0.25
    endloop
  endfacet
  facet normal 0 0 -1
    outer loop
      vertex 54.876 35.7783 -0.25
      vertex 54.2109 35.3496 -0.25
      vertex 53.7822 35.4346 -0.25
    endloop
  endfacet
  facet normal -0 0 -1
    outer loop
      vertex 43.875 19.5723 -0.25
      vertex 43.709 19.4102 -0.25
      vertex 40.5518 19.9375 -0.25
    endloop
  endfacet
  facet normal 0 0 -1
    outer loop
      vertex 56.3975 37.9912 -0.25
      vertex 56.0459 38.3164 -0.25
      vertex 56.3232 38.252 -0.25
    endloop
  endfacet
  facet normal 0 0 -1
    outer loop
      vertex 39.4521 22.1406 -0.25
      vertex 44.3848 20.0518 -0.25
      vertex 40.5518 19.9375 -0.25
    endloop
  endfacet
  facet normal 0 0 -1
    outer loop
      vertex 45.8447 21.3525 -0.25
      vertex 38.8691 23.3623 -0.25
      vertex 46.2969 21.7314 -0.25
    endloop
  endfacet
  facet normal 0 0 -1
    outer loop
      vertex 40.4209 29.4316 -0.25
      vertex 38.8691 23.3623 -0.25
      vertex 38.6846 23.7725 -0.25
    endloop
  endfacet
  facet normal 0 -0 -1
    outer loop
      vertex 40.4209 29.4316 -0.25
      vertex 46.2969 21.7314 -0.25
      vertex 38.8691 23.3623 -0.25
    endloop
  endfacet
  facet normal -0 0 -1
    outer loop
      vertex 46.7773 22.1074 -0.25
      vertex 46.4512 21.8516 -0.25
      vertex 40.4209 29.4316 -0.25
    endloop
  endfacet
  facet normal 0 -0 -1
    outer loop
      vertex 39.543 28.6973 -0.25
      vertex 40.4209 29.4316 -0.25
      vertex 38.6846 23.7725 -0.25
    endloop
  endfacet
  facet normal 0 0 -1
    outer loop
      vertex 46.2969 21.7314 -0.25
      vertex 40.4209 29.4316 -0.25
      vertex 46.4512 21.8516 -0.25
    endloop
  endfacet
  facet normal 0 0 -1
    outer loop
      vertex 47.752 22.8896 -0.25
      vertex 40.4209 29.4316 -0.25
      vertex 48.627 23.6553 -0.25
    endloop
  endfacet
  facet normal 0 0 -1
    outer loop
      vertex 38.5869 23.9912 -0.25
      vertex 39.543 28.6973 -0.25
      vertex 38.6846 23.7725 -0.25
    endloop
  endfacet
  facet normal -0 0 -1
    outer loop
      vertex 49.3447 24.4082 -0.25
      vertex 48.627 23.6553 -0.25
      vertex 40.4209 29.4316 -0.25
    endloop
  endfacet
  facet normal -0 -0 -1
    outer loop
      vertex 52.9004 33.9648 -0.25
      vertex 53.1006 33.627 -0.25
      vertex 52.8281 34.0732 -0.25
    endloop
  endfacet
  facet normal 0 0 -1
    outer loop
      vertex 49.3682 36.9561 -0.25
      vertex 51.9082 36.6465 -0.25
      vertex 52.2969 34.8604 -0.25
    endloop
  endfacet
  facet normal 0 0 -1
    outer loop
      vertex 54.876 35.7783 -0.25
      vertex 53.9219 37.6699 -0.25
      vertex 54.5566 37.7324 -0.25
    endloop
  endfacet
  facet normal 0 0 -1
    outer loop
      vertex 56.1621 37.4072 -0.25
      vertex 55.5215 38.1123 -0.25
      vertex 56.2295 37.5488 -0.25
    endloop
  endfacet
  facet normal 0 0 -1
    outer loop
      vertex 53.1689 35.1611 -0.25
      vertex 53.4648 35.3467 -0.25
      vertex 53.4365 35.3174 -0.25
    endloop
  endfacet
  facet normal 0 0 -1
    outer loop
      vertex 53.6719 35.4902 -0.25
      vertex 52.9209 36.5771 -0.25
      vertex 53.0459 36.7471 -0.25
    endloop
  endfacet
  facet normal -0 0 -1
    outer loop
      vertex 53.7549 37.6729 -0.25
      vertex 53.0361 37.1758 -0.25
      vertex 52.9678 37.6729 -0.25
    endloop
  endfacet
  facet normal 0 0 -1
    outer loop
      vertex 53.0459 36.7471 -0.25
      vertex 53.0508 37.0723 -0.25
      vertex 53.7549 37.6729 -0.25
    endloop
  endfacet
  facet normal 0 0 -1
    outer loop
      vertex 53.0361 37.1758 -0.25
      vertex 53.7549 37.6729 -0.25
      vertex 53.0508 37.0723 -0.25
    endloop
  endfacet
  facet normal 0 0 -1
    outer loop
      vertex 54.5566 37.7324 -0.25
      vertex 55.1865 37.9551 -0.25
      vertex 55.5928 36.5205 -0.25
    endloop
  endfacet
  facet normal 0 0 -1
    outer loop
      vertex 53.7822 35.4346 -0.25
      vertex 54.2109 35.3496 -0.25
      vertex 53.8018 35.4043 -0.25
    endloop
  endfacet
  facet normal 0 -0 -1
    outer loop
      vertex 55.3203 41.0215 -0.25
      vertex 55.5117 40.3701 -0.25
      vertex 54.7715 40.8545 -0.25
    endloop
  endfacet
  facet normal 0 0 -1
    outer loop
      vertex 53.8018 35.4043 -0.25
      vertex 54.2109 35.3496 -0.25
      vertex 53.835 35.3496 -0.25
    endloop
  endfacet
  facet normal 0 0 -1
    outer loop
      vertex 53.6719 35.4902 -0.25
      vertex 54.876 35.7783 -0.25
      vertex 53.7822 35.4346 -0.25
    endloop
  endfacet
  facet normal 0 0 -1
    outer loop
      vertex 56.0508 37.1709 -0.25
      vertex 55.1865 37.9551 -0.25
      vertex 55.3516 38.0322 -0.25
    endloop
  endfacet
  facet normal -0 0 -1
    outer loop
      vertex 56.3975 37.9912 -0.25
      vertex 56.2295 37.5488 -0.25
      vertex 56.0459 38.3164 -0.25
    endloop
  endfacet
  facet normal 0 0 -1
    outer loop
      vertex 56.3232 38.252 -0.25
      vertex 56.3574 38.2139 -0.25
      vertex 56.3975 37.9912 -0.25
    endloop
  endfacet
  facet normal 0 0 -1
    outer loop
      vertex 56.2295 37.5488 -0.25
      vertex 55.5215 38.1123 -0.25
      vertex 56.0459 38.3164 -0.25
    endloop
  endfacet
  facet normal 0 0 -1
    outer loop
      vertex 56.0508 37.1709 -0.25
      vertex 55.3516 38.0322 -0.25
      vertex 56.1621 37.4072 -0.25
    endloop
  endfacet
  facet normal 0 0 -1
    outer loop
      vertex 55.5928 36.5205 -0.25
      vertex 55.1865 37.9551 -0.25
      vertex 56.0508 37.1709 -0.25
    endloop
  endfacet
  facet normal 0 0 -1
    outer loop
      vertex 54.876 35.7783 -0.25
      vertex 54.5566 37.7324 -0.25
      vertex 55.5928 36.5205 -0.25
    endloop
  endfacet
  facet normal 0 0 -1
    outer loop
      vertex 53.0459 36.7471 -0.25
      vertex 53.9219 37.6699 -0.25
      vertex 54.876 35.7783 -0.25
    endloop
  endfacet
  facet normal 0 0 -1
    outer loop
      vertex 53.0459 36.7471 -0.25
      vertex 53.7549 37.6729 -0.25
      vertex 53.9219 37.6699 -0.25
    endloop
  endfacet
  facet normal -0 0 -1
    outer loop
      vertex 55.7227 40.8906 -0.25
      vertex 55.6777 40.7139 -0.25
      vertex 55.6025 41.0273 -0.25
    endloop
  endfacet
  facet normal -0 0 -1
    outer loop
      vertex 53.5098 35.3896 -0.25
      vertex 53.4648 35.3467 -0.25
      vertex 52.7969 36.5078 -0.25
    endloop
  endfacet
  facet normal 0 0 -1
    outer loop
      vertex 52.7969 36.5078 -0.25
      vertex 53.4648 35.3467 -0.25
      vertex 53.1689 35.1611 -0.25
    endloop
  endfacet
  facet normal 0 0 -1
    outer loop
      vertex 53.9277 37.998 -0.25
      vertex 53.6553 38.0391 -0.25
      vertex 53.6113 38.083 -0.25
    endloop
  endfacet
  facet normal 0 0 -1
    outer loop
      vertex 51.9082 36.6465 -0.25
      vertex 51.9365 36.6201 -0.25
      vertex 52.2969 34.8604 -0.25
    endloop
  endfacet
  facet normal 0 -0 -1
    outer loop
      vertex 53.085 40.1963 -0.25
      vertex 53.5107 38.1484 -0.25
      vertex 52.4658 39.5605 -0.25
    endloop
  endfacet
  facet normal 0 0 -1
    outer loop
      vertex 55.2568 39.9141 -0.25
      vertex 54.085 40.5986 -0.25
      vertex 54.7715 40.8545 -0.25
    endloop
  endfacet
  facet normal 0 0 -1
    outer loop
      vertex 53.6719 35.4902 -0.25
      vertex 53.0459 36.7471 -0.25
      vertex 54.876 35.7783 -0.25
    endloop
  endfacet
  facet normal 0 0 -1
    outer loop
      vertex 53.5098 35.3896 -0.25
      vertex 52.9209 36.5771 -0.25
      vertex 53.6719 35.4902 -0.25
    endloop
  endfacet
  facet normal 0 0 -1
    outer loop
      vertex 53.5098 35.3896 -0.25
      vertex 52.7969 36.5078 -0.25
      vertex 52.875 36.5508 -0.25
    endloop
  endfacet
  facet normal 0 0 -1
    outer loop
      vertex 53.5098 35.3896 -0.25
      vertex 52.875 36.5508 -0.25
      vertex 52.9209 36.5771 -0.25
    endloop
  endfacet
  facet normal 0 0 -1
    outer loop
      vertex 52.834 35.0205 -0.25
      vertex 52.7969 36.5078 -0.25
      vertex 53.1689 35.1611 -0.25
    endloop
  endfacet
  facet normal 0 0 -1
    outer loop
      vertex 52.834 35.0205 -0.25
      vertex 52.375 36.4434 -0.25
      vertex 52.7969 36.5078 -0.25
    endloop
  endfacet
  facet normal -0 0 -1
    outer loop
      vertex 52.834 35.0205 -0.25
      vertex 52.7705 34.999 -0.25
      vertex 52.375 36.4434 -0.25
    endloop
  endfacet
  facet normal 0 0 -1
    outer loop
      vertex 51.9951 36.5693 -0.25
      vertex 52.375 36.4434 -0.25
      vertex 52.2969 34.8604 -0.25
    endloop
  endfacet
  facet normal 0 -0 -1
    outer loop
      vertex 52.375 36.4434 -0.25
      vertex 52.7705 34.999 -0.25
      vertex 52.2969 34.8604 -0.25
    endloop
  endfacet
  facet normal 0 0 -1
    outer loop
      vertex 51.9365 36.6201 -0.25
      vertex 51.9951 36.5693 -0.25
      vertex 52.2969 34.8604 -0.25
    endloop
  endfacet
  facet normal 0 0 -1
    outer loop
      vertex 49.3682 36.9561 -0.25
      vertex 50.624 38.1611 -0.25
      vertex 51.8398 36.7402 -0.25
    endloop
  endfacet
  facet normal 0 0 -1
    outer loop
      vertex 51.8398 36.7402 -0.25
      vertex 50.624 38.1611 -0.25
      vertex 51.8779 36.8809 -0.25
    endloop
  endfacet
  facet normal 0 -0 -1
    outer loop
      vertex 51.6016 38.6807 -0.25
      vertex 52.4258 37.3955 -0.25
      vertex 51.4395 38.5615 -0.25
    endloop
  endfacet
  facet normal 0 0 -1
    outer loop
      vertex 52.4697 39.6797 -0.25
      vertex 52.5 39.8271 -0.25
      vertex 52.6689 39.9922 -0.25
    endloop
  endfacet
  facet normal 0 0 -1
    outer loop
      vertex 55.6777 40.7139 -0.25
      vertex 55.3203 41.0215 -0.25
      vertex 55.6025 41.0273 -0.25
    endloop
  endfacet
  facet normal 0 0 -1
    outer loop
      vertex 53.085 40.1963 -0.25
      vertex 54.3262 38.4619 -0.25
      vertex 53.5107 38.1484 -0.25
    endloop
  endfacet
  facet normal -0 -0 -1
    outer loop
      vertex 55.709 40.9307 -0.25
      vertex 55.7227 40.8906 -0.25
      vertex 55.6025 41.0273 -0.25
    endloop
  endfacet
  facet normal -0 0 -1
    outer loop
      vertex 55.6777 40.7139 -0.25
      vertex 55.5117 40.3701 -0.25
      vertex 55.3203 41.0215 -0.25
    endloop
  endfacet
  facet normal -0 0 -1
    outer loop
      vertex 55.7363 40.8574 -0.25
      vertex 55.6777 40.7139 -0.25
      vertex 55.7227 40.8906 -0.25
    endloop
  endfacet
  facet normal 0 0 -1
    outer loop
      vertex 54.6279 38.9023 -0.25
      vertex 53.085 40.1963 -0.25
      vertex 53.665 40.4326 -0.25
    endloop
  endfacet
  facet normal 0 -0 -1
    outer loop
      vertex 52.7422 42.335 -0.25
      vertex 52.8174 41.5508 -0.25
      vertex 51.96 42.1816 -0.25
    endloop
  endfacet
  facet normal 0 0 -1
    outer loop
      vertex 53.9053 37.9902 -0.25
      vertex 53.6553 38.0391 -0.25
      vertex 53.9277 37.998 -0.25
    endloop
  endfacet
  facet normal -0 0 -1
    outer loop
      vertex 53.9727 38.0146 -0.25
      vertex 53.9277 37.998 -0.25
      vertex 54.0811 38.1416 -0.25
    endloop
  endfacet
  facet normal 0 0 -1
    outer loop
      vertex 54.0811 38.1416 -0.25
      vertex 53.9277 37.998 -0.25
      vertex 53.6113 38.083 -0.25
    endloop
  endfacet
  facet normal 0 0 -1
    outer loop
      vertex 53.5107 38.1484 -0.25
      vertex 54.0811 38.1416 -0.25
      vertex 53.6113 38.083 -0.25
    endloop
  endfacet
  facet normal 0 0 -1
    outer loop
      vertex 53.5107 38.1484 -0.25
      vertex 54.3262 38.4619 -0.25
      vertex 54.0811 38.1416 -0.25
    endloop
  endfacet
  facet normal 0 0 -1
    outer loop
      vertex 54.9512 39.4053 -0.25
      vertex 53.8594 40.5088 -0.25
      vertex 54.085 40.5986 -0.25
    endloop
  endfacet
  facet normal -0 0 -1
    outer loop
      vertex 55.2568 39.9141 -0.25
      vertex 54.9512 39.4053 -0.25
      vertex 54.085 40.5986 -0.25
    endloop
  endfacet
  facet normal -0 0 -1
    outer loop
      vertex 55.5117 40.3701 -0.25
      vertex 55.2568 39.9141 -0.25
      vertex 54.7715 40.8545 -0.25
    endloop
  endfacet
  facet normal 0 0 -1
    outer loop
      vertex 53.665 40.4326 -0.25
      vertex 53.8594 40.5088 -0.25
      vertex 54.9512 39.4053 -0.25
    endloop
  endfacet
  facet normal 0 0 -1
    outer loop
      vertex 54.6279 38.9023 -0.25
      vertex 53.665 40.4326 -0.25
      vertex 54.9512 39.4053 -0.25
    endloop
  endfacet
  facet normal 0 0 -1
    outer loop
      vertex 54.3262 38.4619 -0.25
      vertex 53.085 40.1963 -0.25
      vertex 54.6279 38.9023 -0.25
    endloop
  endfacet
  facet normal 0 0 -1
    outer loop
      vertex 52.4697 39.6797 -0.25
      vertex 52.6689 39.9922 -0.25
      vertex 52.4697 39.6299 -0.25
    endloop
  endfacet
  facet normal 0 0 -1
    outer loop
      vertex 52.6689 39.9922 -0.25
      vertex 52.4658 39.5605 -0.25
      vertex 52.4697 39.6299 -0.25
    endloop
  endfacet
  facet normal 0 -0 -1
    outer loop
      vertex 52.6689 39.9922 -0.25
      vertex 53.085 40.1963 -0.25
      vertex 52.4658 39.5605 -0.25
    endloop
  endfacet
  facet normal 0 -0 -1
    outer loop
      vertex 52.4658 39.5605 -0.25
      vertex 53.3457 38.1152 -0.25
      vertex 52.2988 39.2422 -0.25
    endloop
  endfacet
  facet normal 0 0 -1
    outer loop
      vertex 52.2988 39.2422 -0.25
      vertex 53.3457 38.1152 -0.25
      vertex 53.0508 37.9111 -0.25
    endloop
  endfacet
  facet normal -0 0 -1
    outer loop
      vertex 52.666 37.5957 -0.25
      vertex 52.5391 37.4883 -0.25
      vertex 51.6016 38.6807 -0.25
    endloop
  endfacet
  facet normal 0 0 -1
    outer loop
      vertex 51.6016 38.6807 -0.25
      vertex 52.5391 37.4883 -0.25
      vertex 52.4258 37.3955 -0.25
    endloop
  endfacet
  facet normal 0 0 -1
    outer loop
      vertex 11.7314 39.9961 -0.25
      vertex 13.2109 38.8672 -0.25
      vertex 13.1172 38.7383 -0.25
    endloop
  endfacet
  facet normal 0 0 -1
    outer loop
      vertex 51.8779 36.8809 -0.25
      vertex 50.8975 38.2197 -0.25
      vertex 52.0957 37.1094 -0.25
    endloop
  endfacet
  facet normal 0 -0 -1
    outer loop
      vertex 49.1133 39.2822 -0.25
      vertex 50.4541 38.6074 -0.25
      vertex 49.0264 39.1035 -0.25
    endloop
  endfacet
  facet normal 0 0 -1
    outer loop
      vertex 52.0273 40.0127 -0.25
      vertex 50.3008 41.3008 -0.25
      vertex 52.2305 40.5547 -0.25
    endloop
  endfacet
  facet normal 0 0 -1
    outer loop
      vertex 49.8818 40.8496 -0.25
      vertex 49.7812 40.4053 -0.25
      vertex 49.7734 40.4512 -0.25
    endloop
  endfacet
  facet normal 0 -0 -1
    outer loop
      vertex 51.4395 38.5615 -0.25
      vertex 52.0957 37.1094 -0.25
      vertex 50.8975 38.2197 -0.25
    endloop
  endfacet
  facet normal 0 0 -1
    outer loop
      vertex 51.7812 38.8086 -0.25
      vertex 52.2988 39.2422 -0.25
      vertex 53.0508 37.9111 -0.25
    endloop
  endfacet
  facet normal 0 0 -1
    outer loop
      vertex 52.666 37.5957 -0.25
      vertex 51.6016 38.6807 -0.25
      vertex 51.7812 38.8086 -0.25
    endloop
  endfacet
  facet normal 0 0 -1
    outer loop
      vertex 52.666 37.5957 -0.25
      vertex 51.7812 38.8086 -0.25
      vertex 53.0508 37.9111 -0.25
    endloop
  endfacet
  facet normal 0 0 -1
    outer loop
      vertex 51.1816 39.3018 -0.25
      vertex 51.9492 39.6904 -0.25
      vertex 51.2549 39.2588 -0.25
    endloop
  endfacet
  facet normal 0 0 -1
    outer loop
      vertex 51.4395 38.5615 -0.25
      vertex 52.4258 37.3955 -0.25
      vertex 52.0957 37.1094 -0.25
    endloop
  endfacet
  facet normal 0 0 -1
    outer loop
      vertex 51.9492 39.6904 -0.25
      vertex 51.3613 39.1953 -0.25
      vertex 51.2549 39.2588 -0.25
    endloop
  endfacet
  facet normal 0 -0 -1
    outer loop
      vertex 50.8975 38.2197 -0.25
      vertex 51.8779 36.8809 -0.25
      vertex 50.624 38.1611 -0.25
    endloop
  endfacet
  facet normal 0 0 -1
    outer loop
      vertex 49.1602 37.3613 -0.25
      vertex 50.54 38.2324 -0.25
      vertex 50.5947 38.1826 -0.25
    endloop
  endfacet
  facet normal 0 0 -1
    outer loop
      vertex 48.8623 38.3438 -0.25
      vertex 50.4541 38.6074 -0.25
      vertex 50.54 38.2324 -0.25
    endloop
  endfacet
  facet normal 0 0 -1
    outer loop
      vertex 49.8818 40.8496 -0.25
      vertex 49.7734 40.4512 -0.25
      vertex 49.7539 40.542 -0.25
    endloop
  endfacet
  facet normal 0 0 -1
    outer loop
      vertex 50.3008 41.3008 -0.25
      vertex 52.0273 40.0127 -0.25
      vertex 50.9355 39.3789 -0.25
    endloop
  endfacet
  facet normal 0 0 -1
    outer loop
      vertex 49.7812 40.4053 -0.25
      vertex 50.3008 41.3008 -0.25
      vertex 50.9355 39.3789 -0.25
    endloop
  endfacet
  facet normal 0 -0 -1
    outer loop
      vertex 49.6562 40.0664 -0.25
      vertex 50.6162 39.0566 -0.25
      vertex 49.3936 39.7686 -0.25
    endloop
  endfacet
  facet normal 0 0 -1
    outer loop
      vertex 50.3008 41.3008 -0.25
      vertex 49.7812 40.4053 -0.25
      vertex 49.8818 40.8496 -0.25
    endloop
  endfacet
  facet normal -0 0 -1
    outer loop
      vertex 52.5107 41.1025 -0.25
      vertex 52.2305 40.5547 -0.25
      vertex 51.5449 42.0332 -0.25
    endloop
  endfacet
  facet normal -0 0 -1
    outer loop
      vertex 52.8174 41.5508 -0.25
      vertex 52.7305 41.4473 -0.25
      vertex 51.96 42.1816 -0.25
    endloop
  endfacet
  facet normal 0 0 -1
    outer loop
      vertex 51.96 42.1816 -0.25
      vertex 52.7305 41.4473 -0.25
      vertex 52.5107 41.1025 -0.25
    endloop
  endfacet
  facet normal 0 0 -1
    outer loop
      vertex 51.9492 39.4736 -0.25
      vertex 51.7656 39.1445 -0.25
      vertex 51.3613 39.1953 -0.25
    endloop
  endfacet
  facet normal -0 0 -1
    outer loop
      vertex 51.9492 39.4736 -0.25
      vertex 51.3613 39.1953 -0.25
      vertex 51.9492 39.6904 -0.25
    endloop
  endfacet
  facet normal 0 0 -1
    outer loop
      vertex 52.0273 40.0127 -0.25
      vertex 51.9492 39.6904 -0.25
      vertex 51.1816 39.3018 -0.25
    endloop
  endfacet
  facet normal 0 0 -1
    outer loop
      vertex 50.9355 39.3789 -0.25
      vertex 52.0273 40.0127 -0.25
      vertex 51.1816 39.3018 -0.25
    endloop
  endfacet
  facet normal 0 -0 -1
    outer loop
      vertex 50.9502 41.7422 -0.25
      vertex 52.2305 40.5547 -0.25
      vertex 50.3008 41.3008 -0.25
    endloop
  endfacet
  facet normal 0 0 -1
    outer loop
      vertex 53.1064 42.0537 -0.25
      vertex 52.7422 42.335 -0.25
      vertex 53.1064 42.1738 -0.25
    endloop
  endfacet
  facet normal -0 0 -1
    outer loop
      vertex 53.1064 42.0537 -0.25
      vertex 53.0215 41.8564 -0.25
      vertex 52.7422 42.335 -0.25
    endloop
  endfacet
  facet normal -0 0 -1
    outer loop
      vertex 53.0215 41.8564 -0.25
      vertex 52.8574 41.5977 -0.25
      vertex 52.7422 42.335 -0.25
    endloop
  endfacet
  facet normal 0 0 -1
    outer loop
      vertex 52.7422 42.335 -0.25
      vertex 52.8574 41.5977 -0.25
      vertex 52.8174 41.5508 -0.25
    endloop
  endfacet
  facet normal 0 -0 -1
    outer loop
      vertex 51.96 42.1816 -0.25
      vertex 52.5107 41.1025 -0.25
      vertex 51.752 42.1055 -0.25
    endloop
  endfacet
  facet normal 0 -0 -1
    outer loop
      vertex 51.752 42.1055 -0.25
      vertex 52.5107 41.1025 -0.25
      vertex 51.5449 42.0332 -0.25
    endloop
  endfacet
  facet normal 0 0 -1
    outer loop
      vertex 39.543 28.6973 -0.25
      vertex 38.5869 23.9912 -0.25
      vertex 38.29 24.6436 -0.25
    endloop
  endfacet
  facet normal 0 0 -1
    outer loop
      vertex 37.9111 25.1904 -0.25
      vertex 36.9121 26.4932 -0.25
      vertex 39.543 28.6973 -0.25
    endloop
  endfacet
  facet normal -0 0 -1
    outer loop
      vertex 37.9111 25.1904 -0.25
      vertex 37.793 25.1309 -0.25
      vertex 36.9121 26.4932 -0.25
    endloop
  endfacet
  facet normal 0 0 -1
    outer loop
      vertex 36.9121 26.4932 -0.25
      vertex 37.793 25.1309 -0.25
      vertex 37.7266 25.0791 -0.25
    endloop
  endfacet
  facet normal 0 0 -1
    outer loop
      vertex 37.4326 24.835 -0.25
      vertex 36.9121 26.4932 -0.25
      vertex 37.7266 25.0791 -0.25
    endloop
  endfacet
  facet normal 0 0 -1
    outer loop
      vertex 36.7188 24.2422 -0.25
      vertex 35.7246 23.416 -0.25
      vertex 33.9883 24.04 -0.25
    endloop
  endfacet
  facet normal 0 0 -1
    outer loop
      vertex 12.7734 35.7871 -0.25
      vertex 8.57031 33.3525 -0.25
      vertex 8.49414 33.7773 -0.25
    endloop
  endfacet
  facet normal 0 0 -1
    outer loop
      vertex 33.9883 24.04 -0.25
      vertex 35.7246 23.416 -0.25
      vertex 34.8447 22.6855 -0.25
    endloop
  endfacet
  facet normal 0 0 -1
    outer loop
      vertex 50.7393 39.21 -0.25
      vertex 49.6562 40.0664 -0.25
      vertex 50.9355 39.3789 -0.25
    endloop
  endfacet
  facet normal -0 0 -1
    outer loop
      vertex 50.6875 39.1436 -0.25
      vertex 50.6162 39.0566 -0.25
      vertex 49.6562 40.0664 -0.25
    endloop
  endfacet
  facet normal 0 -0 -1
    outer loop
      vertex 49.3936 39.7686 -0.25
      vertex 50.6162 39.0566 -0.25
      vertex 49.1562 39.3691 -0.25
    endloop
  endfacet
  facet normal 0 0 -1
    outer loop
      vertex 49.6562 40.0664 -0.25
      vertex 49.3936 39.7686 -0.25
      vertex 49.6221 40.0459 -0.25
    endloop
  endfacet
  facet normal 0 0 -1
    outer loop
      vertex 49.6221 40.0459 -0.25
      vertex 49.3936 39.7686 -0.25
      vertex 49.5957 40.0293 -0.25
    endloop
  endfacet
  facet normal 0 0 -1
    outer loop
      vertex 39.543 28.6973 -0.25
      vertex 38.29 24.6436 -0.25
      vertex 38.0605 25.0771 -0.25
    endloop
  endfacet
  facet normal 0 0 -1
    outer loop
      vertex 49.1562 39.3691 -0.25
      vertex 50.6162 39.0566 -0.25
      vertex 50.4541 38.6074 -0.25
    endloop
  endfacet
  facet normal 0 0 -1
    outer loop
      vertex 49.1133 39.2822 -0.25
      vertex 49.1562 39.3691 -0.25
      vertex 50.4541 38.6074 -0.25
    endloop
  endfacet
  facet normal 0 0 -1
    outer loop
      vertex 49.0635 37.5557 -0.25
      vertex 48.8623 38.3438 -0.25
      vertex 50.54 38.2324 -0.25
    endloop
  endfacet
  facet normal 0 0 -1
    outer loop
      vertex 49.1602 37.3613 -0.25
      vertex 50.5947 38.1826 -0.25
      vertex 49.3682 36.9561 -0.25
    endloop
  endfacet
  facet normal 0 0 -1
    outer loop
      vertex 49.3682 36.9561 -0.25
      vertex 50.5947 38.1826 -0.25
      vertex 50.624 38.1611 -0.25
    endloop
  endfacet
  facet normal 0 0 -1
    outer loop
      vertex 51.9082 36.6465 -0.25
      vertex 49.3682 36.9561 -0.25
      vertex 51.8398 36.7402 -0.25
    endloop
  endfacet
  facet normal 0 0 -1
    outer loop
      vertex 50.1787 25.4043 -0.25
      vertex 40.4209 29.4316 -0.25
      vertex 50.2363 25.4775 -0.25
    endloop
  endfacet
  facet normal 0 0 -1
    outer loop
      vertex 49.9727 25.1533 -0.25
      vertex 40.4209 29.4316 -0.25
      vertex 50.1787 25.4043 -0.25
    endloop
  endfacet
  facet normal 0 0 -1
    outer loop
      vertex 33.9883 24.04 -0.25
      vertex 36.9121 26.4932 -0.25
      vertex 36.7188 24.2422 -0.25
    endloop
  endfacet
  facet normal 0 0 -1
    outer loop
      vertex 34.5527 22.4414 -0.25
      vertex 33.9883 24.04 -0.25
      vertex 34.8447 22.6855 -0.25
    endloop
  endfacet
  facet normal 0 -0 -1
    outer loop
      vertex 25.9756 19.9883 -0.25
      vertex 26.0342 15.54 -0.25
      vertex 25.665 19.7441 -0.25
    endloop
  endfacet
  facet normal 0 0 -1
    outer loop
      vertex 31.9541 22.334 -0.25
      vertex 33.9883 24.04 -0.25
      vertex 34.5527 22.4414 -0.25
    endloop
  endfacet
  facet normal 0 0 -1
    outer loop
      vertex 28.2969 22.4775 -0.25
      vertex 28.6152 22.5752 -0.25
      vertex 28.3379 22.4883 -0.25
    endloop
  endfacet
  facet normal 0 0 -1
    outer loop
      vertex 29.7344 22.0869 -0.25
      vertex 30.2959 21.7949 -0.25
      vertex 30.4434 21.6543 -0.25
    endloop
  endfacet
  facet normal 0 -0 -1
    outer loop
      vertex 29.7344 22.0869 -0.25
      vertex 30.4434 21.6543 -0.25
      vertex 27.1807 20.7354 -0.25
    endloop
  endfacet
  facet normal 0 0 -1
    outer loop
      vertex 27.4932 21.5156 -0.25
      vertex 27.6211 21.668 -0.25
      vertex 28.1436 22.0137 -0.25
    endloop
  endfacet
  facet normal 0 0 -1
    outer loop
      vertex 28.1436 22.0137 -0.25
      vertex 27.1807 20.7354 -0.25
      vertex 27.4932 21.5156 -0.25
    endloop
  endfacet
  facet normal -0 0 -1
    outer loop
      vertex 29.7344 22.0869 -0.25
      vertex 27.1807 20.7354 -0.25
      vertex 28.9297 22.2061 -0.25
    endloop
  endfacet
  facet normal 0 0 -1
    outer loop
      vertex 26.126 15.4717 -0.25
      vertex 26.8252 20.373 -0.25
      vertex 29.3877 15.3525 -0.25
    endloop
  endfacet
  facet normal 0 0 -1
    outer loop
      vertex 16.5322 19.3955 -0.25
      vertex 24.3564 14.2627 -0.25
      vertex 22.542 13.0771 -0.25
    endloop
  endfacet
  facet normal 0 0 -1
    outer loop
      vertex 31.0518 27.6328 -0.25
      vertex 31.0928 27.5459 -0.25
      vertex 31.3467 26.0508 -0.25
    endloop
  endfacet
  facet normal 0 0 -1
    outer loop
      vertex 24.8418 20.3809 -0.25
      vertex 17.2227 21.2119 -0.25
      vertex 22.4346 26.0273 -0.25
    endloop
  endfacet
  facet normal 0 0 -1
    outer loop
      vertex 21.5801 33.2646 -0.25
      vertex 18.4883 37.6621 -0.25
      vertex 18.7344 37.7256 -0.25
    endloop
  endfacet
  facet normal -0 0 -1
    outer loop
      vertex 26.3467 40.0928 -0.25
      vertex 24.5762 38.1719 -0.25
      vertex 26.1582 40.2334 -0.25
    endloop
  endfacet
  facet normal 0 0 -1
    outer loop
      vertex 29.8154 15.6025 -0.25
      vertex 27.1016 20.5098 -0.25
      vertex 31.6016 19.9541 -0.25
    endloop
  endfacet
  facet normal 0 0 -1
    outer loop
      vertex 29.8154 15.6025 -0.25
      vertex 26.8252 20.373 -0.25
      vertex 27.1016 20.5098 -0.25
    endloop
  endfacet
  facet normal -0 0 -1
    outer loop
      vertex 29.8154 15.6025 -0.25
      vertex 29.3877 15.3525 -0.25
      vertex 26.8252 20.373 -0.25
    endloop
  endfacet
  facet normal 0 0 -1
    outer loop
      vertex 26.8252 20.373 -0.25
      vertex 26.0918 15.4971 -0.25
      vertex 26.0342 15.54 -0.25
    endloop
  endfacet
  facet normal 0 0 -1
    outer loop
      vertex 26.7285 20.3467 -0.25
      vertex 25.9756 19.9883 -0.25
      vertex 26.3262 20.1992 -0.25
    endloop
  endfacet
  facet normal 0 0 -1
    outer loop
      vertex 26.3262 20.1992 -0.25
      vertex 25.9756 19.9883 -0.25
      vertex 26.0186 20.0244 -0.25
    endloop
  endfacet
  facet normal 0 -0 -1
    outer loop
      vertex 26.668 20.333 -0.25
      vertex 26.7285 20.3467 -0.25
      vertex 26.3262 20.1992 -0.25
    endloop
  endfacet
  facet normal 0 -0 -1
    outer loop
      vertex 26.7285 20.3467 -0.25
      vertex 26.8252 20.373 -0.25
      vertex 25.9756 19.9883 -0.25
    endloop
  endfacet
  facet normal 0 0 -1
    outer loop
      vertex 21.8242 33.6465 -0.25
      vertex 18.7344 37.7256 -0.25
      vertex 19.5059 37.7969 -0.25
    endloop
  endfacet
  facet normal 0 0 -1
    outer loop
      vertex 24.7051 41.0713 -0.25
      vertex 23.709 39.3125 -0.25
      vertex 23.5469 39.4902 -0.25
    endloop
  endfacet
  facet normal 0 0 -1
    outer loop
      vertex 14.4375 35.0693 -0.25
      vertex 12.9209 28.4258 -0.25
      vertex 12.123 28.9688 -0.25
    endloop
  endfacet
  facet normal 0 -0 -1
    outer loop
      vertex 15.457 36.0742 -0.25
      vertex 21.543 33.0908 -0.25
      vertex 15.2354 35.8564 -0.25
    endloop
  endfacet
  facet normal 0 0 -1
    outer loop
      vertex 21.543 33.0908 -0.25
      vertex 15.457 36.0742 -0.25
      vertex 16.7305 36.9688 -0.25
    endloop
  endfacet
  facet normal 0 0 -1
    outer loop
      vertex 28.6152 22.5752 -0.25
      vertex 30.2412 28.7627 -0.25
      vertex 29.8691 23.2959 -0.25
    endloop
  endfacet
  facet normal 0 0 -1
    outer loop
      vertex 27.0547 31.458 -0.25
      vertex 22.626 26.292 -0.25
      vertex 22.5449 26.5146 -0.25
    endloop
  endfacet
  facet normal 0 0 -1
    outer loop
      vertex 22.6553 26.0479 -0.25
      vertex 29.9512 29.168 -0.25
      vertex 30.2412 28.7627 -0.25
    endloop
  endfacet
  facet normal -0 0 -1
    outer loop
      vertex 28.6152 22.5752 -0.25
      vertex 28.2969 22.4775 -0.25
      vertex 30.2412 28.7627 -0.25
    endloop
  endfacet
  facet normal 0 0 -1
    outer loop
      vertex 29.8691 23.2959 -0.25
      vertex 30.2412 28.7627 -0.25
      vertex 30.3281 28.6689 -0.25
    endloop
  endfacet
  facet normal -0 0 -1
    outer loop
      vertex 30.75 28.1338 -0.25
      vertex 29.8691 23.2959 -0.25
      vertex 30.3281 28.6689 -0.25
    endloop
  endfacet
  facet normal 0 0 -1
    outer loop
      vertex 30.75 28.1338 -0.25
      vertex 30.3281 28.6689 -0.25
      vertex 30.3936 28.5996 -0.25
    endloop
  endfacet
  facet normal 0 0 -1
    outer loop
      vertex 31.0928 27.5459 -0.25
      vertex 31.1904 27.3291 -0.25
      vertex 31.3467 26.0508 -0.25
    endloop
  endfacet
  facet normal -0 0 -1
    outer loop
      vertex 31.0635 24.7607 -0.25
      vertex 30.9424 24.5371 -0.25
      vertex 31.3467 26.0508 -0.25
    endloop
  endfacet
  facet normal 0 0 -1
    outer loop
      vertex 30.9424 24.5371 -0.25
      vertex 30.75 28.1338 -0.25
      vertex 31.3467 26.0508 -0.25
    endloop
  endfacet
  facet normal 0 0 -1
    outer loop
      vertex 30.9424 24.5371 -0.25
      vertex 30.8174 24.3057 -0.25
      vertex 29.8691 23.2959 -0.25
    endloop
  endfacet
  facet normal 0 0 -1
    outer loop
      vertex 30.75 28.1338 -0.25
      vertex 31.0518 27.6328 -0.25
      vertex 31.3467 26.0508 -0.25
    endloop
  endfacet
  facet normal 0 0 -1
    outer loop
      vertex 22.626 26.292 -0.25
      vertex 29.9512 29.168 -0.25
      vertex 22.6553 26.0479 -0.25
    endloop
  endfacet
  facet normal 0 0 -1
    outer loop
      vertex 27.0547 31.458 -0.25
      vertex 27.0947 31.458 -0.25
      vertex 29.8018 29.5947 -0.25
    endloop
  endfacet
  facet normal 0 0 -1
    outer loop
      vertex 22.6553 26.0479 -0.25
      vertex 30.2412 28.7627 -0.25
      vertex 28.2969 22.4775 -0.25
    endloop
  endfacet
  facet normal 0 0 -1
    outer loop
      vertex 27.8652 22.2373 -0.25
      vertex 22.6553 26.0479 -0.25
      vertex 28.2969 22.4775 -0.25
    endloop
  endfacet
  facet normal -0 0 -1
    outer loop
      vertex 27.8652 22.2373 -0.25
      vertex 27.2607 21.8457 -0.25
      vertex 22.6553 26.0479 -0.25
    endloop
  endfacet
  facet normal -0 -0 -1
    outer loop
      vertex 29.4141 31.0869 -0.25
      vertex 29.4541 30.9717 -0.25
      vertex 27.1533 31.4619 -0.25
    endloop
  endfacet
  facet normal -0 -0 -1
    outer loop
      vertex 29.3643 31.2305 -0.25
      vertex 29.4141 31.0869 -0.25
      vertex 27.1533 31.4619 -0.25
    endloop
  endfacet
  facet normal -0 -0 -1
    outer loop
      vertex 29.7725 29.7734 -0.25
      vertex 29.7852 29.6982 -0.25
      vertex 27.1533 31.4619 -0.25
    endloop
  endfacet
  facet normal -0 -0 -1
    outer loop
      vertex 29.6426 30.333 -0.25
      vertex 29.7725 29.7734 -0.25
      vertex 27.1533 31.4619 -0.25
    endloop
  endfacet
  facet normal -0 -0 -1
    outer loop
      vertex 22.1455 26.1348 -0.25
      vertex 22.1533 26.1211 -0.25
      vertex 21.6738 26.7285 -0.25
    endloop
  endfacet
  facet normal 0 0 -1
    outer loop
      vertex 16.209 22.3037 -0.25
      vertex 21.6738 26.7285 -0.25
      vertex 16.3936 22.1846 -0.25
    endloop
  endfacet
  facet normal -0 0 -1
    outer loop
      vertex 22.6084 31.0068 -0.25
      vertex 21.5205 29.085 -0.25
      vertex 22.4814 31.1436 -0.25
    endloop
  endfacet
  facet normal 0 0 -1
    outer loop
      vertex 21.6738 26.7285 -0.25
      vertex 16.9902 21.6807 -0.25
      vertex 16.3936 22.1846 -0.25
    endloop
  endfacet
  facet normal 0 -0 -1
    outer loop
      vertex 21.6738 26.7285 -0.25
      vertex 22.1533 26.1211 -0.25
      vertex 16.9902 21.6807 -0.25
    endloop
  endfacet
  facet normal 0 0 -1
    outer loop
      vertex 23.6621 30.9365 -0.25
      vertex 22.9336 32.418 -0.25
      vertex 26.3867 32.9971 -0.25
    endloop
  endfacet
  facet normal 0 -0 -1
    outer loop
      vertex 22.8125 41.3145 -0.25
      vertex 22.8438 40.3447 -0.25
      vertex 22.5498 40.9541 -0.25
    endloop
  endfacet
  facet normal 0 0 -1
    outer loop
      vertex 24.5762 38.1719 -0.25
      vertex 26.4473 40.0186 -0.25
      vertex 27.0879 39.4824 -0.25
    endloop
  endfacet
  facet normal 0 0 -1
    outer loop
      vertex 24.5762 38.1719 -0.25
      vertex 26.3467 40.0928 -0.25
      vertex 26.4473 40.0186 -0.25
    endloop
  endfacet
  facet normal 0 -0 -1
    outer loop
      vertex 27.7354 38.8896 -0.25
      vertex 27.8408 38.7852 -0.25
      vertex 24.7949 37.4248 -0.25
    endloop
  endfacet
  facet normal 0 0 -1
    outer loop
      vertex 24.7949 37.4248 -0.25
      vertex 27.8408 38.7852 -0.25
      vertex 28.123 38.498 -0.25
    endloop
  endfacet
  facet normal 0 -0 -1
    outer loop
      vertex 24.7949 37.4248 -0.25
      vertex 28.123 38.498 -0.25
      vertex 24.7734 37.3379 -0.25
    endloop
  endfacet
  facet normal 0 0 -1
    outer loop
      vertex 24.1738 38.7568 -0.25
      vertex 26.1582 40.2334 -0.25
      vertex 24.5762 38.1719 -0.25
    endloop
  endfacet
  facet normal 0 0 -1
    outer loop
      vertex 23.709 39.3125 -0.25
      vertex 25.5596 40.6104 -0.25
      vertex 24.1738 38.7568 -0.25
    endloop
  endfacet
  facet normal 0 0 -1
    outer loop
      vertex 23.4102 39.6445 -0.25
      vertex 24.7051 41.0713 -0.25
      vertex 23.5469 39.4902 -0.25
    endloop
  endfacet
  facet normal 0 0 -1
    outer loop
      vertex 23.4102 39.6445 -0.25
      vertex 23.9336 41.4014 -0.25
      vertex 24.7051 41.0713 -0.25
    endloop
  endfacet
  facet normal 0 0 -1
    outer loop
      vertex 22.8438 40.3447 -0.25
      vertex 23.5283 41.5273 -0.25
      vertex 23.9336 41.4014 -0.25
    endloop
  endfacet
  facet normal 0 0 -1
    outer loop
      vertex 23.4102 39.6445 -0.25
      vertex 22.8438 40.3447 -0.25
      vertex 23.9336 41.4014 -0.25
    endloop
  endfacet
  facet normal 0 0 -1
    outer loop
      vertex 22.8438 40.3447 -0.25
      vertex 22.8125 41.3145 -0.25
      vertex 23.249 41.5273 -0.25
    endloop
  endfacet
  facet normal 0 0 -1
    outer loop
      vertex 22.8438 40.3447 -0.25
      vertex 22.5498 40.7109 -0.25
      vertex 22.5498 40.9541 -0.25
    endloop
  endfacet
  facet normal 0 0 -1
    outer loop
      vertex 22.8438 40.3447 -0.25
      vertex 23.249 41.5273 -0.25
      vertex 23.5283 41.5273 -0.25
    endloop
  endfacet
  facet normal -0 0 -1
    outer loop
      vertex 25.5596 40.6104 -0.25
      vertex 23.709 39.3125 -0.25
      vertex 24.7051 41.0713 -0.25
    endloop
  endfacet
  facet normal 0 0 -1
    outer loop
      vertex 24.5762 38.1719 -0.25
      vertex 27.0879 39.4824 -0.25
      vertex 24.7686 37.707 -0.25
    endloop
  endfacet
  facet normal 0 0 -1
    outer loop
      vertex 24.5205 37.166 -0.25
      vertex 24.71 37.1973 -0.25
      vertex 26.2773 33.6338 -0.25
    endloop
  endfacet
  facet normal 0 0 -1
    outer loop
      vertex 22.1865 33.8887 -0.25
      vertex 22.082 33.8887 -0.25
      vertex 22.1406 37.7002 -0.25
    endloop
  endfacet
  facet normal 0 0 -1
    outer loop
      vertex 21.5488 27.041 -0.25
      vertex 16.209 22.3037 -0.25
      vertex 15.8682 22.5244 -0.25
    endloop
  endfacet
  facet normal -0 0 -1
    outer loop
      vertex 21.5801 33.2646 -0.25
      vertex 21.543 33.0908 -0.25
      vertex 16.7305 36.9688 -0.25
    endloop
  endfacet
  facet normal -0 0 -1
    outer loop
      vertex 12.7734 35.7871 -0.25
      vertex 8.49414 33.7773 -0.25
      vertex 12.7012 35.8564 -0.25
    endloop
  endfacet
  facet normal 0 0 -1
    outer loop
      vertex 11.7314 39.9961 -0.25
      vertex 12.3027 40.293 -0.25
      vertex 13.2109 38.8672 -0.25
    endloop
  endfacet
  facet normal -0 0 -1
    outer loop
      vertex 12.7012 35.8564 -0.25
      vertex 8.49414 33.7773 -0.25
      vertex 12.6045 35.9463 -0.25
    endloop
  endfacet
  facet normal 0 -0 -1
    outer loop
      vertex 24.7734 37.3379 -0.25
      vertex 28.123 38.498 -0.25
      vertex 24.7646 37.3018 -0.25
    endloop
  endfacet
  facet normal 0 0 -1
    outer loop
      vertex 24.7646 37.3018 -0.25
      vertex 28.123 38.498 -0.25
      vertex 28.8848 37.5449 -0.25
    endloop
  endfacet
  facet normal 0 0 -1
    outer loop
      vertex 24.7686 37.707 -0.25
      vertex 27.0879 39.4824 -0.25
      vertex 27.7354 38.8896 -0.25
    endloop
  endfacet
  facet normal 0 0 -1
    outer loop
      vertex 24.7949 37.4248 -0.25
      vertex 24.7686 37.707 -0.25
      vertex 27.7354 38.8896 -0.25
    endloop
  endfacet
  facet normal 0 0 -1
    outer loop
      vertex 24.71 37.1973 -0.25
      vertex 24.7646 37.3018 -0.25
      vertex 28.8848 37.5449 -0.25
    endloop
  endfacet
  facet normal -0 0 -1
    outer loop
      vertex 26.2617 33.4404 -0.25
      vertex 22.6455 32.9902 -0.25
      vertex 26.2773 33.6338 -0.25
    endloop
  endfacet
  facet normal 0 0 -1
    outer loop
      vertex 29.7129 35.1318 -0.25
      vertex 29.6221 34.1465 -0.25
      vertex 26.2939 33.6279 -0.25
    endloop
  endfacet
  facet normal -0 0 -1
    outer loop
      vertex 29.7129 35.1318 -0.25
      vertex 26.2939 33.6279 -0.25
      vertex 29.502 36.3467 -0.25
    endloop
  endfacet
  facet normal 0 0 -1
    outer loop
      vertex 22.1865 33.8887 -0.25
      vertex 23.4512 37.4307 -0.25
      vertex 24.0762 37.2578 -0.25
    endloop
  endfacet
  facet normal -0 0 -1
    outer loop
      vertex 24.5205 37.166 -0.25
      vertex 22.1865 33.8887 -0.25
      vertex 24.0762 37.2578 -0.25
    endloop
  endfacet
  facet normal 0 0 -1
    outer loop
      vertex 22.1865 33.8887 -0.25
      vertex 22.9756 37.5664 -0.25
      vertex 23.2451 37.4883 -0.25
    endloop
  endfacet
  facet normal 0 0 -1
    outer loop
      vertex 22.1865 33.8887 -0.25
      vertex 22.1406 37.7002 -0.25
      vertex 22.9756 37.5664 -0.25
    endloop
  endfacet
  facet normal 0 0 -1
    outer loop
      vertex 22.082 33.8887 -0.25
      vertex 20.8096 37.8047 -0.25
      vertex 22.1406 37.7002 -0.25
    endloop
  endfacet
  facet normal 0 0 -1
    outer loop
      vertex 14.4375 35.0693 -0.25
      vertex 21.5879 32.7559 -0.25
      vertex 21.5205 29.085 -0.25
    endloop
  endfacet
  facet normal 0 -0 -1
    outer loop
      vertex 21.792 32.1963 -0.25
      vertex 22.1426 31.5898 -0.25
      vertex 21.5205 29.085 -0.25
    endloop
  endfacet
  facet normal 0 0 -1
    outer loop
      vertex 12.123 28.9688 -0.25
      vertex 11.877 29.1357 -0.25
      vertex 14.4375 35.0693 -0.25
    endloop
  endfacet
  facet normal 0 0 -1
    outer loop
      vertex 8.70801 32.9473 -0.25
      vertex 8.57031 33.3525 -0.25
      vertex 12.7734 35.7871 -0.25
    endloop
  endfacet
  facet normal 0 0 -1
    outer loop
      vertex 12.6045 35.9463 -0.25
      vertex 8.49414 33.7773 -0.25
      vertex 8.45996 34.1904 -0.25
    endloop
  endfacet
  facet normal 0 0 -1
    outer loop
      vertex 8.70801 32.9473 -0.25
      vertex 12.7734 35.7871 -0.25
      vertex 8.87891 32.5752 -0.25
    endloop
  endfacet
  facet normal 0 0 -1
    outer loop
      vertex 8.87891 32.5752 -0.25
      vertex 12.7734 35.7871 -0.25
      vertex 8.93945 32.4531 -0.25
    endloop
  endfacet
  facet normal 0 0 -1
    outer loop
      vertex 8.93945 32.4531 -0.25
      vertex 12.7734 35.7871 -0.25
      vertex 9.05273 32.2227 -0.25
    endloop
  endfacet
  facet normal 0 0 -1
    outer loop
      vertex 8.45996 34.1904 -0.25
      vertex 8.45312 34.3281 -0.25
      vertex 12.6045 35.9463 -0.25
    endloop
  endfacet
  facet normal 0 0 -1
    outer loop
      vertex 12.6045 35.9463 -0.25
      vertex 8.45312 34.3281 -0.25
      vertex 8.4375 34.6123 -0.25
    endloop
  endfacet
  facet normal -0 0 -1
    outer loop
      vertex 22.4346 26.0273 -0.25
      vertex 17.2227 21.2119 -0.25
      vertex 22.1533 26.1211 -0.25
    endloop
  endfacet
  facet normal 0 -0 -1
    outer loop
      vertex 8.59766 35.8994 -0.25
      vertex 12.332 36.292 -0.25
      vertex 8.4375 34.6123 -0.25
    endloop
  endfacet
  facet normal 0 0 -1
    outer loop
      vertex 8.59766 35.8994 -0.25
      vertex 9.10352 37.1768 -0.25
      vertex 12.332 36.292 -0.25
    endloop
  endfacet
  facet normal 0 0 -1
    outer loop
      vertex 12.332 36.292 -0.25
      vertex 9.10352 37.1768 -0.25
      vertex 12.249 36.6514 -0.25
    endloop
  endfacet
  facet normal 0 0 -1
    outer loop
      vertex 8.4375 34.6123 -0.25
      vertex 12.332 36.292 -0.25
      vertex 12.6045 35.9463 -0.25
    endloop
  endfacet
  facet normal 0 -0 -1
    outer loop
      vertex 9.4082 37.7109 -0.25
      vertex 12.249 36.6514 -0.25
      vertex 9.2627 37.4541 -0.25
    endloop
  endfacet
  facet normal 0 -0 -1
    outer loop
      vertex 9.2627 37.4541 -0.25
      vertex 12.249 36.6514 -0.25
      vertex 9.10352 37.1768 -0.25
    endloop
  endfacet
  facet normal 0 0 -1
    outer loop
      vertex 9.4082 37.7109 -0.25
      vertex 9.94922 38.4209 -0.25
      vertex 12.249 36.9893 -0.25
    endloop
  endfacet
  facet normal 0 0 -1
    outer loop
      vertex 12.249 36.9893 -0.25
      vertex 9.94922 38.4209 -0.25
      vertex 12.4736 37.6465 -0.25
    endloop
  endfacet
  facet normal 0 0 -1
    outer loop
      vertex 12.4736 37.6465 -0.25
      vertex 9.94922 38.4209 -0.25
      vertex 10.8271 39.3154 -0.25
    endloop
  endfacet
  facet normal 0 0 -1
    outer loop
      vertex 12.5039 40.3242 -0.25
      vertex 13.335 39.8789 -0.25
      vertex 13.3809 39.3379 -0.25
    endloop
  endfacet
  facet normal 0 0 -1
    outer loop
      vertex 12.5039 40.3242 -0.25
      vertex 12.6279 40.3457 -0.25
      vertex 13.0283 40.2471 -0.25
    endloop
  endfacet
  facet normal 0 0 -1
    outer loop
      vertex 13.335 39.8789 -0.25
      vertex 12.5039 40.3242 -0.25
      vertex 13.0283 40.2471 -0.25
    endloop
  endfacet
  facet normal 0 0 -1
    outer loop
      vertex 12.3027 40.293 -0.25
      vertex 12.5039 40.3242 -0.25
      vertex 13.3809 39.3379 -0.25
    endloop
  endfacet
  facet normal 0 0 -1
    outer loop
      vertex 13.2109 38.8672 -0.25
      vertex 12.3027 40.293 -0.25
      vertex 13.3809 39.3379 -0.25
    endloop
  endfacet
  facet normal 0 0 -1
    outer loop
      vertex 12.9785 38.5449 -0.25
      vertex 11.7314 39.9961 -0.25
      vertex 13.1172 38.7383 -0.25
    endloop
  endfacet
  facet normal 0 0 -1
    outer loop
      vertex 12.9785 38.5449 -0.25
      vertex 10.8271 39.3154 -0.25
      vertex 11.7314 39.9961 -0.25
    endloop
  endfacet
  facet normal -0 0 -1
    outer loop
      vertex 12.9785 38.5449 -0.25
      vertex 12.4736 37.6465 -0.25
      vertex 10.8271 39.3154 -0.25
    endloop
  endfacet
  facet normal 0 0 -1
    outer loop
      vertex 12.249 36.6514 -0.25
      vertex 9.4082 37.7109 -0.25
      vertex 12.249 36.9893 -0.25
    endloop
  endfacet
  facet normal 0 -0 -1
    outer loop
      vertex 11.1621 9.12012 -0.25
      vertex 13.9785 7.41504 -0.25
      vertex 10.7236 6.44141 -0.25
    endloop
  endfacet
  facet normal 0 0 -1
    outer loop
      vertex 6.85547 7.9082 -0.25
      vertex 6.05762 5.64746 -0.25
      vertex 5.18945 7.67969 -0.25
    endloop
  endfacet
  facet normal 0 0 -1
    outer loop
      vertex 4.57129 5.44727 -0.25
      vertex 4.63477 7.61523 -0.25
      vertex 5.68457 5.60547 -0.25
    endloop
  endfacet
  facet normal -0 0 -1
    outer loop
      vertex 4.57129 5.44727 -0.25
      vertex 3.60938 5.22559 -0.25
      vertex 3.30469 7.38477 -0.25
    endloop
  endfacet
  facet normal 0 0 -1
    outer loop
      vertex 8.55371 8.22559 -0.25
      vertex 9.92188 8.61426 -0.25
      vertex 10.7236 6.44141 -0.25
    endloop
  endfacet
  facet normal 0 -0 -1
    outer loop
      vertex 10.8594 8.97754 -0.25
      vertex 11.1621 9.12012 -0.25
      vertex 10.7236 6.44141 -0.25
    endloop
  endfacet
  facet normal 0 0 -1
    outer loop
      vertex 14.6182 11.8086 -0.25
      vertex 17.2754 7.38379 -0.25
      vertex 15.4902 8.03223 -0.25
    endloop
  endfacet
  facet normal 0 0 -1
    outer loop
      vertex 16.7061 19.7676 -0.25
      vertex 24.8418 20.3809 -0.25
      vertex 24.3564 14.2627 -0.25
    endloop
  endfacet
  facet normal -0 0 -1
    outer loop
      vertex 23.1553 13.1426 -0.25
      vertex 22.542 13.0771 -0.25
      vertex 24.2646 14.1426 -0.25
    endloop
  endfacet
  facet normal 0 0 -1
    outer loop
      vertex 9.05273 32.2227 -0.25
      vertex 12.7734 35.7871 -0.25
      vertex 9.4873 31.5732 -0.25
    endloop
  endfacet
  facet normal 0 0 -1
    outer loop
      vertex 9.4873 31.5732 -0.25
      vertex 12.7734 35.7871 -0.25
      vertex 13.6836 35.2832 -0.25
    endloop
  endfacet
  facet normal 0 0 -1
    outer loop
      vertex 10.2783 30.6162 -0.25
      vertex 9.4873 31.5732 -0.25
      vertex 13.6836 35.2832 -0.25
    endloop
  endfacet
  facet normal 0 0 -1
    outer loop
      vertex 11.1953 29.7061 -0.25
      vertex 10.2783 30.6162 -0.25
      vertex 13.6836 35.2832 -0.25
    endloop
  endfacet
  facet normal -0 0 -1
    outer loop
      vertex 13.7891 35.2549 -0.25
      vertex 11.1953 29.7061 -0.25
      vertex 13.6836 35.2832 -0.25
    endloop
  endfacet
  facet normal 0 -0 -1
    outer loop
      vertex 13.7891 35.2549 -0.25
      vertex 14.4375 35.0693 -0.25
      vertex 11.1953 29.7061 -0.25
    endloop
  endfacet
  facet normal 0 0 -1
    outer loop
      vertex 11.1953 29.7061 -0.25
      vertex 14.4375 35.0693 -0.25
      vertex 11.877 29.1357 -0.25
    endloop
  endfacet
  facet normal 0 0 -1
    outer loop
      vertex 16.7305 36.9688 -0.25
      vertex 18.1777 37.585 -0.25
      vertex 21.5801 33.2646 -0.25
    endloop
  endfacet
  facet normal 0 0 -1
    outer loop
      vertex 29.2422 31.666 -0.25
      vertex 27.1533 31.4619 -0.25
      vertex 27.1543 31.5596 -0.25
    endloop
  endfacet
  facet normal 0 0 -1
    outer loop
      vertex 17.2227 21.2119 -0.25
      vertex 16.9902 21.6807 -0.25
      vertex 22.1533 26.1211 -0.25
    endloop
  endfacet
  facet normal -0 0 -1
    outer loop
      vertex 22.4814 31.1436 -0.25
      vertex 21.5205 29.085 -0.25
      vertex 22.1426 31.5898 -0.25
    endloop
  endfacet
  facet normal 0 0 -1
    outer loop
      vertex 22.2471 12.9688 -0.25
      vertex 15.7217 15.7285 -0.25
      vertex 15.7217 16.2236 -0.25
    endloop
  endfacet
  facet normal 0 0 -1
    outer loop
      vertex 24.3564 14.2627 -0.25
      vertex 24.2646 14.1426 -0.25
      vertex 22.542 13.0771 -0.25
    endloop
  endfacet
  facet normal 0 0 -1
    outer loop
      vertex 29.6426 30.333 -0.25
      vertex 27.1533 31.4619 -0.25
      vertex 29.4541 30.9717 -0.25
    endloop
  endfacet
  facet normal -0 -0 -1
    outer loop
      vertex 29.7852 29.6982 -0.25
      vertex 29.8018 29.5947 -0.25
      vertex 27.1533 31.4619 -0.25
    endloop
  endfacet
  facet normal 0 0 -1
    outer loop
      vertex 25.5254 20.7412 -0.25
      vertex 22.6553 26.0479 -0.25
      vertex 25.6201 20.793 -0.25
    endloop
  endfacet
  facet normal 0 0 -1
    outer loop
      vertex 27.1338 21.7588 -0.25
      vertex 22.6553 26.0479 -0.25
      vertex 27.2607 21.8457 -0.25
    endloop
  endfacet
  facet normal -0 0 -1
    outer loop
      vertex 27.1338 21.7588 -0.25
      vertex 27.0078 21.6699 -0.25
      vertex 22.6553 26.0479 -0.25
    endloop
  endfacet
  facet normal 0 0 -1
    outer loop
      vertex 22.6553 26.0479 -0.25
      vertex 27.0078 21.6699 -0.25
      vertex 26.2861 21.1943 -0.25
    endloop
  endfacet
  facet normal 0 0 -1
    outer loop
      vertex 25.6201 20.793 -0.25
      vertex 22.6553 26.0479 -0.25
      vertex 26.2861 21.1943 -0.25
    endloop
  endfacet
  facet normal 0 0 -1
    outer loop
      vertex 24.8418 20.3809 -0.25
      vertex 17.2266 20.9893 -0.25
      vertex 17.2266 21.1104 -0.25
    endloop
  endfacet
  facet normal 0 0 -1
    outer loop
      vertex 24.8418 20.3809 -0.25
      vertex 17.0742 20.6221 -0.25
      vertex 17.2266 20.9893 -0.25
    endloop
  endfacet
  facet normal 0 0 -1
    outer loop
      vertex 16.5322 19.3955 -0.25
      vertex 16.7061 19.7676 -0.25
      vertex 24.3564 14.2627 -0.25
    endloop
  endfacet
  facet normal 0 0 -1
    outer loop
      vertex 16.7061 19.7676 -0.25
      vertex 16.7773 19.9219 -0.25
      vertex 24.8418 20.3809 -0.25
    endloop
  endfacet
  facet normal 0 0 -1
    outer loop
      vertex 24.0273 12.8506 -0.25
      vertex 26.2285 10.8164 -0.25
      vertex 26.0576 10.625 -0.25
    endloop
  endfacet
  facet normal -0 0 -1
    outer loop
      vertex 22.2471 12.9688 -0.25
      vertex 17.2754 7.38379 -0.25
      vertex 15.4463 13.5928 -0.25
    endloop
  endfacet
  facet normal 0 0 -1
    outer loop
      vertex 13.2002 10.332 -0.25
      vertex 15.2109 7.92773 -0.25
      vertex 14.6709 7.70508 -0.25
    endloop
  endfacet
  facet normal 0 0 -1
    outer loop
      vertex 14.541 7.64941 -0.25
      vertex 13.2002 10.332 -0.25
      vertex 14.6709 7.70508 -0.25
    endloop
  endfacet
  facet normal 0 0 -1
    outer loop
      vertex 15.4902 8.03223 -0.25
      vertex 13.2002 10.332 -0.25
      vertex 14.6182 11.8086 -0.25
    endloop
  endfacet
  facet normal 0 0 -1
    outer loop
      vertex 24.0098 12.9795 -0.25
      vertex 23.9863 12.998 -0.25
      vertex 24.2861 13.9043 -0.25
    endloop
  endfacet
  facet normal 0 -0 -1
    outer loop
      vertex 24.8418 20.3809 -0.25
      vertex 25.0391 15.127 -0.25
      vertex 24.3564 14.2627 -0.25
    endloop
  endfacet
  facet normal 0 0 -1
    outer loop
      vertex 24.2861 13.9043 -0.25
      vertex 23.9863 12.998 -0.25
      vertex 23.957 13.0215 -0.25
    endloop
  endfacet
  facet normal -0 0 -1
    outer loop
      vertex 15.4902 8.03223 -0.25
      vertex 15.2109 7.92773 -0.25
      vertex 13.2002 10.332 -0.25
    endloop
  endfacet
  facet normal -0 0 -1
    outer loop
      vertex 14.541 7.64941 -0.25
      vertex 13.9785 7.41504 -0.25
      vertex 13.2002 10.332 -0.25
    endloop
  endfacet
  facet normal 0 -0 -1
    outer loop
      vertex 11.6973 9.36816 -0.25
      vertex 13.9785 7.41504 -0.25
      vertex 11.1621 9.12012 -0.25
    endloop
  endfacet
  facet normal 0 -0 -1
    outer loop
      vertex 13.2002 10.332 -0.25
      vertex 13.9785 7.41504 -0.25
      vertex 11.6973 9.36816 -0.25
    endloop
  endfacet
  facet normal 0 0 -1
    outer loop
      vertex 9.92188 8.61426 -0.25
      vertex 10.8594 8.97754 -0.25
      vertex 10.7236 6.44141 -0.25
    endloop
  endfacet
  facet normal 0 0 -1
    outer loop
      vertex 6.90234 5.74414 -0.25
      vertex 8.55371 8.22559 -0.25
      vertex 10.7236 6.44141 -0.25
    endloop
  endfacet
  facet normal 0 0 -1
    outer loop
      vertex 6.90234 5.74414 -0.25
      vertex 6.85547 7.9082 -0.25
      vertex 8.55371 8.22559 -0.25
    endloop
  endfacet
  facet normal -0 0 -1
    outer loop
      vertex 6.90234 5.74414 -0.25
      vertex 6.05762 5.64746 -0.25
      vertex 6.85547 7.9082 -0.25
    endloop
  endfacet
  facet normal -0 0 -1
    outer loop
      vertex 6.05762 5.64746 -0.25
      vertex 5.68457 5.60547 -0.25
      vertex 5.18945 7.67969 -0.25
    endloop
  endfacet
  facet normal 0 -0 -1
    outer loop
      vertex 5.18945 7.67969 -0.25
      vertex 5.68457 5.60547 -0.25
      vertex 4.63477 7.61523 -0.25
    endloop
  endfacet
  facet normal 0 0 -1
    outer loop
      vertex 4.63477 7.61523 -0.25
      vertex 4.57129 5.44727 -0.25
      vertex 4.2998 7.57812 -0.25
    endloop
  endfacet
  facet normal 0 -0 -1
    outer loop
      vertex 4.2998 7.57812 -0.25
      vertex 4.57129 5.44727 -0.25
      vertex 3.30469 7.38477 -0.25
    endloop
  endfacet
  facet normal 0 -0 -1
    outer loop
      vertex 3.30469 7.38477 -0.25
      vertex 3.60938 5.22559 -0.25
      vertex 2.14746 7.0166 -0.25
    endloop
  endfacet
  facet normal 0 0 -1
    outer loop
      vertex 2.14746 7.0166 -0.25
      vertex 3.60938 5.22559 -0.25
      vertex 3.08105 4.95117 -0.25
    endloop
  endfacet
  facet normal 0 0 -1
    outer loop
      vertex 1.20703 6.53223 -0.25
      vertex 2.14746 7.0166 -0.25
      vertex 3.08105 4.95117 -0.25
    endloop
  endfacet
  facet normal 0 0 -1
    outer loop
      vertex 2.90723 4.68848 -0.25
      vertex 0.508789 5.91406 -0.25
      vertex 0.537109 5.94922 -0.25
    endloop
  endfacet
  facet normal 0 0 -1
    outer loop
      vertex 0.169922 5.2666 -0.25
      vertex 0.335938 5.625 -0.25
      vertex 2.90723 4.68848 -0.25
    endloop
  endfacet
  facet normal 0 0 -1
    outer loop
      vertex 2.89844 4.59473 -0.25
      vertex 0.169922 5.2666 -0.25
      vertex 2.90723 4.68848 -0.25
    endloop
  endfacet
  facet normal 0 0 -1
    outer loop
      vertex 2.89844 4.59473 -0.25
      vertex 0.143555 5.19629 -0.25
      vertex 0.169922 5.2666 -0.25
    endloop
  endfacet
  facet normal -0 0 -1
    outer loop
      vertex 2.89844 4.59473 -0.25
      vertex 2.8916 4.53418 -0.25
      vertex 0.143555 5.19629 -0.25
    endloop
  endfacet
  facet normal 0 0 -1
    outer loop
      vertex 0.0537109 4.2793 -0.25
      vertex 0.000976562 4.69043 -0.25
      vertex 0.0996094 5.09082 -0.25
    endloop
  endfacet
  facet normal -0 0 -1
    outer loop
      vertex 2.8916 4.53418 -0.25
      vertex 0.0537109 4.2793 -0.25
      vertex 0.143555 5.19629 -0.25
    endloop
  endfacet
  facet normal 0 0 -1
    outer loop
      vertex 2.8916 4.53418 -0.25
      vertex 0.0849609 4.16602 -0.25
      vertex 0.0537109 4.2793 -0.25
    endloop
  endfacet
  facet normal 0 0 -1
    outer loop
      vertex 2.8916 4.53418 -0.25
      vertex 0.148438 3.92285 -0.25
      vertex 0.0849609 4.16602 -0.25
    endloop
  endfacet
  facet normal 0 0 -1
    outer loop
      vertex 2.8916 4.53418 -0.25
      vertex 0.540039 3.24707 -0.25
      vertex 0.148438 3.92285 -0.25
    endloop
  endfacet
  facet normal 0 -0 -1
    outer loop
      vertex 2.8916 4.53418 -0.25
      vertex 2.94531 4.31738 -0.25
      vertex 0.540039 3.24707 -0.25
    endloop
  endfacet
  facet normal 0 -0 -1
    outer loop
      vertex 2.94531 4.31738 -0.25
      vertex 3.16699 4.14648 -0.25
      vertex 1.36816 2.5332 -0.25
    endloop
  endfacet
  facet normal 0 -0 -1
    outer loop
      vertex 3.16699 4.14648 -0.25
      vertex 3.24512 4.1084 -0.25
      vertex 2.56738 2.02539 -0.25
    endloop
  endfacet
  facet normal 0 0 -1
    outer loop
      vertex 2.56738 2.02539 -0.25
      vertex 3.35645 4.05664 -0.25
      vertex 4.05371 3.82812 -0.25
    endloop
  endfacet
  facet normal 0 0 -1
    outer loop
      vertex 5.23926 0.834961 -0.25
      vertex 6.30566 0.107422 -0.25
      vertex 5.41309 0.0615234 -0.25
    endloop
  endfacet
  facet normal 0 0 -1
    outer loop
      vertex 3.74023 1.76953 -0.25
      vertex 4.05371 3.82812 -0.25
      vertex 4.13672 1.72363 -0.25
    endloop
  endfacet
  facet normal 0 -0 -1
    outer loop
      vertex 4.89062 3.65723 -0.25
      vertex 5.07422 3.63379 -0.25
      vertex 4.88672 1.6123 -0.25
    endloop
  endfacet
  facet normal 0 -0 -1
    outer loop
      vertex 5.18945 3.61914 -0.25
      vertex 5.54688 3.61426 -0.25
      vertex 4.88672 1.6123 -0.25
    endloop
  endfacet
  facet normal 0 0 -1
    outer loop
      vertex 5.27051 1.44824 -0.25
      vertex 7.5459 0.200195 -0.25
      vertex 5.34961 1.17285 -0.25
    endloop
  endfacet
  facet normal 0 0 -1
    outer loop
      vertex 5.27051 1.44824 -0.25
      vertex 5.8418 3.73145 -0.25
      vertex 7.5459 0.200195 -0.25
    endloop
  endfacet
  facet normal 0 0 -1
    outer loop
      vertex 6.30566 0.107422 -0.25
      vertex 5.34961 1.17285 -0.25
      vertex 7.5459 0.200195 -0.25
    endloop
  endfacet
  facet normal 0 -0 -1
    outer loop
      vertex 5.23926 0.834961 -0.25
      vertex 5.41309 0.0615234 -0.25
      vertex 5.18945 0.728516 -0.25
    endloop
  endfacet
  facet normal 0 -0 -1
    outer loop
      vertex 5.18945 0.728516 -0.25
      vertex 5.41309 0.0615234 -0.25
      vertex 5.14551 0.639648 -0.25
    endloop
  endfacet
  facet normal 0 -0 -1
    outer loop
      vertex 5.14551 0.639648 -0.25
      vertex 5.41309 0.0615234 -0.25
      vertex 5.02344 0.297852 -0.25
    endloop
  endfacet
  facet normal 0 0 -1
    outer loop
      vertex 5.02344 0.297852 -0.25
      vertex 5.41309 0.0615234 -0.25
      vertex 5.07715 0.0439453 -0.25
    endloop
  endfacet
  facet normal 0 0 -1
    outer loop
      vertex 5.03906 0.0810547 -0.25
      vertex 5.02148 0.0996094 -0.25
      vertex 5.02344 0.297852 -0.25
    endloop
  endfacet
  facet normal 0 0 -1
    outer loop
      vertex 5.07715 0.0439453 -0.25
      vertex 5.03906 0.0810547 -0.25
      vertex 5.02344 0.297852 -0.25
    endloop
  endfacet
  facet normal 0 0 -1
    outer loop
      vertex 22.3477 26.9189 -0.25
      vertex 22.2969 27.0137 -0.25
      vertex 23.1416 30.4395 -0.25
    endloop
  endfacet
  facet normal -0 0 -1
    outer loop
      vertex 21.6738 26.7285 -0.25
      vertex 16.209 22.3037 -0.25
      vertex 21.5488 27.041 -0.25
    endloop
  endfacet
  facet normal 0 0 -1
    outer loop
      vertex 12.9209 28.4258 -0.25
      vertex 14.4375 35.0693 -0.25
      vertex 21.5205 29.085 -0.25
    endloop
  endfacet
  facet normal 0 0 -1
    outer loop
      vertex 21.5879 32.7559 -0.25
      vertex 14.4375 35.0693 -0.25
      vertex 21.543 33.0908 -0.25
    endloop
  endfacet
  facet normal 0 0 -1
    outer loop
      vertex 21.543 33.0908 -0.25
      vertex 14.4375 35.0693 -0.25
      vertex 15.2354 35.8564 -0.25
    endloop
  endfacet
  facet normal -0 0 -1
    outer loop
      vertex 21.5664 33.1943 -0.25
      vertex 21.543 33.0908 -0.25
      vertex 21.5801 33.2646 -0.25
    endloop
  endfacet
  facet normal 0 0 -1
    outer loop
      vertex 21.5801 33.2646 -0.25
      vertex 18.1777 37.585 -0.25
      vertex 18.4883 37.6621 -0.25
    endloop
  endfacet
  facet normal -0 0 -1
    outer loop
      vertex 21.8242 33.6465 -0.25
      vertex 21.5801 33.2646 -0.25
      vertex 18.7344 37.7256 -0.25
    endloop
  endfacet
  facet normal 0 -0 -1
    outer loop
      vertex 20.8096 37.8047 -0.25
      vertex 21.8242 33.6465 -0.25
      vertex 19.5059 37.7969 -0.25
    endloop
  endfacet
  facet normal 0 0 -1
    outer loop
      vertex 20.8096 37.8047 -0.25
      vertex 22.082 33.8887 -0.25
      vertex 21.8242 33.6465 -0.25
    endloop
  endfacet
  facet normal -0 0 -1
    outer loop
      vertex 23.4512 37.4307 -0.25
      vertex 22.1865 33.8887 -0.25
      vertex 23.2451 37.4883 -0.25
    endloop
  endfacet
  facet normal 0 0 -1
    outer loop
      vertex 26.2773 33.6338 -0.25
      vertex 22.2402 33.7734 -0.25
      vertex 22.1865 33.8887 -0.25
    endloop
  endfacet
  facet normal 0 0 -1
    outer loop
      vertex 22.6455 32.9902 -0.25
      vertex 22.4072 33.457 -0.25
      vertex 26.2773 33.6338 -0.25
    endloop
  endfacet
  facet normal 0 -0 -1
    outer loop
      vertex 26.2617 33.4404 -0.25
      vertex 26.3867 32.9971 -0.25
      vertex 22.9336 32.418 -0.25
    endloop
  endfacet
  facet normal 0 0 -1
    outer loop
      vertex 23.6621 30.9365 -0.25
      vertex 26.8896 31.6885 -0.25
      vertex 26.9971 31.501 -0.25
    endloop
  endfacet
  facet normal 0 0 -1
    outer loop
      vertex 29.8018 29.5947 -0.25
      vertex 27.0947 31.458 -0.25
      vertex 27.1533 31.4619 -0.25
    endloop
  endfacet
  facet normal -0 0 -1
    outer loop
      vertex 29.4766 33.5801 -0.25
      vertex 26.4805 33.2988 -0.25
      vertex 29.6221 34.1465 -0.25
    endloop
  endfacet
  facet normal 0 0 -1
    outer loop
      vertex 27.0547 31.458 -0.25
      vertex 29.8018 29.5947 -0.25
      vertex 29.9512 29.168 -0.25
    endloop
  endfacet
  facet normal 0 0 -1
    outer loop
      vertex 27.0547 31.458 -0.25
      vertex 22.5449 26.5146 -0.25
      vertex 23.4072 30.6816 -0.25
    endloop
  endfacet
  facet normal 0 0 -1
    outer loop
      vertex 27.1543 31.5596 -0.25
      vertex 27.0469 31.8799 -0.25
      vertex 29.1992 32.1729 -0.25
    endloop
  endfacet
  facet normal 0 0 -1
    outer loop
      vertex 26.7432 32.6914 -0.25
      vertex 29.2959 32.8232 -0.25
      vertex 26.7988 32.5469 -0.25
    endloop
  endfacet
  facet normal 0 -0 -1
    outer loop
      vertex 26.9971 31.501 -0.25
      vertex 27.0547 31.458 -0.25
      vertex 23.6621 30.9365 -0.25
    endloop
  endfacet
  facet normal 0 0 -1
    outer loop
      vertex 27.0547 31.458 -0.25
      vertex 23.4072 30.6816 -0.25
      vertex 23.6621 30.9365 -0.25
    endloop
  endfacet
  facet normal 0 0 -1
    outer loop
      vertex 23.6621 30.9365 -0.25
      vertex 26.7148 32.1182 -0.25
      vertex 26.8896 31.6885 -0.25
    endloop
  endfacet
  facet normal 0 0 -1
    outer loop
      vertex 23.6621 30.9365 -0.25
      vertex 26.498 32.6914 -0.25
      vertex 26.7148 32.1182 -0.25
    endloop
  endfacet
  facet normal 0 0 -1
    outer loop
      vertex 23.6621 30.9365 -0.25
      vertex 26.3867 32.9971 -0.25
      vertex 26.4277 32.8818 -0.25
    endloop
  endfacet
  facet normal 0 0 -1
    outer loop
      vertex 23.6621 30.9365 -0.25
      vertex 26.4277 32.8818 -0.25
      vertex 26.498 32.6914 -0.25
    endloop
  endfacet
  facet normal 0 0 -1
    outer loop
      vertex 26.2939 33.6279 -0.25
      vertex 28.8848 37.5449 -0.25
      vertex 29.502 36.3467 -0.25
    endloop
  endfacet
  facet normal 0 0 -1
    outer loop
      vertex 26.2617 33.4404 -0.25
      vertex 22.9336 32.418 -0.25
      vertex 22.6455 32.9902 -0.25
    endloop
  endfacet
  facet normal -0 0 -1
    outer loop
      vertex 26.2773 33.6338 -0.25
      vertex 22.4072 33.457 -0.25
      vertex 22.2402 33.7734 -0.25
    endloop
  endfacet
  facet normal 0 -0 -1
    outer loop
      vertex 24.5205 37.166 -0.25
      vertex 26.2773 33.6338 -0.25
      vertex 22.1865 33.8887 -0.25
    endloop
  endfacet
  facet normal 0 0 -1
    outer loop
      vertex 26.2773 33.6338 -0.25
      vertex 28.8848 37.5449 -0.25
      vertex 26.2939 33.6279 -0.25
    endloop
  endfacet
  facet normal 0 0 -1
    outer loop
      vertex 26.2773 33.6338 -0.25
      vertex 24.71 37.1973 -0.25
      vertex 28.8848 37.5449 -0.25
    endloop
  endfacet
  facet normal 0 0 -1
    outer loop
      vertex 26.2939 33.6279 -0.25
      vertex 29.6221 34.1465 -0.25
      vertex 26.4805 33.2988 -0.25
    endloop
  endfacet
  facet normal 0 0 -1
    outer loop
      vertex 26.4805 33.2988 -0.25
      vertex 29.4766 33.5801 -0.25
      vertex 26.7432 32.6914 -0.25
    endloop
  endfacet
  facet normal -0 0 -1
    outer loop
      vertex 29.2959 32.8232 -0.25
      vertex 26.7432 32.6914 -0.25
      vertex 29.4766 33.5801 -0.25
    endloop
  endfacet
  facet normal 0 0 -1
    outer loop
      vertex 26.8604 32.3809 -0.25
      vertex 26.7988 32.5469 -0.25
      vertex 29.2959 32.8232 -0.25
    endloop
  endfacet
  facet normal 0 0 -1
    outer loop
      vertex 29.1992 32.1729 -0.25
      vertex 26.8604 32.3809 -0.25
      vertex 29.2959 32.8232 -0.25
    endloop
  endfacet
  facet normal -0 0 -1
    outer loop
      vertex 29.1992 32.1729 -0.25
      vertex 27.0469 31.8799 -0.25
      vertex 26.8604 32.3809 -0.25
    endloop
  endfacet
  facet normal -0 0 -1
    outer loop
      vertex 29.2422 31.666 -0.25
      vertex 27.1543 31.5596 -0.25
      vertex 29.1992 32.1729 -0.25
    endloop
  endfacet
  facet normal 0 0 -1
    outer loop
      vertex 29.3643 31.2305 -0.25
      vertex 27.1533 31.4619 -0.25
      vertex 29.2422 31.666 -0.25
    endloop
  endfacet
  facet normal -0 0 -1
    outer loop
      vertex 23.1416 30.4395 -0.25
      vertex 21.5205 29.085 -0.25
      vertex 22.6084 31.0068 -0.25
    endloop
  endfacet
  facet normal -0 -0 -1
    outer loop
      vertex 21.7178 26.6895 -0.25
      vertex 22.1357 26.1523 -0.25
      vertex 21.6738 26.7285 -0.25
    endloop
  endfacet
  facet normal 0 0 -1
    outer loop
      vertex 21.5488 27.041 -0.25
      vertex 14.9443 23.3301 -0.25
      vertex 13.9785 24.5723 -0.25
    endloop
  endfacet
  facet normal 0 0 -1
    outer loop
      vertex 21.7285 28.3906 -0.25
      vertex 23.1416 30.4395 -0.25
      vertex 21.7549 28.2949 -0.25
    endloop
  endfacet
  facet normal 0 0 -1
    outer loop
      vertex 13.3252 26.0049 -0.25
      vertex 21.5488 27.041 -0.25
      vertex 13.9785 24.5723 -0.25
    endloop
  endfacet
  facet normal 0 0 -1
    outer loop
      vertex 22.4922 26.1348 -0.25
      vertex 22.6055 26.2705 -0.25
      vertex 22.5342 26.1162 -0.25
    endloop
  endfacet
  facet normal 0 0 -1
    outer loop
      vertex 13.3252 26.0049 -0.25
      vertex 21.5166 27.7432 -0.25
      vertex 21.5488 27.041 -0.25
    endloop
  endfacet
  facet normal 0 0 -1
    outer loop
      vertex 13.0391 27.2012 -0.25
      vertex 21.5166 27.7432 -0.25
      vertex 13.3252 26.0049 -0.25
    endloop
  endfacet
  facet normal 0 0 -1
    outer loop
      vertex 13.0391 27.2012 -0.25
      vertex 13.002 27.6035 -0.25
      vertex 21.5166 27.7432 -0.25
    endloop
  endfacet
  facet normal -0 0 -1
    outer loop
      vertex 21.5166 27.7432 -0.25
      vertex 13.002 27.6035 -0.25
      vertex 21.5205 27.9746 -0.25
    endloop
  endfacet
  facet normal -0 0 -1
    outer loop
      vertex 21.5205 27.9746 -0.25
      vertex 13.002 27.6035 -0.25
      vertex 12.9209 28.4258 -0.25
    endloop
  endfacet
  facet normal -0 0 -1
    outer loop
      vertex 21.792 32.1963 -0.25
      vertex 21.5205 29.085 -0.25
      vertex 21.5879 32.7559 -0.25
    endloop
  endfacet
  facet normal 0 -0 -1
    outer loop
      vertex 21.5205 29.085 -0.25
      vertex 21.5205 27.9746 -0.25
      vertex 12.9209 28.4258 -0.25
    endloop
  endfacet
  facet normal 0 0 -1
    outer loop
      vertex 23.1416 30.4395 -0.25
      vertex 21.7285 28.3906 -0.25
      vertex 21.5205 29.085 -0.25
    endloop
  endfacet
  facet normal 0 0 -1
    outer loop
      vertex 21.9727 27.6982 -0.25
      vertex 21.7549 28.2949 -0.25
      vertex 23.1416 30.4395 -0.25
    endloop
  endfacet
  facet normal 0 0 -1
    outer loop
      vertex 23.1416 30.4395 -0.25
      vertex 22.2441 27.1074 -0.25
      vertex 21.9727 27.6982 -0.25
    endloop
  endfacet
  facet normal 0 0 -1
    outer loop
      vertex 23.1416 30.4395 -0.25
      vertex 22.2969 27.0137 -0.25
      vertex 22.2441 27.1074 -0.25
    endloop
  endfacet
  facet normal 0 0 -1
    outer loop
      vertex 22.5449 26.5146 -0.25
      vertex 22.3477 26.9189 -0.25
      vertex 23.1416 30.4395 -0.25
    endloop
  endfacet
  facet normal 0 0 -1
    outer loop
      vertex 23.4072 30.6816 -0.25
      vertex 22.5449 26.5146 -0.25
      vertex 23.1416 30.4395 -0.25
    endloop
  endfacet
  facet normal -0 0 -1
    outer loop
      vertex 29.9512 29.168 -0.25
      vertex 22.626 26.292 -0.25
      vertex 27.0547 31.458 -0.25
    endloop
  endfacet
  facet normal 0 -0 -1
    outer loop
      vertex 22.6055 26.2705 -0.25
      vertex 22.6553 26.0479 -0.25
      vertex 22.5342 26.1162 -0.25
    endloop
  endfacet
  facet normal 0 0 -1
    outer loop
      vertex 46.8877 7.79004 -0.25
      vertex 47.6016 7.76074 -0.25
      vertex 47.3223 6.95312 -0.25
    endloop
  endfacet
  facet normal -0 0 -1
    outer loop
      vertex 56.7969 8.00781 -0.25
      vertex 56.4619 7.41016 -0.25
      vertex 52.3076 12.1504 -0.25
    endloop
  endfacet
  facet normal -0 0 -1
    outer loop
      vertex 58.1377 10.8613 -0.25
      vertex 57.8311 9.8457 -0.25
      vertex 53.4453 13.2305 -0.25
    endloop
  endfacet
  facet normal 0 -0 -1
    outer loop
      vertex 47.377 8.17578 -0.25
      vertex 47.5938 7.76953 -0.25
      vertex 46.8877 7.79004 -0.25
    endloop
  endfacet
  facet normal -0 -0 -1
    outer loop
      vertex 47.5938 7.76953 -0.25
      vertex 47.6016 7.76074 -0.25
      vertex 46.8877 7.79004 -0.25
    endloop
  endfacet
  facet normal 0 0 -1
    outer loop
      vertex 46.7939 9.27734 -0.25
      vertex 47.377 8.17578 -0.25
      vertex 46.8877 7.79004 -0.25
    endloop
  endfacet
  facet normal 0 0 -1
    outer loop
      vertex 45.9395 10.8975 -0.25
      vertex 46.7939 9.27734 -0.25
      vertex 46.0654 9.36816 -0.25
    endloop
  endfacet
  facet normal -0 0 -1
    outer loop
      vertex 58.2979 11.3809 -0.25
      vertex 58.1377 10.8613 -0.25
      vertex 54.292 14.0439 -0.25
    endloop
  endfacet
  facet normal 0 0 -1
    outer loop
      vertex 56.9834 18.0098 -0.25
      vertex 58.5059 18.5059 -0.25
      vertex 58.7607 17.7148 -0.25
    endloop
  endfacet
  facet normal -0 -0 -1
    outer loop
      vertex 45.9395 10.8975 -0.25
      vertex 46.0654 9.36816 -0.25
      vertex 45.1006 11.2129 -0.25
    endloop
  endfacet
  facet normal 0 -0 -1
    outer loop
      vertex 57.5615 21.0303 -0.25
      vertex 57.7051 20.6582 -0.25
      vertex 57.04 20.7354 -0.25
    endloop
  endfacet
  facet normal 0 0 -1
    outer loop
      vertex 43.5908 14.0811 -0.25
      vertex 44.9004 12.8691 -0.25
      vertex 44.1016 13.1133 -0.25
    endloop
  endfacet
  facet normal 0 0 -1
    outer loop
      vertex 58.5059 18.5059 -0.25
      vertex 57.6543 19.1895 -0.25
      vertex 58.1328 19.5381 -0.25
    endloop
  endfacet
  facet normal 0 0 -1
    outer loop
      vertex 55.8262 25.8799 -0.25
      vertex 56.3467 26.1924 -0.25
      vertex 56.4209 25.6494 -0.25
    endloop
  endfacet
  facet normal -0 0 -1
    outer loop
      vertex 42.2275 17.9629 -0.25
      vertex 42.0703 16.9873 -0.25
      vertex 40.5518 19.9375 -0.25
    endloop
  endfacet
  facet normal -0 0 -1
    outer loop
      vertex 43.709 19.4102 -0.25
      vertex 42.2275 17.9629 -0.25
      vertex 40.5518 19.9375 -0.25
    endloop
  endfacet
  facet normal 0 0 -1
    outer loop
      vertex 44.3848 20.0518 -0.25
      vertex 39.4521 22.1406 -0.25
      vertex 45.127 20.7256 -0.25
    endloop
  endfacet
  facet normal -0 0 -1
    outer loop
      vertex 52.4121 18.1074 -0.25
      vertex 48.7656 16.7471 -0.25
      vertex 52.4121 18.1855 -0.25
    endloop
  endfacet
  facet normal 0 0 -1
    outer loop
      vertex 40.4209 29.4316 -0.25
      vertex 47.752 22.8896 -0.25
      vertex 46.7773 22.1074 -0.25
    endloop
  endfacet
  facet normal 0 0 -1
    outer loop
      vertex 50.2363 25.4775 -0.25
      vertex 40.4209 29.4316 -0.25
      vertex 50.7832 25.9375 -0.25
    endloop
  endfacet
  facet normal 0 0 -1
    outer loop
      vertex 50.7832 25.9375 -0.25
      vertex 49.3682 36.9561 -0.25
      vertex 52.2969 34.8604 -0.25
    endloop
  endfacet
  facet normal -0 0 -1
    outer loop
      vertex 51.627 26.4902 -0.25
      vertex 50.7832 25.9375 -0.25
      vertex 52.8281 34.0732 -0.25
    endloop
  endfacet
  facet normal -0 0 -1
    outer loop
      vertex 53.1006 33.627 -0.25
      vertex 51.627 26.4902 -0.25
      vertex 52.8281 34.0732 -0.25
    endloop
  endfacet
  facet normal -0 0 -1
    outer loop
      vertex 50.6523 20.3936 -0.25
      vertex 47.666 18.9922 -0.25
      vertex 50.582 20.5381 -0.25
    endloop
  endfacet
  facet normal -0 0 -1
    outer loop
      vertex 53.0322 27.3721 -0.25
      vertex 52.0762 26.7451 -0.25
      vertex 53.8359 32.2754 -0.25
    endloop
  endfacet
  facet normal 0 0 -1
    outer loop
      vertex 47.585 17.8701 -0.25
      vertex 47.666 18.9922 -0.25
      vertex 48.4658 17.1289 -0.25
    endloop
  endfacet
  facet normal 0 0 -1
    outer loop
      vertex 47.666 20.709 -0.25
      vertex 47.6758 21.3779 -0.25
      vertex 48.1777 21.8252 -0.25
    endloop
  endfacet
  facet normal -0 0 -1
    outer loop
      vertex 57.7051 20.6582 -0.25
      vertex 57.1572 20.4395 -0.25
      vertex 57.04 20.7354 -0.25
    endloop
  endfacet
  facet normal -0 0 -1
    outer loop
      vertex 54.1152 31.7168 -0.25
      vertex 53.0322 27.3721 -0.25
      vertex 53.8359 32.2754 -0.25
    endloop
  endfacet
  facet normal 0 -0 -1
    outer loop
      vertex 53.1006 33.627 -0.25
      vertex 53.4512 33.001 -0.25
      vertex 51.627 26.4902 -0.25
    endloop
  endfacet
  facet normal 0 0 -1
    outer loop
      vertex 50.6523 20.3936 -0.25
      vertex 50.6689 20.4033 -0.25
      vertex 52.4121 18.1855 -0.25
    endloop
  endfacet
  facet normal 0 0 -1
    outer loop
      vertex 51.627 26.4902 -0.25
      vertex 53.4512 33.001 -0.25
      vertex 51.834 26.6084 -0.25
    endloop
  endfacet
  facet normal 0 0 -1
    outer loop
      vertex 56.8672 23.3203 -0.25
      vertex 56.7256 21.6367 -0.25
      vertex 56.3828 22.8516 -0.25
    endloop
  endfacet
  facet normal 0 -0 -1
    outer loop
      vertex 52.5488 21.5928 -0.25
      vertex 52.6699 21.4131 -0.25
      vertex 51.6611 21.5166 -0.25
    endloop
  endfacet
  facet normal 0 -0 -1
    outer loop
      vertex 54.2861 19.6787 -0.25
      vertex 54.3447 19.6523 -0.25
      vertex 53.5918 18.8311 -0.25
    endloop
  endfacet
  facet normal -0 0 -1
    outer loop
      vertex 52.0762 26.7451 -0.25
      vertex 51.834 26.6084 -0.25
      vertex 53.8359 32.2754 -0.25
    endloop
  endfacet
  facet normal 0 0 -1
    outer loop
      vertex 51.834 26.6084 -0.25
      vertex 53.4512 33.001 -0.25
      vertex 53.8359 32.2754 -0.25
    endloop
  endfacet
  facet normal 0 0 -1
    outer loop
      vertex 53.0322 27.3721 -0.25
      vertex 54.2051 31.5283 -0.25
      vertex 53.8076 28.0391 -0.25
    endloop
  endfacet
  facet normal 0 -0 -1
    outer loop
      vertex 54.1152 31.7168 -0.25
      vertex 54.2051 31.5283 -0.25
      vertex 53.0322 27.3721 -0.25
    endloop
  endfacet
  facet normal 0 0 -1
    outer loop
      vertex 54.5576 30.8154 -0.25
      vertex 54.0752 28.3076 -0.25
      vertex 53.9629 28.1943 -0.25
    endloop
  endfacet
  facet normal 0 0 -1
    outer loop
      vertex 54.291 31.3506 -0.25
      vertex 53.9629 28.1943 -0.25
      vertex 53.8076 28.0391 -0.25
    endloop
  endfacet
  facet normal 0 0 -1
    outer loop
      vertex 54.9131 28.9873 -0.25
      vertex 54.8994 28.9922 -0.25
      vertex 55.3486 29.4004 -0.25
    endloop
  endfacet
  facet normal -0 0 -1
    outer loop
      vertex 55.3984 29.3398 -0.25
      vertex 54.9131 28.9873 -0.25
      vertex 55.3486 29.4004 -0.25
    endloop
  endfacet
  facet normal -0 0 -1
    outer loop
      vertex 54.5742 28.7725 -0.25
      vertex 54.0752 28.3076 -0.25
      vertex 54.5576 30.8154 -0.25
    endloop
  endfacet
  facet normal -0 0 -1
    outer loop
      vertex 54.9014 30.165 -0.25
      vertex 54.5742 28.7725 -0.25
      vertex 54.5576 30.8154 -0.25
    endloop
  endfacet
  facet normal 0 0 -1
    outer loop
      vertex 54.9014 30.165 -0.25
      vertex 54.8818 28.999 -0.25
      vertex 54.5742 28.7725 -0.25
    endloop
  endfacet
  facet normal 0 -0 -1
    outer loop
      vertex 54.9014 30.165 -0.25
      vertex 55.1934 29.6494 -0.25
      vertex 54.8818 28.999 -0.25
    endloop
  endfacet
  facet normal 0 0 -1
    outer loop
      vertex 54.8994 28.9922 -0.25
      vertex 54.8818 28.999 -0.25
      vertex 55.3486 29.4004 -0.25
    endloop
  endfacet
  facet normal 0 0 -1
    outer loop
      vertex 54.8818 28.999 -0.25
      vertex 55.1934 29.6494 -0.25
      vertex 55.3486 29.4004 -0.25
    endloop
  endfacet
  facet normal 0 -0 -1
    outer loop
      vertex 55.3984 29.3398 -0.25
      vertex 55.4883 29.2266 -0.25
      vertex 54.9131 28.9873 -0.25
    endloop
  endfacet
  facet normal 0 0 -1
    outer loop
      vertex 55.0537 28.8164 -0.25
      vertex 55.4883 29.2266 -0.25
      vertex 55.7207 28.8564 -0.25
    endloop
  endfacet
  facet normal 0 0 -1
    outer loop
      vertex 54.9131 28.9873 -0.25
      vertex 55.4883 29.2266 -0.25
      vertex 55.0537 28.8164 -0.25
    endloop
  endfacet
  facet normal 0 0 -1
    outer loop
      vertex 55.2344 28.5186 -0.25
      vertex 55.0537 28.8164 -0.25
      vertex 55.7207 28.8564 -0.25
    endloop
  endfacet
  facet normal 0 0 -1
    outer loop
      vertex 55.2344 28.5186 -0.25
      vertex 55.7207 28.8564 -0.25
      vertex 55.2705 28.4482 -0.25
    endloop
  endfacet
  facet normal 0 -0 -1
    outer loop
      vertex 55.7207 28.8564 -0.25
      vertex 55.959 28.2646 -0.25
      vertex 55.3135 28.3613 -0.25
    endloop
  endfacet
  facet normal 0 0 -1
    outer loop
      vertex 55.3135 28.3613 -0.25
      vertex 55.959 28.2646 -0.25
      vertex 55.5352 27.5508 -0.25
    endloop
  endfacet
  facet normal 0 0 -1
    outer loop
      vertex 56.1523 27.4238 -0.25
      vertex 55.5352 27.5508 -0.25
      vertex 55.959 28.2646 -0.25
    endloop
  endfacet
  facet normal 0 0 -1
    outer loop
      vertex 55.8262 25.8799 -0.25
      vertex 55.7734 26.2236 -0.25
      vertex 56.3467 26.1924 -0.25
    endloop
  endfacet
  facet normal 0 0 -1
    outer loop
      vertex 55.7734 26.2236 -0.25
      vertex 56.3027 26.501 -0.25
      vertex 56.3467 26.1924 -0.25
    endloop
  endfacet
  facet normal 0 0 -1
    outer loop
      vertex 55.8848 25.4648 -0.25
      vertex 55.8262 25.8799 -0.25
      vertex 56.4209 25.6494 -0.25
    endloop
  endfacet
  facet normal 0 0 -1
    outer loop
      vertex 56.0928 24.2217 -0.25
      vertex 55.8848 25.4648 -0.25
      vertex 56.4209 25.6494 -0.25
    endloop
  endfacet
  facet normal 0 0 -1
    outer loop
      vertex 56.8672 23.3203 -0.25
      vertex 56.0928 24.2217 -0.25
      vertex 56.4209 25.6494 -0.25
    endloop
  endfacet
  facet normal -0 0 -1
    outer loop
      vertex 53.8594 17.7275 -0.25
      vertex 53.8467 17.6973 -0.25
      vertex 53.7754 17.8701 -0.25
    endloop
  endfacet
  facet normal 0 0 -1
    outer loop
      vertex 57.04 20.7354 -0.25
      vertex 56.7256 21.6367 -0.25
      vertex 57.4287 21.3799 -0.25
    endloop
  endfacet
  facet normal 0 0 -1
    outer loop
      vertex 53.7559 17.1885 -0.25
      vertex 52.6367 18.0498 -0.25
      vertex 53.0713 17.9834 -0.25
    endloop
  endfacet
  facet normal 0 0 -1
    outer loop
      vertex 48.4658 17.1289 -0.25
      vertex 50.6523 20.3936 -0.25
      vertex 52.4121 18.1855 -0.25
    endloop
  endfacet
  facet normal 0 0 -1
    outer loop
      vertex 53.5488 15.7812 -0.25
      vertex 54.0713 16.8428 -0.25
      vertex 53.8662 15.8994 -0.25
    endloop
  endfacet
  facet normal -0 0 -1
    outer loop
      vertex 58.5059 18.5059 -0.25
      vertex 56.9834 18.0098 -0.25
      vertex 57.6543 19.1895 -0.25
    endloop
  endfacet
  facet normal -0 0 -1
    outer loop
      vertex 59.2852 14.2148 -0.25
      vertex 59.0859 13.0762 -0.25
      vertex 55.1367 15.0332 -0.25
    endloop
  endfacet
  facet normal -0 0 -1
    outer loop
      vertex 53.8467 17.6973 -0.25
      vertex 53.7988 17.5811 -0.25
      vertex 53.7754 17.8701 -0.25
    endloop
  endfacet
  facet normal 0 0 -1
    outer loop
      vertex 55.1367 15.0332 -0.25
      vertex 59.0859 13.0762 -0.25
      vertex 58.7891 12.3125 -0.25
    endloop
  endfacet
  facet normal 0 0 -1
    outer loop
      vertex 54.8096 14.584 -0.25
      vertex 55.1367 15.0332 -0.25
      vertex 58.7891 12.3125 -0.25
    endloop
  endfacet
  facet normal 0 0 -1
    outer loop
      vertex 58.5801 11.9639 -0.25
      vertex 54.6914 14.4443 -0.25
      vertex 54.8096 14.584 -0.25
    endloop
  endfacet
  facet normal 0 -0 -1
    outer loop
      vertex 52.6367 18.0498 -0.25
      vertex 53.3311 15.6641 -0.25
      vertex 51.9121 15.2285 -0.25
    endloop
  endfacet
  facet normal 0 0 -1
    outer loop
      vertex 58.2979 11.3809 -0.25
      vertex 54.6074 14.3467 -0.25
      vertex 58.5801 11.9639 -0.25
    endloop
  endfacet
  facet normal 0 0 -1
    outer loop
      vertex 52.6387 15.0908 -0.25
      vertex 53.2725 15.3945 -0.25
      vertex 53.1348 15.0361 -0.25
    endloop
  endfacet
  facet normal -0 0 -1
    outer loop
      vertex 54.0771 15.9756 -0.25
      vertex 53.9736 15.9365 -0.25
      vertex 54.1943 16.7471 -0.25
    endloop
  endfacet
  facet normal 0 -0 -1
    outer loop
      vertex 53.4453 13.2305 -0.25
      vertex 57.3193 9.11328 -0.25
      vertex 52.3076 12.1504 -0.25
    endloop
  endfacet
  facet normal 0 0 -1
    outer loop
      vertex 52.3076 12.1504 -0.25
      vertex 57.3193 9.11328 -0.25
      vertex 57.1357 8.80176 -0.25
    endloop
  endfacet
  facet normal 0 0 -1
    outer loop
      vertex 56.8799 8.2168 -0.25
      vertex 52.3076 12.1504 -0.25
      vertex 56.9199 8.32227 -0.25
    endloop
  endfacet
  facet normal 0 0 -1
    outer loop
      vertex 56.4619 7.41016 -0.25
      vertex 51.0312 10.9443 -0.25
      vertex 52.3076 12.1504 -0.25
    endloop
  endfacet
  facet normal 0 0 -1
    outer loop
      vertex 55.7666 6.36914 -0.25
      vertex 49.7676 9.76074 -0.25
      vertex 51.0312 10.9443 -0.25
    endloop
  endfacet
  facet normal 0 0 -1
    outer loop
      vertex 48.5439 4.68164 -0.25
      vertex 48.6729 8.73926 -0.25
      vertex 54.0244 4.19336 -0.25
    endloop
  endfacet
  facet normal 0 0 -1
    outer loop
      vertex 48.5439 4.68164 -0.25
      vertex 48.001 5.65918 -0.25
      vertex 48.6729 8.73926 -0.25
    endloop
  endfacet
  facet normal 0 0 -1
    outer loop
      vertex 48.001 5.65918 -0.25
      vertex 47.5908 6.43164 -0.25
      vertex 47.8975 8.02734 -0.25
    endloop
  endfacet
  facet normal 0 0 -1
    outer loop
      vertex 47.8975 8.02734 -0.25
      vertex 47.458 6.68945 -0.25
      vertex 47.6016 7.76074 -0.25
    endloop
  endfacet
  facet normal 0 0 -1
    outer loop
      vertex 48.7656 16.7471 -0.25
      vertex 48.4658 17.1289 -0.25
      vertex 52.4121 18.1855 -0.25
    endloop
  endfacet
  facet normal 0 0 -1
    outer loop
      vertex 53.7559 17.1885 -0.25
      vertex 53.0713 17.9834 -0.25
      vertex 53.1758 17.9736 -0.25
    endloop
  endfacet
  facet normal -0 0 -1
    outer loop
      vertex 53.7988 17.5811 -0.25
      vertex 53.7559 17.1885 -0.25
      vertex 53.3262 17.959 -0.25
    endloop
  endfacet
  facet normal 0 0 -1
    outer loop
      vertex 53.1348 15.0361 -0.25
      vertex 53.2803 15.3477 -0.25
      vertex 53.293 15.292 -0.25
    endloop
  endfacet
  facet normal -0 0 -1
    outer loop
      vertex 53.3008 15.1182 -0.25
      vertex 53.1348 15.0361 -0.25
      vertex 53.293 15.292 -0.25
    endloop
  endfacet
  facet normal 0 0 -1
    outer loop
      vertex 53.1348 15.0361 -0.25
      vertex 53.2725 15.3945 -0.25
      vertex 53.2803 15.3477 -0.25
    endloop
  endfacet
  facet normal 0 0 -1
    outer loop
      vertex 52.6387 15.0908 -0.25
      vertex 53.2617 15.5361 -0.25
      vertex 53.2725 15.3945 -0.25
    endloop
  endfacet
  facet normal 0 0 -1
    outer loop
      vertex 52.6387 15.0908 -0.25
      vertex 51.9121 15.2285 -0.25
      vertex 53.2617 15.5361 -0.25
    endloop
  endfacet
  facet normal -0 0 -1
    outer loop
      vertex 53.2617 15.5361 -0.25
      vertex 51.9121 15.2285 -0.25
      vertex 53.3311 15.6641 -0.25
    endloop
  endfacet
  facet normal -0 0 -1
    outer loop
      vertex 54.1943 16.7471 -0.25
      vertex 53.9736 15.9365 -0.25
      vertex 54.0713 16.8428 -0.25
    endloop
  endfacet
  facet normal -0 0 -1
    outer loop
      vertex 53.9736 15.9365 -0.25
      vertex 53.8662 15.8994 -0.25
      vertex 54.0713 16.8428 -0.25
    endloop
  endfacet
  facet normal 0 0 -1
    outer loop
      vertex 54.0771 15.9756 -0.25
      vertex 54.2656 16.6924 -0.25
      vertex 54.5059 16.1504 -0.25
    endloop
  endfacet
  facet normal 0 0 -1
    outer loop
      vertex 54.2656 16.6924 -0.25
      vertex 54.5674 16.4473 -0.25
      vertex 54.5059 16.1504 -0.25
    endloop
  endfacet
  facet normal -0 0 -1
    outer loop
      vertex 54.7266 16.3252 -0.25
      vertex 54.5059 16.1504 -0.25
      vertex 54.5674 16.4473 -0.25
    endloop
  endfacet
  facet normal 0 -0 -1
    outer loop
      vertex 54.7266 16.3252 -0.25
      vertex 54.7266 16.251 -0.25
      vertex 54.5059 16.1504 -0.25
    endloop
  endfacet
  facet normal 0 0 -1
    outer loop
      vertex 54.0771 15.9756 -0.25
      vertex 54.1943 16.7471 -0.25
      vertex 54.2656 16.6924 -0.25
    endloop
  endfacet
  facet normal 0 0 -1
    outer loop
      vertex 53.5488 15.7812 -0.25
      vertex 53.7559 17.1885 -0.25
      vertex 54.0713 16.8428 -0.25
    endloop
  endfacet
  facet normal -0 0 -1
    outer loop
      vertex 53.5488 15.7812 -0.25
      vertex 53.3311 15.6641 -0.25
      vertex 53.7559 17.1885 -0.25
    endloop
  endfacet
  facet normal 0 0 -1
    outer loop
      vertex 53.7559 17.1885 -0.25
      vertex 53.1758 17.9736 -0.25
      vertex 53.3262 17.959 -0.25
    endloop
  endfacet
  facet normal 0 0 -1
    outer loop
      vertex 53.7988 17.5811 -0.25
      vertex 53.3262 17.959 -0.25
      vertex 53.7754 17.8701 -0.25
    endloop
  endfacet
  facet normal -0 0 -1
    outer loop
      vertex 53.7559 17.1885 -0.25
      vertex 53.3311 15.6641 -0.25
      vertex 52.6367 18.0498 -0.25
    endloop
  endfacet
  facet normal 0 -0 -1
    outer loop
      vertex 49.9238 21.916 -0.25
      vertex 50.582 20.5381 -0.25
      vertex 48.3926 21.8652 -0.25
    endloop
  endfacet
  facet normal 0 0 -1
    outer loop
      vertex 52.6699 21.4131 -0.25
      vertex 52.9814 21.4014 -0.25
      vertex 53.8496 19.917 -0.25
    endloop
  endfacet
  facet normal 0 -0 -1
    outer loop
      vertex 53.8496 19.917 -0.25
      vertex 53.8672 19.8984 -0.25
      vertex 53.5918 18.8311 -0.25
    endloop
  endfacet
  facet normal 0 -0 -1
    outer loop
      vertex 52.4121 18.1074 -0.25
      vertex 52.6367 18.0498 -0.25
      vertex 51.9121 15.2285 -0.25
    endloop
  endfacet
  facet normal 0 0 -1
    outer loop
      vertex 51.6709 15.2773 -0.25
      vertex 52.4121 18.1074 -0.25
      vertex 51.9121 15.2285 -0.25
    endloop
  endfacet
  facet normal 0 0 -1
    outer loop
      vertex 51.6709 15.2773 -0.25
      vertex 50.4102 15.5205 -0.25
      vertex 52.4121 18.1074 -0.25
    endloop
  endfacet
  facet normal 0 0 -1
    outer loop
      vertex 50.9639 20.7129 -0.25
      vertex 52.7578 18.3652 -0.25
      vertex 52.4121 18.1855 -0.25
    endloop
  endfacet
  facet normal 0 0 -1
    outer loop
      vertex 53.5918 18.8311 -0.25
      vertex 53.8672 19.8984 -0.25
      vertex 54.0273 19.8066 -0.25
    endloop
  endfacet
  facet normal -0 0 -1
    outer loop
      vertex 54.7842 19.4678 -0.25
      vertex 53.5918 18.8311 -0.25
      vertex 54.3447 19.6523 -0.25
    endloop
  endfacet
  facet normal 0 0 -1
    outer loop
      vertex 53.916 20.168 -0.25
      vertex 52.9814 21.4014 -0.25
      vertex 54.0977 20.6045 -0.25
    endloop
  endfacet
  facet normal -0 0 -1
    outer loop
      vertex 54.2861 19.6787 -0.25
      vertex 53.5918 18.8311 -0.25
      vertex 54.0273 19.8066 -0.25
    endloop
  endfacet
  facet normal 0 0 -1
    outer loop
      vertex 53.8496 19.917 -0.25
      vertex 53.8594 19.9072 -0.25
      vertex 53.8672 19.8984 -0.25
    endloop
  endfacet
  facet normal -0 0 -1
    outer loop
      vertex 53.4297 18.7441 -0.25
      vertex 52.7578 18.3652 -0.25
      vertex 53.8496 19.917 -0.25
    endloop
  endfacet
  facet normal 0 0 -1
    outer loop
      vertex 53.4297 18.7441 -0.25
      vertex 53.8496 19.917 -0.25
      vertex 53.5918 18.8311 -0.25
    endloop
  endfacet
  facet normal 0 0 -1
    outer loop
      vertex 54.0977 20.6045 -0.25
      vertex 53.4238 21.4834 -0.25
      vertex 54.1475 20.7051 -0.25
    endloop
  endfacet
  facet normal 0 -0 -1
    outer loop
      vertex 53.5703 21.5156 -0.25
      vertex 54.1475 20.7051 -0.25
      vertex 53.4238 21.4834 -0.25
    endloop
  endfacet
  facet normal 0 0 -1
    outer loop
      vertex 54.0977 20.6045 -0.25
      vertex 52.9814 21.4014 -0.25
      vertex 53.4238 21.4834 -0.25
    endloop
  endfacet
  facet normal 0 0 -1
    outer loop
      vertex 53.5703 21.5156 -0.25
      vertex 53.7334 21.5508 -0.25
      vertex 54.1924 20.8066 -0.25
    endloop
  endfacet
  facet normal 0 0 -1
    outer loop
      vertex 54.3896 21.2656 -0.25
      vertex 53.7334 21.5508 -0.25
      vertex 54.2783 21.6367 -0.25
    endloop
  endfacet
  facet normal -0 -0 -1
    outer loop
      vertex 52.5283 21.8818 -0.25
      vertex 52.5488 21.5928 -0.25
      vertex 52.1328 22.043 -0.25
    endloop
  endfacet
  facet normal 0 -0 -1
    outer loop
      vertex 52.5283 22.0625 -0.25
      vertex 52.5283 21.8818 -0.25
      vertex 52.1328 22.043 -0.25
    endloop
  endfacet
  facet normal 0 0 -1
    outer loop
      vertex 50.6992 21.9561 -0.25
      vertex 50.6182 21.1338 -0.25
      vertex 50.3057 21.8984 -0.25
    endloop
  endfacet
  facet normal 0 0 -1
    outer loop
      vertex 54.3896 21.2656 -0.25
      vertex 54.2783 21.6367 -0.25
      vertex 54.4941 21.4971 -0.25
    endloop
  endfacet
  facet normal 0 0 -1
    outer loop
      vertex 53.5703 21.5156 -0.25
      vertex 54.1924 20.8066 -0.25
      vertex 54.1475 20.7051 -0.25
    endloop
  endfacet
  facet normal -0 0 -1
    outer loop
      vertex 53.916 20.168 -0.25
      vertex 53.8496 19.917 -0.25
      vertex 52.9814 21.4014 -0.25
    endloop
  endfacet
  facet normal 0 0 -1
    outer loop
      vertex 50.9639 20.7129 -0.25
      vertex 52.6699 21.4131 -0.25
      vertex 53.8496 19.917 -0.25
    endloop
  endfacet
  facet normal 0 0 -1
    outer loop
      vertex 51.5557 21.3887 -0.25
      vertex 51.6611 21.5166 -0.25
      vertex 52.6699 21.4131 -0.25
    endloop
  endfacet
  facet normal 0 0 -1
    outer loop
      vertex 51.6611 21.5166 -0.25
      vertex 52.1328 22.043 -0.25
      vertex 52.5488 21.5928 -0.25
    endloop
  endfacet
  facet normal -0 -0 -1
    outer loop
      vertex 52.458 22.3145 -0.25
      vertex 52.5283 22.0625 -0.25
      vertex 52.3584 22.3145 -0.25
    endloop
  endfacet
  facet normal 0 -0 -1
    outer loop
      vertex 50.248 21.8887 -0.25
      vertex 50.6182 21.1338 -0.25
      vertex 50.0713 21.8691 -0.25
    endloop
  endfacet
  facet normal 0 -0 -1
    outer loop
      vertex 52.3584 22.3145 -0.25
      vertex 52.5283 22.0625 -0.25
      vertex 52.1328 22.043 -0.25
    endloop
  endfacet
  facet normal 0 0 -1
    outer loop
      vertex 51.4453 21.2617 -0.25
      vertex 51.5557 21.3887 -0.25
      vertex 52.6699 21.4131 -0.25
    endloop
  endfacet
  facet normal 0 -0 -1
    outer loop
      vertex 51.4453 21.2617 -0.25
      vertex 52.6699 21.4131 -0.25
      vertex 50.9639 20.7129 -0.25
    endloop
  endfacet
  facet normal -0 0 -1
    outer loop
      vertex 48.0684 21.8848 -0.25
      vertex 47.7324 21.8291 -0.25
      vertex 47.8701 21.9512 -0.25
    endloop
  endfacet
  facet normal 0 -0 -1
    outer loop
      vertex 48.1299 21.8516 -0.25
      vertex 48.1777 21.8252 -0.25
      vertex 47.6758 21.3779 -0.25
    endloop
  endfacet
  facet normal -0 0 -1
    outer loop
      vertex 53.8496 19.917 -0.25
      vertex 52.7578 18.3652 -0.25
      vertex 50.9639 20.7129 -0.25
    endloop
  endfacet
  facet normal 0 0 -1
    outer loop
      vertex 50.6689 20.4033 -0.25
      vertex 50.9639 20.7129 -0.25
      vertex 52.4121 18.1855 -0.25
    endloop
  endfacet
  facet normal 0 -0 -1
    outer loop
      vertex 50.3057 21.8984 -0.25
      vertex 50.6182 21.1338 -0.25
      vertex 50.248 21.8887 -0.25
    endloop
  endfacet
  facet normal 0 -0 -1
    outer loop
      vertex 48.1777 21.8252 -0.25
      vertex 48.3926 21.8652 -0.25
      vertex 47.666 20.709 -0.25
    endloop
  endfacet
  facet normal 0 0 -1
    outer loop
      vertex 47.666 18.9922 -0.25
      vertex 47.666 20.709 -0.25
      vertex 50.582 20.5381 -0.25
    endloop
  endfacet
  facet normal 0 -0 -1
    outer loop
      vertex 49.6924 22.335 -0.25
      vertex 49.8057 22.085 -0.25
      vertex 48.6904 22.2402 -0.25
    endloop
  endfacet
  facet normal -0 0 -1
    outer loop
      vertex 50.6182 21.1338 -0.25
      vertex 50.6025 20.998 -0.25
      vertex 50.0713 21.8691 -0.25
    endloop
  endfacet
  facet normal 0 0 -1
    outer loop
      vertex 49.9238 21.916 -0.25
      vertex 50.6025 20.998 -0.25
      vertex 50.582 20.5381 -0.25
    endloop
  endfacet
  facet normal -0 -0 -1
    outer loop
      vertex 50.0713 21.8691 -0.25
      vertex 50.6025 20.998 -0.25
      vertex 49.9238 21.916 -0.25
    endloop
  endfacet
  facet normal 0 -0 -1
    outer loop
      vertex 48.7773 22.3721 -0.25
      vertex 49.6924 22.335 -0.25
      vertex 48.6904 22.2402 -0.25
    endloop
  endfacet
  facet normal 0 0 -1
    outer loop
      vertex 49.6924 22.335 -0.25
      vertex 48.835 22.459 -0.25
      vertex 49.6572 22.4189 -0.25
    endloop
  endfacet
  facet normal 0 0 -1
    outer loop
      vertex 49.6572 22.4189 -0.25
      vertex 48.835 22.459 -0.25
      vertex 49.624 22.501 -0.25
    endloop
  endfacet
  facet normal -0 0 -1
    outer loop
      vertex 49.624 22.501 -0.25
      vertex 48.835 22.459 -0.25
      vertex 49.1074 22.8213 -0.25
    endloop
  endfacet
  facet normal -0 0 -1
    outer loop
      vertex 49.4561 22.8369 -0.25
      vertex 49.1074 22.8213 -0.25
      vertex 49.2598 23.0088 -0.25
    endloop
  endfacet
  facet normal -0 -0 -1
    outer loop
      vertex 49.3467 23.0088 -0.25
      vertex 49.4561 22.8369 -0.25
      vertex 49.2598 23.0088 -0.25
    endloop
  endfacet
  facet normal 0 -0 -1
    outer loop
      vertex 49.4561 22.8369 -0.25
      vertex 49.624 22.501 -0.25
      vertex 49.1074 22.8213 -0.25
    endloop
  endfacet
  facet normal 0 0 -1
    outer loop
      vertex 48.7773 22.3721 -0.25
      vertex 48.835 22.459 -0.25
      vertex 49.6924 22.335 -0.25
    endloop
  endfacet
  facet normal 0 0 -1
    outer loop
      vertex 48.1299 21.8516 -0.25
      vertex 47.6758 21.3779 -0.25
      vertex 47.7324 21.8291 -0.25
    endloop
  endfacet
  facet normal 0 -0 -1
    outer loop
      vertex 48.6904 22.2402 -0.25
      vertex 49.8057 22.085 -0.25
      vertex 48.3926 21.8652 -0.25
    endloop
  endfacet
  facet normal -0 0 -1
    outer loop
      vertex 48.1299 21.8516 -0.25
      vertex 47.7324 21.8291 -0.25
      vertex 48.0684 21.8848 -0.25
    endloop
  endfacet
  facet normal 0 -0 -1
    outer loop
      vertex 49.8057 22.085 -0.25
      vertex 49.9238 21.916 -0.25
      vertex 48.3926 21.8652 -0.25
    endloop
  endfacet
  facet normal 0 -0 -1
    outer loop
      vertex 48.3926 21.8652 -0.25
      vertex 50.582 20.5381 -0.25
      vertex 47.666 20.709 -0.25
    endloop
  endfacet
  facet normal 0 0 -1
    outer loop
      vertex 48.4658 17.1289 -0.25
      vertex 47.666 18.9922 -0.25
      vertex 50.6523 20.3936 -0.25
    endloop
  endfacet
  facet normal 0 0 -1
    outer loop
      vertex 47.1924 18.8076 -0.25
      vertex 47.666 18.9922 -0.25
      vertex 47.585 17.8701 -0.25
    endloop
  endfacet
  facet normal 0 0 -1
    outer loop
      vertex 46.7061 18.623 -0.25
      vertex 47.1924 18.8076 -0.25
      vertex 47.585 17.8701 -0.25
    endloop
  endfacet
  facet normal 0 0 -1
    outer loop
      vertex 47.7129 16.1104 -0.25
      vertex 48.2314 16.2275 -0.25
      vertex 47.748 16.0664 -0.25
    endloop
  endfacet
  facet normal 0 0 -1
    outer loop
      vertex 48.2314 16.2275 -0.25
      vertex 47.9189 15.9814 -0.25
      vertex 47.748 16.0664 -0.25
    endloop
  endfacet
  facet normal 0 0 -1
    outer loop
      vertex 52.4121 18.1074 -0.25
      vertex 50.4102 15.5205 -0.25
      vertex 48.7656 16.7471 -0.25
    endloop
  endfacet
  facet normal 0 0 -1
    outer loop
      vertex 47.7129 16.1104 -0.25
      vertex 47.6592 16.1855 -0.25
      vertex 48.2314 16.2275 -0.25
    endloop
  endfacet
  facet normal 0 0 -1
    outer loop
      vertex 47.8887 16.7529 -0.25
      vertex 47.6592 16.1855 -0.25
      vertex 47.584 16.4658 -0.25
    endloop
  endfacet
  facet normal 0 0 -1
    outer loop
      vertex 47.6592 16.1855 -0.25
      vertex 47.8887 16.7529 -0.25
      vertex 48.2314 16.2275 -0.25
    endloop
  endfacet
  facet normal 0 0 -1
    outer loop
      vertex 48.2314 16.2275 -0.25
      vertex 47.8887 16.7529 -0.25
      vertex 48.3262 16.3184 -0.25
    endloop
  endfacet
  facet normal 0 0 -1
    outer loop
      vertex 50.4102 15.5205 -0.25
      vertex 49.2764 15.752 -0.25
      vertex 48.7656 16.7471 -0.25
    endloop
  endfacet
  facet normal 0 0 -1
    outer loop
      vertex 49.2764 15.752 -0.25
      vertex 50.0977 15.1387 -0.25
      vertex 49.7842 14.7559 -0.25
    endloop
  endfacet
  facet normal 0 0 -1
    outer loop
      vertex 48.3262 16.3184 -0.25
      vertex 47.8887 16.7529 -0.25
      vertex 48.0029 16.8281 -0.25
    endloop
  endfacet
  facet normal -0 0 -1
    outer loop
      vertex 48.7656 16.7471 -0.25
      vertex 48.3262 16.3184 -0.25
      vertex 48.0029 16.8281 -0.25
    endloop
  endfacet
  facet normal 0 -0 -1
    outer loop
      vertex 48.4658 17.1289 -0.25
      vertex 48.7656 16.7471 -0.25
      vertex 48.0029 16.8281 -0.25
    endloop
  endfacet
  facet normal -0 0 -1
    outer loop
      vertex 50.4102 15.5205 -0.25
      vertex 50.0977 15.1387 -0.25
      vertex 49.2764 15.752 -0.25
    endloop
  endfacet
  facet normal 0 0 -1
    outer loop
      vertex 24.8418 20.3809 -0.25
      vertex 22.6553 26.0479 -0.25
      vertex 25.5254 20.7412 -0.25
    endloop
  endfacet
  facet normal 0 0 -1
    outer loop
      vertex 22.167 26.2383 -0.25
      vertex 22.2334 26.3965 -0.25
      vertex 22.4141 26.168 -0.25
    endloop
  endfacet
  facet normal 0 0 -1
    outer loop
      vertex 21.6738 26.7285 -0.25
      vertex 22.1357 26.1523 -0.25
      vertex 22.1455 26.1348 -0.25
    endloop
  endfacet
  facet normal 0 0 -1
    outer loop
      vertex 21.7178 26.6895 -0.25
      vertex 21.7754 26.6445 -0.25
      vertex 22.1357 26.1523 -0.25
    endloop
  endfacet
  facet normal 0 0 -1
    outer loop
      vertex 22.1357 26.1523 -0.25
      vertex 21.7754 26.6445 -0.25
      vertex 22.167 26.2383 -0.25
    endloop
  endfacet
  facet normal 0 0 -1
    outer loop
      vertex 22.167 26.2383 -0.25
      vertex 21.7754 26.6445 -0.25
      vertex 22.2334 26.3965 -0.25
    endloop
  endfacet
  facet normal 0 0 -1
    outer loop
      vertex 22.4141 26.168 -0.25
      vertex 22.2334 26.3965 -0.25
      vertex 22.6055 26.2705 -0.25
    endloop
  endfacet
  facet normal 0 0 -1
    outer loop
      vertex 22.4922 26.1348 -0.25
      vertex 22.4141 26.168 -0.25
      vertex 22.6055 26.2705 -0.25
    endloop
  endfacet
  facet normal 0 0 -1
    outer loop
      vertex 22.6553 26.0479 -0.25
      vertex 22.6055 26.2705 -0.25
      vertex 22.6201 26.2852 -0.25
    endloop
  endfacet
  facet normal 0 -0 -1
    outer loop
      vertex 22.6553 26.0479 -0.25
      vertex 24.8418 20.3809 -0.25
      vertex 22.5156 26.0303 -0.25
    endloop
  endfacet
  facet normal 0 -0 -1
    outer loop
      vertex 22.626 26.292 -0.25
      vertex 22.6553 26.0479 -0.25
      vertex 22.6201 26.2852 -0.25
    endloop
  endfacet
  facet normal 0 -0 -1
    outer loop
      vertex 22.5156 26.0303 -0.25
      vertex 24.8418 20.3809 -0.25
      vertex 22.4346 26.0273 -0.25
    endloop
  endfacet
  facet normal 0 0 -1
    outer loop
      vertex 22.4346 26.0273 -0.25
      vertex 22.4707 26.0303 -0.25
      vertex 22.5156 26.0303 -0.25
    endloop
  endfacet
  facet normal 0 0 -1
    outer loop
      vertex 26.3311 15.2979 -0.25
      vertex 26.3359 15.3008 -0.25
      vertex 27.668 14.1963 -0.25
    endloop
  endfacet
  facet normal 0 0 -1
    outer loop
      vertex 25.0391 15.127 -0.25
      vertex 24.8418 20.3809 -0.25
      vertex 25.665 19.7441 -0.25
    endloop
  endfacet
  facet normal 0 0 -1
    outer loop
      vertex 25.665 19.7441 -0.25
      vertex 25.4443 15.4053 -0.25
      vertex 25.0391 15.127 -0.25
    endloop
  endfacet
  facet normal -0 0 -1
    outer loop
      vertex 27.668 14.1963 -0.25
      vertex 27.376 13.374 -0.25
      vertex 26.3311 15.2979 -0.25
    endloop
  endfacet
  facet normal 0 0 -1
    outer loop
      vertex 25.665 19.7441 -0.25
      vertex 25.5322 15.4668 -0.25
      vertex 25.4443 15.4053 -0.25
    endloop
  endfacet
  facet normal 0 -0 -1
    outer loop
      vertex 25.665 19.7441 -0.25
      vertex 25.8232 15.6172 -0.25
      vertex 25.5322 15.4668 -0.25
    endloop
  endfacet
  facet normal 0 0 -1
    outer loop
      vertex 28.4512 14.9307 -0.25
      vertex 26.126 15.4717 -0.25
      vertex 29.3877 15.3525 -0.25
    endloop
  endfacet
  facet normal 0 0 -1
    outer loop
      vertex 27.9902 14.7549 -0.25
      vertex 26.3359 15.3008 -0.25
      vertex 28.1367 14.8496 -0.25
    endloop
  endfacet
  facet normal 0 0 -1
    outer loop
      vertex 26.3359 15.3008 -0.25
      vertex 27.9062 14.5244 -0.25
      vertex 27.75 14.2939 -0.25
    endloop
  endfacet
  facet normal -0 0 -1
    outer loop
      vertex 27.9902 14.7549 -0.25
      vertex 27.9062 14.5244 -0.25
      vertex 26.3359 15.3008 -0.25
    endloop
  endfacet
  facet normal 0 0 -1
    outer loop
      vertex 27.668 14.1963 -0.25
      vertex 26.3359 15.3008 -0.25
      vertex 27.7119 14.2471 -0.25
    endloop
  endfacet
  facet normal 0 0 -1
    outer loop
      vertex 26.3359 15.3008 -0.25
      vertex 27.75 14.2939 -0.25
      vertex 27.7119 14.2471 -0.25
    endloop
  endfacet
  facet normal 0 -0 -1
    outer loop
      vertex 26.3311 15.2979 -0.25
      vertex 27.376 13.374 -0.25
      vertex 26.1309 15.2686 -0.25
    endloop
  endfacet
  facet normal 0 0 -1
    outer loop
      vertex 25.0391 15.127 -0.25
      vertex 25.6758 15.208 -0.25
      vertex 25.0791 13.918 -0.25
    endloop
  endfacet
  facet normal -0 0 -1
    outer loop
      vertex 24.5723 13.8662 -0.25
      vertex 24.0098 12.9795 -0.25
      vertex 24.2861 13.9043 -0.25
    endloop
  endfacet
  facet normal 0 0 -1
    outer loop
      vertex 24.7285 14.1094 -0.25
      vertex 24.6807 14.1318 -0.25
      vertex 25.0391 15.127 -0.25
    endloop
  endfacet
  facet normal 0 0 -1
    outer loop
      vertex 24.0273 12.8506 -0.25
      vertex 26.0576 10.625 -0.25
      vertex 25.958 10.5156 -0.25
    endloop
  endfacet
  facet normal 0 0 -1
    outer loop
      vertex 24.0273 12.8506 -0.25
      vertex 26.9277 11.9189 -0.25
      vertex 26.2285 10.8164 -0.25
    endloop
  endfacet
  facet normal -0 0 -1
    outer loop
      vertex 25.6738 10.1338 -0.25
      vertex 25.6387 9.92188 -0.25
      vertex 23.4648 12.8242 -0.25
    endloop
  endfacet
  facet normal 0 0 -1
    outer loop
      vertex 24.3564 14.2627 -0.25
      vertex 25.0391 15.127 -0.25
      vertex 24.6035 14.1729 -0.25
    endloop
  endfacet
  facet normal 0 0 -1
    outer loop
      vertex 15.7197 15.1953 -0.25
      vertex 15.7217 15.7285 -0.25
      vertex 22.2471 12.9688 -0.25
    endloop
  endfacet
  facet normal 0 0 -1
    outer loop
      vertex 22.2471 12.9688 -0.25
      vertex 15.7217 16.2236 -0.25
      vertex 15.9531 17.7051 -0.25
    endloop
  endfacet
  facet normal -0 0 -1
    outer loop
      vertex 22.542 13.0771 -0.25
      vertex 22.2471 12.9688 -0.25
      vertex 16.5322 19.3955 -0.25
    endloop
  endfacet
  facet normal 0 -0 -1
    outer loop
      vertex 16.5322 19.3955 -0.25
      vertex 22.2471 12.9688 -0.25
      vertex 15.9531 17.7051 -0.25
    endloop
  endfacet
  facet normal 0 0 -1
    outer loop
      vertex 24.6035 14.1729 -0.25
      vertex 25.0391 15.127 -0.25
      vertex 24.6807 14.1318 -0.25
    endloop
  endfacet
  facet normal 0 0 -1
    outer loop
      vertex 25.0391 15.127 -0.25
      vertex 24.9482 13.9971 -0.25
      vertex 24.7285 14.1094 -0.25
    endloop
  endfacet
  facet normal 0 -0 -1
    outer loop
      vertex 25.6758 15.208 -0.25
      vertex 25.7627 15.2207 -0.25
      vertex 25.0859 13.9111 -0.25
    endloop
  endfacet
  facet normal 0 0 -1
    outer loop
      vertex 25.6758 15.208 -0.25
      vertex 25.0859 13.9111 -0.25
      vertex 25.0791 13.918 -0.25
    endloop
  endfacet
  facet normal 0 0 -1
    outer loop
      vertex 25.0859 13.9111 -0.25
      vertex 27.376 13.374 -0.25
      vertex 27.3652 13.2637 -0.25
    endloop
  endfacet
  facet normal 0 0 -1
    outer loop
      vertex 27.3389 13.0557 -0.25
      vertex 25.0859 13.9111 -0.25
      vertex 27.3652 13.2637 -0.25
    endloop
  endfacet
  facet normal -0 0 -1
    outer loop
      vertex 23.3604 13.1475 -0.25
      vertex 23.1553 13.1426 -0.25
      vertex 24.2422 14.0547 -0.25
    endloop
  endfacet
  facet normal 0 0 -1
    outer loop
      vertex 25.6387 9.92188 -0.25
      vertex 22.4893 12.8682 -0.25
      vertex 23.0811 12.8242 -0.25
    endloop
  endfacet
  facet normal -0 -0 -1
    outer loop
      vertex 25.6387 9.92188 -0.25
      vertex 25.791 8.96973 -0.25
      vertex 22.4893 12.8682 -0.25
    endloop
  endfacet
  facet normal -0 0 -1
    outer loop
      vertex 17.0117 7.22266 -0.25
      vertex 15.1484 7.01562 -0.25
      vertex 15.3867 7.68555 -0.25
    endloop
  endfacet
  facet normal -0 0 -1
    outer loop
      vertex 17.1631 7.38379 -0.25
      vertex 17.0117 7.22266 -0.25
      vertex 15.4902 7.94531 -0.25
    endloop
  endfacet
  facet normal 0 -0 -1
    outer loop
      vertex 15.7197 15.1953 -0.25
      vertex 22.2471 12.9688 -0.25
      vertex 15.4463 13.5928 -0.25
    endloop
  endfacet
  facet normal 0 0 -1
    outer loop
      vertex 23.1553 13.1426 -0.25
      vertex 24.2646 14.1426 -0.25
      vertex 24.252 14.0977 -0.25
    endloop
  endfacet
  facet normal -0 0 -1
    outer loop
      vertex 24.2422 14.0547 -0.25
      vertex 23.1553 13.1426 -0.25
      vertex 24.252 14.0977 -0.25
    endloop
  endfacet
  facet normal -0 0 -1
    outer loop
      vertex 23.416 13.1504 -0.25
      vertex 23.3604 13.1475 -0.25
      vertex 24.2422 14.0547 -0.25
    endloop
  endfacet
  facet normal -0 0 -1
    outer loop
      vertex 24.2861 13.9043 -0.25
      vertex 23.416 13.1504 -0.25
      vertex 24.2422 14.0547 -0.25
    endloop
  endfacet
  facet normal 0 0 -1
    outer loop
      vertex 24.2861 13.9043 -0.25
      vertex 23.7119 13.1123 -0.25
      vertex 23.416 13.1504 -0.25
    endloop
  endfacet
  facet normal -0 0 -1
    outer loop
      vertex 25.958 10.5156 -0.25
      vertex 25.6738 10.1338 -0.25
      vertex 24.0273 12.8506 -0.25
    endloop
  endfacet
  facet normal 0 0 -1
    outer loop
      vertex 24.0273 12.8506 -0.25
      vertex 24.0098 12.9795 -0.25
      vertex 24.7715 13.8662 -0.25
    endloop
  endfacet
  facet normal 0 0 -1
    outer loop
      vertex 25.0859 13.9111 -0.25
      vertex 24.0273 12.8506 -0.25
      vertex 24.7715 13.8662 -0.25
    endloop
  endfacet
  facet normal 0 -0 -1
    outer loop
      vertex 25.0859 13.9111 -0.25
      vertex 26.9277 11.9189 -0.25
      vertex 24.0273 12.8506 -0.25
    endloop
  endfacet
  facet normal 0 -0 -1
    outer loop
      vertex 24.0273 12.8506 -0.25
      vertex 25.6738 10.1338 -0.25
      vertex 23.4648 12.8242 -0.25
    endloop
  endfacet
  facet normal -0 0 -1
    outer loop
      vertex 25.7803 4.7334 -0.25
      vertex 24.9717 1.88281 -0.25
      vertex 25.7256 4.7627 -0.25
    endloop
  endfacet
  facet normal 0 0 -1
    outer loop
      vertex 22.2471 12.9688 -0.25
      vertex 17.458 7.20117 -0.25
      vertex 17.2754 7.38379 -0.25
    endloop
  endfacet
  facet normal 0 -0 -1
    outer loop
      vertex 15.4902 7.94531 -0.25
      vertex 17.0117 7.22266 -0.25
      vertex 15.3867 7.68555 -0.25
    endloop
  endfacet
  facet normal 0 0 -1
    outer loop
      vertex 15.4902 8.03223 -0.25
      vertex 17.1631 7.38379 -0.25
      vertex 15.4902 7.94531 -0.25
    endloop
  endfacet
  facet normal 0 0 -1
    outer loop
      vertex 15.4902 8.03223 -0.25
      vertex 17.2754 7.38379 -0.25
      vertex 17.1631 7.38379 -0.25
    endloop
  endfacet
  facet normal 0 0 -1
    outer loop
      vertex 14.6182 11.8086 -0.25
      vertex 15.4463 13.5928 -0.25
      vertex 17.2754 7.38379 -0.25
    endloop
  endfacet
  facet normal 0 -0 -1
    outer loop
      vertex 22.2471 12.9688 -0.25
      vertex 22.4893 12.8682 -0.25
      vertex 17.458 7.20117 -0.25
    endloop
  endfacet
  facet normal 0 0 -1
    outer loop
      vertex 17.458 7.20117 -0.25
      vertex 25.791 8.96973 -0.25
      vertex 25.9678 8.30371 -0.25
    endloop
  endfacet
  facet normal 0 0 -1
    outer loop
      vertex 17.2598 6.94434 -0.25
      vertex 17.458 7.09277 -0.25
      vertex 18.1318 2.79297 -0.25
    endloop
  endfacet
  facet normal 0 0 -1
    outer loop
      vertex 17.458 7.09277 -0.25
      vertex 19.877 2.36035 -0.25
      vertex 19.4375 2.45117 -0.25
    endloop
  endfacet
  facet normal 0 0 -1
    outer loop
      vertex 29.9805 5.4043 -0.25
      vertex 30.1035 5.44336 -0.25
      vertex 30.875 3.39648 -0.25
    endloop
  endfacet
  facet normal 0 0 -1
    outer loop
      vertex 28.6992 6.28223 -0.25
      vertex 28.3848 7.61914 -0.25
      vertex 28.8604 6.68359 -0.25
    endloop
  endfacet
  facet normal 0 0 -1
    outer loop
      vertex 26.3604 5.10449 -0.25
      vertex 28.9707 5.8457 -0.25
      vertex 29.0908 5.72852 -0.25
    endloop
  endfacet
  facet normal -0 0 -1
    outer loop
      vertex 27.3916 7.73535 -0.25
      vertex 26.0742 5.50391 -0.25
      vertex 27.249 7.75391 -0.25
    endloop
  endfacet
  facet normal -0 0 -1
    outer loop
      vertex 28.4102 2.53125 -0.25
      vertex 24.9717 1.88281 -0.25
      vertex 26.1982 4.76562 -0.25
    endloop
  endfacet
  facet normal 0 -0 -1
    outer loop
      vertex 29.0908 5.72852 -0.25
      vertex 29.1924 5.62695 -0.25
      vertex 26.3604 5.10449 -0.25
    endloop
  endfacet
  facet normal 0 -0 -1
    outer loop
      vertex 26.6758 7.84473 -0.25
      vertex 27.1064 7.77441 -0.25
      vertex 26.0742 5.50391 -0.25
    endloop
  endfacet
  facet normal 0 0 -1
    outer loop
      vertex 28.8604 6.68359 -0.25
      vertex 28.3848 7.61914 -0.25
      vertex 28.9512 6.7832 -0.25
    endloop
  endfacet
  facet normal 0 0 -1
    outer loop
      vertex 28.3848 7.61914 -0.25
      vertex 29.2871 6.98145 -0.25
      vertex 29.0146 6.85156 -0.25
    endloop
  endfacet
  facet normal 0 0 -1
    outer loop
      vertex 28.3848 7.61914 -0.25
      vertex 29.4775 7.51465 -0.25
      vertex 29.2871 6.98145 -0.25
    endloop
  endfacet
  facet normal 0 0 -1
    outer loop
      vertex 29.7393 7.0498 -0.25
      vertex 29.4775 7.51465 -0.25
      vertex 29.6689 7.49902 -0.25
    endloop
  endfacet
  facet normal -0 0 -1
    outer loop
      vertex 29.9932 7.47266 -0.25
      vertex 29.7393 7.0498 -0.25
      vertex 29.6689 7.49902 -0.25
    endloop
  endfacet
  facet normal -0 0 -1
    outer loop
      vertex 30.9619 7.35156 -0.25
      vertex 30.1924 6.99219 -0.25
      vertex 29.9932 7.47266 -0.25
    endloop
  endfacet
  facet normal 0 0 -1
    outer loop
      vertex 30.6104 6.73145 -0.25
      vertex 30.4697 6.87207 -0.25
      vertex 30.9619 7.35156 -0.25
    endloop
  endfacet
  facet normal 0 0 -1
    outer loop
      vertex 31.9219 7.12695 -0.25
      vertex 30.71 6.01758 -0.25
      vertex 30.75 6.4248 -0.25
    endloop
  endfacet
  facet normal 0 0 -1
    outer loop
      vertex 30.71 6.01758 -0.25
      vertex 33.2217 6.31934 -0.25
      vertex 32.2168 3.69336 -0.25
    endloop
  endfacet
  facet normal 0 -0 -1
    outer loop
      vertex 32.6426 6.79395 -0.25
      vertex 33.0918 6.45312 -0.25
      vertex 30.71 6.01758 -0.25
    endloop
  endfacet
  facet normal 0 0 -1
    outer loop
      vertex 30.4453 5.65723 -0.25
      vertex 30.71 6.01758 -0.25
      vertex 32.2168 3.69336 -0.25
    endloop
  endfacet
  facet normal 0 0 -1
    outer loop
      vertex 30.1035 5.44336 -0.25
      vertex 30.4453 5.65723 -0.25
      vertex 31.0801 3.43652 -0.25
    endloop
  endfacet
  facet normal 0 0 -1
    outer loop
      vertex 30.875 3.39648 -0.25
      vertex 30.1035 5.44336 -0.25
      vertex 31.0801 3.43652 -0.25
    endloop
  endfacet
  facet normal 0 0 -1
    outer loop
      vertex 29.876 5.37402 -0.25
      vertex 29.9805 5.4043 -0.25
      vertex 30.875 3.39648 -0.25
    endloop
  endfacet
  facet normal 0 0 -1
    outer loop
      vertex 29.9092 3.15039 -0.25
      vertex 29.876 5.37402 -0.25
      vertex 30.875 3.39648 -0.25
    endloop
  endfacet
  facet normal -0 0 -1
    outer loop
      vertex 26.1426 8.05762 -0.25
      vertex 25.6523 5.47461 -0.25
      vertex 26.0303 8.20117 -0.25
    endloop
  endfacet
  facet normal 0 0 -1
    outer loop
      vertex 24.9717 1.88281 -0.25
      vertex 25.5664 5.08105 -0.25
      vertex 25.7256 4.7627 -0.25
    endloop
  endfacet
  facet normal 0 0 -1
    outer loop
      vertex 24.9717 1.88281 -0.25
      vertex 20.8057 2.16504 -0.25
      vertex 25.5664 5.08105 -0.25
    endloop
  endfacet
  facet normal -0 0 -1
    outer loop
      vertex 25.5664 5.08105 -0.25
      vertex 20.8057 2.16504 -0.25
      vertex 25.5996 5.42285 -0.25
    endloop
  endfacet
  facet normal 0 0 -1
    outer loop
      vertex 25.9678 8.30371 -0.25
      vertex 25.5996 5.42285 -0.25
      vertex 17.458 7.20117 -0.25
    endloop
  endfacet
  facet normal 0 0 -1
    outer loop
      vertex 25.5996 5.42285 -0.25
      vertex 17.458 7.09277 -0.25
      vertex 17.458 7.20117 -0.25
    endloop
  endfacet
  facet normal 0 0 -1
    outer loop
      vertex 26.0225 5.50977 -0.25
      vertex 25.9814 5.51465 -0.25
      vertex 26.3369 7.93457 -0.25
    endloop
  endfacet
  facet normal -0 0 -1
    outer loop
      vertex 26.6758 7.84473 -0.25
      vertex 26.0742 5.50391 -0.25
      vertex 26.3369 7.93457 -0.25
    endloop
  endfacet
  facet normal 0 0 -1
    outer loop
      vertex 26.0742 5.50391 -0.25
      vertex 26.0225 5.50977 -0.25
      vertex 26.3369 7.93457 -0.25
    endloop
  endfacet
  facet normal 0 -0 -1
    outer loop
      vertex 27.1064 7.77441 -0.25
      vertex 27.249 7.75391 -0.25
      vertex 26.0742 5.50391 -0.25
    endloop
  endfacet
  facet normal 0 0 -1
    outer loop
      vertex 26.0742 5.50391 -0.25
      vertex 27.3916 7.73535 -0.25
      vertex 26.3398 5.24609 -0.25
    endloop
  endfacet
  facet normal 0 0 -1
    outer loop
      vertex 26.3398 5.24609 -0.25
      vertex 27.3916 7.73535 -0.25
      vertex 28.6992 6.28223 -0.25
    endloop
  endfacet
  facet normal 0 0 -1
    outer loop
      vertex 26.3467 5.19629 -0.25
      vertex 26.3398 5.24609 -0.25
      vertex 28.6992 6.28223 -0.25
    endloop
  endfacet
  facet normal 0 0 -1
    outer loop
      vertex 26.3604 5.10449 -0.25
      vertex 29.1924 5.62695 -0.25
      vertex 28.9746 2.7998 -0.25
    endloop
  endfacet
  facet normal 0 0 -1
    outer loop
      vertex 28.4102 2.53125 -0.25
      vertex 26.3604 5.10449 -0.25
      vertex 28.9746 2.7998 -0.25
    endloop
  endfacet
  facet normal 0 0 -1
    outer loop
      vertex 28.4102 2.53125 -0.25
      vertex 26.1982 4.76562 -0.25
      vertex 26.3604 5.10449 -0.25
    endloop
  endfacet
  facet normal 0 0 1
    outer loop
      vertex 12.4805 0.723633 0.25
      vertex 12.875 1.06348 0.25
      vertex 12.8516 1.12207 0.25
    endloop
  endfacet
  facet normal 0 0 1
    outer loop
      vertex 56.2891 38.2871 0.25
      vertex 56.0459 38.3164 0.25
      vertex 56.3232 38.252 0.25
    endloop
  endfacet
  facet normal 0 0 1
    outer loop
      vertex 11.5977 0.602539 0.25
      vertex 12.5664 1.30957 0.25
      vertex 11.8125 1.80762 0.25
    endloop
  endfacet
  facet normal 0 0 1
    outer loop
      vertex 12.4805 0.723633 0.25
      vertex 12.8516 1.12207 0.25
      vertex 12.5664 1.30957 0.25
    endloop
  endfacet
  facet normal 0 0 1
    outer loop
      vertex 12.8809 1.04688 0.25
      vertex 12.875 1.06348 0.25
      vertex 12.8516 0.828125 0.25
    endloop
  endfacet
  facet normal 0 0 1
    outer loop
      vertex 12.4805 0.723633 0.25
      vertex 12.8408 0.810547 0.25
      vertex 12.8516 0.828125 0.25
    endloop
  endfacet
  facet normal 0 0 1
    outer loop
      vertex 12.875 1.06348 0.25
      vertex 12.4805 0.723633 0.25
      vertex 12.8516 0.828125 0.25
    endloop
  endfacet
  facet normal 0 0 1
    outer loop
      vertex 12.8408 0.810547 0.25
      vertex 12.4805 0.723633 0.25
      vertex 12.8145 0.767578 0.25
    endloop
  endfacet
  facet normal 0 -0 1
    outer loop
      vertex 12.4805 0.723633 0.25
      vertex 12.5664 1.30957 0.25
      vertex 11.5977 0.602539 0.25
    endloop
  endfacet
  facet normal 0 -0 1
    outer loop
      vertex 11.5977 0.602539 0.25
      vertex 11.8125 1.80762 0.25
      vertex 10.3652 0.464844 0.25
    endloop
  endfacet
  facet normal 0 0 1
    outer loop
      vertex 11.8125 1.80762 0.25
      vertex 10.7598 2.47363 0.25
      vertex 10.3652 0.464844 0.25
    endloop
  endfacet
  facet normal -0 -0 1
    outer loop
      vertex 14.6338 4.34863 0.25
      vertex 15.2812 3.82031 0.25
      vertex 14.4863 5.00391 0.25
    endloop
  endfacet
  facet normal 0 0 1
    outer loop
      vertex 10.7598 2.47363 0.25
      vertex 8.95605 0.324219 0.25
      vertex 10.3652 0.464844 0.25
    endloop
  endfacet
  facet normal 0 0 1
    outer loop
      vertex 9.55371 3.21484 0.25
      vertex 8.95605 0.324219 0.25
      vertex 10.7598 2.47363 0.25
    endloop
  endfacet
  facet normal 0 0 1
    outer loop
      vertex 7.5459 0.200195 0.25
      vertex 9.55371 3.21484 0.25
      vertex 8.3457 3.94141 0.25
    endloop
  endfacet
  facet normal 0 0 1
    outer loop
      vertex 7.5459 0.200195 0.25
      vertex 8.95605 0.324219 0.25
      vertex 9.55371 3.21484 0.25
    endloop
  endfacet
  facet normal -0 0 1
    outer loop
      vertex 5.98633 4.00977 0.25
      vertex 5.8418 3.73145 0.25
      vertex 7.28027 4.56445 0.25
    endloop
  endfacet
  facet normal 0 0 1
    outer loop
      vertex 6.01562 4.36328 0.25
      vertex 7.28027 4.56445 0.25
      vertex 6.50684 4.99414 0.25
    endloop
  endfacet
  facet normal 0 -0 1
    outer loop
      vertex 6.01074 4.47852 0.25
      vertex 6.50684 4.99414 0.25
      vertex 6.00781 4.58887 0.25
    endloop
  endfacet
  facet normal 0 0 1
    outer loop
      vertex 6.50684 4.99414 0.25
      vertex 6.04004 4.95703 0.25
      vertex 6.00781 4.58887 0.25
    endloop
  endfacet
  facet normal 0 0 1
    outer loop
      vertex 6.17383 5.13867 0.25
      vertex 6.14062 5.12793 0.25
      vertex 6.04004 4.95703 0.25
    endloop
  endfacet
  facet normal -0 0 1
    outer loop
      vertex 6.17383 5.13867 0.25
      vertex 6.50684 4.99414 0.25
      vertex 6.2168 5.15625 0.25
    endloop
  endfacet
  facet normal 0 0 1
    outer loop
      vertex 6.17383 5.13867 0.25
      vertex 6.04004 4.95703 0.25
      vertex 6.50684 4.99414 0.25
    endloop
  endfacet
  facet normal 0 0 1
    outer loop
      vertex 5.27051 1.44824 0.25
      vertex 5.8418 3.73145 0.25
      vertex 5.54688 3.61426 0.25
    endloop
  endfacet
  facet normal 0 -0 1
    outer loop
      vertex 5.27051 1.44824 0.25
      vertex 5.54688 3.61426 0.25
      vertex 4.88672 1.6123 0.25
    endloop
  endfacet
  facet normal 0 -0 1
    outer loop
      vertex 6.01562 4.36328 0.25
      vertex 6.50684 4.99414 0.25
      vertex 6.01074 4.47852 0.25
    endloop
  endfacet
  facet normal 0 0 1
    outer loop
      vertex 5.98633 4.00977 0.25
      vertex 7.28027 4.56445 0.25
      vertex 6.01562 4.36328 0.25
    endloop
  endfacet
  facet normal 0 0 1
    outer loop
      vertex 5.07422 3.63379 0.25
      vertex 4.88672 1.6123 0.25
      vertex 5.18945 3.61914 0.25
    endloop
  endfacet
  facet normal 0 0 1
    outer loop
      vertex 5.8418 3.73145 0.25
      vertex 8.3457 3.94141 0.25
      vertex 7.28027 4.56445 0.25
    endloop
  endfacet
  facet normal 0 -0 1
    outer loop
      vertex 7.5459 0.200195 0.25
      vertex 8.3457 3.94141 0.25
      vertex 5.8418 3.73145 0.25
    endloop
  endfacet
  facet normal 0 0 1
    outer loop
      vertex 5.34961 1.17285 0.25
      vertex 5.23926 0.834961 0.25
      vertex 6.30566 0.107422 0.25
    endloop
  endfacet
  facet normal -0 0 1
    outer loop
      vertex 4.32422 1.70508 0.25
      vertex 4.88672 1.6123 0.25
      vertex 4.89062 3.65723 0.25
    endloop
  endfacet
  facet normal 0 0 1
    outer loop
      vertex 4.89062 3.65723 0.25
      vertex 4.13672 1.72363 0.25
      vertex 4.32422 1.70508 0.25
    endloop
  endfacet
  facet normal 0 0 1
    outer loop
      vertex 4.05371 3.82812 0.25
      vertex 4.13672 1.72363 0.25
      vertex 4.89062 3.65723 0.25
    endloop
  endfacet
  facet normal -0 0 1
    outer loop
      vertex 2.56738 2.02539 0.25
      vertex 3.74023 1.76953 0.25
      vertex 4.05371 3.82812 0.25
    endloop
  endfacet
  facet normal 0 0 1
    outer loop
      vertex 3.24512 4.1084 0.25
      vertex 2.56738 2.02539 0.25
      vertex 3.35645 4.05664 0.25
    endloop
  endfacet
  facet normal 0 0 1
    outer loop
      vertex 3.16699 4.14648 0.25
      vertex 1.36816 2.5332 0.25
      vertex 2.56738 2.02539 0.25
    endloop
  endfacet
  facet normal 0 0 1
    outer loop
      vertex 2.94531 4.31738 0.25
      vertex 0.540039 3.24707 0.25
      vertex 1.36816 2.5332 0.25
    endloop
  endfacet
  facet normal 0 0 1
    outer loop
      vertex 0.0537109 4.2793 0.25
      vertex 0.143555 5.19629 0.25
      vertex 0.0996094 5.09082 0.25
    endloop
  endfacet
  facet normal -0 0 1
    outer loop
      vertex 0.335938 5.625 0.25
      vertex 2.90723 4.68848 0.25
      vertex 0.508789 5.91406 0.25
    endloop
  endfacet
  facet normal 0 0 1
    outer loop
      vertex 2.90723 4.68848 0.25
      vertex 0.676758 6.11816 0.25
      vertex 0.537109 5.94922 0.25
    endloop
  endfacet
  facet normal 0 0 1
    outer loop
      vertex 3.08105 4.95117 0.25
      vertex 1.20703 6.53223 0.25
      vertex 2.90723 4.68848 0.25
    endloop
  endfacet
  facet normal 0 0 1
    outer loop
      vertex 1.20703 6.53223 0.25
      vertex 0.676758 6.11816 0.25
      vertex 2.90723 4.68848 0.25
    endloop
  endfacet
  facet normal 0 0 1
    outer loop
      vertex 24.1738 38.7568 0.25
      vertex 26.1582 40.2334 0.25
      vertex 25.5596 40.6104 0.25
    endloop
  endfacet
  facet normal 0 0 1
    outer loop
      vertex 36.7188 24.2422 0.25
      vertex 37.4326 24.835 0.25
      vertex 36.9121 26.4932 0.25
    endloop
  endfacet
  facet normal -0 -0 1
    outer loop
      vertex 26.3359 15.3008 0.25
      vertex 28.4512 14.9307 0.25
      vertex 26.126 15.4717 0.25
    endloop
  endfacet
  facet normal 0 0 1
    outer loop
      vertex 30.7568 21.3545 0.25
      vertex 27.1016 20.5098 0.25
      vertex 31.6016 19.9541 0.25
    endloop
  endfacet
  facet normal -0 0 1
    outer loop
      vertex 14.9443 23.3301 0.25
      vertex 15.8682 22.5244 0.25
      vertex 21.5488 27.041 0.25
    endloop
  endfacet
  facet normal -0 -0 1
    outer loop
      vertex 17.2266 21.1104 0.25
      vertex 24.8418 20.3809 0.25
      vertex 17.2227 21.2119 0.25
    endloop
  endfacet
  facet normal -0 0 1
    outer loop
      vertex 27.1807 20.7354 0.25
      vertex 27.1016 20.5098 0.25
      vertex 30.7568 21.3545 0.25
    endloop
  endfacet
  facet normal 0 0 1
    outer loop
      vertex 27.2656 21.1504 0.25
      vertex 27.4932 21.5156 0.25
      vertex 27.4463 21.4619 0.25
    endloop
  endfacet
  facet normal 0 0 1
    outer loop
      vertex 31.6016 19.9541 0.25
      vertex 31.1611 21.6699 0.25
      vertex 31.1162 21.6309 0.25
    endloop
  endfacet
  facet normal 0 0 1
    outer loop
      vertex 25.0791 13.918 0.25
      vertex 25.0391 15.127 0.25
      vertex 24.9482 13.9971 0.25
    endloop
  endfacet
  facet normal -0 0 1
    outer loop
      vertex 25.7627 15.2207 0.25
      vertex 25.0859 13.9111 0.25
      vertex 26.1309 15.2686 0.25
    endloop
  endfacet
  facet normal -0 0 1
    outer loop
      vertex 15.1484 7.01562 0.25
      vertex 14.875 6.2959 0.25
      vertex 17.0312 7.11914 0.25
    endloop
  endfacet
  facet normal 0 0 1
    outer loop
      vertex 15.2812 3.82031 0.25
      vertex 14.7041 4.22363 0.25
      vertex 14.7578 4.11719 0.25
    endloop
  endfacet
  facet normal 0 0 1
    outer loop
      vertex 15.2812 3.82031 0.25
      vertex 14.7148 5.89844 0.25
      vertex 14.6689 5.79883 0.25
    endloop
  endfacet
  facet normal 0 0 1
    outer loop
      vertex 15.2812 3.82031 0.25
      vertex 14.6045 5.66895 0.25
      vertex 14.4863 5.00391 0.25
    endloop
  endfacet
  facet normal 0 0 1
    outer loop
      vertex 14.6338 4.34863 0.25
      vertex 14.7041 4.22363 0.25
      vertex 15.2812 3.82031 0.25
    endloop
  endfacet
  facet normal 0 -0 1
    outer loop
      vertex 16.5127 3.31152 0.25
      vertex 17.2598 6.94434 0.25
      vertex 15.2812 3.82031 0.25
    endloop
  endfacet
  facet normal 0 0 1
    outer loop
      vertex 14.6689 5.79883 0.25
      vertex 14.6045 5.66895 0.25
      vertex 15.2812 3.82031 0.25
    endloop
  endfacet
  facet normal 0 0 1
    outer loop
      vertex 17.2598 6.94434 0.25
      vertex 14.7148 5.89844 0.25
      vertex 15.2812 3.82031 0.25
    endloop
  endfacet
  facet normal -0 0 1
    outer loop
      vertex 14.875 6.2959 0.25
      vertex 14.7148 5.89844 0.25
      vertex 17.2598 6.94434 0.25
    endloop
  endfacet
  facet normal -0 0 1
    outer loop
      vertex 16.5127 3.31152 0.25
      vertex 18.1318 2.79297 0.25
      vertex 17.2598 6.94434 0.25
    endloop
  endfacet
  facet normal 0 0 1
    outer loop
      vertex 14.875 6.2959 0.25
      vertex 17.2598 6.94434 0.25
      vertex 17.0312 7.11914 0.25
    endloop
  endfacet
  facet normal 0 0 1
    outer loop
      vertex 19.4375 2.45117 0.25
      vertex 17.458 7.09277 0.25
      vertex 18.1318 2.79297 0.25
    endloop
  endfacet
  facet normal -0 -0 1
    outer loop
      vertex 19.877 2.36035 0.25
      vertex 20.8057 2.16504 0.25
      vertex 17.458 7.09277 0.25
    endloop
  endfacet
  facet normal 0 0 1
    outer loop
      vertex 25.7803 4.7334 0.25
      vertex 24.9717 1.88281 0.25
      vertex 25.8545 4.69336 0.25
    endloop
  endfacet
  facet normal 0 0 1
    outer loop
      vertex 26.3467 5.19629 0.25
      vertex 28.9707 5.8457 0.25
      vertex 28.6992 6.28223 0.25
    endloop
  endfacet
  facet normal 0 0 1
    outer loop
      vertex 28.6992 6.28223 0.25
      vertex 28.3848 7.61914 0.25
      vertex 27.3916 7.73535 0.25
    endloop
  endfacet
  facet normal 0 0 1
    outer loop
      vertex 30.4453 5.65723 0.25
      vertex 31.0801 3.43652 0.25
      vertex 31.2598 3.46973 0.25
    endloop
  endfacet
  facet normal 0 0 1
    outer loop
      vertex 30.1924 6.99219 0.25
      vertex 29.9932 7.47266 0.25
      vertex 29.7393 7.0498 0.25
    endloop
  endfacet
  facet normal 0 -0 1
    outer loop
      vertex 31.2598 3.46973 0.25
      vertex 32.2168 3.69336 0.25
      vertex 30.4453 5.65723 0.25
    endloop
  endfacet
  facet normal 0 -0 1
    outer loop
      vertex 33.0244 3.93848 0.25
      vertex 33.2217 6.31934 0.25
      vertex 32.2168 3.69336 0.25
    endloop
  endfacet
  facet normal -0 0 1
    outer loop
      vertex 30.6104 6.73145 0.25
      vertex 30.75 6.4248 0.25
      vertex 30.9619 7.35156 0.25
    endloop
  endfacet
  facet normal 0 0 1
    outer loop
      vertex 33.9512 4.70996 0.25
      vertex 33.54 4.15625 0.25
      vertex 33.9395 4.64844 0.25
    endloop
  endfacet
  facet normal 0 -0 1
    outer loop
      vertex 33.7744 4.29785 0.25
      vertex 33.8896 4.46484 0.25
      vertex 33.54 4.15625 0.25
    endloop
  endfacet
  facet normal 0 0 1
    outer loop
      vertex 33.54 4.15625 0.25
      vertex 33.9512 4.70996 0.25
      vertex 33.9746 4.85449 0.25
    endloop
  endfacet
  facet normal 0 -0 1
    outer loop
      vertex 33.8896 4.46484 0.25
      vertex 33.9395 4.64844 0.25
      vertex 33.54 4.15625 0.25
    endloop
  endfacet
  facet normal 0 0 1
    outer loop
      vertex 33.8721 5.47266 0.25
      vertex 33.2324 4.02246 0.25
      vertex 33.9746 4.85449 0.25
    endloop
  endfacet
  facet normal 0 0 1
    outer loop
      vertex 33.9746 4.85449 0.25
      vertex 33.2324 4.02246 0.25
      vertex 33.54 4.15625 0.25
    endloop
  endfacet
  facet normal 0 0 1
    outer loop
      vertex 33.1299 3.98145 0.25
      vertex 33.2324 4.02246 0.25
      vertex 33.8721 5.47266 0.25
    endloop
  endfacet
  facet normal 0 0 1
    outer loop
      vertex 33.1299 3.98145 0.25
      vertex 33.8721 5.47266 0.25
      vertex 33.3887 6.14648 0.25
    endloop
  endfacet
  facet normal 0 -0 1
    outer loop
      vertex 33.1299 3.98145 0.25
      vertex 33.3887 6.14648 0.25
      vertex 33.0244 3.93848 0.25
    endloop
  endfacet
  facet normal 0 0 1
    outer loop
      vertex 33.3887 6.14648 0.25
      vertex 33.2217 6.31934 0.25
      vertex 33.0244 3.93848 0.25
    endloop
  endfacet
  facet normal 0 0 1
    outer loop
      vertex 33.2217 6.31934 0.25
      vertex 33.0918 6.45312 0.25
      vertex 30.71 6.01758 0.25
    endloop
  endfacet
  facet normal 0 0 1
    outer loop
      vertex 30.71 6.01758 0.25
      vertex 32.6426 6.79395 0.25
      vertex 31.9219 7.12695 0.25
    endloop
  endfacet
  facet normal 0 0 1
    outer loop
      vertex 30.75 6.4248 0.25
      vertex 31.9219 7.12695 0.25
      vertex 30.9619 7.35156 0.25
    endloop
  endfacet
  facet normal 0 -0 1
    outer loop
      vertex 30.4697 6.87207 0.25
      vertex 30.9619 7.35156 0.25
      vertex 30.1924 6.99219 0.25
    endloop
  endfacet
  facet normal 0 0 1
    outer loop
      vertex 29.2871 6.98145 0.25
      vertex 29.7393 7.0498 0.25
      vertex 29.4775 7.51465 0.25
    endloop
  endfacet
  facet normal 0 -0 1
    outer loop
      vertex 28.9512 6.7832 0.25
      vertex 29.0146 6.85156 0.25
      vertex 28.3848 7.61914 0.25
    endloop
  endfacet
  facet normal 0 0 1
    outer loop
      vertex 29.54 5.35547 0.25
      vertex 29.1016 2.8623 0.25
      vertex 29.9092 3.15039 0.25
    endloop
  endfacet
  facet normal 0 0 1
    outer loop
      vertex 29.54 5.35547 0.25
      vertex 29.1924 5.62695 0.25
      vertex 29.1016 2.8623 0.25
    endloop
  endfacet
  facet normal 0 -0 1
    outer loop
      vertex 25.9814 5.51465 0.25
      vertex 26.3369 7.93457 0.25
      vertex 25.6523 5.47461 0.25
    endloop
  endfacet
  facet normal 0 0 1
    outer loop
      vertex 26.1426 8.05762 0.25
      vertex 25.6523 5.47461 0.25
      vertex 26.3369 7.93457 0.25
    endloop
  endfacet
  facet normal 0 0 1
    outer loop
      vertex 29.1924 5.62695 0.25
      vertex 28.9746 2.7998 0.25
      vertex 29.1016 2.8623 0.25
    endloop
  endfacet
  facet normal 0 0 1
    outer loop
      vertex 29.876 5.37402 0.25
      vertex 29.54 5.35547 0.25
      vertex 29.9092 3.15039 0.25
    endloop
  endfacet
  facet normal 0 -0 1
    outer loop
      vertex 26.3604 5.10449 0.25
      vertex 28.9707 5.8457 0.25
      vertex 26.3467 5.19629 0.25
    endloop
  endfacet
  facet normal 0 0 1
    outer loop
      vertex 25.6523 5.47461 0.25
      vertex 26.0303 8.20117 0.25
      vertex 25.999 8.25195 0.25
    endloop
  endfacet
  facet normal 0 -0 1
    outer loop
      vertex 25.6523 5.47461 0.25
      vertex 25.999 8.25195 0.25
      vertex 25.5996 5.42285 0.25
    endloop
  endfacet
  facet normal 0 0 1
    outer loop
      vertex 25.6523 5.47461 0.25
      vertex 25.5996 5.42285 0.25
      vertex 25.6416 5.46289 0.25
    endloop
  endfacet
  facet normal 0 0 1
    outer loop
      vertex 25.9678 8.30371 0.25
      vertex 25.5996 5.42285 0.25
      vertex 25.999 8.25195 0.25
    endloop
  endfacet
  facet normal 0 0 1
    outer loop
      vertex 26.1982 4.76562 0.25
      vertex 25.8545 4.69336 0.25
      vertex 24.9717 1.88281 0.25
    endloop
  endfacet
  facet normal 0 0 1
    outer loop
      vertex 17.458 7.09277 0.25
      vertex 20.8057 2.16504 0.25
      vertex 25.5996 5.42285 0.25
    endloop
  endfacet
  facet normal 0 0 1
    outer loop
      vertex 17.458 7.20117 0.25
      vertex 25.791 8.96973 0.25
      vertex 22.4893 12.8682 0.25
    endloop
  endfacet
  facet normal 0 0 1
    outer loop
      vertex 15.1484 7.01562 0.25
      vertex 17.0312 7.11914 0.25
      vertex 17.0186 7.1875 0.25
    endloop
  endfacet
  facet normal 0 0 1
    outer loop
      vertex 15.1484 7.01562 0.25
      vertex 17.0186 7.1875 0.25
      vertex 17.0117 7.22266 0.25
    endloop
  endfacet
  facet normal 0 0 1
    outer loop
      vertex 25.7529 9.63379 0.25
      vertex 25.6807 9.87891 0.25
      vertex 25.665 9.89551 0.25
    endloop
  endfacet
  facet normal 0 0 1
    outer loop
      vertex 25.7529 9.63379 0.25
      vertex 25.665 9.89551 0.25
      vertex 25.6387 9.92188 0.25
    endloop
  endfacet
  facet normal 0 0 1
    outer loop
      vertex 25.7529 9.63379 0.25
      vertex 25.6387 9.92188 0.25
      vertex 25.791 9.30176 0.25
    endloop
  endfacet
  facet normal 0 0 1
    outer loop
      vertex 25.6387 9.92188 0.25
      vertex 25.791 8.96973 0.25
      vertex 25.791 9.30176 0.25
    endloop
  endfacet
  facet normal 0 0 1
    outer loop
      vertex 23.4648 12.8242 0.25
      vertex 23.0811 12.8242 0.25
      vertex 25.6387 9.92188 0.25
    endloop
  endfacet
  facet normal -0 0 1
    outer loop
      vertex 23.7119 13.1123 0.25
      vertex 23.957 13.0215 0.25
      vertex 24.2861 13.9043 0.25
    endloop
  endfacet
  facet normal 0 0 1
    outer loop
      vertex 16.7773 19.9219 0.25
      vertex 24.8418 20.3809 0.25
      vertex 17.0742 20.6221 0.25
    endloop
  endfacet
  facet normal 0 0 1
    outer loop
      vertex 25.0859 13.9111 0.25
      vertex 26.9277 11.9189 0.25
      vertex 27.3389 13.0557 0.25
    endloop
  endfacet
  facet normal 0 0 1
    outer loop
      vertex 26.1309 15.2686 0.25
      vertex 25.0859 13.9111 0.25
      vertex 27.376 13.374 0.25
    endloop
  endfacet
  facet normal -0 0 1
    outer loop
      vertex 24.5723 13.8662 0.25
      vertex 24.0098 12.9795 0.25
      vertex 24.7715 13.8662 0.25
    endloop
  endfacet
  facet normal 0 -0 1
    outer loop
      vertex 26.126 15.4717 0.25
      vertex 26.8252 20.373 0.25
      vertex 26.0918 15.4971 0.25
    endloop
  endfacet
  facet normal -0 0 1
    outer loop
      vertex 25.9756 19.9883 0.25
      vertex 26.0342 15.54 0.25
      vertex 26.8252 20.373 0.25
    endloop
  endfacet
  facet normal 0 -0 1
    outer loop
      vertex 28.1367 14.8496 0.25
      vertex 28.4512 14.9307 0.25
      vertex 26.3359 15.3008 0.25
    endloop
  endfacet
  facet normal 0 -0 1
    outer loop
      vertex 27.9902 14.6738 0.25
      vertex 27.9902 14.7549 0.25
      vertex 27.9062 14.5244 0.25
    endloop
  endfacet
  facet normal 0 0 1
    outer loop
      vertex 30.4434 21.6543 0.25
      vertex 27.1807 20.7354 0.25
      vertex 30.7568 21.3545 0.25
    endloop
  endfacet
  facet normal 0 0 1
    outer loop
      vertex 31.6016 19.9541 0.25
      vertex 29.8154 15.6025 0.25
      vertex 31.8135 17.0859 0.25
    endloop
  endfacet
  facet normal -0 0 1
    outer loop
      vertex 27.1807 20.8955 0.25
      vertex 27.1807 20.7354 0.25
      vertex 27.2656 21.1504 0.25
    endloop
  endfacet
  facet normal 0 0 1
    outer loop
      vertex 31.8799 19.7334 0.25
      vertex 32.3389 19.1494 0.25
      vertex 31.9775 19.6562 0.25
    endloop
  endfacet
  facet normal 0 -0 1
    outer loop
      vertex 32.5039 18.2744 0.25
      vertex 32.5039 18.5811 0.25
      vertex 32.1797 17.5547 0.25
    endloop
  endfacet
  facet normal 0 0 1
    outer loop
      vertex 31.8799 19.7334 0.25
      vertex 31.6016 19.9541 0.25
      vertex 32.0439 17.4043 0.25
    endloop
  endfacet
  facet normal 0 -0 1
    outer loop
      vertex 28.6328 14.9541 0.25
      vertex 29.3877 15.3525 0.25
      vertex 28.5352 14.9424 0.25
    endloop
  endfacet
  facet normal 0 0 1
    outer loop
      vertex 29.0137 15.0566 0.25
      vertex 29.3457 15.3008 0.25
      vertex 29.3877 15.3525 0.25
    endloop
  endfacet
  facet normal 0 -0 1
    outer loop
      vertex 29.2959 15.2471 0.25
      vertex 29.3457 15.3008 0.25
      vertex 29.0137 15.0566 0.25
    endloop
  endfacet
  facet normal 0 -0 1
    outer loop
      vertex 29.0137 15.0566 0.25
      vertex 29.3877 15.3525 0.25
      vertex 28.6328 14.9541 0.25
    endloop
  endfacet
  facet normal 0 0 1
    outer loop
      vertex 29.3877 15.3525 0.25
      vertex 28.4512 14.9307 0.25
      vertex 28.5352 14.9424 0.25
    endloop
  endfacet
  facet normal -0 0 1
    outer loop
      vertex 28.1436 22.0137 0.25
      vertex 27.1807 20.7354 0.25
      vertex 28.9297 22.2061 0.25
    endloop
  endfacet
  facet normal 0 0 1
    outer loop
      vertex 31.0732 16.0293 0.25
      vertex 31.5156 16.418 0.25
      vertex 31.6953 16.8672 0.25
    endloop
  endfacet
  facet normal 0 -0 1
    outer loop
      vertex 30.5068 15.7266 0.25
      vertex 31.6953 16.8672 0.25
      vertex 29.8154 15.6025 0.25
    endloop
  endfacet
  facet normal 0 0 1
    outer loop
      vertex 29.8154 15.6025 0.25
      vertex 30.0947 15.6025 0.25
      vertex 30.5068 15.7266 0.25
    endloop
  endfacet
  facet normal 0 0 1
    outer loop
      vertex 31.6953 16.8672 0.25
      vertex 30.5068 15.7266 0.25
      vertex 31.0732 16.0293 0.25
    endloop
  endfacet
  facet normal 0 -0 1
    outer loop
      vertex 31.6953 16.7002 0.25
      vertex 31.6953 16.8672 0.25
      vertex 31.5156 16.418 0.25
    endloop
  endfacet
  facet normal 0 -0 1
    outer loop
      vertex 31.6953 16.8672 0.25
      vertex 31.8135 17.0859 0.25
      vertex 29.8154 15.6025 0.25
    endloop
  endfacet
  facet normal 0 0 1
    outer loop
      vertex 32.3389 19.1494 0.25
      vertex 31.8799 19.7334 0.25
      vertex 32.0986 17.4648 0.25
    endloop
  endfacet
  facet normal 0 0 1
    outer loop
      vertex 32.5039 18.5811 0.25
      vertex 32.0986 17.4648 0.25
      vertex 32.1797 17.5547 0.25
    endloop
  endfacet
  facet normal 0 0 1
    outer loop
      vertex 32.5039 18.2744 0.25
      vertex 32.1797 17.5547 0.25
      vertex 32.4229 17.9199 0.25
    endloop
  endfacet
  facet normal 0 0 1
    outer loop
      vertex 32.5039 18.5811 0.25
      vertex 32.3389 19.1494 0.25
      vertex 32.0986 17.4648 0.25
    endloop
  endfacet
  facet normal 0 -0 1
    outer loop
      vertex 32.0439 17.4043 0.25
      vertex 32.0986 17.4648 0.25
      vertex 31.8799 19.7334 0.25
    endloop
  endfacet
  facet normal 0 -0 1
    outer loop
      vertex 31.8135 17.0859 0.25
      vertex 32.0439 17.4043 0.25
      vertex 31.6016 19.9541 0.25
    endloop
  endfacet
  facet normal 0 0 1
    outer loop
      vertex 27.1807 20.7354 0.25
      vertex 27.4932 21.5156 0.25
      vertex 27.2656 21.1504 0.25
    endloop
  endfacet
  facet normal 0 -0 1
    outer loop
      vertex 31.6016 19.9541 0.25
      vertex 31.9541 22.334 0.25
      vertex 31.1611 21.6699 0.25
    endloop
  endfacet
  facet normal 0 0 1
    outer loop
      vertex 34.5527 22.4414 0.25
      vertex 31.9541 22.334 0.25
      vertex 31.6016 19.9541 0.25
    endloop
  endfacet
  facet normal -0 0 1
    outer loop
      vertex 30.7568 21.3545 0.25
      vertex 31.6016 19.9541 0.25
      vertex 31.1162 21.6309 0.25
    endloop
  endfacet
  facet normal 0 0 1
    outer loop
      vertex 29.8691 23.2959 0.25
      vertex 30.9424 24.5371 0.25
      vertex 30.75 28.1338 0.25
    endloop
  endfacet
  facet normal -0 0 1
    outer loop
      vertex 37.9111 25.1904 0.25
      vertex 38.0605 25.0771 0.25
      vertex 39.543 28.6973 0.25
    endloop
  endfacet
  facet normal 0 0 1
    outer loop
      vertex 25.665 19.7441 0.25
      vertex 25.8232 15.6172 0.25
      vertex 26.0342 15.54 0.25
    endloop
  endfacet
  facet normal -0 0 1
    outer loop
      vertex 49.6562 40.0664 0.25
      vertex 50.9355 39.3789 0.25
      vertex 49.7812 40.4053 0.25
    endloop
  endfacet
  facet normal 0 0 1
    outer loop
      vertex 52.2305 40.5547 0.25
      vertex 51.5449 42.0332 0.25
      vertex 50.9502 41.7422 0.25
    endloop
  endfacet
  facet normal 0 0 1
    outer loop
      vertex 49.6562 40.0664 0.25
      vertex 50.6875 39.1436 0.25
      vertex 50.7393 39.21 0.25
    endloop
  endfacet
  facet normal 0 0 1
    outer loop
      vertex 50.54 38.2324 0.25
      vertex 49.0635 37.5557 0.25
      vertex 49.1602 37.3613 0.25
    endloop
  endfacet
  facet normal 0 -0 1
    outer loop
      vertex 37.7598 25.1035 0.25
      vertex 37.793 25.1309 0.25
      vertex 37.7266 25.0791 0.25
    endloop
  endfacet
  facet normal 0 0 1
    outer loop
      vertex 53.5107 38.1484 0.25
      vertex 52.4658 39.5605 0.25
      vertex 53.3457 38.1152 0.25
    endloop
  endfacet
  facet normal -0 0 1
    outer loop
      vertex 55.3516 38.0322 0.25
      vertex 56.1621 37.4072 0.25
      vertex 55.5215 38.1123 0.25
    endloop
  endfacet
  facet normal 0 0 1
    outer loop
      vertex 50.4541 38.6074 0.25
      vertex 49.0264 39.1035 0.25
      vertex 48.8623 38.3438 0.25
    endloop
  endfacet
  facet normal 0 0 1
    outer loop
      vertex 40.4209 29.4316 0.25
      vertex 49.3447 24.4082 0.25
      vertex 49.9727 25.1533 0.25
    endloop
  endfacet
  facet normal 0 -0 1
    outer loop
      vertex 55.7666 6.36914 0.25
      vertex 56.4619 7.41016 0.25
      vertex 51.0312 10.9443 0.25
    endloop
  endfacet
  facet normal 0 0 1
    outer loop
      vertex 52.3076 12.1504 0.25
      vertex 56.9199 8.32227 0.25
      vertex 57.1357 8.80176 0.25
    endloop
  endfacet
  facet normal 0 -0 1
    outer loop
      vertex 57.4229 9.2002 0.25
      vertex 57.8311 9.8457 0.25
      vertex 57.3428 9.13184 0.25
    endloop
  endfacet
  facet normal 0 -0 1
    outer loop
      vertex 58.1123 10.6367 0.25
      vertex 58.1299 10.7744 0.25
      vertex 57.8311 9.8457 0.25
    endloop
  endfacet
  facet normal 0 0 1
    outer loop
      vertex 56.8799 8.2168 0.25
      vertex 52.3076 12.1504 0.25
      vertex 56.7969 8.00781 0.25
    endloop
  endfacet
  facet normal 0 0 1
    outer loop
      vertex 53.4453 13.2305 0.25
      vertex 57.3193 9.11328 0.25
      vertex 57.8311 9.8457 0.25
    endloop
  endfacet
  facet normal 0 0 1
    outer loop
      vertex 48.6729 8.73926 0.25
      vertex 47.8975 8.02734 0.25
      vertex 48.001 5.65918 0.25
    endloop
  endfacet
  facet normal 0 0 1
    outer loop
      vertex 54.8428 5.16797 0.25
      vertex 49.7676 9.76074 0.25
      vertex 54.0244 4.19336 0.25
    endloop
  endfacet
  facet normal 0 0 1
    outer loop
      vertex 53.7432 3.87598 0.25
      vertex 48.5439 4.68164 0.25
      vertex 53.5381 3.65039 0.25
    endloop
  endfacet
  facet normal 0 0 1
    outer loop
      vertex 53.5381 3.65039 0.25
      vertex 49.0693 3.78027 0.25
      vertex 52.8916 2.99707 0.25
    endloop
  endfacet
  facet normal 0 0 1
    outer loop
      vertex 52.8916 2.99707 0.25
      vertex 49.5596 2.98242 0.25
      vertex 52.0127 2.18848 0.25
    endloop
  endfacet
  facet normal 0 0 1
    outer loop
      vertex 52.0127 2.18848 0.25
      vertex 50.3682 1.80566 0.25
      vertex 51.2715 1.5957 0.25
    endloop
  endfacet
  facet normal 0 0 1
    outer loop
      vertex 50.6543 1.48047 0.25
      vertex 50.79 1.36523 0.25
      vertex 50.9443 1.36523 0.25
    endloop
  endfacet
  facet normal 0 -0 1
    outer loop
      vertex 50.3682 1.80566 0.25
      vertex 52.0127 2.18848 0.25
      vertex 49.998 2.31543 0.25
    endloop
  endfacet
  facet normal -0 0 1
    outer loop
      vertex 50.6543 1.48047 0.25
      vertex 50.9443 1.36523 0.25
      vertex 51.2715 1.5957 0.25
    endloop
  endfacet
  facet normal 0 0 1
    outer loop
      vertex 50.3682 1.80566 0.25
      vertex 50.6543 1.48047 0.25
      vertex 51.2715 1.5957 0.25
    endloop
  endfacet
  facet normal 0 0 1
    outer loop
      vertex 49.5596 2.98242 0.25
      vertex 49.998 2.31543 0.25
      vertex 52.0127 2.18848 0.25
    endloop
  endfacet
  facet normal 0 0 1
    outer loop
      vertex 49.0693 3.78027 0.25
      vertex 49.5596 2.98242 0.25
      vertex 52.8916 2.99707 0.25
    endloop
  endfacet
  facet normal 0 0 1
    outer loop
      vertex 48.5439 4.68164 0.25
      vertex 49.0693 3.78027 0.25
      vertex 53.5381 3.65039 0.25
    endloop
  endfacet
  facet normal 0 0 1
    outer loop
      vertex 54.0244 4.19336 0.25
      vertex 48.5439 4.68164 0.25
      vertex 53.7432 3.87598 0.25
    endloop
  endfacet
  facet normal 0 0 1
    outer loop
      vertex 54.0244 4.19336 0.25
      vertex 49.7676 9.76074 0.25
      vertex 48.6729 8.73926 0.25
    endloop
  endfacet
  facet normal 0 0 1
    outer loop
      vertex 49.7676 9.76074 0.25
      vertex 54.8428 5.16797 0.25
      vertex 55.7666 6.36914 0.25
    endloop
  endfacet
  facet normal -0 0 1
    outer loop
      vertex 47.458 6.68945 0.25
      vertex 47.5908 6.43164 0.25
      vertex 47.8975 8.02734 0.25
    endloop
  endfacet
  facet normal 0 -0 1
    outer loop
      vertex 47.458 6.68945 0.25
      vertex 47.6016 7.76074 0.25
      vertex 47.3223 6.95312 0.25
    endloop
  endfacet
  facet normal -0 0 1
    outer loop
      vertex 54.292 14.0439 0.25
      vertex 58.2979 11.3809 0.25
      vertex 54.6074 14.3467 0.25
    endloop
  endfacet
  facet normal -0 0 1
    outer loop
      vertex 54.6074 14.3467 0.25
      vertex 58.5801 11.9639 0.25
      vertex 54.6914 14.4443 0.25
    endloop
  endfacet
  facet normal 0 0 1
    outer loop
      vertex 47.5977 7.76562 0.25
      vertex 47.5938 7.76953 0.25
      vertex 47.6016 7.76074 0.25
    endloop
  endfacet
  facet normal 0 0 1
    outer loop
      vertex 58.6504 12.083 0.25
      vertex 54.8096 14.584 0.25
      vertex 58.5801 11.9639 0.25
    endloop
  endfacet
  facet normal 0 -0 1
    outer loop
      vertex 57.3428 9.13184 0.25
      vertex 57.8311 9.8457 0.25
      vertex 57.3193 9.11328 0.25
    endloop
  endfacet
  facet normal 0 0 1
    outer loop
      vertex 58.1377 10.8613 0.25
      vertex 57.8311 9.8457 0.25
      vertex 58.1299 10.7744 0.25
    endloop
  endfacet
  facet normal 0 0 1
    outer loop
      vertex 54.292 14.0439 0.25
      vertex 53.4453 13.2305 0.25
      vertex 58.1377 10.8613 0.25
    endloop
  endfacet
  facet normal 0 0 1
    outer loop
      vertex 54.8096 14.584 0.25
      vertex 58.6504 12.083 0.25
      vertex 58.7891 12.3125 0.25
    endloop
  endfacet
  facet normal 0 0 1
    outer loop
      vertex 59.2471 15.5029 0.25
      vertex 55.7158 15.8926 0.25
      vertex 59.2852 14.2148 0.25
    endloop
  endfacet
  facet normal 0 0 1
    outer loop
      vertex 46.8877 7.79004 0.25
      vertex 46.7939 9.27734 0.25
      vertex 46.0654 9.36816 0.25
    endloop
  endfacet
  facet normal 0 0 1
    outer loop
      vertex 58.9746 16.9443 0.25
      vertex 56.832 17.7354 0.25
      vertex 56.3545 16.9209 0.25
    endloop
  endfacet
  facet normal 0 0 1
    outer loop
      vertex 58.9746 16.9443 0.25
      vertex 56.3545 16.9209 0.25
      vertex 59.0654 16.5898 0.25
    endloop
  endfacet
  facet normal 0 0 1
    outer loop
      vertex 59.0654 16.5898 0.25
      vertex 56.3545 16.9209 0.25
      vertex 59.2471 15.5029 0.25
    endloop
  endfacet
  facet normal -0 0 1
    outer loop
      vertex 55.1367 15.0332 0.25
      vertex 59.2852 14.2148 0.25
      vertex 55.7158 15.8926 0.25
    endloop
  endfacet
  facet normal 0 0 1
    outer loop
      vertex 56.3545 16.9209 0.25
      vertex 55.7158 15.8926 0.25
      vertex 59.2471 15.5029 0.25
    endloop
  endfacet
  facet normal 0 0 1
    outer loop
      vertex 58.9238 17.1387 0.25
      vertex 56.832 17.7354 0.25
      vertex 58.9746 16.9443 0.25
    endloop
  endfacet
  facet normal 0 0 1
    outer loop
      vertex 58.7607 17.7148 0.25
      vertex 56.832 17.7354 0.25
      vertex 58.9238 17.1387 0.25
    endloop
  endfacet
  facet normal 0 0 1
    outer loop
      vertex 56.9834 18.0098 0.25
      vertex 56.832 17.7354 0.25
      vertex 58.7607 17.7148 0.25
    endloop
  endfacet
  facet normal 0 0 1
    outer loop
      vertex 58.1328 19.5381 0.25
      vertex 57.1572 20.4395 0.25
      vertex 57.6543 19.1895 0.25
    endloop
  endfacet
  facet normal 0 0 1
    outer loop
      vertex 45.9395 10.8975 0.25
      vertex 45.1602 12.3779 0.25
      vertex 45.1006 11.2129 0.25
    endloop
  endfacet
  facet normal -0 0 1
    outer loop
      vertex 57.1572 20.4395 0.25
      vertex 58.1328 19.5381 0.25
      vertex 57.7051 20.6582 0.25
    endloop
  endfacet
  facet normal 0 0 1
    outer loop
      vertex 45.1602 12.3779 0.25
      vertex 44.9004 12.8691 0.25
      vertex 44.3506 12.6396 0.25
    endloop
  endfacet
  facet normal 0 0 1
    outer loop
      vertex 45.1602 12.3779 0.25
      vertex 44.3506 12.6396 0.25
      vertex 45.1006 11.2129 0.25
    endloop
  endfacet
  facet normal 0 0 1
    outer loop
      vertex 44.1016 13.1133 0.25
      vertex 44.3506 12.6396 0.25
      vertex 44.9004 12.8691 0.25
    endloop
  endfacet
  facet normal 0 0 1
    outer loop
      vertex 57.4287 21.3799 0.25
      vertex 57.04 20.7354 0.25
      vertex 57.5615 21.0303 0.25
    endloop
  endfacet
  facet normal 0 0 1
    outer loop
      vertex 56.8672 23.3203 0.25
      vertex 56.7256 21.6367 0.25
      vertex 57.4287 21.3799 0.25
    endloop
  endfacet
  facet normal 0 0 1
    outer loop
      vertex 44.9004 12.8691 0.25
      vertex 42.2275 17.9629 0.25
      vertex 43.5908 14.0811 0.25
    endloop
  endfacet
  facet normal 0 0 1
    outer loop
      vertex 56.8672 23.3203 0.25
      vertex 56.0928 24.2217 0.25
      vertex 56.3828 22.8516 0.25
    endloop
  endfacet
  facet normal 0 0 1
    outer loop
      vertex 42.2275 17.9629 0.25
      vertex 42.0703 16.9873 0.25
      vertex 43.5908 14.0811 0.25
    endloop
  endfacet
  facet normal 0 0 1
    outer loop
      vertex 56.3027 26.501 0.25
      vertex 56.1523 27.4238 0.25
      vertex 55.7734 26.2236 0.25
    endloop
  endfacet
  facet normal 0 0 1
    outer loop
      vertex 44.3848 20.0518 0.25
      vertex 40.5518 19.9375 0.25
      vertex 43.875 19.5723 0.25
    endloop
  endfacet
  facet normal 0 0 1
    outer loop
      vertex 55.5352 27.5508 0.25
      vertex 55.7734 26.2236 0.25
      vertex 56.1523 27.4238 0.25
    endloop
  endfacet
  facet normal 0 0 1
    outer loop
      vertex 54.2051 31.5283 0.25
      vertex 53.8076 28.0391 0.25
      vertex 54.291 31.3506 0.25
    endloop
  endfacet
  facet normal 0 0 1
    outer loop
      vertex 54.291 31.3506 0.25
      vertex 53.9629 28.1943 0.25
      vertex 54.5576 30.8154 0.25
    endloop
  endfacet
  facet normal 0 0 1
    outer loop
      vertex 53.7334 21.5508 0.25
      vertex 54.1924 20.8066 0.25
      vertex 54.3896 21.2656 0.25
    endloop
  endfacet
  facet normal 0 0 1
    outer loop
      vertex 54.2783 21.6367 0.25
      vertex 54.4941 21.4971 0.25
      vertex 54.4941 21.5898 0.25
    endloop
  endfacet
  facet normal 0 0 1
    outer loop
      vertex 55.7207 28.8564 0.25
      vertex 55.2705 28.4482 0.25
      vertex 55.3135 28.3613 0.25
    endloop
  endfacet
  facet normal 0 0 1
    outer loop
      vertex 52.2969 34.8604 0.25
      vertex 50.7832 25.9375 0.25
      vertex 52.8281 34.0732 0.25
    endloop
  endfacet
  facet normal 0 0 1
    outer loop
      vertex 49.3682 36.9561 0.25
      vertex 40.4209 29.4316 0.25
      vertex 50.7832 25.9375 0.25
    endloop
  endfacet
  facet normal 0 0 1
    outer loop
      vertex 45.8447 21.3525 0.25
      vertex 39.4521 22.1406 0.25
      vertex 45.127 20.7256 0.25
    endloop
  endfacet
  facet normal 0 0 1
    outer loop
      vertex 38.8691 23.3623 0.25
      vertex 39.4521 22.1406 0.25
      vertex 45.8447 21.3525 0.25
    endloop
  endfacet
  facet normal -0 0 1
    outer loop
      vertex 53.7822 35.4346 0.25
      vertex 54.2109 35.3496 0.25
      vertex 54.876 35.7783 0.25
    endloop
  endfacet
  facet normal 0 0 1
    outer loop
      vertex 40.5518 19.9375 0.25
      vertex 43.709 19.4102 0.25
      vertex 43.875 19.5723 0.25
    endloop
  endfacet
  facet normal 0 0 1
    outer loop
      vertex 56.3232 38.252 0.25
      vertex 56.0459 38.3164 0.25
      vertex 56.3975 37.9912 0.25
    endloop
  endfacet
  facet normal 0 -0 1
    outer loop
      vertex 40.5518 19.9375 0.25
      vertex 44.3848 20.0518 0.25
      vertex 39.4521 22.1406 0.25
    endloop
  endfacet
  facet normal 0 0 1
    outer loop
      vertex 46.2969 21.7314 0.25
      vertex 38.8691 23.3623 0.25
      vertex 45.8447 21.3525 0.25
    endloop
  endfacet
  facet normal -0 0 1
    outer loop
      vertex 38.6846 23.7725 0.25
      vertex 38.8691 23.3623 0.25
      vertex 40.4209 29.4316 0.25
    endloop
  endfacet
  facet normal -0 0 1
    outer loop
      vertex 38.8691 23.3623 0.25
      vertex 46.2969 21.7314 0.25
      vertex 40.4209 29.4316 0.25
    endloop
  endfacet
  facet normal 0 0 1
    outer loop
      vertex 40.4209 29.4316 0.25
      vertex 46.4512 21.8516 0.25
      vertex 46.7773 22.1074 0.25
    endloop
  endfacet
  facet normal 0 0 1
    outer loop
      vertex 38.6846 23.7725 0.25
      vertex 40.4209 29.4316 0.25
      vertex 39.543 28.6973 0.25
    endloop
  endfacet
  facet normal 0 0 1
    outer loop
      vertex 46.4512 21.8516 0.25
      vertex 40.4209 29.4316 0.25
      vertex 46.2969 21.7314 0.25
    endloop
  endfacet
  facet normal 0 0 1
    outer loop
      vertex 48.627 23.6553 0.25
      vertex 40.4209 29.4316 0.25
      vertex 47.752 22.8896 0.25
    endloop
  endfacet
  facet normal 0 -0 1
    outer loop
      vertex 38.6846 23.7725 0.25
      vertex 39.543 28.6973 0.25
      vertex 38.5869 23.9912 0.25
    endloop
  endfacet
  facet normal 0 0 1
    outer loop
      vertex 40.4209 29.4316 0.25
      vertex 48.627 23.6553 0.25
      vertex 49.3447 24.4082 0.25
    endloop
  endfacet
  facet normal 0 0 1
    outer loop
      vertex 52.8281 34.0732 0.25
      vertex 53.1006 33.627 0.25
      vertex 52.9004 33.9648 0.25
    endloop
  endfacet
  facet normal 0 0 1
    outer loop
      vertex 52.2969 34.8604 0.25
      vertex 51.9082 36.6465 0.25
      vertex 49.3682 36.9561 0.25
    endloop
  endfacet
  facet normal 0 0 1
    outer loop
      vertex 54.5566 37.7324 0.25
      vertex 53.9219 37.6699 0.25
      vertex 54.876 35.7783 0.25
    endloop
  endfacet
  facet normal 0 0 1
    outer loop
      vertex 56.2295 37.5488 0.25
      vertex 55.5215 38.1123 0.25
      vertex 56.1621 37.4072 0.25
    endloop
  endfacet
  facet normal 0 -0 1
    outer loop
      vertex 53.4365 35.3174 0.25
      vertex 53.4648 35.3467 0.25
      vertex 53.1689 35.1611 0.25
    endloop
  endfacet
  facet normal 0 0 1
    outer loop
      vertex 53.0459 36.7471 0.25
      vertex 52.9209 36.5771 0.25
      vertex 53.6719 35.4902 0.25
    endloop
  endfacet
  facet normal -0 0 1
    outer loop
      vertex 52.9678 37.6729 0.25
      vertex 53.0361 37.1758 0.25
      vertex 53.7549 37.6729 0.25
    endloop
  endfacet
  facet normal 0 0 1
    outer loop
      vertex 53.7549 37.6729 0.25
      vertex 53.0508 37.0723 0.25
      vertex 53.0459 36.7471 0.25
    endloop
  endfacet
  facet normal 0 -0 1
    outer loop
      vertex 53.0508 37.0723 0.25
      vertex 53.7549 37.6729 0.25
      vertex 53.0361 37.1758 0.25
    endloop
  endfacet
  facet normal 0 0 1
    outer loop
      vertex 55.5928 36.5205 0.25
      vertex 55.1865 37.9551 0.25
      vertex 54.5566 37.7324 0.25
    endloop
  endfacet
  facet normal -0 -0 1
    outer loop
      vertex 53.8018 35.4043 0.25
      vertex 54.2109 35.3496 0.25
      vertex 53.7822 35.4346 0.25
    endloop
  endfacet
  facet normal -0 0 1
    outer loop
      vertex 54.7715 40.8545 0.25
      vertex 55.5117 40.3701 0.25
      vertex 55.3203 41.0215 0.25
    endloop
  endfacet
  facet normal 0 -0 1
    outer loop
      vertex 53.835 35.3496 0.25
      vertex 54.2109 35.3496 0.25
      vertex 53.8018 35.4043 0.25
    endloop
  endfacet
  facet normal 0 -0 1
    outer loop
      vertex 53.7822 35.4346 0.25
      vertex 54.876 35.7783 0.25
      vertex 53.6719 35.4902 0.25
    endloop
  endfacet
  facet normal 0 0 1
    outer loop
      vertex 55.3516 38.0322 0.25
      vertex 55.1865 37.9551 0.25
      vertex 56.0508 37.1709 0.25
    endloop
  endfacet
  facet normal 0 0 1
    outer loop
      vertex 56.0459 38.3164 0.25
      vertex 56.2295 37.5488 0.25
      vertex 56.3975 37.9912 0.25
    endloop
  endfacet
  facet normal 0 0 1
    outer loop
      vertex 56.3975 37.9912 0.25
      vertex 56.3574 38.2139 0.25
      vertex 56.3232 38.252 0.25
    endloop
  endfacet
  facet normal 0 0 1
    outer loop
      vertex 56.0459 38.3164 0.25
      vertex 55.5215 38.1123 0.25
      vertex 56.2295 37.5488 0.25
    endloop
  endfacet
  facet normal 0 0 1
    outer loop
      vertex 56.1621 37.4072 0.25
      vertex 55.3516 38.0322 0.25
      vertex 56.0508 37.1709 0.25
    endloop
  endfacet
  facet normal 0 0 1
    outer loop
      vertex 56.0508 37.1709 0.25
      vertex 55.1865 37.9551 0.25
      vertex 55.5928 36.5205 0.25
    endloop
  endfacet
  facet normal 0 0 1
    outer loop
      vertex 55.5928 36.5205 0.25
      vertex 54.5566 37.7324 0.25
      vertex 54.876 35.7783 0.25
    endloop
  endfacet
  facet normal 0 0 1
    outer loop
      vertex 54.876 35.7783 0.25
      vertex 53.9219 37.6699 0.25
      vertex 53.0459 36.7471 0.25
    endloop
  endfacet
  facet normal 0 0 1
    outer loop
      vertex 53.9219 37.6699 0.25
      vertex 53.7549 37.6729 0.25
      vertex 53.0459 36.7471 0.25
    endloop
  endfacet
  facet normal 0 0 1
    outer loop
      vertex 55.6025 41.0273 0.25
      vertex 55.6777 40.7139 0.25
      vertex 55.7227 40.8906 0.25
    endloop
  endfacet
  facet normal 0 0 1
    outer loop
      vertex 52.7969 36.5078 0.25
      vertex 53.4648 35.3467 0.25
      vertex 53.5098 35.3896 0.25
    endloop
  endfacet
  facet normal 0 -0 1
    outer loop
      vertex 53.1689 35.1611 0.25
      vertex 53.4648 35.3467 0.25
      vertex 52.7969 36.5078 0.25
    endloop
  endfacet
  facet normal 0 0 1
    outer loop
      vertex 53.6113 38.083 0.25
      vertex 53.6553 38.0391 0.25
      vertex 53.9277 37.998 0.25
    endloop
  endfacet
  facet normal 0 0 1
    outer loop
      vertex 52.2969 34.8604 0.25
      vertex 51.9365 36.6201 0.25
      vertex 51.9082 36.6465 0.25
    endloop
  endfacet
  facet normal -0 0 1
    outer loop
      vertex 52.4658 39.5605 0.25
      vertex 53.5107 38.1484 0.25
      vertex 53.085 40.1963 0.25
    endloop
  endfacet
  facet normal 0 0 1
    outer loop
      vertex 54.7715 40.8545 0.25
      vertex 54.085 40.5986 0.25
      vertex 55.2568 39.9141 0.25
    endloop
  endfacet
  facet normal 0 0 1
    outer loop
      vertex 54.876 35.7783 0.25
      vertex 53.0459 36.7471 0.25
      vertex 53.6719 35.4902 0.25
    endloop
  endfacet
  facet normal 0 0 1
    outer loop
      vertex 53.6719 35.4902 0.25
      vertex 52.9209 36.5771 0.25
      vertex 53.5098 35.3896 0.25
    endloop
  endfacet
  facet normal 0 0 1
    outer loop
      vertex 52.875 36.5508 0.25
      vertex 52.7969 36.5078 0.25
      vertex 53.5098 35.3896 0.25
    endloop
  endfacet
  facet normal 0 0 1
    outer loop
      vertex 52.9209 36.5771 0.25
      vertex 52.875 36.5508 0.25
      vertex 53.5098 35.3896 0.25
    endloop
  endfacet
  facet normal 0 0 1
    outer loop
      vertex 53.1689 35.1611 0.25
      vertex 52.7969 36.5078 0.25
      vertex 52.834 35.0205 0.25
    endloop
  endfacet
  facet normal 0 0 1
    outer loop
      vertex 52.7969 36.5078 0.25
      vertex 52.375 36.4434 0.25
      vertex 52.834 35.0205 0.25
    endloop
  endfacet
  facet normal 0 0 1
    outer loop
      vertex 52.375 36.4434 0.25
      vertex 52.7705 34.999 0.25
      vertex 52.834 35.0205 0.25
    endloop
  endfacet
  facet normal 0 -0 1
    outer loop
      vertex 52.2969 34.8604 0.25
      vertex 52.375 36.4434 0.25
      vertex 51.9951 36.5693 0.25
    endloop
  endfacet
  facet normal 0 0 1
    outer loop
      vertex 52.2969 34.8604 0.25
      vertex 52.7705 34.999 0.25
      vertex 52.375 36.4434 0.25
    endloop
  endfacet
  facet normal 0 0 1
    outer loop
      vertex 52.2969 34.8604 0.25
      vertex 51.9951 36.5693 0.25
      vertex 51.9365 36.6201 0.25
    endloop
  endfacet
  facet normal 0 0 1
    outer loop
      vertex 51.8398 36.7402 0.25
      vertex 50.624 38.1611 0.25
      vertex 49.3682 36.9561 0.25
    endloop
  endfacet
  facet normal 0 0 1
    outer loop
      vertex 51.8779 36.8809 0.25
      vertex 50.624 38.1611 0.25
      vertex 51.8398 36.7402 0.25
    endloop
  endfacet
  facet normal -0 0 1
    outer loop
      vertex 51.4395 38.5615 0.25
      vertex 52.4258 37.3955 0.25
      vertex 51.6016 38.6807 0.25
    endloop
  endfacet
  facet normal 0 0 1
    outer loop
      vertex 52.6689 39.9922 0.25
      vertex 52.5 39.8271 0.25
      vertex 52.4697 39.6797 0.25
    endloop
  endfacet
  facet normal 0 0 1
    outer loop
      vertex 55.6025 41.0273 0.25
      vertex 55.3203 41.0215 0.25
      vertex 55.6777 40.7139 0.25
    endloop
  endfacet
  facet normal 0 -0 1
    outer loop
      vertex 53.5107 38.1484 0.25
      vertex 54.3262 38.4619 0.25
      vertex 53.085 40.1963 0.25
    endloop
  endfacet
  facet normal 0 0 1
    outer loop
      vertex 55.6025 41.0273 0.25
      vertex 55.7227 40.8906 0.25
      vertex 55.709 40.9307 0.25
    endloop
  endfacet
  facet normal 0 0 1
    outer loop
      vertex 55.3203 41.0215 0.25
      vertex 55.5117 40.3701 0.25
      vertex 55.6777 40.7139 0.25
    endloop
  endfacet
  facet normal 0 0 1
    outer loop
      vertex 55.7227 40.8906 0.25
      vertex 55.6777 40.7139 0.25
      vertex 55.7363 40.8574 0.25
    endloop
  endfacet
  facet normal 0 0 1
    outer loop
      vertex 53.665 40.4326 0.25
      vertex 53.085 40.1963 0.25
      vertex 54.6279 38.9023 0.25
    endloop
  endfacet
  facet normal -0 0 1
    outer loop
      vertex 51.96 42.1816 0.25
      vertex 52.8174 41.5508 0.25
      vertex 52.7422 42.335 0.25
    endloop
  endfacet
  facet normal 0 0 1
    outer loop
      vertex 53.9277 37.998 0.25
      vertex 53.6553 38.0391 0.25
      vertex 53.9053 37.9902 0.25
    endloop
  endfacet
  facet normal 0 0 1
    outer loop
      vertex 54.0811 38.1416 0.25
      vertex 53.9277 37.998 0.25
      vertex 53.9727 38.0146 0.25
    endloop
  endfacet
  facet normal -0 0 1
    outer loop
      vertex 53.6113 38.083 0.25
      vertex 53.9277 37.998 0.25
      vertex 54.0811 38.1416 0.25
    endloop
  endfacet
  facet normal 0 -0 1
    outer loop
      vertex 53.6113 38.083 0.25
      vertex 54.0811 38.1416 0.25
      vertex 53.5107 38.1484 0.25
    endloop
  endfacet
  facet normal 0 -0 1
    outer loop
      vertex 54.0811 38.1416 0.25
      vertex 54.3262 38.4619 0.25
      vertex 53.5107 38.1484 0.25
    endloop
  endfacet
  facet normal 0 0 1
    outer loop
      vertex 54.085 40.5986 0.25
      vertex 53.8594 40.5088 0.25
      vertex 54.9512 39.4053 0.25
    endloop
  endfacet
  facet normal 0 0 1
    outer loop
      vertex 54.085 40.5986 0.25
      vertex 54.9512 39.4053 0.25
      vertex 55.2568 39.9141 0.25
    endloop
  endfacet
  facet normal 0 0 1
    outer loop
      vertex 54.7715 40.8545 0.25
      vertex 55.2568 39.9141 0.25
      vertex 55.5117 40.3701 0.25
    endloop
  endfacet
  facet normal 0 0 1
    outer loop
      vertex 54.9512 39.4053 0.25
      vertex 53.8594 40.5088 0.25
      vertex 53.665 40.4326 0.25
    endloop
  endfacet
  facet normal 0 0 1
    outer loop
      vertex 54.9512 39.4053 0.25
      vertex 53.665 40.4326 0.25
      vertex 54.6279 38.9023 0.25
    endloop
  endfacet
  facet normal 0 0 1
    outer loop
      vertex 54.6279 38.9023 0.25
      vertex 53.085 40.1963 0.25
      vertex 54.3262 38.4619 0.25
    endloop
  endfacet
  facet normal 0 0 1
    outer loop
      vertex 52.4697 39.6299 0.25
      vertex 52.6689 39.9922 0.25
      vertex 52.4697 39.6797 0.25
    endloop
  endfacet
  facet normal -0 0 1
    outer loop
      vertex 52.4697 39.6299 0.25
      vertex 52.4658 39.5605 0.25
      vertex 52.6689 39.9922 0.25
    endloop
  endfacet
  facet normal 0 0 1
    outer loop
      vertex 52.4658 39.5605 0.25
      vertex 53.085 40.1963 0.25
      vertex 52.6689 39.9922 0.25
    endloop
  endfacet
  facet normal -0 0 1
    outer loop
      vertex 52.2988 39.2422 0.25
      vertex 53.3457 38.1152 0.25
      vertex 52.4658 39.5605 0.25
    endloop
  endfacet
  facet normal 0 -0 1
    outer loop
      vertex 53.0508 37.9111 0.25
      vertex 53.3457 38.1152 0.25
      vertex 52.2988 39.2422 0.25
    endloop
  endfacet
  facet normal 0 0 1
    outer loop
      vertex 51.6016 38.6807 0.25
      vertex 52.5391 37.4883 0.25
      vertex 52.666 37.5957 0.25
    endloop
  endfacet
  facet normal 0 -0 1
    outer loop
      vertex 52.4258 37.3955 0.25
      vertex 52.5391 37.4883 0.25
      vertex 51.6016 38.6807 0.25
    endloop
  endfacet
  facet normal 0 -0 1
    outer loop
      vertex 13.1172 38.7383 0.25
      vertex 13.2109 38.8672 0.25
      vertex 11.7314 39.9961 0.25
    endloop
  endfacet
  facet normal 0 0 1
    outer loop
      vertex 52.0957 37.1094 0.25
      vertex 50.8975 38.2197 0.25
      vertex 51.8779 36.8809 0.25
    endloop
  endfacet
  facet normal -0 0 1
    outer loop
      vertex 49.0264 39.1035 0.25
      vertex 50.4541 38.6074 0.25
      vertex 49.1133 39.2822 0.25
    endloop
  endfacet
  facet normal 0 0 1
    outer loop
      vertex 52.2305 40.5547 0.25
      vertex 50.3008 41.3008 0.25
      vertex 52.0273 40.0127 0.25
    endloop
  endfacet
  facet normal -0 0 1
    outer loop
      vertex 49.7734 40.4512 0.25
      vertex 49.7812 40.4053 0.25
      vertex 49.8818 40.8496 0.25
    endloop
  endfacet
  facet normal -0 0 1
    outer loop
      vertex 50.8975 38.2197 0.25
      vertex 52.0957 37.1094 0.25
      vertex 51.4395 38.5615 0.25
    endloop
  endfacet
  facet normal 0 0 1
    outer loop
      vertex 53.0508 37.9111 0.25
      vertex 52.2988 39.2422 0.25
      vertex 51.7812 38.8086 0.25
    endloop
  endfacet
  facet normal 0 0 1
    outer loop
      vertex 51.7812 38.8086 0.25
      vertex 51.6016 38.6807 0.25
      vertex 52.666 37.5957 0.25
    endloop
  endfacet
  facet normal 0 0 1
    outer loop
      vertex 53.0508 37.9111 0.25
      vertex 51.7812 38.8086 0.25
      vertex 52.666 37.5957 0.25
    endloop
  endfacet
  facet normal 0 -0 1
    outer loop
      vertex 51.2549 39.2588 0.25
      vertex 51.9492 39.6904 0.25
      vertex 51.1816 39.3018 0.25
    endloop
  endfacet
  facet normal 0 -0 1
    outer loop
      vertex 52.0957 37.1094 0.25
      vertex 52.4258 37.3955 0.25
      vertex 51.4395 38.5615 0.25
    endloop
  endfacet
  facet normal -0 0 1
    outer loop
      vertex 51.2549 39.2588 0.25
      vertex 51.3613 39.1953 0.25
      vertex 51.9492 39.6904 0.25
    endloop
  endfacet
  facet normal -0 0 1
    outer loop
      vertex 50.624 38.1611 0.25
      vertex 51.8779 36.8809 0.25
      vertex 50.8975 38.2197 0.25
    endloop
  endfacet
  facet normal 0 0 1
    outer loop
      vertex 50.5947 38.1826 0.25
      vertex 50.54 38.2324 0.25
      vertex 49.1602 37.3613 0.25
    endloop
  endfacet
  facet normal 0 0 1
    outer loop
      vertex 50.54 38.2324 0.25
      vertex 50.4541 38.6074 0.25
      vertex 48.8623 38.3438 0.25
    endloop
  endfacet
  facet normal -0 0 1
    outer loop
      vertex 49.7539 40.542 0.25
      vertex 49.7734 40.4512 0.25
      vertex 49.8818 40.8496 0.25
    endloop
  endfacet
  facet normal 0 -0 1
    outer loop
      vertex 50.9355 39.3789 0.25
      vertex 52.0273 40.0127 0.25
      vertex 50.3008 41.3008 0.25
    endloop
  endfacet
  facet normal 0 0 1
    outer loop
      vertex 50.9355 39.3789 0.25
      vertex 50.3008 41.3008 0.25
      vertex 49.7812 40.4053 0.25
    endloop
  endfacet
  facet normal -0 0 1
    outer loop
      vertex 49.3936 39.7686 0.25
      vertex 50.6162 39.0566 0.25
      vertex 49.6562 40.0664 0.25
    endloop
  endfacet
  facet normal -0 0 1
    outer loop
      vertex 49.8818 40.8496 0.25
      vertex 49.7812 40.4053 0.25
      vertex 50.3008 41.3008 0.25
    endloop
  endfacet
  facet normal 0 0 1
    outer loop
      vertex 51.5449 42.0332 0.25
      vertex 52.2305 40.5547 0.25
      vertex 52.5107 41.1025 0.25
    endloop
  endfacet
  facet normal 0 0 1
    outer loop
      vertex 51.96 42.1816 0.25
      vertex 52.7305 41.4473 0.25
      vertex 52.8174 41.5508 0.25
    endloop
  endfacet
  facet normal 0 -0 1
    outer loop
      vertex 52.5107 41.1025 0.25
      vertex 52.7305 41.4473 0.25
      vertex 51.96 42.1816 0.25
    endloop
  endfacet
  facet normal -0 0 1
    outer loop
      vertex 51.3613 39.1953 0.25
      vertex 51.7656 39.1445 0.25
      vertex 51.9492 39.4736 0.25
    endloop
  endfacet
  facet normal 0 0 1
    outer loop
      vertex 51.9492 39.6904 0.25
      vertex 51.3613 39.1953 0.25
      vertex 51.9492 39.4736 0.25
    endloop
  endfacet
  facet normal 0 0 1
    outer loop
      vertex 51.1816 39.3018 0.25
      vertex 51.9492 39.6904 0.25
      vertex 52.0273 40.0127 0.25
    endloop
  endfacet
  facet normal 0 -0 1
    outer loop
      vertex 51.1816 39.3018 0.25
      vertex 52.0273 40.0127 0.25
      vertex 50.9355 39.3789 0.25
    endloop
  endfacet
  facet normal -0 0 1
    outer loop
      vertex 50.3008 41.3008 0.25
      vertex 52.2305 40.5547 0.25
      vertex 50.9502 41.7422 0.25
    endloop
  endfacet
  facet normal 0 0 1
    outer loop
      vertex 53.1064 42.1738 0.25
      vertex 52.7422 42.335 0.25
      vertex 53.1064 42.0537 0.25
    endloop
  endfacet
  facet normal 0 0 1
    outer loop
      vertex 52.7422 42.335 0.25
      vertex 53.0215 41.8564 0.25
      vertex 53.1064 42.0537 0.25
    endloop
  endfacet
  facet normal 0 0 1
    outer loop
      vertex 52.7422 42.335 0.25
      vertex 52.8574 41.5977 0.25
      vertex 53.0215 41.8564 0.25
    endloop
  endfacet
  facet normal 0 -0 1
    outer loop
      vertex 52.8174 41.5508 0.25
      vertex 52.8574 41.5977 0.25
      vertex 52.7422 42.335 0.25
    endloop
  endfacet
  facet normal -0 0 1
    outer loop
      vertex 51.752 42.1055 0.25
      vertex 52.5107 41.1025 0.25
      vertex 51.96 42.1816 0.25
    endloop
  endfacet
  facet normal -0 0 1
    outer loop
      vertex 51.5449 42.0332 0.25
      vertex 52.5107 41.1025 0.25
      vertex 51.752 42.1055 0.25
    endloop
  endfacet
  facet normal -0 0 1
    outer loop
      vertex 38.29 24.6436 0.25
      vertex 38.5869 23.9912 0.25
      vertex 39.543 28.6973 0.25
    endloop
  endfacet
  facet normal 0 0 1
    outer loop
      vertex 39.543 28.6973 0.25
      vertex 36.9121 26.4932 0.25
      vertex 37.9111 25.1904 0.25
    endloop
  endfacet
  facet normal 0 0 1
    outer loop
      vertex 36.9121 26.4932 0.25
      vertex 37.793 25.1309 0.25
      vertex 37.9111 25.1904 0.25
    endloop
  endfacet
  facet normal 0 -0 1
    outer loop
      vertex 37.7266 25.0791 0.25
      vertex 37.793 25.1309 0.25
      vertex 36.9121 26.4932 0.25
    endloop
  endfacet
  facet normal 0 0 1
    outer loop
      vertex 37.7266 25.0791 0.25
      vertex 36.9121 26.4932 0.25
      vertex 37.4326 24.835 0.25
    endloop
  endfacet
  facet normal -0 0 1
    outer loop
      vertex 33.9883 24.04 0.25
      vertex 35.7246 23.416 0.25
      vertex 36.7188 24.2422 0.25
    endloop
  endfacet
  facet normal -0 0 1
    outer loop
      vertex 8.49414 33.7773 0.25
      vertex 8.57031 33.3525 0.25
      vertex 12.7734 35.7871 0.25
    endloop
  endfacet
  facet normal 0 -0 1
    outer loop
      vertex 34.8447 22.6855 0.25
      vertex 35.7246 23.416 0.25
      vertex 33.9883 24.04 0.25
    endloop
  endfacet
  facet normal 0 0 1
    outer loop
      vertex 50.9355 39.3789 0.25
      vertex 49.6562 40.0664 0.25
      vertex 50.7393 39.21 0.25
    endloop
  endfacet
  facet normal 0 0 1
    outer loop
      vertex 49.6562 40.0664 0.25
      vertex 50.6162 39.0566 0.25
      vertex 50.6875 39.1436 0.25
    endloop
  endfacet
  facet normal -0 0 1
    outer loop
      vertex 49.1562 39.3691 0.25
      vertex 50.6162 39.0566 0.25
      vertex 49.3936 39.7686 0.25
    endloop
  endfacet
  facet normal -0 0 1
    outer loop
      vertex 49.6221 40.0459 0.25
      vertex 49.3936 39.7686 0.25
      vertex 49.6562 40.0664 0.25
    endloop
  endfacet
  facet normal -0 0 1
    outer loop
      vertex 49.5957 40.0293 0.25
      vertex 49.3936 39.7686 0.25
      vertex 49.6221 40.0459 0.25
    endloop
  endfacet
  facet normal -0 0 1
    outer loop
      vertex 38.0605 25.0771 0.25
      vertex 38.29 24.6436 0.25
      vertex 39.543 28.6973 0.25
    endloop
  endfacet
  facet normal 0 -0 1
    outer loop
      vertex 50.4541 38.6074 0.25
      vertex 50.6162 39.0566 0.25
      vertex 49.1562 39.3691 0.25
    endloop
  endfacet
  facet normal 0 0 1
    outer loop
      vertex 50.4541 38.6074 0.25
      vertex 49.1562 39.3691 0.25
      vertex 49.1133 39.2822 0.25
    endloop
  endfacet
  facet normal 0 0 1
    outer loop
      vertex 50.54 38.2324 0.25
      vertex 48.8623 38.3438 0.25
      vertex 49.0635 37.5557 0.25
    endloop
  endfacet
  facet normal 0 -0 1
    outer loop
      vertex 49.3682 36.9561 0.25
      vertex 50.5947 38.1826 0.25
      vertex 49.1602 37.3613 0.25
    endloop
  endfacet
  facet normal 0 0 1
    outer loop
      vertex 50.624 38.1611 0.25
      vertex 50.5947 38.1826 0.25
      vertex 49.3682 36.9561 0.25
    endloop
  endfacet
  facet normal 0 0 1
    outer loop
      vertex 51.8398 36.7402 0.25
      vertex 49.3682 36.9561 0.25
      vertex 51.9082 36.6465 0.25
    endloop
  endfacet
  facet normal 0 0 1
    outer loop
      vertex 50.2363 25.4775 0.25
      vertex 40.4209 29.4316 0.25
      vertex 50.1787 25.4043 0.25
    endloop
  endfacet
  facet normal 0 0 1
    outer loop
      vertex 50.1787 25.4043 0.25
      vertex 40.4209 29.4316 0.25
      vertex 49.9727 25.1533 0.25
    endloop
  endfacet
  facet normal 0 -0 1
    outer loop
      vertex 36.7188 24.2422 0.25
      vertex 36.9121 26.4932 0.25
      vertex 33.9883 24.04 0.25
    endloop
  endfacet
  facet normal 0 0 1
    outer loop
      vertex 34.8447 22.6855 0.25
      vertex 33.9883 24.04 0.25
      vertex 34.5527 22.4414 0.25
    endloop
  endfacet
  facet normal -0 0 1
    outer loop
      vertex 25.665 19.7441 0.25
      vertex 26.0342 15.54 0.25
      vertex 25.9756 19.9883 0.25
    endloop
  endfacet
  facet normal 0 0 1
    outer loop
      vertex 34.5527 22.4414 0.25
      vertex 33.9883 24.04 0.25
      vertex 31.9541 22.334 0.25
    endloop
  endfacet
  facet normal 0 -0 1
    outer loop
      vertex 28.3379 22.4883 0.25
      vertex 28.6152 22.5752 0.25
      vertex 28.2969 22.4775 0.25
    endloop
  endfacet
  facet normal 0 0 1
    outer loop
      vertex 30.4434 21.6543 0.25
      vertex 30.2959 21.7949 0.25
      vertex 29.7344 22.0869 0.25
    endloop
  endfacet
  facet normal 0 0 1
    outer loop
      vertex 27.1807 20.7354 0.25
      vertex 30.4434 21.6543 0.25
      vertex 29.7344 22.0869 0.25
    endloop
  endfacet
  facet normal 0 0 1
    outer loop
      vertex 28.1436 22.0137 0.25
      vertex 27.6211 21.668 0.25
      vertex 27.4932 21.5156 0.25
    endloop
  endfacet
  facet normal -0 0 1
    outer loop
      vertex 27.4932 21.5156 0.25
      vertex 27.1807 20.7354 0.25
      vertex 28.1436 22.0137 0.25
    endloop
  endfacet
  facet normal 0 0 1
    outer loop
      vertex 28.9297 22.2061 0.25
      vertex 27.1807 20.7354 0.25
      vertex 29.7344 22.0869 0.25
    endloop
  endfacet
  facet normal 0 0 1
    outer loop
      vertex 29.3877 15.3525 0.25
      vertex 26.8252 20.373 0.25
      vertex 26.126 15.4717 0.25
    endloop
  endfacet
  facet normal 0 -0 1
    outer loop
      vertex 22.542 13.0771 0.25
      vertex 24.3564 14.2627 0.25
      vertex 16.5322 19.3955 0.25
    endloop
  endfacet
  facet normal 0 0 1
    outer loop
      vertex 31.3467 26.0508 0.25
      vertex 31.0928 27.5459 0.25
      vertex 31.0518 27.6328 0.25
    endloop
  endfacet
  facet normal 0 0 1
    outer loop
      vertex 22.4346 26.0273 0.25
      vertex 17.2227 21.2119 0.25
      vertex 24.8418 20.3809 0.25
    endloop
  endfacet
  facet normal 0 0 1
    outer loop
      vertex 18.7344 37.7256 0.25
      vertex 18.4883 37.6621 0.25
      vertex 21.5801 33.2646 0.25
    endloop
  endfacet
  facet normal 0 0 1
    outer loop
      vertex 26.1582 40.2334 0.25
      vertex 24.5762 38.1719 0.25
      vertex 26.3467 40.0928 0.25
    endloop
  endfacet
  facet normal 0 0 1
    outer loop
      vertex 31.6016 19.9541 0.25
      vertex 27.1016 20.5098 0.25
      vertex 29.8154 15.6025 0.25
    endloop
  endfacet
  facet normal 0 0 1
    outer loop
      vertex 27.1016 20.5098 0.25
      vertex 26.8252 20.373 0.25
      vertex 29.8154 15.6025 0.25
    endloop
  endfacet
  facet normal 0 0 1
    outer loop
      vertex 26.8252 20.373 0.25
      vertex 29.3877 15.3525 0.25
      vertex 29.8154 15.6025 0.25
    endloop
  endfacet
  facet normal -0 0 1
    outer loop
      vertex 26.0342 15.54 0.25
      vertex 26.0918 15.4971 0.25
      vertex 26.8252 20.373 0.25
    endloop
  endfacet
  facet normal -0 0 1
    outer loop
      vertex 26.3262 20.1992 0.25
      vertex 25.9756 19.9883 0.25
      vertex 26.7285 20.3467 0.25
    endloop
  endfacet
  facet normal -0 0 1
    outer loop
      vertex 26.0186 20.0244 0.25
      vertex 25.9756 19.9883 0.25
      vertex 26.3262 20.1992 0.25
    endloop
  endfacet
  facet normal 0 0 1
    outer loop
      vertex 26.3262 20.1992 0.25
      vertex 26.7285 20.3467 0.25
      vertex 26.668 20.333 0.25
    endloop
  endfacet
  facet normal 0 0 1
    outer loop
      vertex 25.9756 19.9883 0.25
      vertex 26.8252 20.373 0.25
      vertex 26.7285 20.3467 0.25
    endloop
  endfacet
  facet normal 0 0 1
    outer loop
      vertex 19.5059 37.7969 0.25
      vertex 18.7344 37.7256 0.25
      vertex 21.8242 33.6465 0.25
    endloop
  endfacet
  facet normal -0 0 1
    outer loop
      vertex 23.5469 39.4902 0.25
      vertex 23.709 39.3125 0.25
      vertex 24.7051 41.0713 0.25
    endloop
  endfacet
  facet normal -0 0 1
    outer loop
      vertex 12.123 28.9688 0.25
      vertex 12.9209 28.4258 0.25
      vertex 14.4375 35.0693 0.25
    endloop
  endfacet
  facet normal -0 0 1
    outer loop
      vertex 15.2354 35.8564 0.25
      vertex 21.543 33.0908 0.25
      vertex 15.457 36.0742 0.25
    endloop
  endfacet
  facet normal 0 0 1
    outer loop
      vertex 16.7305 36.9688 0.25
      vertex 15.457 36.0742 0.25
      vertex 21.543 33.0908 0.25
    endloop
  endfacet
  facet normal 0 -0 1
    outer loop
      vertex 29.8691 23.2959 0.25
      vertex 30.2412 28.7627 0.25
      vertex 28.6152 22.5752 0.25
    endloop
  endfacet
  facet normal -0 0 1
    outer loop
      vertex 22.5449 26.5146 0.25
      vertex 22.626 26.292 0.25
      vertex 27.0547 31.458 0.25
    endloop
  endfacet
  facet normal 0 0 1
    outer loop
      vertex 30.2412 28.7627 0.25
      vertex 29.9512 29.168 0.25
      vertex 22.6553 26.0479 0.25
    endloop
  endfacet
  facet normal 0 0 1
    outer loop
      vertex 30.2412 28.7627 0.25
      vertex 28.2969 22.4775 0.25
      vertex 28.6152 22.5752 0.25
    endloop
  endfacet
  facet normal 0 0 1
    outer loop
      vertex 30.3281 28.6689 0.25
      vertex 30.2412 28.7627 0.25
      vertex 29.8691 23.2959 0.25
    endloop
  endfacet
  facet normal 0 0 1
    outer loop
      vertex 30.3281 28.6689 0.25
      vertex 29.8691 23.2959 0.25
      vertex 30.75 28.1338 0.25
    endloop
  endfacet
  facet normal 0 0 1
    outer loop
      vertex 30.3936 28.5996 0.25
      vertex 30.3281 28.6689 0.25
      vertex 30.75 28.1338 0.25
    endloop
  endfacet
  facet normal 0 0 1
    outer loop
      vertex 31.3467 26.0508 0.25
      vertex 31.1904 27.3291 0.25
      vertex 31.0928 27.5459 0.25
    endloop
  endfacet
  facet normal 0 0 1
    outer loop
      vertex 31.3467 26.0508 0.25
      vertex 30.9424 24.5371 0.25
      vertex 31.0635 24.7607 0.25
    endloop
  endfacet
  facet normal 0 0 1
    outer loop
      vertex 31.3467 26.0508 0.25
      vertex 30.75 28.1338 0.25
      vertex 30.9424 24.5371 0.25
    endloop
  endfacet
  facet normal 0 0 1
    outer loop
      vertex 29.8691 23.2959 0.25
      vertex 30.8174 24.3057 0.25
      vertex 30.9424 24.5371 0.25
    endloop
  endfacet
  facet normal 0 0 1
    outer loop
      vertex 31.3467 26.0508 0.25
      vertex 31.0518 27.6328 0.25
      vertex 30.75 28.1338 0.25
    endloop
  endfacet
  facet normal 0 -0 1
    outer loop
      vertex 22.6553 26.0479 0.25
      vertex 29.9512 29.168 0.25
      vertex 22.626 26.292 0.25
    endloop
  endfacet
  facet normal 0 0 1
    outer loop
      vertex 29.8018 29.5947 0.25
      vertex 27.0947 31.458 0.25
      vertex 27.0547 31.458 0.25
    endloop
  endfacet
  facet normal 0 -0 1
    outer loop
      vertex 28.2969 22.4775 0.25
      vertex 30.2412 28.7627 0.25
      vertex 22.6553 26.0479 0.25
    endloop
  endfacet
  facet normal 0 0 1
    outer loop
      vertex 28.2969 22.4775 0.25
      vertex 22.6553 26.0479 0.25
      vertex 27.8652 22.2373 0.25
    endloop
  endfacet
  facet normal 0 0 1
    outer loop
      vertex 22.6553 26.0479 0.25
      vertex 27.2607 21.8457 0.25
      vertex 27.8652 22.2373 0.25
    endloop
  endfacet
  facet normal 0 0 1
    outer loop
      vertex 27.1533 31.4619 0.25
      vertex 29.4541 30.9717 0.25
      vertex 29.4141 31.0869 0.25
    endloop
  endfacet
  facet normal 0 0 1
    outer loop
      vertex 27.1533 31.4619 0.25
      vertex 29.4141 31.0869 0.25
      vertex 29.3643 31.2305 0.25
    endloop
  endfacet
  facet normal 0 0 1
    outer loop
      vertex 27.1533 31.4619 0.25
      vertex 29.7852 29.6982 0.25
      vertex 29.7725 29.7734 0.25
    endloop
  endfacet
  facet normal 0 0 1
    outer loop
      vertex 27.1533 31.4619 0.25
      vertex 29.7725 29.7734 0.25
      vertex 29.6426 30.333 0.25
    endloop
  endfacet
  facet normal 0 0 1
    outer loop
      vertex 21.6738 26.7285 0.25
      vertex 22.1533 26.1211 0.25
      vertex 22.1455 26.1348 0.25
    endloop
  endfacet
  facet normal 0 -0 1
    outer loop
      vertex 16.3936 22.1846 0.25
      vertex 21.6738 26.7285 0.25
      vertex 16.209 22.3037 0.25
    endloop
  endfacet
  facet normal 0 0 1
    outer loop
      vertex 22.4814 31.1436 0.25
      vertex 21.5205 29.085 0.25
      vertex 22.6084 31.0068 0.25
    endloop
  endfacet
  facet normal -0 0 1
    outer loop
      vertex 16.3936 22.1846 0.25
      vertex 16.9902 21.6807 0.25
      vertex 21.6738 26.7285 0.25
    endloop
  endfacet
  facet normal 0 0 1
    outer loop
      vertex 16.9902 21.6807 0.25
      vertex 22.1533 26.1211 0.25
      vertex 21.6738 26.7285 0.25
    endloop
  endfacet
  facet normal 0 0 1
    outer loop
      vertex 26.3867 32.9971 0.25
      vertex 22.9336 32.418 0.25
      vertex 23.6621 30.9365 0.25
    endloop
  endfacet
  facet normal -0 0 1
    outer loop
      vertex 22.5498 40.9541 0.25
      vertex 22.8438 40.3447 0.25
      vertex 22.8125 41.3145 0.25
    endloop
  endfacet
  facet normal 0 0 1
    outer loop
      vertex 27.0879 39.4824 0.25
      vertex 26.4473 40.0186 0.25
      vertex 24.5762 38.1719 0.25
    endloop
  endfacet
  facet normal 0 0 1
    outer loop
      vertex 26.4473 40.0186 0.25
      vertex 26.3467 40.0928 0.25
      vertex 24.5762 38.1719 0.25
    endloop
  endfacet
  facet normal 0 0 1
    outer loop
      vertex 24.7949 37.4248 0.25
      vertex 27.8408 38.7852 0.25
      vertex 27.7354 38.8896 0.25
    endloop
  endfacet
  facet normal 0 0 1
    outer loop
      vertex 28.123 38.498 0.25
      vertex 27.8408 38.7852 0.25
      vertex 24.7949 37.4248 0.25
    endloop
  endfacet
  facet normal 0 0 1
    outer loop
      vertex 24.7734 37.3379 0.25
      vertex 28.123 38.498 0.25
      vertex 24.7949 37.4248 0.25
    endloop
  endfacet
  facet normal 0 -0 1
    outer loop
      vertex 24.5762 38.1719 0.25
      vertex 26.1582 40.2334 0.25
      vertex 24.1738 38.7568 0.25
    endloop
  endfacet
  facet normal 0 -0 1
    outer loop
      vertex 24.1738 38.7568 0.25
      vertex 25.5596 40.6104 0.25
      vertex 23.709 39.3125 0.25
    endloop
  endfacet
  facet normal 0 -0 1
    outer loop
      vertex 23.5469 39.4902 0.25
      vertex 24.7051 41.0713 0.25
      vertex 23.4102 39.6445 0.25
    endloop
  endfacet
  facet normal 0 0 1
    outer loop
      vertex 24.7051 41.0713 0.25
      vertex 23.9336 41.4014 0.25
      vertex 23.4102 39.6445 0.25
    endloop
  endfacet
  facet normal 0 0 1
    outer loop
      vertex 23.9336 41.4014 0.25
      vertex 23.5283 41.5273 0.25
      vertex 22.8438 40.3447 0.25
    endloop
  endfacet
  facet normal 0 0 1
    outer loop
      vertex 23.9336 41.4014 0.25
      vertex 22.8438 40.3447 0.25
      vertex 23.4102 39.6445 0.25
    endloop
  endfacet
  facet normal 0 0 1
    outer loop
      vertex 23.249 41.5273 0.25
      vertex 22.8125 41.3145 0.25
      vertex 22.8438 40.3447 0.25
    endloop
  endfacet
  facet normal 0 0 1
    outer loop
      vertex 22.5498 40.9541 0.25
      vertex 22.5498 40.7109 0.25
      vertex 22.8438 40.3447 0.25
    endloop
  endfacet
  facet normal 0 0 1
    outer loop
      vertex 23.5283 41.5273 0.25
      vertex 23.249 41.5273 0.25
      vertex 22.8438 40.3447 0.25
    endloop
  endfacet
  facet normal 0 0 1
    outer loop
      vertex 24.7051 41.0713 0.25
      vertex 23.709 39.3125 0.25
      vertex 25.5596 40.6104 0.25
    endloop
  endfacet
  facet normal 0 -0 1
    outer loop
      vertex 24.7686 37.707 0.25
      vertex 27.0879 39.4824 0.25
      vertex 24.5762 38.1719 0.25
    endloop
  endfacet
  facet normal 0 0 1
    outer loop
      vertex 26.2773 33.6338 0.25
      vertex 24.71 37.1973 0.25
      vertex 24.5205 37.166 0.25
    endloop
  endfacet
  facet normal 0 0 1
    outer loop
      vertex 22.1406 37.7002 0.25
      vertex 22.082 33.8887 0.25
      vertex 22.1865 33.8887 0.25
    endloop
  endfacet
  facet normal -0 0 1
    outer loop
      vertex 15.8682 22.5244 0.25
      vertex 16.209 22.3037 0.25
      vertex 21.5488 27.041 0.25
    endloop
  endfacet
  facet normal 0 0 1
    outer loop
      vertex 16.7305 36.9688 0.25
      vertex 21.543 33.0908 0.25
      vertex 21.5801 33.2646 0.25
    endloop
  endfacet
  facet normal 0 0 1
    outer loop
      vertex 12.7012 35.8564 0.25
      vertex 8.49414 33.7773 0.25
      vertex 12.7734 35.7871 0.25
    endloop
  endfacet
  facet normal 0 0 1
    outer loop
      vertex 13.2109 38.8672 0.25
      vertex 12.3027 40.293 0.25
      vertex 11.7314 39.9961 0.25
    endloop
  endfacet
  facet normal 0 0 1
    outer loop
      vertex 12.6045 35.9463 0.25
      vertex 8.49414 33.7773 0.25
      vertex 12.7012 35.8564 0.25
    endloop
  endfacet
  facet normal 0 0 1
    outer loop
      vertex 24.7646 37.3018 0.25
      vertex 28.123 38.498 0.25
      vertex 24.7734 37.3379 0.25
    endloop
  endfacet
  facet normal 0 0 1
    outer loop
      vertex 28.8848 37.5449 0.25
      vertex 28.123 38.498 0.25
      vertex 24.7646 37.3018 0.25
    endloop
  endfacet
  facet normal 0 0 1
    outer loop
      vertex 27.7354 38.8896 0.25
      vertex 27.0879 39.4824 0.25
      vertex 24.7686 37.707 0.25
    endloop
  endfacet
  facet normal 0 0 1
    outer loop
      vertex 27.7354 38.8896 0.25
      vertex 24.7686 37.707 0.25
      vertex 24.7949 37.4248 0.25
    endloop
  endfacet
  facet normal 0 0 1
    outer loop
      vertex 28.8848 37.5449 0.25
      vertex 24.7646 37.3018 0.25
      vertex 24.71 37.1973 0.25
    endloop
  endfacet
  facet normal 0 0 1
    outer loop
      vertex 26.2773 33.6338 0.25
      vertex 22.6455 32.9902 0.25
      vertex 26.2617 33.4404 0.25
    endloop
  endfacet
  facet normal 0 0 1
    outer loop
      vertex 26.2939 33.6279 0.25
      vertex 29.6221 34.1465 0.25
      vertex 29.7129 35.1318 0.25
    endloop
  endfacet
  facet normal 0 0 1
    outer loop
      vertex 29.502 36.3467 0.25
      vertex 26.2939 33.6279 0.25
      vertex 29.7129 35.1318 0.25
    endloop
  endfacet
  facet normal 0 0 1
    outer loop
      vertex 24.0762 37.2578 0.25
      vertex 23.4512 37.4307 0.25
      vertex 22.1865 33.8887 0.25
    endloop
  endfacet
  facet normal 0 0 1
    outer loop
      vertex 24.0762 37.2578 0.25
      vertex 22.1865 33.8887 0.25
      vertex 24.5205 37.166 0.25
    endloop
  endfacet
  facet normal 0 0 1
    outer loop
      vertex 23.2451 37.4883 0.25
      vertex 22.9756 37.5664 0.25
      vertex 22.1865 33.8887 0.25
    endloop
  endfacet
  facet normal 0 0 1
    outer loop
      vertex 22.9756 37.5664 0.25
      vertex 22.1406 37.7002 0.25
      vertex 22.1865 33.8887 0.25
    endloop
  endfacet
  facet normal 0 0 1
    outer loop
      vertex 22.1406 37.7002 0.25
      vertex 20.8096 37.8047 0.25
      vertex 22.082 33.8887 0.25
    endloop
  endfacet
  facet normal 0 -0 1
    outer loop
      vertex 21.5205 29.085 0.25
      vertex 21.5879 32.7559 0.25
      vertex 14.4375 35.0693 0.25
    endloop
  endfacet
  facet normal 0 0 1
    outer loop
      vertex 21.5205 29.085 0.25
      vertex 22.1426 31.5898 0.25
      vertex 21.792 32.1963 0.25
    endloop
  endfacet
  facet normal 0 0 1
    outer loop
      vertex 14.4375 35.0693 0.25
      vertex 11.877 29.1357 0.25
      vertex 12.123 28.9688 0.25
    endloop
  endfacet
  facet normal 0 0 1
    outer loop
      vertex 12.7734 35.7871 0.25
      vertex 8.57031 33.3525 0.25
      vertex 8.70801 32.9473 0.25
    endloop
  endfacet
  facet normal -0 0 1
    outer loop
      vertex 8.45996 34.1904 0.25
      vertex 8.49414 33.7773 0.25
      vertex 12.6045 35.9463 0.25
    endloop
  endfacet
  facet normal 0 -0 1
    outer loop
      vertex 8.87891 32.5752 0.25
      vertex 12.7734 35.7871 0.25
      vertex 8.70801 32.9473 0.25
    endloop
  endfacet
  facet normal 0 -0 1
    outer loop
      vertex 8.93945 32.4531 0.25
      vertex 12.7734 35.7871 0.25
      vertex 8.87891 32.5752 0.25
    endloop
  endfacet
  facet normal 0 -0 1
    outer loop
      vertex 9.05273 32.2227 0.25
      vertex 12.7734 35.7871 0.25
      vertex 8.93945 32.4531 0.25
    endloop
  endfacet
  facet normal 0 0 1
    outer loop
      vertex 12.6045 35.9463 0.25
      vertex 8.45312 34.3281 0.25
      vertex 8.45996 34.1904 0.25
    endloop
  endfacet
  facet normal -0 0 1
    outer loop
      vertex 8.4375 34.6123 0.25
      vertex 8.45312 34.3281 0.25
      vertex 12.6045 35.9463 0.25
    endloop
  endfacet
  facet normal 0 0 1
    outer loop
      vertex 22.1533 26.1211 0.25
      vertex 17.2227 21.2119 0.25
      vertex 22.4346 26.0273 0.25
    endloop
  endfacet
  facet normal 0 0 1
    outer loop
      vertex 8.4375 34.6123 0.25
      vertex 12.332 36.292 0.25
      vertex 8.59766 35.8994 0.25
    endloop
  endfacet
  facet normal 0 0 1
    outer loop
      vertex 12.332 36.292 0.25
      vertex 9.10352 37.1768 0.25
      vertex 8.59766 35.8994 0.25
    endloop
  endfacet
  facet normal 0 0 1
    outer loop
      vertex 12.249 36.6514 0.25
      vertex 9.10352 37.1768 0.25
      vertex 12.332 36.292 0.25
    endloop
  endfacet
  facet normal 0 0 1
    outer loop
      vertex 12.6045 35.9463 0.25
      vertex 12.332 36.292 0.25
      vertex 8.4375 34.6123 0.25
    endloop
  endfacet
  facet normal -0 0 1
    outer loop
      vertex 9.2627 37.4541 0.25
      vertex 12.249 36.6514 0.25
      vertex 9.4082 37.7109 0.25
    endloop
  endfacet
  facet normal -0 0 1
    outer loop
      vertex 9.10352 37.1768 0.25
      vertex 12.249 36.6514 0.25
      vertex 9.2627 37.4541 0.25
    endloop
  endfacet
  facet normal 0 0 1
    outer loop
      vertex 12.249 36.9893 0.25
      vertex 9.94922 38.4209 0.25
      vertex 9.4082 37.7109 0.25
    endloop
  endfacet
  facet normal 0 0 1
    outer loop
      vertex 12.4736 37.6465 0.25
      vertex 9.94922 38.4209 0.25
      vertex 12.249 36.9893 0.25
    endloop
  endfacet
  facet normal 0 0 1
    outer loop
      vertex 10.8271 39.3154 0.25
      vertex 9.94922 38.4209 0.25
      vertex 12.4736 37.6465 0.25
    endloop
  endfacet
  facet normal 0 0 1
    outer loop
      vertex 13.3809 39.3379 0.25
      vertex 13.335 39.8789 0.25
      vertex 12.5039 40.3242 0.25
    endloop
  endfacet
  facet normal 0 0 1
    outer loop
      vertex 13.0283 40.2471 0.25
      vertex 12.6279 40.3457 0.25
      vertex 12.5039 40.3242 0.25
    endloop
  endfacet
  facet normal 0 0 1
    outer loop
      vertex 13.0283 40.2471 0.25
      vertex 12.5039 40.3242 0.25
      vertex 13.335 39.8789 0.25
    endloop
  endfacet
  facet normal 0 0 1
    outer loop
      vertex 13.3809 39.3379 0.25
      vertex 12.5039 40.3242 0.25
      vertex 12.3027 40.293 0.25
    endloop
  endfacet
  facet normal 0 0 1
    outer loop
      vertex 13.3809 39.3379 0.25
      vertex 12.3027 40.293 0.25
      vertex 13.2109 38.8672 0.25
    endloop
  endfacet
  facet normal 0 0 1
    outer loop
      vertex 13.1172 38.7383 0.25
      vertex 11.7314 39.9961 0.25
      vertex 12.9785 38.5449 0.25
    endloop
  endfacet
  facet normal 0 0 1
    outer loop
      vertex 11.7314 39.9961 0.25
      vertex 10.8271 39.3154 0.25
      vertex 12.9785 38.5449 0.25
    endloop
  endfacet
  facet normal 0 0 1
    outer loop
      vertex 10.8271 39.3154 0.25
      vertex 12.4736 37.6465 0.25
      vertex 12.9785 38.5449 0.25
    endloop
  endfacet
  facet normal 0 0 1
    outer loop
      vertex 12.249 36.9893 0.25
      vertex 9.4082 37.7109 0.25
      vertex 12.249 36.6514 0.25
    endloop
  endfacet
  facet normal 0 0 1
    outer loop
      vertex 10.7236 6.44141 0.25
      vertex 13.9785 7.41504 0.25
      vertex 11.1621 9.12012 0.25
    endloop
  endfacet
  facet normal -0 0 1
    outer loop
      vertex 5.18945 7.67969 0.25
      vertex 6.05762 5.64746 0.25
      vertex 6.85547 7.9082 0.25
    endloop
  endfacet
  facet normal 0 0 1
    outer loop
      vertex 5.68457 5.60547 0.25
      vertex 4.63477 7.61523 0.25
      vertex 4.57129 5.44727 0.25
    endloop
  endfacet
  facet normal 0 0 1
    outer loop
      vertex 3.30469 7.38477 0.25
      vertex 3.60938 5.22559 0.25
      vertex 4.57129 5.44727 0.25
    endloop
  endfacet
  facet normal 0 0 1
    outer loop
      vertex 10.7236 6.44141 0.25
      vertex 9.92188 8.61426 0.25
      vertex 8.55371 8.22559 0.25
    endloop
  endfacet
  facet normal 0 0 1
    outer loop
      vertex 10.7236 6.44141 0.25
      vertex 11.1621 9.12012 0.25
      vertex 10.8594 8.97754 0.25
    endloop
  endfacet
  facet normal -0 -0 1
    outer loop
      vertex 15.4902 8.03223 0.25
      vertex 17.2754 7.38379 0.25
      vertex 14.6182 11.8086 0.25
    endloop
  endfacet
  facet normal 0 -0 1
    outer loop
      vertex 24.3564 14.2627 0.25
      vertex 24.8418 20.3809 0.25
      vertex 16.7061 19.7676 0.25
    endloop
  endfacet
  facet normal 0 0 1
    outer loop
      vertex 24.2646 14.1426 0.25
      vertex 22.542 13.0771 0.25
      vertex 23.1553 13.1426 0.25
    endloop
  endfacet
  facet normal 0 -0 1
    outer loop
      vertex 9.4873 31.5732 0.25
      vertex 12.7734 35.7871 0.25
      vertex 9.05273 32.2227 0.25
    endloop
  endfacet
  facet normal 0 0 1
    outer loop
      vertex 13.6836 35.2832 0.25
      vertex 12.7734 35.7871 0.25
      vertex 9.4873 31.5732 0.25
    endloop
  endfacet
  facet normal 0 0 1
    outer loop
      vertex 13.6836 35.2832 0.25
      vertex 9.4873 31.5732 0.25
      vertex 10.2783 30.6162 0.25
    endloop
  endfacet
  facet normal 0 0 1
    outer loop
      vertex 13.6836 35.2832 0.25
      vertex 10.2783 30.6162 0.25
      vertex 11.1953 29.7061 0.25
    endloop
  endfacet
  facet normal 0 0 1
    outer loop
      vertex 13.6836 35.2832 0.25
      vertex 11.1953 29.7061 0.25
      vertex 13.7891 35.2549 0.25
    endloop
  endfacet
  facet normal 0 0 1
    outer loop
      vertex 11.1953 29.7061 0.25
      vertex 14.4375 35.0693 0.25
      vertex 13.7891 35.2549 0.25
    endloop
  endfacet
  facet normal 0 -0 1
    outer loop
      vertex 11.877 29.1357 0.25
      vertex 14.4375 35.0693 0.25
      vertex 11.1953 29.7061 0.25
    endloop
  endfacet
  facet normal 0 0 1
    outer loop
      vertex 21.5801 33.2646 0.25
      vertex 18.1777 37.585 0.25
      vertex 16.7305 36.9688 0.25
    endloop
  endfacet
  facet normal -0 0 1
    outer loop
      vertex 27.1543 31.5596 0.25
      vertex 27.1533 31.4619 0.25
      vertex 29.2422 31.666 0.25
    endloop
  endfacet
  facet normal 0 0 1
    outer loop
      vertex 22.1533 26.1211 0.25
      vertex 16.9902 21.6807 0.25
      vertex 17.2227 21.2119 0.25
    endloop
  endfacet
  facet normal 0 0 1
    outer loop
      vertex 22.1426 31.5898 0.25
      vertex 21.5205 29.085 0.25
      vertex 22.4814 31.1436 0.25
    endloop
  endfacet
  facet normal 0 0 1
    outer loop
      vertex 15.7217 16.2236 0.25
      vertex 15.7217 15.7285 0.25
      vertex 22.2471 12.9688 0.25
    endloop
  endfacet
  facet normal 0 0 1
    outer loop
      vertex 22.542 13.0771 0.25
      vertex 24.2646 14.1426 0.25
      vertex 24.3564 14.2627 0.25
    endloop
  endfacet
  facet normal 0 0 1
    outer loop
      vertex 29.4541 30.9717 0.25
      vertex 27.1533 31.4619 0.25
      vertex 29.6426 30.333 0.25
    endloop
  endfacet
  facet normal 0 0 1
    outer loop
      vertex 27.1533 31.4619 0.25
      vertex 29.8018 29.5947 0.25
      vertex 29.7852 29.6982 0.25
    endloop
  endfacet
  facet normal 0 0 1
    outer loop
      vertex 25.6201 20.793 0.25
      vertex 22.6553 26.0479 0.25
      vertex 25.5254 20.7412 0.25
    endloop
  endfacet
  facet normal 0 0 1
    outer loop
      vertex 27.2607 21.8457 0.25
      vertex 22.6553 26.0479 0.25
      vertex 27.1338 21.7588 0.25
    endloop
  endfacet
  facet normal 0 0 1
    outer loop
      vertex 22.6553 26.0479 0.25
      vertex 27.0078 21.6699 0.25
      vertex 27.1338 21.7588 0.25
    endloop
  endfacet
  facet normal 0 -0 1
    outer loop
      vertex 26.2861 21.1943 0.25
      vertex 27.0078 21.6699 0.25
      vertex 22.6553 26.0479 0.25
    endloop
  endfacet
  facet normal 0 0 1
    outer loop
      vertex 26.2861 21.1943 0.25
      vertex 22.6553 26.0479 0.25
      vertex 25.6201 20.793 0.25
    endloop
  endfacet
  facet normal 0 0 1
    outer loop
      vertex 17.2266 21.1104 0.25
      vertex 17.2266 20.9893 0.25
      vertex 24.8418 20.3809 0.25
    endloop
  endfacet
  facet normal 0 0 1
    outer loop
      vertex 17.2266 20.9893 0.25
      vertex 17.0742 20.6221 0.25
      vertex 24.8418 20.3809 0.25
    endloop
  endfacet
  facet normal 0 0 1
    outer loop
      vertex 24.3564 14.2627 0.25
      vertex 16.7061 19.7676 0.25
      vertex 16.5322 19.3955 0.25
    endloop
  endfacet
  facet normal 0 0 1
    outer loop
      vertex 24.8418 20.3809 0.25
      vertex 16.7773 19.9219 0.25
      vertex 16.7061 19.7676 0.25
    endloop
  endfacet
  facet normal 0 -0 1
    outer loop
      vertex 26.0576 10.625 0.25
      vertex 26.2285 10.8164 0.25
      vertex 24.0273 12.8506 0.25
    endloop
  endfacet
  facet normal 0 0 1
    outer loop
      vertex 15.4463 13.5928 0.25
      vertex 17.2754 7.38379 0.25
      vertex 22.2471 12.9688 0.25
    endloop
  endfacet
  facet normal 0 -0 1
    outer loop
      vertex 14.6709 7.70508 0.25
      vertex 15.2109 7.92773 0.25
      vertex 13.2002 10.332 0.25
    endloop
  endfacet
  facet normal 0 0 1
    outer loop
      vertex 14.6709 7.70508 0.25
      vertex 13.2002 10.332 0.25
      vertex 14.541 7.64941 0.25
    endloop
  endfacet
  facet normal 0 0 1
    outer loop
      vertex 14.6182 11.8086 0.25
      vertex 13.2002 10.332 0.25
      vertex 15.4902 8.03223 0.25
    endloop
  endfacet
  facet normal 0 0 1
    outer loop
      vertex 24.2861 13.9043 0.25
      vertex 23.9863 12.998 0.25
      vertex 24.0098 12.9795 0.25
    endloop
  endfacet
  facet normal 0 0 1
    outer loop
      vertex 24.3564 14.2627 0.25
      vertex 25.0391 15.127 0.25
      vertex 24.8418 20.3809 0.25
    endloop
  endfacet
  facet normal -0 0 1
    outer loop
      vertex 23.957 13.0215 0.25
      vertex 23.9863 12.998 0.25
      vertex 24.2861 13.9043 0.25
    endloop
  endfacet
  facet normal 0 0 1
    outer loop
      vertex 13.2002 10.332 0.25
      vertex 15.2109 7.92773 0.25
      vertex 15.4902 8.03223 0.25
    endloop
  endfacet
  facet normal 0 0 1
    outer loop
      vertex 13.2002 10.332 0.25
      vertex 13.9785 7.41504 0.25
      vertex 14.541 7.64941 0.25
    endloop
  endfacet
  facet normal -0 0 1
    outer loop
      vertex 11.1621 9.12012 0.25
      vertex 13.9785 7.41504 0.25
      vertex 11.6973 9.36816 0.25
    endloop
  endfacet
  facet normal -0 0 1
    outer loop
      vertex 11.6973 9.36816 0.25
      vertex 13.9785 7.41504 0.25
      vertex 13.2002 10.332 0.25
    endloop
  endfacet
  facet normal 0 -0 1
    outer loop
      vertex 10.7236 6.44141 0.25
      vertex 10.8594 8.97754 0.25
      vertex 9.92188 8.61426 0.25
    endloop
  endfacet
  facet normal 0 0 1
    outer loop
      vertex 10.7236 6.44141 0.25
      vertex 8.55371 8.22559 0.25
      vertex 6.90234 5.74414 0.25
    endloop
  endfacet
  facet normal 0 0 1
    outer loop
      vertex 8.55371 8.22559 0.25
      vertex 6.85547 7.9082 0.25
      vertex 6.90234 5.74414 0.25
    endloop
  endfacet
  facet normal 0 0 1
    outer loop
      vertex 6.85547 7.9082 0.25
      vertex 6.05762 5.64746 0.25
      vertex 6.90234 5.74414 0.25
    endloop
  endfacet
  facet normal 0 0 1
    outer loop
      vertex 5.18945 7.67969 0.25
      vertex 5.68457 5.60547 0.25
      vertex 6.05762 5.64746 0.25
    endloop
  endfacet
  facet normal -0 0 1
    outer loop
      vertex 4.63477 7.61523 0.25
      vertex 5.68457 5.60547 0.25
      vertex 5.18945 7.67969 0.25
    endloop
  endfacet
  facet normal -0 0 1
    outer loop
      vertex 4.2998 7.57812 0.25
      vertex 4.57129 5.44727 0.25
      vertex 4.63477 7.61523 0.25
    endloop
  endfacet
  facet normal -0 0 1
    outer loop
      vertex 3.30469 7.38477 0.25
      vertex 4.57129 5.44727 0.25
      vertex 4.2998 7.57812 0.25
    endloop
  endfacet
  facet normal -0 0 1
    outer loop
      vertex 2.14746 7.0166 0.25
      vertex 3.60938 5.22559 0.25
      vertex 3.30469 7.38477 0.25
    endloop
  endfacet
  facet normal 0 -0 1
    outer loop
      vertex 3.08105 4.95117 0.25
      vertex 3.60938 5.22559 0.25
      vertex 2.14746 7.0166 0.25
    endloop
  endfacet
  facet normal 0 0 1
    outer loop
      vertex 3.08105 4.95117 0.25
      vertex 2.14746 7.0166 0.25
      vertex 1.20703 6.53223 0.25
    endloop
  endfacet
  facet normal 0 0 1
    outer loop
      vertex 0.537109 5.94922 0.25
      vertex 0.508789 5.91406 0.25
      vertex 2.90723 4.68848 0.25
    endloop
  endfacet
  facet normal 0 0 1
    outer loop
      vertex 2.90723 4.68848 0.25
      vertex 0.335938 5.625 0.25
      vertex 0.169922 5.2666 0.25
    endloop
  endfacet
  facet normal 0 0 1
    outer loop
      vertex 2.90723 4.68848 0.25
      vertex 0.169922 5.2666 0.25
      vertex 2.89844 4.59473 0.25
    endloop
  endfacet
  facet normal 0 0 1
    outer loop
      vertex 0.169922 5.2666 0.25
      vertex 0.143555 5.19629 0.25
      vertex 2.89844 4.59473 0.25
    endloop
  endfacet
  facet normal 0 0 1
    outer loop
      vertex 0.143555 5.19629 0.25
      vertex 2.8916 4.53418 0.25
      vertex 2.89844 4.59473 0.25
    endloop
  endfacet
  facet normal 0 0 1
    outer loop
      vertex 0.0996094 5.09082 0.25
      vertex 0.000976562 4.69043 0.25
      vertex 0.0537109 4.2793 0.25
    endloop
  endfacet
  facet normal 0 0 1
    outer loop
      vertex 0.143555 5.19629 0.25
      vertex 0.0537109 4.2793 0.25
      vertex 2.8916 4.53418 0.25
    endloop
  endfacet
  facet normal -0 0 1
    outer loop
      vertex 0.0537109 4.2793 0.25
      vertex 0.0849609 4.16602 0.25
      vertex 2.8916 4.53418 0.25
    endloop
  endfacet
  facet normal -0 0 1
    outer loop
      vertex 0.0849609 4.16602 0.25
      vertex 0.148438 3.92285 0.25
      vertex 2.8916 4.53418 0.25
    endloop
  endfacet
  facet normal -0 0 1
    outer loop
      vertex 0.148438 3.92285 0.25
      vertex 0.540039 3.24707 0.25
      vertex 2.8916 4.53418 0.25
    endloop
  endfacet
  facet normal 0 0 1
    outer loop
      vertex 0.540039 3.24707 0.25
      vertex 2.94531 4.31738 0.25
      vertex 2.8916 4.53418 0.25
    endloop
  endfacet
  facet normal 0 0 1
    outer loop
      vertex 1.36816 2.5332 0.25
      vertex 3.16699 4.14648 0.25
      vertex 2.94531 4.31738 0.25
    endloop
  endfacet
  facet normal 0 0 1
    outer loop
      vertex 2.56738 2.02539 0.25
      vertex 3.24512 4.1084 0.25
      vertex 3.16699 4.14648 0.25
    endloop
  endfacet
  facet normal 0 0 1
    outer loop
      vertex 4.05371 3.82812 0.25
      vertex 3.35645 4.05664 0.25
      vertex 2.56738 2.02539 0.25
    endloop
  endfacet
  facet normal 0 -0 1
    outer loop
      vertex 5.41309 0.0615234 0.25
      vertex 6.30566 0.107422 0.25
      vertex 5.23926 0.834961 0.25
    endloop
  endfacet
  facet normal 0 0 1
    outer loop
      vertex 4.13672 1.72363 0.25
      vertex 4.05371 3.82812 0.25
      vertex 3.74023 1.76953 0.25
    endloop
  endfacet
  facet normal 0 0 1
    outer loop
      vertex 4.88672 1.6123 0.25
      vertex 5.07422 3.63379 0.25
      vertex 4.89062 3.65723 0.25
    endloop
  endfacet
  facet normal 0 0 1
    outer loop
      vertex 4.88672 1.6123 0.25
      vertex 5.54688 3.61426 0.25
      vertex 5.18945 3.61914 0.25
    endloop
  endfacet
  facet normal -0 -0 1
    outer loop
      vertex 5.34961 1.17285 0.25
      vertex 7.5459 0.200195 0.25
      vertex 5.27051 1.44824 0.25
    endloop
  endfacet
  facet normal 0 0 1
    outer loop
      vertex 7.5459 0.200195 0.25
      vertex 5.8418 3.73145 0.25
      vertex 5.27051 1.44824 0.25
    endloop
  endfacet
  facet normal 0 0 1
    outer loop
      vertex 7.5459 0.200195 0.25
      vertex 5.34961 1.17285 0.25
      vertex 6.30566 0.107422 0.25
    endloop
  endfacet
  facet normal -0 0 1
    outer loop
      vertex 5.18945 0.728516 0.25
      vertex 5.41309 0.0615234 0.25
      vertex 5.23926 0.834961 0.25
    endloop
  endfacet
  facet normal -0 0 1
    outer loop
      vertex 5.14551 0.639648 0.25
      vertex 5.41309 0.0615234 0.25
      vertex 5.18945 0.728516 0.25
    endloop
  endfacet
  facet normal -0 0 1
    outer loop
      vertex 5.02344 0.297852 0.25
      vertex 5.41309 0.0615234 0.25
      vertex 5.14551 0.639648 0.25
    endloop
  endfacet
  facet normal 0 -0 1
    outer loop
      vertex 5.07715 0.0439453 0.25
      vertex 5.41309 0.0615234 0.25
      vertex 5.02344 0.297852 0.25
    endloop
  endfacet
  facet normal 0 0 1
    outer loop
      vertex 5.02344 0.297852 0.25
      vertex 5.02148 0.0996094 0.25
      vertex 5.03906 0.0810547 0.25
    endloop
  endfacet
  facet normal 0 0 1
    outer loop
      vertex 5.02344 0.297852 0.25
      vertex 5.03906 0.0810547 0.25
      vertex 5.07715 0.0439453 0.25
    endloop
  endfacet
  facet normal 0 0 1
    outer loop
      vertex 23.1416 30.4395 0.25
      vertex 22.2969 27.0137 0.25
      vertex 22.3477 26.9189 0.25
    endloop
  endfacet
  facet normal 0 0 1
    outer loop
      vertex 21.5488 27.041 0.25
      vertex 16.209 22.3037 0.25
      vertex 21.6738 26.7285 0.25
    endloop
  endfacet
  facet normal 0 0 1
    outer loop
      vertex 21.5205 29.085 0.25
      vertex 14.4375 35.0693 0.25
      vertex 12.9209 28.4258 0.25
    endloop
  endfacet
  facet normal 0 0 1
    outer loop
      vertex 21.543 33.0908 0.25
      vertex 14.4375 35.0693 0.25
      vertex 21.5879 32.7559 0.25
    endloop
  endfacet
  facet normal 0 0 1
    outer loop
      vertex 15.2354 35.8564 0.25
      vertex 14.4375 35.0693 0.25
      vertex 21.543 33.0908 0.25
    endloop
  endfacet
  facet normal 0 0 1
    outer loop
      vertex 21.5801 33.2646 0.25
      vertex 21.543 33.0908 0.25
      vertex 21.5664 33.1943 0.25
    endloop
  endfacet
  facet normal 0 0 1
    outer loop
      vertex 18.4883 37.6621 0.25
      vertex 18.1777 37.585 0.25
      vertex 21.5801 33.2646 0.25
    endloop
  endfacet
  facet normal 0 0 1
    outer loop
      vertex 18.7344 37.7256 0.25
      vertex 21.5801 33.2646 0.25
      vertex 21.8242 33.6465 0.25
    endloop
  endfacet
  facet normal -0 0 1
    outer loop
      vertex 19.5059 37.7969 0.25
      vertex 21.8242 33.6465 0.25
      vertex 20.8096 37.8047 0.25
    endloop
  endfacet
  facet normal 0 -0 1
    outer loop
      vertex 21.8242 33.6465 0.25
      vertex 22.082 33.8887 0.25
      vertex 20.8096 37.8047 0.25
    endloop
  endfacet
  facet normal 0 0 1
    outer loop
      vertex 23.2451 37.4883 0.25
      vertex 22.1865 33.8887 0.25
      vertex 23.4512 37.4307 0.25
    endloop
  endfacet
  facet normal 0 0 1
    outer loop
      vertex 22.1865 33.8887 0.25
      vertex 22.2402 33.7734 0.25
      vertex 26.2773 33.6338 0.25
    endloop
  endfacet
  facet normal 0 0 1
    outer loop
      vertex 26.2773 33.6338 0.25
      vertex 22.4072 33.457 0.25
      vertex 22.6455 32.9902 0.25
    endloop
  endfacet
  facet normal 0 0 1
    outer loop
      vertex 22.9336 32.418 0.25
      vertex 26.3867 32.9971 0.25
      vertex 26.2617 33.4404 0.25
    endloop
  endfacet
  facet normal 0 0 1
    outer loop
      vertex 26.9971 31.501 0.25
      vertex 26.8896 31.6885 0.25
      vertex 23.6621 30.9365 0.25
    endloop
  endfacet
  facet normal 0 0 1
    outer loop
      vertex 27.1533 31.4619 0.25
      vertex 27.0947 31.458 0.25
      vertex 29.8018 29.5947 0.25
    endloop
  endfacet
  facet normal 0 0 1
    outer loop
      vertex 29.6221 34.1465 0.25
      vertex 26.4805 33.2988 0.25
      vertex 29.4766 33.5801 0.25
    endloop
  endfacet
  facet normal 0 0 1
    outer loop
      vertex 29.9512 29.168 0.25
      vertex 29.8018 29.5947 0.25
      vertex 27.0547 31.458 0.25
    endloop
  endfacet
  facet normal -0 0 1
    outer loop
      vertex 23.4072 30.6816 0.25
      vertex 22.5449 26.5146 0.25
      vertex 27.0547 31.458 0.25
    endloop
  endfacet
  facet normal 0 0 1
    outer loop
      vertex 29.1992 32.1729 0.25
      vertex 27.0469 31.8799 0.25
      vertex 27.1543 31.5596 0.25
    endloop
  endfacet
  facet normal 0 -0 1
    outer loop
      vertex 26.7988 32.5469 0.25
      vertex 29.2959 32.8232 0.25
      vertex 26.7432 32.6914 0.25
    endloop
  endfacet
  facet normal 0 0 1
    outer loop
      vertex 23.6621 30.9365 0.25
      vertex 27.0547 31.458 0.25
      vertex 26.9971 31.501 0.25
    endloop
  endfacet
  facet normal -0 0 1
    outer loop
      vertex 23.6621 30.9365 0.25
      vertex 23.4072 30.6816 0.25
      vertex 27.0547 31.458 0.25
    endloop
  endfacet
  facet normal 0 0 1
    outer loop
      vertex 26.8896 31.6885 0.25
      vertex 26.7148 32.1182 0.25
      vertex 23.6621 30.9365 0.25
    endloop
  endfacet
  facet normal 0 0 1
    outer loop
      vertex 26.7148 32.1182 0.25
      vertex 26.498 32.6914 0.25
      vertex 23.6621 30.9365 0.25
    endloop
  endfacet
  facet normal 0 0 1
    outer loop
      vertex 26.4277 32.8818 0.25
      vertex 26.3867 32.9971 0.25
      vertex 23.6621 30.9365 0.25
    endloop
  endfacet
  facet normal 0 0 1
    outer loop
      vertex 26.498 32.6914 0.25
      vertex 26.4277 32.8818 0.25
      vertex 23.6621 30.9365 0.25
    endloop
  endfacet
  facet normal 0 0 1
    outer loop
      vertex 29.502 36.3467 0.25
      vertex 28.8848 37.5449 0.25
      vertex 26.2939 33.6279 0.25
    endloop
  endfacet
  facet normal -0 0 1
    outer loop
      vertex 22.6455 32.9902 0.25
      vertex 22.9336 32.418 0.25
      vertex 26.2617 33.4404 0.25
    endloop
  endfacet
  facet normal 0 0 1
    outer loop
      vertex 22.2402 33.7734 0.25
      vertex 22.4072 33.457 0.25
      vertex 26.2773 33.6338 0.25
    endloop
  endfacet
  facet normal -0 0 1
    outer loop
      vertex 22.1865 33.8887 0.25
      vertex 26.2773 33.6338 0.25
      vertex 24.5205 37.166 0.25
    endloop
  endfacet
  facet normal 0 -0 1
    outer loop
      vertex 26.2939 33.6279 0.25
      vertex 28.8848 37.5449 0.25
      vertex 26.2773 33.6338 0.25
    endloop
  endfacet
  facet normal 0 0 1
    outer loop
      vertex 28.8848 37.5449 0.25
      vertex 24.71 37.1973 0.25
      vertex 26.2773 33.6338 0.25
    endloop
  endfacet
  facet normal 0 -0 1
    outer loop
      vertex 26.4805 33.2988 0.25
      vertex 29.6221 34.1465 0.25
      vertex 26.2939 33.6279 0.25
    endloop
  endfacet
  facet normal 0 -0 1
    outer loop
      vertex 26.7432 32.6914 0.25
      vertex 29.4766 33.5801 0.25
      vertex 26.4805 33.2988 0.25
    endloop
  endfacet
  facet normal 0 0 1
    outer loop
      vertex 29.4766 33.5801 0.25
      vertex 26.7432 32.6914 0.25
      vertex 29.2959 32.8232 0.25
    endloop
  endfacet
  facet normal 0 0 1
    outer loop
      vertex 29.2959 32.8232 0.25
      vertex 26.7988 32.5469 0.25
      vertex 26.8604 32.3809 0.25
    endloop
  endfacet
  facet normal 0 0 1
    outer loop
      vertex 29.2959 32.8232 0.25
      vertex 26.8604 32.3809 0.25
      vertex 29.1992 32.1729 0.25
    endloop
  endfacet
  facet normal 0 0 1
    outer loop
      vertex 26.8604 32.3809 0.25
      vertex 27.0469 31.8799 0.25
      vertex 29.1992 32.1729 0.25
    endloop
  endfacet
  facet normal 0 0 1
    outer loop
      vertex 29.1992 32.1729 0.25
      vertex 27.1543 31.5596 0.25
      vertex 29.2422 31.666 0.25
    endloop
  endfacet
  facet normal 0 0 1
    outer loop
      vertex 29.2422 31.666 0.25
      vertex 27.1533 31.4619 0.25
      vertex 29.3643 31.2305 0.25
    endloop
  endfacet
  facet normal 0 0 1
    outer loop
      vertex 22.6084 31.0068 0.25
      vertex 21.5205 29.085 0.25
      vertex 23.1416 30.4395 0.25
    endloop
  endfacet
  facet normal 0 0 1
    outer loop
      vertex 21.6738 26.7285 0.25
      vertex 22.1357 26.1523 0.25
      vertex 21.7178 26.6895 0.25
    endloop
  endfacet
  facet normal -0 0 1
    outer loop
      vertex 13.9785 24.5723 0.25
      vertex 14.9443 23.3301 0.25
      vertex 21.5488 27.041 0.25
    endloop
  endfacet
  facet normal 0 -0 1
    outer loop
      vertex 21.7549 28.2949 0.25
      vertex 23.1416 30.4395 0.25
      vertex 21.7285 28.3906 0.25
    endloop
  endfacet
  facet normal 0 -0 1
    outer loop
      vertex 13.9785 24.5723 0.25
      vertex 21.5488 27.041 0.25
      vertex 13.3252 26.0049 0.25
    endloop
  endfacet
  facet normal 0 -0 1
    outer loop
      vertex 22.5342 26.1162 0.25
      vertex 22.6055 26.2705 0.25
      vertex 22.4922 26.1348 0.25
    endloop
  endfacet
  facet normal 0 0 1
    outer loop
      vertex 21.5488 27.041 0.25
      vertex 21.5166 27.7432 0.25
      vertex 13.3252 26.0049 0.25
    endloop
  endfacet
  facet normal 0 -0 1
    outer loop
      vertex 13.3252 26.0049 0.25
      vertex 21.5166 27.7432 0.25
      vertex 13.0391 27.2012 0.25
    endloop
  endfacet
  facet normal 0 0 1
    outer loop
      vertex 21.5166 27.7432 0.25
      vertex 13.002 27.6035 0.25
      vertex 13.0391 27.2012 0.25
    endloop
  endfacet
  facet normal 0 0 1
    outer loop
      vertex 21.5205 27.9746 0.25
      vertex 13.002 27.6035 0.25
      vertex 21.5166 27.7432 0.25
    endloop
  endfacet
  facet normal 0 0 1
    outer loop
      vertex 12.9209 28.4258 0.25
      vertex 13.002 27.6035 0.25
      vertex 21.5205 27.9746 0.25
    endloop
  endfacet
  facet normal 0 0 1
    outer loop
      vertex 21.5879 32.7559 0.25
      vertex 21.5205 29.085 0.25
      vertex 21.792 32.1963 0.25
    endloop
  endfacet
  facet normal -0 0 1
    outer loop
      vertex 12.9209 28.4258 0.25
      vertex 21.5205 27.9746 0.25
      vertex 21.5205 29.085 0.25
    endloop
  endfacet
  facet normal -0 0 1
    outer loop
      vertex 21.5205 29.085 0.25
      vertex 21.7285 28.3906 0.25
      vertex 23.1416 30.4395 0.25
    endloop
  endfacet
  facet normal 0 0 1
    outer loop
      vertex 23.1416 30.4395 0.25
      vertex 21.7549 28.2949 0.25
      vertex 21.9727 27.6982 0.25
    endloop
  endfacet
  facet normal -0 0 1
    outer loop
      vertex 21.9727 27.6982 0.25
      vertex 22.2441 27.1074 0.25
      vertex 23.1416 30.4395 0.25
    endloop
  endfacet
  facet normal -0 0 1
    outer loop
      vertex 22.2441 27.1074 0.25
      vertex 22.2969 27.0137 0.25
      vertex 23.1416 30.4395 0.25
    endloop
  endfacet
  facet normal 0 0 1
    outer loop
      vertex 23.1416 30.4395 0.25
      vertex 22.3477 26.9189 0.25
      vertex 22.5449 26.5146 0.25
    endloop
  endfacet
  facet normal -0 0 1
    outer loop
      vertex 23.1416 30.4395 0.25
      vertex 22.5449 26.5146 0.25
      vertex 23.4072 30.6816 0.25
    endloop
  endfacet
  facet normal 0 0 1
    outer loop
      vertex 27.0547 31.458 0.25
      vertex 22.626 26.292 0.25
      vertex 29.9512 29.168 0.25
    endloop
  endfacet
  facet normal -0 0 1
    outer loop
      vertex 22.5342 26.1162 0.25
      vertex 22.6553 26.0479 0.25
      vertex 22.6055 26.2705 0.25
    endloop
  endfacet
  facet normal 0 -0 1
    outer loop
      vertex 47.3223 6.95312 0.25
      vertex 47.6016 7.76074 0.25
      vertex 46.8877 7.79004 0.25
    endloop
  endfacet
  facet normal 0 0 1
    outer loop
      vertex 52.3076 12.1504 0.25
      vertex 56.4619 7.41016 0.25
      vertex 56.7969 8.00781 0.25
    endloop
  endfacet
  facet normal 0 0 1
    outer loop
      vertex 53.4453 13.2305 0.25
      vertex 57.8311 9.8457 0.25
      vertex 58.1377 10.8613 0.25
    endloop
  endfacet
  facet normal -0 0 1
    outer loop
      vertex 46.8877 7.79004 0.25
      vertex 47.5938 7.76953 0.25
      vertex 47.377 8.17578 0.25
    endloop
  endfacet
  facet normal 0 0 1
    outer loop
      vertex 46.8877 7.79004 0.25
      vertex 47.6016 7.76074 0.25
      vertex 47.5938 7.76953 0.25
    endloop
  endfacet
  facet normal 0 -0 1
    outer loop
      vertex 46.8877 7.79004 0.25
      vertex 47.377 8.17578 0.25
      vertex 46.7939 9.27734 0.25
    endloop
  endfacet
  facet normal -0 -0 1
    outer loop
      vertex 46.0654 9.36816 0.25
      vertex 46.7939 9.27734 0.25
      vertex 45.9395 10.8975 0.25
    endloop
  endfacet
  facet normal 0 0 1
    outer loop
      vertex 54.292 14.0439 0.25
      vertex 58.1377 10.8613 0.25
      vertex 58.2979 11.3809 0.25
    endloop
  endfacet
  facet normal 0 0 1
    outer loop
      vertex 58.7607 17.7148 0.25
      vertex 58.5059 18.5059 0.25
      vertex 56.9834 18.0098 0.25
    endloop
  endfacet
  facet normal 0 0 1
    outer loop
      vertex 45.1006 11.2129 0.25
      vertex 46.0654 9.36816 0.25
      vertex 45.9395 10.8975 0.25
    endloop
  endfacet
  facet normal -0 0 1
    outer loop
      vertex 57.04 20.7354 0.25
      vertex 57.7051 20.6582 0.25
      vertex 57.5615 21.0303 0.25
    endloop
  endfacet
  facet normal -0 -0 1
    outer loop
      vertex 44.1016 13.1133 0.25
      vertex 44.9004 12.8691 0.25
      vertex 43.5908 14.0811 0.25
    endloop
  endfacet
  facet normal 0 0 1
    outer loop
      vertex 58.1328 19.5381 0.25
      vertex 57.6543 19.1895 0.25
      vertex 58.5059 18.5059 0.25
    endloop
  endfacet
  facet normal 0 0 1
    outer loop
      vertex 56.4209 25.6494 0.25
      vertex 56.3467 26.1924 0.25
      vertex 55.8262 25.8799 0.25
    endloop
  endfacet
  facet normal 0 0 1
    outer loop
      vertex 40.5518 19.9375 0.25
      vertex 42.0703 16.9873 0.25
      vertex 42.2275 17.9629 0.25
    endloop
  endfacet
  facet normal 0 0 1
    outer loop
      vertex 40.5518 19.9375 0.25
      vertex 42.2275 17.9629 0.25
      vertex 43.709 19.4102 0.25
    endloop
  endfacet
  facet normal 0 0 1
    outer loop
      vertex 45.127 20.7256 0.25
      vertex 39.4521 22.1406 0.25
      vertex 44.3848 20.0518 0.25
    endloop
  endfacet
  facet normal 0 0 1
    outer loop
      vertex 52.4121 18.1855 0.25
      vertex 48.7656 16.7471 0.25
      vertex 52.4121 18.1074 0.25
    endloop
  endfacet
  facet normal 0 -0 1
    outer loop
      vertex 46.7773 22.1074 0.25
      vertex 47.752 22.8896 0.25
      vertex 40.4209 29.4316 0.25
    endloop
  endfacet
  facet normal 0 0 1
    outer loop
      vertex 50.7832 25.9375 0.25
      vertex 40.4209 29.4316 0.25
      vertex 50.2363 25.4775 0.25
    endloop
  endfacet
  facet normal 0 0 1
    outer loop
      vertex 52.2969 34.8604 0.25
      vertex 49.3682 36.9561 0.25
      vertex 50.7832 25.9375 0.25
    endloop
  endfacet
  facet normal 0 0 1
    outer loop
      vertex 52.8281 34.0732 0.25
      vertex 50.7832 25.9375 0.25
      vertex 51.627 26.4902 0.25
    endloop
  endfacet
  facet normal 0 0 1
    outer loop
      vertex 52.8281 34.0732 0.25
      vertex 51.627 26.4902 0.25
      vertex 53.1006 33.627 0.25
    endloop
  endfacet
  facet normal 0 0 1
    outer loop
      vertex 50.582 20.5381 0.25
      vertex 47.666 18.9922 0.25
      vertex 50.6523 20.3936 0.25
    endloop
  endfacet
  facet normal 0 0 1
    outer loop
      vertex 53.8359 32.2754 0.25
      vertex 52.0762 26.7451 0.25
      vertex 53.0322 27.3721 0.25
    endloop
  endfacet
  facet normal 0 0 1
    outer loop
      vertex 48.4658 17.1289 0.25
      vertex 47.666 18.9922 0.25
      vertex 47.585 17.8701 0.25
    endloop
  endfacet
  facet normal 0 0 1
    outer loop
      vertex 48.1777 21.8252 0.25
      vertex 47.6758 21.3779 0.25
      vertex 47.666 20.709 0.25
    endloop
  endfacet
  facet normal 0 0 1
    outer loop
      vertex 57.04 20.7354 0.25
      vertex 57.1572 20.4395 0.25
      vertex 57.7051 20.6582 0.25
    endloop
  endfacet
  facet normal 0 0 1
    outer loop
      vertex 53.8359 32.2754 0.25
      vertex 53.0322 27.3721 0.25
      vertex 54.1152 31.7168 0.25
    endloop
  endfacet
  facet normal 0 0 1
    outer loop
      vertex 51.627 26.4902 0.25
      vertex 53.4512 33.001 0.25
      vertex 53.1006 33.627 0.25
    endloop
  endfacet
  facet normal 0 0 1
    outer loop
      vertex 52.4121 18.1855 0.25
      vertex 50.6689 20.4033 0.25
      vertex 50.6523 20.3936 0.25
    endloop
  endfacet
  facet normal 0 -0 1
    outer loop
      vertex 51.834 26.6084 0.25
      vertex 53.4512 33.001 0.25
      vertex 51.627 26.4902 0.25
    endloop
  endfacet
  facet normal -0 0 1
    outer loop
      vertex 56.3828 22.8516 0.25
      vertex 56.7256 21.6367 0.25
      vertex 56.8672 23.3203 0.25
    endloop
  endfacet
  facet normal -0 0 1
    outer loop
      vertex 51.6611 21.5166 0.25
      vertex 52.6699 21.4131 0.25
      vertex 52.5488 21.5928 0.25
    endloop
  endfacet
  facet normal 0 0 1
    outer loop
      vertex 53.5918 18.8311 0.25
      vertex 54.3447 19.6523 0.25
      vertex 54.2861 19.6787 0.25
    endloop
  endfacet
  facet normal 0 0 1
    outer loop
      vertex 53.8359 32.2754 0.25
      vertex 51.834 26.6084 0.25
      vertex 52.0762 26.7451 0.25
    endloop
  endfacet
  facet normal 0 0 1
    outer loop
      vertex 53.8359 32.2754 0.25
      vertex 53.4512 33.001 0.25
      vertex 51.834 26.6084 0.25
    endloop
  endfacet
  facet normal 0 -0 1
    outer loop
      vertex 53.8076 28.0391 0.25
      vertex 54.2051 31.5283 0.25
      vertex 53.0322 27.3721 0.25
    endloop
  endfacet
  facet normal 0 0 1
    outer loop
      vertex 53.0322 27.3721 0.25
      vertex 54.2051 31.5283 0.25
      vertex 54.1152 31.7168 0.25
    endloop
  endfacet
  facet normal 0 0 1
    outer loop
      vertex 53.9629 28.1943 0.25
      vertex 54.0752 28.3076 0.25
      vertex 54.5576 30.8154 0.25
    endloop
  endfacet
  facet normal 0 0 1
    outer loop
      vertex 53.8076 28.0391 0.25
      vertex 53.9629 28.1943 0.25
      vertex 54.291 31.3506 0.25
    endloop
  endfacet
  facet normal 0 0 1
    outer loop
      vertex 55.3486 29.4004 0.25
      vertex 54.8994 28.9922 0.25
      vertex 54.9131 28.9873 0.25
    endloop
  endfacet
  facet normal 0 0 1
    outer loop
      vertex 55.3486 29.4004 0.25
      vertex 54.9131 28.9873 0.25
      vertex 55.3984 29.3398 0.25
    endloop
  endfacet
  facet normal 0 0 1
    outer loop
      vertex 54.5576 30.8154 0.25
      vertex 54.0752 28.3076 0.25
      vertex 54.5742 28.7725 0.25
    endloop
  endfacet
  facet normal 0 0 1
    outer loop
      vertex 54.5576 30.8154 0.25
      vertex 54.5742 28.7725 0.25
      vertex 54.9014 30.165 0.25
    endloop
  endfacet
  facet normal 0 0 1
    outer loop
      vertex 54.5742 28.7725 0.25
      vertex 54.8818 28.999 0.25
      vertex 54.9014 30.165 0.25
    endloop
  endfacet
  facet normal 0 0 1
    outer loop
      vertex 54.8818 28.999 0.25
      vertex 55.1934 29.6494 0.25
      vertex 54.9014 30.165 0.25
    endloop
  endfacet
  facet normal 0 0 1
    outer loop
      vertex 55.3486 29.4004 0.25
      vertex 54.8818 28.999 0.25
      vertex 54.8994 28.9922 0.25
    endloop
  endfacet
  facet normal 0 0 1
    outer loop
      vertex 55.3486 29.4004 0.25
      vertex 55.1934 29.6494 0.25
      vertex 54.8818 28.999 0.25
    endloop
  endfacet
  facet normal 0 0 1
    outer loop
      vertex 54.9131 28.9873 0.25
      vertex 55.4883 29.2266 0.25
      vertex 55.3984 29.3398 0.25
    endloop
  endfacet
  facet normal 0 0 1
    outer loop
      vertex 55.7207 28.8564 0.25
      vertex 55.4883 29.2266 0.25
      vertex 55.0537 28.8164 0.25
    endloop
  endfacet
  facet normal 0 -0 1
    outer loop
      vertex 55.0537 28.8164 0.25
      vertex 55.4883 29.2266 0.25
      vertex 54.9131 28.9873 0.25
    endloop
  endfacet
  facet normal 0 0 1
    outer loop
      vertex 55.7207 28.8564 0.25
      vertex 55.0537 28.8164 0.25
      vertex 55.2344 28.5186 0.25
    endloop
  endfacet
  facet normal 0 -0 1
    outer loop
      vertex 55.2705 28.4482 0.25
      vertex 55.7207 28.8564 0.25
      vertex 55.2344 28.5186 0.25
    endloop
  endfacet
  facet normal -0 0 1
    outer loop
      vertex 55.3135 28.3613 0.25
      vertex 55.959 28.2646 0.25
      vertex 55.7207 28.8564 0.25
    endloop
  endfacet
  facet normal 0 -0 1
    outer loop
      vertex 55.5352 27.5508 0.25
      vertex 55.959 28.2646 0.25
      vertex 55.3135 28.3613 0.25
    endloop
  endfacet
  facet normal 0 0 1
    outer loop
      vertex 55.959 28.2646 0.25
      vertex 55.5352 27.5508 0.25
      vertex 56.1523 27.4238 0.25
    endloop
  endfacet
  facet normal 0 0 1
    outer loop
      vertex 56.3467 26.1924 0.25
      vertex 55.7734 26.2236 0.25
      vertex 55.8262 25.8799 0.25
    endloop
  endfacet
  facet normal 0 0 1
    outer loop
      vertex 56.3467 26.1924 0.25
      vertex 56.3027 26.501 0.25
      vertex 55.7734 26.2236 0.25
    endloop
  endfacet
  facet normal 0 0 1
    outer loop
      vertex 56.4209 25.6494 0.25
      vertex 55.8262 25.8799 0.25
      vertex 55.8848 25.4648 0.25
    endloop
  endfacet
  facet normal 0 0 1
    outer loop
      vertex 56.4209 25.6494 0.25
      vertex 55.8848 25.4648 0.25
      vertex 56.0928 24.2217 0.25
    endloop
  endfacet
  facet normal 0 0 1
    outer loop
      vertex 56.4209 25.6494 0.25
      vertex 56.0928 24.2217 0.25
      vertex 56.8672 23.3203 0.25
    endloop
  endfacet
  facet normal 0 0 1
    outer loop
      vertex 53.7754 17.8701 0.25
      vertex 53.8467 17.6973 0.25
      vertex 53.8594 17.7275 0.25
    endloop
  endfacet
  facet normal 0 0 1
    outer loop
      vertex 57.4287 21.3799 0.25
      vertex 56.7256 21.6367 0.25
      vertex 57.04 20.7354 0.25
    endloop
  endfacet
  facet normal 0 0 1
    outer loop
      vertex 53.0713 17.9834 0.25
      vertex 52.6367 18.0498 0.25
      vertex 53.7559 17.1885 0.25
    endloop
  endfacet
  facet normal 0 0 1
    outer loop
      vertex 52.4121 18.1855 0.25
      vertex 50.6523 20.3936 0.25
      vertex 48.4658 17.1289 0.25
    endloop
  endfacet
  facet normal 0 -0 1
    outer loop
      vertex 53.8662 15.8994 0.25
      vertex 54.0713 16.8428 0.25
      vertex 53.5488 15.7812 0.25
    endloop
  endfacet
  facet normal 0 0 1
    outer loop
      vertex 57.6543 19.1895 0.25
      vertex 56.9834 18.0098 0.25
      vertex 58.5059 18.5059 0.25
    endloop
  endfacet
  facet normal 0 0 1
    outer loop
      vertex 55.1367 15.0332 0.25
      vertex 59.0859 13.0762 0.25
      vertex 59.2852 14.2148 0.25
    endloop
  endfacet
  facet normal 0 0 1
    outer loop
      vertex 53.7754 17.8701 0.25
      vertex 53.7988 17.5811 0.25
      vertex 53.8467 17.6973 0.25
    endloop
  endfacet
  facet normal 0 -0 1
    outer loop
      vertex 58.7891 12.3125 0.25
      vertex 59.0859 13.0762 0.25
      vertex 55.1367 15.0332 0.25
    endloop
  endfacet
  facet normal 0 0 1
    outer loop
      vertex 58.7891 12.3125 0.25
      vertex 55.1367 15.0332 0.25
      vertex 54.8096 14.584 0.25
    endloop
  endfacet
  facet normal 0 0 1
    outer loop
      vertex 54.8096 14.584 0.25
      vertex 54.6914 14.4443 0.25
      vertex 58.5801 11.9639 0.25
    endloop
  endfacet
  facet normal 0 0 1
    outer loop
      vertex 51.9121 15.2285 0.25
      vertex 53.3311 15.6641 0.25
      vertex 52.6367 18.0498 0.25
    endloop
  endfacet
  facet normal 0 0 1
    outer loop
      vertex 58.5801 11.9639 0.25
      vertex 54.6074 14.3467 0.25
      vertex 58.2979 11.3809 0.25
    endloop
  endfacet
  facet normal 0 -0 1
    outer loop
      vertex 53.1348 15.0361 0.25
      vertex 53.2725 15.3945 0.25
      vertex 52.6387 15.0908 0.25
    endloop
  endfacet
  facet normal 0 0 1
    outer loop
      vertex 54.1943 16.7471 0.25
      vertex 53.9736 15.9365 0.25
      vertex 54.0771 15.9756 0.25
    endloop
  endfacet
  facet normal -0 0 1
    outer loop
      vertex 52.3076 12.1504 0.25
      vertex 57.3193 9.11328 0.25
      vertex 53.4453 13.2305 0.25
    endloop
  endfacet
  facet normal 0 -0 1
    outer loop
      vertex 57.1357 8.80176 0.25
      vertex 57.3193 9.11328 0.25
      vertex 52.3076 12.1504 0.25
    endloop
  endfacet
  facet normal 0 0 1
    outer loop
      vertex 56.9199 8.32227 0.25
      vertex 52.3076 12.1504 0.25
      vertex 56.8799 8.2168 0.25
    endloop
  endfacet
  facet normal 0 0 1
    outer loop
      vertex 52.3076 12.1504 0.25
      vertex 51.0312 10.9443 0.25
      vertex 56.4619 7.41016 0.25
    endloop
  endfacet
  facet normal 0 0 1
    outer loop
      vertex 51.0312 10.9443 0.25
      vertex 49.7676 9.76074 0.25
      vertex 55.7666 6.36914 0.25
    endloop
  endfacet
  facet normal 0 0 1
    outer loop
      vertex 54.0244 4.19336 0.25
      vertex 48.6729 8.73926 0.25
      vertex 48.5439 4.68164 0.25
    endloop
  endfacet
  facet normal 0 0 1
    outer loop
      vertex 48.6729 8.73926 0.25
      vertex 48.001 5.65918 0.25
      vertex 48.5439 4.68164 0.25
    endloop
  endfacet
  facet normal 0 0 1
    outer loop
      vertex 47.8975 8.02734 0.25
      vertex 47.5908 6.43164 0.25
      vertex 48.001 5.65918 0.25
    endloop
  endfacet
  facet normal -0 0 1
    outer loop
      vertex 47.6016 7.76074 0.25
      vertex 47.458 6.68945 0.25
      vertex 47.8975 8.02734 0.25
    endloop
  endfacet
  facet normal 0 0 1
    outer loop
      vertex 52.4121 18.1855 0.25
      vertex 48.4658 17.1289 0.25
      vertex 48.7656 16.7471 0.25
    endloop
  endfacet
  facet normal 0 0 1
    outer loop
      vertex 53.1758 17.9736 0.25
      vertex 53.0713 17.9834 0.25
      vertex 53.7559 17.1885 0.25
    endloop
  endfacet
  facet normal 0 0 1
    outer loop
      vertex 53.3262 17.959 0.25
      vertex 53.7559 17.1885 0.25
      vertex 53.7988 17.5811 0.25
    endloop
  endfacet
  facet normal 0 0 1
    outer loop
      vertex 53.293 15.292 0.25
      vertex 53.2803 15.3477 0.25
      vertex 53.1348 15.0361 0.25
    endloop
  endfacet
  facet normal 0 0 1
    outer loop
      vertex 53.293 15.292 0.25
      vertex 53.1348 15.0361 0.25
      vertex 53.3008 15.1182 0.25
    endloop
  endfacet
  facet normal 0 0 1
    outer loop
      vertex 53.2803 15.3477 0.25
      vertex 53.2725 15.3945 0.25
      vertex 53.1348 15.0361 0.25
    endloop
  endfacet
  facet normal 0 0 1
    outer loop
      vertex 53.2725 15.3945 0.25
      vertex 53.2617 15.5361 0.25
      vertex 52.6387 15.0908 0.25
    endloop
  endfacet
  facet normal 0 0 1
    outer loop
      vertex 53.2617 15.5361 0.25
      vertex 51.9121 15.2285 0.25
      vertex 52.6387 15.0908 0.25
    endloop
  endfacet
  facet normal 0 0 1
    outer loop
      vertex 53.3311 15.6641 0.25
      vertex 51.9121 15.2285 0.25
      vertex 53.2617 15.5361 0.25
    endloop
  endfacet
  facet normal 0 0 1
    outer loop
      vertex 54.0713 16.8428 0.25
      vertex 53.9736 15.9365 0.25
      vertex 54.1943 16.7471 0.25
    endloop
  endfacet
  facet normal 0 0 1
    outer loop
      vertex 54.0713 16.8428 0.25
      vertex 53.8662 15.8994 0.25
      vertex 53.9736 15.9365 0.25
    endloop
  endfacet
  facet normal 0 0 1
    outer loop
      vertex 54.5059 16.1504 0.25
      vertex 54.2656 16.6924 0.25
      vertex 54.0771 15.9756 0.25
    endloop
  endfacet
  facet normal 0 -0 1
    outer loop
      vertex 54.5059 16.1504 0.25
      vertex 54.5674 16.4473 0.25
      vertex 54.2656 16.6924 0.25
    endloop
  endfacet
  facet normal 0 0 1
    outer loop
      vertex 54.5674 16.4473 0.25
      vertex 54.5059 16.1504 0.25
      vertex 54.7266 16.3252 0.25
    endloop
  endfacet
  facet normal 0 0 1
    outer loop
      vertex 54.5059 16.1504 0.25
      vertex 54.7266 16.251 0.25
      vertex 54.7266 16.3252 0.25
    endloop
  endfacet
  facet normal 0 0 1
    outer loop
      vertex 54.2656 16.6924 0.25
      vertex 54.1943 16.7471 0.25
      vertex 54.0771 15.9756 0.25
    endloop
  endfacet
  facet normal 0 0 1
    outer loop
      vertex 54.0713 16.8428 0.25
      vertex 53.7559 17.1885 0.25
      vertex 53.5488 15.7812 0.25
    endloop
  endfacet
  facet normal 0 0 1
    outer loop
      vertex 53.7559 17.1885 0.25
      vertex 53.3311 15.6641 0.25
      vertex 53.5488 15.7812 0.25
    endloop
  endfacet
  facet normal 0 0 1
    outer loop
      vertex 53.3262 17.959 0.25
      vertex 53.1758 17.9736 0.25
      vertex 53.7559 17.1885 0.25
    endloop
  endfacet
  facet normal 0 0 1
    outer loop
      vertex 53.7754 17.8701 0.25
      vertex 53.3262 17.959 0.25
      vertex 53.7988 17.5811 0.25
    endloop
  endfacet
  facet normal 0 0 1
    outer loop
      vertex 52.6367 18.0498 0.25
      vertex 53.3311 15.6641 0.25
      vertex 53.7559 17.1885 0.25
    endloop
  endfacet
  facet normal -0 0 1
    outer loop
      vertex 48.3926 21.8652 0.25
      vertex 50.582 20.5381 0.25
      vertex 49.9238 21.916 0.25
    endloop
  endfacet
  facet normal 0 0 1
    outer loop
      vertex 53.8496 19.917 0.25
      vertex 52.9814 21.4014 0.25
      vertex 52.6699 21.4131 0.25
    endloop
  endfacet
  facet normal 0 0 1
    outer loop
      vertex 53.5918 18.8311 0.25
      vertex 53.8672 19.8984 0.25
      vertex 53.8496 19.917 0.25
    endloop
  endfacet
  facet normal 0 0 1
    outer loop
      vertex 51.9121 15.2285 0.25
      vertex 52.6367 18.0498 0.25
      vertex 52.4121 18.1074 0.25
    endloop
  endfacet
  facet normal 0 -0 1
    outer loop
      vertex 51.9121 15.2285 0.25
      vertex 52.4121 18.1074 0.25
      vertex 51.6709 15.2773 0.25
    endloop
  endfacet
  facet normal 0 0 1
    outer loop
      vertex 52.4121 18.1074 0.25
      vertex 50.4102 15.5205 0.25
      vertex 51.6709 15.2773 0.25
    endloop
  endfacet
  facet normal 0 -0 1
    outer loop
      vertex 52.4121 18.1855 0.25
      vertex 52.7578 18.3652 0.25
      vertex 50.9639 20.7129 0.25
    endloop
  endfacet
  facet normal 0 0 1
    outer loop
      vertex 54.0273 19.8066 0.25
      vertex 53.8672 19.8984 0.25
      vertex 53.5918 18.8311 0.25
    endloop
  endfacet
  facet normal 0 0 1
    outer loop
      vertex 54.3447 19.6523 0.25
      vertex 53.5918 18.8311 0.25
      vertex 54.7842 19.4678 0.25
    endloop
  endfacet
  facet normal 0 0 1
    outer loop
      vertex 54.0977 20.6045 0.25
      vertex 52.9814 21.4014 0.25
      vertex 53.916 20.168 0.25
    endloop
  endfacet
  facet normal 0 0 1
    outer loop
      vertex 54.0273 19.8066 0.25
      vertex 53.5918 18.8311 0.25
      vertex 54.2861 19.6787 0.25
    endloop
  endfacet
  facet normal 0 0 1
    outer loop
      vertex 53.8672 19.8984 0.25
      vertex 53.8594 19.9072 0.25
      vertex 53.8496 19.917 0.25
    endloop
  endfacet
  facet normal 0 0 1
    outer loop
      vertex 53.8496 19.917 0.25
      vertex 52.7578 18.3652 0.25
      vertex 53.4297 18.7441 0.25
    endloop
  endfacet
  facet normal 0 -0 1
    outer loop
      vertex 53.5918 18.8311 0.25
      vertex 53.8496 19.917 0.25
      vertex 53.4297 18.7441 0.25
    endloop
  endfacet
  facet normal 0 0 1
    outer loop
      vertex 54.1475 20.7051 0.25
      vertex 53.4238 21.4834 0.25
      vertex 54.0977 20.6045 0.25
    endloop
  endfacet
  facet normal -0 0 1
    outer loop
      vertex 53.4238 21.4834 0.25
      vertex 54.1475 20.7051 0.25
      vertex 53.5703 21.5156 0.25
    endloop
  endfacet
  facet normal 0 0 1
    outer loop
      vertex 53.4238 21.4834 0.25
      vertex 52.9814 21.4014 0.25
      vertex 54.0977 20.6045 0.25
    endloop
  endfacet
  facet normal 0 0 1
    outer loop
      vertex 54.1924 20.8066 0.25
      vertex 53.7334 21.5508 0.25
      vertex 53.5703 21.5156 0.25
    endloop
  endfacet
  facet normal 0 0 1
    outer loop
      vertex 54.2783 21.6367 0.25
      vertex 53.7334 21.5508 0.25
      vertex 54.3896 21.2656 0.25
    endloop
  endfacet
  facet normal 0 0 1
    outer loop
      vertex 52.1328 22.043 0.25
      vertex 52.5488 21.5928 0.25
      vertex 52.5283 21.8818 0.25
    endloop
  endfacet
  facet normal -0 0 1
    outer loop
      vertex 52.1328 22.043 0.25
      vertex 52.5283 21.8818 0.25
      vertex 52.5283 22.0625 0.25
    endloop
  endfacet
  facet normal -0 0 1
    outer loop
      vertex 50.3057 21.8984 0.25
      vertex 50.6182 21.1338 0.25
      vertex 50.6992 21.9561 0.25
    endloop
  endfacet
  facet normal 0 0 1
    outer loop
      vertex 54.4941 21.4971 0.25
      vertex 54.2783 21.6367 0.25
      vertex 54.3896 21.2656 0.25
    endloop
  endfacet
  facet normal 0 -0 1
    outer loop
      vertex 54.1475 20.7051 0.25
      vertex 54.1924 20.8066 0.25
      vertex 53.5703 21.5156 0.25
    endloop
  endfacet
  facet normal 0 0 1
    outer loop
      vertex 52.9814 21.4014 0.25
      vertex 53.8496 19.917 0.25
      vertex 53.916 20.168 0.25
    endloop
  endfacet
  facet normal 0 0 1
    outer loop
      vertex 53.8496 19.917 0.25
      vertex 52.6699 21.4131 0.25
      vertex 50.9639 20.7129 0.25
    endloop
  endfacet
  facet normal 0 0 1
    outer loop
      vertex 52.6699 21.4131 0.25
      vertex 51.6611 21.5166 0.25
      vertex 51.5557 21.3887 0.25
    endloop
  endfacet
  facet normal 0 0 1
    outer loop
      vertex 52.5488 21.5928 0.25
      vertex 52.1328 22.043 0.25
      vertex 51.6611 21.5166 0.25
    endloop
  endfacet
  facet normal -0 0 1
    outer loop
      vertex 52.3584 22.3145 0.25
      vertex 52.5283 22.0625 0.25
      vertex 52.458 22.3145 0.25
    endloop
  endfacet
  facet normal -0 0 1
    outer loop
      vertex 50.0713 21.8691 0.25
      vertex 50.6182 21.1338 0.25
      vertex 50.248 21.8887 0.25
    endloop
  endfacet
  facet normal 0 0 1
    outer loop
      vertex 52.1328 22.043 0.25
      vertex 52.5283 22.0625 0.25
      vertex 52.3584 22.3145 0.25
    endloop
  endfacet
  facet normal 0 0 1
    outer loop
      vertex 52.6699 21.4131 0.25
      vertex 51.5557 21.3887 0.25
      vertex 51.4453 21.2617 0.25
    endloop
  endfacet
  facet normal 0 0 1
    outer loop
      vertex 50.9639 20.7129 0.25
      vertex 52.6699 21.4131 0.25
      vertex 51.4453 21.2617 0.25
    endloop
  endfacet
  facet normal 0 0 1
    outer loop
      vertex 47.8701 21.9512 0.25
      vertex 47.7324 21.8291 0.25
      vertex 48.0684 21.8848 0.25
    endloop
  endfacet
  facet normal 0 0 1
    outer loop
      vertex 47.6758 21.3779 0.25
      vertex 48.1777 21.8252 0.25
      vertex 48.1299 21.8516 0.25
    endloop
  endfacet
  facet normal 0 0 1
    outer loop
      vertex 50.9639 20.7129 0.25
      vertex 52.7578 18.3652 0.25
      vertex 53.8496 19.917 0.25
    endloop
  endfacet
  facet normal 0 0 1
    outer loop
      vertex 52.4121 18.1855 0.25
      vertex 50.9639 20.7129 0.25
      vertex 50.6689 20.4033 0.25
    endloop
  endfacet
  facet normal -0 0 1
    outer loop
      vertex 50.248 21.8887 0.25
      vertex 50.6182 21.1338 0.25
      vertex 50.3057 21.8984 0.25
    endloop
  endfacet
  facet normal 0 0 1
    outer loop
      vertex 47.666 20.709 0.25
      vertex 48.3926 21.8652 0.25
      vertex 48.1777 21.8252 0.25
    endloop
  endfacet
  facet normal 0 0 1
    outer loop
      vertex 50.582 20.5381 0.25
      vertex 47.666 20.709 0.25
      vertex 47.666 18.9922 0.25
    endloop
  endfacet
  facet normal -0 0 1
    outer loop
      vertex 48.6904 22.2402 0.25
      vertex 49.8057 22.085 0.25
      vertex 49.6924 22.335 0.25
    endloop
  endfacet
  facet normal 0 0 1
    outer loop
      vertex 50.0713 21.8691 0.25
      vertex 50.6025 20.998 0.25
      vertex 50.6182 21.1338 0.25
    endloop
  endfacet
  facet normal 0 -0 1
    outer loop
      vertex 50.582 20.5381 0.25
      vertex 50.6025 20.998 0.25
      vertex 49.9238 21.916 0.25
    endloop
  endfacet
  facet normal 0 0 1
    outer loop
      vertex 49.9238 21.916 0.25
      vertex 50.6025 20.998 0.25
      vertex 50.0713 21.8691 0.25
    endloop
  endfacet
  facet normal 0 0 1
    outer loop
      vertex 48.6904 22.2402 0.25
      vertex 49.6924 22.335 0.25
      vertex 48.7773 22.3721 0.25
    endloop
  endfacet
  facet normal 0 0 1
    outer loop
      vertex 49.6572 22.4189 0.25
      vertex 48.835 22.459 0.25
      vertex 49.6924 22.335 0.25
    endloop
  endfacet
  facet normal 0 0 1
    outer loop
      vertex 49.624 22.501 0.25
      vertex 48.835 22.459 0.25
      vertex 49.6572 22.4189 0.25
    endloop
  endfacet
  facet normal 0 0 1
    outer loop
      vertex 49.1074 22.8213 0.25
      vertex 48.835 22.459 0.25
      vertex 49.624 22.501 0.25
    endloop
  endfacet
  facet normal 0 0 1
    outer loop
      vertex 49.2598 23.0088 0.25
      vertex 49.1074 22.8213 0.25
      vertex 49.4561 22.8369 0.25
    endloop
  endfacet
  facet normal -0 0 1
    outer loop
      vertex 49.2598 23.0088 0.25
      vertex 49.4561 22.8369 0.25
      vertex 49.3467 23.0088 0.25
    endloop
  endfacet
  facet normal -0 0 1
    outer loop
      vertex 49.1074 22.8213 0.25
      vertex 49.624 22.501 0.25
      vertex 49.4561 22.8369 0.25
    endloop
  endfacet
  facet normal 0 0 1
    outer loop
      vertex 49.6924 22.335 0.25
      vertex 48.835 22.459 0.25
      vertex 48.7773 22.3721 0.25
    endloop
  endfacet
  facet normal -0 0 1
    outer loop
      vertex 47.7324 21.8291 0.25
      vertex 47.6758 21.3779 0.25
      vertex 48.1299 21.8516 0.25
    endloop
  endfacet
  facet normal 0 0 1
    outer loop
      vertex 48.3926 21.8652 0.25
      vertex 49.8057 22.085 0.25
      vertex 48.6904 22.2402 0.25
    endloop
  endfacet
  facet normal 0 0 1
    outer loop
      vertex 48.0684 21.8848 0.25
      vertex 47.7324 21.8291 0.25
      vertex 48.1299 21.8516 0.25
    endloop
  endfacet
  facet normal 0 0 1
    outer loop
      vertex 48.3926 21.8652 0.25
      vertex 49.9238 21.916 0.25
      vertex 49.8057 22.085 0.25
    endloop
  endfacet
  facet normal -0 0 1
    outer loop
      vertex 47.666 20.709 0.25
      vertex 50.582 20.5381 0.25
      vertex 48.3926 21.8652 0.25
    endloop
  endfacet
  facet normal 0 0 1
    outer loop
      vertex 50.6523 20.3936 0.25
      vertex 47.666 18.9922 0.25
      vertex 48.4658 17.1289 0.25
    endloop
  endfacet
  facet normal 0 -0 1
    outer loop
      vertex 47.585 17.8701 0.25
      vertex 47.666 18.9922 0.25
      vertex 47.1924 18.8076 0.25
    endloop
  endfacet
  facet normal 0 0 1
    outer loop
      vertex 47.585 17.8701 0.25
      vertex 47.1924 18.8076 0.25
      vertex 46.7061 18.623 0.25
    endloop
  endfacet
  facet normal 0 -0 1
    outer loop
      vertex 47.748 16.0664 0.25
      vertex 48.2314 16.2275 0.25
      vertex 47.7129 16.1104 0.25
    endloop
  endfacet
  facet normal -0 0 1
    outer loop
      vertex 47.748 16.0664 0.25
      vertex 47.9189 15.9814 0.25
      vertex 48.2314 16.2275 0.25
    endloop
  endfacet
  facet normal -0 0 1
    outer loop
      vertex 48.7656 16.7471 0.25
      vertex 50.4102 15.5205 0.25
      vertex 52.4121 18.1074 0.25
    endloop
  endfacet
  facet normal 0 0 1
    outer loop
      vertex 48.2314 16.2275 0.25
      vertex 47.6592 16.1855 0.25
      vertex 47.7129 16.1104 0.25
    endloop
  endfacet
  facet normal -0 0 1
    outer loop
      vertex 47.584 16.4658 0.25
      vertex 47.6592 16.1855 0.25
      vertex 47.8887 16.7529 0.25
    endloop
  endfacet
  facet normal 0 0 1
    outer loop
      vertex 48.2314 16.2275 0.25
      vertex 47.8887 16.7529 0.25
      vertex 47.6592 16.1855 0.25
    endloop
  endfacet
  facet normal 0 0 1
    outer loop
      vertex 48.3262 16.3184 0.25
      vertex 47.8887 16.7529 0.25
      vertex 48.2314 16.2275 0.25
    endloop
  endfacet
  facet normal 0 0 1
    outer loop
      vertex 48.7656 16.7471 0.25
      vertex 49.2764 15.752 0.25
      vertex 50.4102 15.5205 0.25
    endloop
  endfacet
  facet normal 0 -0 1
    outer loop
      vertex 49.7842 14.7559 0.25
      vertex 50.0977 15.1387 0.25
      vertex 49.2764 15.752 0.25
    endloop
  endfacet
  facet normal 0 0 1
    outer loop
      vertex 48.0029 16.8281 0.25
      vertex 47.8887 16.7529 0.25
      vertex 48.3262 16.3184 0.25
    endloop
  endfacet
  facet normal 0 0 1
    outer loop
      vertex 48.0029 16.8281 0.25
      vertex 48.3262 16.3184 0.25
      vertex 48.7656 16.7471 0.25
    endloop
  endfacet
  facet normal -0 0 1
    outer loop
      vertex 48.0029 16.8281 0.25
      vertex 48.7656 16.7471 0.25
      vertex 48.4658 17.1289 0.25
    endloop
  endfacet
  facet normal 0 0 1
    outer loop
      vertex 49.2764 15.752 0.25
      vertex 50.0977 15.1387 0.25
      vertex 50.4102 15.5205 0.25
    endloop
  endfacet
  facet normal 0 0 1
    outer loop
      vertex 25.5254 20.7412 0.25
      vertex 22.6553 26.0479 0.25
      vertex 24.8418 20.3809 0.25
    endloop
  endfacet
  facet normal 0 0 1
    outer loop
      vertex 22.4141 26.168 0.25
      vertex 22.2334 26.3965 0.25
      vertex 22.167 26.2383 0.25
    endloop
  endfacet
  facet normal 0 0 1
    outer loop
      vertex 22.1455 26.1348 0.25
      vertex 22.1357 26.1523 0.25
      vertex 21.6738 26.7285 0.25
    endloop
  endfacet
  facet normal 0 0 1
    outer loop
      vertex 22.1357 26.1523 0.25
      vertex 21.7754 26.6445 0.25
      vertex 21.7178 26.6895 0.25
    endloop
  endfacet
  facet normal 0 0 1
    outer loop
      vertex 22.167 26.2383 0.25
      vertex 21.7754 26.6445 0.25
      vertex 22.1357 26.1523 0.25
    endloop
  endfacet
  facet normal 0 0 1
    outer loop
      vertex 22.2334 26.3965 0.25
      vertex 21.7754 26.6445 0.25
      vertex 22.167 26.2383 0.25
    endloop
  endfacet
  facet normal 0 0 1
    outer loop
      vertex 22.6055 26.2705 0.25
      vertex 22.2334 26.3965 0.25
      vertex 22.4141 26.168 0.25
    endloop
  endfacet
  facet normal 0 0 1
    outer loop
      vertex 22.6055 26.2705 0.25
      vertex 22.4141 26.168 0.25
      vertex 22.4922 26.1348 0.25
    endloop
  endfacet
  facet normal 0 0 1
    outer loop
      vertex 22.6201 26.2852 0.25
      vertex 22.6055 26.2705 0.25
      vertex 22.6553 26.0479 0.25
    endloop
  endfacet
  facet normal -0 0 1
    outer loop
      vertex 22.5156 26.0303 0.25
      vertex 24.8418 20.3809 0.25
      vertex 22.6553 26.0479 0.25
    endloop
  endfacet
  facet normal -0 0 1
    outer loop
      vertex 22.6201 26.2852 0.25
      vertex 22.6553 26.0479 0.25
      vertex 22.626 26.292 0.25
    endloop
  endfacet
  facet normal -0 0 1
    outer loop
      vertex 22.4346 26.0273 0.25
      vertex 24.8418 20.3809 0.25
      vertex 22.5156 26.0303 0.25
    endloop
  endfacet
  facet normal 0 0 1
    outer loop
      vertex 22.5156 26.0303 0.25
      vertex 22.4707 26.0303 0.25
      vertex 22.4346 26.0273 0.25
    endloop
  endfacet
  facet normal 0 0 1
    outer loop
      vertex 27.668 14.1963 0.25
      vertex 26.3359 15.3008 0.25
      vertex 26.3311 15.2979 0.25
    endloop
  endfacet
  facet normal 0 0 1
    outer loop
      vertex 25.665 19.7441 0.25
      vertex 24.8418 20.3809 0.25
      vertex 25.0391 15.127 0.25
    endloop
  endfacet
  facet normal 0 0 1
    outer loop
      vertex 25.0391 15.127 0.25
      vertex 25.4443 15.4053 0.25
      vertex 25.665 19.7441 0.25
    endloop
  endfacet
  facet normal 0 0 1
    outer loop
      vertex 26.3311 15.2979 0.25
      vertex 27.376 13.374 0.25
      vertex 27.668 14.1963 0.25
    endloop
  endfacet
  facet normal 0 0 1
    outer loop
      vertex 25.4443 15.4053 0.25
      vertex 25.5322 15.4668 0.25
      vertex 25.665 19.7441 0.25
    endloop
  endfacet
  facet normal 0 0 1
    outer loop
      vertex 25.5322 15.4668 0.25
      vertex 25.8232 15.6172 0.25
      vertex 25.665 19.7441 0.25
    endloop
  endfacet
  facet normal 0 0 1
    outer loop
      vertex 29.3877 15.3525 0.25
      vertex 26.126 15.4717 0.25
      vertex 28.4512 14.9307 0.25
    endloop
  endfacet
  facet normal 0 0 1
    outer loop
      vertex 28.1367 14.8496 0.25
      vertex 26.3359 15.3008 0.25
      vertex 27.9902 14.7549 0.25
    endloop
  endfacet
  facet normal 0 -0 1
    outer loop
      vertex 27.75 14.2939 0.25
      vertex 27.9062 14.5244 0.25
      vertex 26.3359 15.3008 0.25
    endloop
  endfacet
  facet normal 0 0 1
    outer loop
      vertex 26.3359 15.3008 0.25
      vertex 27.9062 14.5244 0.25
      vertex 27.9902 14.7549 0.25
    endloop
  endfacet
  facet normal 0 0 1
    outer loop
      vertex 27.7119 14.2471 0.25
      vertex 26.3359 15.3008 0.25
      vertex 27.668 14.1963 0.25
    endloop
  endfacet
  facet normal 0 -0 1
    outer loop
      vertex 27.7119 14.2471 0.25
      vertex 27.75 14.2939 0.25
      vertex 26.3359 15.3008 0.25
    endloop
  endfacet
  facet normal -0 0 1
    outer loop
      vertex 26.1309 15.2686 0.25
      vertex 27.376 13.374 0.25
      vertex 26.3311 15.2979 0.25
    endloop
  endfacet
  facet normal 0 -0 1
    outer loop
      vertex 25.0791 13.918 0.25
      vertex 25.6758 15.208 0.25
      vertex 25.0391 15.127 0.25
    endloop
  endfacet
  facet normal 0 0 1
    outer loop
      vertex 24.2861 13.9043 0.25
      vertex 24.0098 12.9795 0.25
      vertex 24.5723 13.8662 0.25
    endloop
  endfacet
  facet normal 0 0 1
    outer loop
      vertex 25.0391 15.127 0.25
      vertex 24.6807 14.1318 0.25
      vertex 24.7285 14.1094 0.25
    endloop
  endfacet
  facet normal 0 -0 1
    outer loop
      vertex 25.958 10.5156 0.25
      vertex 26.0576 10.625 0.25
      vertex 24.0273 12.8506 0.25
    endloop
  endfacet
  facet normal 0 -0 1
    outer loop
      vertex 26.2285 10.8164 0.25
      vertex 26.9277 11.9189 0.25
      vertex 24.0273 12.8506 0.25
    endloop
  endfacet
  facet normal 0 0 1
    outer loop
      vertex 23.4648 12.8242 0.25
      vertex 25.6387 9.92188 0.25
      vertex 25.6738 10.1338 0.25
    endloop
  endfacet
  facet normal 0 -0 1
    outer loop
      vertex 24.6035 14.1729 0.25
      vertex 25.0391 15.127 0.25
      vertex 24.3564 14.2627 0.25
    endloop
  endfacet
  facet normal 0 0 1
    outer loop
      vertex 22.2471 12.9688 0.25
      vertex 15.7217 15.7285 0.25
      vertex 15.7197 15.1953 0.25
    endloop
  endfacet
  facet normal 0 0 1
    outer loop
      vertex 15.9531 17.7051 0.25
      vertex 15.7217 16.2236 0.25
      vertex 22.2471 12.9688 0.25
    endloop
  endfacet
  facet normal 0 0 1
    outer loop
      vertex 16.5322 19.3955 0.25
      vertex 22.2471 12.9688 0.25
      vertex 22.542 13.0771 0.25
    endloop
  endfacet
  facet normal -0 0 1
    outer loop
      vertex 15.9531 17.7051 0.25
      vertex 22.2471 12.9688 0.25
      vertex 16.5322 19.3955 0.25
    endloop
  endfacet
  facet normal 0 -0 1
    outer loop
      vertex 24.6807 14.1318 0.25
      vertex 25.0391 15.127 0.25
      vertex 24.6035 14.1729 0.25
    endloop
  endfacet
  facet normal -0 0 1
    outer loop
      vertex 24.7285 14.1094 0.25
      vertex 24.9482 13.9971 0.25
      vertex 25.0391 15.127 0.25
    endloop
  endfacet
  facet normal 0 0 1
    outer loop
      vertex 25.0859 13.9111 0.25
      vertex 25.7627 15.2207 0.25
      vertex 25.6758 15.208 0.25
    endloop
  endfacet
  facet normal -0 0 1
    outer loop
      vertex 25.0791 13.918 0.25
      vertex 25.0859 13.9111 0.25
      vertex 25.6758 15.208 0.25
    endloop
  endfacet
  facet normal 0 -0 1
    outer loop
      vertex 27.3652 13.2637 0.25
      vertex 27.376 13.374 0.25
      vertex 25.0859 13.9111 0.25
    endloop
  endfacet
  facet normal 0 0 1
    outer loop
      vertex 27.3652 13.2637 0.25
      vertex 25.0859 13.9111 0.25
      vertex 27.3389 13.0557 0.25
    endloop
  endfacet
  facet normal 0 0 1
    outer loop
      vertex 24.2422 14.0547 0.25
      vertex 23.1553 13.1426 0.25
      vertex 23.3604 13.1475 0.25
    endloop
  endfacet
  facet normal 0 0 1
    outer loop
      vertex 23.0811 12.8242 0.25
      vertex 22.4893 12.8682 0.25
      vertex 25.6387 9.92188 0.25
    endloop
  endfacet
  facet normal 0 0 1
    outer loop
      vertex 22.4893 12.8682 0.25
      vertex 25.791 8.96973 0.25
      vertex 25.6387 9.92188 0.25
    endloop
  endfacet
  facet normal 0 0 1
    outer loop
      vertex 15.3867 7.68555 0.25
      vertex 15.1484 7.01562 0.25
      vertex 17.0117 7.22266 0.25
    endloop
  endfacet
  facet normal 0 0 1
    outer loop
      vertex 15.4902 7.94531 0.25
      vertex 17.0117 7.22266 0.25
      vertex 17.1631 7.38379 0.25
    endloop
  endfacet
  facet normal -0 0 1
    outer loop
      vertex 15.4463 13.5928 0.25
      vertex 22.2471 12.9688 0.25
      vertex 15.7197 15.1953 0.25
    endloop
  endfacet
  facet normal 0 -0 1
    outer loop
      vertex 24.252 14.0977 0.25
      vertex 24.2646 14.1426 0.25
      vertex 23.1553 13.1426 0.25
    endloop
  endfacet
  facet normal 0 0 1
    outer loop
      vertex 24.252 14.0977 0.25
      vertex 23.1553 13.1426 0.25
      vertex 24.2422 14.0547 0.25
    endloop
  endfacet
  facet normal 0 0 1
    outer loop
      vertex 24.2422 14.0547 0.25
      vertex 23.3604 13.1475 0.25
      vertex 23.416 13.1504 0.25
    endloop
  endfacet
  facet normal 0 0 1
    outer loop
      vertex 24.2422 14.0547 0.25
      vertex 23.416 13.1504 0.25
      vertex 24.2861 13.9043 0.25
    endloop
  endfacet
  facet normal -0 0 1
    outer loop
      vertex 23.416 13.1504 0.25
      vertex 23.7119 13.1123 0.25
      vertex 24.2861 13.9043 0.25
    endloop
  endfacet
  facet normal 0 0 1
    outer loop
      vertex 24.0273 12.8506 0.25
      vertex 25.6738 10.1338 0.25
      vertex 25.958 10.5156 0.25
    endloop
  endfacet
  facet normal 0 0 1
    outer loop
      vertex 24.7715 13.8662 0.25
      vertex 24.0098 12.9795 0.25
      vertex 24.0273 12.8506 0.25
    endloop
  endfacet
  facet normal -0 0 1
    outer loop
      vertex 24.7715 13.8662 0.25
      vertex 24.0273 12.8506 0.25
      vertex 25.0859 13.9111 0.25
    endloop
  endfacet
  facet normal -0 0 1
    outer loop
      vertex 24.0273 12.8506 0.25
      vertex 26.9277 11.9189 0.25
      vertex 25.0859 13.9111 0.25
    endloop
  endfacet
  facet normal -0 0 1
    outer loop
      vertex 23.4648 12.8242 0.25
      vertex 25.6738 10.1338 0.25
      vertex 24.0273 12.8506 0.25
    endloop
  endfacet
  facet normal 0 0 1
    outer loop
      vertex 25.7256 4.7627 0.25
      vertex 24.9717 1.88281 0.25
      vertex 25.7803 4.7334 0.25
    endloop
  endfacet
  facet normal -0 0 1
    outer loop
      vertex 17.2754 7.38379 0.25
      vertex 17.458 7.20117 0.25
      vertex 22.2471 12.9688 0.25
    endloop
  endfacet
  facet normal -0 0 1
    outer loop
      vertex 15.3867 7.68555 0.25
      vertex 17.0117 7.22266 0.25
      vertex 15.4902 7.94531 0.25
    endloop
  endfacet
  facet normal -0 0 1
    outer loop
      vertex 15.4902 7.94531 0.25
      vertex 17.1631 7.38379 0.25
      vertex 15.4902 8.03223 0.25
    endloop
  endfacet
  facet normal 0 -0 1
    outer loop
      vertex 17.1631 7.38379 0.25
      vertex 17.2754 7.38379 0.25
      vertex 15.4902 8.03223 0.25
    endloop
  endfacet
  facet normal 0 0 1
    outer loop
      vertex 17.2754 7.38379 0.25
      vertex 15.4463 13.5928 0.25
      vertex 14.6182 11.8086 0.25
    endloop
  endfacet
  facet normal 0 0 1
    outer loop
      vertex 17.458 7.20117 0.25
      vertex 22.4893 12.8682 0.25
      vertex 22.2471 12.9688 0.25
    endloop
  endfacet
  facet normal 0 0 1
    outer loop
      vertex 25.9678 8.30371 0.25
      vertex 25.791 8.96973 0.25
      vertex 17.458 7.20117 0.25
    endloop
  endfacet
  facet normal 0 0 1
    outer loop
      vertex 18.1318 2.79297 0.25
      vertex 17.458 7.09277 0.25
      vertex 17.2598 6.94434 0.25
    endloop
  endfacet
  facet normal -0 -0 1
    outer loop
      vertex 19.4375 2.45117 0.25
      vertex 19.877 2.36035 0.25
      vertex 17.458 7.09277 0.25
    endloop
  endfacet
  facet normal 0 0 1
    outer loop
      vertex 30.875 3.39648 0.25
      vertex 30.1035 5.44336 0.25
      vertex 29.9805 5.4043 0.25
    endloop
  endfacet
  facet normal 0 0 1
    outer loop
      vertex 28.8604 6.68359 0.25
      vertex 28.3848 7.61914 0.25
      vertex 28.6992 6.28223 0.25
    endloop
  endfacet
  facet normal 0 0 1
    outer loop
      vertex 29.0908 5.72852 0.25
      vertex 28.9707 5.8457 0.25
      vertex 26.3604 5.10449 0.25
    endloop
  endfacet
  facet normal 0 0 1
    outer loop
      vertex 27.249 7.75391 0.25
      vertex 26.0742 5.50391 0.25
      vertex 27.3916 7.73535 0.25
    endloop
  endfacet
  facet normal 0 0 1
    outer loop
      vertex 26.1982 4.76562 0.25
      vertex 24.9717 1.88281 0.25
      vertex 28.4102 2.53125 0.25
    endloop
  endfacet
  facet normal 0 0 1
    outer loop
      vertex 26.3604 5.10449 0.25
      vertex 29.1924 5.62695 0.25
      vertex 29.0908 5.72852 0.25
    endloop
  endfacet
  facet normal 0 0 1
    outer loop
      vertex 26.0742 5.50391 0.25
      vertex 27.1064 7.77441 0.25
      vertex 26.6758 7.84473 0.25
    endloop
  endfacet
  facet normal 0 0 1
    outer loop
      vertex 28.9512 6.7832 0.25
      vertex 28.3848 7.61914 0.25
      vertex 28.8604 6.68359 0.25
    endloop
  endfacet
  facet normal 0 -0 1
    outer loop
      vertex 29.0146 6.85156 0.25
      vertex 29.2871 6.98145 0.25
      vertex 28.3848 7.61914 0.25
    endloop
  endfacet
  facet normal 0 -0 1
    outer loop
      vertex 29.2871 6.98145 0.25
      vertex 29.4775 7.51465 0.25
      vertex 28.3848 7.61914 0.25
    endloop
  endfacet
  facet normal 0 0 1
    outer loop
      vertex 29.6689 7.49902 0.25
      vertex 29.4775 7.51465 0.25
      vertex 29.7393 7.0498 0.25
    endloop
  endfacet
  facet normal 0 0 1
    outer loop
      vertex 29.6689 7.49902 0.25
      vertex 29.7393 7.0498 0.25
      vertex 29.9932 7.47266 0.25
    endloop
  endfacet
  facet normal 0 0 1
    outer loop
      vertex 29.9932 7.47266 0.25
      vertex 30.1924 6.99219 0.25
      vertex 30.9619 7.35156 0.25
    endloop
  endfacet
  facet normal 0 0 1
    outer loop
      vertex 30.9619 7.35156 0.25
      vertex 30.4697 6.87207 0.25
      vertex 30.6104 6.73145 0.25
    endloop
  endfacet
  facet normal -0 0 1
    outer loop
      vertex 30.75 6.4248 0.25
      vertex 30.71 6.01758 0.25
      vertex 31.9219 7.12695 0.25
    endloop
  endfacet
  facet normal 0 -0 1
    outer loop
      vertex 32.2168 3.69336 0.25
      vertex 33.2217 6.31934 0.25
      vertex 30.71 6.01758 0.25
    endloop
  endfacet
  facet normal 0 0 1
    outer loop
      vertex 30.71 6.01758 0.25
      vertex 33.0918 6.45312 0.25
      vertex 32.6426 6.79395 0.25
    endloop
  endfacet
  facet normal 0 0 1
    outer loop
      vertex 32.2168 3.69336 0.25
      vertex 30.71 6.01758 0.25
      vertex 30.4453 5.65723 0.25
    endloop
  endfacet
  facet normal 0 0 1
    outer loop
      vertex 31.0801 3.43652 0.25
      vertex 30.4453 5.65723 0.25
      vertex 30.1035 5.44336 0.25
    endloop
  endfacet
  facet normal 0 0 1
    outer loop
      vertex 31.0801 3.43652 0.25
      vertex 30.1035 5.44336 0.25
      vertex 30.875 3.39648 0.25
    endloop
  endfacet
  facet normal 0 0 1
    outer loop
      vertex 30.875 3.39648 0.25
      vertex 29.9805 5.4043 0.25
      vertex 29.876 5.37402 0.25
    endloop
  endfacet
  facet normal 0 0 1
    outer loop
      vertex 30.875 3.39648 0.25
      vertex 29.876 5.37402 0.25
      vertex 29.9092 3.15039 0.25
    endloop
  endfacet
  facet normal 0 0 1
    outer loop
      vertex 26.0303 8.20117 0.25
      vertex 25.6523 5.47461 0.25
      vertex 26.1426 8.05762 0.25
    endloop
  endfacet
  facet normal 0 0 1
    outer loop
      vertex 25.7256 4.7627 0.25
      vertex 25.5664 5.08105 0.25
      vertex 24.9717 1.88281 0.25
    endloop
  endfacet
  facet normal 0 0 1
    outer loop
      vertex 25.5664 5.08105 0.25
      vertex 20.8057 2.16504 0.25
      vertex 24.9717 1.88281 0.25
    endloop
  endfacet
  facet normal 0 0 1
    outer loop
      vertex 25.5996 5.42285 0.25
      vertex 20.8057 2.16504 0.25
      vertex 25.5664 5.08105 0.25
    endloop
  endfacet
  facet normal -0 0 1
    outer loop
      vertex 17.458 7.20117 0.25
      vertex 25.5996 5.42285 0.25
      vertex 25.9678 8.30371 0.25
    endloop
  endfacet
  facet normal 0 0 1
    outer loop
      vertex 17.458 7.20117 0.25
      vertex 17.458 7.09277 0.25
      vertex 25.5996 5.42285 0.25
    endloop
  endfacet
  facet normal 0 0 1
    outer loop
      vertex 26.3369 7.93457 0.25
      vertex 25.9814 5.51465 0.25
      vertex 26.0225 5.50977 0.25
    endloop
  endfacet
  facet normal 0 0 1
    outer loop
      vertex 26.3369 7.93457 0.25
      vertex 26.0742 5.50391 0.25
      vertex 26.6758 7.84473 0.25
    endloop
  endfacet
  facet normal 0 0 1
    outer loop
      vertex 26.3369 7.93457 0.25
      vertex 26.0225 5.50977 0.25
      vertex 26.0742 5.50391 0.25
    endloop
  endfacet
  facet normal 0 0 1
    outer loop
      vertex 26.0742 5.50391 0.25
      vertex 27.249 7.75391 0.25
      vertex 27.1064 7.77441 0.25
    endloop
  endfacet
  facet normal 0 -0 1
    outer loop
      vertex 26.3398 5.24609 0.25
      vertex 27.3916 7.73535 0.25
      vertex 26.0742 5.50391 0.25
    endloop
  endfacet
  facet normal 0 0 1
    outer loop
      vertex 28.6992 6.28223 0.25
      vertex 27.3916 7.73535 0.25
      vertex 26.3398 5.24609 0.25
    endloop
  endfacet
  facet normal 0 0 1
    outer loop
      vertex 28.6992 6.28223 0.25
      vertex 26.3398 5.24609 0.25
      vertex 26.3467 5.19629 0.25
    endloop
  endfacet
  facet normal 0 -0 1
    outer loop
      vertex 28.9746 2.7998 0.25
      vertex 29.1924 5.62695 0.25
      vertex 26.3604 5.10449 0.25
    endloop
  endfacet
  facet normal 0 0 1
    outer loop
      vertex 28.9746 2.7998 0.25
      vertex 26.3604 5.10449 0.25
      vertex 28.4102 2.53125 0.25
    endloop
  endfacet
  facet normal 0 0 1
    outer loop
      vertex 26.3604 5.10449 0.25
      vertex 26.1982 4.76562 0.25
      vertex 28.4102 2.53125 0.25
    endloop
  endfacet
  facet normal 0.0513551 -0.99868 0
    outer loop
      vertex 6.30566 0.107422 -0.25
      vertex 5.41309 0.0615234 0.25
      vertex 5.41309 0.0615234 -0.25
    endloop
  endfacet
  facet normal 0.0513551 -0.99868 0
    outer loop
      vertex 6.30566 0.107422 -0.25
      vertex 6.30566 0.107422 0.25
      vertex 5.41309 0.0615234 0.25
    endloop
  endfacet
  facet normal 0.0745941 -0.997214 0
    outer loop
      vertex 7.5459 0.200195 -0.25
      vertex 6.30566 0.107422 0.25
      vertex 6.30566 0.107422 -0.25
    endloop
  endfacet
  facet normal 0.0745941 -0.997214 0
    outer loop
      vertex 7.5459 0.200195 -0.25
      vertex 7.5459 0.200195 0.25
      vertex 6.30566 0.107422 0.25
    endloop
  endfacet
  facet normal 0.0876127 -0.996155 0
    outer loop
      vertex 8.95605 0.324219 -0.25
      vertex 7.5459 0.200195 0.25
      vertex 7.5459 0.200195 -0.25
    endloop
  endfacet
  facet normal 0.0876127 -0.996155 0
    outer loop
      vertex 8.95605 0.324219 -0.25
      vertex 8.95605 0.324219 0.25
      vertex 7.5459 0.200195 0.25
    endloop
  endfacet
  facet normal 0.099301 -0.995057 0
    outer loop
      vertex 10.3652 0.464844 -0.25
      vertex 8.95605 0.324219 0.25
      vertex 8.95605 0.324219 -0.25
    endloop
  endfacet
  facet normal 0.099301 -0.995057 0
    outer loop
      vertex 10.3652 0.464844 -0.25
      vertex 10.3652 0.464844 0.25
      vertex 8.95605 0.324219 0.25
    endloop
  endfacet
  facet normal 0.111029 -0.993817 0
    outer loop
      vertex 11.5977 0.602539 -0.25
      vertex 10.3652 0.464844 0.25
      vertex 10.3652 0.464844 -0.25
    endloop
  endfacet
  facet normal 0.111029 -0.993817 0
    outer loop
      vertex 11.5977 0.602539 -0.25
      vertex 11.5977 0.602539 0.25
      vertex 10.3652 0.464844 0.25
    endloop
  endfacet
  facet normal 0.135898 -0.990723 0
    outer loop
      vertex 12.4805 0.723633 -0.25
      vertex 11.5977 0.602539 0.25
      vertex 11.5977 0.602539 -0.25
    endloop
  endfacet
  facet normal 0.135898 -0.990723 0
    outer loop
      vertex 12.4805 0.723633 -0.25
      vertex 12.4805 0.723633 0.25
      vertex 11.5977 0.602539 0.25
    endloop
  endfacet
  facet normal 0.130448 -0.991455 0
    outer loop
      vertex 12.8145 0.767578 -0.25
      vertex 12.4805 0.723633 0.25
      vertex 12.4805 0.723633 -0.25
    endloop
  endfacet
  facet normal 0.130448 -0.991455 0
    outer loop
      vertex 12.8145 0.767578 -0.25
      vertex 12.8145 0.767578 0.25
      vertex 12.4805 0.723633 0.25
    endloop
  endfacet
  facet normal 0.852918 -0.522045 0
    outer loop
      vertex 12.8408 0.810547 -0.25
      vertex 12.8145 0.767578 0.25
      vertex 12.8145 0.767578 -0.25
    endloop
  endfacet
  facet normal 0.852918 -0.522045 0
    outer loop
      vertex 12.8408 0.810547 -0.25
      vertex 12.8408 0.810547 0.25
      vertex 12.8145 0.767578 0.25
    endloop
  endfacet
  facet normal 0.852031 -0.523492 0
    outer loop
      vertex 12.8516 0.828125 -0.25
      vertex 12.8408 0.810547 0.25
      vertex 12.8408 0.810547 -0.25
    endloop
  endfacet
  facet normal 0.852031 -0.523492 0
    outer loop
      vertex 12.8516 0.828125 -0.25
      vertex 12.8516 0.828125 0.25
      vertex 12.8408 0.810547 0.25
    endloop
  endfacet
  facet normal 0.991149 -0.132754 0
    outer loop
      vertex 12.8809 1.04688 -0.25
      vertex 12.8516 0.828125 0.25
      vertex 12.8516 0.828125 -0.25
    endloop
  endfacet
  facet normal 0.991149 -0.132754 0
    outer loop
      vertex 12.8809 1.04688 -0.25
      vertex 12.8809 1.04688 0.25
      vertex 12.8516 0.828125 0.25
    endloop
  endfacet
  facet normal 0.942254 0.334898 0
    outer loop
      vertex 12.875 1.06348 -0.25
      vertex 12.8809 1.04688 0.25
      vertex 12.8809 1.04688 -0.25
    endloop
  endfacet
  facet normal 0.942254 0.334898 -0
    outer loop
      vertex 12.875 1.06348 -0.25
      vertex 12.875 1.06348 0.25
      vertex 12.8809 1.04688 0.25
    endloop
  endfacet
  facet normal 0.928673 0.370899 0
    outer loop
      vertex 12.8516 1.12207 -0.25
      vertex 12.875 1.06348 0.25
      vertex 12.875 1.06348 -0.25
    endloop
  endfacet
  facet normal 0.928673 0.370899 -0
    outer loop
      vertex 12.8516 1.12207 -0.25
      vertex 12.8516 1.12207 0.25
      vertex 12.875 1.06348 0.25
    endloop
  endfacet
  facet normal 0.549347 0.835594 0
    outer loop
      vertex 12.5664 1.30957 -0.25
      vertex 12.8516 1.12207 0.25
      vertex 12.8516 1.12207 -0.25
    endloop
  endfacet
  facet normal 0.549347 0.835594 -0
    outer loop
      vertex 12.5664 1.30957 -0.25
      vertex 12.5664 1.30957 0.25
      vertex 12.8516 1.12207 0.25
    endloop
  endfacet
  facet normal 0.551209 0.834367 0
    outer loop
      vertex 11.8125 1.80762 -0.25
      vertex 12.5664 1.30957 0.25
      vertex 12.5664 1.30957 -0.25
    endloop
  endfacet
  facet normal 0.551209 0.834367 -0
    outer loop
      vertex 11.8125 1.80762 -0.25
      vertex 11.8125 1.80762 0.25
      vertex 12.5664 1.30957 0.25
    endloop
  endfacet
  facet normal 0.534651 0.845073 0
    outer loop
      vertex 10.7598 2.47363 -0.25
      vertex 11.8125 1.80762 0.25
      vertex 11.8125 1.80762 -0.25
    endloop
  endfacet
  facet normal 0.534651 0.845073 -0
    outer loop
      vertex 10.7598 2.47363 -0.25
      vertex 10.7598 2.47363 0.25
      vertex 11.8125 1.80762 0.25
    endloop
  endfacet
  facet normal 0.523585 0.851973 0
    outer loop
      vertex 9.55371 3.21484 -0.25
      vertex 10.7598 2.47363 0.25
      vertex 10.7598 2.47363 -0.25
    endloop
  endfacet
  facet normal 0.523585 0.851973 -0
    outer loop
      vertex 9.55371 3.21484 -0.25
      vertex 9.55371 3.21484 0.25
      vertex 10.7598 2.47363 0.25
    endloop
  endfacet
  facet normal 0.515416 0.85694 0
    outer loop
      vertex 8.3457 3.94141 -0.25
      vertex 9.55371 3.21484 0.25
      vertex 9.55371 3.21484 -0.25
    endloop
  endfacet
  facet normal 0.515416 0.85694 -0
    outer loop
      vertex 8.3457 3.94141 -0.25
      vertex 8.3457 3.94141 0.25
      vertex 9.55371 3.21484 0.25
    endloop
  endfacet
  facet normal 0.504801 0.863236 0
    outer loop
      vertex 7.28027 4.56445 -0.25
      vertex 8.3457 3.94141 0.25
      vertex 8.3457 3.94141 -0.25
    endloop
  endfacet
  facet normal 0.504801 0.863236 -0
    outer loop
      vertex 7.28027 4.56445 -0.25
      vertex 7.28027 4.56445 0.25
      vertex 8.3457 3.94141 0.25
    endloop
  endfacet
  facet normal 0.485649 0.874154 0
    outer loop
      vertex 6.50684 4.99414 -0.25
      vertex 7.28027 4.56445 0.25
      vertex 7.28027 4.56445 -0.25
    endloop
  endfacet
  facet normal 0.485649 0.874154 -0
    outer loop
      vertex 6.50684 4.99414 -0.25
      vertex 6.50684 4.99414 0.25
      vertex 7.28027 4.56445 0.25
    endloop
  endfacet
  facet normal 0.487887 0.872907 0
    outer loop
      vertex 6.2168 5.15625 -0.25
      vertex 6.50684 4.99414 0.25
      vertex 6.50684 4.99414 -0.25
    endloop
  endfacet
  facet normal 0.487887 0.872907 -0
    outer loop
      vertex 6.2168 5.15625 -0.25
      vertex 6.2168 5.15625 0.25
      vertex 6.50684 4.99414 0.25
    endloop
  endfacet
  facet normal -0.378658 0.925537 0
    outer loop
      vertex 6.17383 5.13867 -0.25
      vertex 6.2168 5.15625 0.25
      vertex 6.2168 5.15625 -0.25
    endloop
  endfacet
  facet normal -0.378658 0.925537 0
    outer loop
      vertex 6.17383 5.13867 -0.25
      vertex 6.17383 5.13867 0.25
      vertex 6.2168 5.15625 0.25
    endloop
  endfacet
  facet normal -0.307706 0.951482 0
    outer loop
      vertex 6.14062 5.12793 -0.25
      vertex 6.17383 5.13867 0.25
      vertex 6.17383 5.13867 -0.25
    endloop
  endfacet
  facet normal -0.307706 0.951482 0
    outer loop
      vertex 6.14062 5.12793 -0.25
      vertex 6.14062 5.12793 0.25
      vertex 6.17383 5.13867 0.25
    endloop
  endfacet
  facet normal -0.861823 0.50721 0
    outer loop
      vertex 6.04004 4.95703 -0.25
      vertex 6.14062 5.12793 0.25
      vertex 6.14062 5.12793 -0.25
    endloop
  endfacet
  facet normal -0.861823 0.50721 0
    outer loop
      vertex 6.04004 4.95703 -0.25
      vertex 6.04004 4.95703 0.25
      vertex 6.14062 5.12793 0.25
    endloop
  endfacet
  facet normal -0.99619 0.0872099 0
    outer loop
      vertex 6.00781 4.58887 -0.25
      vertex 6.04004 4.95703 0.25
      vertex 6.04004 4.95703 -0.25
    endloop
  endfacet
  facet normal -0.99619 0.0872099 0
    outer loop
      vertex 6.00781 4.58887 -0.25
      vertex 6.00781 4.58887 0.25
      vertex 6.04004 4.95703 0.25
    endloop
  endfacet
  facet normal -0.999648 -0.0265425 0
    outer loop
      vertex 6.01074 4.47852 -0.25
      vertex 6.00781 4.58887 0.25
      vertex 6.00781 4.58887 -0.25
    endloop
  endfacet
  facet normal -0.999648 -0.0265425 0
    outer loop
      vertex 6.01074 4.47852 -0.25
      vertex 6.01074 4.47852 0.25
      vertex 6.00781 4.58887 0.25
    endloop
  endfacet
  facet normal -0.999105 -0.0423085 0
    outer loop
      vertex 6.01562 4.36328 -0.25
      vertex 6.01074 4.47852 0.25
      vertex 6.01074 4.47852 -0.25
    endloop
  endfacet
  facet normal -0.999105 -0.0423085 0
    outer loop
      vertex 6.01562 4.36328 -0.25
      vertex 6.01562 4.36328 0.25
      vertex 6.01074 4.47852 0.25
    endloop
  endfacet
  facet normal -0.996585 0.0825719 0
    outer loop
      vertex 5.98633 4.00977 -0.25
      vertex 6.01562 4.36328 0.25
      vertex 6.01562 4.36328 -0.25
    endloop
  endfacet
  facet normal -0.996585 0.0825719 0
    outer loop
      vertex 5.98633 4.00977 -0.25
      vertex 5.98633 4.00977 0.25
      vertex 6.01562 4.36328 0.25
    endloop
  endfacet
  facet normal -0.887473 0.46086 0
    outer loop
      vertex 5.8418 3.73145 -0.25
      vertex 5.98633 4.00977 0.25
      vertex 5.98633 4.00977 -0.25
    endloop
  endfacet
  facet normal -0.887473 0.46086 0
    outer loop
      vertex 5.8418 3.73145 -0.25
      vertex 5.8418 3.73145 0.25
      vertex 5.98633 4.00977 0.25
    endloop
  endfacet
  facet normal -0.369276 0.92932 0
    outer loop
      vertex 5.54688 3.61426 -0.25
      vertex 5.8418 3.73145 0.25
      vertex 5.8418 3.73145 -0.25
    endloop
  endfacet
  facet normal -0.369276 0.92932 0
    outer loop
      vertex 5.54688 3.61426 -0.25
      vertex 5.54688 3.61426 0.25
      vertex 5.8418 3.73145 0.25
    endloop
  endfacet
  facet normal 0.0136518 0.999907 0
    outer loop
      vertex 5.18945 3.61914 -0.25
      vertex 5.54688 3.61426 0.25
      vertex 5.54688 3.61426 -0.25
    endloop
  endfacet
  facet normal 0.0136518 0.999907 -0
    outer loop
      vertex 5.18945 3.61914 -0.25
      vertex 5.18945 3.61914 0.25
      vertex 5.54688 3.61426 0.25
    endloop
  endfacet
  facet normal 0.126122 0.992015 0
    outer loop
      vertex 5.07422 3.63379 -0.25
      vertex 5.18945 3.61914 0.25
      vertex 5.18945 3.61914 -0.25
    endloop
  endfacet
  facet normal 0.126122 0.992015 -0
    outer loop
      vertex 5.07422 3.63379 -0.25
      vertex 5.07422 3.63379 0.25
      vertex 5.18945 3.61914 0.25
    endloop
  endfacet
  facet normal 0.126641 0.991949 0
    outer loop
      vertex 4.89062 3.65723 -0.25
      vertex 5.07422 3.63379 0.25
      vertex 5.07422 3.63379 -0.25
    endloop
  endfacet
  facet normal 0.126641 0.991949 -0
    outer loop
      vertex 4.89062 3.65723 -0.25
      vertex 4.89062 3.65723 0.25
      vertex 5.07422 3.63379 0.25
    endloop
  endfacet
  facet normal 0.200063 0.979783 0
    outer loop
      vertex 4.05371 3.82812 -0.25
      vertex 4.89062 3.65723 0.25
      vertex 4.89062 3.65723 -0.25
    endloop
  endfacet
  facet normal 0.200063 0.979783 -0
    outer loop
      vertex 4.05371 3.82812 -0.25
      vertex 4.05371 3.82812 0.25
      vertex 4.89062 3.65723 0.25
    endloop
  endfacet
  facet normal 0.31144 0.950266 0
    outer loop
      vertex 3.35645 4.05664 -0.25
      vertex 4.05371 3.82812 0.25
      vertex 4.05371 3.82812 -0.25
    endloop
  endfacet
  facet normal 0.31144 0.950266 -0
    outer loop
      vertex 3.35645 4.05664 -0.25
      vertex 3.35645 4.05664 0.25
      vertex 4.05371 3.82812 0.25
    endloop
  endfacet
  facet normal 0.421587 0.906788 0
    outer loop
      vertex 3.24512 4.1084 -0.25
      vertex 3.35645 4.05664 0.25
      vertex 3.35645 4.05664 -0.25
    endloop
  endfacet
  facet normal 0.421587 0.906788 -0
    outer loop
      vertex 3.24512 4.1084 -0.25
      vertex 3.24512 4.1084 0.25
      vertex 3.35645 4.05664 0.25
    endloop
  endfacet
  facet normal 0.438124 0.898914 0
    outer loop
      vertex 3.16699 4.14648 -0.25
      vertex 3.24512 4.1084 0.25
      vertex 3.24512 4.1084 -0.25
    endloop
  endfacet
  facet normal 0.438124 0.898914 -0
    outer loop
      vertex 3.16699 4.14648 -0.25
      vertex 3.16699 4.14648 0.25
      vertex 3.24512 4.1084 0.25
    endloop
  endfacet
  facet normal 0.610556 0.791973 0
    outer loop
      vertex 2.94531 4.31738 -0.25
      vertex 3.16699 4.14648 0.25
      vertex 3.16699 4.14648 -0.25
    endloop
  endfacet
  facet normal 0.610556 0.791973 -0
    outer loop
      vertex 2.94531 4.31738 -0.25
      vertex 2.94531 4.31738 0.25
      vertex 3.16699 4.14648 0.25
    endloop
  endfacet
  facet normal 0.970656 0.24047 0
    outer loop
      vertex 2.8916 4.53418 -0.25
      vertex 2.94531 4.31738 0.25
      vertex 2.94531 4.31738 -0.25
    endloop
  endfacet
  facet normal 0.970656 0.24047 -0
    outer loop
      vertex 2.8916 4.53418 -0.25
      vertex 2.8916 4.53418 0.25
      vertex 2.94531 4.31738 0.25
    endloop
  endfacet
  facet normal 0.99368 -0.112251 0
    outer loop
      vertex 2.89844 4.59473 -0.25
      vertex 2.8916 4.53418 0.25
      vertex 2.8916 4.53418 -0.25
    endloop
  endfacet
  facet normal 0.99368 -0.112251 0
    outer loop
      vertex 2.89844 4.59473 -0.25
      vertex 2.89844 4.59473 0.25
      vertex 2.8916 4.53418 0.25
    endloop
  endfacet
  facet normal 0.995633 -0.0933506 0
    outer loop
      vertex 2.90723 4.68848 -0.25
      vertex 2.89844 4.59473 0.25
      vertex 2.89844 4.59473 -0.25
    endloop
  endfacet
  facet normal 0.995633 -0.0933506 0
    outer loop
      vertex 2.90723 4.68848 -0.25
      vertex 2.90723 4.68848 0.25
      vertex 2.89844 4.59473 0.25
    endloop
  endfacet
  facet normal 0.83396 -0.551825 0
    outer loop
      vertex 3.08105 4.95117 -0.25
      vertex 2.90723 4.68848 0.25
      vertex 2.90723 4.68848 -0.25
    endloop
  endfacet
  facet normal 0.83396 -0.551825 0
    outer loop
      vertex 3.08105 4.95117 -0.25
      vertex 3.08105 4.95117 0.25
      vertex 2.90723 4.68848 0.25
    endloop
  endfacet
  facet normal 0.460941 -0.887431 0
    outer loop
      vertex 3.60938 5.22559 -0.25
      vertex 3.08105 4.95117 0.25
      vertex 3.08105 4.95117 -0.25
    endloop
  endfacet
  facet normal 0.460941 -0.887431 0
    outer loop
      vertex 3.60938 5.22559 -0.25
      vertex 3.60938 5.22559 0.25
      vertex 3.08105 4.95117 0.25
    endloop
  endfacet
  facet normal 0.224572 -0.974458 0
    outer loop
      vertex 4.57129 5.44727 -0.25
      vertex 3.60938 5.22559 0.25
      vertex 3.60938 5.22559 -0.25
    endloop
  endfacet
  facet normal 0.224572 -0.974458 0
    outer loop
      vertex 4.57129 5.44727 -0.25
      vertex 4.57129 5.44727 0.25
      vertex 3.60938 5.22559 0.25
    endloop
  endfacet
  facet normal 0.140689 -0.990054 0
    outer loop
      vertex 5.68457 5.60547 -0.25
      vertex 4.57129 5.44727 0.25
      vertex 4.57129 5.44727 -0.25
    endloop
  endfacet
  facet normal 0.140689 -0.990054 0
    outer loop
      vertex 5.68457 5.60547 -0.25
      vertex 5.68457 5.60547 0.25
      vertex 4.57129 5.44727 0.25
    endloop
  endfacet
  facet normal 0.111852 -0.993725 0
    outer loop
      vertex 6.05762 5.64746 -0.25
      vertex 5.68457 5.60547 0.25
      vertex 5.68457 5.60547 -0.25
    endloop
  endfacet
  facet normal 0.111852 -0.993725 0
    outer loop
      vertex 6.05762 5.64746 -0.25
      vertex 6.05762 5.64746 0.25
      vertex 5.68457 5.60547 0.25
    endloop
  endfacet
  facet normal 0.11371 -0.993514 0
    outer loop
      vertex 6.90234 5.74414 -0.25
      vertex 6.05762 5.64746 0.25
      vertex 6.05762 5.64746 -0.25
    endloop
  endfacet
  facet normal 0.11371 -0.993514 0
    outer loop
      vertex 6.90234 5.74414 -0.25
      vertex 6.90234 5.74414 0.25
      vertex 6.05762 5.64746 0.25
    endloop
  endfacet
  facet normal 0.179507 -0.983757 0
    outer loop
      vertex 10.7236 6.44141 -0.25
      vertex 6.90234 5.74414 0.25
      vertex 6.90234 5.74414 -0.25
    endloop
  endfacet
  facet normal 0.179507 -0.983757 0
    outer loop
      vertex 10.7236 6.44141 -0.25
      vertex 10.7236 6.44141 0.25
      vertex 6.90234 5.74414 0.25
    endloop
  endfacet
  facet normal 0.286581 -0.958056 0
    outer loop
      vertex 13.9785 7.41504 -0.25
      vertex 10.7236 6.44141 0.25
      vertex 10.7236 6.44141 -0.25
    endloop
  endfacet
  facet normal 0.286581 -0.958056 0
    outer loop
      vertex 13.9785 7.41504 -0.25
      vertex 13.9785 7.41504 0.25
      vertex 10.7236 6.44141 0.25
    endloop
  endfacet
  facet normal 0.384608 -0.92308 0
    outer loop
      vertex 14.541 7.64941 -0.25
      vertex 13.9785 7.41504 0.25
      vertex 13.9785 7.41504 -0.25
    endloop
  endfacet
  facet normal 0.384608 -0.92308 0
    outer loop
      vertex 14.541 7.64941 -0.25
      vertex 14.541 7.64941 0.25
      vertex 13.9785 7.41504 0.25
    endloop
  endfacet
  facet normal 0.393911 -0.919149 0
    outer loop
      vertex 14.6709 7.70508 -0.25
      vertex 14.541 7.64941 0.25
      vertex 14.541 7.64941 -0.25
    endloop
  endfacet
  facet normal 0.393911 -0.919149 0
    outer loop
      vertex 14.6709 7.70508 -0.25
      vertex 14.6709 7.70508 0.25
      vertex 14.541 7.64941 0.25
    endloop
  endfacet
  facet normal 0.381185 -0.924499 0
    outer loop
      vertex 15.2109 7.92773 -0.25
      vertex 14.6709 7.70508 0.25
      vertex 14.6709 7.70508 -0.25
    endloop
  endfacet
  facet normal 0.381185 -0.924499 0
    outer loop
      vertex 15.2109 7.92773 -0.25
      vertex 15.2109 7.92773 0.25
      vertex 14.6709 7.70508 0.25
    endloop
  endfacet
  facet normal 0.350425 -0.936591 0
    outer loop
      vertex 15.4902 8.03223 -0.25
      vertex 15.2109 7.92773 0.25
      vertex 15.2109 7.92773 -0.25
    endloop
  endfacet
  facet normal 0.350425 -0.936591 0
    outer loop
      vertex 15.4902 8.03223 -0.25
      vertex 15.4902 8.03223 0.25
      vertex 15.2109 7.92773 0.25
    endloop
  endfacet
  facet normal -1 0 0
    outer loop
      vertex 15.4902 7.94531 -0.25
      vertex 15.4902 8.03223 0.25
      vertex 15.4902 8.03223 -0.25
    endloop
  endfacet
  facet normal -1 0 0
    outer loop
      vertex 15.4902 7.94531 -0.25
      vertex 15.4902 7.94531 0.25
      vertex 15.4902 8.03223 0.25
    endloop
  endfacet
  facet normal -0.928974 0.370145 0
    outer loop
      vertex 15.3867 7.68555 -0.25
      vertex 15.4902 7.94531 0.25
      vertex 15.4902 7.94531 -0.25
    endloop
  endfacet
  facet normal -0.928974 0.370145 0
    outer loop
      vertex 15.3867 7.68555 -0.25
      vertex 15.3867 7.68555 0.25
      vertex 15.4902 7.94531 0.25
    endloop
  endfacet
  facet normal -0.942169 0.335138 0
    outer loop
      vertex 15.1484 7.01562 -0.25
      vertex 15.3867 7.68555 0.25
      vertex 15.3867 7.68555 -0.25
    endloop
  endfacet
  facet normal -0.942169 0.335138 0
    outer loop
      vertex 15.1484 7.01562 -0.25
      vertex 15.1484 7.01562 0.25
      vertex 15.3867 7.68555 0.25
    endloop
  endfacet
  facet normal -0.934824 0.355112 0
    outer loop
      vertex 14.875 6.2959 -0.25
      vertex 15.1484 7.01562 0.25
      vertex 15.1484 7.01562 -0.25
    endloop
  endfacet
  facet normal -0.934824 0.355112 0
    outer loop
      vertex 14.875 6.2959 -0.25
      vertex 14.875 6.2959 0.25
      vertex 15.1484 7.01562 0.25
    endloop
  endfacet
  facet normal -0.927495 0.373836 0
    outer loop
      vertex 14.7148 5.89844 -0.25
      vertex 14.875 6.2959 0.25
      vertex 14.875 6.2959 -0.25
    endloop
  endfacet
  facet normal -0.927495 0.373836 0
    outer loop
      vertex 14.7148 5.89844 -0.25
      vertex 14.7148 5.89844 0.25
      vertex 14.875 6.2959 0.25
    endloop
  endfacet
  facet normal -0.908215 0.418503 0
    outer loop
      vertex 14.6689 5.79883 -0.25
      vertex 14.7148 5.89844 0.25
      vertex 14.7148 5.89844 -0.25
    endloop
  endfacet
  facet normal -0.908215 0.418503 0
    outer loop
      vertex 14.6689 5.79883 -0.25
      vertex 14.6689 5.79883 0.25
      vertex 14.7148 5.89844 0.25
    endloop
  endfacet
  facet normal -0.895912 0.444231 0
    outer loop
      vertex 14.6045 5.66895 -0.25
      vertex 14.6689 5.79883 0.25
      vertex 14.6689 5.79883 -0.25
    endloop
  endfacet
  facet normal -0.895912 0.444231 0
    outer loop
      vertex 14.6045 5.66895 -0.25
      vertex 14.6045 5.66895 0.25
      vertex 14.6689 5.79883 0.25
    endloop
  endfacet
  facet normal -0.98457 0.174991 0
    outer loop
      vertex 14.4863 5.00391 -0.25
      vertex 14.6045 5.66895 0.25
      vertex 14.6045 5.66895 -0.25
    endloop
  endfacet
  facet normal -0.98457 0.174991 0
    outer loop
      vertex 14.4863 5.00391 -0.25
      vertex 14.4863 5.00391 0.25
      vertex 14.6045 5.66895 0.25
    endloop
  endfacet
  facet normal -0.97559 -0.2196 0
    outer loop
      vertex 14.6338 4.34863 -0.25
      vertex 14.4863 5.00391 0.25
      vertex 14.4863 5.00391 -0.25
    endloop
  endfacet
  facet normal -0.97559 -0.2196 0
    outer loop
      vertex 14.6338 4.34863 -0.25
      vertex 14.6338 4.34863 0.25
      vertex 14.4863 5.00391 0.25
    endloop
  endfacet
  facet normal -0.871613 -0.490195 0
    outer loop
      vertex 14.7041 4.22363 -0.25
      vertex 14.6338 4.34863 0.25
      vertex 14.6338 4.34863 -0.25
    endloop
  endfacet
  facet normal -0.871613 -0.490195 0
    outer loop
      vertex 14.7041 4.22363 -0.25
      vertex 14.7041 4.22363 0.25
      vertex 14.6338 4.34863 0.25
    endloop
  endfacet
  facet normal -0.892811 -0.450432 0
    outer loop
      vertex 14.7578 4.11719 -0.25
      vertex 14.7041 4.22363 0.25
      vertex 14.7041 4.22363 -0.25
    endloop
  endfacet
  facet normal -0.892811 -0.450432 0
    outer loop
      vertex 14.7578 4.11719 -0.25
      vertex 14.7578 4.11719 0.25
      vertex 14.7041 4.22363 0.25
    endloop
  endfacet
  facet normal -0.493373 -0.869818 0
    outer loop
      vertex 15.2812 3.82031 -0.25
      vertex 14.7578 4.11719 0.25
      vertex 14.7578 4.11719 -0.25
    endloop
  endfacet
  facet normal -0.493373 -0.869818 0
    outer loop
      vertex 15.2812 3.82031 -0.25
      vertex 15.2812 3.82031 0.25
      vertex 14.7578 4.11719 0.25
    endloop
  endfacet
  facet normal -0.381842 -0.924228 0
    outer loop
      vertex 16.5127 3.31152 -0.25
      vertex 15.2812 3.82031 0.25
      vertex 15.2812 3.82031 -0.25
    endloop
  endfacet
  facet normal -0.381842 -0.924228 0
    outer loop
      vertex 16.5127 3.31152 -0.25
      vertex 16.5127 3.31152 0.25
      vertex 15.2812 3.82031 0.25
    endloop
  endfacet
  facet normal -0.305009 -0.952349 0
    outer loop
      vertex 18.1318 2.79297 -0.25
      vertex 16.5127 3.31152 0.25
      vertex 16.5127 3.31152 -0.25
    endloop
  endfacet
  facet normal -0.305009 -0.952349 0
    outer loop
      vertex 18.1318 2.79297 -0.25
      vertex 18.1318 2.79297 0.25
      vertex 16.5127 3.31152 0.25
    endloop
  endfacet
  facet normal -0.253242 -0.967403 0
    outer loop
      vertex 19.4375 2.45117 -0.25
      vertex 18.1318 2.79297 0.25
      vertex 18.1318 2.79297 -0.25
    endloop
  endfacet
  facet normal -0.253242 -0.967403 0
    outer loop
      vertex 19.4375 2.45117 -0.25
      vertex 19.4375 2.45117 0.25
      vertex 18.1318 2.79297 0.25
    endloop
  endfacet
  facet normal -0.202368 -0.979309 0
    outer loop
      vertex 19.877 2.36035 -0.25
      vertex 19.4375 2.45117 0.25
      vertex 19.4375 2.45117 -0.25
    endloop
  endfacet
  facet normal -0.202368 -0.979309 0
    outer loop
      vertex 19.877 2.36035 -0.25
      vertex 19.877 2.36035 0.25
      vertex 19.4375 2.45117 0.25
    endloop
  endfacet
  facet normal -0.205803 -0.978593 0
    outer loop
      vertex 20.8057 2.16504 -0.25
      vertex 19.877 2.36035 0.25
      vertex 19.877 2.36035 -0.25
    endloop
  endfacet
  facet normal -0.205803 -0.978593 0
    outer loop
      vertex 20.8057 2.16504 -0.25
      vertex 20.8057 2.16504 0.25
      vertex 19.877 2.36035 0.25
    endloop
  endfacet
  facet normal -0.0675911 -0.997713 0
    outer loop
      vertex 24.9717 1.88281 -0.25
      vertex 20.8057 2.16504 0.25
      vertex 20.8057 2.16504 -0.25
    endloop
  endfacet
  facet normal -0.0675911 -0.997713 0
    outer loop
      vertex 24.9717 1.88281 -0.25
      vertex 24.9717 1.88281 0.25
      vertex 20.8057 2.16504 0.25
    endloop
  endfacet
  facet normal 0.185316 -0.982679 0
    outer loop
      vertex 28.4102 2.53125 -0.25
      vertex 24.9717 1.88281 0.25
      vertex 24.9717 1.88281 -0.25
    endloop
  endfacet
  facet normal 0.185316 -0.982679 0
    outer loop
      vertex 28.4102 2.53125 -0.25
      vertex 28.4102 2.53125 0.25
      vertex 24.9717 1.88281 0.25
    endloop
  endfacet
  facet normal 0.429657 -0.902992 0
    outer loop
      vertex 28.9746 2.7998 -0.25
      vertex 28.4102 2.53125 0.25
      vertex 28.4102 2.53125 -0.25
    endloop
  endfacet
  facet normal 0.429657 -0.902992 0
    outer loop
      vertex 28.9746 2.7998 -0.25
      vertex 28.9746 2.7998 0.25
      vertex 28.4102 2.53125 0.25
    endloop
  endfacet
  facet normal 0.441553 -0.897235 0
    outer loop
      vertex 29.1016 2.8623 -0.25
      vertex 28.9746 2.7998 0.25
      vertex 28.9746 2.7998 -0.25
    endloop
  endfacet
  facet normal 0.441553 -0.897235 0
    outer loop
      vertex 29.1016 2.8623 -0.25
      vertex 29.1016 2.8623 0.25
      vertex 28.9746 2.7998 0.25
    endloop
  endfacet
  facet normal 0.335986 -0.941867 0
    outer loop
      vertex 29.9092 3.15039 -0.25
      vertex 29.1016 2.8623 0.25
      vertex 29.1016 2.8623 -0.25
    endloop
  endfacet
  facet normal 0.335986 -0.941867 0
    outer loop
      vertex 29.9092 3.15039 -0.25
      vertex 29.9092 3.15039 0.25
      vertex 29.1016 2.8623 0.25
    endloop
  endfacet
  facet normal 0.246915 -0.969037 0
    outer loop
      vertex 30.875 3.39648 -0.25
      vertex 29.9092 3.15039 0.25
      vertex 29.9092 3.15039 -0.25
    endloop
  endfacet
  facet normal 0.246915 -0.969037 0
    outer loop
      vertex 30.875 3.39648 -0.25
      vertex 30.875 3.39648 0.25
      vertex 29.9092 3.15039 0.25
    endloop
  endfacet
  facet normal 0.191605 -0.981472 0
    outer loop
      vertex 31.0801 3.43652 -0.25
      vertex 30.875 3.39648 0.25
      vertex 30.875 3.39648 -0.25
    endloop
  endfacet
  facet normal 0.191605 -0.981472 0
    outer loop
      vertex 31.0801 3.43652 -0.25
      vertex 31.0801 3.43652 0.25
      vertex 30.875 3.39648 0.25
    endloop
  endfacet
  facet normal 0.181731 -0.983348 0
    outer loop
      vertex 31.2598 3.46973 -0.25
      vertex 31.0801 3.43652 0.25
      vertex 31.0801 3.43652 -0.25
    endloop
  endfacet
  facet normal 0.181731 -0.983348 0
    outer loop
      vertex 31.2598 3.46973 -0.25
      vertex 31.2598 3.46973 0.25
      vertex 31.0801 3.43652 0.25
    endloop
  endfacet
  facet normal 0.227548 -0.973767 0
    outer loop
      vertex 32.2168 3.69336 -0.25
      vertex 31.2598 3.46973 0.25
      vertex 31.2598 3.46973 -0.25
    endloop
  endfacet
  facet normal 0.227548 -0.973767 0
    outer loop
      vertex 32.2168 3.69336 -0.25
      vertex 32.2168 3.69336 0.25
      vertex 31.2598 3.46973 0.25
    endloop
  endfacet
  facet normal 0.290434 -0.956895 0
    outer loop
      vertex 33.0244 3.93848 -0.25
      vertex 32.2168 3.69336 0.25
      vertex 32.2168 3.69336 -0.25
    endloop
  endfacet
  facet normal 0.290434 -0.956895 0
    outer loop
      vertex 33.0244 3.93848 -0.25
      vertex 33.0244 3.93848 0.25
      vertex 32.2168 3.69336 0.25
    endloop
  endfacet
  facet normal 0.37721 -0.926128 0
    outer loop
      vertex 33.1299 3.98145 -0.25
      vertex 33.0244 3.93848 0.25
      vertex 33.0244 3.93848 -0.25
    endloop
  endfacet
  facet normal 0.37721 -0.926128 0
    outer loop
      vertex 33.1299 3.98145 -0.25
      vertex 33.1299 3.98145 0.25
      vertex 33.0244 3.93848 0.25
    endloop
  endfacet
  facet normal 0.371469 -0.928445 0
    outer loop
      vertex 33.2324 4.02246 -0.25
      vertex 33.1299 3.98145 0.25
      vertex 33.1299 3.98145 -0.25
    endloop
  endfacet
  facet normal 0.371469 -0.928445 0
    outer loop
      vertex 33.2324 4.02246 -0.25
      vertex 33.2324 4.02246 0.25
      vertex 33.1299 3.98145 0.25
    endloop
  endfacet
  facet normal 0.398854 -0.917015 0
    outer loop
      vertex 33.54 4.15625 -0.25
      vertex 33.2324 4.02246 0.25
      vertex 33.2324 4.02246 -0.25
    endloop
  endfacet
  facet normal 0.398854 -0.917015 0
    outer loop
      vertex 33.54 4.15625 -0.25
      vertex 33.54 4.15625 0.25
      vertex 33.2324 4.02246 0.25
    endloop
  endfacet
  facet normal 0.517071 -0.855942 0
    outer loop
      vertex 33.7744 4.29785 -0.25
      vertex 33.54 4.15625 0.25
      vertex 33.54 4.15625 -0.25
    endloop
  endfacet
  facet normal 0.517071 -0.855942 0
    outer loop
      vertex 33.7744 4.29785 -0.25
      vertex 33.7744 4.29785 0.25
      vertex 33.54 4.15625 0.25
    endloop
  endfacet
  facet normal 0.823133 -0.567848 0
    outer loop
      vertex 33.8896 4.46484 -0.25
      vertex 33.7744 4.29785 0.25
      vertex 33.7744 4.29785 -0.25
    endloop
  endfacet
  facet normal 0.823133 -0.567848 0
    outer loop
      vertex 33.8896 4.46484 -0.25
      vertex 33.8896 4.46484 0.25
      vertex 33.7744 4.29785 0.25
    endloop
  endfacet
  facet normal 0.964994 -0.262272 0
    outer loop
      vertex 33.9395 4.64844 -0.25
      vertex 33.8896 4.46484 0.25
      vertex 33.8896 4.46484 -0.25
    endloop
  endfacet
  facet normal 0.964994 -0.262272 0
    outer loop
      vertex 33.9395 4.64844 -0.25
      vertex 33.9395 4.64844 0.25
      vertex 33.8896 4.46484 0.25
    endloop
  endfacet
  facet normal 0.982392 -0.186833 0
    outer loop
      vertex 33.9512 4.70996 -0.25
      vertex 33.9395 4.64844 0.25
      vertex 33.9395 4.64844 -0.25
    endloop
  endfacet
  facet normal 0.982392 -0.186833 0
    outer loop
      vertex 33.9512 4.70996 -0.25
      vertex 33.9512 4.70996 0.25
      vertex 33.9395 4.64844 0.25
    endloop
  endfacet
  facet normal 0.987146 -0.159823 0
    outer loop
      vertex 33.9746 4.85449 -0.25
      vertex 33.9512 4.70996 0.25
      vertex 33.9512 4.70996 -0.25
    endloop
  endfacet
  facet normal 0.987146 -0.159823 0
    outer loop
      vertex 33.9746 4.85449 -0.25
      vertex 33.9746 4.85449 0.25
      vertex 33.9512 4.70996 0.25
    endloop
  endfacet
  facet normal 0.98653 0.163579 0
    outer loop
      vertex 33.8721 5.47266 -0.25
      vertex 33.9746 4.85449 0.25
      vertex 33.9746 4.85449 -0.25
    endloop
  endfacet
  facet normal 0.98653 0.163579 -0
    outer loop
      vertex 33.8721 5.47266 -0.25
      vertex 33.8721 5.47266 0.25
      vertex 33.9746 4.85449 0.25
    endloop
  endfacet
  facet normal 0.812534 0.582914 0
    outer loop
      vertex 33.3887 6.14648 -0.25
      vertex 33.8721 5.47266 0.25
      vertex 33.8721 5.47266 -0.25
    endloop
  endfacet
  facet normal 0.812534 0.582914 -0
    outer loop
      vertex 33.3887 6.14648 -0.25
      vertex 33.3887 6.14648 0.25
      vertex 33.8721 5.47266 0.25
    endloop
  endfacet
  facet normal 0.719192 0.694811 0
    outer loop
      vertex 33.2217 6.31934 -0.25
      vertex 33.3887 6.14648 0.25
      vertex 33.3887 6.14648 -0.25
    endloop
  endfacet
  facet normal 0.719192 0.694811 -0
    outer loop
      vertex 33.2217 6.31934 -0.25
      vertex 33.2217 6.31934 0.25
      vertex 33.3887 6.14648 0.25
    endloop
  endfacet
  facet normal 0.717434 0.696626 0
    outer loop
      vertex 33.0918 6.45312 -0.25
      vertex 33.2217 6.31934 0.25
      vertex 33.2217 6.31934 -0.25
    endloop
  endfacet
  facet normal 0.717434 0.696626 -0
    outer loop
      vertex 33.0918 6.45312 -0.25
      vertex 33.0918 6.45312 0.25
      vertex 33.2217 6.31934 0.25
    endloop
  endfacet
  facet normal 0.604451 0.796642 0
    outer loop
      vertex 32.6426 6.79395 -0.25
      vertex 33.0918 6.45312 0.25
      vertex 33.0918 6.45312 -0.25
    endloop
  endfacet
  facet normal 0.604451 0.796642 -0
    outer loop
      vertex 32.6426 6.79395 -0.25
      vertex 32.6426 6.79395 0.25
      vertex 33.0918 6.45312 0.25
    endloop
  endfacet
  facet normal 0.419442 0.907782 0
    outer loop
      vertex 31.9219 7.12695 -0.25
      vertex 32.6426 6.79395 0.25
      vertex 32.6426 6.79395 -0.25
    endloop
  endfacet
  facet normal 0.419442 0.907782 -0
    outer loop
      vertex 31.9219 7.12695 -0.25
      vertex 31.9219 7.12695 0.25
      vertex 32.6426 6.79395 0.25
    endloop
  endfacet
  facet normal 0.227816 0.973704 0
    outer loop
      vertex 30.9619 7.35156 -0.25
      vertex 31.9219 7.12695 0.25
      vertex 31.9219 7.12695 -0.25
    endloop
  endfacet
  facet normal 0.227816 0.973704 -0
    outer loop
      vertex 30.9619 7.35156 -0.25
      vertex 30.9619 7.35156 0.25
      vertex 31.9219 7.12695 0.25
    endloop
  endfacet
  facet normal 0.124047 0.992276 0
    outer loop
      vertex 29.9932 7.47266 -0.25
      vertex 30.9619 7.35156 0.25
      vertex 30.9619 7.35156 -0.25
    endloop
  endfacet
  facet normal 0.124047 0.992276 -0
    outer loop
      vertex 29.9932 7.47266 -0.25
      vertex 29.9932 7.47266 0.25
      vertex 30.9619 7.35156 0.25
    endloop
  endfacet
  facet normal 0.0810156 0.996713 0
    outer loop
      vertex 29.6689 7.49902 -0.25
      vertex 29.9932 7.47266 0.25
      vertex 29.9932 7.47266 -0.25
    endloop
  endfacet
  facet normal 0.0810156 0.996713 -0
    outer loop
      vertex 29.6689 7.49902 -0.25
      vertex 29.6689 7.49902 0.25
      vertex 29.9932 7.47266 0.25
    endloop
  endfacet
  facet normal 0.0813905 0.996682 0
    outer loop
      vertex 29.4775 7.51465 -0.25
      vertex 29.6689 7.49902 0.25
      vertex 29.6689 7.49902 -0.25
    endloop
  endfacet
  facet normal 0.0813905 0.996682 -0
    outer loop
      vertex 29.4775 7.51465 -0.25
      vertex 29.4775 7.51465 0.25
      vertex 29.6689 7.49902 0.25
    endloop
  endfacet
  facet normal 0.0951913 0.995459 0
    outer loop
      vertex 28.3848 7.61914 -0.25
      vertex 29.4775 7.51465 0.25
      vertex 29.4775 7.51465 -0.25
    endloop
  endfacet
  facet normal 0.0951913 0.995459 -0
    outer loop
      vertex 28.3848 7.61914 -0.25
      vertex 28.3848 7.61914 0.25
      vertex 29.4775 7.51465 0.25
    endloop
  endfacet
  facet normal 0.116213 0.993224 0
    outer loop
      vertex 27.3916 7.73535 -0.25
      vertex 28.3848 7.61914 0.25
      vertex 28.3848 7.61914 -0.25
    endloop
  endfacet
  facet normal 0.116213 0.993224 -0
    outer loop
      vertex 27.3916 7.73535 -0.25
      vertex 27.3916 7.73535 0.25
      vertex 28.3848 7.61914 0.25
    endloop
  endfacet
  facet normal 0.129066 0.991636 0
    outer loop
      vertex 27.249 7.75391 -0.25
      vertex 27.3916 7.73535 0.25
      vertex 27.3916 7.73535 -0.25
    endloop
  endfacet
  facet normal 0.129066 0.991636 -0
    outer loop
      vertex 27.249 7.75391 -0.25
      vertex 27.249 7.75391 0.25
      vertex 27.3916 7.73535 0.25
    endloop
  endfacet
  facet normal 0.142296 0.989824 0
    outer loop
      vertex 27.1064 7.77441 -0.25
      vertex 27.249 7.75391 0.25
      vertex 27.249 7.75391 -0.25
    endloop
  endfacet
  facet normal 0.142296 0.989824 -0
    outer loop
      vertex 27.1064 7.77441 -0.25
      vertex 27.1064 7.77441 0.25
      vertex 27.249 7.75391 0.25
    endloop
  endfacet
  facet normal 0.161172 0.986926 0
    outer loop
      vertex 26.6758 7.84473 -0.25
      vertex 27.1064 7.77441 0.25
      vertex 27.1064 7.77441 -0.25
    endloop
  endfacet
  facet normal 0.161172 0.986926 -0
    outer loop
      vertex 26.6758 7.84473 -0.25
      vertex 26.6758 7.84473 0.25
      vertex 27.1064 7.77441 0.25
    endloop
  endfacet
  facet normal 0.256242 0.966613 0
    outer loop
      vertex 26.3369 7.93457 -0.25
      vertex 26.6758 7.84473 0.25
      vertex 26.6758 7.84473 -0.25
    endloop
  endfacet
  facet normal 0.256242 0.966613 -0
    outer loop
      vertex 26.3369 7.93457 -0.25
      vertex 26.3369 7.93457 0.25
      vertex 26.6758 7.84473 0.25
    endloop
  endfacet
  facet normal 0.535031 0.844832 0
    outer loop
      vertex 26.1426 8.05762 -0.25
      vertex 26.3369 7.93457 0.25
      vertex 26.3369 7.93457 -0.25
    endloop
  endfacet
  facet normal 0.535031 0.844832 -0
    outer loop
      vertex 26.1426 8.05762 -0.25
      vertex 26.1426 8.05762 0.25
      vertex 26.3369 7.93457 0.25
    endloop
  endfacet
  facet normal 0.787621 0.61616 0
    outer loop
      vertex 26.0303 8.20117 -0.25
      vertex 26.1426 8.05762 0.25
      vertex 26.1426 8.05762 -0.25
    endloop
  endfacet
  facet normal 0.787621 0.61616 -0
    outer loop
      vertex 26.0303 8.20117 -0.25
      vertex 26.0303 8.20117 0.25
      vertex 26.1426 8.05762 0.25
    endloop
  endfacet
  facet normal 0.851278 0.524715 0
    outer loop
      vertex 25.999 8.25195 -0.25
      vertex 26.0303 8.20117 0.25
      vertex 26.0303 8.20117 -0.25
    endloop
  endfacet
  facet normal 0.851278 0.524715 -0
    outer loop
      vertex 25.999 8.25195 -0.25
      vertex 25.999 8.25195 0.25
      vertex 26.0303 8.20117 0.25
    endloop
  endfacet
  facet normal 0.85644 0.516247 0
    outer loop
      vertex 25.9678 8.30371 -0.25
      vertex 25.999 8.25195 0.25
      vertex 25.999 8.25195 -0.25
    endloop
  endfacet
  facet normal 0.85644 0.516247 -0
    outer loop
      vertex 25.9678 8.30371 -0.25
      vertex 25.9678 8.30371 0.25
      vertex 25.999 8.25195 0.25
    endloop
  endfacet
  facet normal 0.966525 0.256571 0
    outer loop
      vertex 25.791 8.96973 -0.25
      vertex 25.9678 8.30371 0.25
      vertex 25.9678 8.30371 -0.25
    endloop
  endfacet
  facet normal 0.966525 0.256571 -0
    outer loop
      vertex 25.791 8.96973 -0.25
      vertex 25.791 8.96973 0.25
      vertex 25.9678 8.30371 0.25
    endloop
  endfacet
  facet normal 1 0 0
    outer loop
      vertex 25.791 9.30176 -0.25
      vertex 25.791 8.96973 0.25
      vertex 25.791 8.96973 -0.25
    endloop
  endfacet
  facet normal 1 0 -0
    outer loop
      vertex 25.791 9.30176 -0.25
      vertex 25.791 9.30176 0.25
      vertex 25.791 8.96973 0.25
    endloop
  endfacet
  facet normal 0.993481 0.114001 0
    outer loop
      vertex 25.7529 9.63379 -0.25
      vertex 25.791 9.30176 0.25
      vertex 25.791 9.30176 -0.25
    endloop
  endfacet
  facet normal 0.993481 0.114001 -0
    outer loop
      vertex 25.7529 9.63379 -0.25
      vertex 25.7529 9.63379 0.25
      vertex 25.791 9.30176 0.25
    endloop
  endfacet
  facet normal 0.959253 0.282548 0
    outer loop
      vertex 25.6807 9.87891 -0.25
      vertex 25.7529 9.63379 0.25
      vertex 25.7529 9.63379 -0.25
    endloop
  endfacet
  facet normal 0.959253 0.282548 -0
    outer loop
      vertex 25.6807 9.87891 -0.25
      vertex 25.6807 9.87891 0.25
      vertex 25.7529 9.63379 0.25
    endloop
  endfacet
  facet normal 0.726527 0.687137 0
    outer loop
      vertex 25.665 9.89551 -0.25
      vertex 25.6807 9.87891 0.25
      vertex 25.6807 9.87891 -0.25
    endloop
  endfacet
  facet normal 0.726527 0.687137 -0
    outer loop
      vertex 25.665 9.89551 -0.25
      vertex 25.665 9.89551 0.25
      vertex 25.6807 9.87891 0.25
    endloop
  endfacet
  facet normal 0.708046 0.706166 0
    outer loop
      vertex 25.6387 9.92188 -0.25
      vertex 25.665 9.89551 0.25
      vertex 25.665 9.89551 -0.25
    endloop
  endfacet
  facet normal 0.708046 0.706166 -0
    outer loop
      vertex 25.6387 9.92188 -0.25
      vertex 25.6387 9.92188 0.25
      vertex 25.665 9.89551 0.25
    endloop
  endfacet
  facet normal 0.98656 -0.163402 0
    outer loop
      vertex 25.6738 10.1338 -0.25
      vertex 25.6387 9.92188 0.25
      vertex 25.6387 9.92188 -0.25
    endloop
  endfacet
  facet normal 0.98656 -0.163402 0
    outer loop
      vertex 25.6738 10.1338 -0.25
      vertex 25.6738 10.1338 0.25
      vertex 25.6387 9.92188 0.25
    endloop
  endfacet
  facet normal 0.802163 -0.597105 0
    outer loop
      vertex 25.958 10.5156 -0.25
      vertex 25.6738 10.1338 0.25
      vertex 25.6738 10.1338 -0.25
    endloop
  endfacet
  facet normal 0.802163 -0.597105 0
    outer loop
      vertex 25.958 10.5156 -0.25
      vertex 25.958 10.5156 0.25
      vertex 25.6738 10.1338 0.25
    endloop
  endfacet
  facet normal 0.739451 -0.673211 0
    outer loop
      vertex 26.0576 10.625 -0.25
      vertex 25.958 10.5156 0.25
      vertex 25.958 10.5156 -0.25
    endloop
  endfacet
  facet normal 0.739451 -0.673211 0
    outer loop
      vertex 26.0576 10.625 -0.25
      vertex 26.0576 10.625 0.25
      vertex 25.958 10.5156 0.25
    endloop
  endfacet
  facet normal 0.745924 -0.666031 0
    outer loop
      vertex 26.2285 10.8164 -0.25
      vertex 26.0576 10.625 0.25
      vertex 26.0576 10.625 -0.25
    endloop
  endfacet
  facet normal 0.745924 -0.666031 0
    outer loop
      vertex 26.2285 10.8164 -0.25
      vertex 26.2285 10.8164 0.25
      vertex 26.0576 10.625 0.25
    endloop
  endfacet
  facet normal 0.84449 -0.535571 0
    outer loop
      vertex 26.9277 11.9189 -0.25
      vertex 26.2285 10.8164 0.25
      vertex 26.2285 10.8164 -0.25
    endloop
  endfacet
  facet normal 0.84449 -0.535571 0
    outer loop
      vertex 26.9277 11.9189 -0.25
      vertex 26.9277 11.9189 0.25
      vertex 26.2285 10.8164 0.25
    endloop
  endfacet
  facet normal 0.940372 -0.340149 0
    outer loop
      vertex 27.3389 13.0557 -0.25
      vertex 26.9277 11.9189 0.25
      vertex 26.9277 11.9189 -0.25
    endloop
  endfacet
  facet normal 0.940372 -0.340149 0
    outer loop
      vertex 27.3389 13.0557 -0.25
      vertex 27.3389 13.0557 0.25
      vertex 26.9277 11.9189 0.25
    endloop
  endfacet
  facet normal 0.992101 -0.125444 0
    outer loop
      vertex 27.3652 13.2637 -0.25
      vertex 27.3389 13.0557 0.25
      vertex 27.3389 13.0557 -0.25
    endloop
  endfacet
  facet normal 0.992101 -0.125444 0
    outer loop
      vertex 27.3652 13.2637 -0.25
      vertex 27.3652 13.2637 0.25
      vertex 27.3389 13.0557 0.25
    endloop
  endfacet
  facet normal 0.995241 -0.0974488 0
    outer loop
      vertex 27.376 13.374 -0.25
      vertex 27.3652 13.2637 0.25
      vertex 27.3652 13.2637 -0.25
    endloop
  endfacet
  facet normal 0.995241 -0.0974488 0
    outer loop
      vertex 27.376 13.374 -0.25
      vertex 27.376 13.374 0.25
      vertex 27.3652 13.2637 0.25
    endloop
  endfacet
  facet normal 0.94235 -0.33463 0
    outer loop
      vertex 27.668 14.1963 -0.25
      vertex 27.376 13.374 0.25
      vertex 27.376 13.374 -0.25
    endloop
  endfacet
  facet normal 0.94235 -0.33463 0
    outer loop
      vertex 27.668 14.1963 -0.25
      vertex 27.668 14.1963 0.25
      vertex 27.376 13.374 0.25
    endloop
  endfacet
  facet normal 0.756622 -0.653853 0
    outer loop
      vertex 27.7119 14.2471 -0.25
      vertex 27.668 14.1963 0.25
      vertex 27.668 14.1963 -0.25
    endloop
  endfacet
  facet normal 0.756622 -0.653853 0
    outer loop
      vertex 27.7119 14.2471 -0.25
      vertex 27.7119 14.2471 0.25
      vertex 27.668 14.1963 0.25
    endloop
  endfacet
  facet normal 0.775505 -0.631341 0
    outer loop
      vertex 27.75 14.2939 -0.25
      vertex 27.7119 14.2471 0.25
      vertex 27.7119 14.2471 -0.25
    endloop
  endfacet
  facet normal 0.775505 -0.631341 0
    outer loop
      vertex 27.75 14.2939 -0.25
      vertex 27.75 14.2939 0.25
      vertex 27.7119 14.2471 0.25
    endloop
  endfacet
  facet normal 0.827827 -0.560983 0
    outer loop
      vertex 27.9062 14.5244 -0.25
      vertex 27.75 14.2939 0.25
      vertex 27.75 14.2939 -0.25
    endloop
  endfacet
  facet normal 0.827827 -0.560983 0
    outer loop
      vertex 27.9062 14.5244 -0.25
      vertex 27.9062 14.5244 0.25
      vertex 27.75 14.2939 0.25
    endloop
  endfacet
  facet normal 0.871669 -0.490095 0
    outer loop
      vertex 27.9902 14.6738 -0.25
      vertex 27.9062 14.5244 0.25
      vertex 27.9062 14.5244 -0.25
    endloop
  endfacet
  facet normal 0.871669 -0.490095 0
    outer loop
      vertex 27.9902 14.6738 -0.25
      vertex 27.9902 14.6738 0.25
      vertex 27.9062 14.5244 0.25
    endloop
  endfacet
  facet normal 1 0 0
    outer loop
      vertex 27.9902 14.7549 -0.25
      vertex 27.9902 14.6738 0.25
      vertex 27.9902 14.6738 -0.25
    endloop
  endfacet
  facet normal 1 0 -0
    outer loop
      vertex 27.9902 14.7549 -0.25
      vertex 27.9902 14.7549 0.25
      vertex 27.9902 14.6738 0.25
    endloop
  endfacet
  facet normal 0.542871 -0.839816 0
    outer loop
      vertex 28.1367 14.8496 -0.25
      vertex 27.9902 14.7549 0.25
      vertex 27.9902 14.7549 -0.25
    endloop
  endfacet
  facet normal 0.542871 -0.839816 0
    outer loop
      vertex 28.1367 14.8496 -0.25
      vertex 28.1367 14.8496 0.25
      vertex 27.9902 14.7549 0.25
    endloop
  endfacet
  facet normal 0.249701 -0.968323 0
    outer loop
      vertex 28.4512 14.9307 -0.25
      vertex 28.1367 14.8496 0.25
      vertex 28.1367 14.8496 -0.25
    endloop
  endfacet
  facet normal 0.249701 -0.968323 0
    outer loop
      vertex 28.4512 14.9307 -0.25
      vertex 28.4512 14.9307 0.25
      vertex 28.1367 14.8496 0.25
    endloop
  endfacet
  facet normal 0.137954 -0.990439 0
    outer loop
      vertex 28.5352 14.9424 -0.25
      vertex 28.4512 14.9307 0.25
      vertex 28.4512 14.9307 -0.25
    endloop
  endfacet
  facet normal 0.137954 -0.990439 0
    outer loop
      vertex 28.5352 14.9424 -0.25
      vertex 28.5352 14.9424 0.25
      vertex 28.4512 14.9307 0.25
    endloop
  endfacet
  facet normal 0.119025 -0.992891 0
    outer loop
      vertex 28.6328 14.9541 -0.25
      vertex 28.5352 14.9424 0.25
      vertex 28.5352 14.9424 -0.25
    endloop
  endfacet
  facet normal 0.119025 -0.992891 0
    outer loop
      vertex 28.6328 14.9541 -0.25
      vertex 28.6328 14.9541 0.25
      vertex 28.5352 14.9424 0.25
    endloop
  endfacet
  facet normal 0.259855 -0.965648 0
    outer loop
      vertex 29.0137 15.0566 -0.25
      vertex 28.6328 14.9541 0.25
      vertex 28.6328 14.9541 -0.25
    endloop
  endfacet
  facet normal 0.259855 -0.965648 0
    outer loop
      vertex 29.0137 15.0566 -0.25
      vertex 29.0137 15.0566 0.25
      vertex 28.6328 14.9541 0.25
    endloop
  endfacet
  facet normal 0.559503 -0.828828 0
    outer loop
      vertex 29.2959 15.2471 -0.25
      vertex 29.0137 15.0566 0.25
      vertex 29.0137 15.0566 -0.25
    endloop
  endfacet
  facet normal 0.559503 -0.828828 0
    outer loop
      vertex 29.2959 15.2471 -0.25
      vertex 29.2959 15.2471 0.25
      vertex 29.0137 15.0566 0.25
    endloop
  endfacet
  facet normal 0.733231 -0.67998 0
    outer loop
      vertex 29.3457 15.3008 -0.25
      vertex 29.2959 15.2471 0.25
      vertex 29.2959 15.2471 -0.25
    endloop
  endfacet
  facet normal 0.733231 -0.67998 0
    outer loop
      vertex 29.3457 15.3008 -0.25
      vertex 29.3457 15.3008 0.25
      vertex 29.2959 15.2471 0.25
    endloop
  endfacet
  facet normal 0.77616 -0.630536 0
    outer loop
      vertex 29.3877 15.3525 -0.25
      vertex 29.3457 15.3008 0.25
      vertex 29.3457 15.3008 -0.25
    endloop
  endfacet
  facet normal 0.77616 -0.630536 0
    outer loop
      vertex 29.3877 15.3525 -0.25
      vertex 29.3877 15.3525 0.25
      vertex 29.3457 15.3008 0.25
    endloop
  endfacet
  facet normal 0.504636 -0.863332 0
    outer loop
      vertex 29.8154 15.6025 -0.25
      vertex 29.3877 15.3525 0.25
      vertex 29.3877 15.3525 -0.25
    endloop
  endfacet
  facet normal 0.504636 -0.863332 0
    outer loop
      vertex 29.8154 15.6025 -0.25
      vertex 29.8154 15.6025 0.25
      vertex 29.3877 15.3525 0.25
    endloop
  endfacet
  facet normal 0 -1 0
    outer loop
      vertex 30.0947 15.6025 -0.25
      vertex 29.8154 15.6025 0.25
      vertex 29.8154 15.6025 -0.25
    endloop
  endfacet
  facet normal 0 -1 0
    outer loop
      vertex 30.0947 15.6025 -0.25
      vertex 30.0947 15.6025 0.25
      vertex 29.8154 15.6025 0.25
    endloop
  endfacet
  facet normal 0.28835 -0.957525 0
    outer loop
      vertex 30.5068 15.7266 -0.25
      vertex 30.0947 15.6025 0.25
      vertex 30.0947 15.6025 -0.25
    endloop
  endfacet
  facet normal 0.28835 -0.957525 0
    outer loop
      vertex 30.5068 15.7266 -0.25
      vertex 30.5068 15.7266 0.25
      vertex 30.0947 15.6025 0.25
    endloop
  endfacet
  facet normal 0.47134 -0.881952 0
    outer loop
      vertex 31.0732 16.0293 -0.25
      vertex 30.5068 15.7266 0.25
      vertex 30.5068 15.7266 -0.25
    endloop
  endfacet
  facet normal 0.47134 -0.881952 0
    outer loop
      vertex 31.0732 16.0293 -0.25
      vertex 31.0732 16.0293 0.25
      vertex 30.5068 15.7266 0.25
    endloop
  endfacet
  facet normal 0.660042 -0.751229 0
    outer loop
      vertex 31.5156 16.418 -0.25
      vertex 31.0732 16.0293 0.25
      vertex 31.0732 16.0293 -0.25
    endloop
  endfacet
  facet normal 0.660042 -0.751229 0
    outer loop
      vertex 31.5156 16.418 -0.25
      vertex 31.5156 16.418 0.25
      vertex 31.0732 16.0293 0.25
    endloop
  endfacet
  facet normal 0.843501 -0.537127 0
    outer loop
      vertex 31.6953 16.7002 -0.25
      vertex 31.5156 16.418 0.25
      vertex 31.5156 16.418 -0.25
    endloop
  endfacet
  facet normal 0.843501 -0.537127 0
    outer loop
      vertex 31.6953 16.7002 -0.25
      vertex 31.6953 16.7002 0.25
      vertex 31.5156 16.418 0.25
    endloop
  endfacet
  facet normal 1 0 0
    outer loop
      vertex 31.6953 16.8672 -0.25
      vertex 31.6953 16.7002 0.25
      vertex 31.6953 16.7002 -0.25
    endloop
  endfacet
  facet normal 1 0 -0
    outer loop
      vertex 31.6953 16.8672 -0.25
      vertex 31.6953 16.8672 0.25
      vertex 31.6953 16.7002 0.25
    endloop
  endfacet
  facet normal 0.879734 -0.475467 0
    outer loop
      vertex 31.8135 17.0859 -0.25
      vertex 31.6953 16.8672 0.25
      vertex 31.6953 16.8672 -0.25
    endloop
  endfacet
  facet normal 0.879734 -0.475467 0
    outer loop
      vertex 31.8135 17.0859 -0.25
      vertex 31.8135 17.0859 0.25
      vertex 31.6953 16.8672 0.25
    endloop
  endfacet
  facet normal 0.810142 -0.586234 0
    outer loop
      vertex 32.0439 17.4043 -0.25
      vertex 31.8135 17.0859 0.25
      vertex 31.8135 17.0859 -0.25
    endloop
  endfacet
  facet normal 0.810142 -0.586234 0
    outer loop
      vertex 32.0439 17.4043 -0.25
      vertex 32.0439 17.4043 0.25
      vertex 31.8135 17.0859 0.25
    endloop
  endfacet
  facet normal 0.741768 -0.670656 0
    outer loop
      vertex 32.0986 17.4648 -0.25
      vertex 32.0439 17.4043 0.25
      vertex 32.0439 17.4043 -0.25
    endloop
  endfacet
  facet normal 0.741768 -0.670656 0
    outer loop
      vertex 32.0986 17.4648 -0.25
      vertex 32.0986 17.4648 0.25
      vertex 32.0439 17.4043 0.25
    endloop
  endfacet
  facet normal 0.742513 -0.669831 0
    outer loop
      vertex 32.1797 17.5547 -0.25
      vertex 32.0986 17.4648 0.25
      vertex 32.0986 17.4648 -0.25
    endloop
  endfacet
  facet normal 0.742513 -0.669831 0
    outer loop
      vertex 32.1797 17.5547 -0.25
      vertex 32.1797 17.5547 0.25
      vertex 32.0986 17.4648 0.25
    endloop
  endfacet
  facet normal 0.832331 -0.554279 0
    outer loop
      vertex 32.4229 17.9199 -0.25
      vertex 32.1797 17.5547 0.25
      vertex 32.1797 17.5547 -0.25
    endloop
  endfacet
  facet normal 0.832331 -0.554279 0
    outer loop
      vertex 32.4229 17.9199 -0.25
      vertex 32.4229 17.9199 0.25
      vertex 32.1797 17.5547 0.25
    endloop
  endfacet
  facet normal 0.974876 -0.22275 0
    outer loop
      vertex 32.5039 18.2744 -0.25
      vertex 32.4229 17.9199 0.25
      vertex 32.4229 17.9199 -0.25
    endloop
  endfacet
  facet normal 0.974876 -0.22275 0
    outer loop
      vertex 32.5039 18.2744 -0.25
      vertex 32.5039 18.2744 0.25
      vertex 32.4229 17.9199 0.25
    endloop
  endfacet
  facet normal 1 0 0
    outer loop
      vertex 32.5039 18.5811 -0.25
      vertex 32.5039 18.2744 0.25
      vertex 32.5039 18.2744 -0.25
    endloop
  endfacet
  facet normal 1 0 -0
    outer loop
      vertex 32.5039 18.5811 -0.25
      vertex 32.5039 18.5811 0.25
      vertex 32.5039 18.2744 0.25
    endloop
  endfacet
  facet normal 0.960342 0.278825 0
    outer loop
      vertex 32.3389 19.1494 -0.25
      vertex 32.5039 18.5811 0.25
      vertex 32.5039 18.5811 -0.25
    endloop
  endfacet
  facet normal 0.960342 0.278825 -0
    outer loop
      vertex 32.3389 19.1494 -0.25
      vertex 32.3389 19.1494 0.25
      vertex 32.5039 18.5811 0.25
    endloop
  endfacet
  facet normal 0.814189 0.5806 0
    outer loop
      vertex 31.9775 19.6562 -0.25
      vertex 32.3389 19.1494 0.25
      vertex 32.3389 19.1494 -0.25
    endloop
  endfacet
  facet normal 0.814189 0.5806 -0
    outer loop
      vertex 31.9775 19.6562 -0.25
      vertex 31.9775 19.6562 0.25
      vertex 32.3389 19.1494 0.25
    endloop
  endfacet
  facet normal 0.620374 0.784306 0
    outer loop
      vertex 31.8799 19.7334 -0.25
      vertex 31.9775 19.6562 0.25
      vertex 31.9775 19.6562 -0.25
    endloop
  endfacet
  facet normal 0.620374 0.784306 -0
    outer loop
      vertex 31.8799 19.7334 -0.25
      vertex 31.8799 19.7334 0.25
      vertex 31.9775 19.6562 0.25
    endloop
  endfacet
  facet normal 0.621359 0.783526 0
    outer loop
      vertex 31.6016 19.9541 -0.25
      vertex 31.8799 19.7334 0.25
      vertex 31.8799 19.7334 -0.25
    endloop
  endfacet
  facet normal 0.621359 0.783526 -0
    outer loop
      vertex 31.6016 19.9541 -0.25
      vertex 31.6016 19.9541 0.25
      vertex 31.8799 19.7334 0.25
    endloop
  endfacet
  facet normal 0.644464 -0.764635 0
    outer loop
      vertex 34.5527 22.4414 -0.25
      vertex 31.6016 19.9541 0.25
      vertex 31.6016 19.9541 -0.25
    endloop
  endfacet
  facet normal 0.644464 -0.764635 0
    outer loop
      vertex 34.5527 22.4414 -0.25
      vertex 34.5527 22.4414 0.25
      vertex 31.6016 19.9541 0.25
    endloop
  endfacet
  facet normal 0.641372 -0.76723 0
    outer loop
      vertex 34.8447 22.6855 -0.25
      vertex 34.5527 22.4414 0.25
      vertex 34.5527 22.4414 -0.25
    endloop
  endfacet
  facet normal 0.641372 -0.76723 0
    outer loop
      vertex 34.8447 22.6855 -0.25
      vertex 34.8447 22.6855 0.25
      vertex 34.5527 22.4414 0.25
    endloop
  endfacet
  facet normal 0.638764 -0.769403 0
    outer loop
      vertex 35.7246 23.416 -0.25
      vertex 34.8447 22.6855 0.25
      vertex 34.8447 22.6855 -0.25
    endloop
  endfacet
  facet normal 0.638764 -0.769403 0
    outer loop
      vertex 35.7246 23.416 -0.25
      vertex 35.7246 23.416 0.25
      vertex 34.8447 22.6855 0.25
    endloop
  endfacet
  facet normal 0.639134 -0.769096 0
    outer loop
      vertex 36.7188 24.2422 -0.25
      vertex 35.7246 23.416 0.25
      vertex 35.7246 23.416 -0.25
    endloop
  endfacet
  facet normal 0.639134 -0.769096 0
    outer loop
      vertex 36.7188 24.2422 -0.25
      vertex 36.7188 24.2422 0.25
      vertex 35.7246 23.416 0.25
    endloop
  endfacet
  facet normal 0.63889 -0.769298 0
    outer loop
      vertex 37.4326 24.835 -0.25
      vertex 36.7188 24.2422 0.25
      vertex 36.7188 24.2422 -0.25
    endloop
  endfacet
  facet normal 0.63889 -0.769298 0
    outer loop
      vertex 37.4326 24.835 -0.25
      vertex 37.4326 24.835 0.25
      vertex 36.7188 24.2422 0.25
    endloop
  endfacet
  facet normal 0.638793 -0.769378 0
    outer loop
      vertex 37.7266 25.0791 -0.25
      vertex 37.4326 24.835 0.25
      vertex 37.4326 24.835 -0.25
    endloop
  endfacet
  facet normal 0.638793 -0.769378 0
    outer loop
      vertex 37.7266 25.0791 -0.25
      vertex 37.7266 25.0791 0.25
      vertex 37.4326 24.835 0.25
    endloop
  endfacet
  facet normal 0.592205 -0.805787 0
    outer loop
      vertex 37.7598 25.1035 -0.25
      vertex 37.7266 25.0791 0.25
      vertex 37.7266 25.0791 -0.25
    endloop
  endfacet
  facet normal 0.592205 -0.805787 0
    outer loop
      vertex 37.7598 25.1035 -0.25
      vertex 37.7598 25.1035 0.25
      vertex 37.7266 25.0791 0.25
    endloop
  endfacet
  facet normal 0.636521 -0.771259 0
    outer loop
      vertex 37.793 25.1309 -0.25
      vertex 37.7598 25.1035 0.25
      vertex 37.7598 25.1035 -0.25
    endloop
  endfacet
  facet normal 0.636521 -0.771259 0
    outer loop
      vertex 37.793 25.1309 -0.25
      vertex 37.793 25.1309 0.25
      vertex 37.7598 25.1035 0.25
    endloop
  endfacet
  facet normal 0.449934 -0.893062 0
    outer loop
      vertex 37.9111 25.1904 -0.25
      vertex 37.793 25.1309 0.25
      vertex 37.793 25.1309 -0.25
    endloop
  endfacet
  facet normal 0.449934 -0.893062 0
    outer loop
      vertex 37.9111 25.1904 -0.25
      vertex 37.9111 25.1904 0.25
      vertex 37.793 25.1309 0.25
    endloop
  endfacet
  facet normal -0.604258 -0.796789 0
    outer loop
      vertex 38.0605 25.0771 -0.25
      vertex 37.9111 25.1904 0.25
      vertex 37.9111 25.1904 -0.25
    endloop
  endfacet
  facet normal -0.604258 -0.796789 0
    outer loop
      vertex 38.0605 25.0771 -0.25
      vertex 38.0605 25.0771 0.25
      vertex 37.9111 25.1904 0.25
    endloop
  endfacet
  facet normal -0.883788 -0.467888 0
    outer loop
      vertex 38.29 24.6436 -0.25
      vertex 38.0605 25.0771 0.25
      vertex 38.0605 25.0771 -0.25
    endloop
  endfacet
  facet normal -0.883788 -0.467888 0
    outer loop
      vertex 38.29 24.6436 -0.25
      vertex 38.29 24.6436 0.25
      vertex 38.0605 25.0771 0.25
    endloop
  endfacet
  facet normal -0.91018 -0.414213 0
    outer loop
      vertex 38.5869 23.9912 -0.25
      vertex 38.29 24.6436 0.25
      vertex 38.29 24.6436 -0.25
    endloop
  endfacet
  facet normal -0.91018 -0.414213 0
    outer loop
      vertex 38.5869 23.9912 -0.25
      vertex 38.5869 23.9912 0.25
      vertex 38.29 24.6436 0.25
    endloop
  endfacet
  facet normal -0.913035 -0.407881 0
    outer loop
      vertex 38.6846 23.7725 -0.25
      vertex 38.5869 23.9912 0.25
      vertex 38.5869 23.9912 -0.25
    endloop
  endfacet
  facet normal -0.913035 -0.407881 0
    outer loop
      vertex 38.6846 23.7725 -0.25
      vertex 38.6846 23.7725 0.25
      vertex 38.5869 23.9912 0.25
    endloop
  endfacet
  facet normal -0.911996 -0.410198 0
    outer loop
      vertex 38.8691 23.3623 -0.25
      vertex 38.6846 23.7725 0.25
      vertex 38.6846 23.7725 -0.25
    endloop
  endfacet
  facet normal -0.911996 -0.410198 0
    outer loop
      vertex 38.8691 23.3623 -0.25
      vertex 38.8691 23.3623 0.25
      vertex 38.6846 23.7725 0.25
    endloop
  endfacet
  facet normal -0.902505 -0.430679 0
    outer loop
      vertex 39.4521 22.1406 -0.25
      vertex 38.8691 23.3623 0.25
      vertex 38.8691 23.3623 -0.25
    endloop
  endfacet
  facet normal -0.902505 -0.430679 0
    outer loop
      vertex 39.4521 22.1406 -0.25
      vertex 39.4521 22.1406 0.25
      vertex 38.8691 23.3623 0.25
    endloop
  endfacet
  facet normal -0.894728 -0.446612 0
    outer loop
      vertex 40.5518 19.9375 -0.25
      vertex 39.4521 22.1406 0.25
      vertex 39.4521 22.1406 -0.25
    endloop
  endfacet
  facet normal -0.894728 -0.446612 0
    outer loop
      vertex 40.5518 19.9375 -0.25
      vertex 40.5518 19.9375 0.25
      vertex 39.4521 22.1406 0.25
    endloop
  endfacet
  facet normal -0.889134 -0.457647 0
    outer loop
      vertex 42.0703 16.9873 -0.25
      vertex 40.5518 19.9375 0.25
      vertex 40.5518 19.9375 -0.25
    endloop
  endfacet
  facet normal -0.889134 -0.457647 0
    outer loop
      vertex 42.0703 16.9873 -0.25
      vertex 42.0703 16.9873 0.25
      vertex 40.5518 19.9375 0.25
    endloop
  endfacet
  facet normal -0.886056 -0.463577 0
    outer loop
      vertex 43.5908 14.0811 -0.25
      vertex 42.0703 16.9873 0.25
      vertex 42.0703 16.9873 -0.25
    endloop
  endfacet
  facet normal -0.886056 -0.463577 0
    outer loop
      vertex 43.5908 14.0811 -0.25
      vertex 43.5908 14.0811 0.25
      vertex 42.0703 16.9873 0.25
    endloop
  endfacet
  facet normal -0.884378 -0.466771 0
    outer loop
      vertex 44.1016 13.1133 -0.25
      vertex 43.5908 14.0811 0.25
      vertex 43.5908 14.0811 -0.25
    endloop
  endfacet
  facet normal -0.884378 -0.466771 0
    outer loop
      vertex 44.1016 13.1133 -0.25
      vertex 44.1016 13.1133 0.25
      vertex 43.5908 14.0811 0.25
    endloop
  endfacet
  facet normal -0.885161 -0.465284 0
    outer loop
      vertex 44.3506 12.6396 -0.25
      vertex 44.1016 13.1133 0.25
      vertex 44.1016 13.1133 -0.25
    endloop
  endfacet
  facet normal -0.885161 -0.465284 0
    outer loop
      vertex 44.3506 12.6396 -0.25
      vertex 44.3506 12.6396 0.25
      vertex 44.1016 13.1133 0.25
    endloop
  endfacet
  facet normal -0.885147 -0.465312 0
    outer loop
      vertex 45.1006 11.2129 -0.25
      vertex 44.3506 12.6396 0.25
      vertex 44.3506 12.6396 -0.25
    endloop
  endfacet
  facet normal -0.885147 -0.465312 0
    outer loop
      vertex 45.1006 11.2129 -0.25
      vertex 45.1006 11.2129 0.25
      vertex 44.3506 12.6396 0.25
    endloop
  endfacet
  facet normal -0.886126 -0.463444 0
    outer loop
      vertex 46.0654 9.36816 -0.25
      vertex 45.1006 11.2129 0.25
      vertex 45.1006 11.2129 -0.25
    endloop
  endfacet
  facet normal -0.886126 -0.463444 0
    outer loop
      vertex 46.0654 9.36816 -0.25
      vertex 46.0654 9.36816 0.25
      vertex 45.1006 11.2129 0.25
    endloop
  endfacet
  facet normal -0.886831 -0.462095 0
    outer loop
      vertex 46.8877 7.79004 -0.25
      vertex 46.0654 9.36816 0.25
      vertex 46.0654 9.36816 -0.25
    endloop
  endfacet
  facet normal -0.886831 -0.462095 0
    outer loop
      vertex 46.8877 7.79004 -0.25
      vertex 46.8877 7.79004 0.25
      vertex 46.0654 9.36816 0.25
    endloop
  endfacet
  facet normal -0.887476 -0.460853 0
    outer loop
      vertex 47.3223 6.95312 -0.25
      vertex 46.8877 7.79004 0.25
      vertex 46.8877 7.79004 -0.25
    endloop
  endfacet
  facet normal -0.887476 -0.460853 0
    outer loop
      vertex 47.3223 6.95312 -0.25
      vertex 47.3223 6.95312 0.25
      vertex 46.8877 7.79004 0.25
    endloop
  endfacet
  facet normal -0.889153 -0.45761 0
    outer loop
      vertex 47.458 6.68945 -0.25
      vertex 47.3223 6.95312 0.25
      vertex 47.3223 6.95312 -0.25
    endloop
  endfacet
  facet normal -0.889153 -0.45761 0
    outer loop
      vertex 47.458 6.68945 -0.25
      vertex 47.458 6.68945 0.25
      vertex 47.3223 6.95312 0.25
    endloop
  endfacet
  facet normal -0.88899 -0.457926 0
    outer loop
      vertex 47.5908 6.43164 -0.25
      vertex 47.458 6.68945 0.25
      vertex 47.458 6.68945 -0.25
    endloop
  endfacet
  facet normal -0.88899 -0.457926 0
    outer loop
      vertex 47.5908 6.43164 -0.25
      vertex 47.5908 6.43164 0.25
      vertex 47.458 6.68945 0.25
    endloop
  endfacet
  facet normal -0.883196 -0.469004 0
    outer loop
      vertex 48.001 5.65918 -0.25
      vertex 47.5908 6.43164 0.25
      vertex 47.5908 6.43164 -0.25
    endloop
  endfacet
  facet normal -0.883196 -0.469004 0
    outer loop
      vertex 48.001 5.65918 -0.25
      vertex 48.001 5.65918 0.25
      vertex 47.5908 6.43164 0.25
    endloop
  endfacet
  facet normal -0.874225 -0.485521 0
    outer loop
      vertex 48.5439 4.68164 -0.25
      vertex 48.001 5.65918 0.25
      vertex 48.001 5.65918 -0.25
    endloop
  endfacet
  facet normal -0.874225 -0.485521 0
    outer loop
      vertex 48.5439 4.68164 -0.25
      vertex 48.5439 4.68164 0.25
      vertex 48.001 5.65918 0.25
    endloop
  endfacet
  facet normal -0.863945 -0.503586 0
    outer loop
      vertex 49.0693 3.78027 -0.25
      vertex 48.5439 4.68164 0.25
      vertex 48.5439 4.68164 -0.25
    endloop
  endfacet
  facet normal -0.863945 -0.503586 0
    outer loop
      vertex 49.0693 3.78027 -0.25
      vertex 49.0693 3.78027 0.25
      vertex 48.5439 4.68164 0.25
    endloop
  endfacet
  facet normal -0.851984 -0.523567 0
    outer loop
      vertex 49.5596 2.98242 -0.25
      vertex 49.0693 3.78027 0.25
      vertex 49.0693 3.78027 -0.25
    endloop
  endfacet
  facet normal -0.851984 -0.523567 0
    outer loop
      vertex 49.5596 2.98242 -0.25
      vertex 49.5596 2.98242 0.25
      vertex 49.0693 3.78027 0.25
    endloop
  endfacet
  facet normal -0.835652 -0.549259 0
    outer loop
      vertex 49.998 2.31543 -0.25
      vertex 49.5596 2.98242 0.25
      vertex 49.5596 2.98242 -0.25
    endloop
  endfacet
  facet normal -0.835652 -0.549259 0
    outer loop
      vertex 49.998 2.31543 -0.25
      vertex 49.998 2.31543 0.25
      vertex 49.5596 2.98242 0.25
    endloop
  endfacet
  facet normal -0.809145 -0.587609 0
    outer loop
      vertex 50.3682 1.80566 -0.25
      vertex 49.998 2.31543 0.25
      vertex 49.998 2.31543 -0.25
    endloop
  endfacet
  facet normal -0.809145 -0.587609 0
    outer loop
      vertex 50.3682 1.80566 -0.25
      vertex 50.3682 1.80566 0.25
      vertex 49.998 2.31543 0.25
    endloop
  endfacet
  facet normal -0.75079 -0.66054 0
    outer loop
      vertex 50.6543 1.48047 -0.25
      vertex 50.3682 1.80566 0.25
      vertex 50.3682 1.80566 -0.25
    endloop
  endfacet
  facet normal -0.75079 -0.66054 0
    outer loop
      vertex 50.6543 1.48047 -0.25
      vertex 50.6543 1.48047 0.25
      vertex 50.3682 1.80566 0.25
    endloop
  endfacet
  facet normal -0.647306 -0.76223 0
    outer loop
      vertex 50.79 1.36523 -0.25
      vertex 50.6543 1.48047 0.25
      vertex 50.6543 1.48047 -0.25
    endloop
  endfacet
  facet normal -0.647306 -0.76223 0
    outer loop
      vertex 50.79 1.36523 -0.25
      vertex 50.79 1.36523 0.25
      vertex 50.6543 1.48047 0.25
    endloop
  endfacet
  facet normal 0 -1 0
    outer loop
      vertex 50.9443 1.36523 -0.25
      vertex 50.79 1.36523 0.25
      vertex 50.79 1.36523 -0.25
    endloop
  endfacet
  facet normal 0 -1 0
    outer loop
      vertex 50.9443 1.36523 -0.25
      vertex 50.9443 1.36523 0.25
      vertex 50.79 1.36523 0.25
    endloop
  endfacet
  facet normal 0.575858 -0.81755 0
    outer loop
      vertex 51.2715 1.5957 -0.25
      vertex 50.9443 1.36523 0.25
      vertex 50.9443 1.36523 -0.25
    endloop
  endfacet
  facet normal 0.575858 -0.81755 0
    outer loop
      vertex 51.2715 1.5957 -0.25
      vertex 51.2715 1.5957 0.25
      vertex 50.9443 1.36523 0.25
    endloop
  endfacet
  facet normal 0.624579 -0.780961 0
    outer loop
      vertex 52.0127 2.18848 -0.25
      vertex 51.2715 1.5957 0.25
      vertex 51.2715 1.5957 -0.25
    endloop
  endfacet
  facet normal 0.624579 -0.780961 0
    outer loop
      vertex 52.0127 2.18848 -0.25
      vertex 52.0127 2.18848 0.25
      vertex 51.2715 1.5957 0.25
    endloop
  endfacet
  facet normal 0.677057 -0.73593 0
    outer loop
      vertex 52.8916 2.99707 -0.25
      vertex 52.0127 2.18848 0.25
      vertex 52.0127 2.18848 -0.25
    endloop
  endfacet
  facet normal 0.677057 -0.73593 0
    outer loop
      vertex 52.8916 2.99707 -0.25
      vertex 52.8916 2.99707 0.25
      vertex 52.0127 2.18848 0.25
    endloop
  endfacet
  facet normal 0.710807 -0.703387 0
    outer loop
      vertex 53.5381 3.65039 -0.25
      vertex 52.8916 2.99707 0.25
      vertex 52.8916 2.99707 -0.25
    endloop
  endfacet
  facet normal 0.710807 -0.703387 0
    outer loop
      vertex 53.5381 3.65039 -0.25
      vertex 53.5381 3.65039 0.25
      vertex 52.8916 2.99707 0.25
    endloop
  endfacet
  facet normal 0.73991 -0.672705 0
    outer loop
      vertex 53.7432 3.87598 -0.25
      vertex 53.5381 3.65039 0.25
      vertex 53.5381 3.65039 -0.25
    endloop
  endfacet
  facet normal 0.73991 -0.672705 0
    outer loop
      vertex 53.7432 3.87598 -0.25
      vertex 53.7432 3.87598 0.25
      vertex 53.5381 3.65039 0.25
    endloop
  endfacet
  facet normal 0.74848 -0.663157 0
    outer loop
      vertex 54.0244 4.19336 -0.25
      vertex 53.7432 3.87598 0.25
      vertex 53.7432 3.87598 -0.25
    endloop
  endfacet
  facet normal 0.74848 -0.663157 0
    outer loop
      vertex 54.0244 4.19336 -0.25
      vertex 54.0244 4.19336 0.25
      vertex 53.7432 3.87598 0.25
    endloop
  endfacet
  facet normal 0.76581 -0.643067 0
    outer loop
      vertex 54.8428 5.16797 -0.25
      vertex 54.0244 4.19336 0.25
      vertex 54.0244 4.19336 -0.25
    endloop
  endfacet
  facet normal 0.76581 -0.643067 0
    outer loop
      vertex 54.8428 5.16797 -0.25
      vertex 54.8428 5.16797 0.25
      vertex 54.0244 4.19336 0.25
    endloop
  endfacet
  facet normal 0.79268 -0.609637 0
    outer loop
      vertex 55.7666 6.36914 -0.25
      vertex 54.8428 5.16797 0.25
      vertex 54.8428 5.16797 -0.25
    endloop
  endfacet
  facet normal 0.79268 -0.609637 0
    outer loop
      vertex 55.7666 6.36914 -0.25
      vertex 55.7666 6.36914 0.25
      vertex 54.8428 5.16797 0.25
    endloop
  endfacet
  facet normal 0.831576 -0.555412 0
    outer loop
      vertex 56.4619 7.41016 -0.25
      vertex 55.7666 6.36914 0.25
      vertex 55.7666 6.36914 -0.25
    endloop
  endfacet
  facet normal 0.831576 -0.555412 0
    outer loop
      vertex 56.4619 7.41016 -0.25
      vertex 56.4619 7.41016 0.25
      vertex 55.7666 6.36914 0.25
    endloop
  endfacet
  facet normal 0.872309 -0.488954 0
    outer loop
      vertex 56.7969 8.00781 -0.25
      vertex 56.4619 7.41016 0.25
      vertex 56.4619 7.41016 -0.25
    endloop
  endfacet
  facet normal 0.872309 -0.488954 0
    outer loop
      vertex 56.7969 8.00781 -0.25
      vertex 56.7969 8.00781 0.25
      vertex 56.4619 7.41016 0.25
    endloop
  endfacet
  facet normal 0.929388 -0.369105 0
    outer loop
      vertex 56.8799 8.2168 -0.25
      vertex 56.7969 8.00781 0.25
      vertex 56.7969 8.00781 -0.25
    endloop
  endfacet
  facet normal 0.929388 -0.369105 0
    outer loop
      vertex 56.8799 8.2168 -0.25
      vertex 56.8799 8.2168 0.25
      vertex 56.7969 8.00781 0.25
    endloop
  endfacet
  facet normal 0.935015 -0.354609 0
    outer loop
      vertex 56.9199 8.32227 -0.25
      vertex 56.8799 8.2168 0.25
      vertex 56.8799 8.2168 -0.25
    endloop
  endfacet
  facet normal 0.935015 -0.354609 0
    outer loop
      vertex 56.9199 8.32227 -0.25
      vertex 56.9199 8.32227 0.25
      vertex 56.8799 8.2168 0.25
    endloop
  endfacet
  facet normal 0.911901 -0.410411 0
    outer loop
      vertex 57.1357 8.80176 -0.25
      vertex 56.9199 8.32227 0.25
      vertex 56.9199 8.32227 -0.25
    endloop
  endfacet
  facet normal 0.911901 -0.410411 0
    outer loop
      vertex 57.1357 8.80176 -0.25
      vertex 57.1357 8.80176 0.25
      vertex 56.9199 8.32227 0.25
    endloop
  endfacet
  facet normal 0.861507 -0.507745 0
    outer loop
      vertex 57.3193 9.11328 -0.25
      vertex 57.1357 8.80176 0.25
      vertex 57.1357 8.80176 -0.25
    endloop
  endfacet
  facet normal 0.861507 -0.507745 0
    outer loop
      vertex 57.3193 9.11328 -0.25
      vertex 57.3193 9.11328 0.25
      vertex 57.1357 8.80176 0.25
    endloop
  endfacet
  facet normal 0.619796 -0.784763 0
    outer loop
      vertex 57.3428 9.13184 -0.25
      vertex 57.3193 9.11328 0.25
      vertex 57.3193 9.11328 -0.25
    endloop
  endfacet
  facet normal 0.619796 -0.784763 0
    outer loop
      vertex 57.3428 9.13184 -0.25
      vertex 57.3428 9.13184 0.25
      vertex 57.3193 9.11328 0.25
    endloop
  endfacet
  facet normal 0.649163 -0.760649 0
    outer loop
      vertex 57.4229 9.2002 -0.25
      vertex 57.3428 9.13184 0.25
      vertex 57.3428 9.13184 -0.25
    endloop
  endfacet
  facet normal 0.649163 -0.760649 0
    outer loop
      vertex 57.4229 9.2002 -0.25
      vertex 57.4229 9.2002 0.25
      vertex 57.3428 9.13184 0.25
    endloop
  endfacet
  facet normal 0.845184 -0.534476 0
    outer loop
      vertex 57.8311 9.8457 -0.25
      vertex 57.4229 9.2002 0.25
      vertex 57.4229 9.2002 -0.25
    endloop
  endfacet
  facet normal 0.845184 -0.534476 0
    outer loop
      vertex 57.8311 9.8457 -0.25
      vertex 57.8311 9.8457 0.25
      vertex 57.4229 9.2002 0.25
    endloop
  endfacet
  facet normal 0.942231 -0.334963 0
    outer loop
      vertex 58.1123 10.6367 -0.25
      vertex 57.8311 9.8457 0.25
      vertex 57.8311 9.8457 -0.25
    endloop
  endfacet
  facet normal 0.942231 -0.334963 0
    outer loop
      vertex 58.1123 10.6367 -0.25
      vertex 58.1123 10.6367 0.25
      vertex 57.8311 9.8457 0.25
    endloop
  endfacet
  facet normal 0.991931 -0.126783 0
    outer loop
      vertex 58.1299 10.7744 -0.25
      vertex 58.1123 10.6367 0.25
      vertex 58.1123 10.6367 -0.25
    endloop
  endfacet
  facet normal 0.991931 -0.126783 0
    outer loop
      vertex 58.1299 10.7744 -0.25
      vertex 58.1299 10.7744 0.25
      vertex 58.1123 10.6367 0.25
    endloop
  endfacet
  facet normal 0.995996 -0.0893989 0
    outer loop
      vertex 58.1377 10.8613 -0.25
      vertex 58.1299 10.7744 0.25
      vertex 58.1299 10.7744 -0.25
    endloop
  endfacet
  facet normal 0.995996 -0.0893989 0
    outer loop
      vertex 58.1377 10.8613 -0.25
      vertex 58.1377 10.8613 0.25
      vertex 58.1299 10.7744 0.25
    endloop
  endfacet
  facet normal 0.955612 -0.294629 0
    outer loop
      vertex 58.2979 11.3809 -0.25
      vertex 58.1377 10.8613 0.25
      vertex 58.1377 10.8613 -0.25
    endloop
  endfacet
  facet normal 0.955612 -0.294629 0
    outer loop
      vertex 58.2979 11.3809 -0.25
      vertex 58.2979 11.3809 0.25
      vertex 58.1377 10.8613 0.25
    endloop
  endfacet
  facet normal 0.900097 -0.43569 0
    outer loop
      vertex 58.5801 11.9639 -0.25
      vertex 58.2979 11.3809 0.25
      vertex 58.2979 11.3809 -0.25
    endloop
  endfacet
  facet normal 0.900097 -0.43569 0
    outer loop
      vertex 58.5801 11.9639 -0.25
      vertex 58.5801 11.9639 0.25
      vertex 58.2979 11.3809 0.25
    endloop
  endfacet
  facet normal 0.861171 -0.508315 0
    outer loop
      vertex 58.6504 12.083 -0.25
      vertex 58.5801 11.9639 0.25
      vertex 58.5801 11.9639 -0.25
    endloop
  endfacet
  facet normal 0.861171 -0.508315 0
    outer loop
      vertex 58.6504 12.083 -0.25
      vertex 58.6504 12.083 0.25
      vertex 58.5801 11.9639 0.25
    endloop
  endfacet
  facet normal 0.855843 -0.517235 0
    outer loop
      vertex 58.7891 12.3125 -0.25
      vertex 58.6504 12.083 0.25
      vertex 58.6504 12.083 -0.25
    endloop
  endfacet
  facet normal 0.855843 -0.517235 0
    outer loop
      vertex 58.7891 12.3125 -0.25
      vertex 58.7891 12.3125 0.25
      vertex 58.6504 12.083 0.25
    endloop
  endfacet
  facet normal 0.932085 -0.36224 0
    outer loop
      vertex 59.0859 13.0762 -0.25
      vertex 58.7891 12.3125 0.25
      vertex 58.7891 12.3125 -0.25
    endloop
  endfacet
  facet normal 0.932085 -0.36224 0
    outer loop
      vertex 59.0859 13.0762 -0.25
      vertex 59.0859 13.0762 0.25
      vertex 58.7891 12.3125 0.25
    endloop
  endfacet
  facet normal 0.985024 -0.172418 0
    outer loop
      vertex 59.2852 14.2148 -0.25
      vertex 59.0859 13.0762 0.25
      vertex 59.0859 13.0762 -0.25
    endloop
  endfacet
  facet normal 0.985024 -0.172418 0
    outer loop
      vertex 59.2852 14.2148 -0.25
      vertex 59.2852 14.2148 0.25
      vertex 59.0859 13.0762 0.25
    endloop
  endfacet
  facet normal 0.999563 0.0295655 0
    outer loop
      vertex 59.2471 15.5029 -0.25
      vertex 59.2852 14.2148 0.25
      vertex 59.2852 14.2148 -0.25
    endloop
  endfacet
  facet normal 0.999563 0.0295655 -0
    outer loop
      vertex 59.2471 15.5029 -0.25
      vertex 59.2471 15.5029 0.25
      vertex 59.2852 14.2148 0.25
    endloop
  endfacet
  facet normal 0.986313 0.164885 0
    outer loop
      vertex 59.0654 16.5898 -0.25
      vertex 59.2471 15.5029 0.25
      vertex 59.2471 15.5029 -0.25
    endloop
  endfacet
  facet normal 0.986313 0.164885 -0
    outer loop
      vertex 59.0654 16.5898 -0.25
      vertex 59.0654 16.5898 0.25
      vertex 59.2471 15.5029 0.25
    endloop
  endfacet
  facet normal 0.968728 0.248126 0
    outer loop
      vertex 58.9746 16.9443 -0.25
      vertex 59.0654 16.5898 0.25
      vertex 59.0654 16.5898 -0.25
    endloop
  endfacet
  facet normal 0.968728 0.248126 -0
    outer loop
      vertex 58.9746 16.9443 -0.25
      vertex 58.9746 16.9443 0.25
      vertex 59.0654 16.5898 0.25
    endloop
  endfacet
  facet normal 0.967511 0.252827 0
    outer loop
      vertex 58.9238 17.1387 -0.25
      vertex 58.9746 16.9443 0.25
      vertex 58.9746 16.9443 -0.25
    endloop
  endfacet
  facet normal 0.967511 0.252827 -0
    outer loop
      vertex 58.9238 17.1387 -0.25
      vertex 58.9238 17.1387 0.25
      vertex 58.9746 16.9443 0.25
    endloop
  endfacet
  facet normal 0.962183 0.272404 0
    outer loop
      vertex 58.7607 17.7148 -0.25
      vertex 58.9238 17.1387 0.25
      vertex 58.9238 17.1387 -0.25
    endloop
  endfacet
  facet normal 0.962183 0.272404 -0
    outer loop
      vertex 58.7607 17.7148 -0.25
      vertex 58.7607 17.7148 0.25
      vertex 58.9238 17.1387 0.25
    endloop
  endfacet
  facet normal 0.951847 0.306574 0
    outer loop
      vertex 58.5059 18.5059 -0.25
      vertex 58.7607 17.7148 0.25
      vertex 58.7607 17.7148 -0.25
    endloop
  endfacet
  facet normal 0.951847 0.306574 -0
    outer loop
      vertex 58.5059 18.5059 -0.25
      vertex 58.5059 18.5059 0.25
      vertex 58.7607 17.7148 0.25
    endloop
  endfacet
  facet normal 0.940449 0.339936 0
    outer loop
      vertex 58.1328 19.5381 -0.25
      vertex 58.5059 18.5059 0.25
      vertex 58.5059 18.5059 -0.25
    endloop
  endfacet
  facet normal 0.940449 0.339936 -0
    outer loop
      vertex 58.1328 19.5381 -0.25
      vertex 58.1328 19.5381 0.25
      vertex 58.5059 18.5059 0.25
    endloop
  endfacet
  facet normal 0.934211 0.35672 0
    outer loop
      vertex 57.7051 20.6582 -0.25
      vertex 58.1328 19.5381 0.25
      vertex 58.1328 19.5381 -0.25
    endloop
  endfacet
  facet normal 0.934211 0.35672 -0
    outer loop
      vertex 57.7051 20.6582 -0.25
      vertex 57.7051 20.6582 0.25
      vertex 58.1328 19.5381 0.25
    endloop
  endfacet
  facet normal 0.932938 0.360037 0
    outer loop
      vertex 57.5615 21.0303 -0.25
      vertex 57.7051 20.6582 0.25
      vertex 57.7051 20.6582 -0.25
    endloop
  endfacet
  facet normal 0.932938 0.360037 -0
    outer loop
      vertex 57.5615 21.0303 -0.25
      vertex 57.5615 21.0303 0.25
      vertex 57.7051 20.6582 0.25
    endloop
  endfacet
  facet normal 0.934826 0.355106 0
    outer loop
      vertex 57.4287 21.3799 -0.25
      vertex 57.5615 21.0303 0.25
      vertex 57.5615 21.0303 -0.25
    endloop
  endfacet
  facet normal 0.934826 0.355106 -0
    outer loop
      vertex 57.4287 21.3799 -0.25
      vertex 57.4287 21.3799 0.25
      vertex 57.5615 21.0303 0.25
    endloop
  endfacet
  facet normal 0.96059 0.277969 0
    outer loop
      vertex 56.8672 23.3203 -0.25
      vertex 57.4287 21.3799 0.25
      vertex 57.4287 21.3799 -0.25
    endloop
  endfacet
  facet normal 0.96059 0.277969 -0
    outer loop
      vertex 56.8672 23.3203 -0.25
      vertex 56.8672 23.3203 0.25
      vertex 57.4287 21.3799 0.25
    endloop
  endfacet
  facet normal 0.982132 0.188195 0
    outer loop
      vertex 56.4209 25.6494 -0.25
      vertex 56.8672 23.3203 0.25
      vertex 56.8672 23.3203 -0.25
    endloop
  endfacet
  facet normal 0.982132 0.188195 -0
    outer loop
      vertex 56.4209 25.6494 -0.25
      vertex 56.4209 25.6494 0.25
      vertex 56.8672 23.3203 0.25
    endloop
  endfacet
  facet normal 0.990792 0.13539 0
    outer loop
      vertex 56.3467 26.1924 -0.25
      vertex 56.4209 25.6494 0.25
      vertex 56.4209 25.6494 -0.25
    endloop
  endfacet
  facet normal 0.990792 0.13539 -0
    outer loop
      vertex 56.3467 26.1924 -0.25
      vertex 56.3467 26.1924 0.25
      vertex 56.4209 25.6494 0.25
    endloop
  endfacet
  facet normal 0.989988 0.141152 0
    outer loop
      vertex 56.3027 26.501 -0.25
      vertex 56.3467 26.1924 0.25
      vertex 56.3467 26.1924 -0.25
    endloop
  endfacet
  facet normal 0.989988 0.141152 -0
    outer loop
      vertex 56.3027 26.501 -0.25
      vertex 56.3027 26.501 0.25
      vertex 56.3467 26.1924 0.25
    endloop
  endfacet
  facet normal 0.986977 0.16086 0
    outer loop
      vertex 56.1523 27.4238 -0.25
      vertex 56.3027 26.501 0.25
      vertex 56.3027 26.501 -0.25
    endloop
  endfacet
  facet normal 0.986977 0.16086 -0
    outer loop
      vertex 56.1523 27.4238 -0.25
      vertex 56.1523 27.4238 0.25
      vertex 56.3027 26.501 0.25
    endloop
  endfacet
  facet normal 0.974576 0.224055 0
    outer loop
      vertex 55.959 28.2646 -0.25
      vertex 56.1523 27.4238 0.25
      vertex 56.1523 27.4238 -0.25
    endloop
  endfacet
  facet normal 0.974576 0.224055 -0
    outer loop
      vertex 55.959 28.2646 -0.25
      vertex 55.959 28.2646 0.25
      vertex 56.1523 27.4238 0.25
    endloop
  endfacet
  facet normal 0.92762 0.373525 0
    outer loop
      vertex 55.7207 28.8564 -0.25
      vertex 55.959 28.2646 0.25
      vertex 55.959 28.2646 -0.25
    endloop
  endfacet
  facet normal 0.92762 0.373525 -0
    outer loop
      vertex 55.7207 28.8564 -0.25
      vertex 55.7207 28.8564 0.25
      vertex 55.959 28.2646 0.25
    endloop
  endfacet
  facet normal 0.846943 0.531684 0
    outer loop
      vertex 55.4883 29.2266 -0.25
      vertex 55.7207 28.8564 0.25
      vertex 55.7207 28.8564 -0.25
    endloop
  endfacet
  facet normal 0.846943 0.531684 -0
    outer loop
      vertex 55.4883 29.2266 -0.25
      vertex 55.4883 29.2266 0.25
      vertex 55.7207 28.8564 0.25
    endloop
  endfacet
  facet normal 0.783091 0.621907 0
    outer loop
      vertex 55.3984 29.3398 -0.25
      vertex 55.4883 29.2266 0.25
      vertex 55.4883 29.2266 -0.25
    endloop
  endfacet
  facet normal 0.783091 0.621907 -0
    outer loop
      vertex 55.3984 29.3398 -0.25
      vertex 55.3984 29.3398 0.25
      vertex 55.4883 29.2266 0.25
    endloop
  endfacet
  facet normal 0.772592 0.634903 0
    outer loop
      vertex 55.3486 29.4004 -0.25
      vertex 55.3984 29.3398 0.25
      vertex 55.3984 29.3398 -0.25
    endloop
  endfacet
  facet normal 0.772592 0.634903 -0
    outer loop
      vertex 55.3486 29.4004 -0.25
      vertex 55.3486 29.4004 0.25
      vertex 55.3984 29.3398 0.25
    endloop
  endfacet
  facet normal 0.848649 0.528957 0
    outer loop
      vertex 55.1934 29.6494 -0.25
      vertex 55.3486 29.4004 0.25
      vertex 55.3486 29.4004 -0.25
    endloop
  endfacet
  facet normal 0.848649 0.528957 -0
    outer loop
      vertex 55.1934 29.6494 -0.25
      vertex 55.1934 29.6494 0.25
      vertex 55.3486 29.4004 0.25
    endloop
  endfacet
  facet normal 0.870148 0.492791 0
    outer loop
      vertex 54.9014 30.165 -0.25
      vertex 55.1934 29.6494 0.25
      vertex 55.1934 29.6494 -0.25
    endloop
  endfacet
  facet normal 0.870148 0.492791 -0
    outer loop
      vertex 54.9014 30.165 -0.25
      vertex 54.9014 30.165 0.25
      vertex 55.1934 29.6494 0.25
    endloop
  endfacet
  facet normal 0.884085 0.467326 0
    outer loop
      vertex 54.5576 30.8154 -0.25
      vertex 54.9014 30.165 0.25
      vertex 54.9014 30.165 -0.25
    endloop
  endfacet
  facet normal 0.884085 0.467326 -0
    outer loop
      vertex 54.5576 30.8154 -0.25
      vertex 54.5576 30.8154 0.25
      vertex 54.9014 30.165 0.25
    endloop
  endfacet
  facet normal 0.895095 0.445875 0
    outer loop
      vertex 54.291 31.3506 -0.25
      vertex 54.5576 30.8154 0.25
      vertex 54.5576 30.8154 -0.25
    endloop
  endfacet
  facet normal 0.895095 0.445875 -0
    outer loop
      vertex 54.291 31.3506 -0.25
      vertex 54.291 31.3506 0.25
      vertex 54.5576 30.8154 0.25
    endloop
  endfacet
  facet normal 0.900326 0.435217 0
    outer loop
      vertex 54.2051 31.5283 -0.25
      vertex 54.291 31.3506 0.25
      vertex 54.291 31.3506 -0.25
    endloop
  endfacet
  facet normal 0.900326 0.435217 -0
    outer loop
      vertex 54.2051 31.5283 -0.25
      vertex 54.2051 31.5283 0.25
      vertex 54.291 31.3506 0.25
    endloop
  endfacet
  facet normal 0.902604 0.430473 0
    outer loop
      vertex 54.1152 31.7168 -0.25
      vertex 54.2051 31.5283 0.25
      vertex 54.2051 31.5283 -0.25
    endloop
  endfacet
  facet normal 0.902604 0.430473 -0
    outer loop
      vertex 54.1152 31.7168 -0.25
      vertex 54.1152 31.7168 0.25
      vertex 54.2051 31.5283 0.25
    endloop
  endfacet
  facet normal 0.894427 0.447214 0
    outer loop
      vertex 53.8359 32.2754 -0.25
      vertex 54.1152 31.7168 0.25
      vertex 54.1152 31.7168 -0.25
    endloop
  endfacet
  facet normal 0.894427 0.447214 -0
    outer loop
      vertex 53.8359 32.2754 -0.25
      vertex 53.8359 32.2754 0.25
      vertex 54.1152 31.7168 0.25
    endloop
  endfacet
  facet normal 0.883506 0.468419 0
    outer loop
      vertex 53.4512 33.001 -0.25
      vertex 53.8359 32.2754 0.25
      vertex 53.8359 32.2754 -0.25
    endloop
  endfacet
  facet normal 0.883506 0.468419 -0
    outer loop
      vertex 53.4512 33.001 -0.25
      vertex 53.4512 33.001 0.25
      vertex 53.8359 32.2754 0.25
    endloop
  endfacet
  facet normal 0.872482 0.488646 0
    outer loop
      vertex 53.1006 33.627 -0.25
      vertex 53.4512 33.001 0.25
      vertex 53.4512 33.001 -0.25
    endloop
  endfacet
  facet normal 0.872482 0.488646 -0
    outer loop
      vertex 53.1006 33.627 -0.25
      vertex 53.1006 33.627 0.25
      vertex 53.4512 33.001 0.25
    endloop
  endfacet
  facet normal 0.860267 0.509844 0
    outer loop
      vertex 52.9004 33.9648 -0.25
      vertex 53.1006 33.627 0.25
      vertex 53.1006 33.627 -0.25
    endloop
  endfacet
  facet normal 0.860267 0.509844 -0
    outer loop
      vertex 52.9004 33.9648 -0.25
      vertex 52.9004 33.9648 0.25
      vertex 53.1006 33.627 0.25
    endloop
  endfacet
  facet normal 0.831932 0.554877 0
    outer loop
      vertex 52.8281 34.0732 -0.25
      vertex 52.9004 33.9648 0.25
      vertex 52.9004 33.9648 -0.25
    endloop
  endfacet
  facet normal 0.831932 0.554877 -0
    outer loop
      vertex 52.8281 34.0732 -0.25
      vertex 52.8281 34.0732 0.25
      vertex 52.9004 33.9648 0.25
    endloop
  endfacet
  facet normal 0.828927 0.559357 0
    outer loop
      vertex 52.2969 34.8604 -0.25
      vertex 52.8281 34.0732 0.25
      vertex 52.8281 34.0732 -0.25
    endloop
  endfacet
  facet normal 0.828927 0.559357 -0
    outer loop
      vertex 52.2969 34.8604 -0.25
      vertex 52.2969 34.8604 0.25
      vertex 52.8281 34.0732 0.25
    endloop
  endfacet
  facet normal 0.280871 -0.959745 0
    outer loop
      vertex 52.7705 34.999 -0.25
      vertex 52.2969 34.8604 0.25
      vertex 52.2969 34.8604 -0.25
    endloop
  endfacet
  facet normal 0.280871 -0.959745 0
    outer loop
      vertex 52.7705 34.999 -0.25
      vertex 52.7705 34.999 0.25
      vertex 52.2969 34.8604 0.25
    endloop
  endfacet
  facet normal 0.320699 -0.947181 0
    outer loop
      vertex 52.834 35.0205 -0.25
      vertex 52.7705 34.999 0.25
      vertex 52.7705 34.999 -0.25
    endloop
  endfacet
  facet normal 0.320699 -0.947181 0
    outer loop
      vertex 52.834 35.0205 -0.25
      vertex 52.834 35.0205 0.25
      vertex 52.7705 34.999 0.25
    endloop
  endfacet
  facet normal 0.387097 -0.922039 0
    outer loop
      vertex 53.1689 35.1611 -0.25
      vertex 52.834 35.0205 0.25
      vertex 52.834 35.0205 -0.25
    endloop
  endfacet
  facet normal 0.387097 -0.922039 0
    outer loop
      vertex 53.1689 35.1611 -0.25
      vertex 53.1689 35.1611 0.25
      vertex 52.834 35.0205 0.25
    endloop
  endfacet
  facet normal 0.504352 -0.863498 0
    outer loop
      vertex 53.4365 35.3174 -0.25
      vertex 53.1689 35.1611 0.25
      vertex 53.1689 35.1611 -0.25
    endloop
  endfacet
  facet normal 0.504352 -0.863498 0
    outer loop
      vertex 53.4365 35.3174 -0.25
      vertex 53.4365 35.3174 0.25
      vertex 53.1689 35.1611 0.25
    endloop
  endfacet
  facet normal 0.719275 -0.694726 0
    outer loop
      vertex 53.4648 35.3467 -0.25
      vertex 53.4365 35.3174 0.25
      vertex 53.4365 35.3174 -0.25
    endloop
  endfacet
  facet normal 0.719275 -0.694726 0
    outer loop
      vertex 53.4648 35.3467 -0.25
      vertex 53.4648 35.3467 0.25
      vertex 53.4365 35.3174 0.25
    endloop
  endfacet
  facet normal 0.690017 -0.723794 0
    outer loop
      vertex 53.5098 35.3896 -0.25
      vertex 53.4648 35.3467 0.25
      vertex 53.4648 35.3467 -0.25
    endloop
  endfacet
  facet normal 0.690017 -0.723794 0
    outer loop
      vertex 53.5098 35.3896 -0.25
      vertex 53.5098 35.3896 0.25
      vertex 53.4648 35.3467 0.25
    endloop
  endfacet
  facet normal 0.527311 -0.849673 0
    outer loop
      vertex 53.6719 35.4902 -0.25
      vertex 53.5098 35.3896 0.25
      vertex 53.5098 35.3896 -0.25
    endloop
  endfacet
  facet normal 0.527311 -0.849673 0
    outer loop
      vertex 53.6719 35.4902 -0.25
      vertex 53.6719 35.4902 0.25
      vertex 53.5098 35.3896 0.25
    endloop
  endfacet
  facet normal -0.450126 -0.892965 0
    outer loop
      vertex 53.7822 35.4346 -0.25
      vertex 53.6719 35.4902 0.25
      vertex 53.6719 35.4902 -0.25
    endloop
  endfacet
  facet normal -0.450126 -0.892965 0
    outer loop
      vertex 53.7822 35.4346 -0.25
      vertex 53.7822 35.4346 0.25
      vertex 53.6719 35.4902 0.25
    endloop
  endfacet
  facet normal -0.839644 -0.543136 0
    outer loop
      vertex 53.8018 35.4043 -0.25
      vertex 53.7822 35.4346 0.25
      vertex 53.7822 35.4346 -0.25
    endloop
  endfacet
  facet normal -0.839644 -0.543136 0
    outer loop
      vertex 53.8018 35.4043 -0.25
      vertex 53.8018 35.4043 0.25
      vertex 53.7822 35.4346 0.25
    endloop
  endfacet
  facet normal -0.854862 -0.518856 0
    outer loop
      vertex 53.835 35.3496 -0.25
      vertex 53.8018 35.4043 0.25
      vertex 53.8018 35.4043 -0.25
    endloop
  endfacet
  facet normal -0.854862 -0.518856 0
    outer loop
      vertex 53.835 35.3496 -0.25
      vertex 53.835 35.3496 0.25
      vertex 53.8018 35.4043 0.25
    endloop
  endfacet
  facet normal 0 -1 0
    outer loop
      vertex 54.2109 35.3496 -0.25
      vertex 53.835 35.3496 0.25
      vertex 53.835 35.3496 -0.25
    endloop
  endfacet
  facet normal 0 -1 0
    outer loop
      vertex 54.2109 35.3496 -0.25
      vertex 54.2109 35.3496 0.25
      vertex 53.835 35.3496 0.25
    endloop
  endfacet
  facet normal 0.541773 -0.840525 0
    outer loop
      vertex 54.876 35.7783 -0.25
      vertex 54.2109 35.3496 0.25
      vertex 54.2109 35.3496 -0.25
    endloop
  endfacet
  facet normal 0.541773 -0.840525 0
    outer loop
      vertex 54.876 35.7783 -0.25
      vertex 54.876 35.7783 0.25
      vertex 54.2109 35.3496 0.25
    endloop
  endfacet
  facet normal 0.719308 -0.694691 0
    outer loop
      vertex 55.5928 36.5205 -0.25
      vertex 54.876 35.7783 0.25
      vertex 54.876 35.7783 -0.25
    endloop
  endfacet
  facet normal 0.719308 -0.694691 0
    outer loop
      vertex 55.5928 36.5205 -0.25
      vertex 55.5928 36.5205 0.25
      vertex 54.876 35.7783 0.25
    endloop
  endfacet
  facet normal 0.817622 -0.575755 0
    outer loop
      vertex 56.0508 37.1709 -0.25
      vertex 55.5928 36.5205 0.25
      vertex 55.5928 36.5205 -0.25
    endloop
  endfacet
  facet normal 0.817622 -0.575755 0
    outer loop
      vertex 56.0508 37.1709 -0.25
      vertex 56.0508 37.1709 0.25
      vertex 55.5928 36.5205 0.25
    endloop
  endfacet
  facet normal 0.904671 -0.42611 0
    outer loop
      vertex 56.1621 37.4072 -0.25
      vertex 56.0508 37.1709 0.25
      vertex 56.0508 37.1709 -0.25
    endloop
  endfacet
  facet normal 0.904671 -0.42611 0
    outer loop
      vertex 56.1621 37.4072 -0.25
      vertex 56.1621 37.4072 0.25
      vertex 56.0508 37.1709 0.25
    endloop
  endfacet
  facet normal 0.902931 -0.429785 0
    outer loop
      vertex 56.2295 37.5488 -0.25
      vertex 56.1621 37.4072 0.25
      vertex 56.1621 37.4072 -0.25
    endloop
  endfacet
  facet normal 0.902931 -0.429785 0
    outer loop
      vertex 56.2295 37.5488 -0.25
      vertex 56.2295 37.5488 0.25
      vertex 56.1621 37.4072 0.25
    endloop
  endfacet
  facet normal 0.934862 -0.355011 0
    outer loop
      vertex 56.3975 37.9912 -0.25
      vertex 56.2295 37.5488 0.25
      vertex 56.2295 37.5488 -0.25
    endloop
  endfacet
  facet normal 0.934862 -0.355011 0
    outer loop
      vertex 56.3975 37.9912 -0.25
      vertex 56.3975 37.9912 0.25
      vertex 56.2295 37.5488 0.25
    endloop
  endfacet
  facet normal 0.984173 0.177213 0
    outer loop
      vertex 56.3574 38.2139 -0.25
      vertex 56.3975 37.9912 0.25
      vertex 56.3975 37.9912 -0.25
    endloop
  endfacet
  facet normal 0.984173 0.177213 -0
    outer loop
      vertex 56.3574 38.2139 -0.25
      vertex 56.3574 38.2139 0.25
      vertex 56.3975 37.9912 0.25
    endloop
  endfacet
  facet normal 0.744168 0.667993 0
    outer loop
      vertex 56.3232 38.252 -0.25
      vertex 56.3574 38.2139 0.25
      vertex 56.3574 38.2139 -0.25
    endloop
  endfacet
  facet normal 0.744168 0.667993 -0
    outer loop
      vertex 56.3232 38.252 -0.25
      vertex 56.3232 38.252 0.25
      vertex 56.3574 38.2139 0.25
    endloop
  endfacet
  facet normal 0.71725 0.696816 0
    outer loop
      vertex 56.2891 38.2871 -0.25
      vertex 56.3232 38.252 0.25
      vertex 56.3232 38.252 -0.25
    endloop
  endfacet
  facet normal 0.71725 0.696816 -0
    outer loop
      vertex 56.2891 38.2871 -0.25
      vertex 56.2891 38.2871 0.25
      vertex 56.3232 38.252 0.25
    endloop
  endfacet
  facet normal 0.119612 0.992821 0
    outer loop
      vertex 56.0459 38.3164 -0.25
      vertex 56.2891 38.2871 0.25
      vertex 56.2891 38.2871 -0.25
    endloop
  endfacet
  facet normal 0.119612 0.992821 -0
    outer loop
      vertex 56.0459 38.3164 -0.25
      vertex 56.0459 38.3164 0.25
      vertex 56.2891 38.2871 0.25
    endloop
  endfacet
  facet normal -0.362704 0.931905 0
    outer loop
      vertex 55.5215 38.1123 -0.25
      vertex 56.0459 38.3164 0.25
      vertex 56.0459 38.3164 -0.25
    endloop
  endfacet
  facet normal -0.362704 0.931905 0
    outer loop
      vertex 55.5215 38.1123 -0.25
      vertex 55.5215 38.1123 0.25
      vertex 56.0459 38.3164 0.25
    endloop
  endfacet
  facet normal -0.426438 0.904517 0
    outer loop
      vertex 55.3516 38.0322 -0.25
      vertex 55.5215 38.1123 0.25
      vertex 55.5215 38.1123 -0.25
    endloop
  endfacet
  facet normal -0.426438 0.904517 0
    outer loop
      vertex 55.3516 38.0322 -0.25
      vertex 55.3516 38.0322 0.25
      vertex 55.5215 38.1123 0.25
    endloop
  endfacet
  facet normal -0.423126 0.906071 0
    outer loop
      vertex 55.1865 37.9551 -0.25
      vertex 55.3516 38.0322 0.25
      vertex 55.3516 38.0322 -0.25
    endloop
  endfacet
  facet normal -0.423126 0.906071 0
    outer loop
      vertex 55.1865 37.9551 -0.25
      vertex 55.1865 37.9551 0.25
      vertex 55.3516 38.0322 0.25
    endloop
  endfacet
  facet normal -0.333329 0.942811 0
    outer loop
      vertex 54.5566 37.7324 -0.25
      vertex 55.1865 37.9551 0.25
      vertex 55.1865 37.9551 -0.25
    endloop
  endfacet
  facet normal -0.333329 0.942811 0
    outer loop
      vertex 54.5566 37.7324 -0.25
      vertex 54.5566 37.7324 0.25
      vertex 55.1865 37.9551 0.25
    endloop
  endfacet
  facet normal -0.0979977 0.995187 0
    outer loop
      vertex 53.9219 37.6699 -0.25
      vertex 54.5566 37.7324 0.25
      vertex 54.5566 37.7324 -0.25
    endloop
  endfacet
  facet normal -0.0979977 0.995187 0
    outer loop
      vertex 53.9219 37.6699 -0.25
      vertex 53.9219 37.6699 0.25
      vertex 54.5566 37.7324 0.25
    endloop
  endfacet
  facet normal 0.0179612 0.999839 0
    outer loop
      vertex 53.7549 37.6729 -0.25
      vertex 53.9219 37.6699 0.25
      vertex 53.9219 37.6699 -0.25
    endloop
  endfacet
  facet normal 0.0179612 0.999839 -0
    outer loop
      vertex 53.7549 37.6729 -0.25
      vertex 53.7549 37.6729 0.25
      vertex 53.9219 37.6699 0.25
    endloop
  endfacet
  facet normal 0 1 0
    outer loop
      vertex 52.9678 37.6729 -0.25
      vertex 53.7549 37.6729 0.25
      vertex 53.7549 37.6729 -0.25
    endloop
  endfacet
  facet normal 0 1 0
    outer loop
      vertex 52.9678 37.6729 -0.25
      vertex 52.9678 37.6729 0.25
      vertex 53.7549 37.6729 0.25
    endloop
  endfacet
  facet normal -0.990693 -0.136118 0
    outer loop
      vertex 53.0361 37.1758 -0.25
      vertex 52.9678 37.6729 0.25
      vertex 52.9678 37.6729 -0.25
    endloop
  endfacet
  facet normal -0.990693 -0.136118 0
    outer loop
      vertex 53.0361 37.1758 -0.25
      vertex 53.0361 37.1758 0.25
      vertex 52.9678 37.6729 0.25
    endloop
  endfacet
  facet normal -0.990064 -0.140618 0
    outer loop
      vertex 53.0508 37.0723 -0.25
      vertex 53.0361 37.1758 0.25
      vertex 53.0361 37.1758 -0.25
    endloop
  endfacet
  facet normal -0.990064 -0.140618 0
    outer loop
      vertex 53.0508 37.0723 -0.25
      vertex 53.0508 37.0723 0.25
      vertex 53.0361 37.1758 0.25
    endloop
  endfacet
  facet normal -0.999887 0.0150659 0
    outer loop
      vertex 53.0459 36.7471 -0.25
      vertex 53.0508 37.0723 0.25
      vertex 53.0508 37.0723 -0.25
    endloop
  endfacet
  facet normal -0.999887 0.0150659 0
    outer loop
      vertex 53.0459 36.7471 -0.25
      vertex 53.0459 36.7471 0.25
      vertex 53.0508 37.0723 0.25
    endloop
  endfacet
  facet normal -0.805651 0.59239 0
    outer loop
      vertex 52.9209 36.5771 -0.25
      vertex 53.0459 36.7471 0.25
      vertex 53.0459 36.7471 -0.25
    endloop
  endfacet
  facet normal -0.805651 0.59239 0
    outer loop
      vertex 52.9209 36.5771 -0.25
      vertex 52.9209 36.5771 0.25
      vertex 53.0459 36.7471 0.25
    endloop
  endfacet
  facet normal -0.497156 0.867661 0
    outer loop
      vertex 52.875 36.5508 -0.25
      vertex 52.9209 36.5771 0.25
      vertex 52.9209 36.5771 -0.25
    endloop
  endfacet
  facet normal -0.497156 0.867661 0
    outer loop
      vertex 52.875 36.5508 -0.25
      vertex 52.875 36.5508 0.25
      vertex 52.9209 36.5771 0.25
    endloop
  endfacet
  facet normal -0.482306 0.876003 0
    outer loop
      vertex 52.7969 36.5078 -0.25
      vertex 52.875 36.5508 0.25
      vertex 52.875 36.5508 -0.25
    endloop
  endfacet
  facet normal -0.482306 0.876003 0
    outer loop
      vertex 52.7969 36.5078 -0.25
      vertex 52.7969 36.5078 0.25
      vertex 52.875 36.5508 0.25
    endloop
  endfacet
  facet normal -0.150895 0.98855 0
    outer loop
      vertex 52.375 36.4434 -0.25
      vertex 52.7969 36.5078 0.25
      vertex 52.7969 36.5078 -0.25
    endloop
  endfacet
  facet normal -0.150895 0.98855 0
    outer loop
      vertex 52.375 36.4434 -0.25
      vertex 52.375 36.4434 0.25
      vertex 52.7969 36.5078 0.25
    endloop
  endfacet
  facet normal 0.314578 0.949232 0
    outer loop
      vertex 51.9951 36.5693 -0.25
      vertex 52.375 36.4434 0.25
      vertex 52.375 36.4434 -0.25
    endloop
  endfacet
  facet normal 0.314578 0.949232 -0
    outer loop
      vertex 51.9951 36.5693 -0.25
      vertex 51.9951 36.5693 0.25
      vertex 52.375 36.4434 0.25
    endloop
  endfacet
  facet normal 0.655029 0.755604 0
    outer loop
      vertex 51.9365 36.6201 -0.25
      vertex 51.9951 36.5693 0.25
      vertex 51.9951 36.5693 -0.25
    endloop
  endfacet
  facet normal 0.655029 0.755604 -0
    outer loop
      vertex 51.9365 36.6201 -0.25
      vertex 51.9365 36.6201 0.25
      vertex 51.9951 36.5693 0.25
    endloop
  endfacet
  facet normal 0.682134 0.731227 0
    outer loop
      vertex 51.9082 36.6465 -0.25
      vertex 51.9365 36.6201 0.25
      vertex 51.9365 36.6201 -0.25
    endloop
  endfacet
  facet normal 0.682134 0.731227 -0
    outer loop
      vertex 51.9082 36.6465 -0.25
      vertex 51.9082 36.6465 0.25
      vertex 51.9365 36.6201 0.25
    endloop
  endfacet
  facet normal 0.807691 0.589606 0
    outer loop
      vertex 51.8398 36.7402 -0.25
      vertex 51.9082 36.6465 0.25
      vertex 51.9082 36.6465 -0.25
    endloop
  endfacet
  facet normal 0.807691 0.589606 -0
    outer loop
      vertex 51.8398 36.7402 -0.25
      vertex 51.8398 36.7402 0.25
      vertex 51.9082 36.6465 0.25
    endloop
  endfacet
  facet normal 0.965237 -0.261376 0
    outer loop
      vertex 51.8779 36.8809 -0.25
      vertex 51.8398 36.7402 0.25
      vertex 51.8398 36.7402 -0.25
    endloop
  endfacet
  facet normal 0.965237 -0.261376 0
    outer loop
      vertex 51.8779 36.8809 -0.25
      vertex 51.8779 36.8809 0.25
      vertex 51.8398 36.7402 0.25
    endloop
  endfacet
  facet normal 0.723852 -0.689956 0
    outer loop
      vertex 52.0957 37.1094 -0.25
      vertex 51.8779 36.8809 0.25
      vertex 51.8779 36.8809 -0.25
    endloop
  endfacet
  facet normal 0.723852 -0.689956 0
    outer loop
      vertex 52.0957 37.1094 -0.25
      vertex 52.0957 37.1094 0.25
      vertex 51.8779 36.8809 0.25
    endloop
  endfacet
  facet normal 0.654948 -0.755674 0
    outer loop
      vertex 52.4258 37.3955 -0.25
      vertex 52.0957 37.1094 0.25
      vertex 52.0957 37.1094 -0.25
    endloop
  endfacet
  facet normal 0.654948 -0.755674 0
    outer loop
      vertex 52.4258 37.3955 -0.25
      vertex 52.4258 37.3955 0.25
      vertex 52.0957 37.1094 0.25
    endloop
  endfacet
  facet normal 0.633647 -0.773623 0
    outer loop
      vertex 52.5391 37.4883 -0.25
      vertex 52.4258 37.3955 0.25
      vertex 52.4258 37.3955 -0.25
    endloop
  endfacet
  facet normal 0.633647 -0.773623 0
    outer loop
      vertex 52.5391 37.4883 -0.25
      vertex 52.5391 37.4883 0.25
      vertex 52.4258 37.3955 0.25
    endloop
  endfacet
  facet normal 0.646023 -0.763318 0
    outer loop
      vertex 52.666 37.5957 -0.25
      vertex 52.5391 37.4883 0.25
      vertex 52.5391 37.4883 -0.25
    endloop
  endfacet
  facet normal 0.646023 -0.763318 0
    outer loop
      vertex 52.666 37.5957 -0.25
      vertex 52.666 37.5957 0.25
      vertex 52.5391 37.4883 0.25
    endloop
  endfacet
  facet normal 0.633916 -0.773402 0
    outer loop
      vertex 53.0508 37.9111 -0.25
      vertex 52.666 37.5957 0.25
      vertex 52.666 37.5957 -0.25
    endloop
  endfacet
  facet normal 0.633916 -0.773402 0
    outer loop
      vertex 53.0508 37.9111 -0.25
      vertex 53.0508 37.9111 0.25
      vertex 52.666 37.5957 0.25
    endloop
  endfacet
  facet normal 0.569094 -0.822272 0
    outer loop
      vertex 53.3457 38.1152 -0.25
      vertex 53.0508 37.9111 0.25
      vertex 53.0508 37.9111 -0.25
    endloop
  endfacet
  facet normal 0.569094 -0.822272 0
    outer loop
      vertex 53.3457 38.1152 -0.25
      vertex 53.3457 38.1152 0.25
      vertex 53.0508 37.9111 0.25
    endloop
  endfacet
  facet normal 0.197259 -0.980351 0
    outer loop
      vertex 53.5107 38.1484 -0.25
      vertex 53.3457 38.1152 0.25
      vertex 53.3457 38.1152 -0.25
    endloop
  endfacet
  facet normal 0.197259 -0.980351 0
    outer loop
      vertex 53.5107 38.1484 -0.25
      vertex 53.5107 38.1484 0.25
      vertex 53.3457 38.1152 0.25
    endloop
  endfacet
  facet normal -0.545047 -0.838406 0
    outer loop
      vertex 53.6113 38.083 -0.25
      vertex 53.5107 38.1484 0.25
      vertex 53.5107 38.1484 -0.25
    endloop
  endfacet
  facet normal -0.545047 -0.838406 0
    outer loop
      vertex 53.6113 38.083 -0.25
      vertex 53.6113 38.083 0.25
      vertex 53.5107 38.1484 0.25
    endloop
  endfacet
  facet normal -0.706302 -0.707911 0
    outer loop
      vertex 53.6553 38.0391 -0.25
      vertex 53.6113 38.083 0.25
      vertex 53.6113 38.083 -0.25
    endloop
  endfacet
  facet normal -0.706302 -0.707911 0
    outer loop
      vertex 53.6553 38.0391 -0.25
      vertex 53.6553 38.0391 0.25
      vertex 53.6113 38.083 0.25
    endloop
  endfacet
  facet normal -0.191962 -0.981402 0
    outer loop
      vertex 53.9053 37.9902 -0.25
      vertex 53.6553 38.0391 0.25
      vertex 53.6553 38.0391 -0.25
    endloop
  endfacet
  facet normal -0.191962 -0.981402 0
    outer loop
      vertex 53.9053 37.9902 -0.25
      vertex 53.9053 37.9902 0.25
      vertex 53.6553 38.0391 0.25
    endloop
  endfacet
  facet normal 0.328848 -0.944383 0
    outer loop
      vertex 53.9277 37.998 -0.25
      vertex 53.9053 37.9902 0.25
      vertex 53.9053 37.9902 -0.25
    endloop
  endfacet
  facet normal 0.328848 -0.944383 0
    outer loop
      vertex 53.9277 37.998 -0.25
      vertex 53.9277 37.998 0.25
      vertex 53.9053 37.9902 0.25
    endloop
  endfacet
  facet normal 0.346092 -0.938201 0
    outer loop
      vertex 53.9727 38.0146 -0.25
      vertex 53.9277 37.998 0.25
      vertex 53.9277 37.998 -0.25
    endloop
  endfacet
  facet normal 0.346092 -0.938201 0
    outer loop
      vertex 53.9727 38.0146 -0.25
      vertex 53.9727 38.0146 0.25
      vertex 53.9277 37.998 0.25
    endloop
  endfacet
  facet normal 0.760608 -0.649212 0
    outer loop
      vertex 54.0811 38.1416 -0.25
      vertex 53.9727 38.0146 0.25
      vertex 53.9727 38.0146 -0.25
    endloop
  endfacet
  facet normal 0.760608 -0.649212 0
    outer loop
      vertex 54.0811 38.1416 -0.25
      vertex 54.0811 38.1416 0.25
      vertex 53.9727 38.0146 0.25
    endloop
  endfacet
  facet normal 0.794161 -0.607708 0
    outer loop
      vertex 54.3262 38.4619 -0.25
      vertex 54.0811 38.1416 0.25
      vertex 54.0811 38.1416 -0.25
    endloop
  endfacet
  facet normal 0.794161 -0.607708 0
    outer loop
      vertex 54.3262 38.4619 -0.25
      vertex 54.3262 38.4619 0.25
      vertex 54.0811 38.1416 0.25
    endloop
  endfacet
  facet normal 0.824981 -0.565161 0
    outer loop
      vertex 54.6279 38.9023 -0.25
      vertex 54.3262 38.4619 0.25
      vertex 54.3262 38.4619 -0.25
    endloop
  endfacet
  facet normal 0.824981 -0.565161 0
    outer loop
      vertex 54.6279 38.9023 -0.25
      vertex 54.6279 38.9023 0.25
      vertex 54.3262 38.4619 0.25
    endloop
  endfacet
  facet normal 0.841222 -0.54069 0
    outer loop
      vertex 54.9512 39.4053 -0.25
      vertex 54.6279 38.9023 0.25
      vertex 54.6279 38.9023 -0.25
    endloop
  endfacet
  facet normal 0.841222 -0.54069 0
    outer loop
      vertex 54.9512 39.4053 -0.25
      vertex 54.9512 39.4053 0.25
      vertex 54.6279 38.9023 0.25
    endloop
  endfacet
  facet normal 0.857255 -0.514892 0
    outer loop
      vertex 55.2568 39.9141 -0.25
      vertex 54.9512 39.4053 0.25
      vertex 54.9512 39.4053 -0.25
    endloop
  endfacet
  facet normal 0.857255 -0.514892 0
    outer loop
      vertex 55.2568 39.9141 -0.25
      vertex 55.2568 39.9141 0.25
      vertex 54.9512 39.4053 0.25
    endloop
  endfacet
  facet normal 0.872881 -0.487933 0
    outer loop
      vertex 55.5117 40.3701 -0.25
      vertex 55.2568 39.9141 0.25
      vertex 55.2568 39.9141 -0.25
    endloop
  endfacet
  facet normal 0.872881 -0.487933 0
    outer loop
      vertex 55.5117 40.3701 -0.25
      vertex 55.5117 40.3701 0.25
      vertex 55.2568 39.9141 0.25
    endloop
  endfacet
  facet normal 0.900523 -0.434808 0
    outer loop
      vertex 55.6777 40.7139 -0.25
      vertex 55.5117 40.3701 0.25
      vertex 55.5117 40.3701 -0.25
    endloop
  endfacet
  facet normal 0.900523 -0.434808 0
    outer loop
      vertex 55.6777 40.7139 -0.25
      vertex 55.6777 40.7139 0.25
      vertex 55.5117 40.3701 0.25
    endloop
  endfacet
  facet normal 0.925783 -0.378055 0
    outer loop
      vertex 55.7363 40.8574 -0.25
      vertex 55.6777 40.7139 0.25
      vertex 55.6777 40.7139 -0.25
    endloop
  endfacet
  facet normal 0.925783 -0.378055 0
    outer loop
      vertex 55.7363 40.8574 -0.25
      vertex 55.7363 40.8574 0.25
      vertex 55.6777 40.7139 0.25
    endloop
  endfacet
  facet normal 0.925369 0.379067 0
    outer loop
      vertex 55.7227 40.8906 -0.25
      vertex 55.7363 40.8574 0.25
      vertex 55.7363 40.8574 -0.25
    endloop
  endfacet
  facet normal 0.925369 0.379067 -0
    outer loop
      vertex 55.7227 40.8906 -0.25
      vertex 55.7227 40.8906 0.25
      vertex 55.7363 40.8574 0.25
    endloop
  endfacet
  facet normal 0.946297 0.323298 0
    outer loop
      vertex 55.709 40.9307 -0.25
      vertex 55.7227 40.8906 0.25
      vertex 55.7227 40.8906 -0.25
    endloop
  endfacet
  facet normal 0.946297 0.323298 -0
    outer loop
      vertex 55.709 40.9307 -0.25
      vertex 55.709 40.9307 0.25
      vertex 55.7227 40.8906 0.25
    endloop
  endfacet
  facet normal 0.671842 0.740695 0
    outer loop
      vertex 55.6025 41.0273 -0.25
      vertex 55.709 40.9307 0.25
      vertex 55.709 40.9307 -0.25
    endloop
  endfacet
  facet normal 0.671842 0.740695 -0
    outer loop
      vertex 55.6025 41.0273 -0.25
      vertex 55.6025 41.0273 0.25
      vertex 55.709 40.9307 0.25
    endloop
  endfacet
  facet normal -0.0205485 0.999789 0
    outer loop
      vertex 55.3203 41.0215 -0.25
      vertex 55.6025 41.0273 0.25
      vertex 55.6025 41.0273 -0.25
    endloop
  endfacet
  facet normal -0.0205485 0.999789 0
    outer loop
      vertex 55.3203 41.0215 -0.25
      vertex 55.3203 41.0215 0.25
      vertex 55.6025 41.0273 0.25
    endloop
  endfacet
  facet normal -0.29112 0.956687 0
    outer loop
      vertex 54.7715 40.8545 -0.25
      vertex 55.3203 41.0215 0.25
      vertex 55.3203 41.0215 -0.25
    endloop
  endfacet
  facet normal -0.29112 0.956687 0
    outer loop
      vertex 54.7715 40.8545 -0.25
      vertex 54.7715 40.8545 0.25
      vertex 55.3203 41.0215 0.25
    endloop
  endfacet
  facet normal -0.349283 0.937017 0
    outer loop
      vertex 54.085 40.5986 -0.25
      vertex 54.7715 40.8545 0.25
      vertex 54.7715 40.8545 -0.25
    endloop
  endfacet
  facet normal -0.349283 0.937017 0
    outer loop
      vertex 54.085 40.5986 -0.25
      vertex 54.085 40.5986 0.25
      vertex 54.7715 40.8545 0.25
    endloop
  endfacet
  facet normal -0.369828 0.9291 0
    outer loop
      vertex 53.8594 40.5088 -0.25
      vertex 54.085 40.5986 0.25
      vertex 54.085 40.5986 -0.25
    endloop
  endfacet
  facet normal -0.369828 0.9291 0
    outer loop
      vertex 53.8594 40.5088 -0.25
      vertex 53.8594 40.5088 0.25
      vertex 54.085 40.5986 0.25
    endloop
  endfacet
  facet normal -0.364941 0.931031 0
    outer loop
      vertex 53.665 40.4326 -0.25
      vertex 53.8594 40.5088 0.25
      vertex 53.8594 40.5088 -0.25
    endloop
  endfacet
  facet normal -0.364941 0.931031 0
    outer loop
      vertex 53.665 40.4326 -0.25
      vertex 53.665 40.4326 0.25
      vertex 53.8594 40.5088 0.25
    endloop
  endfacet
  facet normal -0.377302 0.92609 0
    outer loop
      vertex 53.085 40.1963 -0.25
      vertex 53.665 40.4326 0.25
      vertex 53.665 40.4326 -0.25
    endloop
  endfacet
  facet normal -0.377302 0.92609 0
    outer loop
      vertex 53.085 40.1963 -0.25
      vertex 53.085 40.1963 0.25
      vertex 53.665 40.4326 0.25
    endloop
  endfacet
  facet normal -0.440382 0.89781 0
    outer loop
      vertex 52.6689 39.9922 -0.25
      vertex 53.085 40.1963 0.25
      vertex 53.085 40.1963 -0.25
    endloop
  endfacet
  facet normal -0.440382 0.89781 0
    outer loop
      vertex 52.6689 39.9922 -0.25
      vertex 52.6689 39.9922 0.25
      vertex 53.085 40.1963 0.25
    endloop
  endfacet
  facet normal -0.699017 0.715105 0
    outer loop
      vertex 52.5 39.8271 -0.25
      vertex 52.6689 39.9922 0.25
      vertex 52.6689 39.9922 -0.25
    endloop
  endfacet
  facet normal -0.699017 0.715105 0
    outer loop
      vertex 52.5 39.8271 -0.25
      vertex 52.5 39.8271 0.25
      vertex 52.6689 39.9922 0.25
    endloop
  endfacet
  facet normal -0.979519 0.201353 0
    outer loop
      vertex 52.4697 39.6797 -0.25
      vertex 52.5 39.8271 0.25
      vertex 52.5 39.8271 -0.25
    endloop
  endfacet
  facet normal -0.979519 0.201353 0
    outer loop
      vertex 52.4697 39.6797 -0.25
      vertex 52.4697 39.6797 0.25
      vertex 52.5 39.8271 0.25
    endloop
  endfacet
  facet normal -1 0 0
    outer loop
      vertex 52.4697 39.6299 -0.25
      vertex 52.4697 39.6797 0.25
      vertex 52.4697 39.6797 -0.25
    endloop
  endfacet
  facet normal -1 0 0
    outer loop
      vertex 52.4697 39.6299 -0.25
      vertex 52.4697 39.6299 0.25
      vertex 52.4697 39.6797 0.25
    endloop
  endfacet
  facet normal -0.998425 0.0561074 0
    outer loop
      vertex 52.4658 39.5605 -0.25
      vertex 52.4697 39.6299 0.25
      vertex 52.4697 39.6299 -0.25
    endloop
  endfacet
  facet normal -0.998425 0.0561074 0
    outer loop
      vertex 52.4658 39.5605 -0.25
      vertex 52.4658 39.5605 0.25
      vertex 52.4697 39.6299 0.25
    endloop
  endfacet
  facet normal -0.885521 0.464599 0
    outer loop
      vertex 52.2988 39.2422 -0.25
      vertex 52.4658 39.5605 0.25
      vertex 52.4658 39.5605 -0.25
    endloop
  endfacet
  facet normal -0.885521 0.464599 0
    outer loop
      vertex 52.2988 39.2422 -0.25
      vertex 52.2988 39.2422 0.25
      vertex 52.4658 39.5605 0.25
    endloop
  endfacet
  facet normal -0.642163 0.766568 0
    outer loop
      vertex 51.7812 38.8086 -0.25
      vertex 52.2988 39.2422 0.25
      vertex 52.2988 39.2422 -0.25
    endloop
  endfacet
  facet normal -0.642163 0.766568 0
    outer loop
      vertex 51.7812 38.8086 -0.25
      vertex 51.7812 38.8086 0.25
      vertex 52.2988 39.2422 0.25
    endloop
  endfacet
  facet normal -0.580079 0.81456 0
    outer loop
      vertex 51.6016 38.6807 -0.25
      vertex 51.7812 38.8086 0.25
      vertex 51.7812 38.8086 -0.25
    endloop
  endfacet
  facet normal -0.580079 0.81456 0
    outer loop
      vertex 51.6016 38.6807 -0.25
      vertex 51.6016 38.6807 0.25
      vertex 51.7812 38.8086 0.25
    endloop
  endfacet
  facet normal -0.592419 0.80563 0
    outer loop
      vertex 51.4395 38.5615 -0.25
      vertex 51.6016 38.6807 0.25
      vertex 51.6016 38.6807 -0.25
    endloop
  endfacet
  facet normal -0.592419 0.80563 0
    outer loop
      vertex 51.4395 38.5615 -0.25
      vertex 51.4395 38.5615 0.25
      vertex 51.6016 38.6807 0.25
    endloop
  endfacet
  facet normal -0.533417 0.845852 0
    outer loop
      vertex 50.8975 38.2197 -0.25
      vertex 51.4395 38.5615 0.25
      vertex 51.4395 38.5615 -0.25
    endloop
  endfacet
  facet normal -0.533417 0.845852 0
    outer loop
      vertex 50.8975 38.2197 -0.25
      vertex 50.8975 38.2197 0.25
      vertex 51.4395 38.5615 0.25
    endloop
  endfacet
  facet normal -0.209505 0.977808 0
    outer loop
      vertex 50.624 38.1611 -0.25
      vertex 50.8975 38.2197 0.25
      vertex 50.8975 38.2197 -0.25
    endloop
  endfacet
  facet normal -0.209505 0.977808 0
    outer loop
      vertex 50.624 38.1611 -0.25
      vertex 50.624 38.1611 0.25
      vertex 50.8975 38.2197 0.25
    endloop
  endfacet
  facet normal 0.591602 0.80623 0
    outer loop
      vertex 50.5947 38.1826 -0.25
      vertex 50.624 38.1611 0.25
      vertex 50.624 38.1611 -0.25
    endloop
  endfacet
  facet normal 0.591602 0.80623 -0
    outer loop
      vertex 50.5947 38.1826 -0.25
      vertex 50.5947 38.1826 0.25
      vertex 50.624 38.1611 0.25
    endloop
  endfacet
  facet normal 0.673211 0.739451 0
    outer loop
      vertex 50.54 38.2324 -0.25
      vertex 50.5947 38.1826 0.25
      vertex 50.5947 38.1826 -0.25
    endloop
  endfacet
  facet normal 0.673211 0.739451 -0
    outer loop
      vertex 50.54 38.2324 -0.25
      vertex 50.54 38.2324 0.25
      vertex 50.5947 38.1826 0.25
    endloop
  endfacet
  facet normal 0.974754 0.223284 0
    outer loop
      vertex 50.4541 38.6074 -0.25
      vertex 50.54 38.2324 0.25
      vertex 50.54 38.2324 -0.25
    endloop
  endfacet
  facet normal 0.974754 0.223284 -0
    outer loop
      vertex 50.4541 38.6074 -0.25
      vertex 50.4541 38.6074 0.25
      vertex 50.54 38.2324 0.25
    endloop
  endfacet
  facet normal 0.940628 -0.339439 0
    outer loop
      vertex 50.6162 39.0566 -0.25
      vertex 50.4541 38.6074 0.25
      vertex 50.4541 38.6074 -0.25
    endloop
  endfacet
  facet normal 0.940628 -0.339439 0
    outer loop
      vertex 50.6162 39.0566 -0.25
      vertex 50.6162 39.0566 0.25
      vertex 50.4541 38.6074 0.25
    endloop
  endfacet
  facet normal 0.773442 -0.633867 0
    outer loop
      vertex 50.6875 39.1436 -0.25
      vertex 50.6162 39.0566 0.25
      vertex 50.6162 39.0566 -0.25
    endloop
  endfacet
  facet normal 0.773442 -0.633867 0
    outer loop
      vertex 50.6875 39.1436 -0.25
      vertex 50.6875 39.1436 0.25
      vertex 50.6162 39.0566 0.25
    endloop
  endfacet
  facet normal 0.788456 -0.615091 0
    outer loop
      vertex 50.7393 39.21 -0.25
      vertex 50.6875 39.1436 0.25
      vertex 50.6875 39.1436 -0.25
    endloop
  endfacet
  facet normal 0.788456 -0.615091 0
    outer loop
      vertex 50.7393 39.21 -0.25
      vertex 50.7393 39.21 0.25
      vertex 50.6875 39.1436 0.25
    endloop
  endfacet
  facet normal 0.652412 -0.757864 0
    outer loop
      vertex 50.9355 39.3789 -0.25
      vertex 50.7393 39.21 0.25
      vertex 50.7393 39.21 -0.25
    endloop
  endfacet
  facet normal 0.652412 -0.757864 0
    outer loop
      vertex 50.9355 39.3789 -0.25
      vertex 50.9355 39.3789 0.25
      vertex 50.7393 39.21 0.25
    endloop
  endfacet
  facet normal -0.298959 -0.954266 0
    outer loop
      vertex 51.1816 39.3018 -0.25
      vertex 50.9355 39.3789 0.25
      vertex 50.9355 39.3789 -0.25
    endloop
  endfacet
  facet normal -0.298959 -0.954266 0
    outer loop
      vertex 51.1816 39.3018 -0.25
      vertex 51.1816 39.3018 0.25
      vertex 50.9355 39.3789 0.25
    endloop
  endfacet
  facet normal -0.505991 -0.862539 0
    outer loop
      vertex 51.2549 39.2588 -0.25
      vertex 51.1816 39.3018 0.25
      vertex 51.1816 39.3018 -0.25
    endloop
  endfacet
  facet normal -0.505991 -0.862539 0
    outer loop
      vertex 51.2549 39.2588 -0.25
      vertex 51.2549 39.2588 0.25
      vertex 51.1816 39.3018 0.25
    endloop
  endfacet
  facet normal -0.512477 -0.858701 0
    outer loop
      vertex 51.3613 39.1953 -0.25
      vertex 51.2549 39.2588 0.25
      vertex 51.2549 39.2588 -0.25
    endloop
  endfacet
  facet normal -0.512477 -0.858701 0
    outer loop
      vertex 51.3613 39.1953 -0.25
      vertex 51.3613 39.1953 0.25
      vertex 51.2549 39.2588 0.25
    endloop
  endfacet
  facet normal -0.124669 -0.992198 0
    outer loop
      vertex 51.7656 39.1445 -0.25
      vertex 51.3613 39.1953 0.25
      vertex 51.3613 39.1953 -0.25
    endloop
  endfacet
  facet normal -0.124669 -0.992198 0
    outer loop
      vertex 51.7656 39.1445 -0.25
      vertex 51.7656 39.1445 0.25
      vertex 51.3613 39.1953 0.25
    endloop
  endfacet
  facet normal 0.873292 -0.487197 0
    outer loop
      vertex 51.9492 39.4736 -0.25
      vertex 51.7656 39.1445 0.25
      vertex 51.7656 39.1445 -0.25
    endloop
  endfacet
  facet normal 0.873292 -0.487197 0
    outer loop
      vertex 51.9492 39.4736 -0.25
      vertex 51.9492 39.4736 0.25
      vertex 51.7656 39.1445 0.25
    endloop
  endfacet
  facet normal 1 0 0
    outer loop
      vertex 51.9492 39.6904 -0.25
      vertex 51.9492 39.4736 0.25
      vertex 51.9492 39.4736 -0.25
    endloop
  endfacet
  facet normal 1 0 -0
    outer loop
      vertex 51.9492 39.6904 -0.25
      vertex 51.9492 39.6904 0.25
      vertex 51.9492 39.4736 0.25
    endloop
  endfacet
  facet normal 0.971873 -0.235505 0
    outer loop
      vertex 52.0273 40.0127 -0.25
      vertex 51.9492 39.6904 0.25
      vertex 51.9492 39.6904 -0.25
    endloop
  endfacet
  facet normal 0.971873 -0.235505 0
    outer loop
      vertex 52.0273 40.0127 -0.25
      vertex 52.0273 40.0127 0.25
      vertex 51.9492 39.6904 0.25
    endloop
  endfacet
  facet normal 0.936358 -0.351048 0
    outer loop
      vertex 52.2305 40.5547 -0.25
      vertex 52.0273 40.0127 0.25
      vertex 52.0273 40.0127 -0.25
    endloop
  endfacet
  facet normal 0.936358 -0.351048 0
    outer loop
      vertex 52.2305 40.5547 -0.25
      vertex 52.2305 40.5547 0.25
      vertex 52.0273 40.0127 0.25
    endloop
  endfacet
  facet normal 0.890294 -0.455386 0
    outer loop
      vertex 52.5107 41.1025 -0.25
      vertex 52.2305 40.5547 0.25
      vertex 52.2305 40.5547 -0.25
    endloop
  endfacet
  facet normal 0.890294 -0.455386 0
    outer loop
      vertex 52.5107 41.1025 -0.25
      vertex 52.5107 41.1025 0.25
      vertex 52.2305 40.5547 0.25
    endloop
  endfacet
  facet normal 0.843238 -0.53754 0
    outer loop
      vertex 52.7305 41.4473 -0.25
      vertex 52.5107 41.1025 0.25
      vertex 52.5107 41.1025 -0.25
    endloop
  endfacet
  facet normal 0.843238 -0.53754 0
    outer loop
      vertex 52.7305 41.4473 -0.25
      vertex 52.7305 41.4473 0.25
      vertex 52.5107 41.1025 0.25
    endloop
  endfacet
  facet normal 0.765851 -0.643019 0
    outer loop
      vertex 52.8174 41.5508 -0.25
      vertex 52.7305 41.4473 0.25
      vertex 52.7305 41.4473 -0.25
    endloop
  endfacet
  facet normal 0.765851 -0.643019 0
    outer loop
      vertex 52.8174 41.5508 -0.25
      vertex 52.8174 41.5508 0.25
      vertex 52.7305 41.4473 0.25
    endloop
  endfacet
  facet normal 0.760858 -0.648919 0
    outer loop
      vertex 52.8574 41.5977 -0.25
      vertex 52.8174 41.5508 0.25
      vertex 52.8174 41.5508 -0.25
    endloop
  endfacet
  facet normal 0.760858 -0.648919 0
    outer loop
      vertex 52.8574 41.5977 -0.25
      vertex 52.8574 41.5977 0.25
      vertex 52.8174 41.5508 0.25
    endloop
  endfacet
  facet normal 0.84444 -0.53565 0
    outer loop
      vertex 53.0215 41.8564 -0.25
      vertex 52.8574 41.5977 0.25
      vertex 52.8574 41.5977 -0.25
    endloop
  endfacet
  facet normal 0.84444 -0.53565 0
    outer loop
      vertex 53.0215 41.8564 -0.25
      vertex 53.0215 41.8564 0.25
      vertex 52.8574 41.5977 0.25
    endloop
  endfacet
  facet normal 0.918566 -0.395267 0
    outer loop
      vertex 53.1064 42.0537 -0.25
      vertex 53.0215 41.8564 0.25
      vertex 53.0215 41.8564 -0.25
    endloop
  endfacet
  facet normal 0.918566 -0.395267 0
    outer loop
      vertex 53.1064 42.0537 -0.25
      vertex 53.1064 42.0537 0.25
      vertex 53.0215 41.8564 0.25
    endloop
  endfacet
  facet normal 1 0 0
    outer loop
      vertex 53.1064 42.1738 -0.25
      vertex 53.1064 42.0537 0.25
      vertex 53.1064 42.0537 -0.25
    endloop
  endfacet
  facet normal 1 0 -0
    outer loop
      vertex 53.1064 42.1738 -0.25
      vertex 53.1064 42.1738 0.25
      vertex 53.1064 42.0537 0.25
    endloop
  endfacet
  facet normal 0.40474 0.914432 0
    outer loop
      vertex 52.7422 42.335 -0.25
      vertex 53.1064 42.1738 0.25
      vertex 53.1064 42.1738 -0.25
    endloop
  endfacet
  facet normal 0.40474 0.914432 -0
    outer loop
      vertex 52.7422 42.335 -0.25
      vertex 52.7422 42.335 0.25
      vertex 53.1064 42.1738 0.25
    endloop
  endfacet
  facet normal -0.192448 0.981307 0
    outer loop
      vertex 51.96 42.1816 -0.25
      vertex 52.7422 42.335 0.25
      vertex 52.7422 42.335 -0.25
    endloop
  endfacet
  facet normal -0.192448 0.981307 0
    outer loop
      vertex 51.96 42.1816 -0.25
      vertex 51.96 42.1816 0.25
      vertex 52.7422 42.335 0.25
    endloop
  endfacet
  facet normal -0.343591 0.939119 0
    outer loop
      vertex 51.752 42.1055 -0.25
      vertex 51.96 42.1816 0.25
      vertex 51.96 42.1816 -0.25
    endloop
  endfacet
  facet normal -0.343591 0.939119 0
    outer loop
      vertex 51.752 42.1055 -0.25
      vertex 51.752 42.1055 0.25
      vertex 51.96 42.1816 0.25
    endloop
  endfacet
  facet normal -0.329599 0.944121 0
    outer loop
      vertex 51.5449 42.0332 -0.25
      vertex 51.752 42.1055 0.25
      vertex 51.752 42.1055 -0.25
    endloop
  endfacet
  facet normal -0.329599 0.944121 0
    outer loop
      vertex 51.5449 42.0332 -0.25
      vertex 51.5449 42.0332 0.25
      vertex 51.752 42.1055 0.25
    endloop
  endfacet
  facet normal -0.439524 0.898231 0
    outer loop
      vertex 50.9502 41.7422 -0.25
      vertex 51.5449 42.0332 0.25
      vertex 51.5449 42.0332 -0.25
    endloop
  endfacet
  facet normal -0.439524 0.898231 0
    outer loop
      vertex 50.9502 41.7422 -0.25
      vertex 50.9502 41.7422 0.25
      vertex 51.5449 42.0332 0.25
    endloop
  endfacet
  facet normal -0.562143 0.82704 0
    outer loop
      vertex 50.3008 41.3008 -0.25
      vertex 50.9502 41.7422 0.25
      vertex 50.9502 41.7422 -0.25
    endloop
  endfacet
  facet normal -0.562143 0.82704 0
    outer loop
      vertex 50.3008 41.3008 -0.25
      vertex 50.3008 41.3008 0.25
      vertex 50.9502 41.7422 0.25
    endloop
  endfacet
  facet normal -0.73277 0.680476 0
    outer loop
      vertex 49.8818 40.8496 -0.25
      vertex 50.3008 41.3008 0.25
      vertex 50.3008 41.3008 -0.25
    endloop
  endfacet
  facet normal -0.73277 0.680476 0
    outer loop
      vertex 49.8818 40.8496 -0.25
      vertex 49.8818 40.8496 0.25
      vertex 50.3008 41.3008 0.25
    endloop
  endfacet
  facet normal -0.923361 0.383933 0
    outer loop
      vertex 49.7539 40.542 -0.25
      vertex 49.8818 40.8496 0.25
      vertex 49.8818 40.8496 -0.25
    endloop
  endfacet
  facet normal -0.923361 0.383933 0
    outer loop
      vertex 49.7539 40.542 -0.25
      vertex 49.7539 40.542 0.25
      vertex 49.8818 40.8496 0.25
    endloop
  endfacet
  facet normal -0.977708 -0.20997 0
    outer loop
      vertex 49.7734 40.4512 -0.25
      vertex 49.7539 40.542 0.25
      vertex 49.7539 40.542 -0.25
    endloop
  endfacet
  facet normal -0.977708 -0.20997 0
    outer loop
      vertex 49.7734 40.4512 -0.25
      vertex 49.7734 40.4512 0.25
      vertex 49.7539 40.542 0.25
    endloop
  endfacet
  facet normal -0.985866 -0.167533 0
    outer loop
      vertex 49.7812 40.4053 -0.25
      vertex 49.7734 40.4512 0.25
      vertex 49.7734 40.4512 -0.25
    endloop
  endfacet
  facet normal -0.985866 -0.167533 0
    outer loop
      vertex 49.7812 40.4053 -0.25
      vertex 49.7812 40.4053 0.25
      vertex 49.7734 40.4512 0.25
    endloop
  endfacet
  facet normal -0.938215 0.346052 0
    outer loop
      vertex 49.6562 40.0664 -0.25
      vertex 49.7812 40.4053 0.25
      vertex 49.7812 40.4053 -0.25
    endloop
  endfacet
  facet normal -0.938215 0.346052 0
    outer loop
      vertex 49.6562 40.0664 -0.25
      vertex 49.6562 40.0664 0.25
      vertex 49.7812 40.4053 0.25
    endloop
  endfacet
  facet normal -0.515235 0.857049 0
    outer loop
      vertex 49.6221 40.0459 -0.25
      vertex 49.6562 40.0664 0.25
      vertex 49.6562 40.0664 -0.25
    endloop
  endfacet
  facet normal -0.515235 0.857049 0
    outer loop
      vertex 49.6221 40.0459 -0.25
      vertex 49.6221 40.0459 0.25
      vertex 49.6562 40.0664 0.25
    endloop
  endfacet
  facet normal -0.532303 0.846554 0
    outer loop
      vertex 49.5957 40.0293 -0.25
      vertex 49.6221 40.0459 0.25
      vertex 49.6221 40.0459 -0.25
    endloop
  endfacet
  facet normal -0.532303 0.846554 0
    outer loop
      vertex 49.5957 40.0293 -0.25
      vertex 49.5957 40.0293 0.25
      vertex 49.6221 40.0459 0.25
    endloop
  endfacet
  facet normal -0.790331 0.612681 0
    outer loop
      vertex 49.3936 39.7686 -0.25
      vertex 49.5957 40.0293 0.25
      vertex 49.5957 40.0293 -0.25
    endloop
  endfacet
  facet normal -0.790331 0.612681 0
    outer loop
      vertex 49.3936 39.7686 -0.25
      vertex 49.3936 39.7686 0.25
      vertex 49.5957 40.0293 0.25
    endloop
  endfacet
  facet normal -0.859669 0.510852 0
    outer loop
      vertex 49.1562 39.3691 -0.25
      vertex 49.3936 39.7686 0.25
      vertex 49.3936 39.7686 -0.25
    endloop
  endfacet
  facet normal -0.859669 0.510852 0
    outer loop
      vertex 49.1562 39.3691 -0.25
      vertex 49.1562 39.3691 0.25
      vertex 49.3936 39.7686 0.25
    endloop
  endfacet
  facet normal -0.896686 0.442668 0
    outer loop
      vertex 49.1133 39.2822 -0.25
      vertex 49.1562 39.3691 0.25
      vertex 49.1562 39.3691 -0.25
    endloop
  endfacet
  facet normal -0.896686 0.442668 0
    outer loop
      vertex 49.1133 39.2822 -0.25
      vertex 49.1133 39.2822 0.25
      vertex 49.1562 39.3691 0.25
    endloop
  endfacet
  facet normal -0.899305 0.437323 0
    outer loop
      vertex 49.0264 39.1035 -0.25
      vertex 49.1133 39.2822 0.25
      vertex 49.1133 39.2822 -0.25
    endloop
  endfacet
  facet normal -0.899305 0.437323 0
    outer loop
      vertex 49.0264 39.1035 -0.25
      vertex 49.0264 39.1035 0.25
      vertex 49.1133 39.2822 0.25
    endloop
  endfacet
  facet normal -0.977457 0.211137 0
    outer loop
      vertex 48.8623 38.3438 -0.25
      vertex 49.0264 39.1035 0.25
      vertex 49.0264 39.1035 -0.25
    endloop
  endfacet
  facet normal -0.977457 0.211137 0
    outer loop
      vertex 48.8623 38.3438 -0.25
      vertex 48.8623 38.3438 0.25
      vertex 49.0264 39.1035 0.25
    endloop
  endfacet
  facet normal -0.968923 -0.247364 0
    outer loop
      vertex 49.0635 37.5557 -0.25
      vertex 48.8623 38.3438 0.25
      vertex 48.8623 38.3438 -0.25
    endloop
  endfacet
  facet normal -0.968923 -0.247364 0
    outer loop
      vertex 49.0635 37.5557 -0.25
      vertex 49.0635 37.5557 0.25
      vertex 48.8623 38.3438 0.25
    endloop
  endfacet
  facet normal -0.895346 -0.44537 0
    outer loop
      vertex 49.1602 37.3613 -0.25
      vertex 49.0635 37.5557 0.25
      vertex 49.0635 37.5557 -0.25
    endloop
  endfacet
  facet normal -0.895346 -0.44537 0
    outer loop
      vertex 49.1602 37.3613 -0.25
      vertex 49.1602 37.3613 0.25
      vertex 49.0635 37.5557 0.25
    endloop
  endfacet
  facet normal -0.889635 -0.456673 0
    outer loop
      vertex 49.3682 36.9561 -0.25
      vertex 49.1602 37.3613 0.25
      vertex 49.1602 37.3613 -0.25
    endloop
  endfacet
  facet normal -0.889635 -0.456673 0
    outer loop
      vertex 49.3682 36.9561 -0.25
      vertex 49.3682 36.9561 0.25
      vertex 49.1602 37.3613 0.25
    endloop
  endfacet
  facet normal -0.643632 0.765335 0
    outer loop
      vertex 40.4209 29.4316 -0.25
      vertex 49.3682 36.9561 0.25
      vertex 49.3682 36.9561 -0.25
    endloop
  endfacet
  facet normal -0.643632 0.765335 0
    outer loop
      vertex 40.4209 29.4316 -0.25
      vertex 40.4209 29.4316 0.25
      vertex 49.3682 36.9561 0.25
    endloop
  endfacet
  facet normal -0.641584 0.767053 0
    outer loop
      vertex 39.543 28.6973 -0.25
      vertex 40.4209 29.4316 0.25
      vertex 40.4209 29.4316 -0.25
    endloop
  endfacet
  facet normal -0.641584 0.767053 0
    outer loop
      vertex 39.543 28.6973 -0.25
      vertex 39.543 28.6973 0.25
      vertex 40.4209 29.4316 0.25
    endloop
  endfacet
  facet normal -0.642191 0.766545 0
    outer loop
      vertex 36.9121 26.4932 -0.25
      vertex 39.543 28.6973 0.25
      vertex 39.543 28.6973 -0.25
    endloop
  endfacet
  facet normal -0.642191 0.766545 0
    outer loop
      vertex 36.9121 26.4932 -0.25
      vertex 36.9121 26.4932 0.25
      vertex 39.543 28.6973 0.25
    endloop
  endfacet
  facet normal -0.642763 0.766065 0
    outer loop
      vertex 33.9883 24.04 -0.25
      vertex 36.9121 26.4932 0.25
      vertex 36.9121 26.4932 -0.25
    endloop
  endfacet
  facet normal -0.642763 0.766065 0
    outer loop
      vertex 33.9883 24.04 -0.25
      vertex 33.9883 24.04 0.25
      vertex 36.9121 26.4932 0.25
    endloop
  endfacet
  facet normal -0.642589 0.766211 0
    outer loop
      vertex 31.9541 22.334 -0.25
      vertex 33.9883 24.04 0.25
      vertex 33.9883 24.04 -0.25
    endloop
  endfacet
  facet normal -0.642589 0.766211 0
    outer loop
      vertex 31.9541 22.334 -0.25
      vertex 31.9541 22.334 0.25
      vertex 33.9883 24.04 0.25
    endloop
  endfacet
  facet normal -0.642046 0.766666 0
    outer loop
      vertex 31.1611 21.6699 -0.25
      vertex 31.9541 22.334 0.25
      vertex 31.9541 22.334 -0.25
    endloop
  endfacet
  facet normal -0.642046 0.766666 0
    outer loop
      vertex 31.1611 21.6699 -0.25
      vertex 31.1611 21.6699 0.25
      vertex 31.9541 22.334 0.25
    endloop
  endfacet
  facet normal -0.655762 0.754967 0
    outer loop
      vertex 31.1162 21.6309 -0.25
      vertex 31.1611 21.6699 0.25
      vertex 31.1611 21.6699 -0.25
    endloop
  endfacet
  facet normal -0.655762 0.754967 0
    outer loop
      vertex 31.1162 21.6309 -0.25
      vertex 31.1162 21.6309 0.25
      vertex 31.1611 21.6699 0.25
    endloop
  endfacet
  facet normal -0.609625 0.79269 0
    outer loop
      vertex 30.7568 21.3545 -0.25
      vertex 31.1162 21.6309 0.25
      vertex 31.1162 21.6309 -0.25
    endloop
  endfacet
  facet normal -0.609625 0.79269 0
    outer loop
      vertex 30.7568 21.3545 -0.25
      vertex 30.7568 21.3545 0.25
      vertex 31.1162 21.6309 0.25
    endloop
  endfacet
  facet normal 0.691254 0.722612 0
    outer loop
      vertex 30.4434 21.6543 -0.25
      vertex 30.7568 21.3545 0.25
      vertex 30.7568 21.3545 -0.25
    endloop
  endfacet
  facet normal 0.691254 0.722612 -0
    outer loop
      vertex 30.4434 21.6543 -0.25
      vertex 30.4434 21.6543 0.25
      vertex 30.7568 21.3545 0.25
    endloop
  endfacet
  facet normal 0.689974 0.723834 0
    outer loop
      vertex 30.2959 21.7949 -0.25
      vertex 30.4434 21.6543 0.25
      vertex 30.4434 21.6543 -0.25
    endloop
  endfacet
  facet normal 0.689974 0.723834 -0
    outer loop
      vertex 30.2959 21.7949 -0.25
      vertex 30.2959 21.7949 0.25
      vertex 30.4434 21.6543 0.25
    endloop
  endfacet
  facet normal 0.461378 0.887204 0
    outer loop
      vertex 29.7344 22.0869 -0.25
      vertex 30.2959 21.7949 0.25
      vertex 30.2959 21.7949 -0.25
    endloop
  endfacet
  facet normal 0.461378 0.887204 -0
    outer loop
      vertex 29.7344 22.0869 -0.25
      vertex 29.7344 22.0869 0.25
      vertex 30.2959 21.7949 0.25
    endloop
  endfacet
  facet normal 0.146531 0.989206 0
    outer loop
      vertex 28.9297 22.2061 -0.25
      vertex 29.7344 22.0869 0.25
      vertex 29.7344 22.0869 -0.25
    endloop
  endfacet
  facet normal 0.146531 0.989206 -0
    outer loop
      vertex 28.9297 22.2061 -0.25
      vertex 28.9297 22.2061 0.25
      vertex 29.7344 22.0869 0.25
    endloop
  endfacet
  facet normal -0.237736 0.97133 0
    outer loop
      vertex 28.1436 22.0137 -0.25
      vertex 28.9297 22.2061 0.25
      vertex 28.9297 22.2061 -0.25
    endloop
  endfacet
  facet normal -0.237736 0.97133 0
    outer loop
      vertex 28.1436 22.0137 -0.25
      vertex 28.1436 22.0137 0.25
      vertex 28.9297 22.2061 0.25
    endloop
  endfacet
  facet normal -0.551787 0.833985 0
    outer loop
      vertex 27.6211 21.668 -0.25
      vertex 28.1436 22.0137 0.25
      vertex 28.1436 22.0137 -0.25
    endloop
  endfacet
  facet normal -0.551787 0.833985 0
    outer loop
      vertex 27.6211 21.668 -0.25
      vertex 27.6211 21.668 0.25
      vertex 28.1436 22.0137 0.25
    endloop
  endfacet
  facet normal -0.765992 0.64285 0
    outer loop
      vertex 27.4932 21.5156 -0.25
      vertex 27.6211 21.668 0.25
      vertex 27.6211 21.668 -0.25
    endloop
  endfacet
  facet normal -0.765992 0.64285 0
    outer loop
      vertex 27.4932 21.5156 -0.25
      vertex 27.4932 21.5156 0.25
      vertex 27.6211 21.668 0.25
    endloop
  endfacet
  facet normal -0.753185 0.657809 0
    outer loop
      vertex 27.4463 21.4619 -0.25
      vertex 27.4932 21.5156 0.25
      vertex 27.4932 21.5156 -0.25
    endloop
  endfacet
  facet normal -0.753185 0.657809 0
    outer loop
      vertex 27.4463 21.4619 -0.25
      vertex 27.4463 21.4619 0.25
      vertex 27.4932 21.5156 0.25
    endloop
  endfacet
  facet normal -0.864995 0.50178 0
    outer loop
      vertex 27.2656 21.1504 -0.25
      vertex 27.4463 21.4619 0.25
      vertex 27.4463 21.4619 -0.25
    endloop
  endfacet
  facet normal -0.864995 0.50178 0
    outer loop
      vertex 27.2656 21.1504 -0.25
      vertex 27.2656 21.1504 0.25
      vertex 27.4463 21.4619 0.25
    endloop
  endfacet
  facet normal -0.948758 0.316004 0
    outer loop
      vertex 27.1807 20.8955 -0.25
      vertex 27.2656 21.1504 0.25
      vertex 27.2656 21.1504 -0.25
    endloop
  endfacet
  facet normal -0.948758 0.316004 0
    outer loop
      vertex 27.1807 20.8955 -0.25
      vertex 27.1807 20.8955 0.25
      vertex 27.2656 21.1504 0.25
    endloop
  endfacet
  facet normal -1 0 0
    outer loop
      vertex 27.1807 20.7354 -0.25
      vertex 27.1807 20.8955 0.25
      vertex 27.1807 20.8955 -0.25
    endloop
  endfacet
  facet normal -1 0 0
    outer loop
      vertex 27.1807 20.7354 -0.25
      vertex 27.1807 20.7354 0.25
      vertex 27.1807 20.8955 0.25
    endloop
  endfacet
  facet normal -0.943676 0.330872 0
    outer loop
      vertex 27.1016 20.5098 -0.25
      vertex 27.1807 20.7354 0.25
      vertex 27.1807 20.7354 -0.25
    endloop
  endfacet
  facet normal -0.943676 0.330872 0
    outer loop
      vertex 27.1016 20.5098 -0.25
      vertex 27.1016 20.5098 0.25
      vertex 27.1807 20.7354 0.25
    endloop
  endfacet
  facet normal -0.443578 0.896236 0
    outer loop
      vertex 26.8252 20.373 -0.25
      vertex 27.1016 20.5098 0.25
      vertex 27.1016 20.5098 -0.25
    endloop
  endfacet
  facet normal -0.443578 0.896236 0
    outer loop
      vertex 26.8252 20.373 -0.25
      vertex 26.8252 20.373 0.25
      vertex 27.1016 20.5098 0.25
    endloop
  endfacet
  facet normal -0.262442 0.964948 0
    outer loop
      vertex 26.7285 20.3467 -0.25
      vertex 26.8252 20.373 0.25
      vertex 26.8252 20.373 -0.25
    endloop
  endfacet
  facet normal -0.262442 0.964948 0
    outer loop
      vertex 26.7285 20.3467 -0.25
      vertex 26.7285 20.3467 0.25
      vertex 26.8252 20.373 0.25
    endloop
  endfacet
  facet normal -0.220855 0.975307 0
    outer loop
      vertex 26.668 20.333 -0.25
      vertex 26.7285 20.3467 0.25
      vertex 26.7285 20.3467 -0.25
    endloop
  endfacet
  facet normal -0.220855 0.975307 0
    outer loop
      vertex 26.668 20.333 -0.25
      vertex 26.668 20.333 0.25
      vertex 26.7285 20.3467 0.25
    endloop
  endfacet
  facet normal -0.364523 0.931195 0
    outer loop
      vertex 26.3262 20.1992 -0.25
      vertex 26.668 20.333 0.25
      vertex 26.668 20.333 -0.25
    endloop
  endfacet
  facet normal -0.364523 0.931195 0
    outer loop
      vertex 26.3262 20.1992 -0.25
      vertex 26.3262 20.1992 0.25
      vertex 26.668 20.333 0.25
    endloop
  endfacet
  facet normal -0.494068 0.869423 0
    outer loop
      vertex 26.0186 20.0244 -0.25
      vertex 26.3262 20.1992 0.25
      vertex 26.3262 20.1992 -0.25
    endloop
  endfacet
  facet normal -0.494068 0.869423 0
    outer loop
      vertex 26.0186 20.0244 -0.25
      vertex 26.0186 20.0244 0.25
      vertex 26.3262 20.1992 0.25
    endloop
  endfacet
  facet normal -0.642983 0.76588 0
    outer loop
      vertex 25.9756 19.9883 -0.25
      vertex 26.0186 20.0244 0.25
      vertex 26.0186 20.0244 -0.25
    endloop
  endfacet
  facet normal -0.642983 0.76588 0
    outer loop
      vertex 25.9756 19.9883 -0.25
      vertex 25.9756 19.9883 0.25
      vertex 26.0186 20.0244 0.25
    endloop
  endfacet
  facet normal -0.618067 0.786125 0
    outer loop
      vertex 25.665 19.7441 -0.25
      vertex 25.9756 19.9883 0.25
      vertex 25.9756 19.9883 -0.25
    endloop
  endfacet
  facet normal -0.618067 0.786125 0
    outer loop
      vertex 25.665 19.7441 -0.25
      vertex 25.665 19.7441 0.25
      vertex 25.9756 19.9883 0.25
    endloop
  endfacet
  facet normal 0.611863 0.790964 0
    outer loop
      vertex 24.8418 20.3809 -0.25
      vertex 25.665 19.7441 0.25
      vertex 25.665 19.7441 -0.25
    endloop
  endfacet
  facet normal 0.611863 0.790964 -0
    outer loop
      vertex 24.8418 20.3809 -0.25
      vertex 24.8418 20.3809 0.25
      vertex 25.665 19.7441 0.25
    endloop
  endfacet
  facet normal 0.466264 -0.884646 0
    outer loop
      vertex 25.5254 20.7412 -0.25
      vertex 24.8418 20.3809 0.25
      vertex 24.8418 20.3809 -0.25
    endloop
  endfacet
  facet normal 0.466264 -0.884646 0
    outer loop
      vertex 25.5254 20.7412 -0.25
      vertex 25.5254 20.7412 0.25
      vertex 24.8418 20.3809 0.25
    endloop
  endfacet
  facet normal 0.47989 -0.877328 0
    outer loop
      vertex 25.6201 20.793 -0.25
      vertex 25.5254 20.7412 0.25
      vertex 25.5254 20.7412 -0.25
    endloop
  endfacet
  facet normal 0.47989 -0.877328 0
    outer loop
      vertex 25.6201 20.793 -0.25
      vertex 25.6201 20.793 0.25
      vertex 25.5254 20.7412 0.25
    endloop
  endfacet
  facet normal 0.516102 -0.856527 0
    outer loop
      vertex 26.2861 21.1943 -0.25
      vertex 25.6201 20.793 0.25
      vertex 25.6201 20.793 -0.25
    endloop
  endfacet
  facet normal 0.516102 -0.856527 0
    outer loop
      vertex 26.2861 21.1943 -0.25
      vertex 26.2861 21.1943 0.25
      vertex 25.6201 20.793 0.25
    endloop
  endfacet
  facet normal 0.55026 -0.834993 0
    outer loop
      vertex 27.0078 21.6699 -0.25
      vertex 26.2861 21.1943 0.25
      vertex 26.2861 21.1943 -0.25
    endloop
  endfacet
  facet normal 0.55026 -0.834993 0
    outer loop
      vertex 27.0078 21.6699 -0.25
      vertex 27.0078 21.6699 0.25
      vertex 26.2861 21.1943 0.25
    endloop
  endfacet
  facet normal 0.576505 -0.817094 0
    outer loop
      vertex 27.1338 21.7588 -0.25
      vertex 27.0078 21.6699 0.25
      vertex 27.0078 21.6699 -0.25
    endloop
  endfacet
  facet normal 0.576505 -0.817094 0
    outer loop
      vertex 27.1338 21.7588 -0.25
      vertex 27.1338 21.7588 0.25
      vertex 27.0078 21.6699 0.25
    endloop
  endfacet
  facet normal 0.56501 -0.825084 0
    outer loop
      vertex 27.2607 21.8457 -0.25
      vertex 27.1338 21.7588 0.25
      vertex 27.1338 21.7588 -0.25
    endloop
  endfacet
  facet normal 0.56501 -0.825084 0
    outer loop
      vertex 27.2607 21.8457 -0.25
      vertex 27.2607 21.8457 0.25
      vertex 27.1338 21.7588 0.25
    endloop
  endfacet
  facet normal 0.543694 -0.839283 0
    outer loop
      vertex 27.8652 22.2373 -0.25
      vertex 27.2607 21.8457 0.25
      vertex 27.2607 21.8457 -0.25
    endloop
  endfacet
  facet normal 0.543694 -0.839283 0
    outer loop
      vertex 27.8652 22.2373 -0.25
      vertex 27.8652 22.2373 0.25
      vertex 27.2607 21.8457 0.25
    endloop
  endfacet
  facet normal 0.48621 -0.873842 0
    outer loop
      vertex 28.2969 22.4775 -0.25
      vertex 27.8652 22.2373 0.25
      vertex 27.8652 22.2373 -0.25
    endloop
  endfacet
  facet normal 0.48621 -0.873842 0
    outer loop
      vertex 28.2969 22.4775 -0.25
      vertex 28.2969 22.4775 0.25
      vertex 27.8652 22.2373 0.25
    endloop
  endfacet
  facet normal 0.254725 -0.967013 0
    outer loop
      vertex 28.3379 22.4883 -0.25
      vertex 28.2969 22.4775 0.25
      vertex 28.2969 22.4775 -0.25
    endloop
  endfacet
  facet normal 0.254725 -0.967013 0
    outer loop
      vertex 28.3379 22.4883 -0.25
      vertex 28.3379 22.4883 0.25
      vertex 28.2969 22.4775 0.25
    endloop
  endfacet
  facet normal 0.299039 -0.954241 0
    outer loop
      vertex 28.6152 22.5752 -0.25
      vertex 28.3379 22.4883 0.25
      vertex 28.3379 22.4883 -0.25
    endloop
  endfacet
  facet normal 0.299039 -0.954241 0
    outer loop
      vertex 28.6152 22.5752 -0.25
      vertex 28.6152 22.5752 0.25
      vertex 28.3379 22.4883 0.25
    endloop
  endfacet
  facet normal 0.498319 -0.866994 0
    outer loop
      vertex 29.8691 23.2959 -0.25
      vertex 28.6152 22.5752 0.25
      vertex 28.6152 22.5752 -0.25
    endloop
  endfacet
  facet normal 0.498319 -0.866994 0
    outer loop
      vertex 29.8691 23.2959 -0.25
      vertex 29.8691 23.2959 0.25
      vertex 28.6152 22.5752 0.25
    endloop
  endfacet
  facet normal 0.728956 -0.68456 0
    outer loop
      vertex 30.8174 24.3057 -0.25
      vertex 29.8691 23.2959 0.25
      vertex 29.8691 23.2959 -0.25
    endloop
  endfacet
  facet normal 0.728956 -0.68456 0
    outer loop
      vertex 30.8174 24.3057 -0.25
      vertex 30.8174 24.3057 0.25
      vertex 29.8691 23.2959 0.25
    endloop
  endfacet
  facet normal 0.879835 -0.475278 0
    outer loop
      vertex 30.9424 24.5371 -0.25
      vertex 30.8174 24.3057 0.25
      vertex 30.8174 24.3057 -0.25
    endloop
  endfacet
  facet normal 0.879835 -0.475278 0
    outer loop
      vertex 30.9424 24.5371 -0.25
      vertex 30.9424 24.5371 0.25
      vertex 30.8174 24.3057 0.25
    endloop
  endfacet
  facet normal 0.879319 -0.476232 0
    outer loop
      vertex 31.0635 24.7607 -0.25
      vertex 30.9424 24.5371 0.25
      vertex 30.9424 24.5371 -0.25
    endloop
  endfacet
  facet normal 0.879319 -0.476232 0
    outer loop
      vertex 31.0635 24.7607 -0.25
      vertex 31.0635 24.7607 0.25
      vertex 30.9424 24.5371 0.25
    endloop
  endfacet
  facet normal 0.976743 -0.214413 0
    outer loop
      vertex 31.3467 26.0508 -0.25
      vertex 31.0635 24.7607 0.25
      vertex 31.0635 24.7607 -0.25
    endloop
  endfacet
  facet normal 0.976743 -0.214413 0
    outer loop
      vertex 31.3467 26.0508 -0.25
      vertex 31.3467 26.0508 0.25
      vertex 31.0635 24.7607 0.25
    endloop
  endfacet
  facet normal 0.992608 0.121368 0
    outer loop
      vertex 31.1904 27.3291 -0.25
      vertex 31.3467 26.0508 0.25
      vertex 31.3467 26.0508 -0.25
    endloop
  endfacet
  facet normal 0.992608 0.121368 -0
    outer loop
      vertex 31.1904 27.3291 -0.25
      vertex 31.1904 27.3291 0.25
      vertex 31.3467 26.0508 0.25
    endloop
  endfacet
  facet normal 0.911859 0.410505 0
    outer loop
      vertex 31.0928 27.5459 -0.25
      vertex 31.1904 27.3291 0.25
      vertex 31.1904 27.3291 -0.25
    endloop
  endfacet
  facet normal 0.911859 0.410505 -0
    outer loop
      vertex 31.0928 27.5459 -0.25
      vertex 31.0928 27.5459 0.25
      vertex 31.1904 27.3291 0.25
    endloop
  endfacet
  facet normal 0.904394 0.426699 0
    outer loop
      vertex 31.0518 27.6328 -0.25
      vertex 31.0928 27.5459 0.25
      vertex 31.0928 27.5459 -0.25
    endloop
  endfacet
  facet normal 0.904394 0.426699 -0
    outer loop
      vertex 31.0518 27.6328 -0.25
      vertex 31.0518 27.6328 0.25
      vertex 31.0928 27.5459 0.25
    endloop
  endfacet
  facet normal 0.856586 0.516004 0
    outer loop
      vertex 30.75 28.1338 -0.25
      vertex 31.0518 27.6328 0.25
      vertex 31.0518 27.6328 -0.25
    endloop
  endfacet
  facet normal 0.856586 0.516004 -0
    outer loop
      vertex 30.75 28.1338 -0.25
      vertex 30.75 28.1338 0.25
      vertex 31.0518 27.6328 0.25
    endloop
  endfacet
  facet normal 0.794193 0.607665 0
    outer loop
      vertex 30.3936 28.5996 -0.25
      vertex 30.75 28.1338 0.25
      vertex 30.75 28.1338 -0.25
    endloop
  endfacet
  facet normal 0.794193 0.607665 -0
    outer loop
      vertex 30.3936 28.5996 -0.25
      vertex 30.3936 28.5996 0.25
      vertex 30.75 28.1338 0.25
    endloop
  endfacet
  facet normal 0.726751 0.686901 0
    outer loop
      vertex 30.3281 28.6689 -0.25
      vertex 30.3936 28.5996 0.25
      vertex 30.3936 28.5996 -0.25
    endloop
  endfacet
  facet normal 0.726751 0.686901 -0
    outer loop
      vertex 30.3281 28.6689 -0.25
      vertex 30.3281 28.6689 0.25
      vertex 30.3936 28.5996 0.25
    endloop
  endfacet
  facet normal 0.733573 0.679611 0
    outer loop
      vertex 30.2412 28.7627 -0.25
      vertex 30.3281 28.6689 0.25
      vertex 30.3281 28.6689 -0.25
    endloop
  endfacet
  facet normal 0.733573 0.679611 -0
    outer loop
      vertex 30.2412 28.7627 -0.25
      vertex 30.2412 28.7627 0.25
      vertex 30.3281 28.6689 0.25
    endloop
  endfacet
  facet normal 0.813259 0.581902 0
    outer loop
      vertex 29.9512 29.168 -0.25
      vertex 30.2412 28.7627 0.25
      vertex 30.2412 28.7627 -0.25
    endloop
  endfacet
  facet normal 0.813259 0.581902 -0
    outer loop
      vertex 29.9512 29.168 -0.25
      vertex 29.9512 29.168 0.25
      vertex 30.2412 28.7627 0.25
    endloop
  endfacet
  facet normal 0.94382 0.330459 0
    outer loop
      vertex 29.8018 29.5947 -0.25
      vertex 29.9512 29.168 0.25
      vertex 29.9512 29.168 -0.25
    endloop
  endfacet
  facet normal 0.94382 0.330459 -0
    outer loop
      vertex 29.8018 29.5947 -0.25
      vertex 29.8018 29.5947 0.25
      vertex 29.9512 29.168 0.25
    endloop
  endfacet
  facet normal 0.987381 0.158363 0
    outer loop
      vertex 29.7852 29.6982 -0.25
      vertex 29.8018 29.5947 0.25
      vertex 29.8018 29.5947 -0.25
    endloop
  endfacet
  facet normal 0.987381 0.158363 -0
    outer loop
      vertex 29.7852 29.6982 -0.25
      vertex 29.7852 29.6982 0.25
      vertex 29.8018 29.5947 0.25
    endloop
  endfacet
  facet normal 0.986037 0.166525 0
    outer loop
      vertex 29.7725 29.7734 -0.25
      vertex 29.7852 29.6982 0.25
      vertex 29.7852 29.6982 -0.25
    endloop
  endfacet
  facet normal 0.986037 0.166525 -0
    outer loop
      vertex 29.7725 29.7734 -0.25
      vertex 29.7725 29.7734 0.25
      vertex 29.7852 29.6982 0.25
    endloop
  endfacet
  facet normal 0.9741 0.226118 0
    outer loop
      vertex 29.6426 30.333 -0.25
      vertex 29.7725 29.7734 0.25
      vertex 29.7725 29.7734 -0.25
    endloop
  endfacet
  facet normal 0.9741 0.226118 -0
    outer loop
      vertex 29.6426 30.333 -0.25
      vertex 29.6426 30.333 0.25
      vertex 29.7725 29.7734 0.25
    endloop
  endfacet
  facet normal 0.959102 0.28306 0
    outer loop
      vertex 29.4541 30.9717 -0.25
      vertex 29.6426 30.333 0.25
      vertex 29.6426 30.333 -0.25
    endloop
  endfacet
  facet normal 0.959102 0.28306 -0
    outer loop
      vertex 29.4541 30.9717 -0.25
      vertex 29.4541 30.9717 0.25
      vertex 29.6426 30.333 0.25
    endloop
  endfacet
  facet normal 0.944674 0.328012 0
    outer loop
      vertex 29.4141 31.0869 -0.25
      vertex 29.4541 30.9717 0.25
      vertex 29.4541 30.9717 -0.25
    endloop
  endfacet
  facet normal 0.944674 0.328012 -0
    outer loop
      vertex 29.4141 31.0869 -0.25
      vertex 29.4141 31.0869 0.25
      vertex 29.4541 30.9717 0.25
    endloop
  endfacet
  facet normal 0.944798 0.327653 0
    outer loop
      vertex 29.3643 31.2305 -0.25
      vertex 29.4141 31.0869 0.25
      vertex 29.4141 31.0869 -0.25
    endloop
  endfacet
  facet normal 0.944798 0.327653 -0
    outer loop
      vertex 29.3643 31.2305 -0.25
      vertex 29.3643 31.2305 0.25
      vertex 29.4141 31.0869 0.25
    endloop
  endfacet
  facet normal 0.962872 0.269958 0
    outer loop
      vertex 29.2422 31.666 -0.25
      vertex 29.3643 31.2305 0.25
      vertex 29.3643 31.2305 -0.25
    endloop
  endfacet
  facet normal 0.962872 0.269958 -0
    outer loop
      vertex 29.2422 31.666 -0.25
      vertex 29.2422 31.666 0.25
      vertex 29.3643 31.2305 0.25
    endloop
  endfacet
  facet normal 0.996421 0.0845258 0
    outer loop
      vertex 29.1992 32.1729 -0.25
      vertex 29.2422 31.666 0.25
      vertex 29.2422 31.666 -0.25
    endloop
  endfacet
  facet normal 0.996421 0.0845258 -0
    outer loop
      vertex 29.1992 32.1729 -0.25
      vertex 29.1992 32.1729 0.25
      vertex 29.2422 31.666 0.25
    endloop
  endfacet
  facet normal 0.989124 -0.147083 0
    outer loop
      vertex 29.2959 32.8232 -0.25
      vertex 29.1992 32.1729 0.25
      vertex 29.1992 32.1729 -0.25
    endloop
  endfacet
  facet normal 0.989124 -0.147083 0
    outer loop
      vertex 29.2959 32.8232 -0.25
      vertex 29.2959 32.8232 0.25
      vertex 29.1992 32.1729 0.25
    endloop
  endfacet
  facet normal 0.972665 -0.232211 0
    outer loop
      vertex 29.4766 33.5801 -0.25
      vertex 29.2959 32.8232 0.25
      vertex 29.2959 32.8232 -0.25
    endloop
  endfacet
  facet normal 0.972665 -0.232211 0
    outer loop
      vertex 29.4766 33.5801 -0.25
      vertex 29.4766 33.5801 0.25
      vertex 29.2959 32.8232 0.25
    endloop
  endfacet
  facet normal 0.968553 -0.248807 0
    outer loop
      vertex 29.6221 34.1465 -0.25
      vertex 29.4766 33.5801 0.25
      vertex 29.4766 33.5801 -0.25
    endloop
  endfacet
  facet normal 0.968553 -0.248807 0
    outer loop
      vertex 29.6221 34.1465 -0.25
      vertex 29.6221 34.1465 0.25
      vertex 29.4766 33.5801 0.25
    endloop
  endfacet
  facet normal 0.995781 -0.0917658 0
    outer loop
      vertex 29.7129 35.1318 -0.25
      vertex 29.6221 34.1465 0.25
      vertex 29.6221 34.1465 -0.25
    endloop
  endfacet
  facet normal 0.995781 -0.0917658 0
    outer loop
      vertex 29.7129 35.1318 -0.25
      vertex 29.7129 35.1318 0.25
      vertex 29.6221 34.1465 0.25
    endloop
  endfacet
  facet normal 0.985265 0.171037 0
    outer loop
      vertex 29.502 36.3467 -0.25
      vertex 29.7129 35.1318 0.25
      vertex 29.7129 35.1318 -0.25
    endloop
  endfacet
  facet normal 0.985265 0.171037 -0
    outer loop
      vertex 29.502 36.3467 -0.25
      vertex 29.502 36.3467 0.25
      vertex 29.7129 35.1318 0.25
    endloop
  endfacet
  facet normal 0.888991 0.457925 0
    outer loop
      vertex 28.8848 37.5449 -0.25
      vertex 29.502 36.3467 0.25
      vertex 29.502 36.3467 -0.25
    endloop
  endfacet
  facet normal 0.888991 0.457925 -0
    outer loop
      vertex 28.8848 37.5449 -0.25
      vertex 28.8848 37.5449 0.25
      vertex 29.502 36.3467 0.25
    endloop
  endfacet
  facet normal 0.781141 0.624355 0
    outer loop
      vertex 28.123 38.498 -0.25
      vertex 28.8848 37.5449 0.25
      vertex 28.8848 37.5449 -0.25
    endloop
  endfacet
  facet normal 0.781141 0.624355 -0
    outer loop
      vertex 28.123 38.498 -0.25
      vertex 28.123 38.498 0.25
      vertex 28.8848 37.5449 0.25
    endloop
  endfacet
  facet normal 0.713289 0.700871 0
    outer loop
      vertex 27.8408 38.7852 -0.25
      vertex 28.123 38.498 0.25
      vertex 28.123 38.498 -0.25
    endloop
  endfacet
  facet normal 0.713289 0.700871 -0
    outer loop
      vertex 27.8408 38.7852 -0.25
      vertex 27.8408 38.7852 0.25
      vertex 28.123 38.498 0.25
    endloop
  endfacet
  facet normal 0.703728 0.710469 0
    outer loop
      vertex 27.7354 38.8896 -0.25
      vertex 27.8408 38.7852 0.25
      vertex 27.8408 38.7852 -0.25
    endloop
  endfacet
  facet normal 0.703728 0.710469 -0
    outer loop
      vertex 27.7354 38.8896 -0.25
      vertex 27.7354 38.8896 0.25
      vertex 27.8408 38.7852 0.25
    endloop
  endfacet
  facet normal 0.675265 0.737575 0
    outer loop
      vertex 27.0879 39.4824 -0.25
      vertex 27.7354 38.8896 0.25
      vertex 27.7354 38.8896 -0.25
    endloop
  endfacet
  facet normal 0.675265 0.737575 -0
    outer loop
      vertex 27.0879 39.4824 -0.25
      vertex 27.0879 39.4824 0.25
      vertex 27.7354 38.8896 0.25
    endloop
  endfacet
  facet normal 0.641855 0.766826 0
    outer loop
      vertex 26.4473 40.0186 -0.25
      vertex 27.0879 39.4824 0.25
      vertex 27.0879 39.4824 -0.25
    endloop
  endfacet
  facet normal 0.641855 0.766826 -0
    outer loop
      vertex 26.4473 40.0186 -0.25
      vertex 26.4473 40.0186 0.25
      vertex 27.0879 39.4824 0.25
    endloop
  endfacet
  facet normal 0.593581 0.804774 0
    outer loop
      vertex 26.3467 40.0928 -0.25
      vertex 26.4473 40.0186 0.25
      vertex 26.4473 40.0186 -0.25
    endloop
  endfacet
  facet normal 0.593581 0.804774 -0
    outer loop
      vertex 26.3467 40.0928 -0.25
      vertex 26.3467 40.0928 0.25
      vertex 26.4473 40.0186 0.25
    endloop
  endfacet
  facet normal 0.597889 0.801579 0
    outer loop
      vertex 26.1582 40.2334 -0.25
      vertex 26.3467 40.0928 0.25
      vertex 26.3467 40.0928 -0.25
    endloop
  endfacet
  facet normal 0.597889 0.801579 -0
    outer loop
      vertex 26.1582 40.2334 -0.25
      vertex 26.1582 40.2334 0.25
      vertex 26.3467 40.0928 0.25
    endloop
  endfacet
  facet normal 0.532918 0.846167 0
    outer loop
      vertex 25.5596 40.6104 -0.25
      vertex 26.1582 40.2334 0.25
      vertex 26.1582 40.2334 -0.25
    endloop
  endfacet
  facet normal 0.532918 0.846167 -0
    outer loop
      vertex 25.5596 40.6104 -0.25
      vertex 25.5596 40.6104 0.25
      vertex 26.1582 40.2334 0.25
    endloop
  endfacet
  facet normal 0.474726 0.880134 0
    outer loop
      vertex 24.7051 41.0713 -0.25
      vertex 25.5596 40.6104 0.25
      vertex 25.5596 40.6104 -0.25
    endloop
  endfacet
  facet normal 0.474726 0.880134 -0
    outer loop
      vertex 24.7051 41.0713 -0.25
      vertex 24.7051 41.0713 0.25
      vertex 25.5596 40.6104 0.25
    endloop
  endfacet
  facet normal 0.393373 0.919379 0
    outer loop
      vertex 23.9336 41.4014 -0.25
      vertex 24.7051 41.0713 0.25
      vertex 24.7051 41.0713 -0.25
    endloop
  endfacet
  facet normal 0.393373 0.919379 -0
    outer loop
      vertex 23.9336 41.4014 -0.25
      vertex 23.9336 41.4014 0.25
      vertex 24.7051 41.0713 0.25
    endloop
  endfacet
  facet normal 0.296651 0.954986 0
    outer loop
      vertex 23.5283 41.5273 -0.25
      vertex 23.9336 41.4014 0.25
      vertex 23.9336 41.4014 -0.25
    endloop
  endfacet
  facet normal 0.296651 0.954986 -0
    outer loop
      vertex 23.5283 41.5273 -0.25
      vertex 23.5283 41.5273 0.25
      vertex 23.9336 41.4014 0.25
    endloop
  endfacet
  facet normal 0 1 0
    outer loop
      vertex 23.249 41.5273 -0.25
      vertex 23.5283 41.5273 0.25
      vertex 23.5283 41.5273 -0.25
    endloop
  endfacet
  facet normal 0 1 0
    outer loop
      vertex 23.249 41.5273 -0.25
      vertex 23.249 41.5273 0.25
      vertex 23.5283 41.5273 0.25
    endloop
  endfacet
  facet normal -0.438213 0.898871 0
    outer loop
      vertex 22.8125 41.3145 -0.25
      vertex 23.249 41.5273 0.25
      vertex 23.249 41.5273 -0.25
    endloop
  endfacet
  facet normal -0.438213 0.898871 0
    outer loop
      vertex 22.8125 41.3145 -0.25
      vertex 22.8125 41.3145 0.25
      vertex 23.249 41.5273 0.25
    endloop
  endfacet
  facet normal -0.808105 0.589038 0
    outer loop
      vertex 22.5498 40.9541 -0.25
      vertex 22.8125 41.3145 0.25
      vertex 22.8125 41.3145 -0.25
    endloop
  endfacet
  facet normal -0.808105 0.589038 0
    outer loop
      vertex 22.5498 40.9541 -0.25
      vertex 22.5498 40.9541 0.25
      vertex 22.8125 41.3145 0.25
    endloop
  endfacet
  facet normal -1 0 0
    outer loop
      vertex 22.5498 40.7109 -0.25
      vertex 22.5498 40.9541 0.25
      vertex 22.5498 40.9541 -0.25
    endloop
  endfacet
  facet normal -1 0 0
    outer loop
      vertex 22.5498 40.7109 -0.25
      vertex 22.5498 40.7109 0.25
      vertex 22.5498 40.9541 0.25
    endloop
  endfacet
  facet normal -0.779787 -0.626044 0
    outer loop
      vertex 22.8438 40.3447 -0.25
      vertex 22.5498 40.7109 0.25
      vertex 22.5498 40.7109 -0.25
    endloop
  endfacet
  facet normal -0.779787 -0.626044 0
    outer loop
      vertex 22.8438 40.3447 -0.25
      vertex 22.8438 40.3447 0.25
      vertex 22.5498 40.7109 0.25
    endloop
  endfacet
  facet normal -0.777478 -0.628911 0
    outer loop
      vertex 23.4102 39.6445 -0.25
      vertex 22.8438 40.3447 0.25
      vertex 22.8438 40.3447 -0.25
    endloop
  endfacet
  facet normal -0.777478 -0.628911 0
    outer loop
      vertex 23.4102 39.6445 -0.25
      vertex 23.4102 39.6445 0.25
      vertex 22.8438 40.3447 0.25
    endloop
  endfacet
  facet normal -0.748506 -0.663128 0
    outer loop
      vertex 23.5469 39.4902 -0.25
      vertex 23.4102 39.6445 0.25
      vertex 23.4102 39.6445 -0.25
    endloop
  endfacet
  facet normal -0.748506 -0.663128 0
    outer loop
      vertex 23.5469 39.4902 -0.25
      vertex 23.5469 39.4902 0.25
      vertex 23.4102 39.6445 0.25
    endloop
  endfacet
  facet normal -0.738791 -0.673934 0
    outer loop
      vertex 23.709 39.3125 -0.25
      vertex 23.5469 39.4902 0.25
      vertex 23.5469 39.4902 -0.25
    endloop
  endfacet
  facet normal -0.738791 -0.673934 0
    outer loop
      vertex 23.709 39.3125 -0.25
      vertex 23.709 39.3125 0.25
      vertex 23.5469 39.4902 0.25
    endloop
  endfacet
  facet normal -0.767055 -0.641582 0
    outer loop
      vertex 24.1738 38.7568 -0.25
      vertex 23.709 39.3125 0.25
      vertex 23.709 39.3125 -0.25
    endloop
  endfacet
  facet normal -0.767055 -0.641582 0
    outer loop
      vertex 24.1738 38.7568 -0.25
      vertex 24.1738 38.7568 0.25
      vertex 23.709 39.3125 0.25
    endloop
  endfacet
  facet normal -0.823857 -0.566798 0
    outer loop
      vertex 24.5762 38.1719 -0.25
      vertex 24.1738 38.7568 0.25
      vertex 24.1738 38.7568 -0.25
    endloop
  endfacet
  facet normal -0.823857 -0.566798 0
    outer loop
      vertex 24.5762 38.1719 -0.25
      vertex 24.5762 38.1719 0.25
      vertex 24.1738 38.7568 0.25
    endloop
  endfacet
  facet normal -0.923997 -0.382399 0
    outer loop
      vertex 24.7686 37.707 -0.25
      vertex 24.5762 38.1719 0.25
      vertex 24.5762 38.1719 -0.25
    endloop
  endfacet
  facet normal -0.923997 -0.382399 0
    outer loop
      vertex 24.7686 37.707 -0.25
      vertex 24.7686 37.707 0.25
      vertex 24.5762 38.1719 0.25
    endloop
  endfacet
  facet normal -0.995685 -0.0927942 0
    outer loop
      vertex 24.7949 37.4248 -0.25
      vertex 24.7686 37.707 0.25
      vertex 24.7686 37.707 -0.25
    endloop
  endfacet
  facet normal -0.995685 -0.0927942 0
    outer loop
      vertex 24.7949 37.4248 -0.25
      vertex 24.7949 37.4248 0.25
      vertex 24.7686 37.707 0.25
    endloop
  endfacet
  facet normal -0.970731 0.240169 0
    outer loop
      vertex 24.7734 37.3379 -0.25
      vertex 24.7949 37.4248 0.25
      vertex 24.7949 37.4248 -0.25
    endloop
  endfacet
  facet normal -0.970731 0.240169 0
    outer loop
      vertex 24.7734 37.3379 -0.25
      vertex 24.7734 37.3379 0.25
      vertex 24.7949 37.4248 0.25
    endloop
  endfacet
  facet normal -0.971551 0.236832 0
    outer loop
      vertex 24.7646 37.3018 -0.25
      vertex 24.7734 37.3379 0.25
      vertex 24.7734 37.3379 -0.25
    endloop
  endfacet
  facet normal -0.971551 0.236832 0
    outer loop
      vertex 24.7646 37.3018 -0.25
      vertex 24.7646 37.3018 0.25
      vertex 24.7734 37.3379 0.25
    endloop
  endfacet
  facet normal -0.886312 0.463088 0
    outer loop
      vertex 24.71 37.1973 -0.25
      vertex 24.7646 37.3018 0.25
      vertex 24.7646 37.3018 -0.25
    endloop
  endfacet
  facet normal -0.886312 0.463088 0
    outer loop
      vertex 24.71 37.1973 -0.25
      vertex 24.71 37.1973 0.25
      vertex 24.7646 37.3018 0.25
    endloop
  endfacet
  facet normal -0.162964 0.986632 0
    outer loop
      vertex 24.5205 37.166 -0.25
      vertex 24.71 37.1973 0.25
      vertex 24.71 37.1973 -0.25
    endloop
  endfacet
  facet normal -0.162964 0.986632 0
    outer loop
      vertex 24.5205 37.166 -0.25
      vertex 24.5205 37.166 0.25
      vertex 24.71 37.1973 0.25
    endloop
  endfacet
  facet normal 0.202343 0.979315 0
    outer loop
      vertex 24.0762 37.2578 -0.25
      vertex 24.5205 37.166 0.25
      vertex 24.5205 37.166 -0.25
    endloop
  endfacet
  facet normal 0.202343 0.979315 -0
    outer loop
      vertex 24.0762 37.2578 -0.25
      vertex 24.0762 37.2578 0.25
      vertex 24.5205 37.166 0.25
    endloop
  endfacet
  facet normal 0.266626 0.9638 0
    outer loop
      vertex 23.4512 37.4307 -0.25
      vertex 24.0762 37.2578 0.25
      vertex 24.0762 37.2578 -0.25
    endloop
  endfacet
  facet normal 0.266626 0.9638 -0
    outer loop
      vertex 23.4512 37.4307 -0.25
      vertex 23.4512 37.4307 0.25
      vertex 24.0762 37.2578 0.25
    endloop
  endfacet
  facet normal 0.269162 0.963095 0
    outer loop
      vertex 23.2451 37.4883 -0.25
      vertex 23.4512 37.4307 0.25
      vertex 23.4512 37.4307 -0.25
    endloop
  endfacet
  facet normal 0.269162 0.963095 -0
    outer loop
      vertex 23.2451 37.4883 -0.25
      vertex 23.2451 37.4883 0.25
      vertex 23.4512 37.4307 0.25
    endloop
  endfacet
  facet normal 0.278344 0.960482 0
    outer loop
      vertex 22.9756 37.5664 -0.25
      vertex 23.2451 37.4883 0.25
      vertex 23.2451 37.4883 -0.25
    endloop
  endfacet
  facet normal 0.278344 0.960482 -0
    outer loop
      vertex 22.9756 37.5664 -0.25
      vertex 22.9756 37.5664 0.25
      vertex 23.2451 37.4883 0.25
    endloop
  endfacet
  facet normal 0.158221 0.987404 0
    outer loop
      vertex 22.1406 37.7002 -0.25
      vertex 22.9756 37.5664 0.25
      vertex 22.9756 37.5664 -0.25
    endloop
  endfacet
  facet normal 0.158221 0.987404 -0
    outer loop
      vertex 22.1406 37.7002 -0.25
      vertex 22.1406 37.7002 0.25
      vertex 22.9756 37.5664 0.25
    endloop
  endfacet
  facet normal 0.0782715 0.996932 0
    outer loop
      vertex 20.8096 37.8047 -0.25
      vertex 22.1406 37.7002 0.25
      vertex 22.1406 37.7002 -0.25
    endloop
  endfacet
  facet normal 0.0782715 0.996932 -0
    outer loop
      vertex 20.8096 37.8047 -0.25
      vertex 20.8096 37.8047 0.25
      vertex 22.1406 37.7002 0.25
    endloop
  endfacet
  facet normal -0.00598286 0.999982 0
    outer loop
      vertex 19.5059 37.7969 -0.25
      vertex 20.8096 37.8047 0.25
      vertex 20.8096 37.8047 -0.25
    endloop
  endfacet
  facet normal -0.00598286 0.999982 0
    outer loop
      vertex 19.5059 37.7969 -0.25
      vertex 19.5059 37.7969 0.25
      vertex 20.8096 37.8047 0.25
    endloop
  endfacet
  facet normal -0.0920252 0.995757 0
    outer loop
      vertex 18.7344 37.7256 -0.25
      vertex 19.5059 37.7969 0.25
      vertex 19.5059 37.7969 -0.25
    endloop
  endfacet
  facet normal -0.0920252 0.995757 0
    outer loop
      vertex 18.7344 37.7256 -0.25
      vertex 18.7344 37.7256 0.25
      vertex 19.5059 37.7969 0.25
    endloop
  endfacet
  facet normal -0.249842 0.968287 0
    outer loop
      vertex 18.4883 37.6621 -0.25
      vertex 18.7344 37.7256 0.25
      vertex 18.7344 37.7256 -0.25
    endloop
  endfacet
  facet normal -0.249842 0.968287 0
    outer loop
      vertex 18.4883 37.6621 -0.25
      vertex 18.4883 37.6621 0.25
      vertex 18.7344 37.7256 0.25
    endloop
  endfacet
  facet normal -0.240918 0.970546 0
    outer loop
      vertex 18.1777 37.585 -0.25
      vertex 18.4883 37.6621 0.25
      vertex 18.4883 37.6621 -0.25
    endloop
  endfacet
  facet normal -0.240918 0.970546 0
    outer loop
      vertex 18.1777 37.585 -0.25
      vertex 18.1777 37.585 0.25
      vertex 18.4883 37.6621 0.25
    endloop
  endfacet
  facet normal -0.391754 0.92007 0
    outer loop
      vertex 16.7305 36.9688 -0.25
      vertex 18.1777 37.585 0.25
      vertex 18.1777 37.585 -0.25
    endloop
  endfacet
  facet normal -0.391754 0.92007 0
    outer loop
      vertex 16.7305 36.9688 -0.25
      vertex 16.7305 36.9688 0.25
      vertex 18.1777 37.585 0.25
    endloop
  endfacet
  facet normal -0.57482 0.81828 0
    outer loop
      vertex 15.457 36.0742 -0.25
      vertex 16.7305 36.9688 0.25
      vertex 16.7305 36.9688 -0.25
    endloop
  endfacet
  facet normal -0.57482 0.81828 0
    outer loop
      vertex 15.457 36.0742 -0.25
      vertex 15.457 36.0742 0.25
      vertex 16.7305 36.9688 0.25
    endloop
  endfacet
  facet normal -0.700965 0.713195 0
    outer loop
      vertex 15.2354 35.8564 -0.25
      vertex 15.457 36.0742 0.25
      vertex 15.457 36.0742 -0.25
    endloop
  endfacet
  facet normal -0.700965 0.713195 0
    outer loop
      vertex 15.2354 35.8564 -0.25
      vertex 15.2354 35.8564 0.25
      vertex 15.457 36.0742 0.25
    endloop
  endfacet
  facet normal -0.702272 0.711908 0
    outer loop
      vertex 14.4375 35.0693 -0.25
      vertex 15.2354 35.8564 0.25
      vertex 15.2354 35.8564 -0.25
    endloop
  endfacet
  facet normal -0.702272 0.711908 0
    outer loop
      vertex 14.4375 35.0693 -0.25
      vertex 14.4375 35.0693 0.25
      vertex 15.2354 35.8564 0.25
    endloop
  endfacet
  facet normal 0.275191 0.96139 0
    outer loop
      vertex 13.7891 35.2549 -0.25
      vertex 14.4375 35.0693 0.25
      vertex 14.4375 35.0693 -0.25
    endloop
  endfacet
  facet normal 0.275191 0.96139 -0
    outer loop
      vertex 13.7891 35.2549 -0.25
      vertex 13.7891 35.2549 0.25
      vertex 14.4375 35.0693 0.25
    endloop
  endfacet
  facet normal 0.259087 0.965854 0
    outer loop
      vertex 13.6836 35.2832 -0.25
      vertex 13.7891 35.2549 0.25
      vertex 13.7891 35.2549 -0.25
    endloop
  endfacet
  facet normal 0.259087 0.965854 -0
    outer loop
      vertex 13.6836 35.2832 -0.25
      vertex 13.6836 35.2832 0.25
      vertex 13.7891 35.2549 0.25
    endloop
  endfacet
  facet normal 0.484345 0.874877 0
    outer loop
      vertex 12.7734 35.7871 -0.25
      vertex 13.6836 35.2832 0.25
      vertex 13.6836 35.2832 -0.25
    endloop
  endfacet
  facet normal 0.484345 0.874877 -0
    outer loop
      vertex 12.7734 35.7871 -0.25
      vertex 12.7734 35.7871 0.25
      vertex 13.6836 35.2832 0.25
    endloop
  endfacet
  facet normal 0.692469 0.721447 0
    outer loop
      vertex 12.7012 35.8564 -0.25
      vertex 12.7734 35.7871 0.25
      vertex 12.7734 35.7871 -0.25
    endloop
  endfacet
  facet normal 0.692469 0.721447 -0
    outer loop
      vertex 12.7012 35.8564 -0.25
      vertex 12.7012 35.8564 0.25
      vertex 12.7734 35.7871 0.25
    endloop
  endfacet
  facet normal 0.680887 0.732389 0
    outer loop
      vertex 12.6045 35.9463 -0.25
      vertex 12.7012 35.8564 0.25
      vertex 12.7012 35.8564 -0.25
    endloop
  endfacet
  facet normal 0.680887 0.732389 -0
    outer loop
      vertex 12.6045 35.9463 -0.25
      vertex 12.6045 35.9463 0.25
      vertex 12.7012 35.8564 0.25
    endloop
  endfacet
  facet normal 0.785348 0.619055 0
    outer loop
      vertex 12.332 36.292 -0.25
      vertex 12.6045 35.9463 0.25
      vertex 12.6045 35.9463 -0.25
    endloop
  endfacet
  facet normal 0.785348 0.619055 -0
    outer loop
      vertex 12.332 36.292 -0.25
      vertex 12.332 36.292 0.25
      vertex 12.6045 35.9463 0.25
    endloop
  endfacet
  facet normal 0.974355 0.225018 0
    outer loop
      vertex 12.249 36.6514 -0.25
      vertex 12.332 36.292 0.25
      vertex 12.332 36.292 -0.25
    endloop
  endfacet
  facet normal 0.974355 0.225018 -0
    outer loop
      vertex 12.249 36.6514 -0.25
      vertex 12.249 36.6514 0.25
      vertex 12.332 36.292 0.25
    endloop
  endfacet
  facet normal 1 0 0
    outer loop
      vertex 12.249 36.9893 -0.25
      vertex 12.249 36.6514 0.25
      vertex 12.249 36.6514 -0.25
    endloop
  endfacet
  facet normal 1 0 -0
    outer loop
      vertex 12.249 36.9893 -0.25
      vertex 12.249 36.9893 0.25
      vertex 12.249 36.6514 0.25
    endloop
  endfacet
  facet normal 0.946266 -0.323389 0
    outer loop
      vertex 12.4736 37.6465 -0.25
      vertex 12.249 36.9893 0.25
      vertex 12.249 36.9893 -0.25
    endloop
  endfacet
  facet normal 0.946266 -0.323389 0
    outer loop
      vertex 12.4736 37.6465 -0.25
      vertex 12.4736 37.6465 0.25
      vertex 12.249 36.9893 0.25
    endloop
  endfacet
  facet normal 0.871762 -0.48993 0
    outer loop
      vertex 12.9785 38.5449 -0.25
      vertex 12.4736 37.6465 0.25
      vertex 12.4736 37.6465 -0.25
    endloop
  endfacet
  facet normal 0.871762 -0.48993 0
    outer loop
      vertex 12.9785 38.5449 -0.25
      vertex 12.9785 38.5449 0.25
      vertex 12.4736 37.6465 0.25
    endloop
  endfacet
  facet normal 0.812625 -0.582787 0
    outer loop
      vertex 13.1172 38.7383 -0.25
      vertex 12.9785 38.5449 0.25
      vertex 12.9785 38.5449 -0.25
    endloop
  endfacet
  facet normal 0.812625 -0.582787 0
    outer loop
      vertex 13.1172 38.7383 -0.25
      vertex 13.1172 38.7383 0.25
      vertex 12.9785 38.5449 0.25
    endloop
  endfacet
  facet normal 0.808872 -0.587985 0
    outer loop
      vertex 13.2109 38.8672 -0.25
      vertex 13.1172 38.7383 0.25
      vertex 13.1172 38.7383 -0.25
    endloop
  endfacet
  facet normal 0.808872 -0.587985 0
    outer loop
      vertex 13.2109 38.8672 -0.25
      vertex 13.2109 38.8672 0.25
      vertex 13.1172 38.7383 0.25
    endloop
  endfacet
  facet normal 0.940538 -0.339689 0
    outer loop
      vertex 13.3809 39.3379 -0.25
      vertex 13.2109 38.8672 0.25
      vertex 13.2109 38.8672 -0.25
    endloop
  endfacet
  facet normal 0.940538 -0.339689 0
    outer loop
      vertex 13.3809 39.3379 -0.25
      vertex 13.3809 39.3379 0.25
      vertex 13.2109 38.8672 0.25
    endloop
  endfacet
  facet normal 0.99642 0.0845392 0
    outer loop
      vertex 13.335 39.8789 -0.25
      vertex 13.3809 39.3379 0.25
      vertex 13.3809 39.3379 -0.25
    endloop
  endfacet
  facet normal 0.99642 0.0845392 -0
    outer loop
      vertex 13.335 39.8789 -0.25
      vertex 13.335 39.8789 0.25
      vertex 13.3809 39.3379 0.25
    endloop
  endfacet
  facet normal 0.768358 0.64002 0
    outer loop
      vertex 13.0283 40.2471 -0.25
      vertex 13.335 39.8789 0.25
      vertex 13.335 39.8789 -0.25
    endloop
  endfacet
  facet normal 0.768358 0.64002 -0
    outer loop
      vertex 13.0283 40.2471 -0.25
      vertex 13.0283 40.2471 0.25
      vertex 13.335 39.8789 0.25
    endloop
  endfacet
  facet normal 0.239111 0.970992 0
    outer loop
      vertex 12.6279 40.3457 -0.25
      vertex 13.0283 40.2471 0.25
      vertex 13.0283 40.2471 -0.25
    endloop
  endfacet
  facet normal 0.239111 0.970992 -0
    outer loop
      vertex 12.6279 40.3457 -0.25
      vertex 12.6279 40.3457 0.25
      vertex 13.0283 40.2471 0.25
    endloop
  endfacet
  facet normal -0.170838 0.985299 0
    outer loop
      vertex 12.5039 40.3242 -0.25
      vertex 12.6279 40.3457 0.25
      vertex 12.6279 40.3457 -0.25
    endloop
  endfacet
  facet normal -0.170838 0.985299 0
    outer loop
      vertex 12.5039 40.3242 -0.25
      vertex 12.5039 40.3242 0.25
      vertex 12.6279 40.3457 0.25
    endloop
  endfacet
  facet normal -0.153238 0.988189 0
    outer loop
      vertex 12.3027 40.293 -0.25
      vertex 12.5039 40.3242 0.25
      vertex 12.5039 40.3242 -0.25
    endloop
  endfacet
  facet normal -0.153238 0.988189 0
    outer loop
      vertex 12.3027 40.293 -0.25
      vertex 12.3027 40.293 0.25
      vertex 12.5039 40.3242 0.25
    endloop
  endfacet
  facet normal -0.461138 0.887329 0
    outer loop
      vertex 11.7314 39.9961 -0.25
      vertex 12.3027 40.293 0.25
      vertex 12.3027 40.293 -0.25
    endloop
  endfacet
  facet normal -0.461138 0.887329 0
    outer loop
      vertex 11.7314 39.9961 -0.25
      vertex 11.7314 39.9961 0.25
      vertex 12.3027 40.293 0.25
    endloop
  endfacet
  facet normal -0.601399 0.798949 0
    outer loop
      vertex 10.8271 39.3154 -0.25
      vertex 11.7314 39.9961 0.25
      vertex 11.7314 39.9961 -0.25
    endloop
  endfacet
  facet normal -0.601399 0.798949 0
    outer loop
      vertex 10.8271 39.3154 -0.25
      vertex 10.8271 39.3154 0.25
      vertex 11.7314 39.9961 0.25
    endloop
  endfacet
  facet normal -0.713706 0.700445 0
    outer loop
      vertex 9.94922 38.4209 -0.25
      vertex 10.8271 39.3154 0.25
      vertex 10.8271 39.3154 -0.25
    endloop
  endfacet
  facet normal -0.713706 0.700445 0
    outer loop
      vertex 9.94922 38.4209 -0.25
      vertex 9.94922 38.4209 0.25
      vertex 10.8271 39.3154 0.25
    endloop
  endfacet
  facet normal -0.795395 0.606091 0
    outer loop
      vertex 9.4082 37.7109 -0.25
      vertex 9.94922 38.4209 0.25
      vertex 9.94922 38.4209 -0.25
    endloop
  endfacet
  facet normal -0.795395 0.606091 0
    outer loop
      vertex 9.4082 37.7109 -0.25
      vertex 9.4082 37.7109 0.25
      vertex 9.94922 38.4209 0.25
    endloop
  endfacet
  facet normal -0.870051 0.492961 0
    outer loop
      vertex 9.2627 37.4541 -0.25
      vertex 9.4082 37.7109 0.25
      vertex 9.4082 37.7109 -0.25
    endloop
  endfacet
  facet normal -0.870051 0.492961 0
    outer loop
      vertex 9.2627 37.4541 -0.25
      vertex 9.2627 37.4541 0.25
      vertex 9.4082 37.7109 0.25
    endloop
  endfacet
  facet normal -0.867268 0.497842 0
    outer loop
      vertex 9.10352 37.1768 -0.25
      vertex 9.2627 37.4541 0.25
      vertex 9.2627 37.4541 -0.25
    endloop
  endfacet
  facet normal -0.867268 0.497842 0
    outer loop
      vertex 9.10352 37.1768 -0.25
      vertex 9.10352 37.1768 0.25
      vertex 9.2627 37.4541 0.25
    endloop
  endfacet
  facet normal -0.929751 0.368188 0
    outer loop
      vertex 8.59766 35.8994 -0.25
      vertex 9.10352 37.1768 0.25
      vertex 9.10352 37.1768 -0.25
    endloop
  endfacet
  facet normal -0.929751 0.368188 0
    outer loop
      vertex 8.59766 35.8994 -0.25
      vertex 8.59766 35.8994 0.25
      vertex 9.10352 37.1768 0.25
    endloop
  endfacet
  facet normal -0.992347 0.123482 0
    outer loop
      vertex 8.4375 34.6123 -0.25
      vertex 8.59766 35.8994 0.25
      vertex 8.59766 35.8994 -0.25
    endloop
  endfacet
  facet normal -0.992347 0.123482 0
    outer loop
      vertex 8.4375 34.6123 -0.25
      vertex 8.4375 34.6123 0.25
      vertex 8.59766 35.8994 0.25
    endloop
  endfacet
  facet normal -0.998493 -0.0548785 0
    outer loop
      vertex 8.45312 34.3281 -0.25
      vertex 8.4375 34.6123 0.25
      vertex 8.4375 34.6123 -0.25
    endloop
  endfacet
  facet normal -0.998493 -0.0548785 0
    outer loop
      vertex 8.45312 34.3281 -0.25
      vertex 8.45312 34.3281 0.25
      vertex 8.4375 34.6123 0.25
    endloop
  endfacet
  facet normal -0.998769 -0.049612 0
    outer loop
      vertex 8.45996 34.1904 -0.25
      vertex 8.45312 34.3281 0.25
      vertex 8.45312 34.3281 -0.25
    endloop
  endfacet
  facet normal -0.998769 -0.049612 0
    outer loop
      vertex 8.45996 34.1904 -0.25
      vertex 8.45996 34.1904 0.25
      vertex 8.45312 34.3281 0.25
    endloop
  endfacet
  facet normal -0.996595 -0.0824585 0
    outer loop
      vertex 8.49414 33.7773 -0.25
      vertex 8.45996 34.1904 0.25
      vertex 8.45996 34.1904 -0.25
    endloop
  endfacet
  facet normal -0.996595 -0.0824585 0
    outer loop
      vertex 8.49414 33.7773 -0.25
      vertex 8.49414 33.7773 0.25
      vertex 8.45996 34.1904 0.25
    endloop
  endfacet
  facet normal -0.984302 -0.176493 0
    outer loop
      vertex 8.57031 33.3525 -0.25
      vertex 8.49414 33.7773 0.25
      vertex 8.49414 33.7773 -0.25
    endloop
  endfacet
  facet normal -0.984302 -0.176493 0
    outer loop
      vertex 8.57031 33.3525 -0.25
      vertex 8.57031 33.3525 0.25
      vertex 8.49414 33.7773 0.25
    endloop
  endfacet
  facet normal -0.946821 -0.32176 0
    outer loop
      vertex 8.70801 32.9473 -0.25
      vertex 8.57031 33.3525 0.25
      vertex 8.57031 33.3525 -0.25
    endloop
  endfacet
  facet normal -0.946821 -0.32176 0
    outer loop
      vertex 8.70801 32.9473 -0.25
      vertex 8.70801 32.9473 0.25
      vertex 8.57031 33.3525 0.25
    endloop
  endfacet
  facet normal -0.908737 -0.417369 0
    outer loop
      vertex 8.87891 32.5752 -0.25
      vertex 8.70801 32.9473 0.25
      vertex 8.70801 32.9473 -0.25
    endloop
  endfacet
  facet normal -0.908737 -0.417369 0
    outer loop
      vertex 8.87891 32.5752 -0.25
      vertex 8.87891 32.5752 0.25
      vertex 8.70801 32.9473 0.25
    endloop
  endfacet
  facet normal -0.895919 -0.444217 0
    outer loop
      vertex 8.93945 32.4531 -0.25
      vertex 8.87891 32.5752 0.25
      vertex 8.87891 32.5752 -0.25
    endloop
  endfacet
  facet normal -0.895919 -0.444217 0
    outer loop
      vertex 8.93945 32.4531 -0.25
      vertex 8.93945 32.4531 0.25
      vertex 8.87891 32.5752 0.25
    endloop
  endfacet
  facet normal -0.897399 -0.441221 0
    outer loop
      vertex 9.05273 32.2227 -0.25
      vertex 8.93945 32.4531 0.25
      vertex 8.93945 32.4531 -0.25
    endloop
  endfacet
  facet normal -0.897399 -0.441221 0
    outer loop
      vertex 9.05273 32.2227 -0.25
      vertex 9.05273 32.2227 0.25
      vertex 8.93945 32.4531 0.25
    endloop
  endfacet
  facet normal -0.831122 -0.55609 0
    outer loop
      vertex 9.4873 31.5732 -0.25
      vertex 9.05273 32.2227 0.25
      vertex 9.05273 32.2227 -0.25
    endloop
  endfacet
  facet normal -0.831122 -0.55609 0
    outer loop
      vertex 9.4873 31.5732 -0.25
      vertex 9.4873 31.5732 0.25
      vertex 9.05273 32.2227 0.25
    endloop
  endfacet
  facet normal -0.77079 -0.63709 0
    outer loop
      vertex 10.2783 30.6162 -0.25
      vertex 9.4873 31.5732 0.25
      vertex 9.4873 31.5732 -0.25
    endloop
  endfacet
  facet normal -0.77079 -0.63709 0
    outer loop
      vertex 10.2783 30.6162 -0.25
      vertex 10.2783 30.6162 0.25
      vertex 9.4873 31.5732 0.25
    endloop
  endfacet
  facet normal -0.704431 -0.709772 0
    outer loop
      vertex 11.1953 29.7061 -0.25
      vertex 10.2783 30.6162 0.25
      vertex 10.2783 30.6162 -0.25
    endloop
  endfacet
  facet normal -0.704431 -0.709772 0
    outer loop
      vertex 11.1953 29.7061 -0.25
      vertex 11.1953 29.7061 0.25
      vertex 10.2783 30.6162 0.25
    endloop
  endfacet
  facet normal -0.641721 -0.766938 0
    outer loop
      vertex 11.877 29.1357 -0.25
      vertex 11.1953 29.7061 0.25
      vertex 11.1953 29.7061 -0.25
    endloop
  endfacet
  facet normal -0.641721 -0.766938 0
    outer loop
      vertex 11.877 29.1357 -0.25
      vertex 11.877 29.1357 0.25
      vertex 11.1953 29.7061 0.25
    endloop
  endfacet
  facet normal -0.561436 -0.82752 0
    outer loop
      vertex 12.123 28.9688 -0.25
      vertex 11.877 29.1357 0.25
      vertex 11.877 29.1357 -0.25
    endloop
  endfacet
  facet normal -0.561436 -0.82752 0
    outer loop
      vertex 12.123 28.9688 -0.25
      vertex 12.123 28.9688 0.25
      vertex 11.877 29.1357 0.25
    endloop
  endfacet
  facet normal -0.562613 -0.82672 0
    outer loop
      vertex 12.9209 28.4258 -0.25
      vertex 12.123 28.9688 0.25
      vertex 12.123 28.9688 -0.25
    endloop
  endfacet
  facet normal -0.562613 -0.82672 0
    outer loop
      vertex 12.9209 28.4258 -0.25
      vertex 12.9209 28.4258 0.25
      vertex 12.123 28.9688 0.25
    endloop
  endfacet
  facet normal -0.995172 -0.0981496 0
    outer loop
      vertex 13.002 27.6035 -0.25
      vertex 12.9209 28.4258 0.25
      vertex 12.9209 28.4258 -0.25
    endloop
  endfacet
  facet normal -0.995172 -0.0981496 0
    outer loop
      vertex 13.002 27.6035 -0.25
      vertex 13.002 27.6035 0.25
      vertex 12.9209 28.4258 0.25
    endloop
  endfacet
  facet normal -0.995775 -0.0918301 0
    outer loop
      vertex 13.0391 27.2012 -0.25
      vertex 13.002 27.6035 0.25
      vertex 13.002 27.6035 -0.25
    endloop
  endfacet
  facet normal -0.995775 -0.0918301 0
    outer loop
      vertex 13.0391 27.2012 -0.25
      vertex 13.0391 27.2012 0.25
      vertex 13.002 27.6035 0.25
    endloop
  endfacet
  facet normal -0.972574 -0.232595 0
    outer loop
      vertex 13.3252 26.0049 -0.25
      vertex 13.0391 27.2012 0.25
      vertex 13.0391 27.2012 -0.25
    endloop
  endfacet
  facet normal -0.972574 -0.232595 0
    outer loop
      vertex 13.3252 26.0049 -0.25
      vertex 13.3252 26.0049 0.25
      vertex 13.0391 27.2012 0.25
    endloop
  endfacet
  facet normal -0.909859 -0.414918 0
    outer loop
      vertex 13.9785 24.5723 -0.25
      vertex 13.3252 26.0049 0.25
      vertex 13.3252 26.0049 -0.25
    endloop
  endfacet
  facet normal -0.909859 -0.414918 0
    outer loop
      vertex 13.9785 24.5723 -0.25
      vertex 13.9785 24.5723 0.25
      vertex 13.3252 26.0049 0.25
    endloop
  endfacet
  facet normal -0.789462 -0.6138 0
    outer loop
      vertex 14.9443 23.3301 -0.25
      vertex 13.9785 24.5723 0.25
      vertex 13.9785 24.5723 -0.25
    endloop
  endfacet
  facet normal -0.789462 -0.6138 0
    outer loop
      vertex 14.9443 23.3301 -0.25
      vertex 14.9443 23.3301 0.25
      vertex 13.9785 24.5723 0.25
    endloop
  endfacet
  facet normal -0.65725 -0.753672 0
    outer loop
      vertex 15.8682 22.5244 -0.25
      vertex 14.9443 23.3301 0.25
      vertex 14.9443 23.3301 -0.25
    endloop
  endfacet
  facet normal -0.65725 -0.753672 0
    outer loop
      vertex 15.8682 22.5244 -0.25
      vertex 15.8682 22.5244 0.25
      vertex 14.9443 23.3301 0.25
    endloop
  endfacet
  facet normal -0.543568 -0.839365 0
    outer loop
      vertex 16.209 22.3037 -0.25
      vertex 15.8682 22.5244 0.25
      vertex 15.8682 22.5244 -0.25
    endloop
  endfacet
  facet normal -0.543568 -0.839365 0
    outer loop
      vertex 16.209 22.3037 -0.25
      vertex 16.209 22.3037 0.25
      vertex 15.8682 22.5244 0.25
    endloop
  endfacet
  facet normal -0.542137 -0.84029 0
    outer loop
      vertex 16.3936 22.1846 -0.25
      vertex 16.209 22.3037 0.25
      vertex 16.209 22.3037 -0.25
    endloop
  endfacet
  facet normal -0.542137 -0.84029 0
    outer loop
      vertex 16.3936 22.1846 -0.25
      vertex 16.3936 22.1846 0.25
      vertex 16.209 22.3037 0.25
    endloop
  endfacet
  facet normal -0.645259 -0.763964 0
    outer loop
      vertex 16.9902 21.6807 -0.25
      vertex 16.3936 22.1846 0.25
      vertex 16.3936 22.1846 -0.25
    endloop
  endfacet
  facet normal -0.645259 -0.763964 0
    outer loop
      vertex 16.9902 21.6807 -0.25
      vertex 16.9902 21.6807 0.25
      vertex 16.3936 22.1846 0.25
    endloop
  endfacet
  facet normal -0.895875 -0.444307 0
    outer loop
      vertex 17.2227 21.2119 -0.25
      vertex 16.9902 21.6807 0.25
      vertex 16.9902 21.6807 -0.25
    endloop
  endfacet
  facet normal -0.895875 -0.444307 0
    outer loop
      vertex 17.2227 21.2119 -0.25
      vertex 17.2227 21.2119 0.25
      vertex 16.9902 21.6807 0.25
    endloop
  endfacet
  facet normal -0.999263 -0.0383953 0
    outer loop
      vertex 17.2266 21.1104 -0.25
      vertex 17.2227 21.2119 0.25
      vertex 17.2227 21.2119 -0.25
    endloop
  endfacet
  facet normal -0.999263 -0.0383953 0
    outer loop
      vertex 17.2266 21.1104 -0.25
      vertex 17.2266 21.1104 0.25
      vertex 17.2227 21.2119 0.25
    endloop
  endfacet
  facet normal -1 0 0
    outer loop
      vertex 17.2266 20.9893 -0.25
      vertex 17.2266 21.1104 0.25
      vertex 17.2266 21.1104 -0.25
    endloop
  endfacet
  facet normal -1 0 0
    outer loop
      vertex 17.2266 20.9893 -0.25
      vertex 17.2266 20.9893 0.25
      vertex 17.2266 21.1104 0.25
    endloop
  endfacet
  facet normal -0.923612 0.383329 0
    outer loop
      vertex 17.0742 20.6221 -0.25
      vertex 17.2266 20.9893 0.25
      vertex 17.2266 20.9893 -0.25
    endloop
  endfacet
  facet normal -0.923612 0.383329 0
    outer loop
      vertex 17.0742 20.6221 -0.25
      vertex 17.0742 20.6221 0.25
      vertex 17.2266 20.9893 0.25
    endloop
  endfacet
  facet normal -0.920655 0.390378 0
    outer loop
      vertex 16.7773 19.9219 -0.25
      vertex 17.0742 20.6221 0.25
      vertex 17.0742 20.6221 -0.25
    endloop
  endfacet
  facet normal -0.920655 0.390378 0
    outer loop
      vertex 16.7773 19.9219 -0.25
      vertex 16.7773 19.9219 0.25
      vertex 17.0742 20.6221 0.25
    endloop
  endfacet
  facet normal -0.907994 0.418984 0
    outer loop
      vertex 16.7061 19.7676 -0.25
      vertex 16.7773 19.9219 0.25
      vertex 16.7773 19.9219 -0.25
    endloop
  endfacet
  facet normal -0.907994 0.418984 0
    outer loop
      vertex 16.7061 19.7676 -0.25
      vertex 16.7061 19.7676 0.25
      vertex 16.7773 19.9219 0.25
    endloop
  endfacet
  facet normal -0.905947 0.423392 0
    outer loop
      vertex 16.5322 19.3955 -0.25
      vertex 16.7061 19.7676 0.25
      vertex 16.7061 19.7676 -0.25
    endloop
  endfacet
  facet normal -0.905947 0.423392 0
    outer loop
      vertex 16.5322 19.3955 -0.25
      vertex 16.5322 19.3955 0.25
      vertex 16.7061 19.7676 0.25
    endloop
  endfacet
  facet normal -0.946026 0.324091 0
    outer loop
      vertex 15.9531 17.7051 -0.25
      vertex 16.5322 19.3955 0.25
      vertex 16.5322 19.3955 -0.25
    endloop
  endfacet
  facet normal -0.946026 0.324091 0
    outer loop
      vertex 15.9531 17.7051 -0.25
      vertex 15.9531 17.7051 0.25
      vertex 16.5322 19.3955 0.25
    endloop
  endfacet
  facet normal -0.988021 0.154322 0
    outer loop
      vertex 15.7217 16.2236 -0.25
      vertex 15.9531 17.7051 0.25
      vertex 15.9531 17.7051 -0.25
    endloop
  endfacet
  facet normal -0.988021 0.154322 0
    outer loop
      vertex 15.7217 16.2236 -0.25
      vertex 15.7217 16.2236 0.25
      vertex 15.9531 17.7051 0.25
    endloop
  endfacet
  facet normal -1 0 0
    outer loop
      vertex 15.7217 15.7285 -0.25
      vertex 15.7217 16.2236 0.25
      vertex 15.7217 16.2236 -0.25
    endloop
  endfacet
  facet normal -1 0 0
    outer loop
      vertex 15.7217 15.7285 -0.25
      vertex 15.7217 15.7285 0.25
      vertex 15.7217 16.2236 0.25
    endloop
  endfacet
  facet normal -0.999993 0.00375091 0
    outer loop
      vertex 15.7197 15.1953 -0.25
      vertex 15.7217 15.7285 0.25
      vertex 15.7217 15.7285 -0.25
    endloop
  endfacet
  facet normal -0.999993 0.00375091 0
    outer loop
      vertex 15.7197 15.1953 -0.25
      vertex 15.7197 15.1953 0.25
      vertex 15.7217 15.7285 0.25
    endloop
  endfacet
  facet normal -0.985757 0.168178 0
    outer loop
      vertex 15.4463 13.5928 -0.25
      vertex 15.7197 15.1953 0.25
      vertex 15.7197 15.1953 -0.25
    endloop
  endfacet
  facet normal -0.985757 0.168178 0
    outer loop
      vertex 15.4463 13.5928 -0.25
      vertex 15.4463 13.5928 0.25
      vertex 15.7197 15.1953 0.25
    endloop
  endfacet
  facet normal -0.907063 0.420995 0
    outer loop
      vertex 14.6182 11.8086 -0.25
      vertex 15.4463 13.5928 0.25
      vertex 15.4463 13.5928 -0.25
    endloop
  endfacet
  facet normal -0.907063 0.420995 0
    outer loop
      vertex 14.6182 11.8086 -0.25
      vertex 14.6182 11.8086 0.25
      vertex 15.4463 13.5928 0.25
    endloop
  endfacet
  facet normal -0.721274 0.69265 0
    outer loop
      vertex 13.2002 10.332 -0.25
      vertex 14.6182 11.8086 0.25
      vertex 14.6182 11.8086 -0.25
    endloop
  endfacet
  facet normal -0.721274 0.69265 0
    outer loop
      vertex 13.2002 10.332 -0.25
      vertex 13.2002 10.332 0.25
      vertex 14.6182 11.8086 0.25
    endloop
  endfacet
  facet normal -0.539842 0.841767 0
    outer loop
      vertex 11.6973 9.36816 -0.25
      vertex 13.2002 10.332 0.25
      vertex 13.2002 10.332 -0.25
    endloop
  endfacet
  facet normal -0.539842 0.841767 0
    outer loop
      vertex 11.6973 9.36816 -0.25
      vertex 11.6973 9.36816 0.25
      vertex 13.2002 10.332 0.25
    endloop
  endfacet
  facet normal -0.42049 0.907297 0
    outer loop
      vertex 11.1621 9.12012 -0.25
      vertex 11.6973 9.36816 0.25
      vertex 11.6973 9.36816 -0.25
    endloop
  endfacet
  facet normal -0.42049 0.907297 0
    outer loop
      vertex 11.1621 9.12012 -0.25
      vertex 11.1621 9.12012 0.25
      vertex 11.6973 9.36816 0.25
    endloop
  endfacet
  facet normal -0.426122 0.904666 0
    outer loop
      vertex 10.8594 8.97754 -0.25
      vertex 11.1621 9.12012 0.25
      vertex 11.1621 9.12012 -0.25
    endloop
  endfacet
  facet normal -0.426122 0.904666 0
    outer loop
      vertex 10.8594 8.97754 -0.25
      vertex 10.8594 8.97754 0.25
      vertex 11.1621 9.12012 0.25
    endloop
  endfacet
  facet normal -0.361313 0.932444 0
    outer loop
      vertex 9.92188 8.61426 -0.25
      vertex 10.8594 8.97754 0.25
      vertex 10.8594 8.97754 -0.25
    endloop
  endfacet
  facet normal -0.361313 0.932444 0
    outer loop
      vertex 9.92188 8.61426 -0.25
      vertex 9.92188 8.61426 0.25
      vertex 10.8594 8.97754 0.25
    endloop
  endfacet
  facet normal -0.273268 0.961938 0
    outer loop
      vertex 8.55371 8.22559 -0.25
      vertex 9.92188 8.61426 0.25
      vertex 9.92188 8.61426 -0.25
    endloop
  endfacet
  facet normal -0.273268 0.961938 0
    outer loop
      vertex 8.55371 8.22559 -0.25
      vertex 8.55371 8.22559 0.25
      vertex 9.92188 8.61426 0.25
    endloop
  endfacet
  facet normal -0.183713 0.98298 0
    outer loop
      vertex 6.85547 7.9082 -0.25
      vertex 8.55371 8.22559 0.25
      vertex 8.55371 8.22559 -0.25
    endloop
  endfacet
  facet normal -0.183713 0.98298 0
    outer loop
      vertex 6.85547 7.9082 -0.25
      vertex 6.85547 7.9082 0.25
      vertex 8.55371 8.22559 0.25
    endloop
  endfacet
  facet normal -0.135887 0.990724 0
    outer loop
      vertex 5.18945 7.67969 -0.25
      vertex 6.85547 7.9082 0.25
      vertex 6.85547 7.9082 -0.25
    endloop
  endfacet
  facet normal -0.135887 0.990724 0
    outer loop
      vertex 5.18945 7.67969 -0.25
      vertex 5.18945 7.67969 0.25
      vertex 6.85547 7.9082 0.25
    endloop
  endfacet
  facet normal -0.115434 0.993315 0
    outer loop
      vertex 4.63477 7.61523 -0.25
      vertex 5.18945 7.67969 0.25
      vertex 5.18945 7.67969 -0.25
    endloop
  endfacet
  facet normal -0.115434 0.993315 0
    outer loop
      vertex 4.63477 7.61523 -0.25
      vertex 4.63477 7.61523 0.25
      vertex 5.18945 7.67969 0.25
    endloop
  endfacet
  facet normal -0.110112 0.993919 0
    outer loop
      vertex 4.2998 7.57812 -0.25
      vertex 4.63477 7.61523 0.25
      vertex 4.63477 7.61523 -0.25
    endloop
  endfacet
  facet normal -0.110112 0.993919 0
    outer loop
      vertex 4.2998 7.57812 -0.25
      vertex 4.2998 7.57812 0.25
      vertex 4.63477 7.61523 0.25
    endloop
  endfacet
  facet normal -0.190733 0.981642 0
    outer loop
      vertex 3.30469 7.38477 -0.25
      vertex 4.2998 7.57812 0.25
      vertex 4.2998 7.57812 -0.25
    endloop
  endfacet
  facet normal -0.190733 0.981642 0
    outer loop
      vertex 3.30469 7.38477 -0.25
      vertex 3.30469 7.38477 0.25
      vertex 4.2998 7.57812 0.25
    endloop
  endfacet
  facet normal -0.303174 0.952935 0
    outer loop
      vertex 2.14746 7.0166 -0.25
      vertex 3.30469 7.38477 0.25
      vertex 3.30469 7.38477 -0.25
    endloop
  endfacet
  facet normal -0.303174 0.952935 0
    outer loop
      vertex 2.14746 7.0166 -0.25
      vertex 2.14746 7.0166 0.25
      vertex 3.30469 7.38477 0.25
    endloop
  endfacet
  facet normal -0.457886 0.889011 0
    outer loop
      vertex 1.20703 6.53223 -0.25
      vertex 2.14746 7.0166 0.25
      vertex 2.14746 7.0166 -0.25
    endloop
  endfacet
  facet normal -0.457886 0.889011 0
    outer loop
      vertex 1.20703 6.53223 -0.25
      vertex 1.20703 6.53223 0.25
      vertex 2.14746 7.0166 0.25
    endloop
  endfacet
  facet normal -0.615455 0.788172 0
    outer loop
      vertex 0.676758 6.11816 -0.25
      vertex 1.20703 6.53223 0.25
      vertex 1.20703 6.53223 -0.25
    endloop
  endfacet
  facet normal -0.615455 0.788172 0
    outer loop
      vertex 0.676758 6.11816 -0.25
      vertex 0.676758 6.11816 0.25
      vertex 1.20703 6.53223 0.25
    endloop
  endfacet
  facet normal -0.77076 0.637125 0
    outer loop
      vertex 0.537109 5.94922 -0.25
      vertex 0.676758 6.11816 0.25
      vertex 0.676758 6.11816 -0.25
    endloop
  endfacet
  facet normal -0.77076 0.637125 0
    outer loop
      vertex 0.537109 5.94922 -0.25
      vertex 0.537109 5.94922 0.25
      vertex 0.676758 6.11816 0.25
    endloop
  endfacet
  facet normal -0.77879 0.627285 0
    outer loop
      vertex 0.508789 5.91406 -0.25
      vertex 0.537109 5.94922 0.25
      vertex 0.537109 5.94922 -0.25
    endloop
  endfacet
  facet normal -0.77879 0.627285 0
    outer loop
      vertex 0.508789 5.91406 -0.25
      vertex 0.508789 5.91406 0.25
      vertex 0.537109 5.94922 0.25
    endloop
  endfacet
  facet normal -0.858258 0.513218 0
    outer loop
      vertex 0.335938 5.625 -0.25
      vertex 0.508789 5.91406 0.25
      vertex 0.508789 5.91406 -0.25
    endloop
  endfacet
  facet normal -0.858258 0.513218 0
    outer loop
      vertex 0.335938 5.625 -0.25
      vertex 0.335938 5.625 0.25
      vertex 0.508789 5.91406 0.25
    endloop
  endfacet
  facet normal -0.90738 0.420311 0
    outer loop
      vertex 0.169922 5.2666 -0.25
      vertex 0.335938 5.625 0.25
      vertex 0.335938 5.625 -0.25
    endloop
  endfacet
  facet normal -0.90738 0.420311 0
    outer loop
      vertex 0.169922 5.2666 -0.25
      vertex 0.169922 5.2666 0.25
      vertex 0.335938 5.625 0.25
    endloop
  endfacet
  facet normal -0.936326 0.351132 0
    outer loop
      vertex 0.143555 5.19629 -0.25
      vertex 0.169922 5.2666 0.25
      vertex 0.169922 5.2666 -0.25
    endloop
  endfacet
  facet normal -0.936326 0.351132 0
    outer loop
      vertex 0.143555 5.19629 -0.25
      vertex 0.143555 5.19629 0.25
      vertex 0.169922 5.2666 0.25
    endloop
  endfacet
  facet normal -0.923078 0.384614 0
    outer loop
      vertex 0.0996094 5.09082 -0.25
      vertex 0.143555 5.19629 0.25
      vertex 0.143555 5.19629 -0.25
    endloop
  endfacet
  facet normal -0.923078 0.384614 0
    outer loop
      vertex 0.0996094 5.09082 -0.25
      vertex 0.0996094 5.09082 0.25
      vertex 0.143555 5.19629 0.25
    endloop
  endfacet
  facet normal -0.970972 0.239191 0
    outer loop
      vertex 0.000976562 4.69043 -0.25
      vertex 0.0996094 5.09082 0.25
      vertex 0.0996094 5.09082 -0.25
    endloop
  endfacet
  facet normal -0.970972 0.239191 0
    outer loop
      vertex 0.000976562 4.69043 -0.25
      vertex 0.000976562 4.69043 0.25
      vertex 0.0996094 5.09082 0.25
    endloop
  endfacet
  facet normal -0.991874 -0.127225 0
    outer loop
      vertex 0.0537109 4.2793 -0.25
      vertex 0.000976562 4.69043 0.25
      vertex 0.000976562 4.69043 -0.25
    endloop
  endfacet
  facet normal -0.991874 -0.127225 0
    outer loop
      vertex 0.0537109 4.2793 -0.25
      vertex 0.0537109 4.2793 0.25
      vertex 0.000976562 4.69043 0.25
    endloop
  endfacet
  facet normal -0.963992 -0.265932 0
    outer loop
      vertex 0.0849609 4.16602 -0.25
      vertex 0.0537109 4.2793 0.25
      vertex 0.0537109 4.2793 -0.25
    endloop
  endfacet
  facet normal -0.963992 -0.265932 0
    outer loop
      vertex 0.0849609 4.16602 -0.25
      vertex 0.0849609 4.16602 0.25
      vertex 0.0537109 4.2793 0.25
    endloop
  endfacet
  facet normal -0.967577 -0.252576 0
    outer loop
      vertex 0.148438 3.92285 -0.25
      vertex 0.0849609 4.16602 0.25
      vertex 0.0849609 4.16602 -0.25
    endloop
  endfacet
  facet normal -0.967577 -0.252576 0
    outer loop
      vertex 0.148438 3.92285 -0.25
      vertex 0.148438 3.92285 0.25
      vertex 0.0849609 4.16602 0.25
    endloop
  endfacet
  facet normal -0.865226 -0.501381 0
    outer loop
      vertex 0.540039 3.24707 -0.25
      vertex 0.148438 3.92285 0.25
      vertex 0.148438 3.92285 -0.25
    endloop
  endfacet
  facet normal -0.865226 -0.501381 0
    outer loop
      vertex 0.540039 3.24707 -0.25
      vertex 0.540039 3.24707 0.25
      vertex 0.148438 3.92285 0.25
    endloop
  endfacet
  facet normal -0.652925 -0.757422 0
    outer loop
      vertex 1.36816 2.5332 -0.25
      vertex 0.540039 3.24707 0.25
      vertex 0.540039 3.24707 -0.25
    endloop
  endfacet
  facet normal -0.652925 -0.757422 0
    outer loop
      vertex 1.36816 2.5332 -0.25
      vertex 1.36816 2.5332 0.25
      vertex 0.540039 3.24707 0.25
    endloop
  endfacet
  facet normal -0.389932 -0.920844 0
    outer loop
      vertex 2.56738 2.02539 -0.25
      vertex 1.36816 2.5332 0.25
      vertex 1.36816 2.5332 -0.25
    endloop
  endfacet
  facet normal -0.389932 -0.920844 0
    outer loop
      vertex 2.56738 2.02539 -0.25
      vertex 2.56738 2.02539 0.25
      vertex 1.36816 2.5332 0.25
    endloop
  endfacet
  facet normal -0.21314 -0.977022 0
    outer loop
      vertex 3.74023 1.76953 -0.25
      vertex 2.56738 2.02539 0.25
      vertex 2.56738 2.02539 -0.25
    endloop
  endfacet
  facet normal -0.21314 -0.977022 0
    outer loop
      vertex 3.74023 1.76953 -0.25
      vertex 3.74023 1.76953 0.25
      vertex 2.56738 2.02539 0.25
    endloop
  endfacet
  facet normal -0.114998 -0.993366 0
    outer loop
      vertex 4.13672 1.72363 -0.25
      vertex 3.74023 1.76953 0.25
      vertex 3.74023 1.76953 -0.25
    endloop
  endfacet
  facet normal -0.114998 -0.993366 0
    outer loop
      vertex 4.13672 1.72363 -0.25
      vertex 4.13672 1.72363 0.25
      vertex 3.74023 1.76953 0.25
    endloop
  endfacet
  facet normal -0.0984527 -0.995142 0
    outer loop
      vertex 4.32422 1.70508 -0.25
      vertex 4.13672 1.72363 0.25
      vertex 4.13672 1.72363 -0.25
    endloop
  endfacet
  facet normal -0.0984527 -0.995142 0
    outer loop
      vertex 4.32422 1.70508 -0.25
      vertex 4.32422 1.70508 0.25
      vertex 4.13672 1.72363 0.25
    endloop
  endfacet
  facet normal -0.162743 -0.986668 0
    outer loop
      vertex 4.88672 1.6123 -0.25
      vertex 4.32422 1.70508 0.25
      vertex 4.32422 1.70508 -0.25
    endloop
  endfacet
  facet normal -0.162743 -0.986668 0
    outer loop
      vertex 4.88672 1.6123 -0.25
      vertex 4.88672 1.6123 0.25
      vertex 4.32422 1.70508 0.25
    endloop
  endfacet
  facet normal -0.393066 -0.91951 0
    outer loop
      vertex 5.27051 1.44824 -0.25
      vertex 4.88672 1.6123 0.25
      vertex 4.88672 1.6123 -0.25
    endloop
  endfacet
  facet normal -0.393066 -0.91951 0
    outer loop
      vertex 5.27051 1.44824 -0.25
      vertex 5.27051 1.44824 0.25
      vertex 4.88672 1.6123 0.25
    endloop
  endfacet
  facet normal -0.961138 -0.276067 0
    outer loop
      vertex 5.34961 1.17285 -0.25
      vertex 5.27051 1.44824 0.25
      vertex 5.27051 1.44824 -0.25
    endloop
  endfacet
  facet normal -0.961138 -0.276067 0
    outer loop
      vertex 5.34961 1.17285 -0.25
      vertex 5.34961 1.17285 0.25
      vertex 5.27051 1.44824 0.25
    endloop
  endfacet
  facet normal -0.95059 0.31045 0
    outer loop
      vertex 5.23926 0.834961 -0.25
      vertex 5.34961 1.17285 0.25
      vertex 5.34961 1.17285 -0.25
    endloop
  endfacet
  facet normal -0.95059 0.31045 0
    outer loop
      vertex 5.23926 0.834961 -0.25
      vertex 5.23926 0.834961 0.25
      vertex 5.34961 1.17285 0.25
    endloop
  endfacet
  facet normal -0.90574 0.423833 0
    outer loop
      vertex 5.18945 0.728516 -0.25
      vertex 5.23926 0.834961 0.25
      vertex 5.23926 0.834961 -0.25
    endloop
  endfacet
  facet normal -0.90574 0.423833 0
    outer loop
      vertex 5.18945 0.728516 -0.25
      vertex 5.18945 0.728516 0.25
      vertex 5.23926 0.834961 0.25
    endloop
  endfacet
  facet normal -0.896411 0.443223 0
    outer loop
      vertex 5.14551 0.639648 -0.25
      vertex 5.18945 0.728516 0.25
      vertex 5.18945 0.728516 -0.25
    endloop
  endfacet
  facet normal -0.896411 0.443223 0
    outer loop
      vertex 5.14551 0.639648 -0.25
      vertex 5.14551 0.639648 0.25
      vertex 5.18945 0.728516 0.25
    endloop
  endfacet
  facet normal -0.941742 0.336336 0
    outer loop
      vertex 5.02344 0.297852 -0.25
      vertex 5.14551 0.639648 0.25
      vertex 5.14551 0.639648 -0.25
    endloop
  endfacet
  facet normal -0.941742 0.336336 0
    outer loop
      vertex 5.02344 0.297852 -0.25
      vertex 5.02344 0.297852 0.25
      vertex 5.14551 0.639648 0.25
    endloop
  endfacet
  facet normal -0.999951 0.00988639 0
    outer loop
      vertex 5.02148 0.0996094 -0.25
      vertex 5.02344 0.297852 0.25
      vertex 5.02344 0.297852 -0.25
    endloop
  endfacet
  facet normal -0.999951 0.00988639 0
    outer loop
      vertex 5.02148 0.0996094 -0.25
      vertex 5.02148 0.0996094 0.25
      vertex 5.02344 0.297852 0.25
    endloop
  endfacet
  facet normal -0.725916 -0.687783 0
    outer loop
      vertex 5.03906 0.0810547 -0.25
      vertex 5.02148 0.0996094 0.25
      vertex 5.02148 0.0996094 -0.25
    endloop
  endfacet
  facet normal -0.725916 -0.687783 0
    outer loop
      vertex 5.03906 0.0810547 -0.25
      vertex 5.03906 0.0810547 0.25
      vertex 5.02148 0.0996094 0.25
    endloop
  endfacet
  facet normal -0.697827 -0.716267 0
    outer loop
      vertex 5.07715 0.0439453 -0.25
      vertex 5.03906 0.0810547 0.25
      vertex 5.03906 0.0810547 -0.25
    endloop
  endfacet
  facet normal -0.697827 -0.716267 0
    outer loop
      vertex 5.07715 0.0439453 -0.25
      vertex 5.07715 0.0439453 0.25
      vertex 5.03906 0.0810547 0.25
    endloop
  endfacet
  facet normal 0.0522536 -0.998634 0
    outer loop
      vertex 5.41309 0.0615234 -0.25
      vertex 5.07715 0.0439453 0.25
      vertex 5.07715 0.0439453 -0.25
    endloop
  endfacet
  facet normal 0.0522536 -0.998634 0
    outer loop
      vertex 5.41309 0.0615234 -0.25
      vertex 5.41309 0.0615234 0.25
      vertex 5.07715 0.0439453 0.25
    endloop
  endfacet
  facet normal 0.73287 0.680369 -0
    outer loop
      vertex 22.4814 31.1436 -0.25
      vertex 22.4814 31.1436 0.25
      vertex 22.6084 31.0068 -0.25
    endloop
  endfacet
  facet normal 0.73287 0.680369 0
    outer loop
      vertex 22.6084 31.0068 0.25
      vertex 22.6084 31.0068 -0.25
      vertex 22.4814 31.1436 0.25
    endloop
  endfacet
  facet normal 0.79643 0.60473 -0
    outer loop
      vertex 22.1426 31.5898 -0.25
      vertex 22.1426 31.5898 0.25
      vertex 22.4814 31.1436 -0.25
    endloop
  endfacet
  facet normal 0.79643 0.60473 0
    outer loop
      vertex 22.4814 31.1436 0.25
      vertex 22.4814 31.1436 -0.25
      vertex 22.1426 31.5898 0.25
    endloop
  endfacet
  facet normal 0.865755 0.500468 -0
    outer loop
      vertex 21.792 32.1963 -0.25
      vertex 21.792 32.1963 0.25
      vertex 22.1426 31.5898 -0.25
    endloop
  endfacet
  facet normal 0.865755 0.500468 0
    outer loop
      vertex 22.1426 31.5898 0.25
      vertex 22.1426 31.5898 -0.25
      vertex 21.792 32.1963 0.25
    endloop
  endfacet
  facet normal 0.939465 0.342646 -0
    outer loop
      vertex 21.5879 32.7559 -0.25
      vertex 21.5879 32.7559 0.25
      vertex 21.792 32.1963 -0.25
    endloop
  endfacet
  facet normal 0.939465 0.342646 0
    outer loop
      vertex 21.792 32.1963 0.25
      vertex 21.792 32.1963 -0.25
      vertex 21.5879 32.7559 0.25
    endloop
  endfacet
  facet normal 0.991132 0.132881 -0
    outer loop
      vertex 21.543 33.0908 -0.25
      vertex 21.543 33.0908 0.25
      vertex 21.5879 32.7559 -0.25
    endloop
  endfacet
  facet normal 0.991132 0.132881 0
    outer loop
      vertex 21.5879 32.7559 0.25
      vertex 21.5879 32.7559 -0.25
      vertex 21.543 33.0908 0.25
    endloop
  endfacet
  facet normal 0.975382 -0.220521 0
    outer loop
      vertex 21.5664 33.1943 -0.25
      vertex 21.5664 33.1943 0.25
      vertex 21.543 33.0908 -0.25
    endloop
  endfacet
  facet normal 0.975382 -0.220521 0
    outer loop
      vertex 21.543 33.0908 0.25
      vertex 21.543 33.0908 -0.25
      vertex 21.5664 33.1943 0.25
    endloop
  endfacet
  facet normal 0.981535 -0.191281 0
    outer loop
      vertex 21.5801 33.2646 -0.25
      vertex 21.5801 33.2646 0.25
      vertex 21.5664 33.1943 -0.25
    endloop
  endfacet
  facet normal 0.981535 -0.191281 0
    outer loop
      vertex 21.5664 33.1943 0.25
      vertex 21.5664 33.1943 -0.25
      vertex 21.5801 33.2646 0.25
    endloop
  endfacet
  facet normal 0.842588 -0.538559 0
    outer loop
      vertex 21.8242 33.6465 -0.25
      vertex 21.8242 33.6465 0.25
      vertex 21.5801 33.2646 -0.25
    endloop
  endfacet
  facet normal 0.842588 -0.538559 0
    outer loop
      vertex 21.5801 33.2646 0.25
      vertex 21.5801 33.2646 -0.25
      vertex 21.8242 33.6465 0.25
    endloop
  endfacet
  facet normal 0.684712 -0.728814 0
    outer loop
      vertex 22.082 33.8887 -0.25
      vertex 22.082 33.8887 0.25
      vertex 21.8242 33.6465 -0.25
    endloop
  endfacet
  facet normal 0.684712 -0.728814 0
    outer loop
      vertex 21.8242 33.6465 0.25
      vertex 21.8242 33.6465 -0.25
      vertex 22.082 33.8887 0.25
    endloop
  endfacet
  facet normal 0 -1 0
    outer loop
      vertex 22.1865 33.8887 -0.25
      vertex 22.1865 33.8887 0.25
      vertex 22.082 33.8887 -0.25
    endloop
  endfacet
  facet normal 0 -1 0
    outer loop
      vertex 22.082 33.8887 0.25
      vertex 22.082 33.8887 -0.25
      vertex 22.1865 33.8887 0.25
    endloop
  endfacet
  facet normal -0.906504 -0.422197 0
    outer loop
      vertex 22.2402 33.7734 -0.25
      vertex 22.2402 33.7734 0.25
      vertex 22.1865 33.8887 -0.25
    endloop
  endfacet
  facet normal -0.906504 -0.422197 -0
    outer loop
      vertex 22.1865 33.8887 0.25
      vertex 22.1865 33.8887 -0.25
      vertex 22.2402 33.7734 0.25
    endloop
  endfacet
  facet normal -0.884372 -0.466783 0
    outer loop
      vertex 22.4072 33.457 -0.25
      vertex 22.4072 33.457 0.25
      vertex 22.2402 33.7734 -0.25
    endloop
  endfacet
  facet normal -0.884372 -0.466783 -0
    outer loop
      vertex 22.2402 33.7734 0.25
      vertex 22.2402 33.7734 -0.25
      vertex 22.4072 33.457 0.25
    endloop
  endfacet
  facet normal -0.890656 -0.454677 0
    outer loop
      vertex 22.6455 32.9902 -0.25
      vertex 22.6455 32.9902 0.25
      vertex 22.4072 33.457 -0.25
    endloop
  endfacet
  facet normal -0.890656 -0.454677 -0
    outer loop
      vertex 22.4072 33.457 0.25
      vertex 22.4072 33.457 -0.25
      vertex 22.6455 32.9902 0.25
    endloop
  endfacet
  facet normal -0.893175 -0.449709 0
    outer loop
      vertex 22.9336 32.418 -0.25
      vertex 22.9336 32.418 0.25
      vertex 22.6455 32.9902 -0.25
    endloop
  endfacet
  facet normal -0.893175 -0.449709 -0
    outer loop
      vertex 22.6455 32.9902 0.25
      vertex 22.6455 32.9902 -0.25
      vertex 22.9336 32.418 0.25
    endloop
  endfacet
  facet normal -0.897376 -0.441268 0
    outer loop
      vertex 23.6621 30.9365 -0.25
      vertex 23.6621 30.9365 0.25
      vertex 22.9336 32.418 -0.25
    endloop
  endfacet
  facet normal -0.897376 -0.441268 -0
    outer loop
      vertex 22.9336 32.418 0.25
      vertex 22.9336 32.418 -0.25
      vertex 23.6621 30.9365 0.25
    endloop
  endfacet
  facet normal -0.707107 0.707107 0
    outer loop
      vertex 23.4072 30.6816 -0.25
      vertex 23.4072 30.6816 0.25
      vertex 23.6621 30.9365 -0.25
    endloop
  endfacet
  facet normal -0.707107 0.707107 0
    outer loop
      vertex 23.6621 30.9365 0.25
      vertex 23.6621 30.9365 -0.25
      vertex 23.4072 30.6816 0.25
    endloop
  endfacet
  facet normal -0.673656 0.739045 0
    outer loop
      vertex 23.1416 30.4395 -0.25
      vertex 23.1416 30.4395 0.25
      vertex 23.4072 30.6816 -0.25
    endloop
  endfacet
  facet normal -0.673656 0.739045 0
    outer loop
      vertex 23.4072 30.6816 0.25
      vertex 23.4072 30.6816 -0.25
      vertex 23.1416 30.4395 0.25
    endloop
  endfacet
  facet normal 0.728667 0.684868 -0
    outer loop
      vertex 22.6084 31.0068 -0.25
      vertex 22.6084 31.0068 0.25
      vertex 23.1416 30.4395 -0.25
    endloop
  endfacet
  facet normal 0.728667 0.684868 0
    outer loop
      vertex 23.1416 30.4395 0.25
      vertex 23.1416 30.4395 -0.25
      vertex 22.6084 31.0068 0.25
    endloop
  endfacet
  facet normal 0.598218 0.801334 -0
    outer loop
      vertex 26.9971 31.501 -0.25
      vertex 26.9971 31.501 0.25
      vertex 27.0547 31.458 -0.25
    endloop
  endfacet
  facet normal 0.598218 0.801334 0
    outer loop
      vertex 27.0547 31.458 0.25
      vertex 27.0547 31.458 -0.25
      vertex 26.9971 31.501 0.25
    endloop
  endfacet
  facet normal 0.86753 0.497384 -0
    outer loop
      vertex 26.8896 31.6885 -0.25
      vertex 26.8896 31.6885 0.25
      vertex 26.9971 31.501 -0.25
    endloop
  endfacet
  facet normal 0.86753 0.497384 0
    outer loop
      vertex 26.9971 31.501 0.25
      vertex 26.9971 31.501 -0.25
      vertex 26.8896 31.6885 0.25
    endloop
  endfacet
  facet normal 0.92629 0.376811 -0
    outer loop
      vertex 26.7148 32.1182 -0.25
      vertex 26.7148 32.1182 0.25
      vertex 26.8896 31.6885 -0.25
    endloop
  endfacet
  facet normal 0.92629 0.376811 0
    outer loop
      vertex 26.8896 31.6885 0.25
      vertex 26.8896 31.6885 -0.25
      vertex 26.7148 32.1182 0.25
    endloop
  endfacet
  facet normal 0.935333 0.353769 -0
    outer loop
      vertex 26.498 32.6914 -0.25
      vertex 26.498 32.6914 0.25
      vertex 26.7148 32.1182 -0.25
    endloop
  endfacet
  facet normal 0.935333 0.353769 0
    outer loop
      vertex 26.7148 32.1182 0.25
      vertex 26.7148 32.1182 -0.25
      vertex 26.498 32.6914 0.25
    endloop
  endfacet
  facet normal 0.938099 0.346367 -0
    outer loop
      vertex 26.4277 32.8818 -0.25
      vertex 26.4277 32.8818 0.25
      vertex 26.498 32.6914 -0.25
    endloop
  endfacet
  facet normal 0.938099 0.346367 0
    outer loop
      vertex 26.498 32.6914 0.25
      vertex 26.498 32.6914 -0.25
      vertex 26.4277 32.8818 0.25
    endloop
  endfacet
  facet normal 0.942203 0.335042 -0
    outer loop
      vertex 26.3867 32.9971 -0.25
      vertex 26.3867 32.9971 0.25
      vertex 26.4277 32.8818 -0.25
    endloop
  endfacet
  facet normal 0.942203 0.335042 0
    outer loop
      vertex 26.4277 32.8818 0.25
      vertex 26.4277 32.8818 -0.25
      vertex 26.3867 32.9971 0.25
    endloop
  endfacet
  facet normal 0.962469 0.271393 -0
    outer loop
      vertex 26.2617 33.4404 -0.25
      vertex 26.2617 33.4404 0.25
      vertex 26.3867 32.9971 -0.25
    endloop
  endfacet
  facet normal 0.962469 0.271393 0
    outer loop
      vertex 26.3867 32.9971 0.25
      vertex 26.3867 32.9971 -0.25
      vertex 26.2617 33.4404 0.25
    endloop
  endfacet
  facet normal 0.996763 -0.0804007 0
    outer loop
      vertex 26.2773 33.6338 -0.25
      vertex 26.2773 33.6338 0.25
      vertex 26.2617 33.4404 -0.25
    endloop
  endfacet
  facet normal 0.996763 -0.0804007 0
    outer loop
      vertex 26.2617 33.4404 0.25
      vertex 26.2617 33.4404 -0.25
      vertex 26.2773 33.6338 0.25
    endloop
  endfacet
  facet normal -0.334898 -0.942254 0
    outer loop
      vertex 26.2939 33.6279 -0.25
      vertex 26.2939 33.6279 0.25
      vertex 26.2773 33.6338 -0.25
    endloop
  endfacet
  facet normal -0.334898 -0.942254 -0
    outer loop
      vertex 26.2773 33.6338 0.25
      vertex 26.2773 33.6338 -0.25
      vertex 26.2939 33.6279 0.25
    endloop
  endfacet
  facet normal -0.869897 -0.493233 0
    outer loop
      vertex 26.4805 33.2988 -0.25
      vertex 26.4805 33.2988 0.25
      vertex 26.2939 33.6279 -0.25
    endloop
  endfacet
  facet normal -0.869897 -0.493233 -0
    outer loop
      vertex 26.2939 33.6279 0.25
      vertex 26.2939 33.6279 -0.25
      vertex 26.4805 33.2988 0.25
    endloop
  endfacet
  facet normal -0.917835 -0.396963 0
    outer loop
      vertex 26.7432 32.6914 -0.25
      vertex 26.7432 32.6914 0.25
      vertex 26.4805 33.2988 -0.25
    endloop
  endfacet
  facet normal -0.917835 -0.396963 -0
    outer loop
      vertex 26.4805 33.2988 0.25
      vertex 26.4805 33.2988 -0.25
      vertex 26.7432 32.6914 0.25
    endloop
  endfacet
  facet normal -0.933296 -0.359109 0
    outer loop
      vertex 26.7988 32.5469 -0.25
      vertex 26.7988 32.5469 0.25
      vertex 26.7432 32.6914 -0.25
    endloop
  endfacet
  facet normal -0.933296 -0.359109 -0
    outer loop
      vertex 26.7432 32.6914 0.25
      vertex 26.7432 32.6914 -0.25
      vertex 26.7988 32.5469 0.25
    endloop
  endfacet
  facet normal -0.937531 -0.347903 0
    outer loop
      vertex 26.8604 32.3809 -0.25
      vertex 26.8604 32.3809 0.25
      vertex 26.7988 32.5469 -0.25
    endloop
  endfacet
  facet normal -0.937531 -0.347903 -0
    outer loop
      vertex 26.7988 32.5469 0.25
      vertex 26.7988 32.5469 -0.25
      vertex 26.8604 32.3809 0.25
    endloop
  endfacet
  facet normal -0.937172 -0.348867 0
    outer loop
      vertex 27.0469 31.8799 -0.25
      vertex 27.0469 31.8799 0.25
      vertex 26.8604 32.3809 -0.25
    endloop
  endfacet
  facet normal -0.937172 -0.348867 -0
    outer loop
      vertex 26.8604 32.3809 0.25
      vertex 26.8604 32.3809 -0.25
      vertex 27.0469 31.8799 0.25
    endloop
  endfacet
  facet normal -0.948119 -0.317915 0
    outer loop
      vertex 27.1543 31.5596 -0.25
      vertex 27.1543 31.5596 0.25
      vertex 27.0469 31.8799 -0.25
    endloop
  endfacet
  facet normal -0.948119 -0.317915 -0
    outer loop
      vertex 27.0469 31.8799 0.25
      vertex 27.0469 31.8799 -0.25
      vertex 27.1543 31.5596 0.25
    endloop
  endfacet
  facet normal -0.999948 0.0102349 0
    outer loop
      vertex 27.1533 31.4619 -0.25
      vertex 27.1533 31.4619 0.25
      vertex 27.1543 31.5596 -0.25
    endloop
  endfacet
  facet normal -0.999948 0.0102349 0
    outer loop
      vertex 27.1543 31.5596 0.25
      vertex 27.1543 31.5596 -0.25
      vertex 27.1533 31.4619 0.25
    endloop
  endfacet
  facet normal -0.066406 0.997793 0
    outer loop
      vertex 27.0947 31.458 -0.25
      vertex 27.0947 31.458 0.25
      vertex 27.1533 31.4619 -0.25
    endloop
  endfacet
  facet normal -0.066406 0.997793 0
    outer loop
      vertex 27.1533 31.4619 0.25
      vertex 27.1533 31.4619 -0.25
      vertex 27.0947 31.458 0.25
    endloop
  endfacet
  facet normal 0 1 0
    outer loop
      vertex 27.0547 31.458 -0.25
      vertex 27.0547 31.458 0.25
      vertex 27.0947 31.458 -0.25
    endloop
  endfacet
  facet normal 0 1 0
    outer loop
      vertex 27.0947 31.458 0.25
      vertex 27.0947 31.458 -0.25
      vertex 27.0547 31.458 0.25
    endloop
  endfacet
  facet normal 0.476159 0.879359 -0
    outer loop
      vertex 21.7754 26.6445 -0.25
      vertex 21.7754 26.6445 0.25
      vertex 22.2334 26.3965 -0.25
    endloop
  endfacet
  facet normal 0.476159 0.879359 0
    outer loop
      vertex 22.2334 26.3965 0.25
      vertex 22.2334 26.3965 -0.25
      vertex 21.7754 26.6445 0.25
    endloop
  endfacet
  facet normal 0.615644 0.788024 -0
    outer loop
      vertex 21.7178 26.6895 -0.25
      vertex 21.7178 26.6895 0.25
      vertex 21.7754 26.6445 -0.25
    endloop
  endfacet
  facet normal 0.615644 0.788024 0
    outer loop
      vertex 21.7754 26.6445 0.25
      vertex 21.7754 26.6445 -0.25
      vertex 21.7178 26.6895 0.25
    endloop
  endfacet
  facet normal 0.663308 0.748347 -0
    outer loop
      vertex 21.6738 26.7285 -0.25
      vertex 21.6738 26.7285 0.25
      vertex 21.7178 26.6895 -0.25
    endloop
  endfacet
  facet normal 0.663308 0.748347 0
    outer loop
      vertex 21.7178 26.6895 0.25
      vertex 21.7178 26.6895 -0.25
      vertex 21.6738 26.7285 0.25
    endloop
  endfacet
  facet normal 0.928477 0.371391 -0
    outer loop
      vertex 21.5488 27.041 -0.25
      vertex 21.5488 27.041 0.25
      vertex 21.6738 26.7285 -0.25
    endloop
  endfacet
  facet normal 0.928477 0.371391 0
    outer loop
      vertex 21.6738 26.7285 0.25
      vertex 21.6738 26.7285 -0.25
      vertex 21.5488 27.041 0.25
    endloop
  endfacet
  facet normal 0.99895 0.0458077 -0
    outer loop
      vertex 21.5166 27.7432 -0.25
      vertex 21.5166 27.7432 0.25
      vertex 21.5488 27.041 -0.25
    endloop
  endfacet
  facet normal 0.99895 0.0458077 0
    outer loop
      vertex 21.5488 27.041 0.25
      vertex 21.5488 27.041 -0.25
      vertex 21.5166 27.7432 0.25
    endloop
  endfacet
  facet normal 0.999858 -0.0168515 0
    outer loop
      vertex 21.5205 27.9746 -0.25
      vertex 21.5205 27.9746 0.25
      vertex 21.5166 27.7432 -0.25
    endloop
  endfacet
  facet normal 0.999858 -0.0168515 0
    outer loop
      vertex 21.5166 27.7432 0.25
      vertex 21.5166 27.7432 -0.25
      vertex 21.5205 27.9746 0.25
    endloop
  endfacet
  facet normal 1 0 -0
    outer loop
      vertex 21.5205 29.085 -0.25
      vertex 21.5205 29.085 0.25
      vertex 21.5205 27.9746 -0.25
    endloop
  endfacet
  facet normal 1 -0 0
    outer loop
      vertex 21.5205 27.9746 0.25
      vertex 21.5205 27.9746 -0.25
      vertex 21.5205 29.085 0.25
    endloop
  endfacet
  facet normal -0.957948 -0.286943 0
    outer loop
      vertex 21.7285 28.3906 -0.25
      vertex 21.7285 28.3906 0.25
      vertex 21.5205 29.085 -0.25
    endloop
  endfacet
  facet normal -0.957948 -0.286943 -0
    outer loop
      vertex 21.5205 29.085 0.25
      vertex 21.5205 29.085 -0.25
      vertex 21.7285 28.3906 0.25
    endloop
  endfacet
  facet normal -0.963993 -0.265929 0
    outer loop
      vertex 21.7549 28.2949 -0.25
      vertex 21.7549 28.2949 0.25
      vertex 21.7285 28.3906 -0.25
    endloop
  endfacet
  facet normal -0.963993 -0.265929 -0
    outer loop
      vertex 21.7285 28.3906 0.25
      vertex 21.7285 28.3906 -0.25
      vertex 21.7549 28.2949 0.25
    endloop
  endfacet
  facet normal -0.939379 -0.34288 0
    outer loop
      vertex 21.9727 27.6982 -0.25
      vertex 21.9727 27.6982 0.25
      vertex 21.7549 28.2949 -0.25
    endloop
  endfacet
  facet normal -0.939379 -0.34288 -0
    outer loop
      vertex 21.7549 28.2949 0.25
      vertex 21.7549 28.2949 -0.25
      vertex 21.9727 27.6982 0.25
    endloop
  endfacet
  facet normal -0.908705 -0.417438 0
    outer loop
      vertex 22.2441 27.1074 -0.25
      vertex 22.2441 27.1074 0.25
      vertex 21.9727 27.6982 -0.25
    endloop
  endfacet
  facet normal -0.908705 -0.417438 -0
    outer loop
      vertex 21.9727 27.6982 0.25
      vertex 21.9727 27.6982 -0.25
      vertex 22.2441 27.1074 0.25
    endloop
  endfacet
  facet normal -0.871203 -0.490923 0
    outer loop
      vertex 22.2969 27.0137 -0.25
      vertex 22.2969 27.0137 0.25
      vertex 22.2441 27.1074 -0.25
    endloop
  endfacet
  facet normal -0.871203 -0.490923 -0
    outer loop
      vertex 22.2441 27.1074 0.25
      vertex 22.2441 27.1074 -0.25
      vertex 22.2969 27.0137 0.25
    endloop
  endfacet
  facet normal -0.881425 -0.472325 0
    outer loop
      vertex 22.3477 26.9189 -0.25
      vertex 22.3477 26.9189 0.25
      vertex 22.2969 27.0137 -0.25
    endloop
  endfacet
  facet normal -0.881425 -0.472325 -0
    outer loop
      vertex 22.2969 27.0137 0.25
      vertex 22.2969 27.0137 -0.25
      vertex 22.3477 26.9189 0.25
    endloop
  endfacet
  facet normal -0.898786 -0.438389 0
    outer loop
      vertex 22.5449 26.5146 -0.25
      vertex 22.5449 26.5146 0.25
      vertex 22.3477 26.9189 -0.25
    endloop
  endfacet
  facet normal -0.898786 -0.438389 -0
    outer loop
      vertex 22.3477 26.9189 0.25
      vertex 22.3477 26.9189 -0.25
      vertex 22.5449 26.5146 0.25
    endloop
  endfacet
  facet normal -0.939584 -0.342319 0
    outer loop
      vertex 22.626 26.292 -0.25
      vertex 22.626 26.292 0.25
      vertex 22.5449 26.5146 -0.25
    endloop
  endfacet
  facet normal -0.939584 -0.342319 -0
    outer loop
      vertex 22.5449 26.5146 0.25
      vertex 22.5449 26.5146 -0.25
      vertex 22.626 26.292 0.25
    endloop
  endfacet
  facet normal -0.755322 0.655353 0
    outer loop
      vertex 22.6201 26.2852 -0.25
      vertex 22.6201 26.2852 0.25
      vertex 22.626 26.292 -0.25
    endloop
  endfacet
  facet normal -0.755322 0.655353 0
    outer loop
      vertex 22.626 26.292 0.25
      vertex 22.626 26.292 -0.25
      vertex 22.6201 26.2852 0.25
    endloop
  endfacet
  facet normal -0.709516 0.704689 0
    outer loop
      vertex 22.6055 26.2705 -0.25
      vertex 22.6055 26.2705 0.25
      vertex 22.6201 26.2852 -0.25
    endloop
  endfacet
  facet normal -0.709516 0.704689 0
    outer loop
      vertex 22.6201 26.2852 0.25
      vertex 22.6201 26.2852 -0.25
      vertex 22.6055 26.2705 0.25
    endloop
  endfacet
  facet normal 0.32073 0.947171 -0
    outer loop
      vertex 22.2334 26.3965 -0.25
      vertex 22.2334 26.3965 0.25
      vertex 22.6055 26.2705 -0.25
    endloop
  endfacet
  facet normal 0.32073 0.947171 0
    outer loop
      vertex 22.6055 26.2705 0.25
      vertex 22.6055 26.2705 -0.25
      vertex 22.2334 26.3965 0.25
    endloop
  endfacet
  facet normal 0.708012 0.706201 -0
    outer loop
      vertex 47.5938 7.76953 -0.25
      vertex 47.5938 7.76953 0.25
      vertex 47.5977 7.76562 -0.25
    endloop
  endfacet
  facet normal 0.708012 0.706201 0
    outer loop
      vertex 47.5977 7.76562 0.25
      vertex 47.5977 7.76562 -0.25
      vertex 47.5938 7.76953 0.25
    endloop
  endfacet
  facet normal 0.882233 0.470814 -0
    outer loop
      vertex 47.377 8.17578 -0.25
      vertex 47.377 8.17578 0.25
      vertex 47.5938 7.76953 -0.25
    endloop
  endfacet
  facet normal 0.882233 0.470814 0
    outer loop
      vertex 47.5938 7.76953 0.25
      vertex 47.5938 7.76953 -0.25
      vertex 47.377 8.17578 0.25
    endloop
  endfacet
  facet normal 0.883814 0.467838 -0
    outer loop
      vertex 46.7939 9.27734 -0.25
      vertex 46.7939 9.27734 0.25
      vertex 47.377 8.17578 -0.25
    endloop
  endfacet
  facet normal 0.883814 0.467838 0
    outer loop
      vertex 47.377 8.17578 0.25
      vertex 47.377 8.17578 -0.25
      vertex 46.7939 9.27734 0.25
    endloop
  endfacet
  facet normal 0.884539 0.466466 -0
    outer loop
      vertex 45.9395 10.8975 -0.25
      vertex 45.9395 10.8975 0.25
      vertex 46.7939 9.27734 -0.25
    endloop
  endfacet
  facet normal 0.884539 0.466466 0
    outer loop
      vertex 46.7939 9.27734 0.25
      vertex 46.7939 9.27734 -0.25
      vertex 45.9395 10.8975 0.25
    endloop
  endfacet
  facet normal 0.884883 0.465813 -0
    outer loop
      vertex 45.1602 12.3779 -0.25
      vertex 45.1602 12.3779 0.25
      vertex 45.9395 10.8975 -0.25
    endloop
  endfacet
  facet normal 0.884883 0.465813 0
    outer loop
      vertex 45.9395 10.8975 0.25
      vertex 45.9395 10.8975 -0.25
      vertex 45.1602 12.3779 0.25
    endloop
  endfacet
  facet normal 0.883972 0.46754 -0
    outer loop
      vertex 44.9004 12.8691 -0.25
      vertex 44.9004 12.8691 0.25
      vertex 45.1602 12.3779 -0.25
    endloop
  endfacet
  facet normal 0.883972 0.46754 0
    outer loop
      vertex 45.1602 12.3779 0.25
      vertex 45.1602 12.3779 -0.25
      vertex 44.9004 12.8691 0.25
    endloop
  endfacet
  facet normal 0.885494 0.464651 -0
    outer loop
      vertex 42.2275 17.9629 -0.25
      vertex 42.2275 17.9629 0.25
      vertex 44.9004 12.8691 -0.25
    endloop
  endfacet
  facet normal 0.885494 0.464651 0
    outer loop
      vertex 44.9004 12.8691 0.25
      vertex 44.9004 12.8691 -0.25
      vertex 42.2275 17.9629 0.25
    endloop
  endfacet
  facet normal 0.698802 -0.715315 0
    outer loop
      vertex 43.709 19.4102 -0.25
      vertex 43.709 19.4102 0.25
      vertex 42.2275 17.9629 -0.25
    endloop
  endfacet
  facet normal 0.698802 -0.715315 0
    outer loop
      vertex 42.2275 17.9629 0.25
      vertex 42.2275 17.9629 -0.25
      vertex 43.709 19.4102 0.25
    endloop
  endfacet
  facet normal 0.698652 -0.715461 0
    outer loop
      vertex 43.875 19.5723 -0.25
      vertex 43.875 19.5723 0.25
      vertex 43.709 19.4102 -0.25
    endloop
  endfacet
  facet normal 0.698652 -0.715461 0
    outer loop
      vertex 43.709 19.4102 0.25
      vertex 43.709 19.4102 -0.25
      vertex 43.875 19.5723 0.25
    endloop
  endfacet
  facet normal 0.685128 -0.728422 0
    outer loop
      vertex 44.3848 20.0518 -0.25
      vertex 44.3848 20.0518 0.25
      vertex 43.875 19.5723 -0.25
    endloop
  endfacet
  facet normal 0.685128 -0.728422 0
    outer loop
      vertex 43.875 19.5723 0.25
      vertex 43.875 19.5723 -0.25
      vertex 44.3848 20.0518 0.25
    endloop
  endfacet
  facet normal 0.672166 -0.7404 0
    outer loop
      vertex 45.127 20.7256 -0.25
      vertex 45.127 20.7256 0.25
      vertex 44.3848 20.0518 -0.25
    endloop
  endfacet
  facet normal 0.672166 -0.7404 0
    outer loop
      vertex 44.3848 20.0518 0.25
      vertex 44.3848 20.0518 -0.25
      vertex 45.127 20.7256 0.25
    endloop
  endfacet
  facet normal 0.657858 -0.753142 0
    outer loop
      vertex 45.8447 21.3525 -0.25
      vertex 45.8447 21.3525 0.25
      vertex 45.127 20.7256 -0.25
    endloop
  endfacet
  facet normal 0.657858 -0.753142 0
    outer loop
      vertex 45.127 20.7256 0.25
      vertex 45.127 20.7256 -0.25
      vertex 45.8447 21.3525 0.25
    endloop
  endfacet
  facet normal 0.642249 -0.766496 0
    outer loop
      vertex 46.2969 21.7314 -0.25
      vertex 46.2969 21.7314 0.25
      vertex 45.8447 21.3525 -0.25
    endloop
  endfacet
  facet normal 0.642249 -0.766496 0
    outer loop
      vertex 45.8447 21.3525 0.25
      vertex 45.8447 21.3525 -0.25
      vertex 46.2969 21.7314 0.25
    endloop
  endfacet
  facet normal 0.614542 -0.788884 0
    outer loop
      vertex 46.4512 21.8516 -0.25
      vertex 46.4512 21.8516 0.25
      vertex 46.2969 21.7314 -0.25
    endloop
  endfacet
  facet normal 0.614542 -0.788884 0
    outer loop
      vertex 46.2969 21.7314 0.25
      vertex 46.2969 21.7314 -0.25
      vertex 46.4512 21.8516 0.25
    endloop
  endfacet
  facet normal 0.617193 -0.786812 0
    outer loop
      vertex 46.7773 22.1074 -0.25
      vertex 46.7773 22.1074 0.25
      vertex 46.4512 21.8516 -0.25
    endloop
  endfacet
  facet normal 0.617193 -0.786812 0
    outer loop
      vertex 46.4512 21.8516 0.25
      vertex 46.4512 21.8516 -0.25
      vertex 46.7773 22.1074 0.25
    endloop
  endfacet
  facet normal 0.625885 -0.779916 0
    outer loop
      vertex 47.752 22.8896 -0.25
      vertex 47.752 22.8896 0.25
      vertex 46.7773 22.1074 -0.25
    endloop
  endfacet
  facet normal 0.625885 -0.779916 0
    outer loop
      vertex 46.7773 22.1074 0.25
      vertex 46.7773 22.1074 -0.25
      vertex 47.752 22.8896 0.25
    endloop
  endfacet
  facet normal 0.658541 -0.752545 0
    outer loop
      vertex 48.627 23.6553 -0.25
      vertex 48.627 23.6553 0.25
      vertex 47.752 22.8896 -0.25
    endloop
  endfacet
  facet normal 0.658541 -0.752545 0
    outer loop
      vertex 47.752 22.8896 0.25
      vertex 47.752 22.8896 -0.25
      vertex 48.627 23.6553 0.25
    endloop
  endfacet
  facet normal 0.723825 -0.689984 0
    outer loop
      vertex 49.3447 24.4082 -0.25
      vertex 49.3447 24.4082 0.25
      vertex 48.627 23.6553 -0.25
    endloop
  endfacet
  facet normal 0.723825 -0.689984 0
    outer loop
      vertex 48.627 23.6553 0.25
      vertex 48.627 23.6553 -0.25
      vertex 49.3447 24.4082 0.25
    endloop
  endfacet
  facet normal 0.764634 -0.644464 0
    outer loop
      vertex 49.9727 25.1533 -0.25
      vertex 49.9727 25.1533 0.25
      vertex 49.3447 24.4082 -0.25
    endloop
  endfacet
  facet normal 0.764634 -0.644464 0
    outer loop
      vertex 49.3447 24.4082 0.25
      vertex 49.3447 24.4082 -0.25
      vertex 49.9727 25.1533 0.25
    endloop
  endfacet
  facet normal 0.772996 -0.634411 0
    outer loop
      vertex 50.1787 25.4043 -0.25
      vertex 50.1787 25.4043 0.25
      vertex 49.9727 25.1533 -0.25
    endloop
  endfacet
  facet normal 0.772996 -0.634411 0
    outer loop
      vertex 49.9727 25.1533 0.25
      vertex 49.9727 25.1533 -0.25
      vertex 50.1787 25.4043 0.25
    endloop
  endfacet
  facet normal 0.785871 -0.61839 0
    outer loop
      vertex 50.2363 25.4775 -0.25
      vertex 50.2363 25.4775 0.25
      vertex 50.1787 25.4043 -0.25
    endloop
  endfacet
  facet normal 0.785871 -0.61839 0
    outer loop
      vertex 50.1787 25.4043 0.25
      vertex 50.1787 25.4043 -0.25
      vertex 50.2363 25.4775 0.25
    endloop
  endfacet
  facet normal 0.643687 -0.765288 0
    outer loop
      vertex 50.7832 25.9375 -0.25
      vertex 50.7832 25.9375 0.25
      vertex 50.2363 25.4775 -0.25
    endloop
  endfacet
  facet normal 0.643687 -0.765288 0
    outer loop
      vertex 50.2363 25.4775 0.25
      vertex 50.2363 25.4775 -0.25
      vertex 50.7832 25.9375 0.25
    endloop
  endfacet
  facet normal 0.547933 -0.836522 0
    outer loop
      vertex 51.627 26.4902 -0.25
      vertex 51.627 26.4902 0.25
      vertex 50.7832 25.9375 -0.25
    endloop
  endfacet
  facet normal 0.547933 -0.836522 0
    outer loop
      vertex 50.7832 25.9375 0.25
      vertex 50.7832 25.9375 -0.25
      vertex 51.627 26.4902 0.25
    endloop
  endfacet
  facet normal 0.495868 -0.868398 0
    outer loop
      vertex 51.834 26.6084 -0.25
      vertex 51.834 26.6084 0.25
      vertex 51.627 26.4902 -0.25
    endloop
  endfacet
  facet normal 0.495868 -0.868398 0
    outer loop
      vertex 51.627 26.4902 0.25
      vertex 51.627 26.4902 -0.25
      vertex 51.834 26.6084 0.25
    endloop
  endfacet
  facet normal 0.491524 -0.870864 0
    outer loop
      vertex 52.0762 26.7451 -0.25
      vertex 52.0762 26.7451 0.25
      vertex 51.834 26.6084 -0.25
    endloop
  endfacet
  facet normal 0.491524 -0.870864 0
    outer loop
      vertex 51.834 26.6084 0.25
      vertex 51.834 26.6084 -0.25
      vertex 52.0762 26.7451 0.25
    endloop
  endfacet
  facet normal 0.548427 -0.836198 0
    outer loop
      vertex 53.0322 27.3721 -0.25
      vertex 53.0322 27.3721 0.25
      vertex 52.0762 26.7451 -0.25
    endloop
  endfacet
  facet normal 0.548427 -0.836198 0
    outer loop
      vertex 52.0762 26.7451 0.25
      vertex 52.0762 26.7451 -0.25
      vertex 53.0322 27.3721 0.25
    endloop
  endfacet
  facet normal 0.652127 -0.75811 0
    outer loop
      vertex 53.8076 28.0391 -0.25
      vertex 53.8076 28.0391 0.25
      vertex 53.0322 27.3721 -0.25
    endloop
  endfacet
  facet normal 0.652127 -0.75811 0
    outer loop
      vertex 53.0322 27.3721 0.25
      vertex 53.0322 27.3721 -0.25
      vertex 53.8076 28.0391 0.25
    endloop
  endfacet
  facet normal 0.706879 -0.707334 0
    outer loop
      vertex 53.9629 28.1943 -0.25
      vertex 53.9629 28.1943 0.25
      vertex 53.8076 28.0391 -0.25
    endloop
  endfacet
  facet normal 0.706879 -0.707334 0
    outer loop
      vertex 53.8076 28.0391 0.25
      vertex 53.8076 28.0391 -0.25
      vertex 53.9629 28.1943 0.25
    endloop
  endfacet
  facet normal 0.710234 -0.703966 0
    outer loop
      vertex 54.0752 28.3076 -0.25
      vertex 54.0752 28.3076 0.25
      vertex 53.9629 28.1943 -0.25
    endloop
  endfacet
  facet normal 0.710234 -0.703966 0
    outer loop
      vertex 53.9629 28.1943 0.25
      vertex 53.9629 28.1943 -0.25
      vertex 54.0752 28.3076 0.25
    endloop
  endfacet
  facet normal 0.681665 -0.731664 0
    outer loop
      vertex 54.5742 28.7725 -0.25
      vertex 54.5742 28.7725 0.25
      vertex 54.0752 28.3076 -0.25
    endloop
  endfacet
  facet normal 0.681665 -0.731664 0
    outer loop
      vertex 54.0752 28.3076 0.25
      vertex 54.0752 28.3076 -0.25
      vertex 54.5742 28.7725 0.25
    endloop
  endfacet
  facet normal 0.59294 -0.805247 0
    outer loop
      vertex 54.8818 28.999 -0.25
      vertex 54.8818 28.999 0.25
      vertex 54.5742 28.7725 -0.25
    endloop
  endfacet
  facet normal 0.59294 -0.805247 0
    outer loop
      vertex 54.5742 28.7725 0.25
      vertex 54.5742 28.7725 -0.25
      vertex 54.8818 28.999 0.25
    endloop
  endfacet
  facet normal -0.360399 -0.932798 0
    outer loop
      vertex 54.8994 28.9922 -0.25
      vertex 54.8994 28.9922 0.25
      vertex 54.8818 28.999 -0.25
    endloop
  endfacet
  facet normal -0.360399 -0.932798 -0
    outer loop
      vertex 54.8818 28.999 0.25
      vertex 54.8818 28.999 -0.25
      vertex 54.8994 28.9922 0.25
    endloop
  endfacet
  facet normal -0.336772 -0.941586 0
    outer loop
      vertex 54.9131 28.9873 -0.25
      vertex 54.9131 28.9873 0.25
      vertex 54.8994 28.9922 -0.25
    endloop
  endfacet
  facet normal -0.336772 -0.941586 -0
    outer loop
      vertex 54.8994 28.9922 0.25
      vertex 54.8994 28.9922 -0.25
      vertex 54.9131 28.9873 0.25
    endloop
  endfacet
  facet normal -0.772243 -0.635327 0
    outer loop
      vertex 55.0537 28.8164 -0.25
      vertex 55.0537 28.8164 0.25
      vertex 54.9131 28.9873 -0.25
    endloop
  endfacet
  facet normal -0.772243 -0.635327 -0
    outer loop
      vertex 54.9131 28.9873 0.25
      vertex 54.9131 28.9873 -0.25
      vertex 55.0537 28.8164 0.25
    endloop
  endfacet
  facet normal -0.854924 -0.518753 0
    outer loop
      vertex 55.2344 28.5186 -0.25
      vertex 55.2344 28.5186 0.25
      vertex 55.0537 28.8164 -0.25
    endloop
  endfacet
  facet normal -0.854924 -0.518753 -0
    outer loop
      vertex 55.0537 28.8164 0.25
      vertex 55.0537 28.8164 -0.25
      vertex 55.2344 28.5186 0.25
    endloop
  endfacet
  facet normal -0.889831 -0.456291 0
    outer loop
      vertex 55.2705 28.4482 -0.25
      vertex 55.2705 28.4482 0.25
      vertex 55.2344 28.5186 -0.25
    endloop
  endfacet
  facet normal -0.889831 -0.456291 -0
    outer loop
      vertex 55.2344 28.5186 0.25
      vertex 55.2344 28.5186 -0.25
      vertex 55.2705 28.4482 0.25
    endloop
  endfacet
  facet normal -0.896276 -0.443497 0
    outer loop
      vertex 55.3135 28.3613 -0.25
      vertex 55.3135 28.3613 0.25
      vertex 55.2705 28.4482 -0.25
    endloop
  endfacet
  facet normal -0.896276 -0.443497 -0
    outer loop
      vertex 55.2705 28.4482 0.25
      vertex 55.2705 28.4482 -0.25
      vertex 55.3135 28.3613 0.25
    endloop
  endfacet
  facet normal -0.964566 -0.263842 0
    outer loop
      vertex 55.5352 27.5508 -0.25
      vertex 55.5352 27.5508 0.25
      vertex 55.3135 28.3613 -0.25
    endloop
  endfacet
  facet normal -0.964566 -0.263842 -0
    outer loop
      vertex 55.3135 28.3613 0.25
      vertex 55.3135 28.3613 -0.25
      vertex 55.5352 27.5508 0.25
    endloop
  endfacet
  facet normal -0.984273 -0.176653 0
    outer loop
      vertex 55.7734 26.2236 -0.25
      vertex 55.7734 26.2236 0.25
      vertex 55.5352 27.5508 -0.25
    endloop
  endfacet
  facet normal -0.984273 -0.176653 -0
    outer loop
      vertex 55.5352 27.5508 0.25
      vertex 55.5352 27.5508 -0.25
      vertex 55.7734 26.2236 0.25
    endloop
  endfacet
  facet normal -0.988405 -0.151841 0
    outer loop
      vertex 55.8262 25.8799 -0.25
      vertex 55.8262 25.8799 0.25
      vertex 55.7734 26.2236 -0.25
    endloop
  endfacet
  facet normal -0.988405 -0.151841 -0
    outer loop
      vertex 55.7734 26.2236 0.25
      vertex 55.7734 26.2236 -0.25
      vertex 55.8262 25.8799 0.25
    endloop
  endfacet
  facet normal -0.990182 -0.139785 0
    outer loop
      vertex 55.8848 25.4648 -0.25
      vertex 55.8848 25.4648 0.25
      vertex 55.8262 25.8799 -0.25
    endloop
  endfacet
  facet normal -0.990182 -0.139785 -0
    outer loop
      vertex 55.8262 25.8799 0.25
      vertex 55.8262 25.8799 -0.25
      vertex 55.8848 25.4648 0.25
    endloop
  endfacet
  facet normal -0.986289 -0.165029 0
    outer loop
      vertex 56.0928 24.2217 -0.25
      vertex 56.0928 24.2217 0.25
      vertex 55.8848 25.4648 -0.25
    endloop
  endfacet
  facet normal -0.986289 -0.165029 -0
    outer loop
      vertex 55.8848 25.4648 0.25
      vertex 55.8848 25.4648 -0.25
      vertex 56.0928 24.2217 0.25
    endloop
  endfacet
  facet normal -0.978325 -0.207076 0
    outer loop
      vertex 56.3828 22.8516 -0.25
      vertex 56.3828 22.8516 0.25
      vertex 56.0928 24.2217 -0.25
    endloop
  endfacet
  facet normal -0.978325 -0.207076 -0
    outer loop
      vertex 56.0928 24.2217 0.25
      vertex 56.0928 24.2217 -0.25
      vertex 56.3828 22.8516 0.25
    endloop
  endfacet
  facet normal -0.962422 -0.27156 0
    outer loop
      vertex 56.7256 21.6367 -0.25
      vertex 56.7256 21.6367 0.25
      vertex 56.3828 22.8516 -0.25
    endloop
  endfacet
  facet normal -0.962422 -0.27156 -0
    outer loop
      vertex 56.3828 22.8516 0.25
      vertex 56.3828 22.8516 -0.25
      vertex 56.7256 21.6367 0.25
    endloop
  endfacet
  facet normal -0.944202 -0.329366 0
    outer loop
      vertex 57.04 20.7354 -0.25
      vertex 57.04 20.7354 0.25
      vertex 56.7256 21.6367 -0.25
    endloop
  endfacet
  facet normal -0.944202 -0.329366 -0
    outer loop
      vertex 56.7256 21.6367 0.25
      vertex 56.7256 21.6367 -0.25
      vertex 57.04 20.7354 0.25
    endloop
  endfacet
  facet normal -0.929728 -0.368247 0
    outer loop
      vertex 57.1572 20.4395 -0.25
      vertex 57.1572 20.4395 0.25
      vertex 57.04 20.7354 -0.25
    endloop
  endfacet
  facet normal -0.929728 -0.368247 -0
    outer loop
      vertex 57.04 20.7354 0.25
      vertex 57.04 20.7354 -0.25
      vertex 57.1572 20.4395 0.25
    endloop
  endfacet
  facet normal -0.929218 -0.369531 0
    outer loop
      vertex 57.6543 19.1895 -0.25
      vertex 57.6543 19.1895 0.25
      vertex 57.1572 20.4395 -0.25
    endloop
  endfacet
  facet normal -0.929218 -0.369531 -0
    outer loop
      vertex 57.1572 20.4395 0.25
      vertex 57.1572 20.4395 -0.25
      vertex 57.6543 19.1895 0.25
    endloop
  endfacet
  facet normal -0.869262 0.494352 0
    outer loop
      vertex 56.9834 18.0098 -0.25
      vertex 56.9834 18.0098 0.25
      vertex 57.6543 19.1895 -0.25
    endloop
  endfacet
  facet normal -0.869262 0.494352 0
    outer loop
      vertex 57.6543 19.1895 0.25
      vertex 57.6543 19.1895 -0.25
      vertex 56.9834 18.0098 0.25
    endloop
  endfacet
  facet normal -0.875568 0.483094 0
    outer loop
      vertex 56.832 17.7354 -0.25
      vertex 56.832 17.7354 0.25
      vertex 56.9834 18.0098 -0.25
    endloop
  endfacet
  facet normal -0.875568 0.483094 0
    outer loop
      vertex 56.9834 18.0098 0.25
      vertex 56.9834 18.0098 -0.25
      vertex 56.832 17.7354 0.25
    endloop
  endfacet
  facet normal -0.862682 0.505747 0
    outer loop
      vertex 56.3545 16.9209 -0.25
      vertex 56.3545 16.9209 0.25
      vertex 56.832 17.7354 -0.25
    endloop
  endfacet
  facet normal -0.862682 0.505747 0
    outer loop
      vertex 56.832 17.7354 0.25
      vertex 56.832 17.7354 -0.25
      vertex 56.3545 16.9209 0.25
    endloop
  endfacet
  facet normal -0.849475 0.527628 0
    outer loop
      vertex 55.7158 15.8926 -0.25
      vertex 55.7158 15.8926 0.25
      vertex 56.3545 16.9209 -0.25
    endloop
  endfacet
  facet normal -0.849475 0.527628 0
    outer loop
      vertex 56.3545 16.9209 0.25
      vertex 56.3545 16.9209 -0.25
      vertex 55.7158 15.8926 0.25
    endloop
  endfacet
  facet normal -0.829294 0.558813 0
    outer loop
      vertex 55.1367 15.0332 -0.25
      vertex 55.1367 15.0332 0.25
      vertex 55.7158 15.8926 -0.25
    endloop
  endfacet
  facet normal -0.829294 0.558813 0
    outer loop
      vertex 55.7158 15.8926 0.25
      vertex 55.7158 15.8926 -0.25
      vertex 55.1367 15.0332 0.25
    endloop
  endfacet
  facet normal -0.808386 0.588653 0
    outer loop
      vertex 54.8096 14.584 -0.25
      vertex 54.8096 14.584 0.25
      vertex 55.1367 15.0332 -0.25
    endloop
  endfacet
  facet normal -0.808386 0.588653 0
    outer loop
      vertex 55.1367 15.0332 0.25
      vertex 55.1367 15.0332 -0.25
      vertex 54.8096 14.584 0.25
    endloop
  endfacet
  facet normal -0.763407 0.645918 0
    outer loop
      vertex 54.6914 14.4443 -0.25
      vertex 54.6914 14.4443 0.25
      vertex 54.8096 14.584 -0.25
    endloop
  endfacet
  facet normal -0.763407 0.645918 0
    outer loop
      vertex 54.8096 14.584 0.25
      vertex 54.8096 14.584 -0.25
      vertex 54.6914 14.4443 0.25
    endloop
  endfacet
  facet normal -0.757939 0.652325 0
    outer loop
      vertex 54.6074 14.3467 -0.25
      vertex 54.6074 14.3467 0.25
      vertex 54.6914 14.4443 -0.25
    endloop
  endfacet
  facet normal -0.757939 0.652325 0
    outer loop
      vertex 54.6914 14.4443 0.25
      vertex 54.6914 14.4443 -0.25
      vertex 54.6074 14.3467 0.25
    endloop
  endfacet
  facet normal -0.692551 0.721369 0
    outer loop
      vertex 54.292 14.0439 -0.25
      vertex 54.292 14.0439 0.25
      vertex 54.6074 14.3467 -0.25
    endloop
  endfacet
  facet normal -0.692551 0.721369 0
    outer loop
      vertex 54.6074 14.3467 0.25
      vertex 54.6074 14.3467 -0.25
      vertex 54.292 14.0439 0.25
    endloop
  endfacet
  facet normal -0.692784 0.721146 0
    outer loop
      vertex 53.4453 13.2305 -0.25
      vertex 53.4453 13.2305 0.25
      vertex 54.292 14.0439 -0.25
    endloop
  endfacet
  facet normal -0.692784 0.721146 0
    outer loop
      vertex 54.292 14.0439 0.25
      vertex 54.292 14.0439 -0.25
      vertex 53.4453 13.2305 0.25
    endloop
  endfacet
  facet normal -0.68851 0.725227 0
    outer loop
      vertex 52.3076 12.1504 -0.25
      vertex 52.3076 12.1504 0.25
      vertex 53.4453 13.2305 -0.25
    endloop
  endfacet
  facet normal -0.68851 0.725227 0
    outer loop
      vertex 53.4453 13.2305 0.25
      vertex 53.4453 13.2305 -0.25
      vertex 52.3076 12.1504 0.25
    endloop
  endfacet
  facet normal -0.686807 0.726839 0
    outer loop
      vertex 51.0312 10.9443 -0.25
      vertex 51.0312 10.9443 0.25
      vertex 52.3076 12.1504 -0.25
    endloop
  endfacet
  facet normal -0.686807 0.726839 0
    outer loop
      vertex 52.3076 12.1504 0.25
      vertex 52.3076 12.1504 -0.25
      vertex 51.0312 10.9443 0.25
    endloop
  endfacet
  facet normal -0.683614 0.729844 0
    outer loop
      vertex 49.7676 9.76074 -0.25
      vertex 49.7676 9.76074 0.25
      vertex 51.0312 10.9443 -0.25
    endloop
  endfacet
  facet normal -0.683614 0.729844 0
    outer loop
      vertex 51.0312 10.9443 0.25
      vertex 51.0312 10.9443 -0.25
      vertex 49.7676 9.76074 0.25
    endloop
  endfacet
  facet normal -0.682233 0.731135 0
    outer loop
      vertex 48.6729 8.73926 -0.25
      vertex 48.6729 8.73926 0.25
      vertex 49.7676 9.76074 -0.25
    endloop
  endfacet
  facet normal -0.682233 0.731135 0
    outer loop
      vertex 49.7676 9.76074 0.25
      vertex 49.7676 9.76074 -0.25
      vertex 48.6729 8.73926 0.25
    endloop
  endfacet
  facet normal -0.676311 0.736616 0
    outer loop
      vertex 47.8975 8.02734 -0.25
      vertex 47.8975 8.02734 0.25
      vertex 48.6729 8.73926 -0.25
    endloop
  endfacet
  facet normal -0.676311 0.736616 0
    outer loop
      vertex 48.6729 8.73926 0.25
      vertex 48.6729 8.73926 -0.25
      vertex 47.8975 8.02734 0.25
    endloop
  endfacet
  facet normal -0.669367 0.742932 0
    outer loop
      vertex 47.6016 7.76074 -0.25
      vertex 47.6016 7.76074 0.25
      vertex 47.8975 8.02734 -0.25
    endloop
  endfacet
  facet normal -0.669367 0.742932 0
    outer loop
      vertex 47.8975 8.02734 0.25
      vertex 47.8975 8.02734 -0.25
      vertex 47.6016 7.76074 0.25
    endloop
  endfacet
  facet normal 0.781181 0.624305 -0
    outer loop
      vertex 47.5977 7.76562 -0.25
      vertex 47.5977 7.76562 0.25
      vertex 47.6016 7.76074 -0.25
    endloop
  endfacet
  facet normal 0.781181 0.624305 0
    outer loop
      vertex 47.6016 7.76074 0.25
      vertex 47.6016 7.76074 -0.25
      vertex 47.5977 7.76562 0.25
    endloop
  endfacet
  facet normal 0.77384 -0.633381 0
    outer loop
      vertex 50.4102 15.5205 -0.25
      vertex 50.0977 15.1387 0.25
      vertex 50.0977 15.1387 -0.25
    endloop
  endfacet
  facet normal 0.77384 -0.633381 0
    outer loop
      vertex 50.4102 15.5205 -0.25
      vertex 50.4102 15.5205 0.25
      vertex 50.0977 15.1387 0.25
    endloop
  endfacet
  facet normal -0.189416 -0.981897 0
    outer loop
      vertex 51.6709 15.2773 -0.25
      vertex 50.4102 15.5205 0.25
      vertex 50.4102 15.5205 -0.25
    endloop
  endfacet
  facet normal -0.189416 -0.981897 0
    outer loop
      vertex 51.6709 15.2773 -0.25
      vertex 51.6709 15.2773 0.25
      vertex 50.4102 15.5205 0.25
    endloop
  endfacet
  facet normal -0.198304 -0.980141 0
    outer loop
      vertex 51.9121 15.2285 -0.25
      vertex 51.6709 15.2773 0.25
      vertex 51.6709 15.2773 -0.25
    endloop
  endfacet
  facet normal -0.198304 -0.980141 0
    outer loop
      vertex 51.9121 15.2285 -0.25
      vertex 51.9121 15.2285 0.25
      vertex 51.6709 15.2773 0.25
    endloop
  endfacet
  facet normal -0.186199 -0.982512 0
    outer loop
      vertex 52.6387 15.0908 -0.25
      vertex 51.9121 15.2285 0.25
      vertex 51.9121 15.2285 -0.25
    endloop
  endfacet
  facet normal -0.186199 -0.982512 0
    outer loop
      vertex 52.6387 15.0908 -0.25
      vertex 52.6387 15.0908 0.25
      vertex 51.9121 15.2285 0.25
    endloop
  endfacet
  facet normal -0.109596 -0.993976 0
    outer loop
      vertex 53.1348 15.0361 -0.25
      vertex 52.6387 15.0908 0.25
      vertex 52.6387 15.0908 -0.25
    endloop
  endfacet
  facet normal -0.109596 -0.993976 0
    outer loop
      vertex 53.1348 15.0361 -0.25
      vertex 53.1348 15.0361 0.25
      vertex 52.6387 15.0908 0.25
    endloop
  endfacet
  facet normal 0.443322 -0.896363 0
    outer loop
      vertex 53.3008 15.1182 -0.25
      vertex 53.1348 15.0361 0.25
      vertex 53.1348 15.0361 -0.25
    endloop
  endfacet
  facet normal 0.443322 -0.896363 0
    outer loop
      vertex 53.3008 15.1182 -0.25
      vertex 53.3008 15.1182 0.25
      vertex 53.1348 15.0361 0.25
    endloop
  endfacet
  facet normal 0.998994 0.044834 0
    outer loop
      vertex 53.293 15.292 -0.25
      vertex 53.3008 15.1182 0.25
      vertex 53.3008 15.1182 -0.25
    endloop
  endfacet
  facet normal 0.998994 0.044834 -0
    outer loop
      vertex 53.293 15.292 -0.25
      vertex 53.293 15.292 0.25
      vertex 53.3008 15.1182 0.25
    endloop
  endfacet
  facet normal 0.974978 0.222302 0
    outer loop
      vertex 53.2803 15.3477 -0.25
      vertex 53.293 15.292 0.25
      vertex 53.293 15.292 -0.25
    endloop
  endfacet
  facet normal 0.974978 0.222302 -0
    outer loop
      vertex 53.2803 15.3477 -0.25
      vertex 53.2803 15.3477 0.25
      vertex 53.293 15.292 0.25
    endloop
  endfacet
  facet normal 0.986394 0.164399 0
    outer loop
      vertex 53.2725 15.3945 -0.25
      vertex 53.2803 15.3477 0.25
      vertex 53.2803 15.3477 -0.25
    endloop
  endfacet
  facet normal 0.986394 0.164399 -0
    outer loop
      vertex 53.2725 15.3945 -0.25
      vertex 53.2725 15.3945 0.25
      vertex 53.2803 15.3477 0.25
    endloop
  endfacet
  facet normal 0.997104 0.0760503 0
    outer loop
      vertex 53.2617 15.5361 -0.25
      vertex 53.2725 15.3945 0.25
      vertex 53.2725 15.3945 -0.25
    endloop
  endfacet
  facet normal 0.997104 0.0760503 -0
    outer loop
      vertex 53.2617 15.5361 -0.25
      vertex 53.2617 15.5361 0.25
      vertex 53.2725 15.3945 0.25
    endloop
  endfacet
  facet normal 0.8791 -0.476637 0
    outer loop
      vertex 53.3311 15.6641 -0.25
      vertex 53.2617 15.5361 0.25
      vertex 53.2617 15.5361 -0.25
    endloop
  endfacet
  facet normal 0.8791 -0.476637 0
    outer loop
      vertex 53.3311 15.6641 -0.25
      vertex 53.3311 15.6641 0.25
      vertex 53.2617 15.5361 0.25
    endloop
  endfacet
  facet normal 0.473714 -0.880679 0
    outer loop
      vertex 53.5488 15.7812 -0.25
      vertex 53.3311 15.6641 0.25
      vertex 53.3311 15.6641 -0.25
    endloop
  endfacet
  facet normal 0.473714 -0.880679 0
    outer loop
      vertex 53.5488 15.7812 -0.25
      vertex 53.5488 15.7812 0.25
      vertex 53.3311 15.6641 0.25
    endloop
  endfacet
  facet normal 0.348987 -0.937128 0
    outer loop
      vertex 53.8662 15.8994 -0.25
      vertex 53.5488 15.7812 0.25
      vertex 53.5488 15.7812 -0.25
    endloop
  endfacet
  facet normal 0.348987 -0.937128 0
    outer loop
      vertex 53.8662 15.8994 -0.25
      vertex 53.8662 15.8994 0.25
      vertex 53.5488 15.7812 0.25
    endloop
  endfacet
  facet normal 0.326506 -0.945195 0
    outer loop
      vertex 53.9736 15.9365 -0.25
      vertex 53.8662 15.8994 0.25
      vertex 53.8662 15.8994 -0.25
    endloop
  endfacet
  facet normal 0.326506 -0.945195 0
    outer loop
      vertex 53.9736 15.9365 -0.25
      vertex 53.9736 15.9365 0.25
      vertex 53.8662 15.8994 0.25
    endloop
  endfacet
  facet normal 0.353401 -0.935472 0
    outer loop
      vertex 54.0771 15.9756 -0.25
      vertex 53.9736 15.9365 0.25
      vertex 53.9736 15.9365 -0.25
    endloop
  endfacet
  facet normal 0.353401 -0.935472 0
    outer loop
      vertex 54.0771 15.9756 -0.25
      vertex 54.0771 15.9756 0.25
      vertex 53.9736 15.9365 0.25
    endloop
  endfacet
  facet normal 0.377489 -0.926014 0
    outer loop
      vertex 54.5059 16.1504 -0.25
      vertex 54.0771 15.9756 0.25
      vertex 54.0771 15.9756 -0.25
    endloop
  endfacet
  facet normal 0.377489 -0.926014 0
    outer loop
      vertex 54.5059 16.1504 -0.25
      vertex 54.5059 16.1504 0.25
      vertex 54.0771 15.9756 0.25
    endloop
  endfacet
  facet normal 0.414766 -0.909928 0
    outer loop
      vertex 54.7266 16.251 -0.25
      vertex 54.5059 16.1504 0.25
      vertex 54.5059 16.1504 -0.25
    endloop
  endfacet
  facet normal 0.414766 -0.909928 0
    outer loop
      vertex 54.7266 16.251 -0.25
      vertex 54.7266 16.251 0.25
      vertex 54.5059 16.1504 0.25
    endloop
  endfacet
  facet normal 1 0 0
    outer loop
      vertex 54.7266 16.3252 -0.25
      vertex 54.7266 16.251 0.25
      vertex 54.7266 16.251 -0.25
    endloop
  endfacet
  facet normal 1 0 -0
    outer loop
      vertex 54.7266 16.3252 -0.25
      vertex 54.7266 16.3252 0.25
      vertex 54.7266 16.251 0.25
    endloop
  endfacet
  facet normal 0.608578 0.793494 0
    outer loop
      vertex 54.5674 16.4473 -0.25
      vertex 54.7266 16.3252 0.25
      vertex 54.7266 16.3252 -0.25
    endloop
  endfacet
  facet normal 0.608578 0.793494 -0
    outer loop
      vertex 54.5674 16.4473 -0.25
      vertex 54.5674 16.4473 0.25
      vertex 54.7266 16.3252 0.25
    endloop
  endfacet
  facet normal 0.630418 0.776256 0
    outer loop
      vertex 54.2656 16.6924 -0.25
      vertex 54.5674 16.4473 0.25
      vertex 54.5674 16.4473 -0.25
    endloop
  endfacet
  facet normal 0.630418 0.776256 -0
    outer loop
      vertex 54.2656 16.6924 -0.25
      vertex 54.2656 16.6924 0.25
      vertex 54.5674 16.4473 0.25
    endloop
  endfacet
  facet normal 0.608688 0.793409 0
    outer loop
      vertex 54.1943 16.7471 -0.25
      vertex 54.2656 16.6924 0.25
      vertex 54.2656 16.6924 -0.25
    endloop
  endfacet
  facet normal 0.608688 0.793409 -0
    outer loop
      vertex 54.1943 16.7471 -0.25
      vertex 54.1943 16.7471 0.25
      vertex 54.2656 16.6924 0.25
    endloop
  endfacet
  facet normal 0.614074 0.789249 0
    outer loop
      vertex 54.0713 16.8428 -0.25
      vertex 54.1943 16.7471 0.25
      vertex 54.1943 16.7471 -0.25
    endloop
  endfacet
  facet normal 0.614074 0.789249 -0
    outer loop
      vertex 54.0713 16.8428 -0.25
      vertex 54.0713 16.8428 0.25
      vertex 54.1943 16.7471 0.25
    endloop
  endfacet
  facet normal 0.73874 0.673991 0
    outer loop
      vertex 53.7559 17.1885 -0.25
      vertex 54.0713 16.8428 0.25
      vertex 54.0713 16.8428 -0.25
    endloop
  endfacet
  facet normal 0.73874 0.673991 -0
    outer loop
      vertex 53.7559 17.1885 -0.25
      vertex 53.7559 17.1885 0.25
      vertex 54.0713 16.8428 0.25
    endloop
  endfacet
  facet normal 0.994083 -0.108625 0
    outer loop
      vertex 53.7988 17.5811 -0.25
      vertex 53.7559 17.1885 0.25
      vertex 53.7559 17.1885 -0.25
    endloop
  endfacet
  facet normal 0.994083 -0.108625 0
    outer loop
      vertex 53.7988 17.5811 -0.25
      vertex 53.7988 17.5811 0.25
      vertex 53.7559 17.1885 0.25
    endloop
  endfacet
  facet normal 0.92453 -0.38111 0
    outer loop
      vertex 53.8467 17.6973 -0.25
      vertex 53.7988 17.5811 0.25
      vertex 53.7988 17.5811 -0.25
    endloop
  endfacet
  facet normal 0.92453 -0.38111 0
    outer loop
      vertex 53.8467 17.6973 -0.25
      vertex 53.8467 17.6973 0.25
      vertex 53.7988 17.5811 0.25
    endloop
  endfacet
  facet normal 0.921808 -0.387648 0
    outer loop
      vertex 53.8594 17.7275 -0.25
      vertex 53.8467 17.6973 0.25
      vertex 53.8467 17.6973 -0.25
    endloop
  endfacet
  facet normal 0.921808 -0.387648 0
    outer loop
      vertex 53.8594 17.7275 -0.25
      vertex 53.8594 17.7275 0.25
      vertex 53.8467 17.6973 0.25
    endloop
  endfacet
  facet normal 0.861623 0.507548 0
    outer loop
      vertex 53.7754 17.8701 -0.25
      vertex 53.8594 17.7275 0.25
      vertex 53.8594 17.7275 -0.25
    endloop
  endfacet
  facet normal 0.861623 0.507548 -0
    outer loop
      vertex 53.7754 17.8701 -0.25
      vertex 53.7754 17.8701 0.25
      vertex 53.8594 17.7275 0.25
    endloop
  endfacet
  facet normal 0.194142 0.980973 0
    outer loop
      vertex 53.3262 17.959 -0.25
      vertex 53.7754 17.8701 0.25
      vertex 53.7754 17.8701 -0.25
    endloop
  endfacet
  facet normal 0.194142 0.980973 -0
    outer loop
      vertex 53.3262 17.959 -0.25
      vertex 53.3262 17.959 0.25
      vertex 53.7754 17.8701 0.25
    endloop
  endfacet
  facet normal 0.0966203 0.995321 0
    outer loop
      vertex 53.1758 17.9736 -0.25
      vertex 53.3262 17.959 0.25
      vertex 53.3262 17.959 -0.25
    endloop
  endfacet
  facet normal 0.0966203 0.995321 -0
    outer loop
      vertex 53.1758 17.9736 -0.25
      vertex 53.1758 17.9736 0.25
      vertex 53.3262 17.959 0.25
    endloop
  endfacet
  facet normal 0.0933702 0.995631 0
    outer loop
      vertex 53.0713 17.9834 -0.25
      vertex 53.1758 17.9736 0.25
      vertex 53.1758 17.9736 -0.25
    endloop
  endfacet
  facet normal 0.0933702 0.995631 -0
    outer loop
      vertex 53.0713 17.9834 -0.25
      vertex 53.0713 17.9834 0.25
      vertex 53.1758 17.9736 0.25
    endloop
  endfacet
  facet normal 0.151032 0.988529 0
    outer loop
      vertex 52.6367 18.0498 -0.25
      vertex 53.0713 17.9834 0.25
      vertex 53.0713 17.9834 -0.25
    endloop
  endfacet
  facet normal 0.151032 0.988529 -0
    outer loop
      vertex 52.6367 18.0498 -0.25
      vertex 52.6367 18.0498 0.25
      vertex 53.0713 17.9834 0.25
    endloop
  endfacet
  facet normal 0.248417 0.968653 0
    outer loop
      vertex 52.4121 18.1074 -0.25
      vertex 52.6367 18.0498 0.25
      vertex 52.6367 18.0498 -0.25
    endloop
  endfacet
  facet normal 0.248417 0.968653 -0
    outer loop
      vertex 52.4121 18.1074 -0.25
      vertex 52.4121 18.1074 0.25
      vertex 52.6367 18.0498 0.25
    endloop
  endfacet
  facet normal 1 0 0
    outer loop
      vertex 52.4121 18.1855 -0.25
      vertex 52.4121 18.1074 0.25
      vertex 52.4121 18.1074 -0.25
    endloop
  endfacet
  facet normal 1 0 -0
    outer loop
      vertex 52.4121 18.1855 -0.25
      vertex 52.4121 18.1855 0.25
      vertex 52.4121 18.1074 0.25
    endloop
  endfacet
  facet normal 0.461223 -0.887284 0
    outer loop
      vertex 52.7578 18.3652 -0.25
      vertex 52.4121 18.1855 0.25
      vertex 52.4121 18.1855 -0.25
    endloop
  endfacet
  facet normal 0.461223 -0.887284 0
    outer loop
      vertex 52.7578 18.3652 -0.25
      vertex 52.7578 18.3652 0.25
      vertex 52.4121 18.1855 0.25
    endloop
  endfacet
  facet normal 0.491203 -0.871045 0
    outer loop
      vertex 53.4297 18.7441 -0.25
      vertex 52.7578 18.3652 0.25
      vertex 52.7578 18.3652 -0.25
    endloop
  endfacet
  facet normal 0.491203 -0.871045 0
    outer loop
      vertex 53.4297 18.7441 -0.25
      vertex 53.4297 18.7441 0.25
      vertex 52.7578 18.3652 0.25
    endloop
  endfacet
  facet normal 0.4729 -0.881116 0
    outer loop
      vertex 53.5918 18.8311 -0.25
      vertex 53.4297 18.7441 0.25
      vertex 53.4297 18.7441 -0.25
    endloop
  endfacet
  facet normal 0.4729 -0.881116 0
    outer loop
      vertex 53.5918 18.8311 -0.25
      vertex 53.5918 18.8311 0.25
      vertex 53.4297 18.7441 0.25
    endloop
  endfacet
  facet normal 0.471022 -0.882121 0
    outer loop
      vertex 54.7842 19.4678 -0.25
      vertex 53.5918 18.8311 0.25
      vertex 53.5918 18.8311 -0.25
    endloop
  endfacet
  facet normal 0.471022 -0.882121 0
    outer loop
      vertex 54.7842 19.4678 -0.25
      vertex 54.7842 19.4678 0.25
      vertex 53.5918 18.8311 0.25
    endloop
  endfacet
  facet normal 0.387072 0.92205 0
    outer loop
      vertex 54.3447 19.6523 -0.25
      vertex 54.7842 19.4678 0.25
      vertex 54.7842 19.4678 -0.25
    endloop
  endfacet
  facet normal 0.387072 0.92205 -0
    outer loop
      vertex 54.3447 19.6523 -0.25
      vertex 54.3447 19.6523 0.25
      vertex 54.7842 19.4678 0.25
    endloop
  endfacet
  facet normal 0.410753 0.911747 0
    outer loop
      vertex 54.2861 19.6787 -0.25
      vertex 54.3447 19.6523 0.25
      vertex 54.3447 19.6523 -0.25
    endloop
  endfacet
  facet normal 0.410753 0.911747 -0
    outer loop
      vertex 54.2861 19.6787 -0.25
      vertex 54.2861 19.6787 0.25
      vertex 54.3447 19.6523 0.25
    endloop
  endfacet
  facet normal 0.443052 0.896496 0
    outer loop
      vertex 54.0273 19.8066 -0.25
      vertex 54.2861 19.6787 0.25
      vertex 54.2861 19.6787 -0.25
    endloop
  endfacet
  facet normal 0.443052 0.896496 -0
    outer loop
      vertex 54.0273 19.8066 -0.25
      vertex 54.0273 19.8066 0.25
      vertex 54.2861 19.6787 0.25
    endloop
  endfacet
  facet normal 0.497422 0.867509 0
    outer loop
      vertex 53.8672 19.8984 -0.25
      vertex 54.0273 19.8066 0.25
      vertex 54.0273 19.8066 -0.25
    endloop
  endfacet
  facet normal 0.497422 0.867509 -0
    outer loop
      vertex 53.8672 19.8984 -0.25
      vertex 53.8672 19.8984 0.25
      vertex 54.0273 19.8066 0.25
    endloop
  endfacet
  facet normal 0.748347 0.663308 0
    outer loop
      vertex 53.8594 19.9072 -0.25
      vertex 53.8672 19.8984 0.25
      vertex 53.8672 19.8984 -0.25
    endloop
  endfacet
  facet normal 0.748347 0.663308 -0
    outer loop
      vertex 53.8594 19.9072 -0.25
      vertex 53.8594 19.9072 0.25
      vertex 53.8672 19.8984 0.25
    endloop
  endfacet
  facet normal 0.707107 0.707107 0
    outer loop
      vertex 53.8496 19.917 -0.25
      vertex 53.8594 19.9072 0.25
      vertex 53.8594 19.9072 -0.25
    endloop
  endfacet
  facet normal 0.707107 0.707107 -0
    outer loop
      vertex 53.8496 19.917 -0.25
      vertex 53.8496 19.917 0.25
      vertex 53.8594 19.9072 0.25
    endloop
  endfacet
  facet normal 0.966744 -0.255744 0
    outer loop
      vertex 53.916 20.168 -0.25
      vertex 53.8496 19.917 0.25
      vertex 53.8496 19.917 -0.25
    endloop
  endfacet
  facet normal 0.966744 -0.255744 0
    outer loop
      vertex 53.916 20.168 -0.25
      vertex 53.916 20.168 0.25
      vertex 53.8496 19.917 0.25
    endloop
  endfacet
  facet normal 0.923208 -0.3843 0
    outer loop
      vertex 54.0977 20.6045 -0.25
      vertex 53.916 20.168 0.25
      vertex 53.916 20.168 -0.25
    endloop
  endfacet
  facet normal 0.923208 -0.3843 0
    outer loop
      vertex 54.0977 20.6045 -0.25
      vertex 54.0977 20.6045 0.25
      vertex 53.916 20.168 0.25
    endloop
  endfacet
  facet normal 0.896202 -0.443647 0
    outer loop
      vertex 54.1475 20.7051 -0.25
      vertex 54.0977 20.6045 0.25
      vertex 54.0977 20.6045 -0.25
    endloop
  endfacet
  facet normal 0.896202 -0.443647 0
    outer loop
      vertex 54.1475 20.7051 -0.25
      vertex 54.1475 20.7051 0.25
      vertex 54.0977 20.6045 0.25
    endloop
  endfacet
  facet normal 0.914516 -0.404549 0
    outer loop
      vertex 54.1924 20.8066 -0.25
      vertex 54.1475 20.7051 0.25
      vertex 54.1475 20.7051 -0.25
    endloop
  endfacet
  facet normal 0.914516 -0.404549 0
    outer loop
      vertex 54.1924 20.8066 -0.25
      vertex 54.1924 20.8066 0.25
      vertex 54.1475 20.7051 0.25
    endloop
  endfacet
  facet normal 0.918793 -0.394741 0
    outer loop
      vertex 54.3896 21.2656 -0.25
      vertex 54.1924 20.8066 0.25
      vertex 54.1924 20.8066 -0.25
    endloop
  endfacet
  facet normal 0.918793 -0.394741 0
    outer loop
      vertex 54.3896 21.2656 -0.25
      vertex 54.3896 21.2656 0.25
      vertex 54.1924 20.8066 0.25
    endloop
  endfacet
  facet normal 0.911442 -0.411428 0
    outer loop
      vertex 54.4941 21.4971 -0.25
      vertex 54.3896 21.2656 0.25
      vertex 54.3896 21.2656 -0.25
    endloop
  endfacet
  facet normal 0.911442 -0.411428 0
    outer loop
      vertex 54.4941 21.4971 -0.25
      vertex 54.4941 21.4971 0.25
      vertex 54.3896 21.2656 0.25
    endloop
  endfacet
  facet normal 1 0 0
    outer loop
      vertex 54.4941 21.5898 -0.25
      vertex 54.4941 21.4971 0.25
      vertex 54.4941 21.4971 -0.25
    endloop
  endfacet
  facet normal 1 0 -0
    outer loop
      vertex 54.4941 21.5898 -0.25
      vertex 54.4941 21.5898 0.25
      vertex 54.4941 21.4971 0.25
    endloop
  endfacet
  facet normal 0.212373 0.977189 0
    outer loop
      vertex 54.2783 21.6367 -0.25
      vertex 54.4941 21.5898 0.25
      vertex 54.4941 21.5898 -0.25
    endloop
  endfacet
  facet normal 0.212373 0.977189 -0
    outer loop
      vertex 54.2783 21.6367 -0.25
      vertex 54.2783 21.6367 0.25
      vertex 54.4941 21.5898 0.25
    endloop
  endfacet
  facet normal -0.155721 0.987801 0
    outer loop
      vertex 53.7334 21.5508 -0.25
      vertex 54.2783 21.6367 0.25
      vertex 54.2783 21.6367 -0.25
    endloop
  endfacet
  facet normal -0.155721 0.987801 0
    outer loop
      vertex 53.7334 21.5508 -0.25
      vertex 53.7334 21.5508 0.25
      vertex 54.2783 21.6367 0.25
    endloop
  endfacet
  facet normal -0.210961 0.977494 0
    outer loop
      vertex 53.5703 21.5156 -0.25
      vertex 53.7334 21.5508 0.25
      vertex 53.7334 21.5508 -0.25
    endloop
  endfacet
  facet normal -0.210961 0.977494 0
    outer loop
      vertex 53.5703 21.5156 -0.25
      vertex 53.5703 21.5156 0.25
      vertex 53.7334 21.5508 0.25
    endloop
  endfacet
  facet normal -0.214671 0.976686 0
    outer loop
      vertex 53.4238 21.4834 -0.25
      vertex 53.5703 21.5156 0.25
      vertex 53.5703 21.5156 -0.25
    endloop
  endfacet
  facet normal -0.214671 0.976686 0
    outer loop
      vertex 53.4238 21.4834 -0.25
      vertex 53.4238 21.4834 0.25
      vertex 53.5703 21.5156 0.25
    endloop
  endfacet
  facet normal -0.182248 0.983253 0
    outer loop
      vertex 52.9814 21.4014 -0.25
      vertex 53.4238 21.4834 0.25
      vertex 53.4238 21.4834 -0.25
    endloop
  endfacet
  facet normal -0.182248 0.983253 0
    outer loop
      vertex 52.9814 21.4014 -0.25
      vertex 52.9814 21.4014 0.25
      vertex 53.4238 21.4834 0.25
    endloop
  endfacet
  facet normal 0.0375337 0.999295 0
    outer loop
      vertex 52.6699 21.4131 -0.25
      vertex 52.9814 21.4014 0.25
      vertex 52.9814 21.4014 -0.25
    endloop
  endfacet
  facet normal 0.0375337 0.999295 -0
    outer loop
      vertex 52.6699 21.4131 -0.25
      vertex 52.6699 21.4131 0.25
      vertex 52.9814 21.4014 0.25
    endloop
  endfacet
  facet normal 0.829271 0.558847 0
    outer loop
      vertex 52.5488 21.5928 -0.25
      vertex 52.6699 21.4131 0.25
      vertex 52.6699 21.4131 -0.25
    endloop
  endfacet
  facet normal 0.829271 0.558847 -0
    outer loop
      vertex 52.5488 21.5928 -0.25
      vertex 52.5488 21.5928 0.25
      vertex 52.6699 21.4131 0.25
    endloop
  endfacet
  facet normal 0.997494 0.0707565 0
    outer loop
      vertex 52.5283 21.8818 -0.25
      vertex 52.5488 21.5928 0.25
      vertex 52.5488 21.5928 -0.25
    endloop
  endfacet
  facet normal 0.997494 0.0707565 -0
    outer loop
      vertex 52.5283 21.8818 -0.25
      vertex 52.5283 21.8818 0.25
      vertex 52.5488 21.5928 0.25
    endloop
  endfacet
  facet normal 1 0 0
    outer loop
      vertex 52.5283 22.0625 -0.25
      vertex 52.5283 21.8818 0.25
      vertex 52.5283 21.8818 -0.25
    endloop
  endfacet
  facet normal 1 0 -0
    outer loop
      vertex 52.5283 22.0625 -0.25
      vertex 52.5283 22.0625 0.25
      vertex 52.5283 21.8818 0.25
    endloop
  endfacet
  facet normal 0.963222 0.268708 0
    outer loop
      vertex 52.458 22.3145 -0.25
      vertex 52.5283 22.0625 0.25
      vertex 52.5283 22.0625 -0.25
    endloop
  endfacet
  facet normal 0.963222 0.268708 -0
    outer loop
      vertex 52.458 22.3145 -0.25
      vertex 52.458 22.3145 0.25
      vertex 52.5283 22.0625 0.25
    endloop
  endfacet
  facet normal 0 1 0
    outer loop
      vertex 52.3584 22.3145 -0.25
      vertex 52.458 22.3145 0.25
      vertex 52.458 22.3145 -0.25
    endloop
  endfacet
  facet normal 0 1 0
    outer loop
      vertex 52.3584 22.3145 -0.25
      vertex 52.3584 22.3145 0.25
      vertex 52.458 22.3145 0.25
    endloop
  endfacet
  facet normal -0.769126 0.639097 0
    outer loop
      vertex 52.1328 22.043 -0.25
      vertex 52.3584 22.3145 0.25
      vertex 52.3584 22.3145 -0.25
    endloop
  endfacet
  facet normal -0.769126 0.639097 0
    outer loop
      vertex 52.1328 22.043 -0.25
      vertex 52.1328 22.043 0.25
      vertex 52.3584 22.3145 0.25
    endloop
  endfacet
  facet normal -0.744742 0.667353 0
    outer loop
      vertex 51.6611 21.5166 -0.25
      vertex 52.1328 22.043 0.25
      vertex 52.1328 22.043 -0.25
    endloop
  endfacet
  facet normal -0.744742 0.667353 0
    outer loop
      vertex 51.6611 21.5166 -0.25
      vertex 51.6611 21.5166 0.25
      vertex 52.1328 22.043 0.25
    endloop
  endfacet
  facet normal -0.771721 0.635961 0
    outer loop
      vertex 51.5557 21.3887 -0.25
      vertex 51.6611 21.5166 0.25
      vertex 51.6611 21.5166 -0.25
    endloop
  endfacet
  facet normal -0.771721 0.635961 0
    outer loop
      vertex 51.5557 21.3887 -0.25
      vertex 51.5557 21.3887 0.25
      vertex 51.6611 21.5166 0.25
    endloop
  endfacet
  facet normal -0.754708 0.656061 0
    outer loop
      vertex 51.4453 21.2617 -0.25
      vertex 51.5557 21.3887 0.25
      vertex 51.5557 21.3887 -0.25
    endloop
  endfacet
  facet normal -0.754708 0.656061 0
    outer loop
      vertex 51.4453 21.2617 -0.25
      vertex 51.4453 21.2617 0.25
      vertex 51.5557 21.3887 0.25
    endloop
  endfacet
  facet normal -0.751761 0.659435 0
    outer loop
      vertex 50.9639 20.7129 -0.25
      vertex 51.4453 21.2617 0.25
      vertex 51.4453 21.2617 -0.25
    endloop
  endfacet
  facet normal -0.751761 0.659435 0
    outer loop
      vertex 50.9639 20.7129 -0.25
      vertex 50.9639 20.7129 0.25
      vertex 51.4453 21.2617 0.25
    endloop
  endfacet
  facet normal -0.723971 0.68983 0
    outer loop
      vertex 50.6689 20.4033 -0.25
      vertex 50.9639 20.7129 0.25
      vertex 50.9639 20.7129 -0.25
    endloop
  endfacet
  facet normal -0.723971 0.68983 0
    outer loop
      vertex 50.6689 20.4033 -0.25
      vertex 50.6689 20.4033 0.25
      vertex 50.9639 20.7129 0.25
    endloop
  endfacet
  facet normal -0.504518 0.863401 0
    outer loop
      vertex 50.6523 20.3936 -0.25
      vertex 50.6689 20.4033 0.25
      vertex 50.6689 20.4033 -0.25
    endloop
  endfacet
  facet normal -0.504518 0.863401 0
    outer loop
      vertex 50.6523 20.3936 -0.25
      vertex 50.6523 20.3936 0.25
      vertex 50.6689 20.4033 0.25
    endloop
  endfacet
  facet normal 0.899228 0.437479 0
    outer loop
      vertex 50.582 20.5381 -0.25
      vertex 50.6523 20.3936 0.25
      vertex 50.6523 20.3936 -0.25
    endloop
  endfacet
  facet normal 0.899228 0.437479 -0
    outer loop
      vertex 50.582 20.5381 -0.25
      vertex 50.582 20.5381 0.25
      vertex 50.6523 20.3936 0.25
    endloop
  endfacet
  facet normal 0.999008 -0.0445307 0
    outer loop
      vertex 50.6025 20.998 -0.25
      vertex 50.582 20.5381 0.25
      vertex 50.582 20.5381 -0.25
    endloop
  endfacet
  facet normal 0.999008 -0.0445307 0
    outer loop
      vertex 50.6025 20.998 -0.25
      vertex 50.6025 20.998 0.25
      vertex 50.582 20.5381 0.25
    endloop
  endfacet
  facet normal 0.993383 -0.114846 0
    outer loop
      vertex 50.6182 21.1338 -0.25
      vertex 50.6025 20.998 0.25
      vertex 50.6025 20.998 -0.25
    endloop
  endfacet
  facet normal 0.993383 -0.114846 0
    outer loop
      vertex 50.6182 21.1338 -0.25
      vertex 50.6182 21.1338 0.25
      vertex 50.6025 20.998 0.25
    endloop
  endfacet
  facet normal 0.995183 -0.0980297 0
    outer loop
      vertex 50.6992 21.9561 -0.25
      vertex 50.6182 21.1338 0.25
      vertex 50.6182 21.1338 -0.25
    endloop
  endfacet
  facet normal 0.995183 -0.0980297 0
    outer loop
      vertex 50.6992 21.9561 -0.25
      vertex 50.6992 21.9561 0.25
      vertex 50.6182 21.1338 0.25
    endloop
  endfacet
  facet normal -0.145081 0.98942 0
    outer loop
      vertex 50.3057 21.8984 -0.25
      vertex 50.6992 21.9561 0.25
      vertex 50.6992 21.9561 -0.25
    endloop
  endfacet
  facet normal -0.145081 0.98942 0
    outer loop
      vertex 50.3057 21.8984 -0.25
      vertex 50.3057 21.8984 0.25
      vertex 50.6992 21.9561 0.25
    endloop
  endfacet
  facet normal -0.165785 0.986162 0
    outer loop
      vertex 50.248 21.8887 -0.25
      vertex 50.3057 21.8984 0.25
      vertex 50.3057 21.8984 -0.25
    endloop
  endfacet
  facet normal -0.165785 0.986162 0
    outer loop
      vertex 50.248 21.8887 -0.25
      vertex 50.248 21.8887 0.25
      vertex 50.3057 21.8984 0.25
    endloop
  endfacet
  facet normal -0.110246 0.993904 0
    outer loop
      vertex 50.0713 21.8691 -0.25
      vertex 50.248 21.8887 0.25
      vertex 50.248 21.8887 -0.25
    endloop
  endfacet
  facet normal -0.110246 0.993904 0
    outer loop
      vertex 50.0713 21.8691 -0.25
      vertex 50.0713 21.8691 0.25
      vertex 50.248 21.8887 0.25
    endloop
  endfacet
  facet normal 0.303017 0.952985 0
    outer loop
      vertex 49.9238 21.916 -0.25
      vertex 50.0713 21.8691 0.25
      vertex 50.0713 21.8691 -0.25
    endloop
  endfacet
  facet normal 0.303017 0.952985 -0
    outer loop
      vertex 49.9238 21.916 -0.25
      vertex 49.9238 21.916 0.25
      vertex 50.0713 21.8691 0.25
    endloop
  endfacet
  facet normal 0.819687 0.572811 0
    outer loop
      vertex 49.8057 22.085 -0.25
      vertex 49.9238 21.916 0.25
      vertex 49.9238 21.916 -0.25
    endloop
  endfacet
  facet normal 0.819687 0.572811 -0
    outer loop
      vertex 49.8057 22.085 -0.25
      vertex 49.8057 22.085 0.25
      vertex 49.9238 21.916 0.25
    endloop
  endfacet
  facet normal 0.910828 0.412787 0
    outer loop
      vertex 49.6924 22.335 -0.25
      vertex 49.8057 22.085 0.25
      vertex 49.8057 22.085 -0.25
    endloop
  endfacet
  facet normal 0.910828 0.412787 -0
    outer loop
      vertex 49.6924 22.335 -0.25
      vertex 49.6924 22.335 0.25
      vertex 49.8057 22.085 0.25
    endloop
  endfacet
  facet normal 0.922131 0.386877 0
    outer loop
      vertex 49.6572 22.4189 -0.25
      vertex 49.6924 22.335 0.25
      vertex 49.6924 22.335 -0.25
    endloop
  endfacet
  facet normal 0.922131 0.386877 -0
    outer loop
      vertex 49.6572 22.4189 -0.25
      vertex 49.6572 22.4189 0.25
      vertex 49.6924 22.335 0.25
    endloop
  endfacet
  facet normal 0.927068 0.374892 0
    outer loop
      vertex 49.624 22.501 -0.25
      vertex 49.6572 22.4189 0.25
      vertex 49.6572 22.4189 -0.25
    endloop
  endfacet
  facet normal 0.927068 0.374892 -0
    outer loop
      vertex 49.624 22.501 -0.25
      vertex 49.624 22.501 0.25
      vertex 49.6572 22.4189 0.25
    endloop
  endfacet
  facet normal 0.89448 0.447107 0
    outer loop
      vertex 49.4561 22.8369 -0.25
      vertex 49.624 22.501 0.25
      vertex 49.624 22.501 -0.25
    endloop
  endfacet
  facet normal 0.89448 0.447107 -0
    outer loop
      vertex 49.4561 22.8369 -0.25
      vertex 49.4561 22.8369 0.25
      vertex 49.624 22.501 0.25
    endloop
  endfacet
  facet normal 0.843641 0.536907 0
    outer loop
      vertex 49.3467 23.0088 -0.25
      vertex 49.4561 22.8369 0.25
      vertex 49.4561 22.8369 -0.25
    endloop
  endfacet
  facet normal 0.843641 0.536907 -0
    outer loop
      vertex 49.3467 23.0088 -0.25
      vertex 49.3467 23.0088 0.25
      vertex 49.4561 22.8369 0.25
    endloop
  endfacet
  facet normal 0 1 0
    outer loop
      vertex 49.2598 23.0088 -0.25
      vertex 49.3467 23.0088 0.25
      vertex 49.3467 23.0088 -0.25
    endloop
  endfacet
  facet normal 0 1 0
    outer loop
      vertex 49.2598 23.0088 -0.25
      vertex 49.2598 23.0088 0.25
      vertex 49.3467 23.0088 0.25
    endloop
  endfacet
  facet normal -0.776 0.630733 0
    outer loop
      vertex 49.1074 22.8213 -0.25
      vertex 49.2598 23.0088 0.25
      vertex 49.2598 23.0088 -0.25
    endloop
  endfacet
  facet normal -0.776 0.630733 0
    outer loop
      vertex 49.1074 22.8213 -0.25
      vertex 49.1074 22.8213 0.25
      vertex 49.2598 23.0088 0.25
    endloop
  endfacet
  facet normal -0.799285 0.600953 0
    outer loop
      vertex 48.835 22.459 -0.25
      vertex 49.1074 22.8213 0.25
      vertex 49.1074 22.8213 -0.25
    endloop
  endfacet
  facet normal -0.799285 0.600953 0
    outer loop
      vertex 48.835 22.459 -0.25
      vertex 48.835 22.459 0.25
      vertex 49.1074 22.8213 0.25
    endloop
  endfacet
  facet normal -0.833081 0.553151 0
    outer loop
      vertex 48.7773 22.3721 -0.25
      vertex 48.835 22.459 0.25
      vertex 48.835 22.459 -0.25
    endloop
  endfacet
  facet normal -0.833081 0.553151 0
    outer loop
      vertex 48.7773 22.3721 -0.25
      vertex 48.7773 22.3721 0.25
      vertex 48.835 22.459 0.25
    endloop
  endfacet
  facet normal -0.835057 0.550163 0
    outer loop
      vertex 48.6904 22.2402 -0.25
      vertex 48.7773 22.3721 0.25
      vertex 48.7773 22.3721 -0.25
    endloop
  endfacet
  facet normal -0.835057 0.550163 0
    outer loop
      vertex 48.6904 22.2402 -0.25
      vertex 48.6904 22.2402 0.25
      vertex 48.7773 22.3721 0.25
    endloop
  endfacet
  facet normal -0.783105 0.62189 0
    outer loop
      vertex 48.3926 21.8652 -0.25
      vertex 48.6904 22.2402 0.25
      vertex 48.6904 22.2402 -0.25
    endloop
  endfacet
  facet normal -0.783105 0.62189 0
    outer loop
      vertex 48.3926 21.8652 -0.25
      vertex 48.3926 21.8652 0.25
      vertex 48.6904 22.2402 0.25
    endloop
  endfacet
  facet normal -0.18299 0.983115 0
    outer loop
      vertex 48.1777 21.8252 -0.25
      vertex 48.3926 21.8652 0.25
      vertex 48.3926 21.8652 -0.25
    endloop
  endfacet
  facet normal -0.18299 0.983115 0
    outer loop
      vertex 48.1777 21.8252 -0.25
      vertex 48.1777 21.8252 0.25
      vertex 48.3926 21.8652 0.25
    endloop
  endfacet
  facet normal 0.483465 0.875364 0
    outer loop
      vertex 48.1299 21.8516 -0.25
      vertex 48.1777 21.8252 0.25
      vertex 48.1777 21.8252 -0.25
    endloop
  endfacet
  facet normal 0.483465 0.875364 -0
    outer loop
      vertex 48.1299 21.8516 -0.25
      vertex 48.1299 21.8516 0.25
      vertex 48.1777 21.8252 0.25
    endloop
  endfacet
  facet normal 0.475038 0.879965 0
    outer loop
      vertex 48.0684 21.8848 -0.25
      vertex 48.1299 21.8516 0.25
      vertex 48.1299 21.8516 -0.25
    endloop
  endfacet
  facet normal 0.475038 0.879965 -0
    outer loop
      vertex 48.0684 21.8848 -0.25
      vertex 48.0684 21.8848 0.25
      vertex 48.1299 21.8516 0.25
    endloop
  endfacet
  facet normal 0.317519 0.948252 0
    outer loop
      vertex 47.8701 21.9512 -0.25
      vertex 48.0684 21.8848 0.25
      vertex 48.0684 21.8848 -0.25
    endloop
  endfacet
  facet normal 0.317519 0.948252 -0
    outer loop
      vertex 47.8701 21.9512 -0.25
      vertex 47.8701 21.9512 0.25
      vertex 48.0684 21.8848 0.25
    endloop
  endfacet
  facet normal -0.663453 0.748218 0
    outer loop
      vertex 47.7324 21.8291 -0.25
      vertex 47.8701 21.9512 0.25
      vertex 47.8701 21.9512 -0.25
    endloop
  endfacet
  facet normal -0.663453 0.748218 0
    outer loop
      vertex 47.7324 21.8291 -0.25
      vertex 47.7324 21.8291 0.25
      vertex 47.8701 21.9512 0.25
    endloop
  endfacet
  facet normal -0.992224 0.124468 0
    outer loop
      vertex 47.6758 21.3779 -0.25
      vertex 47.7324 21.8291 0.25
      vertex 47.7324 21.8291 -0.25
    endloop
  endfacet
  facet normal -0.992224 0.124468 0
    outer loop
      vertex 47.6758 21.3779 -0.25
      vertex 47.6758 21.3779 0.25
      vertex 47.7324 21.8291 0.25
    endloop
  endfacet
  facet normal -0.999893 0.0146493 0
    outer loop
      vertex 47.666 20.709 -0.25
      vertex 47.6758 21.3779 0.25
      vertex 47.6758 21.3779 -0.25
    endloop
  endfacet
  facet normal -0.999893 0.0146493 0
    outer loop
      vertex 47.666 20.709 -0.25
      vertex 47.666 20.709 0.25
      vertex 47.6758 21.3779 0.25
    endloop
  endfacet
  facet normal -1 0 0
    outer loop
      vertex 47.666 18.9922 -0.25
      vertex 47.666 20.709 0.25
      vertex 47.666 20.709 -0.25
    endloop
  endfacet
  facet normal -1 0 0
    outer loop
      vertex 47.666 18.9922 -0.25
      vertex 47.666 18.9922 0.25
      vertex 47.666 20.709 0.25
    endloop
  endfacet
  facet normal -0.363168 0.931724 0
    outer loop
      vertex 47.1924 18.8076 -0.25
      vertex 47.666 18.9922 0.25
      vertex 47.666 18.9922 -0.25
    endloop
  endfacet
  facet normal -0.363168 0.931724 0
    outer loop
      vertex 47.1924 18.8076 -0.25
      vertex 47.1924 18.8076 0.25
      vertex 47.666 18.9922 0.25
    endloop
  endfacet
  facet normal -0.354892 0.934907 0
    outer loop
      vertex 46.7061 18.623 -0.25
      vertex 47.1924 18.8076 0.25
      vertex 47.1924 18.8076 -0.25
    endloop
  endfacet
  facet normal -0.354892 0.934907 0
    outer loop
      vertex 46.7061 18.623 -0.25
      vertex 46.7061 18.623 0.25
      vertex 47.1924 18.8076 0.25
    endloop
  endfacet
  facet normal -0.650571 -0.759446 0
    outer loop
      vertex 47.585 17.8701 -0.25
      vertex 46.7061 18.623 0.25
      vertex 46.7061 18.623 -0.25
    endloop
  endfacet
  facet normal -0.650571 -0.759446 0
    outer loop
      vertex 47.585 17.8701 -0.25
      vertex 47.585 17.8701 0.25
      vertex 46.7061 18.623 0.25
    endloop
  endfacet
  facet normal -0.643868 -0.765136 0
    outer loop
      vertex 48.4658 17.1289 -0.25
      vertex 47.585 17.8701 0.25
      vertex 47.585 17.8701 -0.25
    endloop
  endfacet
  facet normal -0.643868 -0.765136 0
    outer loop
      vertex 48.4658 17.1289 -0.25
      vertex 48.4658 17.1289 0.25
      vertex 47.585 17.8701 0.25
    endloop
  endfacet
  facet normal -0.54488 0.838514 0
    outer loop
      vertex 48.0029 16.8281 -0.25
      vertex 48.4658 17.1289 0.25
      vertex 48.4658 17.1289 -0.25
    endloop
  endfacet
  facet normal -0.54488 0.838514 0
    outer loop
      vertex 48.0029 16.8281 -0.25
      vertex 48.0029 16.8281 0.25
      vertex 48.4658 17.1289 0.25
    endloop
  endfacet
  facet normal -0.549966 0.835187 0
    outer loop
      vertex 47.8887 16.7529 -0.25
      vertex 48.0029 16.8281 0.25
      vertex 48.0029 16.8281 -0.25
    endloop
  endfacet
  facet normal -0.549966 0.835187 0
    outer loop
      vertex 47.8887 16.7529 -0.25
      vertex 47.8887 16.7529 0.25
      vertex 48.0029 16.8281 0.25
    endloop
  endfacet
  facet normal -0.685774 0.727814 0
    outer loop
      vertex 47.584 16.4658 -0.25
      vertex 47.8887 16.7529 0.25
      vertex 47.8887 16.7529 -0.25
    endloop
  endfacet
  facet normal -0.685774 0.727814 0
    outer loop
      vertex 47.584 16.4658 -0.25
      vertex 47.584 16.4658 0.25
      vertex 47.8887 16.7529 0.25
    endloop
  endfacet
  facet normal -0.965845 -0.259121 0
    outer loop
      vertex 47.6592 16.1855 -0.25
      vertex 47.584 16.4658 0.25
      vertex 47.584 16.4658 -0.25
    endloop
  endfacet
  facet normal -0.965845 -0.259121 0
    outer loop
      vertex 47.6592 16.1855 -0.25
      vertex 47.6592 16.1855 0.25
      vertex 47.584 16.4658 0.25
    endloop
  endfacet
  facet normal -0.813441 -0.581648 0
    outer loop
      vertex 47.7129 16.1104 -0.25
      vertex 47.6592 16.1855 0.25
      vertex 47.6592 16.1855 -0.25
    endloop
  endfacet
  facet normal -0.813441 -0.581648 0
    outer loop
      vertex 47.7129 16.1104 -0.25
      vertex 47.7129 16.1104 0.25
      vertex 47.6592 16.1855 0.25
    endloop
  endfacet
  facet normal -0.781735 -0.623611 0
    outer loop
      vertex 47.748 16.0664 -0.25
      vertex 47.7129 16.1104 0.25
      vertex 47.7129 16.1104 -0.25
    endloop
  endfacet
  facet normal -0.781735 -0.623611 0
    outer loop
      vertex 47.748 16.0664 -0.25
      vertex 47.748 16.0664 0.25
      vertex 47.7129 16.1104 0.25
    endloop
  endfacet
  facet normal -0.445327 -0.895368 0
    outer loop
      vertex 47.9189 15.9814 -0.25
      vertex 47.748 16.0664 0.25
      vertex 47.748 16.0664 -0.25
    endloop
  endfacet
  facet normal -0.445327 -0.895368 0
    outer loop
      vertex 47.9189 15.9814 -0.25
      vertex 47.9189 15.9814 0.25
      vertex 47.748 16.0664 0.25
    endloop
  endfacet
  facet normal 0.618698 -0.785629 0
    outer loop
      vertex 48.2314 16.2275 -0.25
      vertex 47.9189 15.9814 0.25
      vertex 47.9189 15.9814 -0.25
    endloop
  endfacet
  facet normal 0.618698 -0.785629 0
    outer loop
      vertex 48.2314 16.2275 -0.25
      vertex 48.2314 16.2275 0.25
      vertex 47.9189 15.9814 0.25
    endloop
  endfacet
  facet normal 0.692104 -0.721798 0
    outer loop
      vertex 48.3262 16.3184 -0.25
      vertex 48.2314 16.2275 0.25
      vertex 48.2314 16.2275 -0.25
    endloop
  endfacet
  facet normal 0.692104 -0.721798 0
    outer loop
      vertex 48.3262 16.3184 -0.25
      vertex 48.3262 16.3184 0.25
      vertex 48.2314 16.2275 0.25
    endloop
  endfacet
  facet normal 0.698338 -0.715768 0
    outer loop
      vertex 48.7656 16.7471 -0.25
      vertex 48.3262 16.3184 0.25
      vertex 48.3262 16.3184 -0.25
    endloop
  endfacet
  facet normal 0.698338 -0.715768 0
    outer loop
      vertex 48.7656 16.7471 -0.25
      vertex 48.7656 16.7471 0.25
      vertex 48.3262 16.3184 0.25
    endloop
  endfacet
  facet normal -0.889639 -0.456665 0
    outer loop
      vertex 49.2764 15.752 -0.25
      vertex 48.7656 16.7471 0.25
      vertex 48.7656 16.7471 -0.25
    endloop
  endfacet
  facet normal -0.889639 -0.456665 0
    outer loop
      vertex 49.2764 15.752 -0.25
      vertex 49.2764 15.752 0.25
      vertex 48.7656 16.7471 0.25
    endloop
  endfacet
  facet normal -0.890912 -0.454176 0
    outer loop
      vertex 49.7842 14.7559 -0.25
      vertex 49.2764 15.752 0.25
      vertex 49.2764 15.752 -0.25
    endloop
  endfacet
  facet normal -0.890912 -0.454176 0
    outer loop
      vertex 49.7842 14.7559 -0.25
      vertex 49.7842 14.7559 0.25
      vertex 49.2764 15.752 0.25
    endloop
  endfacet
  facet normal 0.77366 -0.633601 0
    outer loop
      vertex 50.0977 15.1387 -0.25
      vertex 49.7842 14.7559 0.25
      vertex 49.7842 14.7559 -0.25
    endloop
  endfacet
  facet normal 0.77366 -0.633601 0
    outer loop
      vertex 50.0977 15.1387 -0.25
      vertex 50.0977 15.1387 0.25
      vertex 49.7842 14.7559 0.25
    endloop
  endfacet
  facet normal 0.869023 0.494772 -0
    outer loop
      vertex 22.1455 26.1348 -0.25
      vertex 22.1455 26.1348 0.25
      vertex 22.1533 26.1211 -0.25
    endloop
  endfacet
  facet normal 0.869023 0.494772 0
    outer loop
      vertex 22.1533 26.1211 0.25
      vertex 22.1533 26.1211 -0.25
      vertex 22.1455 26.1348 0.25
    endloop
  endfacet
  facet normal 0.872506 0.488603 -0
    outer loop
      vertex 22.1357 26.1523 -0.25
      vertex 22.1357 26.1523 0.25
      vertex 22.1455 26.1348 -0.25
    endloop
  endfacet
  facet normal 0.872506 0.488603 0
    outer loop
      vertex 22.1455 26.1348 0.25
      vertex 22.1455 26.1348 -0.25
      vertex 22.1357 26.1523 0.25
    endloop
  endfacet
  facet normal 0.939698 -0.342006 0
    outer loop
      vertex 22.167 26.2383 -0.25
      vertex 22.167 26.2383 0.25
      vertex 22.1357 26.1523 -0.25
    endloop
  endfacet
  facet normal 0.939698 -0.342006 0
    outer loop
      vertex 22.1357 26.1523 0.25
      vertex 22.1357 26.1523 -0.25
      vertex 22.167 26.2383 0.25
    endloop
  endfacet
  facet normal -0.273641 -0.961832 0
    outer loop
      vertex 22.4141 26.168 -0.25
      vertex 22.4141 26.168 0.25
      vertex 22.167 26.2383 -0.25
    endloop
  endfacet
  facet normal -0.273641 -0.961832 -0
    outer loop
      vertex 22.167 26.2383 0.25
      vertex 22.167 26.2383 -0.25
      vertex 22.4141 26.168 0.25
    endloop
  endfacet
  facet normal -0.391215 -0.920299 0
    outer loop
      vertex 22.4922 26.1348 -0.25
      vertex 22.4922 26.1348 0.25
      vertex 22.4141 26.168 -0.25
    endloop
  endfacet
  facet normal -0.391215 -0.920299 -0
    outer loop
      vertex 22.4141 26.168 0.25
      vertex 22.4141 26.168 -0.25
      vertex 22.4922 26.1348 0.25
    endloop
  endfacet
  facet normal -0.404926 -0.914349 0
    outer loop
      vertex 22.5342 26.1162 -0.25
      vertex 22.5342 26.1162 0.25
      vertex 22.4922 26.1348 -0.25
    endloop
  endfacet
  facet normal -0.404926 -0.914349 -0
    outer loop
      vertex 22.4922 26.1348 0.25
      vertex 22.4922 26.1348 -0.25
      vertex 22.5342 26.1162 0.25
    endloop
  endfacet
  facet normal -0.491251 -0.871018 0
    outer loop
      vertex 22.6553 26.0479 -0.25
      vertex 22.6553 26.0479 0.25
      vertex 22.5342 26.1162 -0.25
    endloop
  endfacet
  facet normal -0.491251 -0.871018 -0
    outer loop
      vertex 22.5342 26.1162 0.25
      vertex 22.5342 26.1162 -0.25
      vertex 22.6553 26.0479 0.25
    endloop
  endfacet
  facet normal -0.124996 0.992157 0
    outer loop
      vertex 22.5156 26.0303 -0.25
      vertex 22.5156 26.0303 0.25
      vertex 22.6553 26.0479 -0.25
    endloop
  endfacet
  facet normal -0.124996 0.992157 0
    outer loop
      vertex 22.6553 26.0479 0.25
      vertex 22.6553 26.0479 -0.25
      vertex 22.5156 26.0303 0.25
    endloop
  endfacet
  facet normal 0 1 0
    outer loop
      vertex 22.4707 26.0303 -0.25
      vertex 22.4707 26.0303 0.25
      vertex 22.5156 26.0303 -0.25
    endloop
  endfacet
  facet normal 0 1 0
    outer loop
      vertex 22.5156 26.0303 0.25
      vertex 22.5156 26.0303 -0.25
      vertex 22.4707 26.0303 0.25
    endloop
  endfacet
  facet normal -0.082817 0.996565 0
    outer loop
      vertex 22.4346 26.0273 -0.25
      vertex 22.4346 26.0273 0.25
      vertex 22.4707 26.0303 -0.25
    endloop
  endfacet
  facet normal -0.082817 0.996565 0
    outer loop
      vertex 22.4707 26.0303 0.25
      vertex 22.4707 26.0303 -0.25
      vertex 22.4346 26.0273 0.25
    endloop
  endfacet
  facet normal 0.316329 0.94865 -0
    outer loop
      vertex 22.1533 26.1211 -0.25
      vertex 22.1533 26.1211 0.25
      vertex 22.4346 26.0273 -0.25
    endloop
  endfacet
  facet normal 0.316329 0.94865 0
    outer loop
      vertex 22.4346 26.0273 0.25
      vertex 22.4346 26.0273 -0.25
      vertex 22.1533 26.1211 0.25
    endloop
  endfacet
  facet normal 0.573275 -0.819363 0
    outer loop
      vertex 25.5322 15.4668 -0.25
      vertex 25.5322 15.4668 0.25
      vertex 25.4443 15.4053 -0.25
    endloop
  endfacet
  facet normal 0.573275 -0.819363 0
    outer loop
      vertex 25.4443 15.4053 0.25
      vertex 25.4443 15.4053 -0.25
      vertex 25.5322 15.4668 0.25
    endloop
  endfacet
  facet normal 0.459141 -0.888364 0
    outer loop
      vertex 25.8232 15.6172 -0.25
      vertex 25.8232 15.6172 0.25
      vertex 25.5322 15.4668 -0.25
    endloop
  endfacet
  facet normal 0.459141 -0.888364 0
    outer loop
      vertex 25.5322 15.4668 0.25
      vertex 25.5322 15.4668 -0.25
      vertex 25.8232 15.6172 0.25
    endloop
  endfacet
  facet normal -0.343601 -0.939116 0
    outer loop
      vertex 26.0342 15.54 -0.25
      vertex 26.0342 15.54 0.25
      vertex 25.8232 15.6172 -0.25
    endloop
  endfacet
  facet normal -0.343601 -0.939116 -0
    outer loop
      vertex 25.8232 15.6172 0.25
      vertex 25.8232 15.6172 -0.25
      vertex 26.0342 15.54 0.25
    endloop
  endfacet
  facet normal -0.597323 -0.802001 0
    outer loop
      vertex 26.0918 15.4971 -0.25
      vertex 26.0918 15.4971 0.25
      vertex 26.0342 15.54 -0.25
    endloop
  endfacet
  facet normal -0.597323 -0.802001 -0
    outer loop
      vertex 26.0342 15.54 0.25
      vertex 26.0342 15.54 -0.25
      vertex 26.0918 15.4971 0.25
    endloop
  endfacet
  facet normal -0.596238 -0.802808 0
    outer loop
      vertex 26.126 15.4717 -0.25
      vertex 26.126 15.4717 0.25
      vertex 26.0918 15.4971 -0.25
    endloop
  endfacet
  facet normal -0.596238 -0.802808 -0
    outer loop
      vertex 26.0918 15.4971 0.25
      vertex 26.0918 15.4971 -0.25
      vertex 26.126 15.4717 0.25
    endloop
  endfacet
  facet normal -0.631385 -0.775469 0
    outer loop
      vertex 26.3359 15.3008 -0.25
      vertex 26.3359 15.3008 0.25
      vertex 26.126 15.4717 -0.25
    endloop
  endfacet
  facet normal -0.631385 -0.775469 -0
    outer loop
      vertex 26.126 15.4717 0.25
      vertex 26.126 15.4717 -0.25
      vertex 26.3359 15.3008 0.25
    endloop
  endfacet
  facet normal -0.517116 0.855916 0
    outer loop
      vertex 26.3311 15.2979 -0.25
      vertex 26.3311 15.2979 0.25
      vertex 26.3359 15.3008 -0.25
    endloop
  endfacet
  facet normal -0.517116 0.855916 0
    outer loop
      vertex 26.3359 15.3008 0.25
      vertex 26.3359 15.3008 -0.25
      vertex 26.3311 15.2979 0.25
    endloop
  endfacet
  facet normal -0.144811 0.989459 0
    outer loop
      vertex 26.1309 15.2686 -0.25
      vertex 26.1309 15.2686 0.25
      vertex 26.3311 15.2979 -0.25
    endloop
  endfacet
  facet normal -0.144811 0.989459 0
    outer loop
      vertex 26.3311 15.2979 0.25
      vertex 26.3311 15.2979 -0.25
      vertex 26.1309 15.2686 0.25
    endloop
  endfacet
  facet normal -0.129005 0.991644 0
    outer loop
      vertex 25.7627 15.2207 -0.25
      vertex 25.7627 15.2207 0.25
      vertex 26.1309 15.2686 -0.25
    endloop
  endfacet
  facet normal -0.129005 0.991644 0
    outer loop
      vertex 26.1309 15.2686 0.25
      vertex 26.1309 15.2686 -0.25
      vertex 25.7627 15.2207 0.25
    endloop
  endfacet
  facet normal -0.144609 0.989489 0
    outer loop
      vertex 25.6758 15.208 -0.25
      vertex 25.6758 15.208 0.25
      vertex 25.7627 15.2207 -0.25
    endloop
  endfacet
  facet normal -0.144609 0.989489 0
    outer loop
      vertex 25.7627 15.2207 0.25
      vertex 25.7627 15.2207 -0.25
      vertex 25.6758 15.208 0.25
    endloop
  endfacet
  facet normal -0.126201 0.992005 0
    outer loop
      vertex 25.0391 15.127 -0.25
      vertex 25.0391 15.127 0.25
      vertex 25.6758 15.208 -0.25
    endloop
  endfacet
  facet normal -0.126201 0.992005 0
    outer loop
      vertex 25.6758 15.208 0.25
      vertex 25.6758 15.208 -0.25
      vertex 25.0391 15.127 0.25
    endloop
  endfacet
  facet normal 0.566149 -0.824303 0
    outer loop
      vertex 25.4443 15.4053 -0.25
      vertex 25.4443 15.4053 0.25
      vertex 25.0391 15.127 -0.25
    endloop
  endfacet
  facet normal 0.566149 -0.824303 0
    outer loop
      vertex 25.0391 15.127 0.25
      vertex 25.0391 15.127 -0.25
      vertex 25.4443 15.4053 0.25
    endloop
  endfacet
  facet normal 0.13196 0.991255 -0
    outer loop
      vertex 24.2861 13.9043 -0.25
      vertex 24.2861 13.9043 0.25
      vertex 24.5723 13.8662 -0.25
    endloop
  endfacet
  facet normal 0.13196 0.991255 0
    outer loop
      vertex 24.5723 13.8662 0.25
      vertex 24.5723 13.8662 -0.25
      vertex 24.2861 13.9043 0.25
    endloop
  endfacet
  facet normal 0.959943 0.280196 -0
    outer loop
      vertex 24.2422 14.0547 -0.25
      vertex 24.2422 14.0547 0.25
      vertex 24.2861 13.9043 -0.25
    endloop
  endfacet
  facet normal 0.959943 0.280196 0
    outer loop
      vertex 24.2861 13.9043 0.25
      vertex 24.2861 13.9043 -0.25
      vertex 24.2422 14.0547 0.25
    endloop
  endfacet
  facet normal 0.974999 -0.222209 0
    outer loop
      vertex 24.252 14.0977 -0.25
      vertex 24.252 14.0977 0.25
      vertex 24.2422 14.0547 -0.25
    endloop
  endfacet
  facet normal 0.974999 -0.222209 0
    outer loop
      vertex 24.2422 14.0547 0.25
      vertex 24.2422 14.0547 -0.25
      vertex 24.252 14.0977 0.25
    endloop
  endfacet
  facet normal 0.962808 -0.270187 0
    outer loop
      vertex 24.2646 14.1426 -0.25
      vertex 24.2646 14.1426 0.25
      vertex 24.252 14.0977 -0.25
    endloop
  endfacet
  facet normal 0.962808 -0.270187 0
    outer loop
      vertex 24.252 14.0977 0.25
      vertex 24.252 14.0977 -0.25
      vertex 24.2646 14.1426 0.25
    endloop
  endfacet
  facet normal 0.794489 -0.607278 0
    outer loop
      vertex 24.3564 14.2627 -0.25
      vertex 24.3564 14.2627 0.25
      vertex 24.2646 14.1426 -0.25
    endloop
  endfacet
  facet normal 0.794489 -0.607278 0
    outer loop
      vertex 24.2646 14.1426 0.25
      vertex 24.2646 14.1426 -0.25
      vertex 24.3564 14.2627 0.25
    endloop
  endfacet
  facet normal -0.34156 -0.93986 0
    outer loop
      vertex 24.6035 14.1729 -0.25
      vertex 24.6035 14.1729 0.25
      vertex 24.3564 14.2627 -0.25
    endloop
  endfacet
  facet normal -0.34156 -0.93986 -0
    outer loop
      vertex 24.3564 14.2627 0.25
      vertex 24.3564 14.2627 -0.25
      vertex 24.6035 14.1729 0.25
    endloop
  endfacet
  facet normal -0.469935 -0.882701 0
    outer loop
      vertex 24.6807 14.1318 -0.25
      vertex 24.6807 14.1318 0.25
      vertex 24.6035 14.1729 -0.25
    endloop
  endfacet
  facet normal -0.469935 -0.882701 -0
    outer loop
      vertex 24.6035 14.1729 0.25
      vertex 24.6035 14.1729 -0.25
      vertex 24.6807 14.1318 0.25
    endloop
  endfacet
  facet normal -0.424337 -0.905504 0
    outer loop
      vertex 24.7285 14.1094 -0.25
      vertex 24.7285 14.1094 0.25
      vertex 24.6807 14.1318 -0.25
    endloop
  endfacet
  facet normal -0.424337 -0.905504 -0
    outer loop
      vertex 24.6807 14.1318 0.25
      vertex 24.6807 14.1318 -0.25
      vertex 24.7285 14.1094 0.25
    endloop
  endfacet
  facet normal -0.45514 -0.89042 0
    outer loop
      vertex 24.9482 13.9971 -0.25
      vertex 24.9482 13.9971 0.25
      vertex 24.7285 14.1094 -0.25
    endloop
  endfacet
  facet normal -0.45514 -0.89042 -0
    outer loop
      vertex 24.7285 14.1094 0.25
      vertex 24.7285 14.1094 -0.25
      vertex 24.9482 13.9971 0.25
    endloop
  endfacet
  facet normal -0.517185 -0.855873 0
    outer loop
      vertex 25.0791 13.918 -0.25
      vertex 25.0791 13.918 0.25
      vertex 24.9482 13.9971 -0.25
    endloop
  endfacet
  facet normal -0.517185 -0.855873 -0
    outer loop
      vertex 24.9482 13.9971 0.25
      vertex 24.9482 13.9971 -0.25
      vertex 25.0791 13.918 0.25
    endloop
  endfacet
  facet normal -0.712249 -0.701927 0
    outer loop
      vertex 25.0859 13.9111 -0.25
      vertex 25.0859 13.9111 0.25
      vertex 25.0791 13.918 -0.25
    endloop
  endfacet
  facet normal -0.712249 -0.701927 -0
    outer loop
      vertex 25.0791 13.918 0.25
      vertex 25.0791 13.918 -0.25
      vertex 25.0859 13.9111 0.25
    endloop
  endfacet
  facet normal -0.141377 0.989956 0
    outer loop
      vertex 24.7715 13.8662 -0.25
      vertex 24.7715 13.8662 0.25
      vertex 25.0859 13.9111 -0.25
    endloop
  endfacet
  facet normal -0.141377 0.989956 0
    outer loop
      vertex 25.0859 13.9111 0.25
      vertex 25.0859 13.9111 -0.25
      vertex 24.7715 13.8662 0.25
    endloop
  endfacet
  facet normal 0 1 0
    outer loop
      vertex 24.5723 13.8662 -0.25
      vertex 24.5723 13.8662 0.25
      vertex 24.7715 13.8662 -0.25
    endloop
  endfacet
  facet normal 0 1 0
    outer loop
      vertex 24.7715 13.8662 0.25
      vertex 24.7715 13.8662 -0.25
      vertex 24.5723 13.8662 0.25
    endloop
  endfacet
  facet normal 0.0741448 0.997247 -0
    outer loop
      vertex 22.4893 12.8682 -0.25
      vertex 22.4893 12.8682 0.25
      vertex 23.0811 12.8242 -0.25
    endloop
  endfacet
  facet normal 0.0741448 0.997247 0
    outer loop
      vertex 23.0811 12.8242 0.25
      vertex 23.0811 12.8242 -0.25
      vertex 22.4893 12.8682 0.25
    endloop
  endfacet
  facet normal 0.383586 0.923505 -0
    outer loop
      vertex 22.2471 12.9688 -0.25
      vertex 22.2471 12.9688 0.25
      vertex 22.4893 12.8682 -0.25
    endloop
  endfacet
  facet normal 0.383586 0.923505 0
    outer loop
      vertex 22.4893 12.8682 0.25
      vertex 22.4893 12.8682 -0.25
      vertex 22.2471 12.9688 0.25
    endloop
  endfacet
  facet normal 0.344732 -0.938701 0
    outer loop
      vertex 22.542 13.0771 -0.25
      vertex 22.542 13.0771 0.25
      vertex 22.2471 12.9688 -0.25
    endloop
  endfacet
  facet normal 0.344732 -0.938701 0
    outer loop
      vertex 22.2471 12.9688 0.25
      vertex 22.2471 12.9688 -0.25
      vertex 22.542 13.0771 0.25
    endloop
  endfacet
  facet normal 0.106195 -0.994345 0
    outer loop
      vertex 23.1553 13.1426 -0.25
      vertex 23.1553 13.1426 0.25
      vertex 22.542 13.0771 -0.25
    endloop
  endfacet
  facet normal 0.106195 -0.994345 0
    outer loop
      vertex 22.542 13.0771 0.25
      vertex 22.542 13.0771 -0.25
      vertex 23.1553 13.1426 0.25
    endloop
  endfacet
  facet normal 0.023884 -0.999715 0
    outer loop
      vertex 23.3604 13.1475 -0.25
      vertex 23.3604 13.1475 0.25
      vertex 23.1553 13.1426 -0.25
    endloop
  endfacet
  facet normal 0.023884 -0.999715 0
    outer loop
      vertex 23.1553 13.1426 0.25
      vertex 23.1553 13.1426 -0.25
      vertex 23.3604 13.1475 0.25
    endloop
  endfacet
  facet normal 0.0520875 -0.998643 0
    outer loop
      vertex 23.416 13.1504 -0.25
      vertex 23.416 13.1504 0.25
      vertex 23.3604 13.1475 -0.25
    endloop
  endfacet
  facet normal 0.0520875 -0.998643 0
    outer loop
      vertex 23.3604 13.1475 0.25
      vertex 23.3604 13.1475 -0.25
      vertex 23.416 13.1504 0.25
    endloop
  endfacet
  facet normal -0.127705 -0.991812 0
    outer loop
      vertex 23.7119 13.1123 -0.25
      vertex 23.7119 13.1123 0.25
      vertex 23.416 13.1504 -0.25
    endloop
  endfacet
  facet normal -0.127705 -0.991812 -0
    outer loop
      vertex 23.416 13.1504 0.25
      vertex 23.416 13.1504 -0.25
      vertex 23.7119 13.1123 0.25
    endloop
  endfacet
  facet normal -0.347389 -0.937721 0
    outer loop
      vertex 23.957 13.0215 -0.25
      vertex 23.957 13.0215 0.25
      vertex 23.7119 13.1123 -0.25
    endloop
  endfacet
  facet normal -0.347389 -0.937721 -0
    outer loop
      vertex 23.7119 13.1123 0.25
      vertex 23.7119 13.1123 -0.25
      vertex 23.957 13.0215 0.25
    endloop
  endfacet
  facet normal -0.625669 -0.780089 0
    outer loop
      vertex 23.9863 12.998 -0.25
      vertex 23.9863 12.998 0.25
      vertex 23.957 13.0215 -0.25
    endloop
  endfacet
  facet normal -0.625669 -0.780089 -0
    outer loop
      vertex 23.957 13.0215 0.25
      vertex 23.957 13.0215 -0.25
      vertex 23.9863 12.998 0.25
    endloop
  endfacet
  facet normal -0.61856 -0.785738 0
    outer loop
      vertex 24.0098 12.9795 -0.25
      vertex 24.0098 12.9795 0.25
      vertex 23.9863 12.998 -0.25
    endloop
  endfacet
  facet normal -0.61856 -0.785738 -0
    outer loop
      vertex 23.9863 12.998 0.25
      vertex 23.9863 12.998 -0.25
      vertex 24.0098 12.9795 0.25
    endloop
  endfacet
  facet normal -0.99091 -0.13453 0
    outer loop
      vertex 24.0273 12.8506 -0.25
      vertex 24.0273 12.8506 0.25
      vertex 24.0098 12.9795 -0.25
    endloop
  endfacet
  facet normal -0.99091 -0.13453 -0
    outer loop
      vertex 24.0098 12.9795 0.25
      vertex 24.0098 12.9795 -0.25
      vertex 24.0273 12.8506 0.25
    endloop
  endfacet
  facet normal -0.0468817 0.9989 0
    outer loop
      vertex 23.4648 12.8242 -0.25
      vertex 23.4648 12.8242 0.25
      vertex 24.0273 12.8506 -0.25
    endloop
  endfacet
  facet normal -0.0468817 0.9989 0
    outer loop
      vertex 24.0273 12.8506 0.25
      vertex 24.0273 12.8506 -0.25
      vertex 23.4648 12.8242 0.25
    endloop
  endfacet
  facet normal 0 1 0
    outer loop
      vertex 23.0811 12.8242 -0.25
      vertex 23.0811 12.8242 0.25
      vertex 23.4648 12.8242 -0.25
    endloop
  endfacet
  facet normal 0 1 0
    outer loop
      vertex 23.4648 12.8242 0.25
      vertex 23.4648 12.8242 -0.25
      vertex 23.0811 12.8242 0.25
    endloop
  endfacet
  facet normal 0.983434 0.181265 -0
    outer loop
      vertex 17.0186 7.1875 -0.25
      vertex 17.0186 7.1875 0.25
      vertex 17.0312 7.11914 -0.25
    endloop
  endfacet
  facet normal 0.983434 0.181265 0
    outer loop
      vertex 17.0312 7.11914 0.25
      vertex 17.0312 7.11914 -0.25
      vertex 17.0186 7.1875 0.25
    endloop
  endfacet
  facet normal 0.981283 0.192573 -0
    outer loop
      vertex 17.0117 7.22266 -0.25
      vertex 17.0117 7.22266 0.25
      vertex 17.0186 7.1875 -0.25
    endloop
  endfacet
  facet normal 0.981283 0.192573 0
    outer loop
      vertex 17.0186 7.1875 0.25
      vertex 17.0186 7.1875 -0.25
      vertex 17.0117 7.22266 0.25
    endloop
  endfacet
  facet normal 0.728768 -0.684761 0
    outer loop
      vertex 17.1631 7.38379 -0.25
      vertex 17.1631 7.38379 0.25
      vertex 17.0117 7.22266 -0.25
    endloop
  endfacet
  facet normal 0.728768 -0.684761 0
    outer loop
      vertex 17.0117 7.22266 0.25
      vertex 17.0117 7.22266 -0.25
      vertex 17.1631 7.38379 0.25
    endloop
  endfacet
  facet normal 0 -1 0
    outer loop
      vertex 17.2754 7.38379 -0.25
      vertex 17.2754 7.38379 0.25
      vertex 17.1631 7.38379 -0.25
    endloop
  endfacet
  facet normal 0 -1 0
    outer loop
      vertex 17.1631 7.38379 0.25
      vertex 17.1631 7.38379 -0.25
      vertex 17.2754 7.38379 0.25
    endloop
  endfacet
  facet normal -0.707146 -0.707068 0
    outer loop
      vertex 17.458 7.20117 -0.25
      vertex 17.458 7.20117 0.25
      vertex 17.2754 7.38379 -0.25
    endloop
  endfacet
  facet normal -0.707146 -0.707068 -0
    outer loop
      vertex 17.2754 7.38379 0.25
      vertex 17.2754 7.38379 -0.25
      vertex 17.458 7.20117 0.25
    endloop
  endfacet
  facet normal -1 0 0
    outer loop
      vertex 17.458 7.09277 -0.25
      vertex 17.458 7.09277 0.25
      vertex 17.458 7.20117 -0.25
    endloop
  endfacet
  facet normal -1 -0 -0
    outer loop
      vertex 17.458 7.20117 0.25
      vertex 17.458 7.20117 -0.25
      vertex 17.458 7.09277 0.25
    endloop
  endfacet
  facet normal -0.599431 0.800426 0
    outer loop
      vertex 17.2598 6.94434 -0.25
      vertex 17.2598 6.94434 0.25
      vertex 17.458 7.09277 -0.25
    endloop
  endfacet
  facet normal -0.599431 0.800426 0
    outer loop
      vertex 17.458 7.09277 0.25
      vertex 17.458 7.09277 -0.25
      vertex 17.2598 6.94434 0.25
    endloop
  endfacet
  facet normal 0.607424 0.794378 -0
    outer loop
      vertex 17.0312 7.11914 -0.25
      vertex 17.0312 7.11914 0.25
      vertex 17.2598 6.94434 -0.25
    endloop
  endfacet
  facet normal 0.607424 0.794378 0
    outer loop
      vertex 17.2598 6.94434 0.25
      vertex 17.2598 6.94434 -0.25
      vertex 17.0312 7.11914 0.25
    endloop
  endfacet
  facet normal 0.707002 0.707211 -0
    outer loop
      vertex 29.0908 5.72852 -0.25
      vertex 29.0908 5.72852 0.25
      vertex 29.1924 5.62695 -0.25
    endloop
  endfacet
  facet normal 0.707002 0.707211 0
    outer loop
      vertex 29.1924 5.62695 0.25
      vertex 29.1924 5.62695 -0.25
      vertex 29.0908 5.72852 0.25
    endloop
  endfacet
  facet normal 0.698352 0.715754 -0
    outer loop
      vertex 28.9707 5.8457 -0.25
      vertex 28.9707 5.8457 0.25
      vertex 29.0908 5.72852 -0.25
    endloop
  endfacet
  facet normal 0.698352 0.715754 0
    outer loop
      vertex 29.0908 5.72852 0.25
      vertex 29.0908 5.72852 -0.25
      vertex 28.9707 5.8457 0.25
    endloop
  endfacet
  facet normal 0.84916 0.528135 -0
    outer loop
      vertex 28.6992 6.28223 -0.25
      vertex 28.6992 6.28223 0.25
      vertex 28.9707 5.8457 -0.25
    endloop
  endfacet
  facet normal 0.84916 0.528135 0
    outer loop
      vertex 28.9707 5.8457 0.25
      vertex 28.9707 5.8457 -0.25
      vertex 28.6992 6.28223 0.25
    endloop
  endfacet
  facet normal 0.927953 -0.372698 0
    outer loop
      vertex 28.8604 6.68359 -0.25
      vertex 28.8604 6.68359 0.25
      vertex 28.6992 6.28223 -0.25
    endloop
  endfacet
  facet normal 0.927953 -0.372698 0
    outer loop
      vertex 28.6992 6.28223 0.25
      vertex 28.6992 6.28223 -0.25
      vertex 28.8604 6.68359 0.25
    endloop
  endfacet
  facet normal 0.739033 -0.673669 0
    outer loop
      vertex 28.9512 6.7832 -0.25
      vertex 28.9512 6.7832 0.25
      vertex 28.8604 6.68359 -0.25
    endloop
  endfacet
  facet normal 0.739033 -0.673669 0
    outer loop
      vertex 28.8604 6.68359 0.25
      vertex 28.8604 6.68359 -0.25
      vertex 28.9512 6.7832 0.25
    endloop
  endfacet
  facet normal 0.733206 -0.680007 0
    outer loop
      vertex 29.0146 6.85156 -0.25
      vertex 29.0146 6.85156 0.25
      vertex 28.9512 6.7832 -0.25
    endloop
  endfacet
  facet normal 0.733206 -0.680007 0
    outer loop
      vertex 28.9512 6.7832 0.25
      vertex 28.9512 6.7832 -0.25
      vertex 29.0146 6.85156 0.25
    endloop
  endfacet
  facet normal 0.430279 -0.902696 0
    outer loop
      vertex 29.2871 6.98145 -0.25
      vertex 29.2871 6.98145 0.25
      vertex 29.0146 6.85156 -0.25
    endloop
  endfacet
  facet normal 0.430279 -0.902696 0
    outer loop
      vertex 29.0146 6.85156 0.25
      vertex 29.0146 6.85156 -0.25
      vertex 29.2871 6.98145 0.25
    endloop
  endfacet
  facet normal 0.149452 -0.988769 0
    outer loop
      vertex 29.7393 7.0498 -0.25
      vertex 29.7393 7.0498 0.25
      vertex 29.2871 6.98145 -0.25
    endloop
  endfacet
  facet normal 0.149452 -0.988769 0
    outer loop
      vertex 29.2871 6.98145 0.25
      vertex 29.2871 6.98145 -0.25
      vertex 29.7393 7.0498 0.25
    endloop
  endfacet
  facet normal -0.126131 -0.992014 0
    outer loop
      vertex 30.1924 6.99219 -0.25
      vertex 30.1924 6.99219 0.25
      vertex 29.7393 7.0498 -0.25
    endloop
  endfacet
  facet normal -0.126131 -0.992014 -0
    outer loop
      vertex 29.7393 7.0498 0.25
      vertex 29.7393 7.0498 -0.25
      vertex 30.1924 6.99219 0.25
    endloop
  endfacet
  facet normal -0.397487 -0.917608 0
    outer loop
      vertex 30.4697 6.87207 -0.25
      vertex 30.4697 6.87207 0.25
      vertex 30.1924 6.99219 -0.25
    endloop
  endfacet
  facet normal -0.397487 -0.917608 -0
    outer loop
      vertex 30.1924 6.99219 0.25
      vertex 30.1924 6.99219 -0.25
      vertex 30.4697 6.87207 0.25
    endloop
  endfacet
  facet normal -0.706906 -0.707308 0
    outer loop
      vertex 30.6104 6.73145 -0.25
      vertex 30.6104 6.73145 0.25
      vertex 30.4697 6.87207 -0.25
    endloop
  endfacet
  facet normal -0.706906 -0.707308 -0
    outer loop
      vertex 30.4697 6.87207 0.25
      vertex 30.4697 6.87207 -0.25
      vertex 30.6104 6.73145 0.25
    endloop
  endfacet
  facet normal -0.910127 -0.414328 0
    outer loop
      vertex 30.75 6.4248 -0.25
      vertex 30.75 6.4248 0.25
      vertex 30.6104 6.73145 -0.25
    endloop
  endfacet
  facet normal -0.910127 -0.414328 -0
    outer loop
      vertex 30.6104 6.73145 0.25
      vertex 30.6104 6.73145 -0.25
      vertex 30.75 6.4248 0.25
    endloop
  endfacet
  facet normal -0.99521 0.0977565 0
    outer loop
      vertex 30.71 6.01758 -0.25
      vertex 30.71 6.01758 0.25
      vertex 30.75 6.4248 -0.25
    endloop
  endfacet
  facet normal -0.99521 0.0977565 0
    outer loop
      vertex 30.75 6.4248 0.25
      vertex 30.75 6.4248 -0.25
      vertex 30.71 6.01758 0.25
    endloop
  endfacet
  facet normal -0.805932 0.592008 0
    outer loop
      vertex 30.4453 5.65723 -0.25
      vertex 30.4453 5.65723 0.25
      vertex 30.71 6.01758 -0.25
    endloop
  endfacet
  facet normal -0.805932 0.592008 0
    outer loop
      vertex 30.71 6.01758 0.25
      vertex 30.71 6.01758 -0.25
      vertex 30.4453 5.65723 0.25
    endloop
  endfacet
  facet normal -0.530436 0.847725 0
    outer loop
      vertex 30.1035 5.44336 -0.25
      vertex 30.1035 5.44336 0.25
      vertex 30.4453 5.65723 -0.25
    endloop
  endfacet
  facet normal -0.530436 0.847725 0
    outer loop
      vertex 30.4453 5.65723 0.25
      vertex 30.4453 5.65723 -0.25
      vertex 30.1035 5.44336 0.25
    endloop
  endfacet
  facet normal -0.302666 0.953097 0
    outer loop
      vertex 29.9805 5.4043 -0.25
      vertex 29.9805 5.4043 0.25
      vertex 30.1035 5.44336 -0.25
    endloop
  endfacet
  facet normal -0.302666 0.953097 0
    outer loop
      vertex 30.1035 5.44336 0.25
      vertex 30.1035 5.44336 -0.25
      vertex 29.9805 5.4043 0.25
    endloop
  endfacet
  facet normal -0.278312 0.960491 0
    outer loop
      vertex 29.876 5.37402 -0.25
      vertex 29.876 5.37402 0.25
      vertex 29.9805 5.4043 -0.25
    endloop
  endfacet
  facet normal -0.278312 0.960491 0
    outer loop
      vertex 29.9805 5.4043 0.25
      vertex 29.9805 5.4043 -0.25
      vertex 29.876 5.37402 0.25
    endloop
  endfacet
  facet normal -0.0551244 0.998479 0
    outer loop
      vertex 29.54 5.35547 -0.25
      vertex 29.54 5.35547 0.25
      vertex 29.876 5.37402 -0.25
    endloop
  endfacet
  facet normal -0.0551244 0.998479 0
    outer loop
      vertex 29.876 5.37402 0.25
      vertex 29.876 5.37402 -0.25
      vertex 29.54 5.35547 0.25
    endloop
  endfacet
  facet normal 0.615528 0.788115 -0
    outer loop
      vertex 29.1924 5.62695 -0.25
      vertex 29.1924 5.62695 0.25
      vertex 29.54 5.35547 -0.25
    endloop
  endfacet
  facet normal 0.615528 0.788115 0
    outer loop
      vertex 29.54 5.35547 0.25
      vertex 29.54 5.35547 -0.25
      vertex 29.1924 5.62695 0.25
    endloop
  endfacet
  facet normal 0.472177 0.881504 -0
    outer loop
      vertex 25.7256 4.7627 -0.25
      vertex 25.7256 4.7627 0.25
      vertex 25.7803 4.7334 -0.25
    endloop
  endfacet
  facet normal 0.472177 0.881504 0
    outer loop
      vertex 25.7803 4.7334 0.25
      vertex 25.7803 4.7334 -0.25
      vertex 25.7256 4.7627 0.25
    endloop
  endfacet
  facet normal 0.894399 0.44727 -0
    outer loop
      vertex 25.5664 5.08105 -0.25
      vertex 25.5664 5.08105 0.25
      vertex 25.7256 4.7627 -0.25
    endloop
  endfacet
  facet normal 0.894399 0.44727 0
    outer loop
      vertex 25.7256 4.7627 0.25
      vertex 25.7256 4.7627 -0.25
      vertex 25.5664 5.08105 0.25
    endloop
  endfacet
  facet normal 0.995316 -0.0966778 0
    outer loop
      vertex 25.5996 5.42285 -0.25
      vertex 25.5996 5.42285 0.25
      vertex 25.5664 5.08105 -0.25
    endloop
  endfacet
  facet normal 0.995316 -0.0966778 0
    outer loop
      vertex 25.5664 5.08105 0.25
      vertex 25.5664 5.08105 -0.25
      vertex 25.5996 5.42285 0.25
    endloop
  endfacet
  facet normal 0.690017 -0.723794 0
    outer loop
      vertex 25.6416 5.46289 -0.25
      vertex 25.6416 5.46289 0.25
      vertex 25.5996 5.42285 -0.25
    endloop
  endfacet
  facet normal 0.690017 -0.723794 0
    outer loop
      vertex 25.5996 5.42285 0.25
      vertex 25.5996 5.42285 -0.25
      vertex 25.6416 5.46289 0.25
    endloop
  endfacet
  facet normal 0.738513 -0.674239 0
    outer loop
      vertex 25.6523 5.47461 -0.25
      vertex 25.6523 5.47461 0.25
      vertex 25.6416 5.46289 -0.25
    endloop
  endfacet
  facet normal 0.738513 -0.674239 0
    outer loop
      vertex 25.6416 5.46289 0.25
      vertex 25.6416 5.46289 -0.25
      vertex 25.6523 5.47461 0.25
    endloop
  endfacet
  facet normal 0.120775 -0.99268 0
    outer loop
      vertex 25.9814 5.51465 -0.25
      vertex 25.9814 5.51465 0.25
      vertex 25.6523 5.47461 -0.25
    endloop
  endfacet
  facet normal 0.120775 -0.99268 0
    outer loop
      vertex 25.6523 5.47461 0.25
      vertex 25.6523 5.47461 -0.25
      vertex 25.9814 5.51465 0.25
    endloop
  endfacet
  facet normal -0.117907 -0.993025 0
    outer loop
      vertex 26.0225 5.50977 -0.25
      vertex 26.0225 5.50977 0.25
      vertex 25.9814 5.51465 -0.25
    endloop
  endfacet
  facet normal -0.117907 -0.993025 -0
    outer loop
      vertex 25.9814 5.51465 0.25
      vertex 25.9814 5.51465 -0.25
      vertex 26.0225 5.50977 0.25
    endloop
  endfacet
  facet normal -0.112625 -0.993638 0
    outer loop
      vertex 26.0742 5.50391 -0.25
      vertex 26.0742 5.50391 0.25
      vertex 26.0225 5.50977 -0.25
    endloop
  endfacet
  facet normal -0.112625 -0.993638 -0
    outer loop
      vertex 26.0225 5.50977 0.25
      vertex 26.0225 5.50977 -0.25
      vertex 26.0742 5.50391 0.25
    endloop
  endfacet
  facet normal -0.69652 -0.717538 0
    outer loop
      vertex 26.3398 5.24609 -0.25
      vertex 26.3398 5.24609 0.25
      vertex 26.0742 5.50391 -0.25
    endloop
  endfacet
  facet normal -0.69652 -0.717538 -0
    outer loop
      vertex 26.0742 5.50391 0.25
      vertex 26.0742 5.50391 -0.25
      vertex 26.3398 5.24609 0.25
    endloop
  endfacet
  facet normal -0.990537 -0.137243 0
    outer loop
      vertex 26.3467 5.19629 -0.25
      vertex 26.3467 5.19629 0.25
      vertex 26.3398 5.24609 -0.25
    endloop
  endfacet
  facet normal -0.990537 -0.137243 -0
    outer loop
      vertex 26.3398 5.24609 0.25
      vertex 26.3398 5.24609 -0.25
      vertex 26.3467 5.19629 0.25
    endloop
  endfacet
  facet normal -0.989047 -0.147603 0
    outer loop
      vertex 26.3604 5.10449 -0.25
      vertex 26.3604 5.10449 0.25
      vertex 26.3467 5.19629 -0.25
    endloop
  endfacet
  facet normal -0.989047 -0.147603 -0
    outer loop
      vertex 26.3467 5.19629 0.25
      vertex 26.3467 5.19629 -0.25
      vertex 26.3604 5.10449 0.25
    endloop
  endfacet
  facet normal -0.901998 0.431741 0
    outer loop
      vertex 26.1982 4.76562 -0.25
      vertex 26.1982 4.76562 0.25
      vertex 26.3604 5.10449 -0.25
    endloop
  endfacet
  facet normal -0.901998 0.431741 0
    outer loop
      vertex 26.3604 5.10449 0.25
      vertex 26.3604 5.10449 -0.25
      vertex 26.1982 4.76562 0.25
    endloop
  endfacet
  facet normal -0.205744 0.978606 0
    outer loop
      vertex 25.8545 4.69336 -0.25
      vertex 25.8545 4.69336 0.25
      vertex 26.1982 4.76562 -0.25
    endloop
  endfacet
  facet normal -0.205744 0.978606 0
    outer loop
      vertex 26.1982 4.76562 0.25
      vertex 26.1982 4.76562 -0.25
      vertex 25.8545 4.69336 0.25
    endloop
  endfacet
  facet normal 0.474892 0.880044 -0
    outer loop
      vertex 25.7803 4.7334 -0.25
      vertex 25.7803 4.7334 0.25
      vertex 25.8545 4.69336 -0.25
    endloop
  endfacet
  facet normal 0.474892 0.880044 0
    outer loop
      vertex 25.8545 4.69336 0.25
      vertex 25.8545 4.69336 -0.25
      vertex 25.7803 4.7334 0.25
    endloop
  endfacet
endsolid OpenSCAD_Model
