solid OpenSCAD_Model
  facet normal -0.9888308801859987 -0.149041908168753 0
    outer loop
      vertex 6.975152969360352 0.49783897399902344 0.6999998092651367
      vertex 6.900861740112305 0.9907302856445312 5.949999809265137
      vertex 6.900861740112305 0.9907302856445312 0.6999998092651367
    endloop
  endfacet
  facet normal -0.9888308801859987 -0.149041908168753 0
    outer loop
      vertex 6.900861740112305 0.9907302856445312 5.949999809265137
      vertex 6.975152969360352 0.49783897399902344 0.6999998092651367
      vertex 6.975152969360352 0.49783897399902344 5.949999809265137
    endloop
  endfacet
  facet normal 0.9555729299402829 0.29475477191276017 0
    outer loop
      vertex -2.69846248626709 -1.7101001739501953 5.949999809265137
      vertex -2.8453855514526367 -1.2337865829467773 0.6999998092651367
      vertex -2.8453855514526367 -1.2337865829467773 5.949999809265137
    endloop
  endfacet
  facet normal 0.9555729299402829 0.29475477191276017 0
    outer loop
      vertex -2.8453855514526367 -1.2337865829467773 0.6999998092651367
      vertex -2.69846248626709 -1.7101001739501953 5.949999809265137
      vertex -2.69846248626709 -1.7101001739501953 0.6999998092651367
    endloop
  endfacet
  facet normal -0.9987568292924154 -0.049847727548617854 0
    outer loop
      vertex 7 0 0.6999998092651367
      vertex 6.975152969360352 0.49783897399902344 5.949999809265137
      vertex 6.975152969360352 0.49783897399902344 0.6999998092651367
    endloop
  endfacet
  facet normal -0.9987568292924154 -0.049847727548617854 0
    outer loop
      vertex 6.975152969360352 0.49783897399902344 5.949999809265137
      vertex 7 0 0.6999998092651367
      vertex 7 0 5.949999809265137
    endloop
  endfacet
  facet normal 0.6982365336656702 0.7158671266754392 0
    outer loop
      vertex -1.3084287643432617 -3.7489051818847656 0.6999998092651367
      vertex -1.6652584075927734 -3.4008636474609375 5.949999809265137
      vertex -1.3084287643432617 -3.7489051818847656 5.949999809265137
    endloop
  endfacet
  facet normal 0.6982365336656702 0.7158671266754392 0
    outer loop
      vertex -1.6652584075927734 -3.4008636474609375 5.949999809265137
      vertex -1.3084287643432617 -3.7489051818847656 0.6999998092651367
      vertex -1.6652584075927734 -3.4008636474609375 0.6999998092651367
    endloop
  endfacet
  facet normal -0.500000190418894 -0.866025293846011 0
    outer loop
      vertex 4.281052589416504 4.449358940124512 0.6999998092651367
      vertex 4.712730407714844 4.200129508972168 5.949999809265137
      vertex 4.281052589416504 4.449358940124512 5.949999809265137
    endloop
  endfacet
  facet normal -0.500000190418894 -0.866025293846011 0
    outer loop
      vertex 4.712730407714844 4.200129508972168 5.949999809265137
      vertex 4.281052589416504 4.449358940124512 0.6999998092651367
      vertex 4.712730407714844 4.200129508972168 0.6999998092651367
    endloop
  endfacet
  facet normal -0.969077420622413 -0.24675686989385098 0
    outer loop
      vertex 6.900861740112305 0.9907302856445312 0.6999998092651367
      vertex 6.777863502502441 1.473775863647461 5.949999809265137
      vertex 6.777863502502441 1.473775863647461 0.6999998092651367
    endloop
  endfacet
  facet normal -0.969077420622413 -0.24675686989385098 0
    outer loop
      vertex 6.777863502502441 1.473775863647461 5.949999809265137
      vertex 6.900861740112305 0.9907302856445312 0.6999998092651367
      vertex 6.900861740112305 0.9907302856445312 5.949999809265137
    endloop
  endfacet
  facet normal -0.9396928326391716 -0.3420195612630512 0
    outer loop
      vertex 6.777863502502441 1.473775863647461 0.6999998092651367
      vertex 6.6073808670043945 1.942173957824707 5.949999809265137
      vertex 6.6073808670043945 1.942173957824707 0.6999998092651367
    endloop
  endfacet
  facet normal -0.9396928326391716 -0.3420195612630512 0
    outer loop
      vertex 6.6073808670043945 1.942173957824707 5.949999809265137
      vertex 6.777863502502441 1.473775863647461 0.6999998092651367
      vertex 6.777863502502441 1.473775863647461 5.949999809265137
    endloop
  endfacet
  facet normal 0.8262394049773173 -0.5633191330522413 0
    outer loop
      vertex -2.266453742980957 2.607175827026367 5.949999809265137
      vertex -1.9856624603271484 3.019021987915039 0.6999998092651367
      vertex -1.9856624603271484 3.019021987915039 5.949999809265137
    endloop
  endfacet
  facet normal 0.8262394049773173 -0.5633191330522413 0
    outer loop
      vertex -1.9856624603271484 3.019021987915039 0.6999998092651367
      vertex -2.266453742980957 2.607175827026367 5.949999809265137
      vertex -2.266453742980957 2.607175827026367 0.6999998092651367
    endloop
  endfacet
  facet normal 0.0747293996963862 -0.9972038491808071 0
    outer loop
      vertex 1.3782806396484375 4.961195945739746 0.6999998092651367
      vertex 1.8753461837768555 4.998445510864258 5.949999809265137
      vertex 1.3782806396484375 4.961195945739746 5.949999809265137
    endloop
  endfacet
  facet normal 0.0747293996963862 -0.9972038491808071 0
    outer loop
      vertex 1.8753461837768555 4.998445510864258 5.949999809265137
      vertex 1.3782806396484375 4.961195945739746 0.6999998092651367
      vertex 1.8753461837768555 4.998445510864258 0.6999998092651367
    endloop
  endfacet
  facet normal -0.9396928326391716 0.3420195612630512 0
    outer loop
      vertex 6.6073808670043945 -1.942173957824707 0.6999998092651367
      vertex 6.777863502502441 -1.473775863647461 5.949999809265137
      vertex 6.777863502502441 -1.473775863647461 0.6999998092651367
    endloop
  endfacet
  facet normal -0.9396928326391716 0.3420195612630512 0
    outer loop
      vertex 6.777863502502441 -1.473775863647461 5.949999809265137
      vertex 6.6073808670043945 -1.942173957824707 0.6999998092651367
      vertex 6.6073808670043945 -1.942173957824707 5.949999809265137
    endloop
  endfacet
  facet normal 0.7660435964888327 -0.6427886186597072 0
    outer loop
      vertex -1.9856624603271484 3.019021987915039 5.949999809265137
      vertex -1.6652584075927734 3.4008636474609375 0.6999998092651367
      vertex -1.6652584075927734 3.4008636474609375 5.949999809265137
    endloop
  endfacet
  facet normal 0.7660435964888327 -0.6427886186597072 0
    outer loop
      vertex -1.6652584075927734 3.4008636474609375 0.6999998092651367
      vertex -1.9856624603271484 3.019021987915039 5.949999809265137
      vertex -1.9856624603271484 3.019021987915039 0.6999998092651367
    endloop
  endfacet
  facet normal 0.9801723015573238 -0.198147064726729 0
    outer loop
      vertex -2.9441537857055664 0.7452106475830078 5.949999809265137
      vertex -2.8453855514526367 1.2337865829467773 0.6999998092651367
      vertex -2.8453855514526367 1.2337865829467773 5.949999809265137
    endloop
  endfacet
  facet normal 0.9801723015573238 -0.198147064726729 0
    outer loop
      vertex -2.8453855514526367 1.2337865829467773 0.6999998092651367
      vertex -2.9441537857055664 0.7452106475830078 5.949999809265137
      vertex -2.9441537857055664 0.7452106475830078 0.6999998092651367
    endloop
  endfacet
  facet normal 0.8782216201087115 -0.4782538927950613 0
    outer loop
      vertex -2.5048437118530273 2.1694183349609375 5.949999809265137
      vertex -2.266453742980957 2.607175827026367 0.6999998092651367
      vertex -2.266453742980957 2.607175827026367 5.949999809265137
    endloop
  endfacet
  facet normal 0.8782216201087115 -0.4782538927950613 0
    outer loop
      vertex -2.266453742980957 2.607175827026367 0.6999998092651367
      vertex -2.5048437118530273 2.1694183349609375 5.949999809265137
      vertex -2.5048437118530273 2.1694183349609375 0.6999998092651367
    endloop
  endfacet
  facet normal 0.4562091281375018 -0.8898725927929348 0
    outer loop
      vertex -0.5 4.330126762390137 0.6999998092651367
      vertex -0.05643463134765625 4.557528495788574 5.949999809265137
      vertex -0.5 4.330126762390137 5.949999809265137
    endloop
  endfacet
  facet normal 0.4562091281375018 -0.8898725927929348 0
    outer loop
      vertex -0.05643463134765625 4.557528495788574 5.949999809265137
      vertex -0.5 4.330126762390137 0.6999998092651367
      vertex -0.05643463134765625 4.557528495788574 0.6999998092651367
    endloop
  endfacet
  facet normal -0.22251989602751576 0.9749281490817175 0
    outer loop
      vertex 3.3542022705078125 -4.8131208419799805 0.6999998092651367
      vertex 2.8682403564453125 -4.924037933349609 5.949999809265137
      vertex 3.3542022705078125 -4.8131208419799805 5.949999809265137
    endloop
  endfacet
  facet normal -0.22251989602751576 0.9749281490817175 0
    outer loop
      vertex 2.8682403564453125 -4.924037933349609 5.949999809265137
      vertex 3.3542022705078125 -4.8131208419799805 0.6999998092651367
      vertex 2.8682403564453125 -4.924037933349609 0.6999998092651367
    endloop
  endfacet
  facet normal -0.6616868115330844 -0.7497803434627909 0
    outer loop
      vertex 5.117448806762695 3.9091567993164062 0.6999998092651367
      vertex 5.491183280944824 3.5793333053588867 5.949999809265137
      vertex 5.117448806762695 3.9091567993164062 5.949999809265137
    endloop
  endfacet
  facet normal -0.6616868115330844 -0.7497803434627909 0
    outer loop
      vertex 5.491183280944824 3.5793333053588867 5.949999809265137
      vertex 5.117448806762695 3.9091567993164062 0.6999998092651367
      vertex 5.491183280944824 3.5793333053588867 0.6999998092651367
    endloop
  endfacet
  facet normal 0.7660435964888327 0.6427886186597072 0
    outer loop
      vertex -1.6652584075927734 -3.4008636474609375 5.949999809265137
      vertex -1.9856624603271484 -3.019021987915039 0.6999998092651367
      vertex -1.9856624603271484 -3.019021987915039 5.949999809265137
    endloop
  endfacet
  facet normal 0.7660435964888327 0.6427886186597072 0
    outer loop
      vertex -1.9856624603271484 -3.019021987915039 0.6999998092651367
      vertex -1.6652584075927734 -3.4008636474609375 5.949999809265137
      vertex -1.6652584075927734 -3.4008636474609375 0.6999998092651367
    endloop
  endfacet
  facet normal -0.969077420622413 0.24675686989385098 0
    outer loop
      vertex 6.777863502502441 -1.473775863647461 0.6999998092651367
      vertex 6.900861740112305 -0.9907302856445312 5.949999809265137
      vertex 6.900861740112305 -0.9907302856445312 0.6999998092651367
    endloop
  endfacet
  facet normal -0.969077420622413 0.24675686989385098 0
    outer loop
      vertex 6.900861740112305 -0.9907302856445312 5.949999809265137
      vertex 6.777863502502441 -1.473775863647461 0.6999998092651367
      vertex 6.777863502502441 -1.473775863647461 5.949999809265137
    endloop
  endfacet
  facet normal -0.5837436675345516 -0.8119380090950976 0
    outer loop
      vertex 4.712730407714844 4.200129508972168 0.6999998092651367
      vertex 5.117448806762695 3.9091567993164062 5.949999809265137
      vertex 4.712730407714844 4.200129508972168 5.949999809265137
    endloop
  endfacet
  facet normal -0.5837436675345516 -0.8119380090950976 0
    outer loop
      vertex 5.117448806762695 3.9091567993164062 5.949999809265137
      vertex 4.712730407714844 4.200129508972168 0.6999998092651367
      vertex 5.117448806762695 3.9091567993164062 0.6999998092651367
    endloop
  endfacet
  facet normal -0.9009687073372642 -0.43388407253438005 0
    outer loop
      vertex 6.6073808670043945 1.942173957824707 0.6999998092651367
      vertex 6.391107559204102 2.3912696838378906 5.949999809265137
      vertex 6.391107559204102 2.3912696838378906 0.6999998092651367
    endloop
  endfacet
  facet normal -0.9009687073372642 -0.43388407253438005 0
    outer loop
      vertex 6.391107559204102 2.3912696838378906 5.949999809265137
      vertex 6.6073808670043945 1.942173957824707 0.6999998092651367
      vertex 6.6073808670043945 1.942173957824707 5.949999809265137
    endloop
  endfacet
  facet normal -0.4112871222449548 0.9115058436869529 0
    outer loop
      vertex 4.281052589416504 -4.449358940124512 0.6999998092651367
      vertex 3.826704978942871 -4.6543684005737305 5.949999809265137
      vertex 4.281052589416504 -4.449358940124512 5.949999809265137
    endloop
  endfacet
  facet normal -0.4112871222449548 0.9115058436869529 0
    outer loop
      vertex 3.826704978942871 -4.6543684005737305 5.949999809265137
      vertex 4.281052589416504 -4.449358940124512 0.6999998092651367
      vertex 3.826704978942871 -4.6543684005737305 0.6999998092651367
    endloop
  endfacet
  facet normal -0.9987568292924154 0.049847727548617854 0
    outer loop
      vertex 6.975152969360352 -0.49783897399902344 0.6999998092651367
      vertex 7 0 5.949999809265137
      vertex 7 0 0.6999998092651367
    endloop
  endfacet
  facet normal -0.9987568292924154 0.049847727548617854 0
    outer loop
      vertex 7 0 5.949999809265137
      vertex 6.975152969360352 -0.49783897399902344 0.6999998092651367
      vertex 6.975152969360352 -0.49783897399902344 5.949999809265137
    endloop
  endfacet
  facet normal 0.9950308422751092 -0.09956717793171938 0
    outer loop
      vertex -2.993783950805664 0.24922847747802734 5.949999809265137
      vertex -2.9441537857055664 0.7452106475830078 0.6999998092651367
      vertex -2.9441537857055664 0.7452106475830078 5.949999809265137
    endloop
  endfacet
  facet normal 0.9950308422751092 -0.09956717793171938 0
    outer loop
      vertex -2.9441537857055664 0.7452106475830078 0.6999998092651367
      vertex -2.993783950805664 0.24922847747802734 5.949999809265137
      vertex -2.993783950805664 0.24922847747802734 0.6999998092651367
    endloop
  endfacet
  facet normal 0.9214762597982435 -0.38843468257641467 0
    outer loop
      vertex -2.69846248626709 1.7101001739501953 5.949999809265137
      vertex -2.5048437118530273 2.1694183349609375 0.6999998092651367
      vertex -2.5048437118530273 2.1694183349609375 5.949999809265137
    endloop
  endfacet
  facet normal 0.9214762597982435 -0.38843468257641467 0
    outer loop
      vertex -2.5048437118530273 2.1694183349609375 0.6999998092651367
      vertex -2.69846248626709 1.7101001739501953 5.949999809265137
      vertex -2.69846248626709 1.7101001739501953 0.6999998092651367
    endloop
  endfacet
  facet normal -0.7971332241868763 -0.6038034638004615 0
    outer loop
      vertex 6.131193161010742 2.8165998458862305 0.6999998092651367
      vertex 5.830222129821777 3.213937759399414 5.949999809265137
      vertex 5.830222129821777 3.213937759399414 0.6999998092651367
    endloop
  endfacet
  facet normal -0.7971332241868763 -0.6038034638004615 0
    outer loop
      vertex 5.830222129821777 3.213937759399414 5.949999809265137
      vertex 6.131193161010742 2.8165998458862305 0.6999998092651367
      vertex 6.131193161010742 2.8165998458862305 5.949999809265137
    endloop
  endfacet
  facet normal -0.4112871222449548 -0.9115058436869529 0
    outer loop
      vertex 3.826704978942871 4.6543684005737305 0.6999998092651367
      vertex 4.281052589416504 4.449358940124512 5.949999809265137
      vertex 3.826704978942871 4.6543684005737305 5.949999809265137
    endloop
  endfacet
  facet normal -0.4112871222449548 -0.9115058436869529 0
    outer loop
      vertex 4.281052589416504 4.449358940124512 5.949999809265137
      vertex 3.826704978942871 4.6543684005737305 0.6999998092651367
      vertex 4.281052589416504 4.449358940124512 0.6999998092651367
    endloop
  endfacet
  facet normal -0.22251989602751576 -0.9749281490817175 0
    outer loop
      vertex 2.8682403564453125 4.924037933349609 0.6999998092651367
      vertex 3.3542022705078125 4.8131208419799805 5.949999809265137
      vertex 2.8682403564453125 4.924037933349609 5.949999809265137
    endloop
  endfacet
  facet normal -0.22251989602751576 -0.9749281490817175 0
    outer loop
      vertex 3.3542022705078125 4.8131208419799805 5.949999809265137
      vertex 2.8682403564453125 4.924037933349609 0.6999998092651367
      vertex 3.3542022705078125 4.8131208419799805 0.6999998092651367
    endloop
  endfacet
  facet normal -0.5837436675345516 0.8119380090950976 0
    outer loop
      vertex 5.117448806762695 -3.9091567993164062 0.6999998092651367
      vertex 4.712730407714844 -4.200129508972168 5.949999809265137
      vertex 5.117448806762695 -3.9091567993164062 5.949999809265137
    endloop
  endfacet
  facet normal -0.5837436675345516 0.8119380090950976 0
    outer loop
      vertex 4.712730407714844 -4.200129508972168 5.949999809265137
      vertex 5.117448806762695 -3.9091567993164062 0.6999998092651367
      vertex 4.712730407714844 -4.200129508972168 0.6999998092651367
    endloop
  endfacet
  facet normal -0.8532903936995144 0.5214360018450275 0
    outer loop
      vertex 6.131193161010742 -2.8165998458862305 0.6999998092651367
      vertex 6.391107559204102 -2.3912696838378906 5.949999809265137
      vertex 6.391107559204102 -2.3912696838378906 0.6999998092651367
    endloop
  endfacet
  facet normal -0.8532903936995144 0.5214360018450275 0
    outer loop
      vertex 6.391107559204102 -2.3912696838378906 5.949999809265137
      vertex 6.131193161010742 -2.8165998458862305 0.6999998092651367
      vertex 6.131193161010742 -2.8165998458862305 5.949999809265137
    endloop
  endfacet
  facet normal -0.3184866039172127 -0.9479273617346851 0
    outer loop
      vertex 3.3542022705078125 4.8131208419799805 0.6999998092651367
      vertex 3.826704978942871 4.6543684005737305 5.949999809265137
      vertex 3.3542022705078125 4.8131208419799805 5.949999809265137
    endloop
  endfacet
  facet normal -0.3184866039172127 -0.9479273617346851 0
    outer loop
      vertex 3.826704978942871 4.6543684005737305 5.949999809265137
      vertex 3.3542022705078125 4.8131208419799805 0.6999998092651367
      vertex 3.826704978942871 4.6543684005737305 0.6999998092651367
    endloop
  endfacet
  facet normal -0.7330505428540096 0.6801741700634049 0
    outer loop
      vertex 5.491183280944824 -3.5793333053588867 0.6999998092651367
      vertex 5.830222129821777 -3.213937759399414 5.949999809265137
      vertex 5.830222129821777 -3.213937759399414 0.6999998092651367
    endloop
  endfacet
  facet normal -0.7330505428540096 0.6801741700634049 0
    outer loop
      vertex 5.830222129821777 -3.213937759399414 5.949999809265137
      vertex 5.491183280944824 -3.5793333053588867 0.6999998092651367
      vertex 5.491183280944824 -3.5793333053588867 5.949999809265137
    endloop
  endfacet
  facet normal 0.6982365336656702 -0.7158671266754392 0
    outer loop
      vertex -1.6652584075927734 3.4008636474609375 0.6999998092651367
      vertex -1.3084287643432617 3.7489051818847656 5.949999809265137
      vertex -1.6652584075927734 3.4008636474609375 5.949999809265137
    endloop
  endfacet
  facet normal 0.6982365336656702 -0.7158671266754392 0
    outer loop
      vertex -1.3084287643432617 3.7489051818847656 5.949999809265137
      vertex -1.6652584075927734 3.4008636474609375 0.6999998092651367
      vertex -1.3084287643432617 3.7489051818847656 0.6999998092651367
    endloop
  endfacet
  facet normal -0.9009687073372642 0.43388407253438005 0
    outer loop
      vertex 6.391107559204102 -2.3912696838378906 0.6999998092651367
      vertex 6.6073808670043945 -1.942173957824707 5.949999809265137
      vertex 6.6073808670043945 -1.942173957824707 0.6999998092651367
    endloop
  endfacet
  facet normal -0.9009687073372642 0.43388407253438005 0
    outer loop
      vertex 6.6073808670043945 -1.942173957824707 5.949999809265137
      vertex 6.391107559204102 -2.3912696838378906 0.6999998092651367
      vertex 6.391107559204102 -2.3912696838378906 5.949999809265137
    endloop
  endfacet
  facet normal 1 0 0
    outer loop
      vertex -2.993783950805664 -0.24922847747802734 5.949999809265137
      vertex -2.993783950805664 0.24922847747802734 0.6999998092651367
      vertex -2.993783950805664 0.24922847747802734 5.949999809265137
    endloop
  endfacet
  facet normal 1 0 0
    outer loop
      vertex -2.993783950805664 0.24922847747802734 0.6999998092651367
      vertex -2.993783950805664 -0.24922847747802734 5.949999809265137
      vertex -2.993783950805664 -0.24922847747802734 0.6999998092651367
    endloop
  endfacet
  facet normal 0.365342883374158 -0.9308730190352799 0
    outer loop
      vertex -0.05643463134765625 4.557528495788574 0.6999998092651367
      vertex 0.4075660705566406 4.739636421203613 5.949999809265137
      vertex -0.05643463134765625 4.557528495788574 5.949999809265137
    endloop
  endfacet
  facet normal 0.365342883374158 -0.9308730190352799 0
    outer loop
      vertex 0.4075660705566406 4.739636421203613 5.949999809265137
      vertex -0.05643463134765625 4.557528495788574 0.6999998092651367
      vertex 0.4075660705566406 4.739636421203613 0.6999998092651367
    endloop
  endfacet
  facet normal 0.5425466393199235 -0.8400256806566433 0
    outer loop
      vertex -0.9187183380126953 4.059689521789551 0.6999998092651367
      vertex -0.5 4.330126762390137 5.949999809265137
      vertex -0.9187183380126953 4.059689521789551 5.949999809265137
    endloop
  endfacet
  facet normal 0.5425466393199235 -0.8400256806566433 0
    outer loop
      vertex -0.5 4.330126762390137 5.949999809265137
      vertex -0.9187183380126953 4.059689521789551 0.6999998092651367
      vertex -0.5 4.330126762390137 0.6999998092651367
    endloop
  endfacet
  facet normal -0.024931531242202508 -0.9996891610645378 0
    outer loop
      vertex 1.8753461837768555 4.998445510864258 0.6999998092651367
      vertex 2.3736495971679688 4.986018180847168 5.949999809265137
      vertex 1.8753461837768555 4.998445510864258 5.949999809265137
    endloop
  endfacet
  facet normal -0.024931531242202508 -0.9996891610645378 0
    outer loop
      vertex 2.3736495971679688 4.986018180847168 5.949999809265137
      vertex 1.8753461837768555 4.998445510864258 0.6999998092651367
      vertex 2.3736495971679688 4.986018180847168 0.6999998092651367
    endloop
  endfacet
  facet normal -0.500000190418894 0.866025293846011 0
    outer loop
      vertex 4.712730407714844 -4.200129508972168 0.6999998092651367
      vertex 4.281052589416504 -4.449358940124512 5.949999809265137
      vertex 4.712730407714844 -4.200129508972168 5.949999809265137
    endloop
  endfacet
  facet normal -0.500000190418894 0.866025293846011 0
    outer loop
      vertex 4.281052589416504 -4.449358940124512 5.949999809265137
      vertex 4.712730407714844 -4.200129508972168 0.6999998092651367
      vertex 4.281052589416504 -4.449358940124512 0.6999998092651367
    endloop
  endfacet
  facet normal -0.8532903936995144 -0.5214360018450275 0
    outer loop
      vertex 6.391107559204102 2.3912696838378906 0.6999998092651367
      vertex 6.131193161010742 2.8165998458862305 5.949999809265137
      vertex 6.131193161010742 2.8165998458862305 0.6999998092651367
    endloop
  endfacet
  facet normal -0.8532903936995144 -0.5214360018450275 0
    outer loop
      vertex 6.131193161010742 2.8165998458862305 5.949999809265137
      vertex 6.391107559204102 2.3912696838378906 0.6999998092651367
      vertex 6.391107559204102 2.3912696838378906 5.949999809265137
    endloop
  endfacet
  facet normal -0.1243436734125869 -0.9922392105144122 0
    outer loop
      vertex 2.3736495971679688 4.986018180847168 0.6999998092651367
      vertex 2.8682403564453125 4.924037933349609 5.949999809265137
      vertex 2.3736495971679688 4.986018180847168 5.949999809265137
    endloop
  endfacet
  facet normal -0.1243436734125869 -0.9922392105144122 0
    outer loop
      vertex 2.8682403564453125 4.924037933349609 5.949999809265137
      vertex 2.3736495971679688 4.986018180847168 0.6999998092651367
      vertex 2.8682403564453125 4.924037933349609 0.6999998092651367
    endloop
  endfacet
  facet normal -0.9888308801859987 0.149041908168753 0
    outer loop
      vertex 6.900861740112305 -0.9907302856445312 0.6999998092651367
      vertex 6.975152969360352 -0.49783897399902344 5.949999809265137
      vertex 6.975152969360352 -0.49783897399902344 0.6999998092651367
    endloop
  endfacet
  facet normal -0.9888308801859987 0.149041908168753 0
    outer loop
      vertex 6.975152969360352 -0.49783897399902344 5.949999809265137
      vertex 6.900861740112305 -0.9907302856445312 0.6999998092651367
      vertex 6.900861740112305 -0.9907302856445312 5.949999809265137
    endloop
  endfacet
  facet normal -0.7971332241868763 0.6038034638004615 0
    outer loop
      vertex 5.830222129821777 -3.213937759399414 0.6999998092651367
      vertex 6.131193161010742 -2.8165998458862305 5.949999809265137
      vertex 6.131193161010742 -2.8165998458862305 0.6999998092651367
    endloop
  endfacet
  facet normal -0.7971332241868763 0.6038034638004615 0
    outer loop
      vertex 6.131193161010742 -2.8165998458862305 5.949999809265137
      vertex 5.830222129821777 -3.213937759399414 0.6999998092651367
      vertex 5.830222129821777 -3.213937759399414 5.949999809265137
    endloop
  endfacet
  facet normal 0.9950308422751092 0.09956717793171938 0
    outer loop
      vertex -2.9441537857055664 -0.7452106475830078 5.949999809265137
      vertex -2.993783950805664 -0.24922847747802734 0.6999998092651367
      vertex -2.993783950805664 -0.24922847747802734 5.949999809265137
    endloop
  endfacet
  facet normal 0.9950308422751092 0.09956717793171938 0
    outer loop
      vertex -2.993783950805664 -0.24922847747802734 0.6999998092651367
      vertex -2.9441537857055664 -0.7452106475830078 5.949999809265137
      vertex -2.9441537857055664 -0.7452106475830078 0.6999998092651367
    endloop
  endfacet
  facet normal -0.7330505428540096 -0.6801741700634049 0
    outer loop
      vertex 5.830222129821777 3.213937759399414 0.6999998092651367
      vertex 5.491183280944824 3.5793333053588867 5.949999809265137
      vertex 5.491183280944824 3.5793333053588867 0.6999998092651367
    endloop
  endfacet
  facet normal -0.7330505428540096 -0.6801741700634049 0
    outer loop
      vertex 5.491183280944824 3.5793333053588867 5.949999809265137
      vertex 5.830222129821777 3.213937759399414 0.6999998092651367
      vertex 5.830222129821777 3.213937759399414 5.949999809265137
    endloop
  endfacet
  facet normal 0.0747293996963862 0.9972038491808071 0
    outer loop
      vertex 1.8753461837768555 -4.998445510864258 0.6999998092651367
      vertex 1.3782806396484375 -4.961195945739746 5.949999809265137
      vertex 1.8753461837768555 -4.998445510864258 5.949999809265137
    endloop
  endfacet
  facet normal 0.0747293996963862 0.9972038491808071 0
    outer loop
      vertex 1.3782806396484375 -4.961195945739746 5.949999809265137
      vertex 1.8753461837768555 -4.998445510864258 0.6999998092651367
      vertex 1.3782806396484375 -4.961195945739746 0.6999998092651367
    endloop
  endfacet
  facet normal 0.27084081881391686 -0.9626241482864468 0
    outer loop
      vertex 0.4075660705566406 4.739636421203613 0.6999998092651367
      vertex 0.887394905090332 4.874639511108398 5.949999809265137
      vertex 0.4075660705566406 4.739636421203613 5.949999809265137
    endloop
  endfacet
  facet normal 0.27084081881391686 -0.9626241482864468 0
    outer loop
      vertex 0.887394905090332 4.874639511108398 5.949999809265137
      vertex 0.4075660705566406 4.739636421203613 0.6999998092651367
      vertex 0.887394905090332 4.874639511108398 0.6999998092651367
    endloop
  endfacet
  facet normal 0.6234905934800397 0.7818308511704484 0
    outer loop
      vertex -0.9187183380126953 -4.059689521789551 0.6999998092651367
      vertex -1.3084287643432617 -3.7489051818847656 5.949999809265137
      vertex -0.9187183380126953 -4.059689521789551 5.949999809265137
    endloop
  endfacet
  facet normal 0.6234905934800397 0.7818308511704484 0
    outer loop
      vertex -1.3084287643432617 -3.7489051818847656 5.949999809265137
      vertex -0.9187183380126953 -4.059689521789551 0.6999998092651367
      vertex -1.3084287643432617 -3.7489051818847656 0.6999998092651367
    endloop
  endfacet
  facet normal 0.17364824612386376 -0.9848077409414012 0
    outer loop
      vertex 0.887394905090332 4.874639511108398 0.6999998092651367
      vertex 1.3782806396484375 4.961195945739746 5.949999809265137
      vertex 0.887394905090332 4.874639511108398 5.949999809265137
    endloop
  endfacet
  facet normal 0.17364824612386376 -0.9848077409414012 0
    outer loop
      vertex 1.3782806396484375 4.961195945739746 5.949999809265137
      vertex 0.887394905090332 4.874639511108398 0.6999998092651367
      vertex 1.3782806396484375 4.961195945739746 0.6999998092651367
    endloop
  endfacet
  facet normal 0.5425466393199235 0.8400256806566433 0
    outer loop
      vertex -0.5 -4.330126762390137 0.6999998092651367
      vertex -0.9187183380126953 -4.059689521789551 5.949999809265137
      vertex -0.5 -4.330126762390137 5.949999809265137
    endloop
  endfacet
  facet normal 0.5425466393199235 0.8400256806566433 0
    outer loop
      vertex -0.9187183380126953 -4.059689521789551 5.949999809265137
      vertex -0.5 -4.330126762390137 0.6999998092651367
      vertex -0.9187183380126953 -4.059689521789551 0.6999998092651367
    endloop
  endfacet
  facet normal 0.9214762597982435 0.38843468257641467 0
    outer loop
      vertex -2.5048437118530273 -2.1694183349609375 5.949999809265137
      vertex -2.69846248626709 -1.7101001739501953 0.6999998092651367
      vertex -2.69846248626709 -1.7101001739501953 5.949999809265137
    endloop
  endfacet
  facet normal 0.9214762597982435 0.38843468257641467 0
    outer loop
      vertex -2.69846248626709 -1.7101001739501953 0.6999998092651367
      vertex -2.5048437118530273 -2.1694183349609375 5.949999809265137
      vertex -2.5048437118530273 -2.1694183349609375 0.6999998092651367
    endloop
  endfacet
  facet normal 0.9801723015573238 0.198147064726729 0
    outer loop
      vertex -2.8453855514526367 -1.2337865829467773 5.949999809265137
      vertex -2.9441537857055664 -0.7452106475830078 0.6999998092651367
      vertex -2.9441537857055664 -0.7452106475830078 5.949999809265137
    endloop
  endfacet
  facet normal 0.9801723015573238 0.198147064726729 0
    outer loop
      vertex -2.9441537857055664 -0.7452106475830078 0.6999998092651367
      vertex -2.8453855514526367 -1.2337865829467773 5.949999809265137
      vertex -2.8453855514526367 -1.2337865829467773 0.6999998092651367
    endloop
  endfacet
  facet normal 0.365342883374158 0.9308730190352799 0
    outer loop
      vertex 0.4075660705566406 -4.739636421203613 0.6999998092651367
      vertex -0.05643463134765625 -4.557528495788574 5.949999809265137
      vertex 0.4075660705566406 -4.739636421203613 5.949999809265137
    endloop
  endfacet
  facet normal 0.365342883374158 0.9308730190352799 0
    outer loop
      vertex -0.05643463134765625 -4.557528495788574 5.949999809265137
      vertex 0.4075660705566406 -4.739636421203613 0.6999998092651367
      vertex -0.05643463134765625 -4.557528495788574 0.6999998092651367
    endloop
  endfacet
  facet normal 0 0 1
    outer loop
      vertex 6.975152969360352 0.49783897399902344 0.6999998092651367
      vertex 6.975152969360352 -0.49783897399902344 0.6999998092651367
      vertex 7 0 0.6999998092651367
    endloop
  endfacet
  facet normal 0 0 1
    outer loop
      vertex 6.900861740112305 0.9907302856445312 0.6999998092651367
      vertex 6.975152969360352 -0.49783897399902344 0.6999998092651367
      vertex 6.975152969360352 0.49783897399902344 0.6999998092651367
    endloop
  endfacet
  facet normal 0 0 1
    outer loop
      vertex 6.900861740112305 0.9907302856445312 0.6999998092651367
      vertex 6.900861740112305 -0.9907302856445312 0.6999998092651367
      vertex 6.975152969360352 -0.49783897399902344 0.6999998092651367
    endloop
  endfacet
  facet normal 0 0 1
    outer loop
      vertex 6.777863502502441 1.473775863647461 0.6999998092651367
      vertex 6.900861740112305 -0.9907302856445312 0.6999998092651367
      vertex 6.900861740112305 0.9907302856445312 0.6999998092651367
    endloop
  endfacet
  facet normal 0 0 1
    outer loop
      vertex 6.777863502502441 1.473775863647461 0.6999998092651367
      vertex 6.777863502502441 -1.473775863647461 0.6999998092651367
      vertex 6.900861740112305 -0.9907302856445312 0.6999998092651367
    endloop
  endfacet
  facet normal 0 0 1
    outer loop
      vertex 6.6073808670043945 1.942173957824707 0.6999998092651367
      vertex 6.777863502502441 -1.473775863647461 0.6999998092651367
      vertex 6.777863502502441 1.473775863647461 0.6999998092651367
    endloop
  endfacet
  facet normal 0 0 1
    outer loop
      vertex 6.6073808670043945 1.942173957824707 0.6999998092651367
      vertex 6.6073808670043945 -1.942173957824707 0.6999998092651367
      vertex 6.777863502502441 -1.473775863647461 0.6999998092651367
    endloop
  endfacet
  facet normal 0 0 1
    outer loop
      vertex 6.391107559204102 2.3912696838378906 0.6999998092651367
      vertex 6.6073808670043945 -1.942173957824707 0.6999998092651367
      vertex 6.6073808670043945 1.942173957824707 0.6999998092651367
    endloop
  endfacet
  facet normal 0 0 1
    outer loop
      vertex 6.391107559204102 2.3912696838378906 0.6999998092651367
      vertex 6.391107559204102 -2.3912696838378906 0.6999998092651367
      vertex 6.6073808670043945 -1.942173957824707 0.6999998092651367
    endloop
  endfacet
  facet normal 0 0 1
    outer loop
      vertex 6.131193161010742 2.8165998458862305 0.6999998092651367
      vertex 6.391107559204102 -2.3912696838378906 0.6999998092651367
      vertex 6.391107559204102 2.3912696838378906 0.6999998092651367
    endloop
  endfacet
  facet normal 0 0 1
    outer loop
      vertex 6.131193161010742 2.8165998458862305 0.6999998092651367
      vertex 6.131193161010742 -2.8165998458862305 0.6999998092651367
      vertex 6.391107559204102 -2.3912696838378906 0.6999998092651367
    endloop
  endfacet
  facet normal 0 0 1
    outer loop
      vertex 5.830222129821777 3.213937759399414 0.6999998092651367
      vertex 6.131193161010742 -2.8165998458862305 0.6999998092651367
      vertex 6.131193161010742 2.8165998458862305 0.6999998092651367
    endloop
  endfacet
  facet normal 0 0 1
    outer loop
      vertex 5.830222129821777 3.213937759399414 0.6999998092651367
      vertex 5.830222129821777 -3.213937759399414 0.6999998092651367
      vertex 6.131193161010742 -2.8165998458862305 0.6999998092651367
    endloop
  endfacet
  facet normal 0 0 1
    outer loop
      vertex 5.491183280944824 3.5793333053588867 0.6999998092651367
      vertex 5.830222129821777 -3.213937759399414 0.6999998092651367
      vertex 5.830222129821777 3.213937759399414 0.6999998092651367
    endloop
  endfacet
  facet normal 0 0 1
    outer loop
      vertex 5.491183280944824 3.5793333053588867 0.6999998092651367
      vertex 5.491183280944824 -3.5793333053588867 0.6999998092651367
      vertex 5.830222129821777 -3.213937759399414 0.6999998092651367
    endloop
  endfacet
  facet normal 0 0 1
    outer loop
      vertex 5.117448806762695 3.9091567993164062 0.6999998092651367
      vertex 5.491183280944824 -3.5793333053588867 0.6999998092651367
      vertex 5.491183280944824 3.5793333053588867 0.6999998092651367
    endloop
  endfacet
  facet normal 0 0 1
    outer loop
      vertex 5.117448806762695 3.9091567993164062 0.6999998092651367
      vertex 5.117448806762695 -3.9091567993164062 0.6999998092651367
      vertex 5.491183280944824 -3.5793333053588867 0.6999998092651367
    endloop
  endfacet
  facet normal 0 0 1
    outer loop
      vertex 4.712730407714844 4.200129508972168 0.6999998092651367
      vertex 5.117448806762695 -3.9091567993164062 0.6999998092651367
      vertex 5.117448806762695 3.9091567993164062 0.6999998092651367
    endloop
  endfacet
  facet normal 0 0 1
    outer loop
      vertex 4.712730407714844 4.200129508972168 0.6999998092651367
      vertex 4.712730407714844 -4.200129508972168 0.6999998092651367
      vertex 5.117448806762695 -3.9091567993164062 0.6999998092651367
    endloop
  endfacet
  facet normal 0 0 1
    outer loop
      vertex 4.281052589416504 4.449358940124512 0.6999998092651367
      vertex 4.712730407714844 -4.200129508972168 0.6999998092651367
      vertex 4.712730407714844 4.200129508972168 0.6999998092651367
    endloop
  endfacet
  facet normal 0 0 1
    outer loop
      vertex 4.281052589416504 4.449358940124512 0.6999998092651367
      vertex 4.281052589416504 -4.449358940124512 0.6999998092651367
      vertex 4.712730407714844 -4.200129508972168 0.6999998092651367
    endloop
  endfacet
  facet normal 0 0 1
    outer loop
      vertex 3.826704978942871 4.6543684005737305 0.6999998092651367
      vertex 4.281052589416504 -4.449358940124512 0.6999998092651367
      vertex 4.281052589416504 4.449358940124512 0.6999998092651367
    endloop
  endfacet
  facet normal 0 0 1
    outer loop
      vertex 3.826704978942871 4.6543684005737305 0.6999998092651367
      vertex 3.826704978942871 -4.6543684005737305 0.6999998092651367
      vertex 4.281052589416504 -4.449358940124512 0.6999998092651367
    endloop
  endfacet
  facet normal 0 0 1
    outer loop
      vertex 3.3542022705078125 4.8131208419799805 0.6999998092651367
      vertex 3.826704978942871 -4.6543684005737305 0.6999998092651367
      vertex 3.826704978942871 4.6543684005737305 0.6999998092651367
    endloop
  endfacet
  facet normal 0 0 1
    outer loop
      vertex 3.3542022705078125 4.8131208419799805 0.6999998092651367
      vertex 3.3542022705078125 -4.8131208419799805 0.6999998092651367
      vertex 3.826704978942871 -4.6543684005737305 0.6999998092651367
    endloop
  endfacet
  facet normal 0 0 1
    outer loop
      vertex 2.8682403564453125 4.924037933349609 0.6999998092651367
      vertex 3.3542022705078125 -4.8131208419799805 0.6999998092651367
      vertex 3.3542022705078125 4.8131208419799805 0.6999998092651367
    endloop
  endfacet
  facet normal 0 0 1
    outer loop
      vertex 2.8682403564453125 4.924037933349609 0.6999998092651367
      vertex 2.8682403564453125 -4.924037933349609 0.6999998092651367
      vertex 3.3542022705078125 -4.8131208419799805 0.6999998092651367
    endloop
  endfacet
  facet normal 0 0 1
    outer loop
      vertex 2.3736495971679688 4.986018180847168 0.6999998092651367
      vertex 2.8682403564453125 -4.924037933349609 0.6999998092651367
      vertex 2.8682403564453125 4.924037933349609 0.6999998092651367
    endloop
  endfacet
  facet normal 0 0 1
    outer loop
      vertex 2.3736495971679688 4.986018180847168 0.6999998092651367
      vertex 2.3736495971679688 -4.986018180847168 0.6999998092651367
      vertex 2.8682403564453125 -4.924037933349609 0.6999998092651367
    endloop
  endfacet
  facet normal 0 0 1
    outer loop
      vertex 1.8753461837768555 4.998445510864258 0.6999998092651367
      vertex 2.3736495971679688 -4.986018180847168 0.6999998092651367
      vertex 2.3736495971679688 4.986018180847168 0.6999998092651367
    endloop
  endfacet
  facet normal 0 0 1
    outer loop
      vertex 1.8753461837768555 4.998445510864258 0.6999998092651367
      vertex 1.8753461837768555 -4.998445510864258 0.6999998092651367
      vertex 2.3736495971679688 -4.986018180847168 0.6999998092651367
    endloop
  endfacet
  facet normal 0 0 1
    outer loop
      vertex 1.3782806396484375 4.961195945739746 0.6999998092651367
      vertex 1.8753461837768555 -4.998445510864258 0.6999998092651367
      vertex 1.8753461837768555 4.998445510864258 0.6999998092651367
    endloop
  endfacet
  facet normal 0 0 1
    outer loop
      vertex 1.3782806396484375 4.961195945739746 0.6999998092651367
      vertex 1.3782806396484375 -4.961195945739746 0.6999998092651367
      vertex 1.8753461837768555 -4.998445510864258 0.6999998092651367
    endloop
  endfacet
  facet normal 0 0 1
    outer loop
      vertex 0.887394905090332 4.874639511108398 0.6999998092651367
      vertex 1.3782806396484375 -4.961195945739746 0.6999998092651367
      vertex 1.3782806396484375 4.961195945739746 0.6999998092651367
    endloop
  endfacet
  facet normal 0 0 1
    outer loop
      vertex 0.887394905090332 4.874639511108398 0.6999998092651367
      vertex 0.887394905090332 -4.874639511108398 0.6999998092651367
      vertex 1.3782806396484375 -4.961195945739746 0.6999998092651367
    endloop
  endfacet
  facet normal 0 0 1
    outer loop
      vertex 0.4075660705566406 4.739636421203613 0.6999998092651367
      vertex 0.887394905090332 -4.874639511108398 0.6999998092651367
      vertex 0.887394905090332 4.874639511108398 0.6999998092651367
    endloop
  endfacet
  facet normal 0 0 1
    outer loop
      vertex 0.4075660705566406 4.739636421203613 0.6999998092651367
      vertex 0.4075660705566406 -4.739636421203613 0.6999998092651367
      vertex 0.887394905090332 -4.874639511108398 0.6999998092651367
    endloop
  endfacet
  facet normal 0 0 1
    outer loop
      vertex -0.05643463134765625 4.557528495788574 0.6999998092651367
      vertex 0.4075660705566406 -4.739636421203613 0.6999998092651367
      vertex 0.4075660705566406 4.739636421203613 0.6999998092651367
    endloop
  endfacet
  facet normal 0 0 1
    outer loop
      vertex -0.05643463134765625 4.557528495788574 0.6999998092651367
      vertex -0.05643463134765625 -4.557528495788574 0.6999998092651367
      vertex 0.4075660705566406 -4.739636421203613 0.6999998092651367
    endloop
  endfacet
  facet normal 0 0 1
    outer loop
      vertex -0.5 4.330126762390137 0.6999998092651367
      vertex -0.05643463134765625 -4.557528495788574 0.6999998092651367
      vertex -0.05643463134765625 4.557528495788574 0.6999998092651367
    endloop
  endfacet
  facet normal 0 0 1
    outer loop
      vertex -0.5 4.330126762390137 0.6999998092651367
      vertex -0.5 -4.330126762390137 0.6999998092651367
      vertex -0.05643463134765625 -4.557528495788574 0.6999998092651367
    endloop
  endfacet
  facet normal 0 0 1
    outer loop
      vertex -0.9187183380126953 4.059689521789551 0.6999998092651367
      vertex -0.5 -4.330126762390137 0.6999998092651367
      vertex -0.5 4.330126762390137 0.6999998092651367
    endloop
  endfacet
  facet normal 0 0 1
    outer loop
      vertex -0.9187183380126953 4.059689521789551 0.6999998092651367
      vertex -0.9187183380126953 -4.059689521789551 0.6999998092651367
      vertex -0.5 -4.330126762390137 0.6999998092651367
    endloop
  endfacet
  facet normal 0 0 1
    outer loop
      vertex -1.3084287643432617 3.7489051818847656 0.6999998092651367
      vertex -0.9187183380126953 -4.059689521789551 0.6999998092651367
      vertex -0.9187183380126953 4.059689521789551 0.6999998092651367
    endloop
  endfacet
  facet normal 0 0 1
    outer loop
      vertex -1.3084287643432617 3.7489051818847656 0.6999998092651367
      vertex -1.3084287643432617 -3.7489051818847656 0.6999998092651367
      vertex -0.9187183380126953 -4.059689521789551 0.6999998092651367
    endloop
  endfacet
  facet normal 0 0 1
    outer loop
      vertex -1.6652584075927734 3.4008636474609375 0.6999998092651367
      vertex -1.3084287643432617 -3.7489051818847656 0.6999998092651367
      vertex -1.3084287643432617 3.7489051818847656 0.6999998092651367
    endloop
  endfacet
  facet normal 0 0 1
    outer loop
      vertex -1.6652584075927734 3.4008636474609375 0.6999998092651367
      vertex -1.6652584075927734 -3.4008636474609375 0.6999998092651367
      vertex -1.3084287643432617 -3.7489051818847656 0.6999998092651367
    endloop
  endfacet
  facet normal 0 0 1
    outer loop
      vertex -1.9856624603271484 3.019021987915039 0.6999998092651367
      vertex -1.6652584075927734 -3.4008636474609375 0.6999998092651367
      vertex -1.6652584075927734 3.4008636474609375 0.6999998092651367
    endloop
  endfacet
  facet normal 0 0 1
    outer loop
      vertex -1.9856624603271484 3.019021987915039 0.6999998092651367
      vertex -1.9856624603271484 -3.019021987915039 0.6999998092651367
      vertex -1.6652584075927734 -3.4008636474609375 0.6999998092651367
    endloop
  endfacet
  facet normal 0 0 1
    outer loop
      vertex -2.266453742980957 2.607175827026367 0.6999998092651367
      vertex -1.9856624603271484 -3.019021987915039 0.6999998092651367
      vertex -1.9856624603271484 3.019021987915039 0.6999998092651367
    endloop
  endfacet
  facet normal 0 0 1
    outer loop
      vertex -2.266453742980957 2.607175827026367 0.6999998092651367
      vertex -2.266453742980957 -2.607175827026367 0.6999998092651367
      vertex -1.9856624603271484 -3.019021987915039 0.6999998092651367
    endloop
  endfacet
  facet normal 0 0 1
    outer loop
      vertex -2.5048437118530273 2.1694183349609375 0.6999998092651367
      vertex -2.266453742980957 -2.607175827026367 0.6999998092651367
      vertex -2.266453742980957 2.607175827026367 0.6999998092651367
    endloop
  endfacet
  facet normal 0 0 1
    outer loop
      vertex -2.5048437118530273 2.1694183349609375 0.6999998092651367
      vertex -2.5048437118530273 -2.1694183349609375 0.6999998092651367
      vertex -2.266453742980957 -2.607175827026367 0.6999998092651367
    endloop
  endfacet
  facet normal 0 0 1
    outer loop
      vertex -2.69846248626709 1.7101001739501953 0.6999998092651367
      vertex -2.5048437118530273 -2.1694183349609375 0.6999998092651367
      vertex -2.5048437118530273 2.1694183349609375 0.6999998092651367
    endloop
  endfacet
  facet normal 0 0 1
    outer loop
      vertex -2.69846248626709 1.7101001739501953 0.6999998092651367
      vertex -2.69846248626709 -1.7101001739501953 0.6999998092651367
      vertex -2.5048437118530273 -2.1694183349609375 0.6999998092651367
    endloop
  endfacet
  facet normal 0 0 1
    outer loop
      vertex -2.8453855514526367 1.2337865829467773 0.6999998092651367
      vertex -2.69846248626709 -1.7101001739501953 0.6999998092651367
      vertex -2.69846248626709 1.7101001739501953 0.6999998092651367
    endloop
  endfacet
  facet normal 0 0 1
    outer loop
      vertex -2.8453855514526367 1.2337865829467773 0.6999998092651367
      vertex -2.8453855514526367 -1.2337865829467773 0.6999998092651367
      vertex -2.69846248626709 -1.7101001739501953 0.6999998092651367
    endloop
  endfacet
  facet normal 0 0 1
    outer loop
      vertex -2.9441537857055664 0.7452106475830078 0.6999998092651367
      vertex -2.8453855514526367 -1.2337865829467773 0.6999998092651367
      vertex -2.8453855514526367 1.2337865829467773 0.6999998092651367
    endloop
  endfacet
  facet normal 0 0 1
    outer loop
      vertex -2.9441537857055664 0.7452106475830078 0.6999998092651367
      vertex -2.9441537857055664 -0.7452106475830078 0.6999998092651367
      vertex -2.8453855514526367 -1.2337865829467773 0.6999998092651367
    endloop
  endfacet
  facet normal 0 0 1
    outer loop
      vertex -2.993783950805664 0.24922847747802734 0.6999998092651367
      vertex -2.9441537857055664 -0.7452106475830078 0.6999998092651367
      vertex -2.9441537857055664 0.7452106475830078 0.6999998092651367
    endloop
  endfacet
  facet normal 0 0 1
    outer loop
      vertex -2.9441537857055664 -0.7452106475830078 0.6999998092651367
      vertex -2.993783950805664 0.24922847747802734 0.6999998092651367
      vertex -2.993783950805664 -0.24922847747802734 0.6999998092651367
    endloop
  endfacet
  facet normal -0.3184866039172127 0.9479273617346851 0
    outer loop
      vertex 3.826704978942871 -4.6543684005737305 0.6999998092651367
      vertex 3.3542022705078125 -4.8131208419799805 5.949999809265137
      vertex 3.826704978942871 -4.6543684005737305 5.949999809265137
    endloop
  endfacet
  facet normal -0.3184866039172127 0.9479273617346851 0
    outer loop
      vertex 3.3542022705078125 -4.8131208419799805 5.949999809265137
      vertex 3.826704978942871 -4.6543684005737305 0.6999998092651367
      vertex 3.3542022705078125 -4.8131208419799805 0.6999998092651367
    endloop
  endfacet
  facet normal 0 0 -1
    outer loop
      vertex 6.975152969360352 -0.49783897399902344 5.949999809265137
      vertex 6.975152969360352 0.49783897399902344 5.949999809265137
      vertex 7 0 5.949999809265137
    endloop
  endfacet
  facet normal 0 0 -1
    outer loop
      vertex 6.900861740112305 -0.9907302856445312 5.949999809265137
      vertex 6.975152969360352 0.49783897399902344 5.949999809265137
      vertex 6.975152969360352 -0.49783897399902344 5.949999809265137
    endloop
  endfacet
  facet normal 0 0 -1
    outer loop
      vertex 6.900861740112305 -0.9907302856445312 5.949999809265137
      vertex 6.900861740112305 0.9907302856445312 5.949999809265137
      vertex 6.975152969360352 0.49783897399902344 5.949999809265137
    endloop
  endfacet
  facet normal 0 0 -1
    outer loop
      vertex 6.777863502502441 -1.473775863647461 5.949999809265137
      vertex 6.900861740112305 0.9907302856445312 5.949999809265137
      vertex 6.900861740112305 -0.9907302856445312 5.949999809265137
    endloop
  endfacet
  facet normal 0 0 -1
    outer loop
      vertex 6.777863502502441 -1.473775863647461 5.949999809265137
      vertex 6.777863502502441 1.473775863647461 5.949999809265137
      vertex 6.900861740112305 0.9907302856445312 5.949999809265137
    endloop
  endfacet
  facet normal 0 0 -1
    outer loop
      vertex 6.6073808670043945 -1.942173957824707 5.949999809265137
      vertex 6.777863502502441 1.473775863647461 5.949999809265137
      vertex 6.777863502502441 -1.473775863647461 5.949999809265137
    endloop
  endfacet
  facet normal 0 0 -1
    outer loop
      vertex 6.6073808670043945 -1.942173957824707 5.949999809265137
      vertex 6.6073808670043945 1.942173957824707 5.949999809265137
      vertex 6.777863502502441 1.473775863647461 5.949999809265137
    endloop
  endfacet
  facet normal 0 0 -1
    outer loop
      vertex 6.391107559204102 -2.3912696838378906 5.949999809265137
      vertex 6.6073808670043945 1.942173957824707 5.949999809265137
      vertex 6.6073808670043945 -1.942173957824707 5.949999809265137
    endloop
  endfacet
  facet normal 0 0 -1
    outer loop
      vertex 6.391107559204102 -2.3912696838378906 5.949999809265137
      vertex 6.391107559204102 2.3912696838378906 5.949999809265137
      vertex 6.6073808670043945 1.942173957824707 5.949999809265137
    endloop
  endfacet
  facet normal 0 0 -1
    outer loop
      vertex 6.131193161010742 -2.8165998458862305 5.949999809265137
      vertex 6.391107559204102 2.3912696838378906 5.949999809265137
      vertex 6.391107559204102 -2.3912696838378906 5.949999809265137
    endloop
  endfacet
  facet normal 0 0 -1
    outer loop
      vertex 6.131193161010742 -2.8165998458862305 5.949999809265137
      vertex 6.131193161010742 2.8165998458862305 5.949999809265137
      vertex 6.391107559204102 2.3912696838378906 5.949999809265137
    endloop
  endfacet
  facet normal 0 0 -1
    outer loop
      vertex 5.830222129821777 -3.213937759399414 5.949999809265137
      vertex 6.131193161010742 2.8165998458862305 5.949999809265137
      vertex 6.131193161010742 -2.8165998458862305 5.949999809265137
    endloop
  endfacet
  facet normal 0 0 -1
    outer loop
      vertex 5.830222129821777 -3.213937759399414 5.949999809265137
      vertex 5.830222129821777 3.213937759399414 5.949999809265137
      vertex 6.131193161010742 2.8165998458862305 5.949999809265137
    endloop
  endfacet
  facet normal 0 0 -1
    outer loop
      vertex 5.491183280944824 -3.5793333053588867 5.949999809265137
      vertex 5.830222129821777 3.213937759399414 5.949999809265137
      vertex 5.830222129821777 -3.213937759399414 5.949999809265137
    endloop
  endfacet
  facet normal 0 0 -1
    outer loop
      vertex 5.491183280944824 -3.5793333053588867 5.949999809265137
      vertex 5.491183280944824 3.5793333053588867 5.949999809265137
      vertex 5.830222129821777 3.213937759399414 5.949999809265137
    endloop
  endfacet
  facet normal 0 0 -1
    outer loop
      vertex 5.117448806762695 -3.9091567993164062 5.949999809265137
      vertex 5.491183280944824 3.5793333053588867 5.949999809265137
      vertex 5.491183280944824 -3.5793333053588867 5.949999809265137
    endloop
  endfacet
  facet normal 0 0 -1
    outer loop
      vertex 5.117448806762695 -3.9091567993164062 5.949999809265137
      vertex 5.117448806762695 3.9091567993164062 5.949999809265137
      vertex 5.491183280944824 3.5793333053588867 5.949999809265137
    endloop
  endfacet
  facet normal 0 0 -1
    outer loop
      vertex 4.712730407714844 -4.200129508972168 5.949999809265137
      vertex 5.117448806762695 3.9091567993164062 5.949999809265137
      vertex 5.117448806762695 -3.9091567993164062 5.949999809265137
    endloop
  endfacet
  facet normal 0 0 -1
    outer loop
      vertex 4.712730407714844 -4.200129508972168 5.949999809265137
      vertex 4.712730407714844 4.200129508972168 5.949999809265137
      vertex 5.117448806762695 3.9091567993164062 5.949999809265137
    endloop
  endfacet
  facet normal 0 0 -1
    outer loop
      vertex 4.281052589416504 -4.449358940124512 5.949999809265137
      vertex 4.712730407714844 4.200129508972168 5.949999809265137
      vertex 4.712730407714844 -4.200129508972168 5.949999809265137
    endloop
  endfacet
  facet normal 0 0 -1
    outer loop
      vertex 4.281052589416504 -4.449358940124512 5.949999809265137
      vertex 4.281052589416504 4.449358940124512 5.949999809265137
      vertex 4.712730407714844 4.200129508972168 5.949999809265137
    endloop
  endfacet
  facet normal 0 0 -1
    outer loop
      vertex 3.826704978942871 -4.6543684005737305 5.949999809265137
      vertex 4.281052589416504 4.449358940124512 5.949999809265137
      vertex 4.281052589416504 -4.449358940124512 5.949999809265137
    endloop
  endfacet
  facet normal 0 0 -1
    outer loop
      vertex 3.826704978942871 -4.6543684005737305 5.949999809265137
      vertex 3.826704978942871 4.6543684005737305 5.949999809265137
      vertex 4.281052589416504 4.449358940124512 5.949999809265137
    endloop
  endfacet
  facet normal 0 0 -1
    outer loop
      vertex 3.3542022705078125 -4.8131208419799805 5.949999809265137
      vertex 3.826704978942871 4.6543684005737305 5.949999809265137
      vertex 3.826704978942871 -4.6543684005737305 5.949999809265137
    endloop
  endfacet
  facet normal 0 0 -1
    outer loop
      vertex 3.3542022705078125 -4.8131208419799805 5.949999809265137
      vertex 3.3542022705078125 4.8131208419799805 5.949999809265137
      vertex 3.826704978942871 4.6543684005737305 5.949999809265137
    endloop
  endfacet
  facet normal 0 0 -1
    outer loop
      vertex 2.8682403564453125 -4.924037933349609 5.949999809265137
      vertex 3.3542022705078125 4.8131208419799805 5.949999809265137
      vertex 3.3542022705078125 -4.8131208419799805 5.949999809265137
    endloop
  endfacet
  facet normal 0 0 -1
    outer loop
      vertex 2.8682403564453125 -4.924037933349609 5.949999809265137
      vertex 2.8682403564453125 4.924037933349609 5.949999809265137
      vertex 3.3542022705078125 4.8131208419799805 5.949999809265137
    endloop
  endfacet
  facet normal 0 0 -1
    outer loop
      vertex 2.3736495971679688 -4.986018180847168 5.949999809265137
      vertex 2.8682403564453125 4.924037933349609 5.949999809265137
      vertex 2.8682403564453125 -4.924037933349609 5.949999809265137
    endloop
  endfacet
  facet normal 0 0 -1
    outer loop
      vertex 2.3736495971679688 -4.986018180847168 5.949999809265137
      vertex 2.3736495971679688 4.986018180847168 5.949999809265137
      vertex 2.8682403564453125 4.924037933349609 5.949999809265137
    endloop
  endfacet
  facet normal 0 0 -1
    outer loop
      vertex 1.8753461837768555 -4.998445510864258 5.949999809265137
      vertex 2.3736495971679688 4.986018180847168 5.949999809265137
      vertex 2.3736495971679688 -4.986018180847168 5.949999809265137
    endloop
  endfacet
  facet normal 0 0 -1
    outer loop
      vertex 1.8753461837768555 -4.998445510864258 5.949999809265137
      vertex 1.8753461837768555 4.998445510864258 5.949999809265137
      vertex 2.3736495971679688 4.986018180847168 5.949999809265137
    endloop
  endfacet
  facet normal 0 0 -1
    outer loop
      vertex 1.3782806396484375 -4.961195945739746 5.949999809265137
      vertex 1.8753461837768555 4.998445510864258 5.949999809265137
      vertex 1.8753461837768555 -4.998445510864258 5.949999809265137
    endloop
  endfacet
  facet normal 0 0 -1
    outer loop
      vertex 1.3782806396484375 -4.961195945739746 5.949999809265137
      vertex 1.3782806396484375 4.961195945739746 5.949999809265137
      vertex 1.8753461837768555 4.998445510864258 5.949999809265137
    endloop
  endfacet
  facet normal 0 0 -1
    outer loop
      vertex 0.887394905090332 -4.874639511108398 5.949999809265137
      vertex 1.3782806396484375 4.961195945739746 5.949999809265137
      vertex 1.3782806396484375 -4.961195945739746 5.949999809265137
    endloop
  endfacet
  facet normal 0 0 -1
    outer loop
      vertex 0.887394905090332 -4.874639511108398 5.949999809265137
      vertex 0.887394905090332 4.874639511108398 5.949999809265137
      vertex 1.3782806396484375 4.961195945739746 5.949999809265137
    endloop
  endfacet
  facet normal 0 0 -1
    outer loop
      vertex 0.4075660705566406 -4.739636421203613 5.949999809265137
      vertex 0.887394905090332 4.874639511108398 5.949999809265137
      vertex 0.887394905090332 -4.874639511108398 5.949999809265137
    endloop
  endfacet
  facet normal 0 0 -1
    outer loop
      vertex 0.4075660705566406 -4.739636421203613 5.949999809265137
      vertex 0.4075660705566406 4.739636421203613 5.949999809265137
      vertex 0.887394905090332 4.874639511108398 5.949999809265137
    endloop
  endfacet
  facet normal 0 0 -1
    outer loop
      vertex -0.05643463134765625 -4.557528495788574 5.949999809265137
      vertex 0.4075660705566406 4.739636421203613 5.949999809265137
      vertex 0.4075660705566406 -4.739636421203613 5.949999809265137
    endloop
  endfacet
  facet normal 0 0 -1
    outer loop
      vertex -0.05643463134765625 -4.557528495788574 5.949999809265137
      vertex -0.05643463134765625 4.557528495788574 5.949999809265137
      vertex 0.4075660705566406 4.739636421203613 5.949999809265137
    endloop
  endfacet
  facet normal 0 0 -1
    outer loop
      vertex -0.5 -4.330126762390137 5.949999809265137
      vertex -0.05643463134765625 4.557528495788574 5.949999809265137
      vertex -0.05643463134765625 -4.557528495788574 5.949999809265137
    endloop
  endfacet
  facet normal 0 0 -1
    outer loop
      vertex -0.5 -4.330126762390137 5.949999809265137
      vertex -0.5 4.330126762390137 5.949999809265137
      vertex -0.05643463134765625 4.557528495788574 5.949999809265137
    endloop
  endfacet
  facet normal 0 0 -1
    outer loop
      vertex -0.9187183380126953 -4.059689521789551 5.949999809265137
      vertex -0.5 4.330126762390137 5.949999809265137
      vertex -0.5 -4.330126762390137 5.949999809265137
    endloop
  endfacet
  facet normal 0 0 -1
    outer loop
      vertex -0.9187183380126953 -4.059689521789551 5.949999809265137
      vertex -0.9187183380126953 4.059689521789551 5.949999809265137
      vertex -0.5 4.330126762390137 5.949999809265137
    endloop
  endfacet
  facet normal 0 0 -1
    outer loop
      vertex -1.3084287643432617 -3.7489051818847656 5.949999809265137
      vertex -0.9187183380126953 4.059689521789551 5.949999809265137
      vertex -0.9187183380126953 -4.059689521789551 5.949999809265137
    endloop
  endfacet
  facet normal 0 0 -1
    outer loop
      vertex -1.3084287643432617 -3.7489051818847656 5.949999809265137
      vertex -1.3084287643432617 3.7489051818847656 5.949999809265137
      vertex -0.9187183380126953 4.059689521789551 5.949999809265137
    endloop
  endfacet
  facet normal 0 0 -1
    outer loop
      vertex -1.6652584075927734 -3.4008636474609375 5.949999809265137
      vertex -1.3084287643432617 3.7489051818847656 5.949999809265137
      vertex -1.3084287643432617 -3.7489051818847656 5.949999809265137
    endloop
  endfacet
  facet normal 0 0 -1
    outer loop
      vertex -1.6652584075927734 -3.4008636474609375 5.949999809265137
      vertex -1.6652584075927734 3.4008636474609375 5.949999809265137
      vertex -1.3084287643432617 3.7489051818847656 5.949999809265137
    endloop
  endfacet
  facet normal 0 0 -1
    outer loop
      vertex -1.9856624603271484 -3.019021987915039 5.949999809265137
      vertex -1.6652584075927734 3.4008636474609375 5.949999809265137
      vertex -1.6652584075927734 -3.4008636474609375 5.949999809265137
    endloop
  endfacet
  facet normal 0 0 -1
    outer loop
      vertex -1.9856624603271484 -3.019021987915039 5.949999809265137
      vertex -1.9856624603271484 3.019021987915039 5.949999809265137
      vertex -1.6652584075927734 3.4008636474609375 5.949999809265137
    endloop
  endfacet
  facet normal 0 0 -1
    outer loop
      vertex -2.266453742980957 -2.607175827026367 5.949999809265137
      vertex -1.9856624603271484 3.019021987915039 5.949999809265137
      vertex -1.9856624603271484 -3.019021987915039 5.949999809265137
    endloop
  endfacet
  facet normal 0 0 -1
    outer loop
      vertex -2.266453742980957 -2.607175827026367 5.949999809265137
      vertex -2.266453742980957 2.607175827026367 5.949999809265137
      vertex -1.9856624603271484 3.019021987915039 5.949999809265137
    endloop
  endfacet
  facet normal 0 0 -1
    outer loop
      vertex -2.5048437118530273 -2.1694183349609375 5.949999809265137
      vertex -2.266453742980957 2.607175827026367 5.949999809265137
      vertex -2.266453742980957 -2.607175827026367 5.949999809265137
    endloop
  endfacet
  facet normal 0 0 -1
    outer loop
      vertex -2.5048437118530273 -2.1694183349609375 5.949999809265137
      vertex -2.5048437118530273 2.1694183349609375 5.949999809265137
      vertex -2.266453742980957 2.607175827026367 5.949999809265137
    endloop
  endfacet
  facet normal 0 0 -1
    outer loop
      vertex -2.69846248626709 -1.7101001739501953 5.949999809265137
      vertex -2.5048437118530273 2.1694183349609375 5.949999809265137
      vertex -2.5048437118530273 -2.1694183349609375 5.949999809265137
    endloop
  endfacet
  facet normal 0 0 -1
    outer loop
      vertex -2.69846248626709 -1.7101001739501953 5.949999809265137
      vertex -2.69846248626709 1.7101001739501953 5.949999809265137
      vertex -2.5048437118530273 2.1694183349609375 5.949999809265137
    endloop
  endfacet
  facet normal 0 0 -1
    outer loop
      vertex -2.8453855514526367 -1.2337865829467773 5.949999809265137
      vertex -2.69846248626709 1.7101001739501953 5.949999809265137
      vertex -2.69846248626709 -1.7101001739501953 5.949999809265137
    endloop
  endfacet
  facet normal 0 0 -1
    outer loop
      vertex -2.8453855514526367 -1.2337865829467773 5.949999809265137
      vertex -2.8453855514526367 1.2337865829467773 5.949999809265137
      vertex -2.69846248626709 1.7101001739501953 5.949999809265137
    endloop
  endfacet
  facet normal 0 0 -1
    outer loop
      vertex -2.9441537857055664 -0.7452106475830078 5.949999809265137
      vertex -2.8453855514526367 1.2337865829467773 5.949999809265137
      vertex -2.8453855514526367 -1.2337865829467773 5.949999809265137
    endloop
  endfacet
  facet normal 0 0 -1
    outer loop
      vertex -2.9441537857055664 -0.7452106475830078 5.949999809265137
      vertex -2.9441537857055664 0.7452106475830078 5.949999809265137
      vertex -2.8453855514526367 1.2337865829467773 5.949999809265137
    endloop
  endfacet
  facet normal 0 0 -1
    outer loop
      vertex -2.993783950805664 -0.24922847747802734 5.949999809265137
      vertex -2.9441537857055664 0.7452106475830078 5.949999809265137
      vertex -2.9441537857055664 -0.7452106475830078 5.949999809265137
    endloop
  endfacet
  facet normal 0 0 -1
    outer loop
      vertex -2.9441537857055664 0.7452106475830078 5.949999809265137
      vertex -2.993783950805664 -0.24922847747802734 5.949999809265137
      vertex -2.993783950805664 0.24922847747802734 5.949999809265137
    endloop
  endfacet
  facet normal 0.6234905934800397 -0.7818308511704484 0
    outer loop
      vertex -1.3084287643432617 3.7489051818847656 0.6999998092651367
      vertex -0.9187183380126953 4.059689521789551 5.949999809265137
      vertex -1.3084287643432617 3.7489051818847656 5.949999809265137
    endloop
  endfacet
  facet normal 0.6234905934800397 -0.7818308511704484 0
    outer loop
      vertex -0.9187183380126953 4.059689521789551 5.949999809265137
      vertex -1.3084287643432617 3.7489051818847656 0.6999998092651367
      vertex -0.9187183380126953 4.059689521789551 0.6999998092651367
    endloop
  endfacet
  facet normal 0.17364824612386376 0.9848077409414012 0
    outer loop
      vertex 1.3782806396484375 -4.961195945739746 0.6999998092651367
      vertex 0.887394905090332 -4.874639511108398 5.949999809265137
      vertex 1.3782806396484375 -4.961195945739746 5.949999809265137
    endloop
  endfacet
  facet normal 0.17364824612386376 0.9848077409414012 0
    outer loop
      vertex 0.887394905090332 -4.874639511108398 5.949999809265137
      vertex 1.3782806396484375 -4.961195945739746 0.6999998092651367
      vertex 0.887394905090332 -4.874639511108398 0.6999998092651367
    endloop
  endfacet
  facet normal 0.9555729299402829 -0.29475477191276017 0
    outer loop
      vertex -2.8453855514526367 1.2337865829467773 5.949999809265137
      vertex -2.69846248626709 1.7101001739501953 0.6999998092651367
      vertex -2.69846248626709 1.7101001739501953 5.949999809265137
    endloop
  endfacet
  facet normal 0.9555729299402829 -0.29475477191276017 0
    outer loop
      vertex -2.69846248626709 1.7101001739501953 0.6999998092651367
      vertex -2.8453855514526367 1.2337865829467773 5.949999809265137
      vertex -2.8453855514526367 1.2337865829467773 0.6999998092651367
    endloop
  endfacet
  facet normal 0.4562091281375018 0.8898725927929348 0
    outer loop
      vertex -0.05643463134765625 -4.557528495788574 0.6999998092651367
      vertex -0.5 -4.330126762390137 5.949999809265137
      vertex -0.05643463134765625 -4.557528495788574 5.949999809265137
    endloop
  endfacet
  facet normal 0.4562091281375018 0.8898725927929348 0
    outer loop
      vertex -0.5 -4.330126762390137 5.949999809265137
      vertex -0.05643463134765625 -4.557528495788574 0.6999998092651367
      vertex -0.5 -4.330126762390137 0.6999998092651367
    endloop
  endfacet
  facet normal 0.8262394049773173 0.5633191330522413 0
    outer loop
      vertex -1.9856624603271484 -3.019021987915039 5.949999809265137
      vertex -2.266453742980957 -2.607175827026367 0.6999998092651367
      vertex -2.266453742980957 -2.607175827026367 5.949999809265137
    endloop
  endfacet
  facet normal 0.8262394049773173 0.5633191330522413 0
    outer loop
      vertex -2.266453742980957 -2.607175827026367 0.6999998092651367
      vertex -1.9856624603271484 -3.019021987915039 5.949999809265137
      vertex -1.9856624603271484 -3.019021987915039 0.6999998092651367
    endloop
  endfacet
  facet normal 0.8782216201087115 0.4782538927950613 0
    outer loop
      vertex -2.266453742980957 -2.607175827026367 5.949999809265137
      vertex -2.5048437118530273 -2.1694183349609375 0.6999998092651367
      vertex -2.5048437118530273 -2.1694183349609375 5.949999809265137
    endloop
  endfacet
  facet normal 0.8782216201087115 0.4782538927950613 0
    outer loop
      vertex -2.5048437118530273 -2.1694183349609375 0.6999998092651367
      vertex -2.266453742980957 -2.607175827026367 5.949999809265137
      vertex -2.266453742980957 -2.607175827026367 0.6999998092651367
    endloop
  endfacet
  facet normal -0.6616868115330844 0.7497803434627909 0
    outer loop
      vertex 5.491183280944824 -3.5793333053588867 0.6999998092651367
      vertex 5.117448806762695 -3.9091567993164062 5.949999809265137
      vertex 5.491183280944824 -3.5793333053588867 5.949999809265137
    endloop
  endfacet
  facet normal -0.6616868115330844 0.7497803434627909 0
    outer loop
      vertex 5.117448806762695 -3.9091567993164062 5.949999809265137
      vertex 5.491183280944824 -3.5793333053588867 0.6999998092651367
      vertex 5.117448806762695 -3.9091567993164062 0.6999998092651367
    endloop
  endfacet
  facet normal 0.27084081881391686 0.9626241482864468 0
    outer loop
      vertex 0.887394905090332 -4.874639511108398 0.6999998092651367
      vertex 0.4075660705566406 -4.739636421203613 5.949999809265137
      vertex 0.887394905090332 -4.874639511108398 5.949999809265137
    endloop
  endfacet
  facet normal 0.27084081881391686 0.9626241482864468 0
    outer loop
      vertex 0.4075660705566406 -4.739636421203613 5.949999809265137
      vertex 0.887394905090332 -4.874639511108398 0.6999998092651367
      vertex 0.4075660705566406 -4.739636421203613 0.6999998092651367
    endloop
  endfacet
  facet normal -0.024931531242202508 0.9996891610645378 0
    outer loop
      vertex 2.3736495971679688 -4.986018180847168 0.6999998092651367
      vertex 1.8753461837768555 -4.998445510864258 5.949999809265137
      vertex 2.3736495971679688 -4.986018180847168 5.949999809265137
    endloop
  endfacet
  facet normal -0.024931531242202508 0.9996891610645378 0
    outer loop
      vertex 1.8753461837768555 -4.998445510864258 5.949999809265137
      vertex 2.3736495971679688 -4.986018180847168 0.6999998092651367
      vertex 1.8753461837768555 -4.998445510864258 0.6999998092651367
    endloop
  endfacet
  facet normal -0.1243436734125869 0.9922392105144122 0
    outer loop
      vertex 2.8682403564453125 -4.924037933349609 0.6999998092651367
      vertex 2.3736495971679688 -4.986018180847168 5.949999809265137
      vertex 2.8682403564453125 -4.924037933349609 5.949999809265137
    endloop
  endfacet
  facet normal -0.1243436734125869 0.9922392105144122 0
    outer loop
      vertex 2.3736495971679688 -4.986018180847168 5.949999809265137
      vertex 2.8682403564453125 -4.924037933349609 0.6999998092651367
      vertex 2.3736495971679688 -4.986018180847168 0.6999998092651367
    endloop
  endfacet
  facet normal 0.24297933095727076 -0.9700314658440504 0
    outer loop
      vertex 12.634061813354492 4.832548141479492 0.6999998092651367
      vertex 13.11479377746582 4.952964782714844 5.949999809265137
      vertex 12.634061813354492 4.832548141479492 5.949999809265137
    endloop
  endfacet
  facet normal 0.24297933095727076 -0.9700314658440504 0
    outer loop
      vertex 13.11479377746582 4.952964782714844 5.949999809265137
      vertex 12.634061813354492 4.832548141479492 0.6999998092651367
      vertex 13.11479377746582 4.952964782714844 0.6999998092651367
    endloop
  endfacet
  facet normal -0.9987954899642084 -0.04906698714163005 0
    outer loop
      vertex 19.149999618530273 0 0.6999998092651367
      vertex 19.125682830810547 0.49498653411865234 5.949999809265137
      vertex 19.125682830810547 0.49498653411865234 0.6999998092651367
    endloop
  endfacet
  facet normal -0.9987954899642084 -0.04906698714163005 0
    outer loop
      vertex 19.125682830810547 0.49498653411865234 5.949999809265137
      vertex 19.149999618530273 0 0.6999998092651367
      vertex 19.149999618530273 0 5.949999809265137
    endloop
  endfacet
  facet normal -0.04906698714163005 -0.9987954899642084 0
    outer loop
      vertex 14.09999942779541 5.049999237060547 0.6999998092651367
      vertex 14.594985961914062 5.02568244934082 5.949999809265137
      vertex 14.09999942779541 5.049999237060547 5.949999809265137
    endloop
  endfacet
  facet normal -0.04906698714163005 -0.9987954899642084 0
    outer loop
      vertex 14.594985961914062 5.02568244934082 5.949999809265137
      vertex 14.09999942779541 5.049999237060547 0.6999998092651367
      vertex 14.594985961914062 5.02568244934082 0.6999998092651367
    endloop
  endfacet
  facet normal -0.9700314658440504 -0.24297933095727076 0
    outer loop
      vertex 19.05296516418457 0.9852056503295898 0.6999998092651367
      vertex 18.93254852294922 1.465937614440918 5.949999809265137
      vertex 18.93254852294922 1.465937614440918 0.6999998092651367
    endloop
  endfacet
  facet normal -0.9700314658440504 -0.24297933095727076 0
    outer loop
      vertex 18.93254852294922 1.465937614440918 5.949999809265137
      vertex 19.05296516418457 0.9852056503295898 0.6999998092651367
      vertex 19.05296516418457 0.9852056503295898 5.949999809265137
    endloop
  endfacet
  facet normal -0.9039910022606042 -0.4275514797446831 0
    outer loop
      vertex 18.76559066772461 1.9325504302978516 0.6999998092651367
      vertex 18.55370330810547 2.3805532455444336 5.949999809265137
      vertex 18.55370330810547 2.3805532455444336 0.6999998092651367
    endloop
  endfacet
  facet normal -0.9039910022606042 -0.4275514797446831 0
    outer loop
      vertex 18.55370330810547 2.3805532455444336 5.949999809265137
      vertex 18.76559066772461 1.9325504302978516 0.6999998092651367
      vertex 18.76559066772461 1.9325504302978516 5.949999809265137
    endloop
  endfacet
  facet normal -0.8577257964939285 -0.514107438215842 0
    outer loop
      vertex 18.55370330810547 2.3805532455444336 0.6999998092651367
      vertex 18.298919677734375 2.805628776550293 5.949999809265137
      vertex 18.298919677734375 2.805628776550293 0.6999998092651367
    endloop
  endfacet
  facet normal -0.8577257964939285 -0.514107438215842 0
    outer loop
      vertex 18.298919677734375 2.805628776550293 5.949999809265137
      vertex 18.55370330810547 2.3805532455444336 0.6999998092651367
      vertex 18.55370330810547 2.3805532455444336 5.949999809265137
    endloop
  endfacet
  facet normal -0.33688954065057664 -0.9415441770837115 0
    outer loop
      vertex 15.565937042236328 4.832548141479492 0.6999998092651367
      vertex 16.032550811767578 4.665591239929199 5.949999809265137
      vertex 15.565937042236328 4.832548141479492 5.949999809265137
    endloop
  endfacet
  facet normal -0.33688954065057664 -0.9415441770837115 0
    outer loop
      vertex 16.032550811767578 4.665591239929199 5.949999809265137
      vertex 15.565937042236328 4.832548141479492 0.6999998092651367
      vertex 16.032550811767578 4.665591239929199 0.6999998092651367
    endloop
  endfacet
  facet normal -0.9987954899642084 0.04906698714163005 0
    outer loop
      vertex 19.125682830810547 -0.49498653411865234 0.6999998092651367
      vertex 19.149999618530273 0 5.949999809265137
      vertex 19.149999618530273 0 0.6999998092651367
    endloop
  endfacet
  facet normal -0.9987954899642084 0.04906698714163005 0
    outer loop
      vertex 19.149999618530273 0 5.949999809265137
      vertex 19.125682830810547 -0.49498653411865234 0.6999998092651367
      vertex 19.125682830810547 -0.49498653411865234 5.949999809265137
    endloop
  endfacet
  facet normal -0.98917635476774 -0.14673152070501483 0
    outer loop
      vertex 19.125682830810547 0.49498653411865234 0.6999998092651367
      vertex 19.05296516418457 0.9852056503295898 5.949999809265137
      vertex 19.05296516418457 0.9852056503295898 0.6999998092651367
    endloop
  endfacet
  facet normal -0.98917635476774 -0.14673152070501483 0
    outer loop
      vertex 19.05296516418457 0.9852056503295898 5.949999809265137
      vertex 19.125682830810547 0.49498653411865234 0.6999998092651367
      vertex 19.125682830810547 0.49498653411865234 5.949999809265137
    endloop
  endfacet
  facet normal -0.9415433482813487 -0.33689185699144897 0
    outer loop
      vertex 18.93254852294922 1.465937614440918 0.6999998092651367
      vertex 18.76559066772461 1.9325504302978516 5.949999809265137
      vertex 18.76559066772461 1.9325504302978516 0.6999998092651367
    endloop
  endfacet
  facet normal -0.9415433482813487 -0.33689185699144897 0
    outer loop
      vertex 18.76559066772461 1.9325504302978516 5.949999809265137
      vertex 18.93254852294922 1.465937614440918 0.6999998092651367
      vertex 18.93254852294922 1.465937614440918 5.949999809265137
    endloop
  endfacet
  facet normal 0.7409510429672964 -0.6715590457477849 0
    outer loop
      vertex 10.196296691894531 3.203685760498047 5.949999809265137
      vertex 10.529109954833984 3.5708885192871094 0.6999998092651367
      vertex 10.529109954833984 3.5708885192871094 5.949999809265137
    endloop
  endfacet
  facet normal 0.7409510429672964 -0.6715590457477849 0
    outer loop
      vertex 10.529109954833984 3.5708885192871094 0.6999998092651367
      vertex 10.196296691894531 3.203685760498047 5.949999809265137
      vertex 10.196296691894531 3.203685760498047 0.6999998092651367
    endloop
  endfacet
  facet normal -0.7409510429672964 0.6715590457477849 0
    outer loop
      vertex 17.670888900756836 -3.5708885192871094 0.6999998092651367
      vertex 18.00370216369629 -3.203685760498047 5.949999809265137
      vertex 18.00370216369629 -3.203685760498047 0.6999998092651367
    endloop
  endfacet
  facet normal -0.7409510429672964 0.6715590457477849 0
    outer loop
      vertex 18.00370216369629 -3.203685760498047 5.949999809265137
      vertex 17.670888900756836 -3.5708885192871094 0.6999998092651367
      vertex 17.670888900756836 -3.5708885192871094 5.949999809265137
    endloop
  endfacet
  facet normal -0.5141031910170921 0.8577283421841926 0
    outer loop
      vertex 16.905628204345703 -4.198921203613281 0.6999998092651367
      vertex 16.480552673339844 -4.453701972961426 5.949999809265137
      vertex 16.905628204345703 -4.198921203613281 5.949999809265137
    endloop
  endfacet
  facet normal -0.5141031910170921 0.8577283421841926 0
    outer loop
      vertex 16.480552673339844 -4.453701972961426 5.949999809265137
      vertex 16.905628204345703 -4.198921203613281 0.6999998092651367
      vertex 16.480552673339844 -4.453701972961426 0.6999998092651367
    endloop
  endfacet
  facet normal 0.9415439586802717 -0.3368901510473148 0
    outer loop
      vertex 9.267451286315918 1.465937614440918 5.949999809265137
      vertex 9.434408187866211 1.9325504302978516 0.6999998092651367
      vertex 9.434408187866211 1.9325504302978516 5.949999809265137
    endloop
  endfacet
  facet normal 0.9415439586802717 -0.3368901510473148 0
    outer loop
      vertex 9.434408187866211 1.9325504302978516 0.6999998092651367
      vertex 9.267451286315918 1.465937614440918 5.949999809265137
      vertex 9.267451286315918 1.465937614440918 0.6999998092651367
    endloop
  endfacet
  facet normal 0.42755536865866756 -0.9039891629500604 0
    outer loop
      vertex 11.719446182250977 4.453701972961426 0.6999998092651367
      vertex 12.167448043823242 4.665591239929199 5.949999809265137
      vertex 11.719446182250977 4.453701972961426 5.949999809265137
    endloop
  endfacet
  facet normal 0.42755536865866756 -0.9039891629500604 0
    outer loop
      vertex 12.167448043823242 4.665591239929199 5.949999809265137
      vertex 11.719446182250977 4.453701972961426 0.6999998092651367
      vertex 12.167448043823242 4.665591239929199 0.6999998092651367
    endloop
  endfacet
  facet normal -0.6715581871523133 0.7409518211521574 0
    outer loop
      vertex 17.670888900756836 -3.5708885192871094 0.6999998092651367
      vertex 17.30368423461914 -3.903702735900879 5.949999809265137
      vertex 17.670888900756836 -3.5708885192871094 5.949999809265137
    endloop
  endfacet
  facet normal -0.6715581871523133 0.7409518211521574 0
    outer loop
      vertex 17.30368423461914 -3.903702735900879 5.949999809265137
      vertex 17.670888900756836 -3.5708885192871094 0.6999998092651367
      vertex 17.30368423461914 -3.903702735900879 0.6999998092651367
    endloop
  endfacet
  facet normal 0.9039895147267739 -0.4275546248890916 0
    outer loop
      vertex 9.434408187866211 1.9325504302978516 5.949999809265137
      vertex 9.646297454833984 2.3805532455444336 0.6999998092651367
      vertex 9.646297454833984 2.3805532455444336 5.949999809265137
    endloop
  endfacet
  facet normal 0.9039895147267739 -0.4275546248890916 0
    outer loop
      vertex 9.646297454833984 2.3805532455444336 0.6999998092651367
      vertex 9.434408187866211 1.9325504302978516 5.949999809265137
      vertex 9.434408187866211 1.9325504302978516 0.6999998092651367
    endloop
  endfacet
  facet normal -0.9415433482813487 0.33689185699144897 0
    outer loop
      vertex 18.76559066772461 -1.9325504302978516 0.6999998092651367
      vertex 18.93254852294922 -1.465937614440918 5.949999809265137
      vertex 18.93254852294922 -1.465937614440918 0.6999998092651367
    endloop
  endfacet
  facet normal -0.9415433482813487 0.33689185699144897 0
    outer loop
      vertex 18.93254852294922 -1.465937614440918 5.949999809265137
      vertex 18.76559066772461 -1.9325504302978516 0.6999998092651367
      vertex 18.76559066772461 -1.9325504302978516 5.949999809265137
    endloop
  endfacet
  facet normal 0.04906698714163005 -0.9987954899642084 0
    outer loop
      vertex 13.605012893676758 5.02568244934082 0.6999998092651367
      vertex 14.09999942779541 5.049999237060547 5.949999809265137
      vertex 13.605012893676758 5.02568244934082 5.949999809265137
    endloop
  endfacet
  facet normal 0.04906698714163005 -0.9987954899642084 0
    outer loop
      vertex 14.09999942779541 5.049999237060547 5.949999809265137
      vertex 13.605012893676758 5.02568244934082 0.6999998092651367
      vertex 14.09999942779541 5.049999237060547 0.6999998092651367
    endloop
  endfacet
  facet normal -0.5956992985214464 0.8032075359090305 0
    outer loop
      vertex 17.30368423461914 -3.903702735900879 0.6999998092651367
      vertex 16.905628204345703 -4.198921203613281 5.949999809265137
      vertex 17.30368423461914 -3.903702735900879 5.949999809265137
    endloop
  endfacet
  facet normal -0.5956992985214464 0.8032075359090305 0
    outer loop
      vertex 16.905628204345703 -4.198921203613281 5.949999809265137
      vertex 17.30368423461914 -3.903702735900879 0.6999998092651367
      vertex 16.905628204345703 -4.198921203613281 0.6999998092651367
    endloop
  endfacet
  facet normal -0.2429797845215547 -0.9700313522324209 0
    outer loop
      vertex 15.085206031799316 4.952964782714844 0.6999998092651367
      vertex 15.565937042236328 4.832548141479492 5.949999809265137
      vertex 15.085206031799316 4.952964782714844 5.949999809265137
    endloop
  endfacet
  facet normal -0.2429797845215547 -0.9700313522324209 0
    outer loop
      vertex 15.565937042236328 4.832548141479492 5.949999809265137
      vertex 15.085206031799316 4.952964782714844 0.6999998092651367
      vertex 15.565937042236328 4.832548141479492 0.6999998092651367
    endloop
  endfacet
  facet normal 0.5956992985214464 0.8032075359090305 0
    outer loop
      vertex 11.2943696975708 -4.198921203613281 0.6999998092651367
      vertex 10.896313667297363 -3.903702735900879 5.949999809265137
      vertex 11.2943696975708 -4.198921203613281 5.949999809265137
    endloop
  endfacet
  facet normal 0.5956992985214464 0.8032075359090305 0
    outer loop
      vertex 10.896313667297363 -3.903702735900879 5.949999809265137
      vertex 11.2943696975708 -4.198921203613281 0.6999998092651367
      vertex 10.896313667297363 -3.903702735900879 0.6999998092651367
    endloop
  endfacet
  facet normal -0.98917635476774 0.14673152070501483 0
    outer loop
      vertex 19.05296516418457 -0.9852056503295898 0.6999998092651367
      vertex 19.125682830810547 -0.49498653411865234 5.949999809265137
      vertex 19.125682830810547 -0.49498653411865234 0.6999998092651367
    endloop
  endfacet
  facet normal -0.98917635476774 0.14673152070501483 0
    outer loop
      vertex 19.125682830810547 -0.49498653411865234 5.949999809265137
      vertex 19.05296516418457 -0.9852056503295898 0.6999998092651367
      vertex 19.05296516418457 -0.9852056503295898 5.949999809265137
    endloop
  endfacet
  facet normal 0.42755536865866756 0.9039891629500604 0
    outer loop
      vertex 12.167448043823242 -4.665591239929199 0.6999998092651367
      vertex 11.719446182250977 -4.453701972961426 5.949999809265137
      vertex 12.167448043823242 -4.665591239929199 5.949999809265137
    endloop
  endfacet
  facet normal 0.42755536865866756 0.9039891629500604 0
    outer loop
      vertex 11.719446182250977 -4.453701972961426 5.949999809265137
      vertex 12.167448043823242 -4.665591239929199 0.6999998092651367
      vertex 11.719446182250977 -4.453701972961426 0.6999998092651367
    endloop
  endfacet
  facet normal 0.7409510429672964 0.6715590457477849 0
    outer loop
      vertex 10.529109954833984 -3.5708885192871094 5.949999809265137
      vertex 10.196296691894531 -3.203685760498047 0.6999998092651367
      vertex 10.196296691894531 -3.203685760498047 5.949999809265137
    endloop
  endfacet
  facet normal 0.7409510429672964 0.6715590457477849 0
    outer loop
      vertex 10.196296691894531 -3.203685760498047 0.6999998092651367
      vertex 10.529109954833984 -3.5708885192871094 5.949999809265137
      vertex 10.529109954833984 -3.5708885192871094 0.6999998092651367
    endloop
  endfacet
  facet normal 0.14673152070501483 0.98917635476774 0
    outer loop
      vertex 13.605012893676758 -5.02568244934082 0.6999998092651367
      vertex 13.11479377746582 -4.952964782714844 5.949999809265137
      vertex 13.605012893676758 -5.02568244934082 5.949999809265137
    endloop
  endfacet
  facet normal 0.14673152070501483 0.98917635476774 0
    outer loop
      vertex 13.11479377746582 -4.952964782714844 5.949999809265137
      vertex 13.605012893676758 -5.02568244934082 0.6999998092651367
      vertex 13.11479377746582 -4.952964782714844 0.6999998092651367
    endloop
  endfacet
  facet normal -0.9039910022606042 0.4275514797446831 0
    outer loop
      vertex 18.55370330810547 -2.3805532455444336 0.6999998092651367
      vertex 18.76559066772461 -1.9325504302978516 5.949999809265137
      vertex 18.76559066772461 -1.9325504302978516 0.6999998092651367
    endloop
  endfacet
  facet normal -0.9039910022606042 0.4275514797446831 0
    outer loop
      vertex 18.76559066772461 -1.9325504302978516 5.949999809265137
      vertex 18.55370330810547 -2.3805532455444336 0.6999998092651367
      vertex 18.55370330810547 -2.3805532455444336 5.949999809265137
    endloop
  endfacet
  facet normal -0.8032091395183543 0.595697136298459 0
    outer loop
      vertex 18.00370216369629 -3.203685760498047 0.6999998092651367
      vertex 18.298919677734375 -2.805628776550293 5.949999809265137
      vertex 18.298919677734375 -2.805628776550293 0.6999998092651367
    endloop
  endfacet
  facet normal -0.8032091395183543 0.595697136298459 0
    outer loop
      vertex 18.298919677734375 -2.805628776550293 5.949999809265137
      vertex 18.00370216369629 -3.203685760498047 0.6999998092651367
      vertex 18.00370216369629 -3.203685760498047 5.949999809265137
    endloop
  endfacet
  facet normal -0.5956992985214464 -0.8032075359090305 0
    outer loop
      vertex 16.905628204345703 4.198921203613281 0.6999998092651367
      vertex 17.30368423461914 3.903702735900879 5.949999809265137
      vertex 16.905628204345703 4.198921203613281 5.949999809265137
    endloop
  endfacet
  facet normal -0.5956992985214464 -0.8032075359090305 0
    outer loop
      vertex 17.30368423461914 3.903702735900879 5.949999809265137
      vertex 16.905628204345703 4.198921203613281 0.6999998092651367
      vertex 17.30368423461914 3.903702735900879 0.6999998092651367
    endloop
  endfacet
  facet normal -0.42755536865866756 0.9039891629500604 0
    outer loop
      vertex 16.480552673339844 -4.453701972961426 0.6999998092651367
      vertex 16.032550811767578 -4.665591239929199 5.949999809265137
      vertex 16.480552673339844 -4.453701972961426 5.949999809265137
    endloop
  endfacet
  facet normal -0.42755536865866756 0.9039891629500604 0
    outer loop
      vertex 16.032550811767578 -4.665591239929199 5.949999809265137
      vertex 16.480552673339844 -4.453701972961426 0.6999998092651367
      vertex 16.032550811767578 -4.665591239929199 0.6999998092651367
    endloop
  endfacet
  facet normal -0.7409510429672964 -0.6715590457477849 0
    outer loop
      vertex 18.00370216369629 3.203685760498047 0.6999998092651367
      vertex 17.670888900756836 3.5708885192871094 5.949999809265137
      vertex 17.670888900756836 3.5708885192871094 0.6999998092651367
    endloop
  endfacet
  facet normal -0.7409510429672964 -0.6715590457477849 0
    outer loop
      vertex 17.670888900756836 3.5708885192871094 5.949999809265137
      vertex 18.00370216369629 3.203685760498047 0.6999998092651367
      vertex 18.00370216369629 3.203685760498047 5.949999809265137
    endloop
  endfacet
  facet normal -0.5141031910170921 -0.8577283421841926 0
    outer loop
      vertex 16.480552673339844 4.453701972961426 0.6999998092651367
      vertex 16.905628204345703 4.198921203613281 5.949999809265137
      vertex 16.480552673339844 4.453701972961426 5.949999809265137
    endloop
  endfacet
  facet normal -0.5141031910170921 -0.8577283421841926 0
    outer loop
      vertex 16.905628204345703 4.198921203613281 5.949999809265137
      vertex 16.480552673339844 4.453701972961426 0.6999998092651367
      vertex 16.905628204345703 4.198921203613281 0.6999998092651367
    endloop
  endfacet
  facet normal 0.33688954065057664 -0.9415441770837115 0
    outer loop
      vertex 12.167448043823242 4.665591239929199 0.6999998092651367
      vertex 12.634061813354492 4.832548141479492 5.949999809265137
      vertex 12.167448043823242 4.665591239929199 5.949999809265137
    endloop
  endfacet
  facet normal 0.33688954065057664 -0.9415441770837115 0
    outer loop
      vertex 12.634061813354492 4.832548141479492 5.949999809265137
      vertex 12.167448043823242 4.665591239929199 0.6999998092651367
      vertex 12.634061813354492 4.832548141479492 0.6999998092651367
    endloop
  endfacet
  facet normal -0.9700314658440504 0.24297933095727076 0
    outer loop
      vertex 18.93254852294922 -1.465937614440918 0.6999998092651367
      vertex 19.05296516418457 -0.9852056503295898 5.949999809265137
      vertex 19.05296516418457 -0.9852056503295898 0.6999998092651367
    endloop
  endfacet
  facet normal -0.9700314658440504 0.24297933095727076 0
    outer loop
      vertex 19.05296516418457 -0.9852056503295898 5.949999809265137
      vertex 18.93254852294922 -1.465937614440918 0.6999998092651367
      vertex 18.93254852294922 -1.465937614440918 5.949999809265137
    endloop
  endfacet
  facet normal -0.6715581871523133 -0.7409518211521574 0
    outer loop
      vertex 17.30368423461914 3.903702735900879 0.6999998092651367
      vertex 17.670888900756836 3.5708885192871094 5.949999809265137
      vertex 17.30368423461914 3.903702735900879 5.949999809265137
    endloop
  endfacet
  facet normal -0.6715581871523133 -0.7409518211521574 0
    outer loop
      vertex 17.670888900756836 3.5708885192871094 5.949999809265137
      vertex 17.30368423461914 3.903702735900879 0.6999998092651367
      vertex 17.670888900756836 3.5708885192871094 0.6999998092651367
    endloop
  endfacet
  facet normal -0.42755536865866756 -0.9039891629500604 0
    outer loop
      vertex 16.032550811767578 4.665591239929199 0.6999998092651367
      vertex 16.480552673339844 4.453701972961426 5.949999809265137
      vertex 16.032550811767578 4.665591239929199 5.949999809265137
    endloop
  endfacet
  facet normal -0.42755536865866756 -0.9039891629500604 0
    outer loop
      vertex 16.480552673339844 4.453701972961426 5.949999809265137
      vertex 16.032550811767578 4.665591239929199 0.6999998092651367
      vertex 16.480552673339844 4.453701972961426 0.6999998092651367
    endloop
  endfacet
  facet normal 0.8577283421841926 0.5141031910170921 0
    outer loop
      vertex 9.901078224182129 -2.805628776550293 5.949999809265137
      vertex 9.646297454833984 -2.3805532455444336 0.6999998092651367
      vertex 9.646297454833984 -2.3805532455444336 5.949999809265137
    endloop
  endfacet
  facet normal 0.8577283421841926 0.5141031910170921 0
    outer loop
      vertex 9.646297454833984 -2.3805532455444336 0.6999998092651367
      vertex 9.901078224182129 -2.805628776550293 5.949999809265137
      vertex 9.901078224182129 -2.805628776550293 0.6999998092651367
    endloop
  endfacet
  facet normal 0.5956992985214464 -0.8032075359090305 0
    outer loop
      vertex 10.896313667297363 3.903702735900879 0.6999998092651367
      vertex 11.2943696975708 4.198921203613281 5.949999809265137
      vertex 10.896313667297363 3.903702735900879 5.949999809265137
    endloop
  endfacet
  facet normal 0.5956992985214464 -0.8032075359090305 0
    outer loop
      vertex 11.2943696975708 4.198921203613281 5.949999809265137
      vertex 10.896313667297363 3.903702735900879 0.6999998092651367
      vertex 11.2943696975708 4.198921203613281 0.6999998092651367
    endloop
  endfacet
  facet normal 0.33688954065057664 0.9415441770837115 0
    outer loop
      vertex 12.634061813354492 -4.832548141479492 0.6999998092651367
      vertex 12.167448043823242 -4.665591239929199 5.949999809265137
      vertex 12.634061813354492 -4.832548141479492 5.949999809265137
    endloop
  endfacet
  facet normal 0.33688954065057664 0.9415441770837115 0
    outer loop
      vertex 12.167448043823242 -4.665591239929199 5.949999809265137
      vertex 12.634061813354492 -4.832548141479492 0.6999998092651367
      vertex 12.167448043823242 -4.665591239929199 0.6999998092651367
    endloop
  endfacet
  facet normal 0.5141023424558064 -0.8577288507922843 0
    outer loop
      vertex 11.2943696975708 4.198921203613281 0.6999998092651367
      vertex 11.719446182250977 4.453701972961426 5.949999809265137
      vertex 11.2943696975708 4.198921203613281 5.949999809265137
    endloop
  endfacet
  facet normal 0.5141023424558064 -0.8577288507922843 0
    outer loop
      vertex 11.719446182250977 4.453701972961426 5.949999809265137
      vertex 11.2943696975708 4.198921203613281 0.6999998092651367
      vertex 11.719446182250977 4.453701972961426 0.6999998092651367
    endloop
  endfacet
  facet normal 0.9700310122791086 0.24298114168957197 0
    outer loop
      vertex 9.267451286315918 -1.465937614440918 5.949999809265137
      vertex 9.14703369140625 -0.9852056503295898 0.6999998092651367
      vertex 9.14703369140625 -0.9852056503295898 5.949999809265137
    endloop
  endfacet
  facet normal 0.9700310122791086 0.24298114168957197 0
    outer loop
      vertex 9.14703369140625 -0.9852056503295898 0.6999998092651367
      vertex 9.267451286315918 -1.465937614440918 5.949999809265137
      vertex 9.267451286315918 -1.465937614440918 0.6999998092651367
    endloop
  endfacet
  facet normal 0.9415439586802717 0.3368901510473148 0
    outer loop
      vertex 9.434408187866211 -1.9325504302978516 5.949999809265137
      vertex 9.267451286315918 -1.465937614440918 0.6999998092651367
      vertex 9.267451286315918 -1.465937614440918 5.949999809265137
    endloop
  endfacet
  facet normal 0.9415439586802717 0.3368901510473148 0
    outer loop
      vertex 9.267451286315918 -1.465937614440918 0.6999998092651367
      vertex 9.434408187866211 -1.9325504302978516 5.949999809265137
      vertex 9.434408187866211 -1.9325504302978516 0.6999998092651367
    endloop
  endfacet
  facet normal 0.9891766340723164 -0.146729637787881 0
    outer loop
      vertex 9.07431697845459 0.49498653411865234 5.949999809265137
      vertex 9.14703369140625 0.9852056503295898 0.6999998092651367
      vertex 9.14703369140625 0.9852056503295898 5.949999809265137
    endloop
  endfacet
  facet normal 0.9891766340723164 -0.146729637787881 0
    outer loop
      vertex 9.14703369140625 0.9852056503295898 0.6999998092651367
      vertex 9.07431697845459 0.49498653411865234 5.949999809265137
      vertex 9.07431697845459 0.49498653411865234 0.6999998092651367
    endloop
  endfacet
  facet normal 0.9700310122791086 -0.24298114168957197 0
    outer loop
      vertex 9.14703369140625 0.9852056503295898 5.949999809265137
      vertex 9.267451286315918 1.465937614440918 0.6999998092651367
      vertex 9.267451286315918 1.465937614440918 5.949999809265137
    endloop
  endfacet
  facet normal 0.9700310122791086 -0.24298114168957197 0
    outer loop
      vertex 9.267451286315918 1.465937614440918 0.6999998092651367
      vertex 9.14703369140625 0.9852056503295898 5.949999809265137
      vertex 9.14703369140625 0.9852056503295898 0.6999998092651367
    endloop
  endfacet
  facet normal 0.24297933095727076 0.9700314658440504 0
    outer loop
      vertex 13.11479377746582 -4.952964782714844 0.6999998092651367
      vertex 12.634061813354492 -4.832548141479492 5.949999809265137
      vertex 13.11479377746582 -4.952964782714844 5.949999809265137
    endloop
  endfacet
  facet normal 0.24297933095727076 0.9700314658440504 0
    outer loop
      vertex 12.634061813354492 -4.832548141479492 5.949999809265137
      vertex 13.11479377746582 -4.952964782714844 0.6999998092651367
      vertex 12.634061813354492 -4.832548141479492 0.6999998092651367
    endloop
  endfacet
  facet normal -0.14673124139925103 0.9891763961990978 0
    outer loop
      vertex 15.085206031799316 -4.952964782714844 0.6999998092651367
      vertex 14.594985961914062 -5.02568244934082 5.949999809265137
      vertex 15.085206031799316 -4.952964782714844 5.949999809265137
    endloop
  endfacet
  facet normal -0.14673124139925103 0.9891763961990978 0
    outer loop
      vertex 14.594985961914062 -5.02568244934082 5.949999809265137
      vertex 15.085206031799316 -4.952964782714844 0.6999998092651367
      vertex 14.594985961914062 -5.02568244934082 0.6999998092651367
    endloop
  endfacet
  facet normal 0.9987953956542195 0.04906890685486405 0
    outer loop
      vertex 9.07431697845459 -0.49498653411865234 5.949999809265137
      vertex 9.049999237060547 0 0.6999998092651367
      vertex 9.049999237060547 0 5.949999809265137
    endloop
  endfacet
  facet normal 0.9987953956542195 0.04906890685486405 0
    outer loop
      vertex 9.049999237060547 0 0.6999998092651367
      vertex 9.07431697845459 -0.49498653411865234 5.949999809265137
      vertex 9.07431697845459 -0.49498653411865234 0.6999998092651367
    endloop
  endfacet
  facet normal 0 0 1
    outer loop
      vertex 19.125682830810547 0.49498653411865234 0.6999998092651367
      vertex 19.125682830810547 -0.49498653411865234 0.6999998092651367
      vertex 19.149999618530273 0 0.6999998092651367
    endloop
  endfacet
  facet normal 0 0 1
    outer loop
      vertex 19.05296516418457 0.9852056503295898 0.6999998092651367
      vertex 19.125682830810547 -0.49498653411865234 0.6999998092651367
      vertex 19.125682830810547 0.49498653411865234 0.6999998092651367
    endloop
  endfacet
  facet normal 0 0 1
    outer loop
      vertex 19.05296516418457 0.9852056503295898 0.6999998092651367
      vertex 19.05296516418457 -0.9852056503295898 0.6999998092651367
      vertex 19.125682830810547 -0.49498653411865234 0.6999998092651367
    endloop
  endfacet
  facet normal 0 0 1
    outer loop
      vertex 18.93254852294922 1.465937614440918 0.6999998092651367
      vertex 19.05296516418457 -0.9852056503295898 0.6999998092651367
      vertex 19.05296516418457 0.9852056503295898 0.6999998092651367
    endloop
  endfacet
  facet normal 0 0 1
    outer loop
      vertex 18.93254852294922 1.465937614440918 0.6999998092651367
      vertex 18.93254852294922 -1.465937614440918 0.6999998092651367
      vertex 19.05296516418457 -0.9852056503295898 0.6999998092651367
    endloop
  endfacet
  facet normal 0 0 1
    outer loop
      vertex 18.76559066772461 1.9325504302978516 0.6999998092651367
      vertex 18.93254852294922 -1.465937614440918 0.6999998092651367
      vertex 18.93254852294922 1.465937614440918 0.6999998092651367
    endloop
  endfacet
  facet normal 0 0 1
    outer loop
      vertex 18.76559066772461 1.9325504302978516 0.6999998092651367
      vertex 18.76559066772461 -1.9325504302978516 0.6999998092651367
      vertex 18.93254852294922 -1.465937614440918 0.6999998092651367
    endloop
  endfacet
  facet normal 0 0 1
    outer loop
      vertex 18.55370330810547 2.3805532455444336 0.6999998092651367
      vertex 18.76559066772461 -1.9325504302978516 0.6999998092651367
      vertex 18.76559066772461 1.9325504302978516 0.6999998092651367
    endloop
  endfacet
  facet normal 0 0 1
    outer loop
      vertex 18.55370330810547 2.3805532455444336 0.6999998092651367
      vertex 18.55370330810547 -2.3805532455444336 0.6999998092651367
      vertex 18.76559066772461 -1.9325504302978516 0.6999998092651367
    endloop
  endfacet
  facet normal 0 0 1
    outer loop
      vertex 18.298919677734375 2.805628776550293 0.6999998092651367
      vertex 18.55370330810547 -2.3805532455444336 0.6999998092651367
      vertex 18.55370330810547 2.3805532455444336 0.6999998092651367
    endloop
  endfacet
  facet normal 0 0 1
    outer loop
      vertex 18.298919677734375 2.805628776550293 0.6999998092651367
      vertex 18.298919677734375 -2.805628776550293 0.6999998092651367
      vertex 18.55370330810547 -2.3805532455444336 0.6999998092651367
    endloop
  endfacet
  facet normal 0 0 1
    outer loop
      vertex 18.00370216369629 3.203685760498047 0.6999998092651367
      vertex 18.298919677734375 -2.805628776550293 0.6999998092651367
      vertex 18.298919677734375 2.805628776550293 0.6999998092651367
    endloop
  endfacet
  facet normal 0 0 1
    outer loop
      vertex 18.00370216369629 3.203685760498047 0.6999998092651367
      vertex 18.00370216369629 -3.203685760498047 0.6999998092651367
      vertex 18.298919677734375 -2.805628776550293 0.6999998092651367
    endloop
  endfacet
  facet normal 0 0 1
    outer loop
      vertex 17.670888900756836 3.5708885192871094 0.6999998092651367
      vertex 18.00370216369629 -3.203685760498047 0.6999998092651367
      vertex 18.00370216369629 3.203685760498047 0.6999998092651367
    endloop
  endfacet
  facet normal 0 0 1
    outer loop
      vertex 17.670888900756836 3.5708885192871094 0.6999998092651367
      vertex 17.670888900756836 -3.5708885192871094 0.6999998092651367
      vertex 18.00370216369629 -3.203685760498047 0.6999998092651367
    endloop
  endfacet
  facet normal 0 0 1
    outer loop
      vertex 17.30368423461914 3.903702735900879 0.6999998092651367
      vertex 17.670888900756836 -3.5708885192871094 0.6999998092651367
      vertex 17.670888900756836 3.5708885192871094 0.6999998092651367
    endloop
  endfacet
  facet normal 0 0 1
    outer loop
      vertex 17.30368423461914 3.903702735900879 0.6999998092651367
      vertex 17.30368423461914 -3.903702735900879 0.6999998092651367
      vertex 17.670888900756836 -3.5708885192871094 0.6999998092651367
    endloop
  endfacet
  facet normal 0 0 1
    outer loop
      vertex 16.905628204345703 4.198921203613281 0.6999998092651367
      vertex 17.30368423461914 -3.903702735900879 0.6999998092651367
      vertex 17.30368423461914 3.903702735900879 0.6999998092651367
    endloop
  endfacet
  facet normal 0 0 1
    outer loop
      vertex 16.905628204345703 4.198921203613281 0.6999998092651367
      vertex 16.905628204345703 -4.198921203613281 0.6999998092651367
      vertex 17.30368423461914 -3.903702735900879 0.6999998092651367
    endloop
  endfacet
  facet normal 0 0 1
    outer loop
      vertex 16.480552673339844 4.453701972961426 0.6999998092651367
      vertex 16.905628204345703 -4.198921203613281 0.6999998092651367
      vertex 16.905628204345703 4.198921203613281 0.6999998092651367
    endloop
  endfacet
  facet normal 0 0 1
    outer loop
      vertex 16.480552673339844 4.453701972961426 0.6999998092651367
      vertex 16.480552673339844 -4.453701972961426 0.6999998092651367
      vertex 16.905628204345703 -4.198921203613281 0.6999998092651367
    endloop
  endfacet
  facet normal 0 0 1
    outer loop
      vertex 16.032550811767578 4.665591239929199 0.6999998092651367
      vertex 16.480552673339844 -4.453701972961426 0.6999998092651367
      vertex 16.480552673339844 4.453701972961426 0.6999998092651367
    endloop
  endfacet
  facet normal 0 0 1
    outer loop
      vertex 16.032550811767578 4.665591239929199 0.6999998092651367
      vertex 16.032550811767578 -4.665591239929199 0.6999998092651367
      vertex 16.480552673339844 -4.453701972961426 0.6999998092651367
    endloop
  endfacet
  facet normal 0 0 1
    outer loop
      vertex 15.565937042236328 4.832548141479492 0.6999998092651367
      vertex 16.032550811767578 -4.665591239929199 0.6999998092651367
      vertex 16.032550811767578 4.665591239929199 0.6999998092651367
    endloop
  endfacet
  facet normal 0 0 1
    outer loop
      vertex 15.565937042236328 4.832548141479492 0.6999998092651367
      vertex 15.565937042236328 -4.832548141479492 0.6999998092651367
      vertex 16.032550811767578 -4.665591239929199 0.6999998092651367
    endloop
  endfacet
  facet normal 0 0 1
    outer loop
      vertex 15.085206031799316 4.952964782714844 0.6999998092651367
      vertex 15.565937042236328 -4.832548141479492 0.6999998092651367
      vertex 15.565937042236328 4.832548141479492 0.6999998092651367
    endloop
  endfacet
  facet normal 0 0 1
    outer loop
      vertex 15.085206031799316 4.952964782714844 0.6999998092651367
      vertex 15.085206031799316 -4.952964782714844 0.6999998092651367
      vertex 15.565937042236328 -4.832548141479492 0.6999998092651367
    endloop
  endfacet
  facet normal 0 0 1
    outer loop
      vertex 14.594985961914062 5.02568244934082 0.6999998092651367
      vertex 15.085206031799316 -4.952964782714844 0.6999998092651367
      vertex 15.085206031799316 4.952964782714844 0.6999998092651367
    endloop
  endfacet
  facet normal 0 0 1
    outer loop
      vertex 14.594985961914062 5.02568244934082 0.6999998092651367
      vertex 14.594985961914062 -5.02568244934082 0.6999998092651367
      vertex 15.085206031799316 -4.952964782714844 0.6999998092651367
    endloop
  endfacet
  facet normal 0 0 1
    outer loop
      vertex 14.09999942779541 5.049999237060547 0.6999998092651367
      vertex 14.594985961914062 -5.02568244934082 0.6999998092651367
      vertex 14.594985961914062 5.02568244934082 0.6999998092651367
    endloop
  endfacet
  facet normal 0 0 1
    outer loop
      vertex 14.09999942779541 5.049999237060547 0.6999998092651367
      vertex 14.09999942779541 -5.049999237060547 0.6999998092651367
      vertex 14.594985961914062 -5.02568244934082 0.6999998092651367
    endloop
  endfacet
  facet normal 0 0 1
    outer loop
      vertex 13.605012893676758 5.02568244934082 0.6999998092651367
      vertex 14.09999942779541 -5.049999237060547 0.6999998092651367
      vertex 14.09999942779541 5.049999237060547 0.6999998092651367
    endloop
  endfacet
  facet normal 0 0 1
    outer loop
      vertex 13.605012893676758 5.02568244934082 0.6999998092651367
      vertex 13.605012893676758 -5.02568244934082 0.6999998092651367
      vertex 14.09999942779541 -5.049999237060547 0.6999998092651367
    endloop
  endfacet
  facet normal 0 0 1
    outer loop
      vertex 13.11479377746582 4.952964782714844 0.6999998092651367
      vertex 13.605012893676758 -5.02568244934082 0.6999998092651367
      vertex 13.605012893676758 5.02568244934082 0.6999998092651367
    endloop
  endfacet
  facet normal 0 0 1
    outer loop
      vertex 13.11479377746582 4.952964782714844 0.6999998092651367
      vertex 13.11479377746582 -4.952964782714844 0.6999998092651367
      vertex 13.605012893676758 -5.02568244934082 0.6999998092651367
    endloop
  endfacet
  facet normal 0 0 1
    outer loop
      vertex 12.634061813354492 4.832548141479492 0.6999998092651367
      vertex 13.11479377746582 -4.952964782714844 0.6999998092651367
      vertex 13.11479377746582 4.952964782714844 0.6999998092651367
    endloop
  endfacet
  facet normal 0 0 1
    outer loop
      vertex 12.634061813354492 4.832548141479492 0.6999998092651367
      vertex 12.634061813354492 -4.832548141479492 0.6999998092651367
      vertex 13.11479377746582 -4.952964782714844 0.6999998092651367
    endloop
  endfacet
  facet normal 0 0 1
    outer loop
      vertex 12.167448043823242 4.665591239929199 0.6999998092651367
      vertex 12.634061813354492 -4.832548141479492 0.6999998092651367
      vertex 12.634061813354492 4.832548141479492 0.6999998092651367
    endloop
  endfacet
  facet normal 0 0 1
    outer loop
      vertex 12.167448043823242 4.665591239929199 0.6999998092651367
      vertex 12.167448043823242 -4.665591239929199 0.6999998092651367
      vertex 12.634061813354492 -4.832548141479492 0.6999998092651367
    endloop
  endfacet
  facet normal 0 0 1
    outer loop
      vertex 11.719446182250977 4.453701972961426 0.6999998092651367
      vertex 12.167448043823242 -4.665591239929199 0.6999998092651367
      vertex 12.167448043823242 4.665591239929199 0.6999998092651367
    endloop
  endfacet
  facet normal 0 0 1
    outer loop
      vertex 11.719446182250977 4.453701972961426 0.6999998092651367
      vertex 11.719446182250977 -4.453701972961426 0.6999998092651367
      vertex 12.167448043823242 -4.665591239929199 0.6999998092651367
    endloop
  endfacet
  facet normal 0 0 1
    outer loop
      vertex 11.2943696975708 4.198921203613281 0.6999998092651367
      vertex 11.719446182250977 -4.453701972961426 0.6999998092651367
      vertex 11.719446182250977 4.453701972961426 0.6999998092651367
    endloop
  endfacet
  facet normal 0 0 1
    outer loop
      vertex 11.2943696975708 4.198921203613281 0.6999998092651367
      vertex 11.2943696975708 -4.198921203613281 0.6999998092651367
      vertex 11.719446182250977 -4.453701972961426 0.6999998092651367
    endloop
  endfacet
  facet normal 0 0 1
    outer loop
      vertex 10.896313667297363 3.903702735900879 0.6999998092651367
      vertex 11.2943696975708 -4.198921203613281 0.6999998092651367
      vertex 11.2943696975708 4.198921203613281 0.6999998092651367
    endloop
  endfacet
  facet normal 0 0 1
    outer loop
      vertex 10.896313667297363 3.903702735900879 0.6999998092651367
      vertex 10.896313667297363 -3.903702735900879 0.6999998092651367
      vertex 11.2943696975708 -4.198921203613281 0.6999998092651367
    endloop
  endfacet
  facet normal 0 0 1
    outer loop
      vertex 10.529109954833984 3.5708885192871094 0.6999998092651367
      vertex 10.896313667297363 -3.903702735900879 0.6999998092651367
      vertex 10.896313667297363 3.903702735900879 0.6999998092651367
    endloop
  endfacet
  facet normal 0 0 1
    outer loop
      vertex 10.529109954833984 3.5708885192871094 0.6999998092651367
      vertex 10.529109954833984 -3.5708885192871094 0.6999998092651367
      vertex 10.896313667297363 -3.903702735900879 0.6999998092651367
    endloop
  endfacet
  facet normal 0 0 1
    outer loop
      vertex 10.196296691894531 3.203685760498047 0.6999998092651367
      vertex 10.529109954833984 -3.5708885192871094 0.6999998092651367
      vertex 10.529109954833984 3.5708885192871094 0.6999998092651367
    endloop
  endfacet
  facet normal 0 0 1
    outer loop
      vertex 10.196296691894531 3.203685760498047 0.6999998092651367
      vertex 10.196296691894531 -3.203685760498047 0.6999998092651367
      vertex 10.529109954833984 -3.5708885192871094 0.6999998092651367
    endloop
  endfacet
  facet normal 0 0 1
    outer loop
      vertex 9.901078224182129 2.805628776550293 0.6999998092651367
      vertex 10.196296691894531 -3.203685760498047 0.6999998092651367
      vertex 10.196296691894531 3.203685760498047 0.6999998092651367
    endloop
  endfacet
  facet normal 0 0 1
    outer loop
      vertex 9.901078224182129 2.805628776550293 0.6999998092651367
      vertex 9.901078224182129 -2.805628776550293 0.6999998092651367
      vertex 10.196296691894531 -3.203685760498047 0.6999998092651367
    endloop
  endfacet
  facet normal 0 0 1
    outer loop
      vertex 9.646297454833984 2.3805532455444336 0.6999998092651367
      vertex 9.901078224182129 -2.805628776550293 0.6999998092651367
      vertex 9.901078224182129 2.805628776550293 0.6999998092651367
    endloop
  endfacet
  facet normal 0 0 1
    outer loop
      vertex 9.646297454833984 2.3805532455444336 0.6999998092651367
      vertex 9.646297454833984 -2.3805532455444336 0.6999998092651367
      vertex 9.901078224182129 -2.805628776550293 0.6999998092651367
    endloop
  endfacet
  facet normal 0 0 1
    outer loop
      vertex 9.434408187866211 1.9325504302978516 0.6999998092651367
      vertex 9.646297454833984 -2.3805532455444336 0.6999998092651367
      vertex 9.646297454833984 2.3805532455444336 0.6999998092651367
    endloop
  endfacet
  facet normal 0 0 1
    outer loop
      vertex 9.434408187866211 1.9325504302978516 0.6999998092651367
      vertex 9.434408187866211 -1.9325504302978516 0.6999998092651367
      vertex 9.646297454833984 -2.3805532455444336 0.6999998092651367
    endloop
  endfacet
  facet normal 0 0 1
    outer loop
      vertex 9.267451286315918 1.465937614440918 0.6999998092651367
      vertex 9.434408187866211 -1.9325504302978516 0.6999998092651367
      vertex 9.434408187866211 1.9325504302978516 0.6999998092651367
    endloop
  endfacet
  facet normal 0 0 1
    outer loop
      vertex 9.267451286315918 1.465937614440918 0.6999998092651367
      vertex 9.267451286315918 -1.465937614440918 0.6999998092651367
      vertex 9.434408187866211 -1.9325504302978516 0.6999998092651367
    endloop
  endfacet
  facet normal 0 0 1
    outer loop
      vertex 9.14703369140625 0.9852056503295898 0.6999998092651367
      vertex 9.267451286315918 -1.465937614440918 0.6999998092651367
      vertex 9.267451286315918 1.465937614440918 0.6999998092651367
    endloop
  endfacet
  facet normal 0 0 1
    outer loop
      vertex 9.14703369140625 0.9852056503295898 0.6999998092651367
      vertex 9.14703369140625 -0.9852056503295898 0.6999998092651367
      vertex 9.267451286315918 -1.465937614440918 0.6999998092651367
    endloop
  endfacet
  facet normal 0 0 1
    outer loop
      vertex 9.07431697845459 0.49498653411865234 0.6999998092651367
      vertex 9.14703369140625 -0.9852056503295898 0.6999998092651367
      vertex 9.14703369140625 0.9852056503295898 0.6999998092651367
    endloop
  endfacet
  facet normal 0 0 1
    outer loop
      vertex 9.07431697845459 0.49498653411865234 0.6999998092651367
      vertex 9.07431697845459 -0.49498653411865234 0.6999998092651367
      vertex 9.14703369140625 -0.9852056503295898 0.6999998092651367
    endloop
  endfacet
  facet normal 0 0 1
    outer loop
      vertex 9.07431697845459 -0.49498653411865234 0.6999998092651367
      vertex 9.07431697845459 0.49498653411865234 0.6999998092651367
      vertex 9.049999237060547 0 0.6999998092651367
    endloop
  endfacet
  facet normal 0.8032082187771288 -0.5956983777792852 0
    outer loop
      vertex 9.901078224182129 2.805628776550293 5.949999809265137
      vertex 10.196296691894531 3.203685760498047 0.6999998092651367
      vertex 10.196296691894531 3.203685760498047 5.949999809265137
    endloop
  endfacet
  facet normal 0.8032082187771288 -0.5956983777792852 0
    outer loop
      vertex 10.196296691894531 3.203685760498047 0.6999998092651367
      vertex 9.901078224182129 2.805628776550293 5.949999809265137
      vertex 9.901078224182129 2.805628776550293 0.6999998092651367
    endloop
  endfacet
  facet normal -0.2429797845215547 0.9700313522324209 0
    outer loop
      vertex 15.565937042236328 -4.832548141479492 0.6999998092651367
      vertex 15.085206031799316 -4.952964782714844 5.949999809265137
      vertex 15.565937042236328 -4.832548141479492 5.949999809265137
    endloop
  endfacet
  facet normal -0.2429797845215547 0.9700313522324209 0
    outer loop
      vertex 15.085206031799316 -4.952964782714844 5.949999809265137
      vertex 15.565937042236328 -4.832548141479492 0.6999998092651367
      vertex 15.085206031799316 -4.952964782714844 0.6999998092651367
    endloop
  endfacet
  facet normal 0.14673152070501483 -0.98917635476774 0
    outer loop
      vertex 13.11479377746582 4.952964782714844 0.6999998092651367
      vertex 13.605012893676758 5.02568244934082 5.949999809265137
      vertex 13.11479377746582 4.952964782714844 5.949999809265137
    endloop
  endfacet
  facet normal 0.14673152070501483 -0.98917635476774 0
    outer loop
      vertex 13.605012893676758 5.02568244934082 5.949999809265137
      vertex 13.11479377746582 4.952964782714844 0.6999998092651367
      vertex 13.605012893676758 5.02568244934082 0.6999998092651367
    endloop
  endfacet
  facet normal -0.04906698714163005 0.9987954899642084 0
    outer loop
      vertex 14.594985961914062 -5.02568244934082 0.6999998092651367
      vertex 14.09999942779541 -5.049999237060547 5.949999809265137
      vertex 14.594985961914062 -5.02568244934082 5.949999809265137
    endloop
  endfacet
  facet normal -0.04906698714163005 0.9987954899642084 0
    outer loop
      vertex 14.09999942779541 -5.049999237060547 5.949999809265137
      vertex 14.594985961914062 -5.02568244934082 0.6999998092651367
      vertex 14.09999942779541 -5.049999237060547 0.6999998092651367
    endloop
  endfacet
  facet normal -0.14673124139925103 -0.9891763961990978 0
    outer loop
      vertex 14.594985961914062 5.02568244934082 0.6999998092651367
      vertex 15.085206031799316 4.952964782714844 5.949999809265137
      vertex 14.594985961914062 5.02568244934082 5.949999809265137
    endloop
  endfacet
  facet normal -0.14673124139925103 -0.9891763961990978 0
    outer loop
      vertex 15.085206031799316 4.952964782714844 5.949999809265137
      vertex 14.594985961914062 5.02568244934082 0.6999998092651367
      vertex 15.085206031799316 4.952964782714844 0.6999998092651367
    endloop
  endfacet
  facet normal -0.8032091395183543 -0.595697136298459 0
    outer loop
      vertex 18.298919677734375 2.805628776550293 0.6999998092651367
      vertex 18.00370216369629 3.203685760498047 5.949999809265137
      vertex 18.00370216369629 3.203685760498047 0.6999998092651367
    endloop
  endfacet
  facet normal -0.8032091395183543 -0.595697136298459 0
    outer loop
      vertex 18.00370216369629 3.203685760498047 5.949999809265137
      vertex 18.298919677734375 2.805628776550293 0.6999998092651367
      vertex 18.298919677734375 2.805628776550293 5.949999809265137
    endloop
  endfacet
  facet normal 0.6715591446899387 -0.7409509532913215 0
    outer loop
      vertex 10.529109954833984 3.5708885192871094 0.6999998092651367
      vertex 10.896313667297363 3.903702735900879 5.949999809265137
      vertex 10.529109954833984 3.5708885192871094 5.949999809265137
    endloop
  endfacet
  facet normal 0.6715591446899387 -0.7409509532913215 0
    outer loop
      vertex 10.896313667297363 3.903702735900879 5.949999809265137
      vertex 10.529109954833984 3.5708885192871094 0.6999998092651367
      vertex 10.896313667297363 3.903702735900879 0.6999998092651367
    endloop
  endfacet
  facet normal 0.9987953956542195 -0.04906890685486405 0
    outer loop
      vertex 9.049999237060547 0 5.949999809265137
      vertex 9.07431697845459 0.49498653411865234 0.6999998092651367
      vertex 9.07431697845459 0.49498653411865234 5.949999809265137
    endloop
  endfacet
  facet normal 0.9987953956542195 -0.04906890685486405 0
    outer loop
      vertex 9.07431697845459 0.49498653411865234 0.6999998092651367
      vertex 9.049999237060547 0 5.949999809265137
      vertex 9.049999237060547 0 0.6999998092651367
    endloop
  endfacet
  facet normal 0.8577283421841926 -0.5141031910170921 0
    outer loop
      vertex 9.646297454833984 2.3805532455444336 5.949999809265137
      vertex 9.901078224182129 2.805628776550293 0.6999998092651367
      vertex 9.901078224182129 2.805628776550293 5.949999809265137
    endloop
  endfacet
  facet normal 0.8577283421841926 -0.5141031910170921 0
    outer loop
      vertex 9.901078224182129 2.805628776550293 0.6999998092651367
      vertex 9.646297454833984 2.3805532455444336 5.949999809265137
      vertex 9.646297454833984 2.3805532455444336 0.6999998092651367
    endloop
  endfacet
  facet normal 0 0 -1
    outer loop
      vertex 19.125682830810547 -0.49498653411865234 5.949999809265137
      vertex 19.125682830810547 0.49498653411865234 5.949999809265137
      vertex 19.149999618530273 0 5.949999809265137
    endloop
  endfacet
  facet normal 0 0 -1
    outer loop
      vertex 19.05296516418457 -0.9852056503295898 5.949999809265137
      vertex 19.125682830810547 0.49498653411865234 5.949999809265137
      vertex 19.125682830810547 -0.49498653411865234 5.949999809265137
    endloop
  endfacet
  facet normal 0 0 -1
    outer loop
      vertex 19.05296516418457 -0.9852056503295898 5.949999809265137
      vertex 19.05296516418457 0.9852056503295898 5.949999809265137
      vertex 19.125682830810547 0.49498653411865234 5.949999809265137
    endloop
  endfacet
  facet normal 0 0 -1
    outer loop
      vertex 18.93254852294922 -1.465937614440918 5.949999809265137
      vertex 19.05296516418457 0.9852056503295898 5.949999809265137
      vertex 19.05296516418457 -0.9852056503295898 5.949999809265137
    endloop
  endfacet
  facet normal 0 0 -1
    outer loop
      vertex 18.93254852294922 -1.465937614440918 5.949999809265137
      vertex 18.93254852294922 1.465937614440918 5.949999809265137
      vertex 19.05296516418457 0.9852056503295898 5.949999809265137
    endloop
  endfacet
  facet normal 0 0 -1
    outer loop
      vertex 18.76559066772461 -1.9325504302978516 5.949999809265137
      vertex 18.93254852294922 1.465937614440918 5.949999809265137
      vertex 18.93254852294922 -1.465937614440918 5.949999809265137
    endloop
  endfacet
  facet normal 0 0 -1
    outer loop
      vertex 18.76559066772461 -1.9325504302978516 5.949999809265137
      vertex 18.76559066772461 1.9325504302978516 5.949999809265137
      vertex 18.93254852294922 1.465937614440918 5.949999809265137
    endloop
  endfacet
  facet normal 0 0 -1
    outer loop
      vertex 18.55370330810547 -2.3805532455444336 5.949999809265137
      vertex 18.76559066772461 1.9325504302978516 5.949999809265137
      vertex 18.76559066772461 -1.9325504302978516 5.949999809265137
    endloop
  endfacet
  facet normal 0 0 -1
    outer loop
      vertex 18.55370330810547 -2.3805532455444336 5.949999809265137
      vertex 18.55370330810547 2.3805532455444336 5.949999809265137
      vertex 18.76559066772461 1.9325504302978516 5.949999809265137
    endloop
  endfacet
  facet normal 0 0 -1
    outer loop
      vertex 18.298919677734375 -2.805628776550293 5.949999809265137
      vertex 18.55370330810547 2.3805532455444336 5.949999809265137
      vertex 18.55370330810547 -2.3805532455444336 5.949999809265137
    endloop
  endfacet
  facet normal 0 0 -1
    outer loop
      vertex 18.298919677734375 -2.805628776550293 5.949999809265137
      vertex 18.298919677734375 2.805628776550293 5.949999809265137
      vertex 18.55370330810547 2.3805532455444336 5.949999809265137
    endloop
  endfacet
  facet normal 0 0 -1
    outer loop
      vertex 18.00370216369629 -3.203685760498047 5.949999809265137
      vertex 18.298919677734375 2.805628776550293 5.949999809265137
      vertex 18.298919677734375 -2.805628776550293 5.949999809265137
    endloop
  endfacet
  facet normal 0 0 -1
    outer loop
      vertex 18.00370216369629 -3.203685760498047 5.949999809265137
      vertex 18.00370216369629 3.203685760498047 5.949999809265137
      vertex 18.298919677734375 2.805628776550293 5.949999809265137
    endloop
  endfacet
  facet normal 0 0 -1
    outer loop
      vertex 17.670888900756836 -3.5708885192871094 5.949999809265137
      vertex 18.00370216369629 3.203685760498047 5.949999809265137
      vertex 18.00370216369629 -3.203685760498047 5.949999809265137
    endloop
  endfacet
  facet normal 0 0 -1
    outer loop
      vertex 17.670888900756836 -3.5708885192871094 5.949999809265137
      vertex 17.670888900756836 3.5708885192871094 5.949999809265137
      vertex 18.00370216369629 3.203685760498047 5.949999809265137
    endloop
  endfacet
  facet normal 0 0 -1
    outer loop
      vertex 17.30368423461914 -3.903702735900879 5.949999809265137
      vertex 17.670888900756836 3.5708885192871094 5.949999809265137
      vertex 17.670888900756836 -3.5708885192871094 5.949999809265137
    endloop
  endfacet
  facet normal 0 0 -1
    outer loop
      vertex 17.30368423461914 -3.903702735900879 5.949999809265137
      vertex 17.30368423461914 3.903702735900879 5.949999809265137
      vertex 17.670888900756836 3.5708885192871094 5.949999809265137
    endloop
  endfacet
  facet normal 0 0 -1
    outer loop
      vertex 16.905628204345703 -4.198921203613281 5.949999809265137
      vertex 17.30368423461914 3.903702735900879 5.949999809265137
      vertex 17.30368423461914 -3.903702735900879 5.949999809265137
    endloop
  endfacet
  facet normal 0 0 -1
    outer loop
      vertex 16.905628204345703 -4.198921203613281 5.949999809265137
      vertex 16.905628204345703 4.198921203613281 5.949999809265137
      vertex 17.30368423461914 3.903702735900879 5.949999809265137
    endloop
  endfacet
  facet normal 0 0 -1
    outer loop
      vertex 16.480552673339844 -4.453701972961426 5.949999809265137
      vertex 16.905628204345703 4.198921203613281 5.949999809265137
      vertex 16.905628204345703 -4.198921203613281 5.949999809265137
    endloop
  endfacet
  facet normal 0 0 -1
    outer loop
      vertex 16.480552673339844 -4.453701972961426 5.949999809265137
      vertex 16.480552673339844 4.453701972961426 5.949999809265137
      vertex 16.905628204345703 4.198921203613281 5.949999809265137
    endloop
  endfacet
  facet normal 0 0 -1
    outer loop
      vertex 16.032550811767578 -4.665591239929199 5.949999809265137
      vertex 16.480552673339844 4.453701972961426 5.949999809265137
      vertex 16.480552673339844 -4.453701972961426 5.949999809265137
    endloop
  endfacet
  facet normal 0 0 -1
    outer loop
      vertex 16.032550811767578 -4.665591239929199 5.949999809265137
      vertex 16.032550811767578 4.665591239929199 5.949999809265137
      vertex 16.480552673339844 4.453701972961426 5.949999809265137
    endloop
  endfacet
  facet normal 0 0 -1
    outer loop
      vertex 15.565937042236328 -4.832548141479492 5.949999809265137
      vertex 16.032550811767578 4.665591239929199 5.949999809265137
      vertex 16.032550811767578 -4.665591239929199 5.949999809265137
    endloop
  endfacet
  facet normal 0 0 -1
    outer loop
      vertex 15.565937042236328 -4.832548141479492 5.949999809265137
      vertex 15.565937042236328 4.832548141479492 5.949999809265137
      vertex 16.032550811767578 4.665591239929199 5.949999809265137
    endloop
  endfacet
  facet normal 0 0 -1
    outer loop
      vertex 15.085206031799316 -4.952964782714844 5.949999809265137
      vertex 15.565937042236328 4.832548141479492 5.949999809265137
      vertex 15.565937042236328 -4.832548141479492 5.949999809265137
    endloop
  endfacet
  facet normal 0 0 -1
    outer loop
      vertex 15.085206031799316 -4.952964782714844 5.949999809265137
      vertex 15.085206031799316 4.952964782714844 5.949999809265137
      vertex 15.565937042236328 4.832548141479492 5.949999809265137
    endloop
  endfacet
  facet normal 0 0 -1
    outer loop
      vertex 14.594985961914062 -5.02568244934082 5.949999809265137
      vertex 15.085206031799316 4.952964782714844 5.949999809265137
      vertex 15.085206031799316 -4.952964782714844 5.949999809265137
    endloop
  endfacet
  facet normal 0 0 -1
    outer loop
      vertex 14.594985961914062 -5.02568244934082 5.949999809265137
      vertex 14.594985961914062 5.02568244934082 5.949999809265137
      vertex 15.085206031799316 4.952964782714844 5.949999809265137
    endloop
  endfacet
  facet normal 0 0 -1
    outer loop
      vertex 14.09999942779541 -5.049999237060547 5.949999809265137
      vertex 14.594985961914062 5.02568244934082 5.949999809265137
      vertex 14.594985961914062 -5.02568244934082 5.949999809265137
    endloop
  endfacet
  facet normal 0 0 -1
    outer loop
      vertex 14.09999942779541 -5.049999237060547 5.949999809265137
      vertex 14.09999942779541 5.049999237060547 5.949999809265137
      vertex 14.594985961914062 5.02568244934082 5.949999809265137
    endloop
  endfacet
  facet normal 0 0 -1
    outer loop
      vertex 13.605012893676758 -5.02568244934082 5.949999809265137
      vertex 14.09999942779541 5.049999237060547 5.949999809265137
      vertex 14.09999942779541 -5.049999237060547 5.949999809265137
    endloop
  endfacet
  facet normal 0 0 -1
    outer loop
      vertex 13.605012893676758 -5.02568244934082 5.949999809265137
      vertex 13.605012893676758 5.02568244934082 5.949999809265137
      vertex 14.09999942779541 5.049999237060547 5.949999809265137
    endloop
  endfacet
  facet normal 0 0 -1
    outer loop
      vertex 13.11479377746582 -4.952964782714844 5.949999809265137
      vertex 13.605012893676758 5.02568244934082 5.949999809265137
      vertex 13.605012893676758 -5.02568244934082 5.949999809265137
    endloop
  endfacet
  facet normal 0 0 -1
    outer loop
      vertex 13.11479377746582 -4.952964782714844 5.949999809265137
      vertex 13.11479377746582 4.952964782714844 5.949999809265137
      vertex 13.605012893676758 5.02568244934082 5.949999809265137
    endloop
  endfacet
  facet normal 0 0 -1
    outer loop
      vertex 12.634061813354492 -4.832548141479492 5.949999809265137
      vertex 13.11479377746582 4.952964782714844 5.949999809265137
      vertex 13.11479377746582 -4.952964782714844 5.949999809265137
    endloop
  endfacet
  facet normal 0 0 -1
    outer loop
      vertex 12.634061813354492 -4.832548141479492 5.949999809265137
      vertex 12.634061813354492 4.832548141479492 5.949999809265137
      vertex 13.11479377746582 4.952964782714844 5.949999809265137
    endloop
  endfacet
  facet normal 0 0 -1
    outer loop
      vertex 12.167448043823242 -4.665591239929199 5.949999809265137
      vertex 12.634061813354492 4.832548141479492 5.949999809265137
      vertex 12.634061813354492 -4.832548141479492 5.949999809265137
    endloop
  endfacet
  facet normal 0 0 -1
    outer loop
      vertex 12.167448043823242 -4.665591239929199 5.949999809265137
      vertex 12.167448043823242 4.665591239929199 5.949999809265137
      vertex 12.634061813354492 4.832548141479492 5.949999809265137
    endloop
  endfacet
  facet normal 0 0 -1
    outer loop
      vertex 11.719446182250977 -4.453701972961426 5.949999809265137
      vertex 12.167448043823242 4.665591239929199 5.949999809265137
      vertex 12.167448043823242 -4.665591239929199 5.949999809265137
    endloop
  endfacet
  facet normal 0 0 -1
    outer loop
      vertex 11.719446182250977 -4.453701972961426 5.949999809265137
      vertex 11.719446182250977 4.453701972961426 5.949999809265137
      vertex 12.167448043823242 4.665591239929199 5.949999809265137
    endloop
  endfacet
  facet normal 0 0 -1
    outer loop
      vertex 11.2943696975708 -4.198921203613281 5.949999809265137
      vertex 11.719446182250977 4.453701972961426 5.949999809265137
      vertex 11.719446182250977 -4.453701972961426 5.949999809265137
    endloop
  endfacet
  facet normal 0 0 -1
    outer loop
      vertex 11.2943696975708 -4.198921203613281 5.949999809265137
      vertex 11.2943696975708 4.198921203613281 5.949999809265137
      vertex 11.719446182250977 4.453701972961426 5.949999809265137
    endloop
  endfacet
  facet normal 0 0 -1
    outer loop
      vertex 10.896313667297363 -3.903702735900879 5.949999809265137
      vertex 11.2943696975708 4.198921203613281 5.949999809265137
      vertex 11.2943696975708 -4.198921203613281 5.949999809265137
    endloop
  endfacet
  facet normal 0 0 -1
    outer loop
      vertex 10.896313667297363 -3.903702735900879 5.949999809265137
      vertex 10.896313667297363 3.903702735900879 5.949999809265137
      vertex 11.2943696975708 4.198921203613281 5.949999809265137
    endloop
  endfacet
  facet normal 0 0 -1
    outer loop
      vertex 10.529109954833984 -3.5708885192871094 5.949999809265137
      vertex 10.896313667297363 3.903702735900879 5.949999809265137
      vertex 10.896313667297363 -3.903702735900879 5.949999809265137
    endloop
  endfacet
  facet normal 0 0 -1
    outer loop
      vertex 10.529109954833984 -3.5708885192871094 5.949999809265137
      vertex 10.529109954833984 3.5708885192871094 5.949999809265137
      vertex 10.896313667297363 3.903702735900879 5.949999809265137
    endloop
  endfacet
  facet normal 0 0 -1
    outer loop
      vertex 10.196296691894531 -3.203685760498047 5.949999809265137
      vertex 10.529109954833984 3.5708885192871094 5.949999809265137
      vertex 10.529109954833984 -3.5708885192871094 5.949999809265137
    endloop
  endfacet
  facet normal 0 0 -1
    outer loop
      vertex 10.196296691894531 -3.203685760498047 5.949999809265137
      vertex 10.196296691894531 3.203685760498047 5.949999809265137
      vertex 10.529109954833984 3.5708885192871094 5.949999809265137
    endloop
  endfacet
  facet normal 0 0 -1
    outer loop
      vertex 9.901078224182129 -2.805628776550293 5.949999809265137
      vertex 10.196296691894531 3.203685760498047 5.949999809265137
      vertex 10.196296691894531 -3.203685760498047 5.949999809265137
    endloop
  endfacet
  facet normal 0 0 -1
    outer loop
      vertex 9.901078224182129 -2.805628776550293 5.949999809265137
      vertex 9.901078224182129 2.805628776550293 5.949999809265137
      vertex 10.196296691894531 3.203685760498047 5.949999809265137
    endloop
  endfacet
  facet normal 0 0 -1
    outer loop
      vertex 9.646297454833984 -2.3805532455444336 5.949999809265137
      vertex 9.901078224182129 2.805628776550293 5.949999809265137
      vertex 9.901078224182129 -2.805628776550293 5.949999809265137
    endloop
  endfacet
  facet normal 0 0 -1
    outer loop
      vertex 9.646297454833984 -2.3805532455444336 5.949999809265137
      vertex 9.646297454833984 2.3805532455444336 5.949999809265137
      vertex 9.901078224182129 2.805628776550293 5.949999809265137
    endloop
  endfacet
  facet normal 0 0 -1
    outer loop
      vertex 9.434408187866211 -1.9325504302978516 5.949999809265137
      vertex 9.646297454833984 2.3805532455444336 5.949999809265137
      vertex 9.646297454833984 -2.3805532455444336 5.949999809265137
    endloop
  endfacet
  facet normal 0 0 -1
    outer loop
      vertex 9.434408187866211 -1.9325504302978516 5.949999809265137
      vertex 9.434408187866211 1.9325504302978516 5.949999809265137
      vertex 9.646297454833984 2.3805532455444336 5.949999809265137
    endloop
  endfacet
  facet normal 0 0 -1
    outer loop
      vertex 9.267451286315918 -1.465937614440918 5.949999809265137
      vertex 9.434408187866211 1.9325504302978516 5.949999809265137
      vertex 9.434408187866211 -1.9325504302978516 5.949999809265137
    endloop
  endfacet
  facet normal 0 0 -1
    outer loop
      vertex 9.267451286315918 -1.465937614440918 5.949999809265137
      vertex 9.267451286315918 1.465937614440918 5.949999809265137
      vertex 9.434408187866211 1.9325504302978516 5.949999809265137
    endloop
  endfacet
  facet normal 0 0 -1
    outer loop
      vertex 9.14703369140625 -0.9852056503295898 5.949999809265137
      vertex 9.267451286315918 1.465937614440918 5.949999809265137
      vertex 9.267451286315918 -1.465937614440918 5.949999809265137
    endloop
  endfacet
  facet normal 0 0 -1
    outer loop
      vertex 9.14703369140625 -0.9852056503295898 5.949999809265137
      vertex 9.14703369140625 0.9852056503295898 5.949999809265137
      vertex 9.267451286315918 1.465937614440918 5.949999809265137
    endloop
  endfacet
  facet normal 0 0 -1
    outer loop
      vertex 9.07431697845459 -0.49498653411865234 5.949999809265137
      vertex 9.14703369140625 0.9852056503295898 5.949999809265137
      vertex 9.14703369140625 -0.9852056503295898 5.949999809265137
    endloop
  endfacet
  facet normal 0 0 -1
    outer loop
      vertex 9.07431697845459 -0.49498653411865234 5.949999809265137
      vertex 9.07431697845459 0.49498653411865234 5.949999809265137
      vertex 9.14703369140625 0.9852056503295898 5.949999809265137
    endloop
  endfacet
  facet normal 0 0 -1
    outer loop
      vertex 9.07431697845459 0.49498653411865234 5.949999809265137
      vertex 9.07431697845459 -0.49498653411865234 5.949999809265137
      vertex 9.049999237060547 0 5.949999809265137
    endloop
  endfacet
  facet normal -0.33688954065057664 0.9415441770837115 0
    outer loop
      vertex 16.032550811767578 -4.665591239929199 0.6999998092651367
      vertex 15.565937042236328 -4.832548141479492 5.949999809265137
      vertex 16.032550811767578 -4.665591239929199 5.949999809265137
    endloop
  endfacet
  facet normal -0.33688954065057664 0.9415441770837115 0
    outer loop
      vertex 15.565937042236328 -4.832548141479492 5.949999809265137
      vertex 16.032550811767578 -4.665591239929199 0.6999998092651367
      vertex 15.565937042236328 -4.832548141479492 0.6999998092651367
    endloop
  endfacet
  facet normal 0.5141023424558064 0.8577288507922843 0
    outer loop
      vertex 11.719446182250977 -4.453701972961426 0.6999998092651367
      vertex 11.2943696975708 -4.198921203613281 5.949999809265137
      vertex 11.719446182250977 -4.453701972961426 5.949999809265137
    endloop
  endfacet
  facet normal 0.5141023424558064 0.8577288507922843 0
    outer loop
      vertex 11.2943696975708 -4.198921203613281 5.949999809265137
      vertex 11.719446182250977 -4.453701972961426 0.6999998092651367
      vertex 11.2943696975708 -4.198921203613281 0.6999998092651367
    endloop
  endfacet
  facet normal 0.9039895147267739 0.4275546248890916 0
    outer loop
      vertex 9.646297454833984 -2.3805532455444336 5.949999809265137
      vertex 9.434408187866211 -1.9325504302978516 0.6999998092651367
      vertex 9.434408187866211 -1.9325504302978516 5.949999809265137
    endloop
  endfacet
  facet normal 0.9039895147267739 0.4275546248890916 0
    outer loop
      vertex 9.434408187866211 -1.9325504302978516 0.6999998092651367
      vertex 9.646297454833984 -2.3805532455444336 5.949999809265137
      vertex 9.646297454833984 -2.3805532455444336 0.6999998092651367
    endloop
  endfacet
  facet normal 0.8032082187771288 0.5956983777792852 0
    outer loop
      vertex 10.196296691894531 -3.203685760498047 5.949999809265137
      vertex 9.901078224182129 -2.805628776550293 0.6999998092651367
      vertex 9.901078224182129 -2.805628776550293 5.949999809265137
    endloop
  endfacet
  facet normal 0.8032082187771288 0.5956983777792852 0
    outer loop
      vertex 9.901078224182129 -2.805628776550293 0.6999998092651367
      vertex 10.196296691894531 -3.203685760498047 5.949999809265137
      vertex 10.196296691894531 -3.203685760498047 0.6999998092651367
    endloop
  endfacet
  facet normal 0.9891766340723164 0.146729637787881 0
    outer loop
      vertex 9.14703369140625 -0.9852056503295898 5.949999809265137
      vertex 9.07431697845459 -0.49498653411865234 0.6999998092651367
      vertex 9.07431697845459 -0.49498653411865234 5.949999809265137
    endloop
  endfacet
  facet normal 0.9891766340723164 0.146729637787881 0
    outer loop
      vertex 9.07431697845459 -0.49498653411865234 0.6999998092651367
      vertex 9.14703369140625 -0.9852056503295898 5.949999809265137
      vertex 9.14703369140625 -0.9852056503295898 0.6999998092651367
    endloop
  endfacet
  facet normal 0.04906698714163005 0.9987954899642084 0
    outer loop
      vertex 14.09999942779541 -5.049999237060547 0.6999998092651367
      vertex 13.605012893676758 -5.02568244934082 5.949999809265137
      vertex 14.09999942779541 -5.049999237060547 5.949999809265137
    endloop
  endfacet
  facet normal 0.04906698714163005 0.9987954899642084 0
    outer loop
      vertex 13.605012893676758 -5.02568244934082 5.949999809265137
      vertex 14.09999942779541 -5.049999237060547 0.6999998092651367
      vertex 13.605012893676758 -5.02568244934082 0.6999998092651367
    endloop
  endfacet
  facet normal -0.8577257964939285 0.514107438215842 0
    outer loop
      vertex 18.298919677734375 -2.805628776550293 0.6999998092651367
      vertex 18.55370330810547 -2.3805532455444336 5.949999809265137
      vertex 18.55370330810547 -2.3805532455444336 0.6999998092651367
    endloop
  endfacet
  facet normal -0.8577257964939285 0.514107438215842 0
    outer loop
      vertex 18.55370330810547 -2.3805532455444336 5.949999809265137
      vertex 18.298919677734375 -2.805628776550293 0.6999998092651367
      vertex 18.298919677734375 -2.805628776550293 5.949999809265137
    endloop
  endfacet
  facet normal 0.6715591446899387 0.7409509532913215 0
    outer loop
      vertex 10.896313667297363 -3.903702735900879 0.6999998092651367
      vertex 10.529109954833984 -3.5708885192871094 5.949999809265137
      vertex 10.896313667297363 -3.903702735900879 5.949999809265137
    endloop
  endfacet
  facet normal 0.6715591446899387 0.7409509532913215 0
    outer loop
      vertex 10.529109954833984 -3.5708885192871094 5.949999809265137
      vertex 10.896313667297363 -3.903702735900879 0.6999998092651367
      vertex 10.529109954833984 -3.5708885192871094 0.6999998092651367
    endloop
  endfacet
  facet normal -0.9988321508655704 -0.048314950038865774 0
    outer loop
      vertex 31.5 0 0.6999998092651367
      vertex 31.4761905670166 0.4922208786010742 5.949999809265137
      vertex 31.4761905670166 0.4922208786010742 0.6999998092651367
    endloop
  endfacet
  facet normal -0.9988321508655704 -0.048314950038865774 0
    outer loop
      vertex 31.4761905670166 0.4922208786010742 5.949999809265137
      vertex 31.5 0 0.6999998092651367
      vertex 31.5 0 5.949999809265137
    endloop
  endfacet
  facet normal 0 0 1
    outer loop
      vertex 31.4761905670166 0.4922208786010742 0.6999998092651367
      vertex 31.4761905670166 -0.4922208786010742 0.6999998092651367
      vertex 31.5 0 0.6999998092651367
    endloop
  endfacet
  facet normal 0 0 1
    outer loop
      vertex 31.404987335205078 0.9798460006713867 0.6999998092651367
      vertex 31.4761905670166 -0.4922208786010742 0.6999998092651367
      vertex 31.4761905670166 0.4922208786010742 0.6999998092651367
    endloop
  endfacet
  facet normal 0 0 1
    outer loop
      vertex 31.404987335205078 0.9798460006713867 0.6999998092651367
      vertex 31.404987335205078 -0.9798460006713867 0.6999998092651367
      vertex 31.4761905670166 -0.4922208786010742 0.6999998092651367
    endloop
  endfacet
  facet normal 0 0 1
    outer loop
      vertex 31.287052154541016 1.458322525024414 0.6999998092651367
      vertex 31.404987335205078 -0.9798460006713867 0.6999998092651367
      vertex 31.404987335205078 0.9798460006713867 0.6999998092651367
    endloop
  endfacet
  facet normal 0 0 1
    outer loop
      vertex 31.287052154541016 1.458322525024414 0.6999998092651367
      vertex 31.287052154541016 -1.458322525024414 0.6999998092651367
      vertex 31.404987335205078 -0.9798460006713867 0.6999998092651367
    endloop
  endfacet
  facet normal 0 0 1
    outer loop
      vertex 31.123489379882812 1.9231834411621094 0.6999998092651367
      vertex 31.287052154541016 -1.458322525024414 0.6999998092651367
      vertex 31.287052154541016 1.458322525024414 0.6999998092651367
    endloop
  endfacet
  facet normal 0 0 1
    outer loop
      vertex 31.123489379882812 1.9231834411621094 0.6999998092651367
      vertex 31.123489379882812 -1.9231834411621094 0.6999998092651367
      vertex 31.287052154541016 -1.458322525024414 0.6999998092651367
    endloop
  endfacet
  facet normal 0 0 1
    outer loop
      vertex 30.91582489013672 2.3700876235961914 0.6999998092651367
      vertex 31.123489379882812 -1.9231834411621094 0.6999998092651367
      vertex 31.123489379882812 1.9231834411621094 0.6999998092651367
    endloop
  endfacet
  facet normal 0 0 1
    outer loop
      vertex 30.91582489013672 2.3700876235961914 0.6999998092651367
      vertex 30.91582489013672 -2.3700876235961914 0.6999998092651367
      vertex 31.123489379882812 -1.9231834411621094 0.6999998092651367
    endloop
  endfacet
  facet normal 0 0 1
    outer loop
      vertex 30.665996551513672 2.794863700866699 0.6999998092651367
      vertex 30.91582489013672 -2.3700876235961914 0.6999998092651367
      vertex 30.91582489013672 2.3700876235961914 0.6999998092651367
    endloop
  endfacet
  facet normal 0 0 1
    outer loop
      vertex 30.665996551513672 2.794863700866699 0.6999998092651367
      vertex 30.665996551513672 -2.794863700866699 0.6999998092651367
      vertex 30.91582489013672 -2.3700876235961914 0.6999998092651367
    endloop
  endfacet
  facet normal 0 0 1
    outer loop
      vertex 30.376338958740234 3.193544387817383 0.6999998092651367
      vertex 30.665996551513672 -2.794863700866699 0.6999998092651367
      vertex 30.665996551513672 2.794863700866699 0.6999998092651367
    endloop
  endfacet
  facet normal 0 0 1
    outer loop
      vertex 30.376338958740234 3.193544387817383 0.6999998092651367
      vertex 30.376338958740234 -3.193544387817383 0.6999998092651367
      vertex 30.665996551513672 -2.794863700866699 0.6999998092651367
    endloop
  endfacet
  facet normal 0 0 1
    outer loop
      vertex 30.04955291748047 3.5624074935913086 0.6999998092651367
      vertex 30.376338958740234 -3.193544387817383 0.6999998092651367
      vertex 30.376338958740234 3.193544387817383 0.6999998092651367
    endloop
  endfacet
  facet normal 0 0 1
    outer loop
      vertex 30.04955291748047 3.5624074935913086 0.6999998092651367
      vertex 30.04955291748047 -3.5624074935913086 0.6999998092651367
      vertex 30.376338958740234 -3.193544387817383 0.6999998092651367
    endloop
  endfacet
  facet normal 0 0 1
    outer loop
      vertex 29.68869400024414 3.8980093002319336 0.6999998092651367
      vertex 30.04955291748047 -3.5624074935913086 0.6999998092651367
      vertex 30.04955291748047 3.5624074935913086 0.6999998092651367
    endloop
  endfacet
  facet normal 0 0 1
    outer loop
      vertex 29.68869400024414 3.8980093002319336 0.6999998092651367
      vertex 29.68869400024414 -3.8980093002319336 0.6999998092651367
      vertex 30.04955291748047 -3.5624074935913086 0.6999998092651367
    endloop
  endfacet
  facet normal 0 0 1
    outer loop
      vertex 29.297130584716797 4.197216987609863 0.6999998092651367
      vertex 29.68869400024414 -3.8980093002319336 0.6999998092651367
      vertex 29.68869400024414 3.8980093002319336 0.6999998092651367
    endloop
  endfacet
  facet normal 0 0 1
    outer loop
      vertex 29.297130584716797 4.197216987609863 0.6999998092651367
      vertex 29.297130584716797 -4.197216987609863 0.6999998092651367
      vertex 29.68869400024414 -3.8980093002319336 0.6999998092651367
    endloop
  endfacet
  facet normal 0 0 1
    outer loop
      vertex 28.878515243530273 4.457236289978027 0.6999998092651367
      vertex 29.297130584716797 -4.197216987609863 0.6999998092651367
      vertex 29.297130584716797 4.197216987609863 0.6999998092651367
    endloop
  endfacet
  facet normal 0 0 1
    outer loop
      vertex 28.878515243530273 4.457236289978027 0.6999998092651367
      vertex 28.878515243530273 -4.457236289978027 0.6999998092651367
      vertex 29.297130584716797 -4.197216987609863 0.6999998092651367
    endloop
  endfacet
  facet normal 0 0 1
    outer loop
      vertex 28.43675994873047 4.675640106201172 0.6999998092651367
      vertex 28.878515243530273 -4.457236289978027 0.6999998092651367
      vertex 28.878515243530273 4.457236289978027 0.6999998092651367
    endloop
  endfacet
  facet normal 0 0 1
    outer loop
      vertex 28.43675994873047 4.675640106201172 0.6999998092651367
      vertex 28.43675994873047 -4.675640106201172 0.6999998092651367
      vertex 28.878515243530273 -4.457236289978027 0.6999998092651367
    endloop
  endfacet
  facet normal 0 0 1
    outer loop
      vertex 27.97598648071289 4.8503875732421875 0.6999998092651367
      vertex 28.43675994873047 -4.675640106201172 0.6999998092651367
      vertex 28.43675994873047 4.675640106201172 0.6999998092651367
    endloop
  endfacet
  facet normal 0 0 1
    outer loop
      vertex 27.97598648071289 4.8503875732421875 0.6999998092651367
      vertex 27.97598648071289 -4.8503875732421875 0.6999998092651367
      vertex 28.43675994873047 -4.675640106201172 0.6999998092651367
    endloop
  endfacet
  facet normal 0 0 1
    outer loop
      vertex 27.500499725341797 4.979848861694336 0.6999998092651367
      vertex 27.97598648071289 -4.8503875732421875 0.6999998092651367
      vertex 27.97598648071289 4.8503875732421875 0.6999998092651367
    endloop
  endfacet
  facet normal 0 0 1
    outer loop
      vertex 27.500499725341797 4.979848861694336 0.6999998092651367
      vertex 27.500499725341797 -4.979848861694336 0.6999998092651367
      vertex 27.97598648071289 -4.8503875732421875 0.6999998092651367
    endloop
  endfacet
  facet normal 0 0 1
    outer loop
      vertex 27.01473617553711 5.062814712524414 0.6999998092651367
      vertex 27.500499725341797 -4.979848861694336 0.6999998092651367
      vertex 27.500499725341797 4.979848861694336 0.6999998092651367
    endloop
  endfacet
  facet normal 0 0 1
    outer loop
      vertex 27.01473617553711 5.062814712524414 0.6999998092651367
      vertex 27.01473617553711 -5.062814712524414 0.6999998092651367
      vertex 27.500499725341797 -4.979848861694336 0.6999998092651367
    endloop
  endfacet
  facet normal 0 0 1
    outer loop
      vertex 26.523235321044922 5.0985107421875 0.6999998092651367
      vertex 27.01473617553711 -5.062814712524414 0.6999998092651367
      vertex 27.01473617553711 5.062814712524414 0.6999998092651367
    endloop
  endfacet
  facet normal 0 0 1
    outer loop
      vertex 26.523235321044922 5.0985107421875 0.6999998092651367
      vertex 26.523235321044922 -5.0985107421875 0.6999998092651367
      vertex 27.01473617553711 -5.062814712524414 0.6999998092651367
    endloop
  endfacet
  facet normal 0 0 1
    outer loop
      vertex 26.030582427978516 5.086602210998535 0.6999998092651367
      vertex 26.523235321044922 -5.0985107421875 0.6999998092651367
      vertex 26.523235321044922 5.0985107421875 0.6999998092651367
    endloop
  endfacet
  facet normal 0 0 1
    outer loop
      vertex 26.030582427978516 5.086602210998535 0.6999998092651367
      vertex 26.030582427978516 -5.086602210998535 0.6999998092651367
      vertex 26.523235321044922 -5.0985107421875 0.6999998092651367
    endloop
  endfacet
  facet normal 0 0 1
    outer loop
      vertex 25.541378021240234 5.027202606201172 0.6999998092651367
      vertex 26.030582427978516 -5.086602210998535 0.6999998092651367
      vertex 26.030582427978516 5.086602210998535 0.6999998092651367
    endloop
  endfacet
  facet normal 0 0 1
    outer loop
      vertex 25.541378021240234 5.027202606201172 0.6999998092651367
      vertex 25.541378021240234 -5.027202606201172 0.6999998092651367
      vertex 26.030582427978516 -5.086602210998535 0.6999998092651367
    endloop
  endfacet
  facet normal 0 0 1
    outer loop
      vertex 25.060192108154297 4.920865058898926 0.6999998092651367
      vertex 25.541378021240234 -5.027202606201172 0.6999998092651367
      vertex 25.541378021240234 5.027202606201172 0.6999998092651367
    endloop
  endfacet
  facet normal 0 0 1
    outer loop
      vertex 25.060192108154297 4.920865058898926 0.6999998092651367
      vertex 25.060192108154297 -4.920865058898926 0.6999998092651367
      vertex 25.541378021240234 -5.027202606201172 0.6999998092651367
    endloop
  endfacet
  facet normal 0 0 1
    outer loop
      vertex 24.591514587402344 4.768582344055176 0.6999998092651367
      vertex 25.060192108154297 -4.920865058898926 0.6999998092651367
      vertex 25.060192108154297 4.920865058898926 0.6999998092651367
    endloop
  endfacet
  facet normal 0 0 1
    outer loop
      vertex 24.591514587402344 4.768582344055176 0.6999998092651367
      vertex 24.591514587402344 -4.768582344055176 0.6999998092651367
      vertex 25.060192108154297 -4.920865058898926 0.6999998092651367
    endloop
  endfacet
  facet normal 0 0 1
    outer loop
      vertex 24.13972282409668 4.57177734375 0.6999998092651367
      vertex 24.591514587402344 -4.768582344055176 0.6999998092651367
      vertex 24.591514587402344 4.768582344055176 0.6999998092651367
    endloop
  endfacet
  facet normal 0 0 1
    outer loop
      vertex 24.13972282409668 4.57177734375 0.6999998092651367
      vertex 24.13972282409668 -4.57177734375 0.6999998092651367
      vertex 24.591514587402344 -4.768582344055176 0.6999998092651367
    endloop
  endfacet
  facet normal 0 0 1
    outer loop
      vertex 23.709033966064453 4.3322858810424805 0.6999998092651367
      vertex 24.13972282409668 -4.57177734375 0.6999998092651367
      vertex 24.13972282409668 4.57177734375 0.6999998092651367
    endloop
  endfacet
  facet normal 0 0 1
    outer loop
      vertex 23.709033966064453 4.3322858810424805 0.6999998092651367
      vertex 23.709033966064453 -4.3322858810424805 0.6999998092651367
      vertex 24.13972282409668 -4.57177734375 0.6999998092651367
    endloop
  endfacet
  facet normal 0 0 1
    outer loop
      vertex 23.303470611572266 4.052345275878906 0.6999998092651367
      vertex 23.709033966064453 -4.3322858810424805 0.6999998092651367
      vertex 23.709033966064453 4.3322858810424805 0.6999998092651367
    endloop
  endfacet
  facet normal 0 0 1
    outer loop
      vertex 23.303470611572266 4.052345275878906 0.6999998092651367
      vertex 23.303470611572266 -4.052345275878906 0.6999998092651367
      vertex 23.709033966064453 -4.3322858810424805 0.6999998092651367
    endloop
  endfacet
  facet normal 0 0 1
    outer loop
      vertex 22.92681884765625 3.734569549560547 0.6999998092651367
      vertex 23.303470611572266 -4.052345275878906 0.6999998092651367
      vertex 23.303470611572266 4.052345275878906 0.6999998092651367
    endloop
  endfacet
  facet normal 0 0 1
    outer loop
      vertex 22.92681884765625 3.734569549560547 0.6999998092651367
      vertex 22.92681884765625 -3.734569549560547 0.6999998092651367
      vertex 23.303470611572266 -4.052345275878906 0.6999998092651367
    endloop
  endfacet
  facet normal 0 0 1
    outer loop
      vertex 22.582595825195312 3.381924629211426 0.6999998092651367
      vertex 22.92681884765625 -3.734569549560547 0.6999998092651367
      vertex 22.92681884765625 3.734569549560547 0.6999998092651367
    endloop
  endfacet
  facet normal 0 0 1
    outer loop
      vertex 22.582595825195312 3.381924629211426 0.6999998092651367
      vertex 22.582595825195312 -3.381924629211426 0.6999998092651367
      vertex 22.92681884765625 -3.734569549560547 0.6999998092651367
    endloop
  endfacet
  facet normal 0 0 1
    outer loop
      vertex 22.27401351928711 2.99770450592041 0.6999998092651367
      vertex 22.582595825195312 -3.381924629211426 0.6999998092651367
      vertex 22.582595825195312 3.381924629211426 0.6999998092651367
    endloop
  endfacet
  facet normal 0 0 1
    outer loop
      vertex 22.27401351928711 2.99770450592041 0.6999998092651367
      vertex 22.27401351928711 -2.99770450592041 0.6999998092651367
      vertex 22.582595825195312 -3.381924629211426 0.6999998092651367
    endloop
  endfacet
  facet normal 0 0 1
    outer loop
      vertex 22.00395393371582 2.5854949951171875 0.6999998092651367
      vertex 22.27401351928711 -2.99770450592041 0.6999998092651367
      vertex 22.27401351928711 2.99770450592041 0.6999998092651367
    endloop
  endfacet
  facet normal 0 0 1
    outer loop
      vertex 22.00395393371582 2.5854949951171875 0.6999998092651367
      vertex 22.00395393371582 -2.5854949951171875 0.6999998092651367
      vertex 22.27401351928711 -2.99770450592041 0.6999998092651367
    endloop
  endfacet
  facet normal 0 0 1
    outer loop
      vertex 21.774940490722656 2.1491451263427734 0.6999998092651367
      vertex 22.00395393371582 -2.5854949951171875 0.6999998092651367
      vertex 22.00395393371582 2.5854949951171875 0.6999998092651367
    endloop
  endfacet
  facet normal 0 0 1
    outer loop
      vertex 21.774940490722656 2.1491451263427734 0.6999998092651367
      vertex 21.774940490722656 -2.1491451263427734 0.6999998092651367
      vertex 22.00395393371582 -2.5854949951171875 0.6999998092651367
    endloop
  endfacet
  facet normal 0 0 1
    outer loop
      vertex 21.589109420776367 1.6927299499511719 0.6999998092651367
      vertex 21.774940490722656 -2.1491451263427734 0.6999998092651367
      vertex 21.774940490722656 2.1491451263427734 0.6999998092651367
    endloop
  endfacet
  facet normal 0 0 1
    outer loop
      vertex 21.589109420776367 1.6927299499511719 0.6999998092651367
      vertex 21.589109420776367 -1.6927299499511719 0.6999998092651367
      vertex 21.774940490722656 -2.1491451263427734 0.6999998092651367
    endloop
  endfacet
  facet normal 0 0 1
    outer loop
      vertex 21.448196411132812 1.2205095291137695 0.6999998092651367
      vertex 21.589109420776367 -1.6927299499511719 0.6999998092651367
      vertex 21.589109420776367 1.6927299499511719 0.6999998092651367
    endloop
  endfacet
  facet normal 0 0 1
    outer loop
      vertex 21.448196411132812 1.2205095291137695 0.6999998092651367
      vertex 21.448196411132812 -1.2205095291137695 0.6999998092651367
      vertex 21.589109420776367 -1.6927299499511719 0.6999998092651367
    endloop
  endfacet
  facet normal 0 0 1
    outer loop
      vertex 21.353515625 0.7368936538696289 0.6999998092651367
      vertex 21.448196411132812 -1.2205095291137695 0.6999998092651367
      vertex 21.448196411132812 1.2205095291137695 0.6999998092651367
    endloop
  endfacet
  facet normal 0 0 1
    outer loop
      vertex 21.353515625 0.7368936538696289 0.6999998092651367
      vertex 21.353515625 -0.7368936538696289 0.6999998092651367
      vertex 21.448196411132812 -1.2205095291137695 0.6999998092651367
    endloop
  endfacet
  facet normal 0 0 1
    outer loop
      vertex 21.305953979492188 0.2463979721069336 0.6999998092651367
      vertex 21.353515625 -0.7368936538696289 0.6999998092651367
      vertex 21.353515625 0.7368936538696289 0.6999998092651367
    endloop
  endfacet
  facet normal 0 0 1
    outer loop
      vertex 21.353515625 -0.7368936538696289 0.6999998092651367
      vertex 21.305953979492188 0.2463979721069336 0.6999998092651367
      vertex 21.305953979492188 -0.2463979721069336 0.6999998092651367
    endloop
  endfacet
  facet normal -0.9709412000050861 0.23931816924897995 0
    outer loop
      vertex 31.287052154541016 -1.458322525024414 0.6999998092651367
      vertex 31.404987335205078 -0.9798460006713867 5.949999809265137
      vertex 31.404987335205078 -0.9798460006713867 0.6999998092651367
    endloop
  endfacet
  facet normal -0.9709412000050861 0.23931816924897995 0
    outer loop
      vertex 31.404987335205078 -0.9798460006713867 5.949999809265137
      vertex 31.287052154541016 -1.458322525024414 0.6999998092651367
      vertex 31.287052154541016 -1.458322525024414 5.949999809265137
    endloop
  endfacet
  facet normal 0.4859838410446865 0.8739677947404315 0
    outer loop
      vertex 24.13972282409668 -4.57177734375 0.6999998092651367
      vertex 23.709033966064453 -4.3322858810424805 5.949999809265137
      vertex 24.13972282409668 -4.57177734375 5.949999809265137
    endloop
  endfacet
  facet normal 0.4859838410446865 0.8739677947404315 0
    outer loop
      vertex 23.709033966064453 -4.3322858810424805 5.949999809265137
      vertex 24.13972282409668 -4.57177734375 0.6999998092651367
      vertex 23.709033966064453 -4.3322858810424805 0.6999998092651367
    endloop
  endfacet
  facet normal -0.5276398287884853 0.8494681930926301 0
    outer loop
      vertex 29.297130584716797 -4.197216987609863 0.6999998092651367
      vertex 28.878515243530273 -4.457236289978027 5.949999809265137
      vertex 29.297130584716797 -4.197216987609863 5.949999809265137
    endloop
  endfacet
  facet normal -0.5276398287884853 0.8494681930926301 0
    outer loop
      vertex 28.878515243530273 -4.457236289978027 5.949999809265137
      vertex 29.297130584716797 -4.197216987609863 0.6999998092651367
      vertex 28.878515243530273 -4.457236289978027 0.6999998092651367
    endloop
  endfacet
  facet normal 0.6448422536174793 0.7643156860548727 0
    outer loop
      vertex 23.303470611572266 -4.052345275878906 0.6999998092651367
      vertex 22.92681884765625 -3.734569549560547 5.949999809265137
      vertex 23.303470611572266 -4.052345275878906 5.949999809265137
    endloop
  endfacet
  facet normal 0.6448422536174793 0.7643156860548727 0
    outer loop
      vertex 22.92681884765625 -3.734569549560547 5.949999809265137
      vertex 23.303470611572266 -4.052345275878906 0.6999998092651367
      vertex 22.92681884765625 -3.734569549560547 0.6999998092651367
    endloop
  endfacet
  facet normal 0.8364692358701238 -0.548013884352259 0
    outer loop
      vertex 22.00395393371582 2.5854949951171875 5.949999809265137
      vertex 22.27401351928711 2.99770450592041 0.6999998092651367
      vertex 22.27401351928711 2.99770450592041 5.949999809265137
    endloop
  endfacet
  facet normal 0.8364692358701238 -0.548013884352259 0
    outer loop
      vertex 22.27401351928711 2.99770450592041 0.6999998092651367
      vertex 22.00395393371582 2.5854949951171875 5.949999809265137
      vertex 22.00395393371582 2.5854949951171875 0.6999998092651367
    endloop
  endfacet
  facet normal -0.35460336245708457 -0.9350168208829879 0
    outer loop
      vertex 27.97598648071289 4.8503875732421875 0.6999998092651367
      vertex 28.43675994873047 4.675640106201172 5.949999809265137
      vertex 27.97598648071289 4.8503875732421875 5.949999809265137
    endloop
  endfacet
  facet normal -0.35460336245708457 -0.9350168208829879 0
    outer loop
      vertex 28.43675994873047 4.675640106201172 5.949999809265137
      vertex 27.97598648071289 4.8503875732421875 0.6999998092651367
      vertex 28.43675994873047 4.675640106201172 0.6999998092651367
    endloop
  endfacet
  facet normal -0.26270767866762385 -0.9648754715345751 0
    outer loop
      vertex 27.500499725341797 4.979848861694336 0.6999998092651367
      vertex 27.97598648071289 4.8503875732421875 5.949999809265137
      vertex 27.500499725341797 4.979848861694336 5.949999809265137
    endloop
  endfacet
  facet normal -0.26270767866762385 -0.9648754715345751 0
    outer loop
      vertex 27.97598648071289 4.8503875732421875 5.949999809265137
      vertex 27.500499725341797 4.979848861694336 0.6999998092651367
      vertex 27.97598648071289 4.8503875732421875 0.6999998092651367
    endloop
  endfacet
  facet normal 0.9261744826861544 -0.3770952500642699 0
    outer loop
      vertex 21.589109420776367 1.6927299499511719 5.949999809265137
      vertex 21.774940490722656 2.1491451263427734 0.6999998092651367
      vertex 21.774940490722656 2.1491451263427734 5.949999809265137
    endloop
  endfacet
  facet normal 0.9261744826861544 -0.3770952500642699 0
    outer loop
      vertex 21.774940490722656 2.1491451263427734 0.6999998092651367
      vertex 21.589109420776367 1.6927299499511719 5.949999809265137
      vertex 21.589109420776367 1.6927299499511719 0.6999998092651367
    endloop
  endfacet
  facet normal 0.0241651958519431 -0.9997079790165911 0
    outer loop
      vertex 26.030582427978516 5.086602210998535 0.6999998092651367
      vertex 26.523235321044922 5.0985107421875 5.949999809265137
      vertex 26.030582427978516 5.086602210998535 5.949999809265137
    endloop
  endfacet
  facet normal 0.0241651958519431 -0.9997079790165911 0
    outer loop
      vertex 26.523235321044922 5.0985107421875 5.949999809265137
      vertex 26.030582427978516 5.086602210998535 0.6999998092651367
      vertex 26.523235321044922 5.0985107421875 0.6999998092651367
    endloop
  endfacet
  facet normal -0.6071643211867267 -0.7945762940573178 0
    outer loop
      vertex 29.297130584716797 4.197216987609863 0.6999998092651367
      vertex 29.68869400024414 3.8980093002319336 5.949999809265137
      vertex 29.297130584716797 4.197216987609863 5.949999809265137
    endloop
  endfacet
  facet normal -0.6071643211867267 -0.7945762940573178 0
    outer loop
      vertex 29.68869400024414 3.8980093002319336 5.949999809265137
      vertex 29.297130584716797 4.197216987609863 0.6999998092651367
      vertex 29.68869400024414 3.8980093002319336 0.6999998092651367
    endloop
  endfacet
  facet normal -0.9895065275493017 0.14448817230944308 0
    outer loop
      vertex 31.404987335205078 -0.9798460006713867 0.6999998092651367
      vertex 31.4761905670166 -0.4922208786010742 5.949999809265137
      vertex 31.4761905670166 -0.4922208786010742 0.6999998092651367
    endloop
  endfacet
  facet normal -0.9895065275493017 0.14448817230944308 0
    outer loop
      vertex 31.4761905670166 -0.4922208786010742 5.949999809265137
      vertex 31.404987335205078 -0.9798460006713867 0.6999998092651367
      vertex 31.404987335205078 -0.9798460006713867 5.949999809265137
    endloop
  endfacet
  facet normal -0.6810159212470506 0.7322686085092212 0
    outer loop
      vertex 30.04955291748047 -3.5624074935913086 0.6999998092651367
      vertex 29.68869400024414 -3.8980093002319336 5.949999809265137
      vertex 30.04955291748047 -3.5624074935913086 5.949999809265137
    endloop
  endfacet
  facet normal -0.6810159212470506 0.7322686085092212 0
    outer loop
      vertex 29.68869400024414 -3.8980093002319336 5.949999809265137
      vertex 30.04955291748047 -3.5624074935913086 0.6999998092651367
      vertex 29.68869400024414 -3.8980093002319336 0.6999998092651367
    endloop
  endfacet
  facet normal 0.9261744826861544 0.3770952500642699 0
    outer loop
      vertex 21.774940490722656 -2.1491451263427734 5.949999809265137
      vertex 21.589109420776367 -1.6927299499511719 0.6999998092651367
      vertex 21.589109420776367 -1.6927299499511719 5.949999809265137
    endloop
  endfacet
  facet normal 0.9261744826861544 0.3770952500642699 0
    outer loop
      vertex 21.589109420776367 -1.6927299499511719 0.6999998092651367
      vertex 21.774940490722656 -2.1491451263427734 5.949999809265137
      vertex 21.774940490722656 -2.1491451263427734 0.6999998092651367
    endloop
  endfacet
  facet normal -0.8619696341830624 0.506959909407359 0
    outer loop
      vertex 30.665996551513672 -2.794863700866699 0.6999998092651367
      vertex 30.91582489013672 -2.3700876235961914 5.949999809265137
      vertex 30.91582489013672 -2.3700876235961914 0.6999998092651367
    endloop
  endfacet
  facet normal -0.8619696341830624 0.506959909407359 0
    outer loop
      vertex 30.91582489013672 -2.3700876235961914 5.949999809265137
      vertex 30.665996551513672 -2.794863700866699 0.6999998092651367
      vertex 30.665996551513672 -2.794863700866699 5.949999809265137
    endloop
  endfacet
  facet normal -0.7485088898433067 0.6631247558533315 0
    outer loop
      vertex 30.04955291748047 -3.5624074935913086 0.6999998092651367
      vertex 30.376338958740234 -3.193544387817383 5.949999809265137
      vertex 30.376338958740234 -3.193544387817383 0.6999998092651367
    endloop
  endfacet
  facet normal -0.7485088898433067 0.6631247558533315 0
    outer loop
      vertex 30.376338958740234 -3.193544387817383 5.949999809265137
      vertex 30.04955291748047 -3.5624074935913086 0.6999998092651367
      vertex 30.04955291748047 -3.5624074935913086 5.949999809265137
    endloop
  endfacet
  facet normal -0.9433120093420815 -0.33190729583877 0
    outer loop
      vertex 31.287052154541016 1.458322525024414 0.6999998092651367
      vertex 31.123489379882812 1.9231834411621094 5.949999809265137
      vertex 31.123489379882812 1.9231834411621094 0.6999998092651367
    endloop
  endfacet
  facet normal -0.9433120093420815 -0.33190729583877 0
    outer loop
      vertex 31.123489379882812 1.9231834411621094 5.949999809265137
      vertex 31.287052154541016 1.458322525024414 0.6999998092651367
      vertex 31.287052154541016 1.458322525024414 5.949999809265137
    endloop
  endfacet
  facet normal 0.8854565557160576 -0.4647221620919922 0
    outer loop
      vertex 21.774940490722656 2.1491451263427734 5.949999809265137
      vertex 22.00395393371582 2.5854949951171875 0.6999998092651367
      vertex 22.00395393371582 2.5854949951171875 5.949999809265137
    endloop
  endfacet
  facet normal 0.8854565557160576 -0.4647221620919922 0
    outer loop
      vertex 22.00395393371582 2.5854949951171875 0.6999998092651367
      vertex 21.774940490722656 2.1491451263427734 5.949999809265137
      vertex 21.774940490722656 2.1491451263427734 0.6999998092651367
    endloop
  endfacet
  facet normal -0.9895065275493017 -0.14448817230944308 0
    outer loop
      vertex 31.4761905670166 0.4922208786010742 0.6999998092651367
      vertex 31.404987335205078 0.9798460006713867 5.949999809265137
      vertex 31.404987335205078 0.9798460006713867 0.6999998092651367
    endloop
  endfacet
  facet normal -0.9895065275493017 -0.14448817230944308 0
    outer loop
      vertex 31.404987335205078 0.9798460006713867 5.949999809265137
      vertex 31.4761905670166 0.4922208786010742 0.6999998092651367
      vertex 31.4761905670166 0.4922208786010742 5.949999809265137
    endloop
  endfacet
  facet normal -0.9709412000050861 -0.23931816924897995 0
    outer loop
      vertex 31.404987335205078 0.9798460006713867 0.6999998092651367
      vertex 31.287052154541016 1.458322525024414 5.949999809265137
      vertex 31.287052154541016 1.458322525024414 0.6999998092651367
    endloop
  endfacet
  facet normal -0.9709412000050861 -0.23931816924897995 0
    outer loop
      vertex 31.287052154541016 1.458322525024414 5.949999809265137
      vertex 31.404987335205078 0.9798460006713867 0.6999998092651367
      vertex 31.404987335205078 0.9798460006713867 5.949999809265137
    endloop
  endfacet
  facet normal 0.8854565557160576 0.4647221620919922 0
    outer loop
      vertex 22.00395393371582 -2.5854949951171875 5.949999809265137
      vertex 21.774940490722656 -2.1491451263427734 0.6999998092651367
      vertex 21.774940490722656 -2.1491451263427734 5.949999809265137
    endloop
  endfacet
  facet normal 0.8854565557160576 0.4647221620919922 0
    outer loop
      vertex 21.774940490722656 -2.1491451263427734 0.6999998092651367
      vertex 22.00395393371582 -2.5854949951171875 5.949999809265137
      vertex 22.00395393371582 -2.5854949951171875 0.6999998092651367
    endloop
  endfacet
  facet normal -0.9988321508655704 0.048314950038865774 0
    outer loop
      vertex 31.4761905670166 -0.4922208786010742 0.6999998092651367
      vertex 31.5 0 5.949999809265137
      vertex 31.5 0 0.6999998092651367
    endloop
  endfacet
  facet normal -0.9988321508655704 0.048314950038865774 0
    outer loop
      vertex 31.5 0 5.949999809265137
      vertex 31.4761905670166 -0.4922208786010742 0.6999998092651367
      vertex 31.4761905670166 -0.4922208786010742 5.949999809265137
    endloop
  endfacet
  facet normal -0.6071643211867267 0.7945762940573178 0
    outer loop
      vertex 29.68869400024414 -3.8980093002319336 0.6999998092651367
      vertex 29.297130584716797 -4.197216987609863 5.949999809265137
      vertex 29.68869400024414 -3.8980093002319336 5.949999809265137
    endloop
  endfacet
  facet normal -0.6071643211867267 0.7945762940573178 0
    outer loop
      vertex 29.297130584716797 -4.197216987609863 5.949999809265137
      vertex 29.68869400024414 -3.8980093002319336 0.6999998092651367
      vertex 29.297130584716797 -4.197216987609863 0.6999998092651367
    endloop
  endfacet
  facet normal -0.9068746311855206 0.4214005259988721 0
    outer loop
      vertex 30.91582489013672 -2.3700876235961914 0.6999998092651367
      vertex 31.123489379882812 -1.9231834411621094 5.949999809265137
      vertex 31.123489379882812 -1.9231834411621094 0.6999998092651367
    endloop
  endfacet
  facet normal -0.9068746311855206 0.4214005259988721 0
    outer loop
      vertex 31.123489379882812 -1.9231834411621094 5.949999809265137
      vertex 30.91582489013672 -2.3700876235961914 0.6999998092651367
      vertex 30.91582489013672 -2.3700876235961914 5.949999809265137
    endloop
  endfacet
  facet normal 0.5680653432734544 -0.822983454129919 0
    outer loop
      vertex 23.303470611572266 4.052345275878906 0.6999998092651367
      vertex 23.709033966064453 4.3322858810424805 5.949999809265137
      vertex 23.303470611572266 4.052345275878906 5.949999809265137
    endloop
  endfacet
  facet normal 0.5680653432734544 -0.822983454129919 0
    outer loop
      vertex 23.709033966064453 4.3322858810424805 5.949999809265137
      vertex 23.303470611572266 4.052345275878906 0.6999998092651367
      vertex 23.709033966064453 4.3322858810424805 0.6999998092651367
    endloop
  endfacet
  facet normal -0.16835681921866116 0.9857261188700314 0
    outer loop
      vertex 27.500499725341797 -4.979848861694336 0.6999998092651367
      vertex 27.01473617553711 -5.062814712524414 5.949999809265137
      vertex 27.500499725341797 -4.979848861694336 5.949999809265137
    endloop
  endfacet
  facet normal -0.16835681921866116 0.9857261188700314 0
    outer loop
      vertex 27.01473617553711 -5.062814712524414 5.949999809265137
      vertex 27.500499725341797 -4.979848861694336 0.6999998092651367
      vertex 27.01473617553711 -5.062814712524414 0.6999998092651367
    endloop
  endfacet
  facet normal -0.443193095788568 0.8964261708837741 0
    outer loop
      vertex 28.878515243530273 -4.457236289978027 0.6999998092651367
      vertex 28.43675994873047 -4.675640106201172 5.949999809265137
      vertex 28.878515243530273 -4.457236289978027 5.949999809265137
    endloop
  endfacet
  facet normal -0.443193095788568 0.8964261708837741 0
    outer loop
      vertex 28.43675994873047 -4.675640106201172 5.949999809265137
      vertex 28.878515243530273 -4.457236289978027 0.6999998092651367
      vertex 28.43675994873047 -4.675640106201172 0.6999998092651367
    endloop
  endfacet
  facet normal -0.5276398287884853 -0.8494681930926301 0
    outer loop
      vertex 28.878515243530273 4.457236289978027 0.6999998092651367
      vertex 29.297130584716797 4.197216987609863 5.949999809265137
      vertex 28.878515243530273 4.457236289978027 5.949999809265137
    endloop
  endfacet
  facet normal -0.5276398287884853 -0.8494681930926301 0
    outer loop
      vertex 29.297130584716797 4.197216987609863 5.949999809265137
      vertex 28.878515243530273 4.457236289978027 0.6999998092651367
      vertex 29.297130584716797 4.197216987609863 0.6999998092651367
    endloop
  endfacet
  facet normal 0.12053555145738892 0.9927090111582866 0
    outer loop
      vertex 26.030582427978516 -5.086602210998535 0.6999998092651367
      vertex 25.541378021240234 -5.027202606201172 5.949999809265137
      vertex 26.030582427978516 -5.086602210998535 5.949999809265137
    endloop
  endfacet
  facet normal 0.12053555145738892 0.9927090111582866 0
    outer loop
      vertex 25.541378021240234 -5.027202606201172 5.949999809265137
      vertex 26.030582427978516 -5.086602210998535 0.6999998092651367
      vertex 25.541378021240234 -5.027202606201172 0.6999998092651367
    endloop
  endfacet
  facet normal 0.21578426345613236 0.9764410640917836 0
    outer loop
      vertex 25.541378021240234 -5.027202606201172 0.6999998092651367
      vertex 25.060192108154297 -4.920865058898926 5.949999809265137
      vertex 25.541378021240234 -5.027202606201172 5.949999809265137
    endloop
  endfacet
  facet normal 0.21578426345613236 0.9764410640917836 0
    outer loop
      vertex 25.060192108154297 -4.920865058898926 5.949999809265137
      vertex 25.541378021240234 -5.027202606201172 0.6999998092651367
      vertex 25.060192108154297 -4.920865058898926 0.6999998092651367
    endloop
  endfacet
  facet normal -0.8090178448806462 0.5877840816700249 0
    outer loop
      vertex 30.376338958740234 -3.193544387817383 0.6999998092651367
      vertex 30.665996551513672 -2.794863700866699 5.949999809265137
      vertex 30.665996551513672 -2.794863700866699 0.6999998092651367
    endloop
  endfacet
  facet normal -0.8090178448806462 0.5877840816700249 0
    outer loop
      vertex 30.665996551513672 -2.794863700866699 5.949999809265137
      vertex 30.376338958740234 -3.193544387817383 0.6999998092651367
      vertex 30.376338958740234 -3.193544387817383 5.949999809265137
    endloop
  endfacet
  facet normal -0.8619696341830624 -0.506959909407359 0
    outer loop
      vertex 30.91582489013672 2.3700876235961914 0.6999998092651367
      vertex 30.665996551513672 2.794863700866699 5.949999809265137
      vertex 30.665996551513672 2.794863700866699 0.6999998092651367
    endloop
  endfacet
  facet normal -0.8619696341830624 -0.506959909407359 0
    outer loop
      vertex 30.665996551513672 2.794863700866699 5.949999809265137
      vertex 30.91582489013672 2.3700876235961914 0.6999998092651367
      vertex 30.91582489013672 2.3700876235961914 5.949999809265137
    endloop
  endfacet
  facet normal 0.9582458783329338 -0.2859455134425864 0
    outer loop
      vertex 21.448196411132812 1.2205095291137695 5.949999809265137
      vertex 21.589109420776367 1.6927299499511719 0.6999998092651367
      vertex 21.589109420776367 1.6927299499511719 5.949999809265137
    endloop
  endfacet
  facet normal 0.9582458783329338 -0.2859455134425864 0
    outer loop
      vertex 21.589109420776367 1.6927299499511719 0.6999998092651367
      vertex 21.448196411132812 1.2205095291137695 5.949999809265137
      vertex 21.448196411132812 1.2205095291137695 0.6999998092651367
    endloop
  endfacet
  facet normal -0.16835681921866116 -0.9857261188700314 0
    outer loop
      vertex 27.01473617553711 5.062814712524414 0.6999998092651367
      vertex 27.500499725341797 4.979848861694336 5.949999809265137
      vertex 27.01473617553711 5.062814712524414 5.949999809265137
    endloop
  endfacet
  facet normal -0.16835681921866116 -0.9857261188700314 0
    outer loop
      vertex 27.500499725341797 4.979848861694336 5.949999809265137
      vertex 27.01473617553711 5.062814712524414 0.6999998092651367
      vertex 27.500499725341797 4.979848861694336 0.6999998092651367
    endloop
  endfacet
  facet normal -0.7485088898433067 -0.6631247558533315 0
    outer loop
      vertex 30.376338958740234 3.193544387817383 0.6999998092651367
      vertex 30.04955291748047 3.5624074935913086 5.949999809265137
      vertex 30.04955291748047 3.5624074935913086 0.6999998092651367
    endloop
  endfacet
  facet normal -0.7485088898433067 -0.6631247558533315 0
    outer loop
      vertex 30.04955291748047 3.5624074935913086 5.949999809265137
      vertex 30.376338958740234 3.193544387817383 0.6999998092651367
      vertex 30.376338958740234 3.193544387817383 5.949999809265137
    endloop
  endfacet
  facet normal -0.8090178448806462 -0.5877840816700249 0
    outer loop
      vertex 30.665996551513672 2.794863700866699 0.6999998092651367
      vertex 30.376338958740234 3.193544387817383 5.949999809265137
      vertex 30.376338958740234 3.193544387817383 0.6999998092651367
    endloop
  endfacet
  facet normal -0.8090178448806462 -0.5877840816700249 0
    outer loop
      vertex 30.376338958740234 3.193544387817383 5.949999809265137
      vertex 30.665996551513672 2.794863700866699 0.6999998092651367
      vertex 30.665996551513672 2.794863700866699 5.949999809265137
    endloop
  endfacet
  facet normal 0.3993639489277217 -0.9167924717714778 0
    outer loop
      vertex 24.13972282409668 4.57177734375 0.6999998092651367
      vertex 24.591514587402344 4.768582344055176 5.949999809265137
      vertex 24.13972282409668 4.57177734375 5.949999809265137
    endloop
  endfacet
  facet normal 0.3993639489277217 -0.9167924717714778 0
    outer loop
      vertex 24.591514587402344 4.768582344055176 5.949999809265137
      vertex 24.13972282409668 4.57177734375 0.6999998092651367
      vertex 24.591514587402344 4.768582344055176 0.6999998092651367
    endloop
  endfacet
  facet normal 0 0 -1
    outer loop
      vertex 31.4761905670166 -0.4922208786010742 5.949999809265137
      vertex 31.4761905670166 0.4922208786010742 5.949999809265137
      vertex 31.5 0 5.949999809265137
    endloop
  endfacet
  facet normal 0 0 -1
    outer loop
      vertex 31.404987335205078 -0.9798460006713867 5.949999809265137
      vertex 31.4761905670166 0.4922208786010742 5.949999809265137
      vertex 31.4761905670166 -0.4922208786010742 5.949999809265137
    endloop
  endfacet
  facet normal 0 0 -1
    outer loop
      vertex 31.404987335205078 -0.9798460006713867 5.949999809265137
      vertex 31.404987335205078 0.9798460006713867 5.949999809265137
      vertex 31.4761905670166 0.4922208786010742 5.949999809265137
    endloop
  endfacet
  facet normal 0 0 -1
    outer loop
      vertex 31.287052154541016 -1.458322525024414 5.949999809265137
      vertex 31.404987335205078 0.9798460006713867 5.949999809265137
      vertex 31.404987335205078 -0.9798460006713867 5.949999809265137
    endloop
  endfacet
  facet normal 0 0 -1
    outer loop
      vertex 31.287052154541016 -1.458322525024414 5.949999809265137
      vertex 31.287052154541016 1.458322525024414 5.949999809265137
      vertex 31.404987335205078 0.9798460006713867 5.949999809265137
    endloop
  endfacet
  facet normal 0 0 -1
    outer loop
      vertex 31.123489379882812 -1.9231834411621094 5.949999809265137
      vertex 31.287052154541016 1.458322525024414 5.949999809265137
      vertex 31.287052154541016 -1.458322525024414 5.949999809265137
    endloop
  endfacet
  facet normal 0 0 -1
    outer loop
      vertex 31.123489379882812 -1.9231834411621094 5.949999809265137
      vertex 31.123489379882812 1.9231834411621094 5.949999809265137
      vertex 31.287052154541016 1.458322525024414 5.949999809265137
    endloop
  endfacet
  facet normal 0 0 -1
    outer loop
      vertex 30.91582489013672 -2.3700876235961914 5.949999809265137
      vertex 31.123489379882812 1.9231834411621094 5.949999809265137
      vertex 31.123489379882812 -1.9231834411621094 5.949999809265137
    endloop
  endfacet
  facet normal 0 0 -1
    outer loop
      vertex 30.91582489013672 -2.3700876235961914 5.949999809265137
      vertex 30.91582489013672 2.3700876235961914 5.949999809265137
      vertex 31.123489379882812 1.9231834411621094 5.949999809265137
    endloop
  endfacet
  facet normal 0 0 -1
    outer loop
      vertex 30.665996551513672 -2.794863700866699 5.949999809265137
      vertex 30.91582489013672 2.3700876235961914 5.949999809265137
      vertex 30.91582489013672 -2.3700876235961914 5.949999809265137
    endloop
  endfacet
  facet normal 0 0 -1
    outer loop
      vertex 30.665996551513672 -2.794863700866699 5.949999809265137
      vertex 30.665996551513672 2.794863700866699 5.949999809265137
      vertex 30.91582489013672 2.3700876235961914 5.949999809265137
    endloop
  endfacet
  facet normal 0 0 -1
    outer loop
      vertex 30.376338958740234 -3.193544387817383 5.949999809265137
      vertex 30.665996551513672 2.794863700866699 5.949999809265137
      vertex 30.665996551513672 -2.794863700866699 5.949999809265137
    endloop
  endfacet
  facet normal 0 0 -1
    outer loop
      vertex 30.376338958740234 -3.193544387817383 5.949999809265137
      vertex 30.376338958740234 3.193544387817383 5.949999809265137
      vertex 30.665996551513672 2.794863700866699 5.949999809265137
    endloop
  endfacet
  facet normal 0 0 -1
    outer loop
      vertex 30.04955291748047 -3.5624074935913086 5.949999809265137
      vertex 30.376338958740234 3.193544387817383 5.949999809265137
      vertex 30.376338958740234 -3.193544387817383 5.949999809265137
    endloop
  endfacet
  facet normal 0 0 -1
    outer loop
      vertex 30.04955291748047 -3.5624074935913086 5.949999809265137
      vertex 30.04955291748047 3.5624074935913086 5.949999809265137
      vertex 30.376338958740234 3.193544387817383 5.949999809265137
    endloop
  endfacet
  facet normal 0 0 -1
    outer loop
      vertex 29.68869400024414 -3.8980093002319336 5.949999809265137
      vertex 30.04955291748047 3.5624074935913086 5.949999809265137
      vertex 30.04955291748047 -3.5624074935913086 5.949999809265137
    endloop
  endfacet
  facet normal 0 0 -1
    outer loop
      vertex 29.68869400024414 -3.8980093002319336 5.949999809265137
      vertex 29.68869400024414 3.8980093002319336 5.949999809265137
      vertex 30.04955291748047 3.5624074935913086 5.949999809265137
    endloop
  endfacet
  facet normal 0 0 -1
    outer loop
      vertex 29.297130584716797 -4.197216987609863 5.949999809265137
      vertex 29.68869400024414 3.8980093002319336 5.949999809265137
      vertex 29.68869400024414 -3.8980093002319336 5.949999809265137
    endloop
  endfacet
  facet normal 0 0 -1
    outer loop
      vertex 29.297130584716797 -4.197216987609863 5.949999809265137
      vertex 29.297130584716797 4.197216987609863 5.949999809265137
      vertex 29.68869400024414 3.8980093002319336 5.949999809265137
    endloop
  endfacet
  facet normal 0 0 -1
    outer loop
      vertex 28.878515243530273 -4.457236289978027 5.949999809265137
      vertex 29.297130584716797 4.197216987609863 5.949999809265137
      vertex 29.297130584716797 -4.197216987609863 5.949999809265137
    endloop
  endfacet
  facet normal 0 0 -1
    outer loop
      vertex 28.878515243530273 -4.457236289978027 5.949999809265137
      vertex 28.878515243530273 4.457236289978027 5.949999809265137
      vertex 29.297130584716797 4.197216987609863 5.949999809265137
    endloop
  endfacet
  facet normal 0 0 -1
    outer loop
      vertex 28.43675994873047 -4.675640106201172 5.949999809265137
      vertex 28.878515243530273 4.457236289978027 5.949999809265137
      vertex 28.878515243530273 -4.457236289978027 5.949999809265137
    endloop
  endfacet
  facet normal 0 0 -1
    outer loop
      vertex 28.43675994873047 -4.675640106201172 5.949999809265137
      vertex 28.43675994873047 4.675640106201172 5.949999809265137
      vertex 28.878515243530273 4.457236289978027 5.949999809265137
    endloop
  endfacet
  facet normal 0 0 -1
    outer loop
      vertex 27.97598648071289 -4.8503875732421875 5.949999809265137
      vertex 28.43675994873047 4.675640106201172 5.949999809265137
      vertex 28.43675994873047 -4.675640106201172 5.949999809265137
    endloop
  endfacet
  facet normal 0 0 -1
    outer loop
      vertex 27.97598648071289 -4.8503875732421875 5.949999809265137
      vertex 27.97598648071289 4.8503875732421875 5.949999809265137
      vertex 28.43675994873047 4.675640106201172 5.949999809265137
    endloop
  endfacet
  facet normal 0 0 -1
    outer loop
      vertex 27.500499725341797 -4.979848861694336 5.949999809265137
      vertex 27.97598648071289 4.8503875732421875 5.949999809265137
      vertex 27.97598648071289 -4.8503875732421875 5.949999809265137
    endloop
  endfacet
  facet normal 0 0 -1
    outer loop
      vertex 27.500499725341797 -4.979848861694336 5.949999809265137
      vertex 27.500499725341797 4.979848861694336 5.949999809265137
      vertex 27.97598648071289 4.8503875732421875 5.949999809265137
    endloop
  endfacet
  facet normal 0 0 -1
    outer loop
      vertex 27.01473617553711 -5.062814712524414 5.949999809265137
      vertex 27.500499725341797 4.979848861694336 5.949999809265137
      vertex 27.500499725341797 -4.979848861694336 5.949999809265137
    endloop
  endfacet
  facet normal 0 0 -1
    outer loop
      vertex 27.01473617553711 -5.062814712524414 5.949999809265137
      vertex 27.01473617553711 5.062814712524414 5.949999809265137
      vertex 27.500499725341797 4.979848861694336 5.949999809265137
    endloop
  endfacet
  facet normal 0 0 -1
    outer loop
      vertex 26.523235321044922 -5.0985107421875 5.949999809265137
      vertex 27.01473617553711 5.062814712524414 5.949999809265137
      vertex 27.01473617553711 -5.062814712524414 5.949999809265137
    endloop
  endfacet
  facet normal 0 0 -1
    outer loop
      vertex 26.523235321044922 -5.0985107421875 5.949999809265137
      vertex 26.523235321044922 5.0985107421875 5.949999809265137
      vertex 27.01473617553711 5.062814712524414 5.949999809265137
    endloop
  endfacet
  facet normal 0 0 -1
    outer loop
      vertex 26.030582427978516 -5.086602210998535 5.949999809265137
      vertex 26.523235321044922 5.0985107421875 5.949999809265137
      vertex 26.523235321044922 -5.0985107421875 5.949999809265137
    endloop
  endfacet
  facet normal 0 0 -1
    outer loop
      vertex 26.030582427978516 -5.086602210998535 5.949999809265137
      vertex 26.030582427978516 5.086602210998535 5.949999809265137
      vertex 26.523235321044922 5.0985107421875 5.949999809265137
    endloop
  endfacet
  facet normal 0 0 -1
    outer loop
      vertex 25.541378021240234 -5.027202606201172 5.949999809265137
      vertex 26.030582427978516 5.086602210998535 5.949999809265137
      vertex 26.030582427978516 -5.086602210998535 5.949999809265137
    endloop
  endfacet
  facet normal 0 0 -1
    outer loop
      vertex 25.541378021240234 -5.027202606201172 5.949999809265137
      vertex 25.541378021240234 5.027202606201172 5.949999809265137
      vertex 26.030582427978516 5.086602210998535 5.949999809265137
    endloop
  endfacet
  facet normal 0 0 -1
    outer loop
      vertex 25.060192108154297 -4.920865058898926 5.949999809265137
      vertex 25.541378021240234 5.027202606201172 5.949999809265137
      vertex 25.541378021240234 -5.027202606201172 5.949999809265137
    endloop
  endfacet
  facet normal 0 0 -1
    outer loop
      vertex 25.060192108154297 -4.920865058898926 5.949999809265137
      vertex 25.060192108154297 4.920865058898926 5.949999809265137
      vertex 25.541378021240234 5.027202606201172 5.949999809265137
    endloop
  endfacet
  facet normal 0 0 -1
    outer loop
      vertex 24.591514587402344 -4.768582344055176 5.949999809265137
      vertex 25.060192108154297 4.920865058898926 5.949999809265137
      vertex 25.060192108154297 -4.920865058898926 5.949999809265137
    endloop
  endfacet
  facet normal 0 0 -1
    outer loop
      vertex 24.591514587402344 -4.768582344055176 5.949999809265137
      vertex 24.591514587402344 4.768582344055176 5.949999809265137
      vertex 25.060192108154297 4.920865058898926 5.949999809265137
    endloop
  endfacet
  facet normal 0 0 -1
    outer loop
      vertex 24.13972282409668 -4.57177734375 5.949999809265137
      vertex 24.591514587402344 4.768582344055176 5.949999809265137
      vertex 24.591514587402344 -4.768582344055176 5.949999809265137
    endloop
  endfacet
  facet normal 0 0 -1
    outer loop
      vertex 24.13972282409668 -4.57177734375 5.949999809265137
      vertex 24.13972282409668 4.57177734375 5.949999809265137
      vertex 24.591514587402344 4.768582344055176 5.949999809265137
    endloop
  endfacet
  facet normal 0 0 -1
    outer loop
      vertex 23.709033966064453 -4.3322858810424805 5.949999809265137
      vertex 24.13972282409668 4.57177734375 5.949999809265137
      vertex 24.13972282409668 -4.57177734375 5.949999809265137
    endloop
  endfacet
  facet normal 0 0 -1
    outer loop
      vertex 23.709033966064453 -4.3322858810424805 5.949999809265137
      vertex 23.709033966064453 4.3322858810424805 5.949999809265137
      vertex 24.13972282409668 4.57177734375 5.949999809265137
    endloop
  endfacet
  facet normal 0 0 -1
    outer loop
      vertex 23.303470611572266 -4.052345275878906 5.949999809265137
      vertex 23.709033966064453 4.3322858810424805 5.949999809265137
      vertex 23.709033966064453 -4.3322858810424805 5.949999809265137
    endloop
  endfacet
  facet normal 0 0 -1
    outer loop
      vertex 23.303470611572266 -4.052345275878906 5.949999809265137
      vertex 23.303470611572266 4.052345275878906 5.949999809265137
      vertex 23.709033966064453 4.3322858810424805 5.949999809265137
    endloop
  endfacet
  facet normal 0 0 -1
    outer loop
      vertex 22.92681884765625 -3.734569549560547 5.949999809265137
      vertex 23.303470611572266 4.052345275878906 5.949999809265137
      vertex 23.303470611572266 -4.052345275878906 5.949999809265137
    endloop
  endfacet
  facet normal 0 0 -1
    outer loop
      vertex 22.92681884765625 -3.734569549560547 5.949999809265137
      vertex 22.92681884765625 3.734569549560547 5.949999809265137
      vertex 23.303470611572266 4.052345275878906 5.949999809265137
    endloop
  endfacet
  facet normal 0 0 -1
    outer loop
      vertex 22.582595825195312 -3.381924629211426 5.949999809265137
      vertex 22.92681884765625 3.734569549560547 5.949999809265137
      vertex 22.92681884765625 -3.734569549560547 5.949999809265137
    endloop
  endfacet
  facet normal 0 0 -1
    outer loop
      vertex 22.582595825195312 -3.381924629211426 5.949999809265137
      vertex 22.582595825195312 3.381924629211426 5.949999809265137
      vertex 22.92681884765625 3.734569549560547 5.949999809265137
    endloop
  endfacet
  facet normal 0 0 -1
    outer loop
      vertex 22.27401351928711 -2.99770450592041 5.949999809265137
      vertex 22.582595825195312 3.381924629211426 5.949999809265137
      vertex 22.582595825195312 -3.381924629211426 5.949999809265137
    endloop
  endfacet
  facet normal 0 0 -1
    outer loop
      vertex 22.27401351928711 -2.99770450592041 5.949999809265137
      vertex 22.27401351928711 2.99770450592041 5.949999809265137
      vertex 22.582595825195312 3.381924629211426 5.949999809265137
    endloop
  endfacet
  facet normal 0 0 -1
    outer loop
      vertex 22.00395393371582 -2.5854949951171875 5.949999809265137
      vertex 22.27401351928711 2.99770450592041 5.949999809265137
      vertex 22.27401351928711 -2.99770450592041 5.949999809265137
    endloop
  endfacet
  facet normal 0 0 -1
    outer loop
      vertex 22.00395393371582 -2.5854949951171875 5.949999809265137
      vertex 22.00395393371582 2.5854949951171875 5.949999809265137
      vertex 22.27401351928711 2.99770450592041 5.949999809265137
    endloop
  endfacet
  facet normal 0 0 -1
    outer loop
      vertex 21.774940490722656 -2.1491451263427734 5.949999809265137
      vertex 22.00395393371582 2.5854949951171875 5.949999809265137
      vertex 22.00395393371582 -2.5854949951171875 5.949999809265137
    endloop
  endfacet
  facet normal 0 0 -1
    outer loop
      vertex 21.774940490722656 -2.1491451263427734 5.949999809265137
      vertex 21.774940490722656 2.1491451263427734 5.949999809265137
      vertex 22.00395393371582 2.5854949951171875 5.949999809265137
    endloop
  endfacet
  facet normal 0 0 -1
    outer loop
      vertex 21.589109420776367 -1.6927299499511719 5.949999809265137
      vertex 21.774940490722656 2.1491451263427734 5.949999809265137
      vertex 21.774940490722656 -2.1491451263427734 5.949999809265137
    endloop
  endfacet
  facet normal 0 0 -1
    outer loop
      vertex 21.589109420776367 -1.6927299499511719 5.949999809265137
      vertex 21.589109420776367 1.6927299499511719 5.949999809265137
      vertex 21.774940490722656 2.1491451263427734 5.949999809265137
    endloop
  endfacet
  facet normal 0 0 -1
    outer loop
      vertex 21.448196411132812 -1.2205095291137695 5.949999809265137
      vertex 21.589109420776367 1.6927299499511719 5.949999809265137
      vertex 21.589109420776367 -1.6927299499511719 5.949999809265137
    endloop
  endfacet
  facet normal 0 0 -1
    outer loop
      vertex 21.448196411132812 -1.2205095291137695 5.949999809265137
      vertex 21.448196411132812 1.2205095291137695 5.949999809265137
      vertex 21.589109420776367 1.6927299499511719 5.949999809265137
    endloop
  endfacet
  facet normal 0 0 -1
    outer loop
      vertex 21.353515625 -0.7368936538696289 5.949999809265137
      vertex 21.448196411132812 1.2205095291137695 5.949999809265137
      vertex 21.448196411132812 -1.2205095291137695 5.949999809265137
    endloop
  endfacet
  facet normal 0 0 -1
    outer loop
      vertex 21.353515625 -0.7368936538696289 5.949999809265137
      vertex 21.353515625 0.7368936538696289 5.949999809265137
      vertex 21.448196411132812 1.2205095291137695 5.949999809265137
    endloop
  endfacet
  facet normal 0 0 -1
    outer loop
      vertex 21.305953979492188 -0.2463979721069336 5.949999809265137
      vertex 21.353515625 0.7368936538696289 5.949999809265137
      vertex 21.353515625 -0.7368936538696289 5.949999809265137
    endloop
  endfacet
  facet normal 0 0 -1
    outer loop
      vertex 21.353515625 0.7368936538696289 5.949999809265137
      vertex 21.305953979492188 -0.2463979721069336 5.949999809265137
      vertex 21.305953979492188 0.2463979721069336 5.949999809265137
    endloop
  endfacet
  facet normal -0.6810159212470506 -0.7322686085092212 0
    outer loop
      vertex 29.68869400024414 3.8980093002319336 0.6999998092651367
      vertex 30.04955291748047 3.5624074935913086 5.949999809265137
      vertex 29.68869400024414 3.8980093002319336 5.949999809265137
    endloop
  endfacet
  facet normal -0.6810159212470506 -0.7322686085092212 0
    outer loop
      vertex 30.04955291748047 3.5624074935913086 5.949999809265137
      vertex 29.68869400024414 3.8980093002319336 0.6999998092651367
      vertex 30.04955291748047 3.5624074935913086 0.6999998092651367
    endloop
  endfacet
  facet normal -0.07243580272961456 -0.9973730768789161 0
    outer loop
      vertex 26.523235321044922 5.0985107421875 0.6999998092651367
      vertex 27.01473617553711 5.062814712524414 5.949999809265137
      vertex 26.523235321044922 5.0985107421875 5.949999809265137
    endloop
  endfacet
  facet normal -0.07243580272961456 -0.9973730768789161 0
    outer loop
      vertex 27.01473617553711 5.062814712524414 5.949999809265137
      vertex 26.523235321044922 5.0985107421875 0.6999998092651367
      vertex 27.01473617553711 5.062814712524414 0.6999998092651367
    endloop
  endfacet
  facet normal 1 0 0
    outer loop
      vertex 21.305953979492188 -0.2463979721069336 5.949999809265137
      vertex 21.305953979492188 0.2463979721069336 0.6999998092651367
      vertex 21.305953979492188 0.2463979721069336 5.949999809265137
    endloop
  endfacet
  facet normal 1 0 0
    outer loop
      vertex 21.305953979492188 0.2463979721069336 0.6999998092651367
      vertex 21.305953979492188 -0.2463979721069336 5.949999809265137
      vertex 21.305953979492188 -0.2463979721069336 0.6999998092651367
    endloop
  endfacet
  facet normal -0.9068746311855206 -0.4214005259988721 0
    outer loop
      vertex 31.123489379882812 1.9231834411621094 0.6999998092651367
      vertex 30.91582489013672 2.3700876235961914 5.949999809265137
      vertex 30.91582489013672 2.3700876235961914 0.6999998092651367
    endloop
  endfacet
  facet normal -0.9068746311855206 -0.4214005259988721 0
    outer loop
      vertex 30.91582489013672 2.3700876235961914 5.949999809265137
      vertex 31.123489379882812 1.9231834411621094 0.6999998092651367
      vertex 31.123489379882812 1.9231834411621094 5.949999809265137
    endloop
  endfacet
  facet normal 0.4859838410446865 -0.8739677947404315 0
    outer loop
      vertex 23.709033966064453 4.3322858810424805 0.6999998092651367
      vertex 24.13972282409668 4.57177734375 5.949999809265137
      vertex 23.709033966064453 4.3322858810424805 5.949999809265137
    endloop
  endfacet
  facet normal 0.4859838410446865 -0.8739677947404315 0
    outer loop
      vertex 24.13972282409668 4.57177734375 5.949999809265137
      vertex 23.709033966064453 4.3322858810424805 0.6999998092651367
      vertex 24.13972282409668 4.57177734375 0.6999998092651367
    endloop
  endfacet
  facet normal 0.7796733931337293 -0.626186394006878 0
    outer loop
      vertex 22.27401351928711 2.99770450592041 5.949999809265137
      vertex 22.582595825195312 3.381924629211426 0.6999998092651367
      vertex 22.582595825195312 3.381924629211426 5.949999809265137
    endloop
  endfacet
  facet normal 0.7796733931337293 -0.626186394006878 0
    outer loop
      vertex 22.582595825195312 3.381924629211426 0.6999998092651367
      vertex 22.27401351928711 2.99770450592041 5.949999809265137
      vertex 22.27401351928711 2.99770450592041 0.6999998092651367
    endloop
  endfacet
  facet normal 0.9953316447187798 0.09651381777449727 0
    outer loop
      vertex 21.353515625 -0.7368936538696289 5.949999809265137
      vertex 21.305953979492188 -0.2463979721069336 0.6999998092651367
      vertex 21.305953979492188 -0.2463979721069336 5.949999809265137
    endloop
  endfacet
  facet normal 0.9953316447187798 0.09651381777449727 0
    outer loop
      vertex 21.305953979492188 -0.2463979721069336 0.6999998092651367
      vertex 21.353515625 -0.7368936538696289 5.949999809265137
      vertex 21.353515625 -0.7368936538696289 0.6999998092651367
    endloop
  endfacet
  facet normal 0.9813695941738965 0.19212943457721912 0
    outer loop
      vertex 21.448196411132812 -1.2205095291137695 5.949999809265137
      vertex 21.353515625 -0.7368936538696289 0.6999998092651367
      vertex 21.353515625 -0.7368936538696289 5.949999809265137
    endloop
  endfacet
  facet normal 0.9813695941738965 0.19212943457721912 0
    outer loop
      vertex 21.353515625 -0.7368936538696289 0.6999998092651367
      vertex 21.448196411132812 -1.2205095291137695 5.949999809265137
      vertex 21.448196411132812 -1.2205095291137695 0.6999998092651367
    endloop
  endfacet
  facet normal -0.9433120093420815 0.33190729583877 0
    outer loop
      vertex 31.123489379882812 -1.9231834411621094 0.6999998092651367
      vertex 31.287052154541016 -1.458322525024414 5.949999809265137
      vertex 31.287052154541016 -1.458322525024414 0.6999998092651367
    endloop
  endfacet
  facet normal -0.9433120093420815 0.33190729583877 0
    outer loop
      vertex 31.287052154541016 -1.458322525024414 5.949999809265137
      vertex 31.123489379882812 -1.9231834411621094 0.6999998092651367
      vertex 31.123489379882812 -1.9231834411621094 5.949999809265137
    endloop
  endfacet
  facet normal 0.9953316447187798 -0.09651381777449727 0
    outer loop
      vertex 21.305953979492188 0.2463979721069336 5.949999809265137
      vertex 21.353515625 0.7368936538696289 0.6999998092651367
      vertex 21.353515625 0.7368936538696289 5.949999809265137
    endloop
  endfacet
  facet normal 0.9953316447187798 -0.09651381777449727 0
    outer loop
      vertex 21.353515625 0.7368936538696289 0.6999998092651367
      vertex 21.305953979492188 0.2463979721069336 5.949999809265137
      vertex 21.305953979492188 0.2463979721069336 0.6999998092651367
    endloop
  endfacet
  facet normal 0.9813695941738965 -0.19212943457721912 0
    outer loop
      vertex 21.353515625 0.7368936538696289 5.949999809265137
      vertex 21.448196411132812 1.2205095291137695 0.6999998092651367
      vertex 21.448196411132812 1.2205095291137695 5.949999809265137
    endloop
  endfacet
  facet normal 0.9813695941738965 -0.19212943457721912 0
    outer loop
      vertex 21.448196411132812 1.2205095291137695 0.6999998092651367
      vertex 21.353515625 0.7368936538696289 5.949999809265137
      vertex 21.353515625 0.7368936538696289 0.6999998092651367
    endloop
  endfacet
  facet normal 0.7156001622035113 -0.6985101343962793 0
    outer loop
      vertex 22.582595825195312 3.381924629211426 5.949999809265137
      vertex 22.92681884765625 3.734569549560547 0.6999998092651367
      vertex 22.92681884765625 3.734569549560547 5.949999809265137
    endloop
  endfacet
  facet normal 0.7156001622035113 -0.6985101343962793 0
    outer loop
      vertex 22.92681884765625 3.734569549560547 0.6999998092651367
      vertex 22.582595825195312 3.381924629211426 5.949999809265137
      vertex 22.582595825195312 3.381924629211426 0.6999998092651367
    endloop
  endfacet
  facet normal 0.3090172828538002 0.9510564225626439 0
    outer loop
      vertex 25.060192108154297 -4.920865058898926 0.6999998092651367
      vertex 24.591514587402344 -4.768582344055176 5.949999809265137
      vertex 25.060192108154297 -4.920865058898926 5.949999809265137
    endloop
  endfacet
  facet normal 0.3090172828538002 0.9510564225626439 0
    outer loop
      vertex 24.591514587402344 -4.768582344055176 5.949999809265137
      vertex 25.060192108154297 -4.920865058898926 0.6999998092651367
      vertex 24.591514587402344 -4.768582344055176 0.6999998092651367
    endloop
  endfacet
  facet normal -0.443193095788568 -0.8964261708837741 0
    outer loop
      vertex 28.43675994873047 4.675640106201172 0.6999998092651367
      vertex 28.878515243530273 4.457236289978027 5.949999809265137
      vertex 28.43675994873047 4.675640106201172 5.949999809265137
    endloop
  endfacet
  facet normal -0.443193095788568 -0.8964261708837741 0
    outer loop
      vertex 28.878515243530273 4.457236289978027 5.949999809265137
      vertex 28.43675994873047 4.675640106201172 0.6999998092651367
      vertex 28.878515243530273 4.457236289978027 0.6999998092651367
    endloop
  endfacet
  facet normal 0.5680653432734544 0.822983454129919 0
    outer loop
      vertex 23.709033966064453 -4.3322858810424805 0.6999998092651367
      vertex 23.303470611572266 -4.052345275878906 5.949999809265137
      vertex 23.709033966064453 -4.3322858810424805 5.949999809265137
    endloop
  endfacet
  facet normal 0.5680653432734544 0.822983454129919 0
    outer loop
      vertex 23.303470611572266 -4.052345275878906 5.949999809265137
      vertex 23.709033966064453 -4.3322858810424805 0.6999998092651367
      vertex 23.303470611572266 -4.052345275878906 0.6999998092651367
    endloop
  endfacet
  facet normal 0.21578426345613236 -0.9764410640917836 0
    outer loop
      vertex 25.060192108154297 4.920865058898926 0.6999998092651367
      vertex 25.541378021240234 5.027202606201172 5.949999809265137
      vertex 25.060192108154297 4.920865058898926 5.949999809265137
    endloop
  endfacet
  facet normal 0.21578426345613236 -0.9764410640917836 0
    outer loop
      vertex 25.541378021240234 5.027202606201172 5.949999809265137
      vertex 25.060192108154297 4.920865058898926 0.6999998092651367
      vertex 25.541378021240234 5.027202606201172 0.6999998092651367
    endloop
  endfacet
  facet normal 0.12053555145738892 -0.9927090111582866 0
    outer loop
      vertex 25.541378021240234 5.027202606201172 0.6999998092651367
      vertex 26.030582427978516 5.086602210998535 5.949999809265137
      vertex 25.541378021240234 5.027202606201172 5.949999809265137
    endloop
  endfacet
  facet normal 0.12053555145738892 -0.9927090111582866 0
    outer loop
      vertex 26.030582427978516 5.086602210998535 5.949999809265137
      vertex 25.541378021240234 5.027202606201172 0.6999998092651367
      vertex 26.030582427978516 5.086602210998535 0.6999998092651367
    endloop
  endfacet
  facet normal 0.3090172828538002 -0.9510564225626439 0
    outer loop
      vertex 24.591514587402344 4.768582344055176 0.6999998092651367
      vertex 25.060192108154297 4.920865058898926 5.949999809265137
      vertex 24.591514587402344 4.768582344055176 5.949999809265137
    endloop
  endfacet
  facet normal 0.3090172828538002 -0.9510564225626439 0
    outer loop
      vertex 25.060192108154297 4.920865058898926 5.949999809265137
      vertex 24.591514587402344 4.768582344055176 0.6999998092651367
      vertex 25.060192108154297 4.920865058898926 0.6999998092651367
    endloop
  endfacet
  facet normal 0.0241651958519431 0.9997079790165911 0
    outer loop
      vertex 26.523235321044922 -5.0985107421875 0.6999998092651367
      vertex 26.030582427978516 -5.086602210998535 5.949999809265137
      vertex 26.523235321044922 -5.0985107421875 5.949999809265137
    endloop
  endfacet
  facet normal 0.0241651958519431 0.9997079790165911 0
    outer loop
      vertex 26.030582427978516 -5.086602210998535 5.949999809265137
      vertex 26.523235321044922 -5.0985107421875 0.6999998092651367
      vertex 26.030582427978516 -5.086602210998535 0.6999998092651367
    endloop
  endfacet
  facet normal 0.7156001622035113 0.6985101343962793 0
    outer loop
      vertex 22.92681884765625 -3.734569549560547 5.949999809265137
      vertex 22.582595825195312 -3.381924629211426 0.6999998092651367
      vertex 22.582595825195312 -3.381924629211426 5.949999809265137
    endloop
  endfacet
  facet normal 0.7156001622035113 0.6985101343962793 0
    outer loop
      vertex 22.582595825195312 -3.381924629211426 0.6999998092651367
      vertex 22.92681884765625 -3.734569549560547 5.949999809265137
      vertex 22.92681884765625 -3.734569549560547 0.6999998092651367
    endloop
  endfacet
  facet normal 0.3993639489277217 0.9167924717714778 0
    outer loop
      vertex 24.591514587402344 -4.768582344055176 0.6999998092651367
      vertex 24.13972282409668 -4.57177734375 5.949999809265137
      vertex 24.591514587402344 -4.768582344055176 5.949999809265137
    endloop
  endfacet
  facet normal 0.3993639489277217 0.9167924717714778 0
    outer loop
      vertex 24.13972282409668 -4.57177734375 5.949999809265137
      vertex 24.591514587402344 -4.768582344055176 0.6999998092651367
      vertex 24.13972282409668 -4.57177734375 0.6999998092651367
    endloop
  endfacet
  facet normal -0.07243580272961456 0.9973730768789161 0
    outer loop
      vertex 27.01473617553711 -5.062814712524414 0.6999998092651367
      vertex 26.523235321044922 -5.0985107421875 5.949999809265137
      vertex 27.01473617553711 -5.062814712524414 5.949999809265137
    endloop
  endfacet
  facet normal -0.07243580272961456 0.9973730768789161 0
    outer loop
      vertex 26.523235321044922 -5.0985107421875 5.949999809265137
      vertex 27.01473617553711 -5.062814712524414 0.6999998092651367
      vertex 26.523235321044922 -5.0985107421875 0.6999998092651367
    endloop
  endfacet
  facet normal 0.6448422536174793 -0.7643156860548727 0
    outer loop
      vertex 22.92681884765625 3.734569549560547 0.6999998092651367
      vertex 23.303470611572266 4.052345275878906 5.949999809265137
      vertex 22.92681884765625 3.734569549560547 5.949999809265137
    endloop
  endfacet
  facet normal 0.6448422536174793 -0.7643156860548727 0
    outer loop
      vertex 23.303470611572266 4.052345275878906 5.949999809265137
      vertex 22.92681884765625 3.734569549560547 0.6999998092651367
      vertex 23.303470611572266 4.052345275878906 0.6999998092651367
    endloop
  endfacet
  facet normal 0.7796733931337293 0.626186394006878 0
    outer loop
      vertex 22.582595825195312 -3.381924629211426 5.949999809265137
      vertex 22.27401351928711 -2.99770450592041 0.6999998092651367
      vertex 22.27401351928711 -2.99770450592041 5.949999809265137
    endloop
  endfacet
  facet normal 0.7796733931337293 0.626186394006878 0
    outer loop
      vertex 22.27401351928711 -2.99770450592041 0.6999998092651367
      vertex 22.582595825195312 -3.381924629211426 5.949999809265137
      vertex 22.582595825195312 -3.381924629211426 0.6999998092651367
    endloop
  endfacet
  facet normal 0.8364692358701238 0.548013884352259 0
    outer loop
      vertex 22.27401351928711 -2.99770450592041 5.949999809265137
      vertex 22.00395393371582 -2.5854949951171875 0.6999998092651367
      vertex 22.00395393371582 -2.5854949951171875 5.949999809265137
    endloop
  endfacet
  facet normal 0.8364692358701238 0.548013884352259 0
    outer loop
      vertex 22.00395393371582 -2.5854949951171875 0.6999998092651367
      vertex 22.27401351928711 -2.99770450592041 5.949999809265137
      vertex 22.27401351928711 -2.99770450592041 0.6999998092651367
    endloop
  endfacet
  facet normal 0.9582458783329338 0.2859455134425864 0
    outer loop
      vertex 21.589109420776367 -1.6927299499511719 5.949999809265137
      vertex 21.448196411132812 -1.2205095291137695 0.6999998092651367
      vertex 21.448196411132812 -1.2205095291137695 5.949999809265137
    endloop
  endfacet
  facet normal 0.9582458783329338 0.2859455134425864 0
    outer loop
      vertex 21.448196411132812 -1.2205095291137695 0.6999998092651367
      vertex 21.589109420776367 -1.6927299499511719 5.949999809265137
      vertex 21.589109420776367 -1.6927299499511719 0.6999998092651367
    endloop
  endfacet
  facet normal -0.35460336245708457 0.9350168208829879 0
    outer loop
      vertex 28.43675994873047 -4.675640106201172 0.6999998092651367
      vertex 27.97598648071289 -4.8503875732421875 5.949999809265137
      vertex 28.43675994873047 -4.675640106201172 5.949999809265137
    endloop
  endfacet
  facet normal -0.35460336245708457 0.9350168208829879 0
    outer loop
      vertex 27.97598648071289 -4.8503875732421875 5.949999809265137
      vertex 28.43675994873047 -4.675640106201172 0.6999998092651367
      vertex 27.97598648071289 -4.8503875732421875 0.6999998092651367
    endloop
  endfacet
  facet normal -0.26270767866762385 0.9648754715345751 0
    outer loop
      vertex 27.97598648071289 -4.8503875732421875 0.6999998092651367
      vertex 27.500499725341797 -4.979848861694336 5.949999809265137
      vertex 27.97598648071289 -4.8503875732421875 5.949999809265137
    endloop
  endfacet
  facet normal -0.26270767866762385 0.9648754715345751 0
    outer loop
      vertex 27.500499725341797 -4.979848861694336 5.949999809265137
      vertex 27.97598648071289 -4.8503875732421875 0.6999998092651367
      vertex 27.500499725341797 -4.979848861694336 0.6999998092651367
    endloop
  endfacet
  facet normal -1 0 0
    outer loop
      vertex 2.7197999954223633 -4.5547990798950195 0
      vertex 2.7197999954223633 3.9624996185302734 0.2999992370605469
      vertex 2.7197999954223633 3.9624996185302734 0
    endloop
  endfacet
  facet normal -1 0 0
    outer loop
      vertex 2.7197999954223633 3.9624996185302734 0.2999992370605469
      vertex 2.7197999954223633 -4.5547990798950195 0
      vertex 2.7197999954223633 -4.5547990798950195 0.2999992370605469
    endloop
  endfacet
  facet normal 0 1 0
    outer loop
      vertex 5.045699119567871 3.9624996185302734 0
      vertex 2.7197999954223633 3.9624996185302734 0.2999992370605469
      vertex 5.045699119567871 3.9624996185302734 0.2999992370605469
    endloop
  endfacet
  facet normal 0 1 0
    outer loop
      vertex 2.7197999954223633 3.9624996185302734 0.2999992370605469
      vertex 5.045699119567871 3.9624996185302734 0
      vertex 2.7197999954223633 3.9624996185302734 0
    endloop
  endfacet
  facet normal -1 0 0
    outer loop
      vertex 5.045699119567871 3.9624996185302734 0
      vertex 5.045699119567871 5 0.2999992370605469
      vertex 5.045699119567871 5 0
    endloop
  endfacet
  facet normal -1 0 0
    outer loop
      vertex 5.045699119567871 5 0.2999992370605469
      vertex 5.045699119567871 3.9624996185302734 0
      vertex 5.045699119567871 3.9624996185302734 0.2999992370605469
    endloop
  endfacet
  facet normal 0 -1 0
    outer loop
      vertex -0.9420995712280273 5 0
      vertex 5.045699119567871 5 0.2999992370605469
      vertex -0.9420995712280273 5 0.2999992370605469
    endloop
  endfacet
  facet normal 0 -1 0
    outer loop
      vertex 5.045699119567871 5 0.2999992370605469
      vertex -0.9420995712280273 5 0
      vertex 5.045699119567871 5 0
    endloop
  endfacet
  facet normal 1 0 0
    outer loop
      vertex -0.9420995712280273 3.9624996185302734 0.2999992370605469
      vertex -0.9420995712280273 5 0
      vertex -0.9420995712280273 5 0.2999992370605469
    endloop
  endfacet
  facet normal 1 0 0
    outer loop
      vertex -0.9420995712280273 5 0
      vertex -0.9420995712280273 3.9624996185302734 0.2999992370605469
      vertex -0.9420995712280273 3.9624996185302734 0
    endloop
  endfacet
  facet normal 0 1 0
    outer loop
      vertex 1.4922990798950195 3.9624996185302734 0
      vertex -0.9420995712280273 3.9624996185302734 0.2999992370605469
      vertex 1.4922990798950195 3.9624996185302734 0.2999992370605469
    endloop
  endfacet
  facet normal 0 1 0
    outer loop
      vertex -0.9420995712280273 3.9624996185302734 0.2999992370605469
      vertex 1.4922990798950195 3.9624996185302734 0
      vertex -0.9420995712280273 3.9624996185302734 0
    endloop
  endfacet
  facet normal 1 0 0
    outer loop
      vertex 1.4922990798950195 -3.388399124145508 0.2999992370605469
      vertex 1.4922990798950195 3.9624996185302734 0
      vertex 1.4922990798950195 3.9624996185302734 0.2999992370605469
    endloop
  endfacet
  facet normal 1 0 0
    outer loop
      vertex 1.4922990798950195 3.9624996185302734 0
      vertex 1.4922990798950195 -3.388399124145508 0.2999992370605469
      vertex 1.4922990798950195 -3.388399124145508 0
    endloop
  endfacet
  facet normal -0.580992021831336 -0.8139092520473867 0
    outer loop
      vertex -0.6640996932983398 -1.8490991592407227 0
      vertex 1.4922990798950195 -3.388399124145508 0.2999992370605469
      vertex -0.6640996932983398 -1.8490991592407227 0.2999992370605469
    endloop
  endfacet
  facet normal -0.580992021831336 -0.8139092520473867 0
    outer loop
      vertex 1.4922990798950195 -3.388399124145508 0.2999992370605469
      vertex -0.6640996932983398 -1.8490991592407227 0
      vertex 1.4922990798950195 -3.388399124145508 0
    endloop
  endfacet
  facet normal 1 0 0
    outer loop
      vertex -0.6640996932983398 -3.0018997192382812 0.2999992370605469
      vertex -0.6640996932983398 -1.8490991592407227 0
      vertex -0.6640996932983398 -1.8490991592407227 0.2999992370605469
    endloop
  endfacet
  facet normal 1 0 0
    outer loop
      vertex -0.6640996932983398 -1.8490991592407227 0
      vertex -0.6640996932983398 -3.0018997192382812 0.2999992370605469
      vertex -0.6640996932983398 -3.0018997192382812 0
    endloop
  endfacet
  facet normal 0.5666247244837778 0.823975983632826 0
    outer loop
      vertex 1.594099998474121 -4.5547990798950195 0
      vertex -0.6640996932983398 -3.0018997192382812 0.2999992370605469
      vertex 1.594099998474121 -4.5547990798950195 0.2999992370605469
    endloop
  endfacet
  facet normal 0.5666247244837778 0.823975983632826 0
    outer loop
      vertex -0.6640996932983398 -3.0018997192382812 0.2999992370605469
      vertex 1.594099998474121 -4.5547990798950195 0
      vertex -0.6640996932983398 -3.0018997192382812 0
    endloop
  endfacet
  facet normal 0 1 0
    outer loop
      vertex 2.7197999954223633 -4.5547990798950195 0
      vertex 1.594099998474121 -4.5547990798950195 0.2999992370605469
      vertex 2.7197999954223633 -4.5547990798950195 0.2999992370605469
    endloop
  endfacet
  facet normal 0 1 0
    outer loop
      vertex 1.594099998474121 -4.5547990798950195 0.2999992370605469
      vertex 2.7197999954223633 -4.5547990798950195 0
      vertex 1.594099998474121 -4.5547990798950195 0
    endloop
  endfacet
  facet normal 0 0 -1
    outer loop
      vertex 1.4922990798950195 -3.388399124145508 0.2999992370605469
      vertex 2.7197999954223633 -4.5547990798950195 0.2999992370605469
      vertex 1.594099998474121 -4.5547990798950195 0.2999992370605469
    endloop
  endfacet
  facet normal 0 0 -1
    outer loop
      vertex 2.7197999954223633 3.9624996185302734 0.2999992370605469
      vertex 5.045699119567871 5 0.2999992370605469
      vertex 5.045699119567871 3.9624996185302734 0.2999992370605469
    endloop
  endfacet
  facet normal 0 0 -1
    outer loop
      vertex 2.7197999954223633 -4.5547990798950195 0.2999992370605469
      vertex 1.4922990798950195 -3.388399124145508 0.2999992370605469
      vertex 2.7197999954223633 3.9624996185302734 0.2999992370605469
    endloop
  endfacet
  facet normal 0 0 -1
    outer loop
      vertex 1.4922990798950195 3.9624996185302734 0.2999992370605469
      vertex 2.7197999954223633 3.9624996185302734 0.2999992370605469
      vertex 1.4922990798950195 -3.388399124145508 0.2999992370605469
    endloop
  endfacet
  facet normal 0 0 -1
    outer loop
      vertex 1.4922990798950195 3.9624996185302734 0.2999992370605469
      vertex 5.045699119567871 5 0.2999992370605469
      vertex 2.7197999954223633 3.9624996185302734 0.2999992370605469
    endloop
  endfacet
  facet normal 0 0 -1
    outer loop
      vertex -0.9420995712280273 5 0.2999992370605469
      vertex 1.4922990798950195 3.9624996185302734 0.2999992370605469
      vertex -0.9420995712280273 3.9624996185302734 0.2999992370605469
    endloop
  endfacet
  facet normal 0 0 -1
    outer loop
      vertex 1.4922990798950195 3.9624996185302734 0.2999992370605469
      vertex -0.9420995712280273 5 0.2999992370605469
      vertex 5.045699119567871 5 0.2999992370605469
    endloop
  endfacet
  facet normal 0 0 -1
    outer loop
      vertex -0.6640996932983398 -3.0018997192382812 0.2999992370605469
      vertex 1.4922990798950195 -3.388399124145508 0.2999992370605469
      vertex 1.594099998474121 -4.5547990798950195 0.2999992370605469
    endloop
  endfacet
  facet normal 0 0 -1
    outer loop
      vertex 1.4922990798950195 -3.388399124145508 0.2999992370605469
      vertex -0.6640996932983398 -3.0018997192382812 0.2999992370605469
      vertex -0.6640996932983398 -1.8490991592407227 0.2999992370605469
    endloop
  endfacet
  facet normal -0.0758295545238978 0.9971207944179619 0
    outer loop
      vertex 14.529939651489258 -4.669939994812012 0
      vertex 14.261099815368652 -4.690384864807129 0.2999992370605469
      vertex 14.529939651489258 -4.669939994812012 0.2999992370605469
    endloop
  endfacet
  facet normal -0.0758295545238978 0.9971207944179619 0
    outer loop
      vertex 14.261099815368652 -4.690384864807129 0.2999992370605469
      vertex 14.529939651489258 -4.669939994812012 0
      vertex 14.261099815368652 -4.690384864807129 0
    endloop
  endfacet
  facet normal -0.13220855750859173 0.9912219213281643 0
    outer loop
      vertex 14.785419464111328 -4.6358642578125 0
      vertex 14.529939651489258 -4.669939994812012 0.2999992370605469
      vertex 14.785419464111328 -4.6358642578125 0.2999992370605469
    endloop
  endfacet
  facet normal -0.13220855750859173 0.9912219213281643 0
    outer loop
      vertex 14.529939651489258 -4.669939994812012 0.2999992370605469
      vertex 14.785419464111328 -4.6358642578125 0
      vertex 14.529939651489258 -4.669939994812012 0
    endloop
  endfacet
  facet normal -0.1933127883343234 0.9811371799429522 0
    outer loop
      vertex 15.027539253234863 -4.588159561157227 0
      vertex 14.785419464111328 -4.6358642578125 0.2999992370605469
      vertex 15.027539253234863 -4.588159561157227 0.2999992370605469
    endloop
  endfacet
  facet normal -0.1933127883343234 0.9811371799429522 0
    outer loop
      vertex 14.785419464111328 -4.6358642578125 0.2999992370605469
      vertex 15.027539253234863 -4.588159561157227 0
      vertex 14.785419464111328 -4.6358642578125 0
    endloop
  endfacet
  facet normal -0.2589701578292844 0.965885323086481 0
    outer loop
      vertex 15.25629997253418 -4.526824951171875 0
      vertex 15.027539253234863 -4.588159561157227 0.2999992370605469
      vertex 15.25629997253418 -4.526824951171875 0.2999992370605469
    endloop
  endfacet
  facet normal -0.2589701578292844 0.965885323086481 0
    outer loop
      vertex 15.027539253234863 -4.588159561157227 0.2999992370605469
      vertex 15.25629997253418 -4.526824951171875 0
      vertex 15.027539253234863 -4.588159561157227 0
    endloop
  endfacet
  facet normal -0.32869204529741153 0.9444371547954922 0
    outer loop
      vertex 15.471699714660645 -4.451859474182129 0
      vertex 15.25629997253418 -4.526824951171875 0.2999992370605469
      vertex 15.471699714660645 -4.451859474182129 0.2999992370605469
    endloop
  endfacet
  facet normal -0.32869204529741153 0.9444371547954922 0
    outer loop
      vertex 15.25629997253418 -4.526824951171875 0.2999992370605469
      vertex 15.471699714660645 -4.451859474182129 0
      vertex 15.25629997253418 -4.526824951171875 0
    endloop
  endfacet
  facet normal -0.40159108364846297 0.915819087775557 0
    outer loop
      vertex 15.673739433288574 -4.363264083862305 0
      vertex 15.471699714660645 -4.451859474182129 0.2999992370605469
      vertex 15.673739433288574 -4.363264083862305 0.2999992370605469
    endloop
  endfacet
  facet normal -0.40159108364846297 0.915819087775557 0
    outer loop
      vertex 15.471699714660645 -4.451859474182129 0.2999992370605469
      vertex 15.673739433288574 -4.363264083862305 0
      vertex 15.471699714660645 -4.451859474182129 0
    endloop
  endfacet
  facet normal -0.4763654671077434 0.8792473723288692 0
    outer loop
      vertex 15.862419128417969 -4.261039733886719 0
      vertex 15.673739433288574 -4.363264083862305 0.2999992370605469
      vertex 15.862419128417969 -4.261039733886719 0.2999992370605469
    endloop
  endfacet
  facet normal -0.4763654671077434 0.8792473723288692 0
    outer loop
      vertex 15.673739433288574 -4.363264083862305 0.2999992370605469
      vertex 15.862419128417969 -4.261039733886719 0
      vertex 15.673739433288574 -4.363264083862305 0
    endloop
  endfacet
  facet normal -0.551320221130599 0.8342937215228863 0
    outer loop
      vertex 16.037738800048828 -4.145184516906738 0
      vertex 15.862419128417969 -4.261039733886719 0.2999992370605469
      vertex 16.037738800048828 -4.145184516906738 0.2999992370605469
    endloop
  endfacet
  facet normal -0.551320221130599 0.8342937215228863 0
    outer loop
      vertex 15.862419128417969 -4.261039733886719 0.2999992370605469
      vertex 16.037738800048828 -4.145184516906738 0
      vertex 15.862419128417969 -4.261039733886719 0
    endloop
  endfacet
  facet normal -0.6244499156112248 0.781064851912525 0
    outer loop
      vertex 16.19969940185547 -4.01569938659668 0
      vertex 16.037738800048828 -4.145184516906738 0.2999992370605469
      vertex 16.19969940185547 -4.01569938659668 0.2999992370605469
    endloop
  endfacet
  facet normal -0.6244499156112248 0.781064851912525 0
    outer loop
      vertex 16.037738800048828 -4.145184516906738 0.2999992370605469
      vertex 16.19969940185547 -4.01569938659668 0
      vertex 16.037738800048828 -4.145184516906738 0
    endloop
  endfacet
  facet normal -0.6935394820498644 0.7204186191638898 0
    outer loop
      vertex 16.34723472595215 -3.873668670654297 0
      vertex 16.19969940185547 -4.01569938659668 0.2999992370605469
      vertex 16.34723472595215 -3.873668670654297 0.2999992370605469
    endloop
  endfacet
  facet normal -0.6935394820498644 0.7204186191638898 0
    outer loop
      vertex 16.19969940185547 -4.01569938659668 0.2999992370605469
      vertex 16.34723472595215 -3.873668670654297 0
      vertex 16.19969940185547 -4.01569938659668 0
    endloop
  endfacet
  facet normal -0.7581808647130253 0.6520443055368318 0
    outer loop
      vertex 16.34723472595215 -3.873668670654297 0
      vertex 16.47924041748047 -3.7201757431030273 0.2999992370605469
      vertex 16.47924041748047 -3.7201757431030273 0
    endloop
  endfacet
  facet normal -0.7581808647130253 0.6520443055368318 0
    outer loop
      vertex 16.47924041748047 -3.7201757431030273 0.2999992370605469
      vertex 16.34723472595215 -3.873668670654297 0
      vertex 16.34723472595215 -3.873668670654297 0.2999992370605469
    endloop
  endfacet
  facet normal -0.8168856593792431 0.5767996354892565 0
    outer loop
      vertex 16.47924041748047 -3.7201757431030273 0
      vertex 16.595714569091797 -3.555220603942871 0.2999992370605469
      vertex 16.595714569091797 -3.555220603942871 0
    endloop
  endfacet
  facet normal -0.8168856593792431 0.5767996354892565 0
    outer loop
      vertex 16.595714569091797 -3.555220603942871 0.2999992370605469
      vertex 16.47924041748047 -3.7201757431030273 0
      vertex 16.47924041748047 -3.7201757431030273 0.2999992370605469
    endloop
  endfacet
  facet normal -0.8679577254199877 0.49663808440730894 0
    outer loop
      vertex 16.595714569091797 -3.555220603942871 0
      vertex 16.696659088134766 -3.378803253173828 0.2999992370605469
      vertex 16.696659088134766 -3.378803253173828 0
    endloop
  endfacet
  facet normal -0.8679577254199877 0.49663808440730894 0
    outer loop
      vertex 16.696659088134766 -3.378803253173828 0.2999992370605469
      vertex 16.595714569091797 -3.555220603942871 0
      vertex 16.595714569091797 -3.555220603942871 0.2999992370605469
    endloop
  endfacet
  facet normal -0.9103381486498012 0.41386526202721147 0
    outer loop
      vertex 16.696659088134766 -3.378803253173828 0
      vertex 16.782073974609375 -3.190924644470215 0.2999992370605469
      vertex 16.782073974609375 -3.190924644470215 0
    endloop
  endfacet
  facet normal -0.9103381486498012 0.41386526202721147 0
    outer loop
      vertex 16.782073974609375 -3.190924644470215 0.2999992370605469
      vertex 16.696659088134766 -3.378803253173828 0
      vertex 16.696659088134766 -3.378803253173828 0.2999992370605469
    endloop
  endfacet
  facet normal -0.943687051982628 0.3308394594366531 0
    outer loop
      vertex 16.782073974609375 -3.190924644470215 0
      vertex 16.851959228515625 -2.991583824157715 0.2999992370605469
      vertex 16.851959228515625 -2.991583824157715 0
    endloop
  endfacet
  facet normal -0.943687051982628 0.3308394594366531 0
    outer loop
      vertex 16.851959228515625 -2.991583824157715 0.2999992370605469
      vertex 16.782073974609375 -3.190924644470215 0
      vertex 16.782073974609375 -3.190924644470215 0.2999992370605469
    endloop
  endfacet
  facet normal -0.9683274965422617 0.24968351855938775 0
    outer loop
      vertex 16.851959228515625 -2.991583824157715 0
      vertex 16.906314849853516 -2.780780792236328 0.2999992370605469
      vertex 16.906314849853516 -2.780780792236328 0
    endloop
  endfacet
  facet normal -0.9683274965422617 0.24968351855938775 0
    outer loop
      vertex 16.906314849853516 -2.780780792236328 0.2999992370605469
      vertex 16.851959228515625 -2.991583824157715 0
      vertex 16.851959228515625 -2.991583824157715 0.2999992370605469
    endloop
  endfacet
  facet normal -0.9850834222479099 0.17207745701382854 0
    outer loop
      vertex 16.906314849853516 -2.780780792236328 0
      vertex 16.945140838623047 -2.5585155487060547 0.2999992370605469
      vertex 16.945140838623047 -2.5585155487060547 0
    endloop
  endfacet
  facet normal -0.9850834222479099 0.17207745701382854 0
    outer loop
      vertex 16.945140838623047 -2.5585155487060547 0.2999992370605469
      vertex 16.906314849853516 -2.780780792236328 0
      vertex 16.906314849853516 -2.780780792236328 0.2999992370605469
    endloop
  endfacet
  facet normal -0.9950709407403958 0.09916563363395542 0
    outer loop
      vertex 16.945140838623047 -2.5585155487060547 0
      vertex 16.968433380126953 -2.3247880935668945 0.2999992370605469
      vertex 16.968433380126953 -2.3247880935668945 0
    endloop
  endfacet
  facet normal -0.9950709407403958 0.09916563363395542 0
    outer loop
      vertex 16.968433380126953 -2.3247880935668945 0.2999992370605469
      vertex 16.945140838623047 -2.5585155487060547 0
      vertex 16.945140838623047 -2.5585155487060547 0.2999992370605469
    endloop
  endfacet
  facet normal -0.9994986764794409 0.0316606335351307 0
    outer loop
      vertex 16.968433380126953 -2.3247880935668945 0
      vertex 16.976200103759766 -2.079599380493164 0.2999992370605469
      vertex 16.976200103759766 -2.079599380493164 0
    endloop
  endfacet
  facet normal -0.9994986764794409 0.0316606335351307 0
    outer loop
      vertex 16.976200103759766 -2.079599380493164 0.2999992370605469
      vertex 16.968433380126953 -2.3247880935668945 0
      vertex 16.968433380126953 -2.3247880935668945 0.2999992370605469
    endloop
  endfacet
  facet normal -0.9997380080124562 -0.0228891969122142 0
    outer loop
      vertex 16.976200103759766 -2.079599380493164 0
      vertex 16.973655700683594 -1.9684667587280273 0.2999992370605469
      vertex 16.973655700683594 -1.9684667587280273 0
    endloop
  endfacet
  facet normal -0.9997380080124562 -0.0228891969122142 0
    outer loop
      vertex 16.973655700683594 -1.9684667587280273 0.2999992370605469
      vertex 16.976200103759766 -2.079599380493164 0
      vertex 16.976200103759766 -2.079599380493164 0.2999992370605469
    endloop
  endfacet
  facet normal -0.9976461667948464 -0.06857204882129006 0
    outer loop
      vertex 16.973655700683594 -1.9684667587280273 0
      vertex 16.966026306152344 -1.8574676513671875 0.2999992370605469
      vertex 16.966026306152344 -1.8574676513671875 0
    endloop
  endfacet
  facet normal -0.9976461667948464 -0.06857204882129006 0
    outer loop
      vertex 16.966026306152344 -1.8574676513671875 0.2999992370605469
      vertex 16.973655700683594 -1.9684667587280273 0
      vertex 16.973655700683594 -1.9684667587280273 0.2999992370605469
    endloop
  endfacet
  facet normal -0.99348808242067 -0.11393607895701863 0
    outer loop
      vertex 16.966026306152344 -1.8574676513671875 0
      vertex 16.953311920166016 -1.7466020584106445 0.2999992370605469
      vertex 16.953311920166016 -1.7466020584106445 0
    endloop
  endfacet
  facet normal -0.99348808242067 -0.11393607895701863 0
    outer loop
      vertex 16.953311920166016 -1.7466020584106445 0.2999992370605469
      vertex 16.966026306152344 -1.8574676513671875 0
      vertex 16.966026306152344 -1.8574676513671875 0.2999992370605469
    endloop
  endfacet
  facet normal -0.9873255415440263 -0.15870814413506024 0
    outer loop
      vertex 16.953311920166016 -1.7466020584106445 0
      vertex 16.93551254272461 -1.6358718872070312 0.2999992370605469
      vertex 16.93551254272461 -1.6358718872070312 0
    endloop
  endfacet
  facet normal -0.9873255415440263 -0.15870814413506024 0
    outer loop
      vertex 16.93551254272461 -1.6358718872070312 0.2999992370605469
      vertex 16.953311920166016 -1.7466020584106445 0
      vertex 16.953311920166016 -1.7466020584106445 0.2999992370605469
    endloop
  endfacet
  facet normal -0.9792500196838739 -0.20265586334752933 0
    outer loop
      vertex 16.93551254272461 -1.6358718872070312 0
      vertex 16.91262435913086 -1.5252742767333984 0.2999992370605469
      vertex 16.91262435913086 -1.5252742767333984 0
    endloop
  endfacet
  facet normal -0.9792500196838739 -0.20265586334752933 0
    outer loop
      vertex 16.91262435913086 -1.5252742767333984 0.2999992370605469
      vertex 16.93551254272461 -1.6358718872070312 0
      vertex 16.93551254272461 -1.6358718872070312 0.2999992370605469
    endloop
  endfacet
  facet normal -0.9694000397140805 -0.2454863804823784 0
    outer loop
      vertex 16.91262435913086 -1.5252742767333984 0
      vertex 16.88465118408203 -1.414811134338379 0.2999992370605469
      vertex 16.88465118408203 -1.414811134338379 0
    endloop
  endfacet
  facet normal -0.9694000397140805 -0.2454863804823784 0
    outer loop
      vertex 16.88465118408203 -1.414811134338379 0.2999992370605469
      vertex 16.91262435913086 -1.5252742767333984 0
      vertex 16.91262435913086 -1.5252742767333984 0.2999992370605469
    endloop
  endfacet
  facet normal -0.9579228590310471 -0.2870257760999604 0
    outer loop
      vertex 16.88465118408203 -1.414811134338379 0
      vertex 16.851593017578125 -1.3044824600219727 0.2999992370605469
      vertex 16.851593017578125 -1.3044824600219727 0
    endloop
  endfacet
  facet normal -0.9579228590310471 -0.2870257760999604 0
    outer loop
      vertex 16.851593017578125 -1.3044824600219727 0.2999992370605469
      vertex 16.88465118408203 -1.414811134338379 0
      vertex 16.88465118408203 -1.414811134338379 0.2999992370605469
    endloop
  endfacet
  facet normal -0.9449845177187479 -0.3271150581551778 0
    outer loop
      vertex 16.851593017578125 -1.3044824600219727 0
      vertex 16.813447952270508 -1.1942873001098633 0.2999992370605469
      vertex 16.813447952270508 -1.1942873001098633 0
    endloop
  endfacet
  facet normal -0.9449845177187479 -0.3271150581551778 0
    outer loop
      vertex 16.813447952270508 -1.1942873001098633 0.2999992370605469
      vertex 16.851593017578125 -1.3044824600219727 0
      vertex 16.851593017578125 -1.3044824600219727 0.2999992370605469
    endloop
  endfacet
  facet normal -0.9307747245395882 -0.3655932331953827 0
    outer loop
      vertex 16.813447952270508 -1.1942873001098633 0
      vertex 16.770217895507812 -1.0842266082763672 0.2999992370605469
      vertex 16.770217895507812 -1.0842266082763672 0
    endloop
  endfacet
  facet normal -0.9307747245395882 -0.3655932331953827 0
    outer loop
      vertex 16.770217895507812 -1.0842266082763672 0.2999992370605469
      vertex 16.813447952270508 -1.1942873001098633 0
      vertex 16.813447952270508 -1.1942873001098633 0.2999992370605469
    endloop
  endfacet
  facet normal -0.9154715392225642 -0.4023827293429342 0
    outer loop
      vertex 16.770217895507812 -1.0842266082763672 0
      vertex 16.721900939941406 -0.974299430847168 0.2999992370605469
      vertex 16.721900939941406 -0.974299430847168 0
    endloop
  endfacet
  facet normal -0.9154715392225642 -0.4023827293429342 0
    outer loop
      vertex 16.721900939941406 -0.974299430847168 0.2999992370605469
      vertex 16.770217895507812 -1.0842266082763672 0
      vertex 16.770217895507812 -1.0842266082763672 0.2999992370605469
    endloop
  endfacet
  facet normal -0.8995828533053749 -0.43675014600908896 0
    outer loop
      vertex 16.721900939941406 -0.974299430847168 0
      vertex 16.668563842773438 -0.8644399642944336 0.2999992370605469
      vertex 16.668563842773438 -0.8644399642944336 0
    endloop
  endfacet
  facet normal -0.8995828533053749 -0.43675014600908896 0
    outer loop
      vertex 16.668563842773438 -0.8644399642944336 0.2999992370605469
      vertex 16.721900939941406 -0.974299430847168 0
      vertex 16.721900939941406 -0.974299430847168 0.2999992370605469
    endloop
  endfacet
  facet normal -0.8833773999046229 -0.4686623190931269 0
    outer loop
      vertex 16.668563842773438 -0.8644399642944336 0
      vertex 16.610279083251953 -0.7545795440673828 0.2999992370605469
      vertex 16.610279083251953 -0.7545795440673828 0
    endloop
  endfacet
  facet normal -0.8833773999046229 -0.4686623190931269 0
    outer loop
      vertex 16.610279083251953 -0.7545795440673828 0.2999992370605469
      vertex 16.668563842773438 -0.8644399642944336 0
      vertex 16.668563842773438 -0.8644399642944336 0.2999992370605469
    endloop
  endfacet
  facet normal -0.8666860364868655 -0.49885400084462356 0
    outer loop
      vertex 16.610279083251953 -0.7545795440673828 0
      vertex 16.54704475402832 -0.644719123840332 0.2999992370605469
      vertex 16.54704475402832 -0.644719123840332 0
    endloop
  endfacet
  facet normal -0.8666860364868655 -0.49885400084462356 0
    outer loop
      vertex 16.54704475402832 -0.644719123840332 0.2999992370605469
      vertex 16.610279083251953 -0.7545795440673828 0
      vertex 16.610279083251953 -0.7545795440673828 0.2999992370605469
    endloop
  endfacet
  facet normal -0.8496499665388427 -0.5273470720128666 0
    outer loop
      vertex 16.54704475402832 -0.644719123840332 0
      vertex 16.478858947753906 -0.5348596572875977 0.2999992370605469
      vertex 16.478858947753906 -0.5348596572875977 0
    endloop
  endfacet
  facet normal -0.8496499665388427 -0.5273470720128666 0
    outer loop
      vertex 16.478858947753906 -0.5348596572875977 0.2999992370605469
      vertex 16.54704475402832 -0.644719123840332 0
      vertex 16.54704475402832 -0.644719123840332 0.2999992370605469
    endloop
  endfacet
  facet normal -0.8324169723483833 -0.5541497849375663 0
    outer loop
      vertex 16.478858947753906 -0.5348596572875977 0
      vertex 16.405723571777344 -0.4249992370605469 0.2999992370605469
      vertex 16.405723571777344 -0.4249992370605469 0
    endloop
  endfacet
  facet normal -0.8324169723483833 -0.5541497849375663 0
    outer loop
      vertex 16.405723571777344 -0.4249992370605469 0.2999992370605469
      vertex 16.478858947753906 -0.5348596572875977 0
      vertex 16.478858947753906 -0.5348596572875977 0.2999992370605469
    endloop
  endfacet
  facet normal -0.8150928334464083 -0.5793303659090431 0
    outer loop
      vertex 16.405723571777344 -0.4249992370605469 0
      vertex 16.327640533447266 -0.3151397705078125 0.2999992370605469
      vertex 16.327640533447266 -0.3151397705078125 0
    endloop
  endfacet
  facet normal -0.8150928334464083 -0.5793303659090431 0
    outer loop
      vertex 16.327640533447266 -0.3151397705078125 0.2999992370605469
      vertex 16.405723571777344 -0.4249992370605469 0
      vertex 16.405723571777344 -0.4249992370605469 0.2999992370605469
    endloop
  endfacet
  facet normal -0.7977598349034656 -0.6029753276998945 0
    outer loop
      vertex 16.327640533447266 -0.3151397705078125 0
      vertex 16.244604110717773 -0.20527935028076172 0.2999992370605469
      vertex 16.244604110717773 -0.20527935028076172 0
    endloop
  endfacet
  facet normal -0.7977598349034656 -0.6029753276998945 0
    outer loop
      vertex 16.244604110717773 -0.20527935028076172 0.2999992370605469
      vertex 16.327640533447266 -0.3151397705078125 0
      vertex 16.327640533447266 -0.3151397705078125 0.2999992370605469
    endloop
  endfacet
  facet normal -0.7805342090033198 -0.6251130686328369 0
    outer loop
      vertex 16.244604110717773 -0.20527935028076172 0
      vertex 16.156620025634766 -0.09541988372802734 0.2999992370605469
      vertex 16.156620025634766 -0.09541988372802734 0
    endloop
  endfacet
  facet normal -0.7805342090033198 -0.6251130686328369 0
    outer loop
      vertex 16.156620025634766 -0.09541988372802734 0.2999992370605469
      vertex 16.244604110717773 -0.20527935028076172 0
      vertex 16.244604110717773 -0.20527935028076172 0.2999992370605469
    endloop
  endfacet
  facet normal -0.7634632048355122 -0.645851325664265 0
    outer loop
      vertex 16.156620025634766 -0.09541988372802734 0
      vertex 16.063684463500977 0.014439582824707031 0.2999992370605469
      vertex 16.063684463500977 0.014439582824707031 0
    endloop
  endfacet
  facet normal -0.7634632048355122 -0.645851325664265 0
    outer loop
      vertex 16.063684463500977 0.014439582824707031 0.2999992370605469
      vertex 16.156620025634766 -0.09541988372802734 0
      vertex 16.156620025634766 -0.09541988372802734 0.2999992370605469
    endloop
  endfacet
  facet normal -0.7466278263964158 -0.6652419776671973 0
    outer loop
      vertex 16.063684463500977 0.014439582824707031 0
      vertex 15.965799331665039 0.12430000305175781 0.2999992370605469
      vertex 15.965799331665039 0.12430000305175781 0
    endloop
  endfacet
  facet normal -0.7466278263964158 -0.6652419776671973 0
    outer loop
      vertex 15.965799331665039 0.12430000305175781 0.2999992370605469
      vertex 16.063684463500977 0.014439582824707031 0
      vertex 16.063684463500977 0.014439582824707031 0.2999992370605469
    endloop
  endfacet
  facet normal -0.7268270241570688 -0.6868205565902784 0
    outer loop
      vertex 15.965799331665039 0.12430000305175781 0
      vertex 15.856284141540527 0.24019432067871094 0.2999992370605469
      vertex 15.856284141540527 0.24019432067871094 0
    endloop
  endfacet
  facet normal -0.7268270241570688 -0.6868205565902784 0
    outer loop
      vertex 15.856284141540527 0.24019432067871094 0.2999992370605469
      vertex 15.965799331665039 0.12430000305175781 0
      vertex 15.965799331665039 0.12430000305175781 0.2999992370605469
    endloop
  endfacet
  facet normal -0.7074942173734118 -0.7067191326002032 0
    outer loop
      vertex 15.856284141540527 0.24019432067871094 0
      vertex 15.728459358215332 0.36815929412841797 0.2999992370605469
      vertex 15.728459358215332 0.36815929412841797 0
    endloop
  endfacet
  facet normal -0.7074942173734118 -0.7067191326002032 0
    outer loop
      vertex 15.728459358215332 0.36815929412841797 0.2999992370605469
      vertex 15.856284141540527 0.24019432067871094 0
      vertex 15.856284141540527 0.24019432067871094 0.2999992370605469
    endloop
  endfacet
  facet normal -0.6918800850689877 -0.7220124291762091 0
    outer loop
      vertex 15.582324981689453 0.5081949234008789 0
      vertex 15.728459358215332 0.36815929412841797 0.2999992370605469
      vertex 15.582324981689453 0.5081949234008789 0.2999992370605469
    endloop
  endfacet
  facet normal -0.6918800850689877 -0.7220124291762091 0
    outer loop
      vertex 15.728459358215332 0.36815929412841797 0.2999992370605469
      vertex 15.582324981689453 0.5081949234008789 0
      vertex 15.728459358215332 0.36815929412841797 0
    endloop
  endfacet
  facet normal -0.6790225944483798 -0.7341173722427436 0
    outer loop
      vertex 15.417879104614258 0.6602993011474609 0
      vertex 15.582324981689453 0.5081949234008789 0.2999992370605469
      vertex 15.417879104614258 0.6602993011474609 0.2999992370605469
    endloop
  endfacet
  facet normal -0.6790225944483798 -0.7341173722427436 0
    outer loop
      vertex 15.582324981689453 0.5081949234008789 0.2999992370605469
      vertex 15.417879104614258 0.6602993011474609 0
      vertex 15.582324981689453 0.5081949234008789 0
    endloop
  endfacet
  facet normal -0.6682807075721703 -0.7439091986841134 0
    outer loop
      vertex 15.235124588012695 0.8244743347167969 0
      vertex 15.417879104614258 0.6602993011474609 0.2999992370605469
      vertex 15.235124588012695 0.8244743347167969 0.2999992370605469
    endloop
  endfacet
  facet normal -0.6682807075721703 -0.7439091986841134 0
    outer loop
      vertex 15.417879104614258 0.6602993011474609 0.2999992370605469
      vertex 15.235124588012695 0.8244743347167969 0
      vertex 15.417879104614258 0.6602993011474609 0
    endloop
  endfacet
  facet normal -0.6591669576775179 -0.7519966236002427 0
    outer loop
      vertex 15.034059524536133 1.0007190704345703 0
      vertex 15.235124588012695 0.8244743347167969 0.2999992370605469
      vertex 15.034059524536133 1.0007190704345703 0.2999992370605469
    endloop
  endfacet
  facet normal -0.6591669576775179 -0.7519966236002427 0
    outer loop
      vertex 15.235124588012695 0.8244743347167969 0.2999992370605469
      vertex 15.034059524536133 1.0007190704345703 0
      vertex 15.235124588012695 0.8244743347167969 0
    endloop
  endfacet
  facet normal -0.6513494353659837 -0.7587779075911568 0
    outer loop
      vertex 14.814684867858887 1.1890344619750977 0
      vertex 15.034059524536133 1.0007190704345703 0.2999992370605469
      vertex 14.814684867858887 1.1890344619750977 0.2999992370605469
    endloop
  endfacet
  facet normal -0.6513494353659837 -0.7587779075911568 0
    outer loop
      vertex 15.034059524536133 1.0007190704345703 0.2999992370605469
      vertex 14.814684867858887 1.1890344619750977 0
      vertex 15.034059524536133 1.0007190704345703 0
    endloop
  endfacet
  facet normal -0.6445668763086913 -0.7645479330726466 0
    outer loop
      vertex 14.57699966430664 1.3894195556640625 0
      vertex 14.814684867858887 1.1890344619750977 0.2999992370605469
      vertex 14.57699966430664 1.3894195556640625 0.2999992370605469
    endloop
  endfacet
  facet normal -0.6445668763086913 -0.7645479330726466 0
    outer loop
      vertex 14.814684867858887 1.1890344619750977 0.2999992370605469
      vertex 14.57699966430664 1.3894195556640625 0
      vertex 14.814684867858887 1.1890344619750977 0
    endloop
  endfacet
  facet normal -0.6386322498050795 -0.7695120853559757 0
    outer loop
      vertex 14.321004867553711 1.6018743515014648 0
      vertex 14.57699966430664 1.3894195556640625 0.2999992370605469
      vertex 14.321004867553711 1.6018743515014648 0.2999992370605469
    endloop
  endfacet
  facet normal -0.6386322498050795 -0.7695120853559757 0
    outer loop
      vertex 14.57699966430664 1.3894195556640625 0.2999992370605469
      vertex 14.321004867553711 1.6018743515014648 0
      vertex 14.57699966430664 1.3894195556640625 0
    endloop
  endfacet
  facet normal -0.6333962949822675 -0.7738275864187942 0
    outer loop
      vertex 14.046699523925781 1.826399803161621 0
      vertex 14.321004867553711 1.6018743515014648 0.2999992370605469
      vertex 14.046699523925781 1.826399803161621 0.2999992370605469
    endloop
  endfacet
  facet normal -0.6333962949822675 -0.7738275864187942 0
    outer loop
      vertex 14.321004867553711 1.6018743515014648 0.2999992370605469
      vertex 14.046699523925781 1.826399803161621 0
      vertex 14.321004867553711 1.6018743515014648 0
    endloop
  endfacet
  facet normal -0.6368994782371376 -0.7709468558994594 0
    outer loop
      vertex 13.89390754699707 1.9526252746582031 0
      vertex 14.046699523925781 1.826399803161621 0.2999992370605469
      vertex 13.89390754699707 1.9526252746582031 0.2999992370605469
    endloop
  endfacet
  facet normal -0.6368994782371376 -0.7709468558994594 0
    outer loop
      vertex 14.046699523925781 1.826399803161621 0.2999992370605469
      vertex 13.89390754699707 1.9526252746582031 0
      vertex 14.046699523925781 1.826399803161621 0
    endloop
  endfacet
  facet normal -0.6454193193525484 -0.7638284507705202 0
    outer loop
      vertex 13.747491836547852 2.076343536376953 0
      vertex 13.89390754699707 1.9526252746582031 0.2999992370605469
      vertex 13.747491836547852 2.076343536376953 0.2999992370605469
    endloop
  endfacet
  facet normal -0.6454193193525484 -0.7638284507705202 0
    outer loop
      vertex 13.89390754699707 1.9526252746582031 0.2999992370605469
      vertex 13.747491836547852 2.076343536376953 0
      vertex 13.89390754699707 1.9526252746582031 0
    endloop
  endfacet
  facet normal -0.6544424773213227 -0.7561117932406094 0
    outer loop
      vertex 13.607451438903809 2.1975536346435547 0
      vertex 13.747491836547852 2.076343536376953 0.2999992370605469
      vertex 13.607451438903809 2.1975536346435547 0.2999992370605469
    endloop
  endfacet
  facet normal -0.6544424773213227 -0.7561117932406094 0
    outer loop
      vertex 13.747491836547852 2.076343536376953 0.2999992370605469
      vertex 13.607451438903809 2.1975536346435547 0
      vertex 13.747491836547852 2.076343536376953 0
    endloop
  endfacet
  facet normal -0.6640180695062865 -0.7477165260773259 0
    outer loop
      vertex 13.473787307739258 2.316255569458008 0
      vertex 13.607451438903809 2.1975536346435547 0.2999992370605469
      vertex 13.473787307739258 2.316255569458008 0.2999992370605469
    endloop
  endfacet
  facet normal -0.6640180695062865 -0.7477165260773259 0
    outer loop
      vertex 13.607451438903809 2.1975536346435547 0.2999992370605469
      vertex 13.473787307739258 2.316255569458008 0
      vertex 13.607451438903809 2.1975536346435547 0
    endloop
  endfacet
  facet normal -0.6741884056956954 -0.7385594042631213 0
    outer loop
      vertex 13.3464994430542 2.4324493408203125 0
      vertex 13.473787307739258 2.316255569458008 0.2999992370605469
      vertex 13.3464994430542 2.4324493408203125 0.2999992370605469
    endloop
  endfacet
  facet normal -0.6741884056956954 -0.7385594042631213 0
    outer loop
      vertex 13.473787307739258 2.316255569458008 0.2999992370605469
      vertex 13.3464994430542 2.4324493408203125 0
      vertex 13.473787307739258 2.316255569458008 0
    endloop
  endfacet
  facet normal -0.6850048789529393 -0.7285384792930769 0
    outer loop
      vertex 13.225587844848633 2.546135902404785 0
      vertex 13.3464994430542 2.4324493408203125 0.2999992370605469
      vertex 13.225587844848633 2.546135902404785 0.2999992370605469
    endloop
  endfacet
  facet normal -0.6850048789529393 -0.7285384792930769 0
    outer loop
      vertex 13.3464994430542 2.4324493408203125 0.2999992370605469
      vertex 13.225587844848633 2.546135902404785 0
      vertex 13.3464994430542 2.4324493408203125 0
    endloop
  endfacet
  facet normal -0.6965072268364623 -0.7175497773427157 0
    outer loop
      vertex 13.111051559448242 2.657313346862793 0
      vertex 13.225587844848633 2.546135902404785 0.2999992370605469
      vertex 13.111051559448242 2.657313346862793 0.2999992370605469
    endloop
  endfacet
  facet normal -0.6965072268364623 -0.7175497773427157 0
    outer loop
      vertex 13.225587844848633 2.546135902404785 0.2999992370605469
      vertex 13.111051559448242 2.657313346862793 0
      vertex 13.225587844848633 2.546135902404785 0
    endloop
  endfacet
  facet normal -0.7087686874670631 -0.7054409597310156 0
    outer loop
      vertex 13.111051559448242 2.657313346862793 0
      vertex 13.002891540527344 2.7659835815429688 0.2999992370605469
      vertex 13.002891540527344 2.7659835815429688 0
    endloop
  endfacet
  facet normal -0.7087686874670631 -0.7054409597310156 0
    outer loop
      vertex 13.002891540527344 2.7659835815429688 0.2999992370605469
      vertex 13.111051559448242 2.657313346862793 0
      vertex 13.111051559448242 2.657313346862793 0.2999992370605469
    endloop
  endfacet
  facet normal -0.7218349975461611 -0.6920651965801586 0
    outer loop
      vertex 13.002891540527344 2.7659835815429688 0
      vertex 12.901107788085938 2.872145652770996 0.2999992370605469
      vertex 12.901107788085938 2.872145652770996 0
    endloop
  endfacet
  facet normal -0.7218349975461611 -0.6920651965801586 0
    outer loop
      vertex 12.901107788085938 2.872145652770996 0.2999992370605469
      vertex 13.002891540527344 2.7659835815429688 0
      vertex 13.002891540527344 2.7659835815429688 0.2999992370605469
    endloop
  endfacet
  facet normal -0.7357653081929169 -0.6772365991732741 0
    outer loop
      vertex 12.901107788085938 2.872145652770996 0
      vertex 12.805699348449707 2.975799560546875 0.2999992370605469
      vertex 12.805699348449707 2.975799560546875 0
    endloop
  endfacet
  facet normal -0.7357653081929169 -0.6772365991732741 0
    outer loop
      vertex 12.805699348449707 2.975799560546875 0.2999992370605469
      vertex 12.901107788085938 2.872145652770996 0
      vertex 12.901107788085938 2.872145652770996 0.2999992370605469
    endloop
  endfacet
  facet normal -0.7512288346549406 -0.6600418456302446 0
    outer loop
      vertex 12.805699348449707 2.975799560546875 0
      vertex 12.716056823730469 3.077826499938965 0.2999992370605469
      vertex 12.716056823730469 3.077826499938965 0
    endloop
  endfacet
  facet normal -0.7512288346549406 -0.6600418456302446 0
    outer loop
      vertex 12.716056823730469 3.077826499938965 0.2999992370605469
      vertex 12.805699348449707 2.975799560546875 0
      vertex 12.805699348449707 2.975799560546875 0.2999992370605469
    endloop
  endfacet
  facet normal -0.7678934327353532 -0.6405776111931446 0
    outer loop
      vertex 12.716056823730469 3.077826499938965 0
      vertex 12.63156795501709 3.179107666015625 0.2999992370605469
      vertex 12.63156795501709 3.179107666015625 0
    endloop
  endfacet
  facet normal -0.7678934327353532 -0.6405776111931446 0
    outer loop
      vertex 12.63156795501709 3.179107666015625 0.2999992370605469
      vertex 12.716056823730469 3.077826499938965 0
      vertex 12.716056823730469 3.077826499938965 0.2999992370605469
    endloop
  endfacet
  facet normal -0.7850121754575224 -0.6194803341377738 0
    outer loop
      vertex 12.63156795501709 3.179107666015625 0
      vertex 12.55223274230957 3.279642105102539 0.2999992370605469
      vertex 12.55223274230957 3.279642105102539 0
    endloop
  endfacet
  facet normal -0.7850121754575224 -0.6194803341377738 0
    outer loop
      vertex 12.55223274230957 3.279642105102539 0.2999992370605469
      vertex 12.63156795501709 3.179107666015625 0
      vertex 12.63156795501709 3.179107666015625 0.2999992370605469
    endloop
  endfacet
  facet normal -0.8025431293356404 -0.5965941045268194 0
    outer loop
      vertex 12.55223274230957 3.279642105102539 0
      vertex 12.47805118560791 3.37943172454834 0.2999992370605469
      vertex 12.47805118560791 3.37943172454834 0
    endloop
  endfacet
  facet normal -0.8025431293356404 -0.5965941045268194 0
    outer loop
      vertex 12.47805118560791 3.37943172454834 0.2999992370605469
      vertex 12.55223274230957 3.279642105102539 0
      vertex 12.55223274230957 3.279642105102539 0.2999992370605469
    endloop
  endfacet
  facet normal -0.820409620600848 -0.571776227579962 0
    outer loop
      vertex 12.47805118560791 3.37943172454834 0
      vertex 12.409024238586426 3.4784746170043945 0.2999992370605469
      vertex 12.409024238586426 3.4784746170043945 0
    endloop
  endfacet
  facet normal -0.820409620600848 -0.571776227579962 0
    outer loop
      vertex 12.409024238586426 3.4784746170043945 0.2999992370605469
      vertex 12.47805118560791 3.37943172454834 0
      vertex 12.47805118560791 3.37943172454834 0.2999992370605469
    endloop
  endfacet
  facet normal -0.8385246457756355 -0.544863669578772 0
    outer loop
      vertex 12.409024238586426 3.4784746170043945 0
      vertex 12.345151901245117 3.5767717361450195 0.2999992370605469
      vertex 12.345151901245117 3.5767717361450195 0
    endloop
  endfacet
  facet normal -0.8385246457756355 -0.544863669578772 0
    outer loop
      vertex 12.345151901245117 3.5767717361450195 0.2999992370605469
      vertex 12.409024238586426 3.4784746170043945 0
      vertex 12.409024238586426 3.4784746170043945 0.2999992370605469
    endloop
  endfacet
  facet normal -0.85675818038063 -0.5157183537075947 0
    outer loop
      vertex 12.345151901245117 3.5767717361450195 0
      vertex 12.286432266235352 3.6743221282958984 0.2999992370605469
      vertex 12.286432266235352 3.6743221282958984 0
    endloop
  endfacet
  facet normal -0.85675818038063 -0.5157183537075947 0
    outer loop
      vertex 12.286432266235352 3.6743221282958984 0.2999992370605469
      vertex 12.345151901245117 3.5767717361450195 0
      vertex 12.345151901245117 3.5767717361450195 0.2999992370605469
    endloop
  endfacet
  facet normal -0.8749842428126426 -0.48415139659985124 0
    outer loop
      vertex 12.286432266235352 3.6743221282958984 0
      vertex 12.232867240905762 3.771127700805664 0.2999992370605469
      vertex 12.232867240905762 3.771127700805664 0
    endloop
  endfacet
  facet normal -0.8749842428126426 -0.48415139659985124 0
    outer loop
      vertex 12.232867240905762 3.771127700805664 0.2999992370605469
      vertex 12.286432266235352 3.6743221282958984 0
      vertex 12.286432266235352 3.6743221282958984 0.2999992370605469
    endloop
  endfacet
  facet normal -0.8930059507265932 -0.4500448555054189 0
    outer loop
      vertex 12.232867240905762 3.771127700805664 0
      vertex 12.184456825256348 3.8671865463256836 0.2999992370605469
      vertex 12.184456825256348 3.8671865463256836 0
    endloop
  endfacet
  facet normal -0.8930059507265932 -0.4500448555054189 0
    outer loop
      vertex 12.184456825256348 3.8671865463256836 0.2999992370605469
      vertex 12.232867240905762 3.771127700805664 0
      vertex 12.232867240905762 3.771127700805664 0.2999992370605469
    endloop
  endfacet
  facet normal -0.9106053398157148 -0.41327704400209125 0
    outer loop
      vertex 12.184456825256348 3.8671865463256836 0
      vertex 12.141199111938477 3.9624996185302734 0.2999992370605469
      vertex 12.141199111938477 3.9624996185302734 0
    endloop
  endfacet
  facet normal -0.9106053398157148 -0.41327704400209125 0
    outer loop
      vertex 12.141199111938477 3.9624996185302734 0.2999992370605469
      vertex 12.184456825256348 3.8671865463256836 0
      vertex 12.184456825256348 3.8671865463256836 0.2999992370605469
    endloop
  endfacet
  facet normal 0 1 0
    outer loop
      vertex 17.12540054321289 3.9624996185302734 0
      vertex 12.141199111938477 3.9624996185302734 0.2999992370605469
      vertex 17.12540054321289 3.9624996185302734 0.2999992370605469
    endloop
  endfacet
  facet normal 0 1 0
    outer loop
      vertex 12.141199111938477 3.9624996185302734 0.2999992370605469
      vertex 17.12540054321289 3.9624996185302734 0
      vertex 12.141199111938477 3.9624996185302734 0
    endloop
  endfacet
  facet normal -1 0 0
    outer loop
      vertex 17.12540054321289 3.9624996185302734 0
      vertex 17.12540054321289 5 0.2999992370605469
      vertex 17.12540054321289 5 0
    endloop
  endfacet
  facet normal -1 0 0
    outer loop
      vertex 17.12540054321289 5 0.2999992370605469
      vertex 17.12540054321289 3.9624996185302734 0
      vertex 17.12540054321289 3.9624996185302734 0.2999992370605469
    endloop
  endfacet
  facet normal 0 -1 0
    outer loop
      vertex 10.79849910736084 5 0
      vertex 17.12540054321289 5 0.2999992370605469
      vertex 10.79849910736084 5 0.2999992370605469
    endloop
  endfacet
  facet normal 0 -1 0
    outer loop
      vertex 17.12540054321289 5 0.2999992370605469
      vertex 10.79849910736084 5 0
      vertex 17.12540054321289 5 0
    endloop
  endfacet
  facet normal 1 0 0
    outer loop
      vertex 10.79849910736084 4.138799667358398 0.2999992370605469
      vertex 10.79849910736084 5 0
      vertex 10.79849910736084 5 0.2999992370605469
    endloop
  endfacet
  facet normal 1 0 0
    outer loop
      vertex 10.79849910736084 5 0
      vertex 10.79849910736084 4.138799667358398 0.2999992370605469
      vertex 10.79849910736084 4.138799667358398 0
    endloop
  endfacet
  facet normal 0.9116616638504615 0.4109416146673491 0
    outer loop
      vertex 10.869185447692871 3.9819841384887695 0.2999992370605469
      vertex 10.79849910736084 4.138799667358398 0
      vertex 10.79849910736084 4.138799667358398 0.2999992370605469
    endloop
  endfacet
  facet normal 0.9116616638504615 0.4109416146673491 0
    outer loop
      vertex 10.79849910736084 4.138799667358398 0
      vertex 10.869185447692871 3.9819841384887695 0.2999992370605469
      vertex 10.869185447692871 3.9819841384887695 0
    endloop
  endfacet
  facet normal 0.9009312135749412 0.43396192045660353 0
    outer loop
      vertex 10.942923545837402 3.828899383544922 0.2999992370605469
      vertex 10.869185447692871 3.9819841384887695 0
      vertex 10.869185447692871 3.9819841384887695 0.2999992370605469
    endloop
  endfacet
  facet normal 0.9009312135749412 0.43396192045660353 0
    outer loop
      vertex 10.869185447692871 3.9819841384887695 0
      vertex 10.942923545837402 3.828899383544922 0.2999992370605469
      vertex 10.942923545837402 3.828899383544922 0
    endloop
  endfacet
  facet normal 0.8893392678123482 0.4572479269794411 0
    outer loop
      vertex 11.019713401794434 3.679544448852539 0.2999992370605469
      vertex 10.942923545837402 3.828899383544922 0
      vertex 10.942923545837402 3.828899383544922 0.2999992370605469
    endloop
  endfacet
  facet normal 0.8893392678123482 0.4572479269794411 0
    outer loop
      vertex 10.942923545837402 3.828899383544922 0
      vertex 11.019713401794434 3.679544448852539 0.2999992370605469
      vertex 11.019713401794434 3.679544448852539 0
    endloop
  endfacet
  facet normal 0.8768539525838781 0.48075684689667164 0
    outer loop
      vertex 11.099555969238281 3.533919334411621 0.2999992370605469
      vertex 11.019713401794434 3.679544448852539 0
      vertex 11.019713401794434 3.679544448852539 0.2999992370605469
    endloop
  endfacet
  facet normal 0.8768539525838781 0.48075684689667164 0
    outer loop
      vertex 11.019713401794434 3.679544448852539 0
      vertex 11.099555969238281 3.533919334411621 0.2999992370605469
      vertex 11.099555969238281 3.533919334411621 0
    endloop
  endfacet
  facet normal 0.8634564753904134 0.5044233490891995 0
    outer loop
      vertex 11.182449340820312 3.3920249938964844 0.2999992370605469
      vertex 11.099555969238281 3.533919334411621 0
      vertex 11.099555969238281 3.533919334411621 0.2999992370605469
    endloop
  endfacet
  facet normal 0.8634564753904134 0.5044233490891995 0
    outer loop
      vertex 11.099555969238281 3.533919334411621 0
      vertex 11.182449340820312 3.3920249938964844 0.2999992370605469
      vertex 11.182449340820312 3.3920249938964844 0
    endloop
  endfacet
  facet normal 0.8491215042474751 0.5281975681736004 0
    outer loop
      vertex 11.26839542388916 3.253859519958496 0.2999992370605469
      vertex 11.182449340820312 3.3920249938964844 0
      vertex 11.182449340820312 3.3920249938964844 0.2999992370605469
    endloop
  endfacet
  facet normal 0.8491215042474751 0.5281975681736004 0
    outer loop
      vertex 11.182449340820312 3.3920249938964844 0
      vertex 11.26839542388916 3.253859519958496 0.2999992370605469
      vertex 11.26839542388916 3.253859519958496 0
    endloop
  endfacet
  facet normal 0.8338359921210903 0.5520122627654543 0
    outer loop
      vertex 11.357393264770508 3.119424819946289 0.2999992370605469
      vertex 11.26839542388916 3.253859519958496 0
      vertex 11.26839542388916 3.253859519958496 0.2999992370605469
    endloop
  endfacet
  facet normal 0.8338359921210903 0.5520122627654543 0
    outer loop
      vertex 11.26839542388916 3.253859519958496 0
      vertex 11.357393264770508 3.119424819946289 0.2999992370605469
      vertex 11.357393264770508 3.119424819946289 0
    endloop
  endfacet
  facet normal 0.8175913207501803 0.5757989512268806 0
    outer loop
      vertex 11.449443817138672 2.988719940185547 0.2999992370605469
      vertex 11.357393264770508 3.119424819946289 0
      vertex 11.357393264770508 3.119424819946289 0.2999992370605469
    endloop
  endfacet
  facet normal 0.8175913207501803 0.5757989512268806 0
    outer loop
      vertex 11.357393264770508 3.119424819946289 0
      vertex 11.449443817138672 2.988719940185547 0.2999992370605469
      vertex 11.449443817138672 2.988719940185547 0
    endloop
  endfacet
  facet normal 0.8003929822405776 0.5994756658781358 0
    outer loop
      vertex 11.54454517364502 2.8617448806762695 0.2999992370605469
      vertex 11.449443817138672 2.988719940185547 0
      vertex 11.449443817138672 2.988719940185547 0.2999992370605469
    endloop
  endfacet
  facet normal 0.8003929822405776 0.5994756658781358 0
    outer loop
      vertex 11.449443817138672 2.988719940185547 0
      vertex 11.54454517364502 2.8617448806762695 0.2999992370605469
      vertex 11.54454517364502 2.8617448806762695 0
    endloop
  endfacet
  facet normal 0.7822357889322686 0.6229824801015766 0
    outer loop
      vertex 11.642699241638184 2.738499641418457 0.2999992370605469
      vertex 11.54454517364502 2.8617448806762695 0
      vertex 11.54454517364502 2.8617448806762695 0.2999992370605469
    endloop
  endfacet
  facet normal 0.7822357889322686 0.6229824801015766 0
    outer loop
      vertex 11.54454517364502 2.8617448806762695 0
      vertex 11.642699241638184 2.738499641418457 0.2999992370605469
      vertex 11.642699241638184 2.738499641418457 0
    endloop
  endfacet
  facet normal 0.7682137884858327 0.6401933888913914 0
    outer loop
      vertex 11.74290657043457 2.618253707885742 0.2999992370605469
      vertex 11.642699241638184 2.738499641418457 0
      vertex 11.642699241638184 2.738499641418457 0.2999992370605469
    endloop
  endfacet
  facet normal 0.7682137884858327 0.6401933888913914 0
    outer loop
      vertex 11.642699241638184 2.738499641418457 0
      vertex 11.74290657043457 2.618253707885742 0.2999992370605469
      vertex 11.74290657043457 2.618253707885742 0
    endloop
  endfacet
  facet normal 0.7588388993313987 0.6512783773944221 0
    outer loop
      vertex 11.844127655029297 2.5003156661987305 0.2999992370605469
      vertex 11.74290657043457 2.618253707885742 0
      vertex 11.74290657043457 2.618253707885742 0.2999992370605469
    endloop
  endfacet
  facet normal 0.7588388993313987 0.6512783773944221 0
    outer loop
      vertex 11.74290657043457 2.618253707885742 0
      vertex 11.844127655029297 2.5003156661987305 0.2999992370605469
      vertex 11.844127655029297 2.5003156661987305 0
    endloop
  endfacet
  facet normal 0.7491681353143114 0.66237987969871 0
    outer loop
      vertex 11.946362495422363 2.384685516357422 0.2999992370605469
      vertex 11.844127655029297 2.5003156661987305 0
      vertex 11.844127655029297 2.5003156661987305 0.2999992370605469
    endloop
  endfacet
  facet normal 0.7491681353143114 0.66237987969871 0
    outer loop
      vertex 11.844127655029297 2.5003156661987305 0
      vertex 11.946362495422363 2.384685516357422 0.2999992370605469
      vertex 11.946362495422363 2.384685516357422 0
    endloop
  endfacet
  facet normal 0.7391981954527954 0.6734879567143952 0
    outer loop
      vertex 12.04961109161377 2.2713632583618164 0.2999992370605469
      vertex 11.946362495422363 2.384685516357422 0
      vertex 11.946362495422363 2.384685516357422 0.2999992370605469
    endloop
  endfacet
  facet normal 0.7391981954527954 0.6734879567143952 0
    outer loop
      vertex 11.946362495422363 2.384685516357422 0
      vertex 12.04961109161377 2.2713632583618164 0.2999992370605469
      vertex 12.04961109161377 2.2713632583618164 0
    endloop
  endfacet
  facet normal 0.7289202232138514 0.6845986475226702 0
    outer loop
      vertex 12.153874397277832 2.1603498458862305 0.2999992370605469
      vertex 12.04961109161377 2.2713632583618164 0
      vertex 12.04961109161377 2.2713632583618164 0.2999992370605469
    endloop
  endfacet
  facet normal 0.7289202232138514 0.6845986475226702 0
    outer loop
      vertex 12.04961109161377 2.2713632583618164 0
      vertex 12.153874397277832 2.1603498458862305 0.2999992370605469
      vertex 12.153874397277832 2.1603498458862305 0
    endloop
  endfacet
  facet normal 0.7183469992389312 0.6956849780499956 0
    outer loop
      vertex 12.259151458740234 2.0516433715820312 0.2999992370605469
      vertex 12.153874397277832 2.1603498458862305 0
      vertex 12.153874397277832 2.1603498458862305 0.2999992370605469
    endloop
  endfacet
  facet normal 0.7183469992389312 0.6956849780499956 0
    outer loop
      vertex 12.153874397277832 2.1603498458862305 0
      vertex 12.259151458740234 2.0516433715820312 0.2999992370605469
      vertex 12.259151458740234 2.0516433715820312 0
    endloop
  endfacet
  facet normal 0.707461798958581 0.7067515850808461 0
    outer loop
      vertex 12.365442276000977 1.9452457427978516 0.2999992370605469
      vertex 12.259151458740234 2.0516433715820312 0
      vertex 12.259151458740234 2.0516433715820312 0.2999992370605469
    endloop
  endfacet
  facet normal 0.707461798958581 0.7067515850808461 0
    outer loop
      vertex 12.259151458740234 2.0516433715820312 0
      vertex 12.365442276000977 1.9452457427978516 0.2999992370605469
      vertex 12.365442276000977 1.9452457427978516 0
    endloop
  endfacet
  facet normal 0.6962728510778093 0.7177772055812157 0
    outer loop
      vertex 12.472747802734375 1.8411550521850586 0
      vertex 12.365442276000977 1.9452457427978516 0.2999992370605469
      vertex 12.472747802734375 1.8411550521850586 0.2999992370605469
    endloop
  endfacet
  facet normal 0.6962728510778093 0.7177772055812157 0
    outer loop
      vertex 12.365442276000977 1.9452457427978516 0.2999992370605469
      vertex 12.472747802734375 1.8411550521850586 0
      vertex 12.365442276000977 1.9452457427978516 0
    endloop
  endfacet
  facet normal 0.6847764681487066 0.7287531740375363 0
    outer loop
      vertex 12.581066131591797 1.7393732070922852 0
      vertex 12.472747802734375 1.8411550521850586 0.2999992370605469
      vertex 12.581066131591797 1.7393732070922852 0.2999992370605469
    endloop
  endfacet
  facet normal 0.6847764681487066 0.7287531740375363 0
    outer loop
      vertex 12.472747802734375 1.8411550521850586 0.2999992370605469
      vertex 12.581066131591797 1.7393732070922852 0
      vertex 12.472747802734375 1.8411550521850586 0
    endloop
  endfacet
  facet normal 0.6729701101738997 0.7396696768237355 0
    outer loop
      vertex 12.690399169921875 1.6398992538452148 0
      vertex 12.581066131591797 1.7393732070922852 0.2999992370605469
      vertex 12.690399169921875 1.6398992538452148 0.2999992370605469
    endloop
  endfacet
  facet normal 0.6729701101738997 0.7396696768237355 0
    outer loop
      vertex 12.581066131591797 1.7393732070922852 0.2999992370605469
      vertex 12.690399169921875 1.6398992538452148 0
      vertex 12.581066131591797 1.7393732070922852 0
    endloop
  endfacet
  facet normal 0.6646059875729998 0.7471940051165544 0
    outer loop
      vertex 12.80015754699707 1.5422725677490234 0
      vertex 12.690399169921875 1.6398992538452148 0.2999992370605469
      vertex 12.80015754699707 1.5422725677490234 0.2999992370605469
    endloop
  endfacet
  facet normal 0.6646059875729998 0.7471940051165544 0
    outer loop
      vertex 12.690399169921875 1.6398992538452148 0.2999992370605469
      vertex 12.80015754699707 1.5422725677490234 0
      vertex 12.690399169921875 1.6398992538452148 0
    endloop
  endfacet
  facet normal 0.6598280183743777 0.7514166528419117 0
    outer loop
      vertex 12.909711837768555 1.4460716247558594 0
      vertex 12.80015754699707 1.5422725677490234 0.2999992370605469
      vertex 12.909711837768555 1.4460716247558594 0.2999992370605469
    endloop
  endfacet
  facet normal 0.6598280183743777 0.7514166528419117 0
    outer loop
      vertex 12.80015754699707 1.5422725677490234 0.2999992370605469
      vertex 12.909711837768555 1.4460716247558594 0
      vertex 12.80015754699707 1.5422725677490234 0
    endloop
  endfacet
  facet normal 0.6549536214598235 0.7556690768694073 0
    outer loop
      vertex 13.019061088562012 1.3512964248657227 0
      vertex 12.909711837768555 1.4460716247558594 0.2999992370605469
      vertex 13.019061088562012 1.3512964248657227 0.2999992370605469
    endloop
  endfacet
  facet normal 0.6549536214598235 0.7556690768694073 0
    outer loop
      vertex 12.909711837768555 1.4460716247558594 0.2999992370605469
      vertex 13.019061088562012 1.3512964248657227 0
      vertex 12.909711837768555 1.4460716247558594 0
    endloop
  endfacet
  facet normal 0.64996689690749 0.7599625207366796 0
    outer loop
      vertex 13.128207206726074 1.2579479217529297 0
      vertex 13.019061088562012 1.3512964248657227 0.2999992370605469
      vertex 13.128207206726074 1.2579479217529297 0.2999992370605469
    endloop
  endfacet
  facet normal 0.64996689690749 0.7599625207366796 0
    outer loop
      vertex 13.019061088562012 1.3512964248657227 0.2999992370605469
      vertex 13.128207206726074 1.2579479217529297 0
      vertex 13.019061088562012 1.3512964248657227 0
    endloop
  endfacet
  facet normal 0.6448868160338439 0.7642780871552783 0
    outer loop
      vertex 13.237149238586426 1.1660242080688477 0
      vertex 13.128207206726074 1.2579479217529297 0.2999992370605469
      vertex 13.237149238586426 1.1660242080688477 0.2999992370605469
    endloop
  endfacet
  facet normal 0.6448868160338439 0.7642780871552783 0
    outer loop
      vertex 13.128207206726074 1.2579479217529297 0.2999992370605469
      vertex 13.237149238586426 1.1660242080688477 0
      vertex 13.128207206726074 1.2579479217529297 0
    endloop
  endfacet
  facet normal 0.6396922716103912 0.7686311193556618 0
    outer loop
      vertex 13.345887184143066 1.0755271911621094 0
      vertex 13.237149238586426 1.1660242080688477 0.2999992370605469
      vertex 13.345887184143066 1.0755271911621094 0.2999992370605469
    endloop
  endfacet
  facet normal 0.6396922716103912 0.7686311193556618 0
    outer loop
      vertex 13.237149238586426 1.1660242080688477 0.2999992370605469
      vertex 13.345887184143066 1.0755271911621094 0
      vertex 13.237149238586426 1.1660242080688477 0
    endloop
  endfacet
  facet normal 0.6343852025846756 0.7730170856724966 0
    outer loop
      vertex 13.454421997070312 0.9864568710327148 0
      vertex 13.345887184143066 1.0755271911621094 0.2999992370605469
      vertex 13.454421997070312 0.9864568710327148 0.2999992370605469
    endloop
  endfacet
  facet normal 0.6343852025846756 0.7730170856724966 0
    outer loop
      vertex 13.345887184143066 1.0755271911621094 0.2999992370605469
      vertex 13.454421997070312 0.9864568710327148 0
      vertex 13.345887184143066 1.0755271911621094 0
    endloop
  endfacet
  facet normal 0.62898143783378 0.7774203180137181 0
    outer loop
      vertex 13.562751770019531 0.8988113403320312 0
      vertex 13.454421997070312 0.9864568710327148 0.2999992370605469
      vertex 13.562751770019531 0.8988113403320312 0.2999992370605469
    endloop
  endfacet
  facet normal 0.62898143783378 0.7774203180137181 0
    outer loop
      vertex 13.454421997070312 0.9864568710327148 0.2999992370605469
      vertex 13.562751770019531 0.8988113403320312 0
      vertex 13.454421997070312 0.9864568710327148 0
    endloop
  endfacet
  facet normal 0.623452125367243 0.7818615269822833 0
    outer loop
      vertex 13.670877456665039 0.8125925064086914 0
      vertex 13.562751770019531 0.8988113403320312 0.2999992370605469
      vertex 13.670877456665039 0.8125925064086914 0.2999992370605469
    endloop
  endfacet
  facet normal 0.623452125367243 0.7818615269822833 0
    outer loop
      vertex 13.562751770019531 0.8988113403320312 0.2999992370605469
      vertex 13.670877456665039 0.8125925064086914 0
      vertex 13.562751770019531 0.8988113403320312 0
    endloop
  endfacet
  facet normal 0.6178105043156582 0.7863270189668115 0
    outer loop
      vertex 13.778799057006836 0.7277994155883789 0
      vertex 13.670877456665039 0.8125925064086914 0.2999992370605469
      vertex 13.778799057006836 0.7277994155883789 0.2999992370605469
    endloop
  endfacet
  facet normal 0.6178105043156582 0.7863270189668115 0
    outer loop
      vertex 13.670877456665039 0.8125925064086914 0.2999992370605469
      vertex 13.778799057006836 0.7277994155883789 0
      vertex 13.670877456665039 0.8125925064086914 0
    endloop
  endfacet
  facet normal 0.6186827505159646 0.7856409193862045 0
    outer loop
      vertex 13.885568618774414 0.6437196731567383 0
      vertex 13.778799057006836 0.7277994155883789 0.2999992370605469
      vertex 13.885568618774414 0.6437196731567383 0.2999992370605469
    endloop
  endfacet
  facet normal 0.6186827505159646 0.7856409193862045 0
    outer loop
      vertex 13.778799057006836 0.7277994155883789 0.2999992370605469
      vertex 13.885568618774414 0.6437196731567383 0
      vertex 13.778799057006836 0.7277994155883789 0
    endloop
  endfacet
  facet normal 0.6262669300199081 0.7796087046483251 0
    outer loop
      vertex 13.990235328674316 0.5596399307250977 0
      vertex 13.885568618774414 0.6437196731567383 0.2999992370605469
      vertex 13.990235328674316 0.5596399307250977 0.2999992370605469
    endloop
  endfacet
  facet normal 0.6262669300199081 0.7796087046483251 0
    outer loop
      vertex 13.885568618774414 0.6437196731567383 0.2999992370605469
      vertex 13.990235328674316 0.5596399307250977 0
      vertex 13.885568618774414 0.6437196731567383 0
    endloop
  endfacet
  facet normal 0.6339783678573403 0.7733507801049553 0
    outer loop
      vertex 14.09280014038086 0.4755592346191406 0
      vertex 13.990235328674316 0.5596399307250977 0.2999992370605469
      vertex 14.09280014038086 0.4755592346191406 0.2999992370605469
    endloop
  endfacet
  facet normal 0.6339783678573403 0.7733507801049553 0
    outer loop
      vertex 13.990235328674316 0.5596399307250977 0.2999992370605469
      vertex 14.09280014038086 0.4755592346191406 0
      vertex 13.990235328674316 0.5596399307250977 0
    endloop
  endfacet
  facet normal 0.6418076542949953 0.7668656563495042 0
    outer loop
      vertex 14.193263053894043 0.3914794921875 0
      vertex 14.09280014038086 0.4755592346191406 0.2999992370605469
      vertex 14.193263053894043 0.3914794921875 0.2999992370605469
    endloop
  endfacet
  facet normal 0.6418076542949953 0.7668656563495042 0
    outer loop
      vertex 14.09280014038086 0.4755592346191406 0.2999992370605469
      vertex 14.193263053894043 0.3914794921875 0
      vertex 14.09280014038086 0.4755592346191406 0
    endloop
  endfacet
  facet normal 0.6497674814463874 0.7601330278673717 0
    outer loop
      vertex 14.291624069213867 0.3073997497558594 0
      vertex 14.193263053894043 0.3914794921875 0.2999992370605469
      vertex 14.291624069213867 0.3073997497558594 0.2999992370605469
    endloop
  endfacet
  facet normal 0.6497674814463874 0.7601330278673717 0
    outer loop
      vertex 14.193263053894043 0.3914794921875 0.2999992370605469
      vertex 14.291624069213867 0.3073997497558594 0
      vertex 14.193263053894043 0.3914794921875 0
    endloop
  endfacet
  facet normal 0.657857247018461 0.7531426442217247 0
    outer loop
      vertex 14.387883186340332 0.22331905364990234 0
      vertex 14.291624069213867 0.3073997497558594 0.2999992370605469
      vertex 14.387883186340332 0.22331905364990234 0.2999992370605469
    endloop
  endfacet
  facet normal 0.657857247018461 0.7531426442217247 0
    outer loop
      vertex 14.291624069213867 0.3073997497558594 0.2999992370605469
      vertex 14.387883186340332 0.22331905364990234 0
      vertex 14.291624069213867 0.3073997497558594 0
    endloop
  endfacet
  facet normal 0.6660633595809768 0.7458951675830205 0
    outer loop
      vertex 14.482040405273438 0.13923931121826172 0
      vertex 14.387883186340332 0.22331905364990234 0.2999992370605469
      vertex 14.482040405273438 0.13923931121826172 0.2999992370605469
    endloop
  endfacet
  facet normal 0.6660633595809768 0.7458951675830205 0
    outer loop
      vertex 14.387883186340332 0.22331905364990234 0.2999992370605469
      vertex 14.482040405273438 0.13923931121826172 0
      vertex 14.387883186340332 0.22331905364990234 0
    endloop
  endfacet
  facet normal 0.6743972242202079 0.7383687317079989 0
    outer loop
      vertex 14.574095726013184 0.055159568786621094 0
      vertex 14.482040405273438 0.13923931121826172 0.2999992370605469
      vertex 14.574095726013184 0.055159568786621094 0.2999992370605469
    endloop
  endfacet
  facet normal 0.6743972242202079 0.7383687317079989 0
    outer loop
      vertex 14.482040405273438 0.13923931121826172 0.2999992370605469
      vertex 14.574095726013184 0.055159568786621094 0
      vertex 14.482040405273438 0.13923931121826172 0
    endloop
  endfacet
  facet normal 0.6828526069627123 0.7305561697530365 0
    outer loop
      vertex 14.664048194885254 -0.028919219970703125 0
      vertex 14.574095726013184 0.055159568786621094 0.2999992370605469
      vertex 14.664048194885254 -0.028919219970703125 0.2999992370605469
    endloop
  endfacet
  facet normal 0.6828526069627123 0.7305561697530365 0
    outer loop
      vertex 14.574095726013184 0.055159568786621094 0.2999992370605469
      vertex 14.664048194885254 -0.028919219970703125 0
      vertex 14.574095726013184 0.055159568786621094 0
    endloop
  endfacet
  facet normal 0.691432196127617 0.722441359667441 0
    outer loop
      vertex 14.751899719238281 -0.11299991607666016 0
      vertex 14.664048194885254 -0.028919219970703125 0.2999992370605469
      vertex 14.751899719238281 -0.11299991607666016 0.2999992370605469
    endloop
  endfacet
  facet normal 0.691432196127617 0.722441359667441 0
    outer loop
      vertex 14.664048194885254 -0.028919219970703125 0.2999992370605469
      vertex 14.751899719238281 -0.11299991607666016 0
      vertex 14.664048194885254 -0.028919219970703125 0
    endloop
  endfacet
  facet normal 0.7044624364054587 0.7097412737707206 0
    outer loop
      vertex 14.83703899383545 -0.19750595092773438 0
      vertex 14.751899719238281 -0.11299991607666016 0.2999992370605469
      vertex 14.83703899383545 -0.19750595092773438 0.2999992370605469
    endloop
  endfacet
  facet normal 0.7044624364054587 0.7097412737707206 0
    outer loop
      vertex 14.751899719238281 -0.11299991607666016 0.2999992370605469
      vertex 14.83703899383545 -0.19750595092773438 0
      vertex 14.751899719238281 -0.11299991607666016 0
    endloop
  endfacet
  facet normal 0.721760121398143 0.6921432851363494 0
    outer loop
      vertex 14.918855667114258 -0.2828235626220703 0.2999992370605469
      vertex 14.83703899383545 -0.19750595092773438 0
      vertex 14.83703899383545 -0.19750595092773438 0.2999992370605469
    endloop
  endfacet
  facet normal 0.721760121398143 0.6921432851363494 0
    outer loop
      vertex 14.83703899383545 -0.19750595092773438 0
      vertex 14.918855667114258 -0.2828235626220703 0.2999992370605469
      vertex 14.918855667114258 -0.2828235626220703 0
    endloop
  endfacet
  facet normal 0.7391070603505553 0.6735879700083431 0
    outer loop
      vertex 14.997350692749023 -0.3689537048339844 0.2999992370605469
      vertex 14.918855667114258 -0.2828235626220703 0
      vertex 14.918855667114258 -0.2828235626220703 0.2999992370605469
    endloop
  endfacet
  facet normal 0.7391070603505553 0.6735879700083431 0
    outer loop
      vertex 14.918855667114258 -0.2828235626220703 0
      vertex 14.997350692749023 -0.3689537048339844 0.2999992370605469
      vertex 14.997350692749023 -0.3689537048339844 0
    endloop
  endfacet
  facet normal 0.7564510446362092 0.6540503169243082 0
    outer loop
      vertex 15.07252311706543 -0.45589542388916016 0.2999992370605469
      vertex 14.997350692749023 -0.3689537048339844 0
      vertex 14.997350692749023 -0.3689537048339844 0.2999992370605469
    endloop
  endfacet
  facet normal 0.7564510446362092 0.6540503169243082 0
    outer loop
      vertex 14.997350692749023 -0.3689537048339844 0
      vertex 15.07252311706543 -0.45589542388916016 0.2999992370605469
      vertex 15.07252311706543 -0.45589542388916016 0
    endloop
  endfacet
  facet normal 0.7737290943355745 0.6335166048168366 0
    outer loop
      vertex 15.14437484741211 -0.5436496734619141 0.2999992370605469
      vertex 15.07252311706543 -0.45589542388916016 0
      vertex 15.07252311706543 -0.45589542388916016 0.2999992370605469
    endloop
  endfacet
  facet normal 0.7737290943355745 0.6335166048168366 0
    outer loop
      vertex 15.07252311706543 -0.45589542388916016 0
      vertex 15.14437484741211 -0.5436496734619141 0.2999992370605469
      vertex 15.14437484741211 -0.5436496734619141 0
    endloop
  endfacet
  facet normal 0.7908877764559558 0.6119612120490596 0
    outer loop
      vertex 15.21290397644043 -0.6322154998779297 0.2999992370605469
      vertex 15.14437484741211 -0.5436496734619141 0
      vertex 15.14437484741211 -0.5436496734619141 0.2999992370605469
    endloop
  endfacet
  facet normal 0.7908877764559558 0.6119612120490596 0
    outer loop
      vertex 15.14437484741211 -0.5436496734619141 0
      vertex 15.21290397644043 -0.6322154998779297 0.2999992370605469
      vertex 15.21290397644043 -0.6322154998779297 0
    endloop
  endfacet
  facet normal 0.8078577243603633 0.5893775506339679 0
    outer loop
      vertex 15.27811050415039 -0.7215938568115234 0.2999992370605469
      vertex 15.21290397644043 -0.6322154998779297 0
      vertex 15.21290397644043 -0.6322154998779297 0.2999992370605469
    endloop
  endfacet
  facet normal 0.8078577243603633 0.5893775506339679 0
    outer loop
      vertex 15.21290397644043 -0.6322154998779297 0
      vertex 15.27811050415039 -0.7215938568115234 0.2999992370605469
      vertex 15.27811050415039 -0.7215938568115234 0
    endloop
  endfacet
  facet normal 0.8245567397094726 0.5657792705637816 0
    outer loop
      vertex 15.339995384216309 -0.8117837905883789 0.2999992370605469
      vertex 15.27811050415039 -0.7215938568115234 0
      vertex 15.27811050415039 -0.7215938568115234 0.2999992370605469
    endloop
  endfacet
  facet normal 0.8245567397094726 0.5657792705637816 0
    outer loop
      vertex 15.27811050415039 -0.7215938568115234 0
      vertex 15.339995384216309 -0.8117837905883789 0.2999992370605469
      vertex 15.339995384216309 -0.8117837905883789 0
    endloop
  endfacet
  facet normal 0.8409166710450829 0.541164625930461 0
    outer loop
      vertex 15.398558616638184 -0.9027853012084961 0.2999992370605469
      vertex 15.339995384216309 -0.8117837905883789 0
      vertex 15.339995384216309 -0.8117837905883789 0.2999992370605469
    endloop
  endfacet
  facet normal 0.8409166710450829 0.541164625930461 0
    outer loop
      vertex 15.339995384216309 -0.8117837905883789 0
      vertex 15.398558616638184 -0.9027853012084961 0.2999992370605469
      vertex 15.398558616638184 -0.9027853012084961 0
    endloop
  endfacet
  facet normal 0.8568656051419369 0.5155398478534345 0
    outer loop
      vertex 15.4537992477417 -0.9945993423461914 0.2999992370605469
      vertex 15.398558616638184 -0.9027853012084961 0
      vertex 15.398558616638184 -0.9027853012084961 0.2999992370605469
    endloop
  endfacet
  facet normal 0.8568656051419369 0.5155398478534345 0
    outer loop
      vertex 15.398558616638184 -0.9027853012084961 0
      vertex 15.4537992477417 -0.9945993423461914 0.2999992370605469
      vertex 15.4537992477417 -0.9945993423461914 0
    endloop
  endfacet
  facet normal 0.878196772130785 0.4782995185227249 0
    outer loop
      vertex 15.504700660705566 -1.0880584716796875 0.2999992370605469
      vertex 15.4537992477417 -0.9945993423461914 0
      vertex 15.4537992477417 -0.9945993423461914 0.2999992370605469
    endloop
  endfacet
  facet normal 0.878196772130785 0.4782995185227249 0
    outer loop
      vertex 15.4537992477417 -0.9945993423461914 0
      vertex 15.504700660705566 -1.0880584716796875 0.2999992370605469
      vertex 15.504700660705566 -1.0880584716796875 0
    endloop
  endfacet
  facet normal 0.9033075301874532 0.4289935965799993 0
    outer loop
      vertex 15.550243377685547 -1.183955192565918 0.2999992370605469
      vertex 15.504700660705566 -1.0880584716796875 0
      vertex 15.504700660705566 -1.0880584716796875 0.2999992370605469
    endloop
  endfacet
  facet normal 0.9033075301874532 0.4289935965799993 0
    outer loop
      vertex 15.504700660705566 -1.0880584716796875 0
      vertex 15.550243377685547 -1.183955192565918 0.2999992370605469
      vertex 15.550243377685547 -1.183955192565918 0
    endloop
  endfacet
  facet normal 0.9256890375427229 0.37828534966771776 0
    outer loop
      vertex 15.590428352355957 -1.2822904586791992 0.2999992370605469
      vertex 15.550243377685547 -1.183955192565918 0
      vertex 15.550243377685547 -1.183955192565918 0.2999992370605469
    endloop
  endfacet
  facet normal 0.9256890375427229 0.37828534966771776 0
    outer loop
      vertex 15.550243377685547 -1.183955192565918 0
      vertex 15.590428352355957 -1.2822904586791992 0.2999992370605469
      vertex 15.590428352355957 -1.2822904586791992 0
    endloop
  endfacet
  facet normal 0.945147384730959 0.3266441812373651 0
    outer loop
      vertex 15.625255584716797 -1.3830633163452148 0.2999992370605469
      vertex 15.590428352355957 -1.2822904586791992 0
      vertex 15.590428352355957 -1.2822904586791992 0.2999992370605469
    endloop
  endfacet
  facet normal 0.945147384730959 0.3266441812373651 0
    outer loop
      vertex 15.590428352355957 -1.2822904586791992 0
      vertex 15.625255584716797 -1.3830633163452148 0.2999992370605469
      vertex 15.625255584716797 -1.3830633163452148 0
    endloop
  endfacet
  facet normal 0.9615742237253907 0.2745451006062793 0
    outer loop
      vertex 15.65472412109375 -1.4862747192382812 0.2999992370605469
      vertex 15.625255584716797 -1.3830633163452148 0
      vertex 15.625255584716797 -1.3830633163452148 0.2999992370605469
    endloop
  endfacet
  facet normal 0.9615742237253907 0.2745451006062793 0
    outer loop
      vertex 15.625255584716797 -1.3830633163452148 0
      vertex 15.65472412109375 -1.4862747192382812 0.2999992370605469
      vertex 15.65472412109375 -1.4862747192382812 0
    endloop
  endfacet
  facet normal 0.9749318074508956 0.22250386697882302 0
    outer loop
      vertex 15.67883586883545 -1.591923713684082 0.2999992370605469
      vertex 15.65472412109375 -1.4862747192382812 0
      vertex 15.65472412109375 -1.4862747192382812 0.2999992370605469
    endloop
  endfacet
  facet normal 0.9749318074508956 0.22250386697882302 0
    outer loop
      vertex 15.65472412109375 -1.4862747192382812 0
      vertex 15.67883586883545 -1.591923713684082 0.2999992370605469
      vertex 15.67883586883545 -1.591923713684082 0
    endloop
  endfacet
  facet normal 0.9852803294190046 0.17094640230194294 0
    outer loop
      vertex 15.697588920593262 -1.7000102996826172 0.2999992370605469
      vertex 15.67883586883545 -1.591923713684082 0
      vertex 15.67883586883545 -1.591923713684082 0.2999992370605469
    endloop
  endfacet
  facet normal 0.9852803294190046 0.17094640230194294 0
    outer loop
      vertex 15.67883586883545 -1.591923713684082 0
      vertex 15.697588920593262 -1.7000102996826172 0.2999992370605469
      vertex 15.697588920593262 -1.7000102996826172 0
    endloop
  endfacet
  facet normal 0.9927366034695388 0.12030808838878349 0
    outer loop
      vertex 15.710983276367188 -1.8105354309082031 0.2999992370605469
      vertex 15.697588920593262 -1.7000102996826172 0
      vertex 15.697588920593262 -1.7000102996826172 0.2999992370605469
    endloop
  endfacet
  facet normal 0.9927366034695388 0.12030808838878349 0
    outer loop
      vertex 15.697588920593262 -1.7000102996826172 0
      vertex 15.710983276367188 -1.8105354309082031 0.2999992370605469
      vertex 15.710983276367188 -1.8105354309082031 0
    endloop
  endfacet
  facet normal 0.9974782401400702 0.07097295574420019 0
    outer loop
      vertex 15.71902084350586 -1.9234981536865234 0.2999992370605469
      vertex 15.710983276367188 -1.8105354309082031 0
      vertex 15.710983276367188 -1.8105354309082031 0.2999992370605469
    endloop
  endfacet
  facet normal 0.9974782401400702 0.07097295574420019 0
    outer loop
      vertex 15.710983276367188 -1.8105354309082031 0
      vertex 15.71902084350586 -1.9234981536865234 0.2999992370605469
      vertex 15.71902084350586 -1.9234981536865234 0
    endloop
  endfacet
  facet normal 0.9997306747836683 0.02320728111156647 0
    outer loop
      vertex 15.721699714660645 -2.0388994216918945 0.2999992370605469
      vertex 15.71902084350586 -1.9234981536865234 0
      vertex 15.71902084350586 -1.9234981536865234 0.2999992370605469
    endloop
  endfacet
  facet normal 0.9997306747836683 0.02320728111156647 0
    outer loop
      vertex 15.71902084350586 -1.9234981536865234 0
      vertex 15.721699714660645 -2.0388994216918945 0.2999992370605469
      vertex 15.721699714660645 -2.0388994216918945 0
    endloop
  endfacet
  facet normal 0.9995507770739315 -0.029970719892919568 0
    outer loop
      vertex 15.717087745666504 -2.1927127838134766 0.2999992370605469
      vertex 15.721699714660645 -2.0388994216918945 0
      vertex 15.721699714660645 -2.0388994216918945 0.2999992370605469
    endloop
  endfacet
  facet normal 0.9995507770739315 -0.029970719892919568 0
    outer loop
      vertex 15.721699714660645 -2.0388994216918945 0
      vertex 15.717087745666504 -2.1927127838134766 0.2999992370605469
      vertex 15.717087745666504 -2.1927127838134766 0
    endloop
  endfacet
  facet normal 0.9955853904626654 -0.09386016352693094 0
    outer loop
      vertex 15.703251838684082 -2.3394718170166016 0.2999992370605469
      vertex 15.717087745666504 -2.1927127838134766 0
      vertex 15.717087745666504 -2.1927127838134766 0.2999992370605469
    endloop
  endfacet
  facet normal 0.9955853904626654 -0.09386016352693094 0
    outer loop
      vertex 15.717087745666504 -2.1927127838134766 0
      vertex 15.703251838684082 -2.3394718170166016 0.2999992370605469
      vertex 15.703251838684082 -2.3394718170166016 0
    endloop
  endfacet
  facet normal 0.9866495686129775 -0.162857694800785 0
    outer loop
      vertex 15.680191993713379 -2.4791765213012695 0.2999992370605469
      vertex 15.703251838684082 -2.3394718170166016 0
      vertex 15.703251838684082 -2.3394718170166016 0.2999992370605469
    endloop
  endfacet
  facet normal 0.9866495686129775 -0.162857694800785 0
    outer loop
      vertex 15.703251838684082 -2.3394718170166016 0
      vertex 15.680191993713379 -2.4791765213012695 0.2999992370605469
      vertex 15.680191993713379 -2.4791765213012695 0
    endloop
  endfacet
  facet normal 0.9716369844208992 -0.23647742070959202 0
    outer loop
      vertex 15.647907257080078 -2.611827850341797 0.2999992370605469
      vertex 15.680191993713379 -2.4791765213012695 0
      vertex 15.680191993713379 -2.4791765213012695 0.2999992370605469
    endloop
  endfacet
  facet normal 0.9716369844208992 -0.23647742070959202 0
    outer loop
      vertex 15.680191993713379 -2.4791765213012695 0
      vertex 15.647907257080078 -2.611827850341797 0.2999992370605469
      vertex 15.647907257080078 -2.611827850341797 0
    endloop
  endfacet
  facet normal 0.9494919747547866 -0.313791315807585 0
    outer loop
      vertex 15.606399536132812 -2.737424850463867 0.2999992370605469
      vertex 15.647907257080078 -2.611827850341797 0
      vertex 15.647907257080078 -2.611827850341797 0.2999992370605469
    endloop
  endfacet
  facet normal 0.9494919747547866 -0.313791315807585 0
    outer loop
      vertex 15.647907257080078 -2.611827850341797 0
      vertex 15.606399536132812 -2.737424850463867 0.2999992370605469
      vertex 15.606399536132812 -2.737424850463867 0
    endloop
  endfacet
  facet normal 0.9193480467125028 -0.39344525541160813 0
    outer loop
      vertex 15.555667877197266 -2.8559675216674805 0.2999992370605469
      vertex 15.606399536132812 -2.737424850463867 0
      vertex 15.606399536132812 -2.737424850463867 0.2999992370605469
    endloop
  endfacet
  facet normal 0.9193480467125028 -0.39344525541160813 0
    outer loop
      vertex 15.606399536132812 -2.737424850463867 0
      vertex 15.555667877197266 -2.8559675216674805 0.2999992370605469
      vertex 15.555667877197266 -2.8559675216674805 0
    endloop
  endfacet
  facet normal 0.8807220752651105 -0.47363343013423065 0
    outer loop
      vertex 15.495711326599121 -2.967456817626953 0.2999992370605469
      vertex 15.555667877197266 -2.8559675216674805 0
      vertex 15.555667877197266 -2.8559675216674805 0.2999992370605469
    endloop
  endfacet
  facet normal 0.8807220752651105 -0.47363343013423065 0
    outer loop
      vertex 15.555667877197266 -2.8559675216674805 0
      vertex 15.495711326599121 -2.967456817626953 0.2999992370605469
      vertex 15.495711326599121 -2.967456817626953 0
    endloop
  endfacet
  facet normal 0.8336817126414614 -0.5522452371973884 0
    outer loop
      vertex 15.426531791687012 -3.0718917846679688 0.2999992370605469
      vertex 15.495711326599121 -2.967456817626953 0
      vertex 15.495711326599121 -2.967456817626953 0.2999992370605469
    endloop
  endfacet
  facet normal 0.8336817126414614 -0.5522452371973884 0
    outer loop
      vertex 15.495711326599121 -2.967456817626953 0
      vertex 15.426531791687012 -3.0718917846679688 0.2999992370605469
      vertex 15.426531791687012 -3.0718917846679688 0
    endloop
  endfacet
  facet normal 0.7789144380842231 -0.6271302082852801 0
    outer loop
      vertex 15.348127365112305 -3.1692724227905273 0.2999992370605469
      vertex 15.426531791687012 -3.0718917846679688 0
      vertex 15.426531791687012 -3.0718917846679688 0.2999992370605469
    endloop
  endfacet
  facet normal 0.7789144380842231 -0.6271302082852801 0
    outer loop
      vertex 15.426531791687012 -3.0718917846679688 0
      vertex 15.348127365112305 -3.1692724227905273 0.2999992370605469
      vertex 15.348127365112305 -3.1692724227905273 0
    endloop
  endfacet
  facet normal 0.7177521019032403 -0.6962987291482589 0
    outer loop
      vertex 15.260499954223633 -3.2595996856689453 0.2999992370605469
      vertex 15.348127365112305 -3.1692724227905273 0
      vertex 15.348127365112305 -3.1692724227905273 0.2999992370605469
    endloop
  endfacet
  facet normal 0.7177521019032403 -0.6962987291482589 0
    outer loop
      vertex 15.348127365112305 -3.1692724227905273 0
      vertex 15.260499954223633 -3.2595996856689453 0.2999992370605469
      vertex 15.260499954223633 -3.2595996856689453 0
    endloop
  endfacet
  facet normal 0.6523066308399293 -0.7579551829509843 0
    outer loop
      vertex 15.164685249328613 -3.3420591354370117 0
      vertex 15.260499954223633 -3.2595996856689453 0.2999992370605469
      vertex 15.164685249328613 -3.3420591354370117 0.2999992370605469
    endloop
  endfacet
  facet normal 0.6523066308399293 -0.7579551829509843 0
    outer loop
      vertex 15.260499954223633 -3.2595996856689453 0.2999992370605469
      vertex 15.164685249328613 -3.3420591354370117 0
      vertex 15.260499954223633 -3.2595996856689453 0
    endloop
  endfacet
  facet normal 0.5823220802479084 -0.8129581753422179 0
    outer loop
      vertex 15.061683654785156 -3.415839195251465 0
      vertex 15.164685249328613 -3.3420591354370117 0.2999992370605469
      vertex 15.061683654785156 -3.415839195251465 0.2999992370605469
    endloop
  endfacet
  facet normal 0.5823220802479084 -0.8129581753422179 0
    outer loop
      vertex 15.164685249328613 -3.3420591354370117 0.2999992370605469
      vertex 15.061683654785156 -3.415839195251465 0
      vertex 15.164685249328613 -3.3420591354370117 0
    endloop
  endfacet
  facet normal 0.5086607751031799 -0.8609670236840853 0
    outer loop
      vertex 14.951493263244629 -3.4809398651123047 0
      vertex 15.061683654785156 -3.415839195251465 0.2999992370605469
      vertex 14.951493263244629 -3.4809398651123047 0.2999992370605469
    endloop
  endfacet
  facet normal 0.5086607751031799 -0.8609670236840853 0
    outer loop
      vertex 15.061683654785156 -3.415839195251465 0.2999992370605469
      vertex 14.951493263244629 -3.4809398651123047 0
      vertex 15.061683654785156 -3.415839195251465 0
    endloop
  endfacet
  facet normal 0.4332195111414011 -0.9012884417135313 0
    outer loop
      vertex 14.834115982055664 -3.5373592376708984 0
      vertex 14.951493263244629 -3.4809398651123047 0.2999992370605469
      vertex 14.834115982055664 -3.5373592376708984 0.2999992370605469
    endloop
  endfacet
  facet normal 0.4332195111414011 -0.9012884417135313 0
    outer loop
      vertex 14.951493263244629 -3.4809398651123047 0.2999992370605469
      vertex 14.834115982055664 -3.5373592376708984 0
      vertex 14.951493263244629 -3.4809398651123047 0
    endloop
  endfacet
  facet normal 0.3578683823864726 -0.9337720390374137 0
    outer loop
      vertex 14.709549903869629 -3.585099220275879 0
      vertex 14.834115982055664 -3.5373592376708984 0.2999992370605469
      vertex 14.709549903869629 -3.585099220275879 0.2999992370605469
    endloop
  endfacet
  facet normal 0.3578683823864726 -0.9337720390374137 0
    outer loop
      vertex 14.834115982055664 -3.5373592376708984 0.2999992370605469
      vertex 14.709549903869629 -3.585099220275879 0
      vertex 14.834115982055664 -3.5373592376708984 0
    endloop
  endfacet
  facet normal 0.2842381302310619 -0.9587537146330907 0
    outer loop
      vertex 14.57779598236084 -3.624159812927246 0
      vertex 14.709549903869629 -3.585099220275879 0.2999992370605469
      vertex 14.57779598236084 -3.624159812927246 0.2999992370605469
    endloop
  endfacet
  facet normal 0.2842381302310619 -0.9587537146330907 0
    outer loop
      vertex 14.709549903869629 -3.585099220275879 0.2999992370605469
      vertex 14.57779598236084 -3.624159812927246 0
      vertex 14.709549903869629 -3.585099220275879 0
    endloop
  endfacet
  facet normal 0.21360009021913504 -0.9769211848754111 0
    outer loop
      vertex 14.43885326385498 -3.654539108276367 0
      vertex 14.57779598236084 -3.624159812927246 0.2999992370605469
      vertex 14.43885326385498 -3.654539108276367 0.2999992370605469
    endloop
  endfacet
  facet normal 0.21360009021913504 -0.9769211848754111 0
    outer loop
      vertex 14.57779598236084 -3.624159812927246 0.2999992370605469
      vertex 14.43885326385498 -3.654539108276367 0
      vertex 14.57779598236084 -3.624159812927246 0
    endloop
  endfacet
  facet normal 0.14689326808079972 -0.989152348120623 0
    outer loop
      vertex 14.292723655700684 -3.6762399673461914 0
      vertex 14.43885326385498 -3.654539108276367 0.2999992370605469
      vertex 14.292723655700684 -3.6762399673461914 0.2999992370605469
    endloop
  endfacet
  facet normal 0.14689326808079972 -0.989152348120623 0
    outer loop
      vertex 14.43885326385498 -3.654539108276367 0.2999992370605469
      vertex 14.292723655700684 -3.6762399673461914 0
      vertex 14.43885326385498 -3.654539108276367 0
    endloop
  endfacet
  facet normal 0.0846139193658758 -0.9964138119524163 0
    outer loop
      vertex 14.139405250549316 -3.6892595291137695 0
      vertex 14.292723655700684 -3.6762399673461914 0.2999992370605469
      vertex 14.139405250549316 -3.6892595291137695 0.2999992370605469
    endloop
  endfacet
  facet normal 0.0846139193658758 -0.9964138119524163 0
    outer loop
      vertex 14.292723655700684 -3.6762399673461914 0.2999992370605469
      vertex 14.139405250549316 -3.6892595291137695 0
      vertex 14.292723655700684 -3.6762399673461914 0
    endloop
  endfacet
  facet normal 0.02703079624945018 -0.999634601268944 0
    outer loop
      vertex 13.978899955749512 -3.6935997009277344 0
      vertex 14.139405250549316 -3.6892595291137695 0.2999992370605469
      vertex 13.978899955749512 -3.6935997009277344 0.2999992370605469
    endloop
  endfacet
  facet normal 0.02703079624945018 -0.999634601268944 0
    outer loop
      vertex 14.139405250549316 -3.6892595291137695 0.2999992370605469
      vertex 13.978899955749512 -3.6935997009277344 0
      vertex 14.139405250549316 -3.6892595291137695 0
    endloop
  endfacet
  facet normal -0.027653616131883496 -0.9996175656293913 0
    outer loop
      vertex 13.825666427612305 -3.6893606185913086 0
      vertex 13.978899955749512 -3.6935997009277344 0.2999992370605469
      vertex 13.825666427612305 -3.6893606185913086 0.2999992370605469
    endloop
  endfacet
  facet normal -0.027653616131883496 -0.9996175656293913 0
    outer loop
      vertex 13.978899955749512 -3.6935997009277344 0.2999992370605469
      vertex 13.825666427612305 -3.6893606185913086 0
      vertex 13.978899955749512 -3.6935997009277344 0
    endloop
  endfacet
  facet normal -0.08576231394836836 -0.9963156254451807 0
    outer loop
      vertex 13.67792797088623 -3.6766433715820312 0
      vertex 13.825666427612305 -3.6893606185913086 0.2999992370605469
      vertex 13.67792797088623 -3.6766433715820312 0.2999992370605469
    endloop
  endfacet
  facet normal -0.08576231394836836 -0.9963156254451807 0
    outer loop
      vertex 13.825666427612305 -3.6893606185913086 0.2999992370605469
      vertex 13.67792797088623 -3.6766433715820312 0
      vertex 13.825666427612305 -3.6893606185913086 0
    endloop
  endfacet
  facet normal -0.14737244932367893 -0.9890810690637748 0
    outer loop
      vertex 13.535682678222656 -3.6554489135742188 0
      vertex 13.67792797088623 -3.6766433715820312 0.2999992370605469
      vertex 13.535682678222656 -3.6554489135742188 0.2999992370605469
    endloop
  endfacet
  facet normal -0.14737244932367893 -0.9890810690637748 0
    outer loop
      vertex 13.67792797088623 -3.6766433715820312 0.2999992370605469
      vertex 13.535682678222656 -3.6554489135742188 0
      vertex 13.67792797088623 -3.6766433715820312 0
    endloop
  endfacet
  facet normal -0.21205473157088847 -0.9772577913828051 0
    outer loop
      vertex 13.398931503295898 -3.6257753372192383 0
      vertex 13.535682678222656 -3.6554489135742188 0.2999992370605469
      vertex 13.398931503295898 -3.6257753372192383 0.2999992370605469
    endloop
  endfacet
  facet normal -0.21205473157088847 -0.9772577913828051 0
    outer loop
      vertex 13.535682678222656 -3.6554489135742188 0.2999992370605469
      vertex 13.398931503295898 -3.6257753372192383 0
      vertex 13.535682678222656 -3.6554489135742188 0
    endloop
  endfacet
  facet normal -0.27910638108474806 -0.9602601876771605 0
    outer loop
      vertex 13.267674446105957 -3.5876245498657227 0
      vertex 13.398931503295898 -3.6257753372192383 0.2999992370605469
      vertex 13.267674446105957 -3.5876245498657227 0.2999992370605469
    endloop
  endfacet
  facet normal -0.27910638108474806 -0.9602601876771605 0
    outer loop
      vertex 13.398931503295898 -3.6257753372192383 0.2999992370605469
      vertex 13.267674446105957 -3.5876245498657227 0
      vertex 13.398931503295898 -3.6257753372192383 0
    endloop
  endfacet
  facet normal -0.3476427041844582 -0.9376270848409389 0
    outer loop
      vertex 13.141911506652832 -3.5409955978393555 0
      vertex 13.267674446105957 -3.5876245498657227 0.2999992370605469
      vertex 13.141911506652832 -3.5409955978393555 0.2999992370605469
    endloop
  endfacet
  facet normal -0.3476427041844582 -0.9376270848409389 0
    outer loop
      vertex 13.267674446105957 -3.5876245498657227 0.2999992370605469
      vertex 13.141911506652832 -3.5409955978393555 0
      vertex 13.267674446105957 -3.5876245498657227 0
    endloop
  endfacet
  facet normal -0.41655417755274093 -0.9091108937656395 0
    outer loop
      vertex 13.021642684936523 -3.4858884811401367 0
      vertex 13.141911506652832 -3.5409955978393555 0.2999992370605469
      vertex 13.021642684936523 -3.4858884811401367 0.2999992370605469
    endloop
  endfacet
  facet normal -0.41655417755274093 -0.9091108937656395 0
    outer loop
      vertex 13.141911506652832 -3.5409955978393555 0.2999992370605469
      vertex 13.021642684936523 -3.4858884811401367 0
      vertex 13.141911506652832 -3.5409955978393555 0
    endloop
  endfacet
  facet normal -0.4846033652438969 -0.8747340043660646 0
    outer loop
      vertex 12.906867980957031 -3.4223031997680664 0
      vertex 13.021642684936523 -3.4858884811401367 0.2999992370605469
      vertex 12.906867980957031 -3.4223031997680664 0.2999992370605469
    endloop
  endfacet
  facet normal -0.4846033652438969 -0.8747340043660646 0
    outer loop
      vertex 13.021642684936523 -3.4858884811401367 0.2999992370605469
      vertex 12.906867980957031 -3.4223031997680664 0
      vertex 13.021642684936523 -3.4858884811401367 0
    endloop
  endfacet
  facet normal -0.5505051968312088 -0.8348317364965421 0
    outer loop
      vertex 12.797586441040039 -3.350240707397461 0
      vertex 12.906867980957031 -3.4223031997680664 0.2999992370605469
      vertex 12.797586441040039 -3.350240707397461 0.2999992370605469
    endloop
  endfacet
  facet normal -0.5505051968312088 -0.8348317364965421 0
    outer loop
      vertex 12.906867980957031 -3.4223031997680664 0.2999992370605469
      vertex 12.797586441040039 -3.350240707397461 0
      vertex 12.906867980957031 -3.4223031997680664 0
    endloop
  endfacet
  facet normal -0.613080854698902 -0.7900201678448872 0
    outer loop
      vertex 12.69379997253418 -3.2696990966796875 0
      vertex 12.797586441040039 -3.350240707397461 0.2999992370605469
      vertex 12.69379997253418 -3.2696990966796875 0.2999992370605469
    endloop
  endfacet
  facet normal -0.613080854698902 -0.7900201678448872 0
    outer loop
      vertex 12.797586441040039 -3.350240707397461 0.2999992370605469
      vertex 12.69379997253418 -3.2696990966796875 0
      vertex 12.797586441040039 -3.350240707397461 0
    endloop
  endfacet
  facet normal -0.6731792149269982 -0.7394793740127378 0
    outer loop
      vertex 12.596930503845215 -3.1815147399902344 0
      vertex 12.69379997253418 -3.2696990966796875 0.2999992370605469
      vertex 12.596930503845215 -3.1815147399902344 0.2999992370605469
    endloop
  endfacet
  facet normal -0.6731792149269982 -0.7394793740127378 0
    outer loop
      vertex 12.69379997253418 -3.2696990966796875 0.2999992370605469
      vertex 12.596930503845215 -3.1815147399902344 0
      vertex 12.69379997253418 -3.2696990966796875 0
    endloop
  endfacet
  facet normal -0.7317198150904035 -0.6816055400332847 0
    outer loop
      vertex 12.596930503845215 -3.1815147399902344 0
      vertex 12.508403778076172 -3.0864791870117188 0.2999992370605469
      vertex 12.508403778076172 -3.0864791870117188 0
    endloop
  endfacet
  facet normal -0.7317198150904035 -0.6816055400332847 0
    outer loop
      vertex 12.508403778076172 -3.0864791870117188 0.2999992370605469
      vertex 12.596930503845215 -3.1815147399902344 0
      vertex 12.596930503845215 -3.1815147399902344 0.2999992370605469
    endloop
  endfacet
  facet normal -0.7858213887656499 -0.6184535107495351 0
    outer loop
      vertex 12.508403778076172 -3.0864791870117188 0
      vertex 12.428218841552734 -2.9845943450927734 0.2999992370605469
      vertex 12.428218841552734 -2.9845943450927734 0
    endloop
  endfacet
  facet normal -0.7858213887656499 -0.6184535107495351 0
    outer loop
      vertex 12.428218841552734 -2.9845943450927734 0.2999992370605469
      vertex 12.508403778076172 -3.0864791870117188 0
      vertex 12.508403778076172 -3.0864791870117188 0.2999992370605469
    endloop
  endfacet
  facet normal -0.8343341787519337 -0.5512589937282986 0
    outer loop
      vertex 12.428218841552734 -2.9845943450927734 0
      vertex 12.356375694274902 -2.875859260559082 0.2999992370605469
      vertex 12.356375694274902 -2.875859260559082 0
    endloop
  endfacet
  facet normal -0.8343341787519337 -0.5512589937282986 0
    outer loop
      vertex 12.356375694274902 -2.875859260559082 0.2999992370605469
      vertex 12.428218841552734 -2.9845943450927734 0
      vertex 12.428218841552734 -2.9845943450927734 0.2999992370605469
    endloop
  endfacet
  facet normal -0.8764400986448343 -0.4815109069246853 0
    outer loop
      vertex 12.356375694274902 -2.875859260559082 0
      vertex 12.292874336242676 -2.760274887084961 0.2999992370605469
      vertex 12.292874336242676 -2.760274887084961 0
    endloop
  endfacet
  facet normal -0.8764400986448343 -0.4815109069246853 0
    outer loop
      vertex 12.292874336242676 -2.760274887084961 0.2999992370605469
      vertex 12.356375694274902 -2.875859260559082 0
      vertex 12.356375694274902 -2.875859260559082 0.2999992370605469
    endloop
  endfacet
  facet normal -0.9117469494595896 -0.41075235866776555 0
    outer loop
      vertex 12.292874336242676 -2.760274887084961 0
      vertex 12.237715721130371 -2.6378393173217773 0.2999992370605469
      vertex 12.237715721130371 -2.6378393173217773 0
    endloop
  endfacet
  facet normal -0.9117469494595896 -0.41075235866776555 0
    outer loop
      vertex 12.237715721130371 -2.6378393173217773 0.2999992370605469
      vertex 12.292874336242676 -2.760274887084961 0
      vertex 12.292874336242676 -2.760274887084961 0.2999992370605469
    endloop
  endfacet
  facet normal -0.9402500397215593 -0.3404847468002144 0
    outer loop
      vertex 12.237715721130371 -2.6378393173217773 0
      vertex 12.190898895263672 -2.508554458618164 0.2999992370605469
      vertex 12.190898895263672 -2.508554458618164 0
    endloop
  endfacet
  facet normal -0.9402500397215593 -0.3404847468002144 0
    outer loop
      vertex 12.190898895263672 -2.508554458618164 0.2999992370605469
      vertex 12.237715721130371 -2.6378393173217773 0
      vertex 12.237715721130371 -2.6378393173217773 0.2999992370605469
    endloop
  endfacet
  facet normal -0.9623055677046717 -0.2719705762846224 0
    outer loop
      vertex 12.190898895263672 -2.508554458618164 0
      vertex 12.152423858642578 -2.3724193572998047 0.2999992370605469
      vertex 12.152423858642578 -2.3724193572998047 0
    endloop
  endfacet
  facet normal -0.9623055677046717 -0.2719705762846224 0
    outer loop
      vertex 12.152423858642578 -2.3724193572998047 0.2999992370605469
      vertex 12.190898895263672 -2.508554458618164 0
      vertex 12.190898895263672 -2.508554458618164 0.2999992370605469
    endloop
  endfacet
  facet normal -0.9785066233548875 -0.20621539237073555 0
    outer loop
      vertex 12.152423858642578 -2.3724193572998047 0
      vertex 12.12229061126709 -2.2294349670410156 0.2999992370605469
      vertex 12.12229061126709 -2.2294349670410156 0
    endloop
  endfacet
  facet normal -0.9785066233548875 -0.20621539237073555 0
    outer loop
      vertex 12.12229061126709 -2.2294349670410156 0.2999992370605469
      vertex 12.152423858642578 -2.3724193572998047 0
      vertex 12.152423858642578 -2.3724193572998047 0.2999992370605469
    endloop
  endfacet
  facet normal -0.9895890816914074 -0.14392167799590527 0
    outer loop
      vertex 12.12229061126709 -2.2294349670410156 0
      vertex 12.100499153137207 -2.079599380493164 0.2999992370605469
      vertex 12.100499153137207 -2.079599380493164 0
    endloop
  endfacet
  facet normal -0.9895890816914074 -0.14392167799590527 0
    outer loop
      vertex 12.100499153137207 -2.079599380493164 0.2999992370605469
      vertex 12.12229061126709 -2.2294349670410156 0
      vertex 12.12229061126709 -2.2294349670410156 0.2999992370605469
    endloop
  endfacet
  facet normal 0.09201080924350787 -0.9957580082441491 0
    outer loop
      vertex 10.852699279785156 -2.194899559020996 0
      vertex 12.100499153137207 -2.079599380493164 0.2999992370605469
      vertex 10.852699279785156 -2.194899559020996 0.2999992370605469
    endloop
  endfacet
  facet normal 0.09201080924350787 -0.9957580082441491 0
    outer loop
      vertex 12.100499153137207 -2.079599380493164 0.2999992370605469
      vertex 10.852699279785156 -2.194899559020996 0
      vertex 12.100499153137207 -2.079599380493164 0
    endloop
  endfacet
  facet normal 0.9886362235333389 0.15032770043387747 0
    outer loop
      vertex 10.886838912963867 -2.4194202423095703 0.2999992370605469
      vertex 10.852699279785156 -2.194899559020996 0
      vertex 10.852699279785156 -2.194899559020996 0.2999992370605469
    endloop
  endfacet
  facet normal 0.9886362235333389 0.15032770043387747 0
    outer loop
      vertex 10.852699279785156 -2.194899559020996 0
      vertex 10.886838912963867 -2.4194202423095703 0.2999992370605469
      vertex 10.886838912963867 -2.4194202423095703 0
    endloop
  endfacet
  facet normal 0.9758374421445661 0.21849779520340867 0
    outer loop
      vertex 10.935015678405762 -2.6345834732055664 0.2999992370605469
      vertex 10.886838912963867 -2.4194202423095703 0
      vertex 10.886838912963867 -2.4194202423095703 0.2999992370605469
    endloop
  endfacet
  facet normal 0.9758374421445661 0.21849779520340867 0
    outer loop
      vertex 10.886838912963867 -2.4194202423095703 0
      vertex 10.935015678405762 -2.6345834732055664 0.2999992370605469
      vertex 10.935015678405762 -2.6345834732055664 0
    endloop
  endfacet
  facet normal 0.9572181420330538 0.2893672900705755 0
    outer loop
      vertex 10.997230529785156 -2.840388298034668 0.2999992370605469
      vertex 10.935015678405762 -2.6345834732055664 0
      vertex 10.935015678405762 -2.6345834732055664 0.2999992370605469
    endloop
  endfacet
  facet normal 0.9572181420330538 0.2893672900705755 0
    outer loop
      vertex 10.935015678405762 -2.6345834732055664 0
      vertex 10.997230529785156 -2.840388298034668 0.2999992370605469
      vertex 10.997230529785156 -2.840388298034668 0
    endloop
  endfacet
  facet normal 0.9322341388462102 0.36185564852529944 0
    outer loop
      vertex 11.07348346710205 -3.0368356704711914 0.2999992370605469
      vertex 10.997230529785156 -2.840388298034668 0
      vertex 10.997230529785156 -2.840388298034668 0.2999992370605469
    endloop
  endfacet
  facet normal 0.9322341388462102 0.36185564852529944 0
    outer loop
      vertex 10.997230529785156 -2.840388298034668 0
      vertex 11.07348346710205 -3.0368356704711914 0.2999992370605469
      vertex 11.07348346710205 -3.0368356704711914 0
    endloop
  endfacet
  facet normal 0.9006040009395905 0.4346405796650862 0
    outer loop
      vertex 11.163774490356445 -3.2239246368408203 0.2999992370605469
      vertex 11.07348346710205 -3.0368356704711914 0
      vertex 11.07348346710205 -3.0368356704711914 0.2999992370605469
    endloop
  endfacet
  facet normal 0.9006040009395905 0.4346405796650862 0
    outer loop
      vertex 11.07348346710205 -3.0368356704711914 0
      vertex 11.163774490356445 -3.2239246368408203 0.2999992370605469
      vertex 11.163774490356445 -3.2239246368408203 0
    endloop
  endfacet
  facet normal 0.8623967234988034 0.5062330405045964 0
    outer loop
      vertex 11.26810359954834 -3.4016551971435547 0.2999992370605469
      vertex 11.163774490356445 -3.2239246368408203 0
      vertex 11.163774490356445 -3.2239246368408203 0.2999992370605469
    endloop
  endfacet
  facet normal 0.8623967234988034 0.5062330405045964 0
    outer loop
      vertex 11.163774490356445 -3.2239246368408203 0
      vertex 11.26810359954834 -3.4016551971435547 0.2999992370605469
      vertex 11.26810359954834 -3.4016551971435547 0
    endloop
  endfacet
  facet normal 0.8180752118910628 0.5751112480984811 0
    outer loop
      vertex 11.386470794677734 -3.570028305053711 0.2999992370605469
      vertex 11.26810359954834 -3.4016551971435547 0
      vertex 11.26810359954834 -3.4016551971435547 0.2999992370605469
    endloop
  endfacet
  facet normal 0.8180752118910628 0.5751112480984811 0
    outer loop
      vertex 11.26810359954834 -3.4016551971435547 0
      vertex 11.386470794677734 -3.570028305053711 0.2999992370605469
      vertex 11.386470794677734 -3.570028305053711 0
    endloop
  endfacet
  facet normal 0.7684796148272472 0.6398742701460699 0
    outer loop
      vertex 11.518875122070312 -3.729043960571289 0.2999992370605469
      vertex 11.386470794677734 -3.570028305053711 0
      vertex 11.386470794677734 -3.570028305053711 0.2999992370605469
    endloop
  endfacet
  facet normal 0.7684796148272472 0.6398742701460699 0
    outer loop
      vertex 11.386470794677734 -3.570028305053711 0
      vertex 11.518875122070312 -3.729043960571289 0.2999992370605469
      vertex 11.518875122070312 -3.729043960571289 0
    endloop
  endfacet
  facet normal 0.7147374050654215 0.6993929094581581 0
    outer loop
      vertex 11.665318489074707 -3.8787002563476562 0.2999992370605469
      vertex 11.518875122070312 -3.729043960571289 0
      vertex 11.518875122070312 -3.729043960571289 0.2999992370605469
    endloop
  endfacet
  facet normal 0.7147374050654215 0.6993929094581581 0
    outer loop
      vertex 11.518875122070312 -3.729043960571289 0
      vertex 11.665318489074707 -3.8787002563476562 0.2999992370605469
      vertex 11.665318489074707 -3.8787002563476562 0
    endloop
  endfacet
  facet normal 0.6581792552609105 0.7528612541127304 0
    outer loop
      vertex 11.825799942016602 -4.018999099731445 0
      vertex 11.665318489074707 -3.8787002563476562 0.2999992370605469
      vertex 11.825799942016602 -4.018999099731445 0.2999992370605469
    endloop
  endfacet
  facet normal 0.6581792552609105 0.7528612541127304 0
    outer loop
      vertex 11.665318489074707 -3.8787002563476562 0.2999992370605469
      vertex 11.825799942016602 -4.018999099731445 0
      vertex 11.665318489074707 -3.8787002563476562 0
    endloop
  endfacet
  facet normal 0.598953342222918 0.8007839245639213 0
    outer loop
      vertex 11.998080253601074 -4.147857666015625 0
      vertex 11.825799942016602 -4.018999099731445 0.2999992370605469
      vertex 11.998080253601074 -4.147857666015625 0.2999992370605469
    endloop
  endfacet
  facet normal 0.598953342222918 0.8007839245639213 0
    outer loop
      vertex 11.825799942016602 -4.018999099731445 0.2999992370605469
      vertex 11.998080253601074 -4.147857666015625 0
      vertex 11.825799942016602 -4.018999099731445 0
    endloop
  endfacet
  facet normal 0.5354709861725563 0.8445536235002428 0
    outer loop
      vertex 12.179923057556152 -4.263151168823242 0
      vertex 11.998080253601074 -4.147857666015625 0.2999992370605469
      vertex 12.179923057556152 -4.263151168823242 0.2999992370605469
    endloop
  endfacet
  facet normal 0.5354709861725563 0.8445536235002428 0
    outer loop
      vertex 11.998080253601074 -4.147857666015625 0.2999992370605469
      vertex 12.179923057556152 -4.263151168823242 0
      vertex 11.998080253601074 -4.147857666015625 0
    endloop
  endfacet
  facet normal 0.46932174166299057 0.883027237859862 0
    outer loop
      vertex 12.371328353881836 -4.36488151550293 0
      vertex 12.179923057556152 -4.263151168823242 0.2999992370605469
      vertex 12.371328353881836 -4.36488151550293 0.2999992370605469
    endloop
  endfacet
  facet normal 0.46932174166299057 0.883027237859862 0
    outer loop
      vertex 12.179923057556152 -4.263151168823242 0.2999992370605469
      vertex 12.371328353881836 -4.36488151550293 0
      vertex 12.179923057556152 -4.263151168823242 0
    endloop
  endfacet
  facet normal 0.4017489621967691 0.9157498410449324 0
    outer loop
      vertex 12.572295188903809 -4.453047752380371 0
      vertex 12.371328353881836 -4.36488151550293 0.2999992370605469
      vertex 12.572295188903809 -4.453047752380371 0.2999992370605469
    endloop
  endfacet
  facet normal 0.4017489621967691 0.9157498410449324 0
    outer loop
      vertex 12.371328353881836 -4.36488151550293 0.2999992370605469
      vertex 12.572295188903809 -4.453047752380371 0
      vertex 12.371328353881836 -4.36488151550293 0
    endloop
  endfacet
  facet normal 0.3340048990486005 0.942571338102074 0
    outer loop
      vertex 12.782824516296387 -4.527649879455566 0
      vertex 12.572295188903809 -4.453047752380371 0.2999992370605469
      vertex 12.782824516296387 -4.527649879455566 0.2999992370605469
    endloop
  endfacet
  facet normal 0.3340048990486005 0.942571338102074 0
    outer loop
      vertex 12.572295188903809 -4.453047752380371 0.2999992370605469
      vertex 12.782824516296387 -4.527649879455566 0
      vertex 12.572295188903809 -4.453047752380371 0
    endloop
  endfacet
  facet normal 0.26724414189400897 0.9636288541878221 0
    outer loop
      vertex 13.002915382385254 -4.588687896728516 0
      vertex 12.782824516296387 -4.527649879455566 0.2999992370605469
      vertex 13.002915382385254 -4.588687896728516 0.2999992370605469
    endloop
  endfacet
  facet normal 0.26724414189400897 0.9636288541878221 0
    outer loop
      vertex 12.782824516296387 -4.527649879455566 0.2999992370605469
      vertex 13.002915382385254 -4.588687896728516 0
      vertex 12.782824516296387 -4.527649879455566 0
    endloop
  endfacet
  facet normal 0.2024396599099629 0.9792947381128617 0
    outer loop
      vertex 13.232568740844727 -4.636161804199219 0
      vertex 13.002915382385254 -4.588687896728516 0.2999992370605469
      vertex 13.232568740844727 -4.636161804199219 0.2999992370605469
    endloop
  endfacet
  facet normal 0.2024396599099629 0.9792947381128617 0
    outer loop
      vertex 13.002915382385254 -4.588687896728516 0.2999992370605469
      vertex 13.232568740844727 -4.636161804199219 0
      vertex 13.002915382385254 -4.588687896728516 0
    endloop
  endfacet
  facet normal 0.1403514182523178 0.9901017520409521 0
    outer loop
      vertex 13.471783638000488 -4.670071601867676 0
      vertex 13.232568740844727 -4.636161804199219 0.2999992370605469
      vertex 13.471783638000488 -4.670071601867676 0.2999992370605469
    endloop
  endfacet
  facet normal 0.1403514182523178 0.9901017520409521 0
    outer loop
      vertex 13.232568740844727 -4.636161804199219 0.2999992370605469
      vertex 13.471783638000488 -4.670071601867676 0
      vertex 13.232568740844727 -4.636161804199219 0
    endloop
  endfacet
  facet normal 0.08151088160641236 0.9966724518013657 0
    outer loop
      vertex 13.720560073852539 -4.690417289733887 0
      vertex 13.471783638000488 -4.670071601867676 0.2999992370605469
      vertex 13.720560073852539 -4.690417289733887 0.2999992370605469
    endloop
  endfacet
  facet normal 0.08151088160641236 0.9966724518013657 0
    outer loop
      vertex 13.471783638000488 -4.670071601867676 0.2999992370605469
      vertex 13.720560073852539 -4.690417289733887 0
      vertex 13.471783638000488 -4.670071601867676 0
    endloop
  endfacet
  facet normal 0.026245252328699283 0.9996555340367014 0
    outer loop
      vertex 13.978899955749512 -4.697199821472168 0
      vertex 13.720560073852539 -4.690417289733887 0.2999992370605469
      vertex 13.978899955749512 -4.697199821472168 0.2999992370605469
    endloop
  endfacet
  facet normal 0.026245252328699283 0.9996555340367014 0
    outer loop
      vertex 13.720560073852539 -4.690417289733887 0.2999992370605469
      vertex 13.978899955749512 -4.697199821472168 0
      vertex 13.720560073852539 -4.690417289733887 0
    endloop
  endfacet
  facet normal -0.02414235897952447 0.9997085307742971 0
    outer loop
      vertex 14.261099815368652 -4.690384864807129 0
      vertex 13.978899955749512 -4.697199821472168 0.2999992370605469
      vertex 14.261099815368652 -4.690384864807129 0.2999992370605469
    endloop
  endfacet
  facet normal -0.02414235897952447 0.9997085307742971 0
    outer loop
      vertex 13.978899955749512 -4.697199821472168 0.2999992370605469
      vertex 14.261099815368652 -4.690384864807129 0
      vertex 13.978899955749512 -4.697199821472168 0
    endloop
  endfacet
  facet normal 0 0 -1
    outer loop
      vertex 15.717087745666504 -2.1927127838134766 0.2999992370605469
      vertex 16.976200103759766 -2.079599380493164 0.2999992370605469
      vertex 16.968433380126953 -2.3247880935668945 0.2999992370605469
    endloop
  endfacet
  facet normal 0 0 -1
    outer loop
      vertex 16.976200103759766 -2.079599380493164 0.2999992370605469
      vertex 15.721699714660645 -2.0388994216918945 0.2999992370605469
      vertex 16.973655700683594 -1.9684667587280273 0.2999992370605469
    endloop
  endfacet
  facet normal 0 0 -1
    outer loop
      vertex 15.71902084350586 -1.9234981536865234 0.2999992370605469
      vertex 16.973655700683594 -1.9684667587280273 0.2999992370605469
      vertex 15.721699714660645 -2.0388994216918945 0.2999992370605469
    endloop
  endfacet
  facet normal 0 0 -1
    outer loop
      vertex 15.703251838684082 -2.3394718170166016 0.2999992370605469
      vertex 16.968433380126953 -2.3247880935668945 0.2999992370605469
      vertex 16.945140838623047 -2.5585155487060547 0.2999992370605469
    endloop
  endfacet
  facet normal 0 0 -1
    outer loop
      vertex 16.976200103759766 -2.079599380493164 0.2999992370605469
      vertex 15.717087745666504 -2.1927127838134766 0.2999992370605469
      vertex 15.721699714660645 -2.0388994216918945 0.2999992370605469
    endloop
  endfacet
  facet normal 0 0 -1
    outer loop
      vertex 16.966026306152344 -1.8574676513671875 0.2999992370605469
      vertex 15.71902084350586 -1.9234981536865234 0.2999992370605469
      vertex 16.953311920166016 -1.7466020584106445 0.2999992370605469
    endloop
  endfacet
  facet normal 0 0 -1
    outer loop
      vertex 15.680191993713379 -2.4791765213012695 0.2999992370605469
      vertex 16.945140838623047 -2.5585155487060547 0.2999992370605469
      vertex 16.906314849853516 -2.780780792236328 0.2999992370605469
    endloop
  endfacet
  facet normal 0 0 -1
    outer loop
      vertex 16.973655700683594 -1.9684667587280273 0.2999992370605469
      vertex 15.71902084350586 -1.9234981536865234 0.2999992370605469
      vertex 16.966026306152344 -1.8574676513671875 0.2999992370605469
    endloop
  endfacet
  facet normal 0 0 -1
    outer loop
      vertex 15.647907257080078 -2.611827850341797 0.2999992370605469
      vertex 16.906314849853516 -2.780780792236328 0.2999992370605469
      vertex 16.851959228515625 -2.991583824157715 0.2999992370605469
    endloop
  endfacet
  facet normal 0 0 -1
    outer loop
      vertex 15.710983276367188 -1.8105354309082031 0.2999992370605469
      vertex 16.953311920166016 -1.7466020584106445 0.2999992370605469
      vertex 15.71902084350586 -1.9234981536865234 0.2999992370605469
    endloop
  endfacet
  facet normal 0 0 -1
    outer loop
      vertex 16.93551254272461 -1.6358718872070312 0.2999992370605469
      vertex 15.710983276367188 -1.8105354309082031 0.2999992370605469
      vertex 16.91262435913086 -1.5252742767333984 0.2999992370605469
    endloop
  endfacet
  facet normal 0 0 -1
    outer loop
      vertex 15.606399536132812 -2.737424850463867 0.2999992370605469
      vertex 16.851959228515625 -2.991583824157715 0.2999992370605469
      vertex 16.782073974609375 -3.190924644470215 0.2999992370605469
    endloop
  endfacet
  facet normal 0 0 -1
    outer loop
      vertex 16.953311920166016 -1.7466020584106445 0.2999992370605469
      vertex 15.710983276367188 -1.8105354309082031 0.2999992370605469
      vertex 16.93551254272461 -1.6358718872070312 0.2999992370605469
    endloop
  endfacet
  facet normal 0 0 -1
    outer loop
      vertex 16.91262435913086 -1.5252742767333984 0.2999992370605469
      vertex 15.697588920593262 -1.7000102996826172 0.2999992370605469
      vertex 16.88465118408203 -1.414811134338379 0.2999992370605469
    endloop
  endfacet
  facet normal 0 0 -1
    outer loop
      vertex 15.606399536132812 -2.737424850463867 0.2999992370605469
      vertex 16.782073974609375 -3.190924644470215 0.2999992370605469
      vertex 16.696659088134766 -3.378803253173828 0.2999992370605469
    endloop
  endfacet
  facet normal 0 0 -1
    outer loop
      vertex 15.697588920593262 -1.7000102996826172 0.2999992370605469
      vertex 16.91262435913086 -1.5252742767333984 0.2999992370605469
      vertex 15.710983276367188 -1.8105354309082031 0.2999992370605469
    endloop
  endfacet
  facet normal 0 0 -1
    outer loop
      vertex 16.88465118408203 -1.414811134338379 0.2999992370605469
      vertex 15.67883586883545 -1.591923713684082 0.2999992370605469
      vertex 16.851593017578125 -1.3044824600219727 0.2999992370605469
    endloop
  endfacet
  facet normal 0 0 -1
    outer loop
      vertex 15.555667877197266 -2.8559675216674805 0.2999992370605469
      vertex 16.696659088134766 -3.378803253173828 0.2999992370605469
      vertex 16.595714569091797 -3.555220603942871 0.2999992370605469
    endloop
  endfacet
  facet normal 0 0 -1
    outer loop
      vertex 16.851593017578125 -1.3044824600219727 0.2999992370605469
      vertex 15.67883586883545 -1.591923713684082 0.2999992370605469
      vertex 16.813447952270508 -1.1942873001098633 0.2999992370605469
    endloop
  endfacet
  facet normal 0 0 -1
    outer loop
      vertex 15.495711326599121 -2.967456817626953 0.2999992370605469
      vertex 16.595714569091797 -3.555220603942871 0.2999992370605469
      vertex 16.47924041748047 -3.7201757431030273 0.2999992370605469
    endloop
  endfacet
  facet normal 0 0 -1
    outer loop
      vertex 15.67883586883545 -1.591923713684082 0.2999992370605469
      vertex 16.88465118408203 -1.414811134338379 0.2999992370605469
      vertex 15.697588920593262 -1.7000102996826172 0.2999992370605469
    endloop
  endfacet
  facet normal 0 0 -1
    outer loop
      vertex 16.813447952270508 -1.1942873001098633 0.2999992370605469
      vertex 15.65472412109375 -1.4862747192382812 0.2999992370605469
      vertex 16.770217895507812 -1.0842266082763672 0.2999992370605469
    endloop
  endfacet
  facet normal 0 0 -1
    outer loop
      vertex 15.426531791687012 -3.0718917846679688 0.2999992370605469
      vertex 16.47924041748047 -3.7201757431030273 0.2999992370605469
      vertex 16.34723472595215 -3.873668670654297 0.2999992370605469
    endloop
  endfacet
  facet normal 0 0 -1
    outer loop
      vertex 15.625255584716797 -1.3830633163452148 0.2999992370605469
      vertex 16.770217895507812 -1.0842266082763672 0.2999992370605469
      vertex 15.65472412109375 -1.4862747192382812 0.2999992370605469
    endloop
  endfacet
  facet normal 0 0 -1
    outer loop
      vertex 16.770217895507812 -1.0842266082763672 0.2999992370605469
      vertex 15.625255584716797 -1.3830633163452148 0.2999992370605469
      vertex 16.721900939941406 -0.974299430847168 0.2999992370605469
    endloop
  endfacet
  facet normal 0 0 -1
    outer loop
      vertex 15.348127365112305 -3.1692724227905273 0.2999992370605469
      vertex 16.34723472595215 -3.873668670654297 0.2999992370605469
      vertex 16.19969940185547 -4.01569938659668 0.2999992370605469
    endloop
  endfacet
  facet normal 0 0 -1
    outer loop
      vertex 16.721900939941406 -0.974299430847168 0.2999992370605469
      vertex 15.625255584716797 -1.3830633163452148 0.2999992370605469
      vertex 16.668563842773438 -0.8644399642944336 0.2999992370605469
    endloop
  endfacet
  facet normal 0 0 -1
    outer loop
      vertex 15.590428352355957 -1.2822904586791992 0.2999992370605469
      vertex 16.668563842773438 -0.8644399642944336 0.2999992370605469
      vertex 15.625255584716797 -1.3830633163452148 0.2999992370605469
    endloop
  endfacet
  facet normal 0 0 -1
    outer loop
      vertex 15.348127365112305 -3.1692724227905273 0.2999992370605469
      vertex 16.19969940185547 -4.01569938659668 0.2999992370605469
      vertex 16.037738800048828 -4.145184516906738 0.2999992370605469
    endloop
  endfacet
  facet normal 0 0 -1
    outer loop
      vertex 16.668563842773438 -0.8644399642944336 0.2999992370605469
      vertex 15.590428352355957 -1.2822904586791992 0.2999992370605469
      vertex 16.610279083251953 -0.7545795440673828 0.2999992370605469
    endloop
  endfacet
  facet normal 0 0 -1
    outer loop
      vertex 15.260499954223633 -3.2595996856689453 0.2999992370605469
      vertex 16.037738800048828 -4.145184516906738 0.2999992370605469
      vertex 15.862419128417969 -4.261039733886719 0.2999992370605469
    endloop
  endfacet
  facet normal 0 0 -1
    outer loop
      vertex 15.550243377685547 -1.183955192565918 0.2999992370605469
      vertex 16.610279083251953 -0.7545795440673828 0.2999992370605469
      vertex 15.590428352355957 -1.2822904586791992 0.2999992370605469
    endloop
  endfacet
  facet normal 0 0 -1
    outer loop
      vertex 16.610279083251953 -0.7545795440673828 0.2999992370605469
      vertex 15.550243377685547 -1.183955192565918 0.2999992370605469
      vertex 16.54704475402832 -0.644719123840332 0.2999992370605469
    endloop
  endfacet
  facet normal 0 0 -1
    outer loop
      vertex 15.504700660705566 -1.0880584716796875 0.2999992370605469
      vertex 16.54704475402832 -0.644719123840332 0.2999992370605469
      vertex 15.550243377685547 -1.183955192565918 0.2999992370605469
    endloop
  endfacet
  facet normal 0 0 -1
    outer loop
      vertex 15.65472412109375 -1.4862747192382812 0.2999992370605469
      vertex 16.813447952270508 -1.1942873001098633 0.2999992370605469
      vertex 15.67883586883545 -1.591923713684082 0.2999992370605469
    endloop
  endfacet
  facet normal 0 0 -1
    outer loop
      vertex 16.968433380126953 -2.3247880935668945 0.2999992370605469
      vertex 15.703251838684082 -2.3394718170166016 0.2999992370605469
      vertex 15.717087745666504 -2.1927127838134766 0.2999992370605469
    endloop
  endfacet
  facet normal 0 0 -1
    outer loop
      vertex 16.945140838623047 -2.5585155487060547 0.2999992370605469
      vertex 15.680191993713379 -2.4791765213012695 0.2999992370605469
      vertex 15.703251838684082 -2.3394718170166016 0.2999992370605469
    endloop
  endfacet
  facet normal 0 0 -1
    outer loop
      vertex 15.164685249328613 -3.3420591354370117 0.2999992370605469
      vertex 15.862419128417969 -4.261039733886719 0.2999992370605469
      vertex 15.673739433288574 -4.363264083862305 0.2999992370605469
    endloop
  endfacet
  facet normal 0 0 -1
    outer loop
      vertex 16.906314849853516 -2.780780792236328 0.2999992370605469
      vertex 15.647907257080078 -2.611827850341797 0.2999992370605469
      vertex 15.680191993713379 -2.4791765213012695 0.2999992370605469
    endloop
  endfacet
  facet normal 0 0 -1
    outer loop
      vertex 16.851959228515625 -2.991583824157715 0.2999992370605469
      vertex 15.606399536132812 -2.737424850463867 0.2999992370605469
      vertex 15.647907257080078 -2.611827850341797 0.2999992370605469
    endloop
  endfacet
  facet normal 0 0 -1
    outer loop
      vertex 16.696659088134766 -3.378803253173828 0.2999992370605469
      vertex 15.555667877197266 -2.8559675216674805 0.2999992370605469
      vertex 15.606399536132812 -2.737424850463867 0.2999992370605469
    endloop
  endfacet
  facet normal 0 0 -1
    outer loop
      vertex 16.595714569091797 -3.555220603942871 0.2999992370605469
      vertex 15.495711326599121 -2.967456817626953 0.2999992370605469
      vertex 15.555667877197266 -2.8559675216674805 0.2999992370605469
    endloop
  endfacet
  facet normal 0 0 -1
    outer loop
      vertex 15.061683654785156 -3.415839195251465 0.2999992370605469
      vertex 15.673739433288574 -4.363264083862305 0.2999992370605469
      vertex 15.471699714660645 -4.451859474182129 0.2999992370605469
    endloop
  endfacet
  facet normal 0 0 -1
    outer loop
      vertex 16.47924041748047 -3.7201757431030273 0.2999992370605469
      vertex 15.426531791687012 -3.0718917846679688 0.2999992370605469
      vertex 15.495711326599121 -2.967456817626953 0.2999992370605469
    endloop
  endfacet
  facet normal 0 0 -1
    outer loop
      vertex 16.34723472595215 -3.873668670654297 0.2999992370605469
      vertex 15.348127365112305 -3.1692724227905273 0.2999992370605469
      vertex 15.426531791687012 -3.0718917846679688 0.2999992370605469
    endloop
  endfacet
  facet normal 0 0 -1
    outer loop
      vertex 16.037738800048828 -4.145184516906738 0.2999992370605469
      vertex 15.260499954223633 -3.2595996856689453 0.2999992370605469
      vertex 15.348127365112305 -3.1692724227905273 0.2999992370605469
    endloop
  endfacet
  facet normal 0 0 -1
    outer loop
      vertex 14.951493263244629 -3.4809398651123047 0.2999992370605469
      vertex 15.471699714660645 -4.451859474182129 0.2999992370605469
      vertex 15.25629997253418 -4.526824951171875 0.2999992370605469
    endloop
  endfacet
  facet normal 0 0 -1
    outer loop
      vertex 15.862419128417969 -4.261039733886719 0.2999992370605469
      vertex 15.164685249328613 -3.3420591354370117 0.2999992370605469
      vertex 15.260499954223633 -3.2595996856689453 0.2999992370605469
    endloop
  endfacet
  facet normal 0 0 -1
    outer loop
      vertex 15.673739433288574 -4.363264083862305 0.2999992370605469
      vertex 15.061683654785156 -3.415839195251465 0.2999992370605469
      vertex 15.164685249328613 -3.3420591354370117 0.2999992370605469
    endloop
  endfacet
  facet normal 0 0 -1
    outer loop
      vertex 14.834115982055664 -3.5373592376708984 0.2999992370605469
      vertex 15.25629997253418 -4.526824951171875 0.2999992370605469
      vertex 15.027539253234863 -4.588159561157227 0.2999992370605469
    endloop
  endfacet
  facet normal 0 0 -1
    outer loop
      vertex 15.471699714660645 -4.451859474182129 0.2999992370605469
      vertex 14.951493263244629 -3.4809398651123047 0.2999992370605469
      vertex 15.061683654785156 -3.415839195251465 0.2999992370605469
    endloop
  endfacet
  facet normal 0 0 -1
    outer loop
      vertex 15.25629997253418 -4.526824951171875 0.2999992370605469
      vertex 14.834115982055664 -3.5373592376708984 0.2999992370605469
      vertex 14.951493263244629 -3.4809398651123047 0.2999992370605469
    endloop
  endfacet
  facet normal 0 0 -1
    outer loop
      vertex 14.709549903869629 -3.585099220275879 0.2999992370605469
      vertex 15.027539253234863 -4.588159561157227 0.2999992370605469
      vertex 14.785419464111328 -4.6358642578125 0.2999992370605469
    endloop
  endfacet
  facet normal 0 0 -1
    outer loop
      vertex 15.027539253234863 -4.588159561157227 0.2999992370605469
      vertex 14.709549903869629 -3.585099220275879 0.2999992370605469
      vertex 14.834115982055664 -3.5373592376708984 0.2999992370605469
    endloop
  endfacet
  facet normal 0 0 -1
    outer loop
      vertex 14.785419464111328 -4.6358642578125 0.2999992370605469
      vertex 14.57779598236084 -3.624159812927246 0.2999992370605469
      vertex 14.709549903869629 -3.585099220275879 0.2999992370605469
    endloop
  endfacet
  facet normal 0 0 -1
    outer loop
      vertex 14.43885326385498 -3.654539108276367 0.2999992370605469
      vertex 14.785419464111328 -4.6358642578125 0.2999992370605469
      vertex 14.529939651489258 -4.669939994812012 0.2999992370605469
    endloop
  endfacet
  facet normal 0 0 -1
    outer loop
      vertex 14.785419464111328 -4.6358642578125 0.2999992370605469
      vertex 14.43885326385498 -3.654539108276367 0.2999992370605469
      vertex 14.57779598236084 -3.624159812927246 0.2999992370605469
    endloop
  endfacet
  facet normal 0 0 -1
    outer loop
      vertex 14.529939651489258 -4.669939994812012 0.2999992370605469
      vertex 14.292723655700684 -3.6762399673461914 0.2999992370605469
      vertex 14.43885326385498 -3.654539108276367 0.2999992370605469
    endloop
  endfacet
  facet normal 0 0 -1
    outer loop
      vertex 14.261099815368652 -4.690384864807129 0.2999992370605469
      vertex 14.292723655700684 -3.6762399673461914 0.2999992370605469
      vertex 14.529939651489258 -4.669939994812012 0.2999992370605469
    endloop
  endfacet
  facet normal 0 0 -1
    outer loop
      vertex 14.261099815368652 -4.690384864807129 0.2999992370605469
      vertex 14.139405250549316 -3.6892595291137695 0.2999992370605469
      vertex 14.292723655700684 -3.6762399673461914 0.2999992370605469
    endloop
  endfacet
  facet normal 0 0 -1
    outer loop
      vertex 13.978899955749512 -4.697199821472168 0.2999992370605469
      vertex 14.139405250549316 -3.6892595291137695 0.2999992370605469
      vertex 14.261099815368652 -4.690384864807129 0.2999992370605469
    endloop
  endfacet
  facet normal 0 0 -1
    outer loop
      vertex 13.978899955749512 -4.697199821472168 0.2999992370605469
      vertex 13.978899955749512 -3.6935997009277344 0.2999992370605469
      vertex 14.139405250549316 -3.6892595291137695 0.2999992370605469
    endloop
  endfacet
  facet normal 0 0 -1
    outer loop
      vertex 13.978899955749512 -4.697199821472168 0.2999992370605469
      vertex 13.825666427612305 -3.6893606185913086 0.2999992370605469
      vertex 13.978899955749512 -3.6935997009277344 0.2999992370605469
    endloop
  endfacet
  facet normal 0 0 -1
    outer loop
      vertex 13.720560073852539 -4.690417289733887 0.2999992370605469
      vertex 13.825666427612305 -3.6893606185913086 0.2999992370605469
      vertex 13.978899955749512 -4.697199821472168 0.2999992370605469
    endloop
  endfacet
  facet normal 0 0 -1
    outer loop
      vertex 13.720560073852539 -4.690417289733887 0.2999992370605469
      vertex 13.67792797088623 -3.6766433715820312 0.2999992370605469
      vertex 13.825666427612305 -3.6893606185913086 0.2999992370605469
    endloop
  endfacet
  facet normal 0 0 -1
    outer loop
      vertex 13.471783638000488 -4.670071601867676 0.2999992370605469
      vertex 13.67792797088623 -3.6766433715820312 0.2999992370605469
      vertex 13.720560073852539 -4.690417289733887 0.2999992370605469
    endloop
  endfacet
  facet normal 0 0 -1
    outer loop
      vertex 13.67792797088623 -3.6766433715820312 0.2999992370605469
      vertex 13.471783638000488 -4.670071601867676 0.2999992370605469
      vertex 13.535682678222656 -3.6554489135742188 0.2999992370605469
    endloop
  endfacet
  facet normal 0 0 -1
    outer loop
      vertex 13.232568740844727 -4.636161804199219 0.2999992370605469
      vertex 13.535682678222656 -3.6554489135742188 0.2999992370605469
      vertex 13.471783638000488 -4.670071601867676 0.2999992370605469
    endloop
  endfacet
  facet normal 0 0 -1
    outer loop
      vertex 13.535682678222656 -3.6554489135742188 0.2999992370605469
      vertex 13.232568740844727 -4.636161804199219 0.2999992370605469
      vertex 13.398931503295898 -3.6257753372192383 0.2999992370605469
    endloop
  endfacet
  facet normal 0 0 -1
    outer loop
      vertex 13.002915382385254 -4.588687896728516 0.2999992370605469
      vertex 13.398931503295898 -3.6257753372192383 0.2999992370605469
      vertex 13.232568740844727 -4.636161804199219 0.2999992370605469
    endloop
  endfacet
  facet normal 0 0 -1
    outer loop
      vertex 13.398931503295898 -3.6257753372192383 0.2999992370605469
      vertex 13.002915382385254 -4.588687896728516 0.2999992370605469
      vertex 13.267674446105957 -3.5876245498657227 0.2999992370605469
    endloop
  endfacet
  facet normal 0 0 -1
    outer loop
      vertex 12.782824516296387 -4.527649879455566 0.2999992370605469
      vertex 13.267674446105957 -3.5876245498657227 0.2999992370605469
      vertex 13.002915382385254 -4.588687896728516 0.2999992370605469
    endloop
  endfacet
  facet normal 0 0 -1
    outer loop
      vertex 13.267674446105957 -3.5876245498657227 0.2999992370605469
      vertex 12.782824516296387 -4.527649879455566 0.2999992370605469
      vertex 13.141911506652832 -3.5409955978393555 0.2999992370605469
    endloop
  endfacet
  facet normal 0 0 -1
    outer loop
      vertex 13.141911506652832 -3.5409955978393555 0.2999992370605469
      vertex 12.782824516296387 -4.527649879455566 0.2999992370605469
      vertex 13.021642684936523 -3.4858884811401367 0.2999992370605469
    endloop
  endfacet
  facet normal 0 0 -1
    outer loop
      vertex 12.572295188903809 -4.453047752380371 0.2999992370605469
      vertex 13.021642684936523 -3.4858884811401367 0.2999992370605469
      vertex 12.782824516296387 -4.527649879455566 0.2999992370605469
    endloop
  endfacet
  facet normal 0 0 -1
    outer loop
      vertex 13.021642684936523 -3.4858884811401367 0.2999992370605469
      vertex 12.572295188903809 -4.453047752380371 0.2999992370605469
      vertex 12.906867980957031 -3.4223031997680664 0.2999992370605469
    endloop
  endfacet
  facet normal 0 0 -1
    outer loop
      vertex 12.371328353881836 -4.36488151550293 0.2999992370605469
      vertex 12.906867980957031 -3.4223031997680664 0.2999992370605469
      vertex 12.572295188903809 -4.453047752380371 0.2999992370605469
    endloop
  endfacet
  facet normal 0 0 -1
    outer loop
      vertex 12.906867980957031 -3.4223031997680664 0.2999992370605469
      vertex 12.371328353881836 -4.36488151550293 0.2999992370605469
      vertex 12.797586441040039 -3.350240707397461 0.2999992370605469
    endloop
  endfacet
  facet normal 0 0 -1
    outer loop
      vertex 12.179923057556152 -4.263151168823242 0.2999992370605469
      vertex 12.797586441040039 -3.350240707397461 0.2999992370605469
      vertex 12.371328353881836 -4.36488151550293 0.2999992370605469
    endloop
  endfacet
  facet normal 0 0 -1
    outer loop
      vertex 12.797586441040039 -3.350240707397461 0.2999992370605469
      vertex 12.179923057556152 -4.263151168823242 0.2999992370605469
      vertex 12.69379997253418 -3.2696990966796875 0.2999992370605469
    endloop
  endfacet
  facet normal 0 0 -1
    outer loop
      vertex 11.998080253601074 -4.147857666015625 0.2999992370605469
      vertex 12.69379997253418 -3.2696990966796875 0.2999992370605469
      vertex 12.179923057556152 -4.263151168823242 0.2999992370605469
    endloop
  endfacet
  facet normal 0 0 -1
    outer loop
      vertex 12.69379997253418 -3.2696990966796875 0.2999992370605469
      vertex 11.998080253601074 -4.147857666015625 0.2999992370605469
      vertex 12.596930503845215 -3.1815147399902344 0.2999992370605469
    endloop
  endfacet
  facet normal 0 0 -1
    outer loop
      vertex 11.825799942016602 -4.018999099731445 0.2999992370605469
      vertex 12.596930503845215 -3.1815147399902344 0.2999992370605469
      vertex 11.998080253601074 -4.147857666015625 0.2999992370605469
    endloop
  endfacet
  facet normal 0 0 -1
    outer loop
      vertex 12.596930503845215 -3.1815147399902344 0.2999992370605469
      vertex 11.825799942016602 -4.018999099731445 0.2999992370605469
      vertex 12.508403778076172 -3.0864791870117188 0.2999992370605469
    endloop
  endfacet
  facet normal 0 0 -1
    outer loop
      vertex 11.665318489074707 -3.8787002563476562 0.2999992370605469
      vertex 12.508403778076172 -3.0864791870117188 0.2999992370605469
      vertex 11.825799942016602 -4.018999099731445 0.2999992370605469
    endloop
  endfacet
  facet normal 0 0 -1
    outer loop
      vertex 12.508403778076172 -3.0864791870117188 0.2999992370605469
      vertex 11.665318489074707 -3.8787002563476562 0.2999992370605469
      vertex 12.428218841552734 -2.9845943450927734 0.2999992370605469
    endloop
  endfacet
  facet normal 0 0 -1
    outer loop
      vertex 11.518875122070312 -3.729043960571289 0.2999992370605469
      vertex 12.428218841552734 -2.9845943450927734 0.2999992370605469
      vertex 11.665318489074707 -3.8787002563476562 0.2999992370605469
    endloop
  endfacet
  facet normal 0 0 -1
    outer loop
      vertex 11.386470794677734 -3.570028305053711 0.2999992370605469
      vertex 12.428218841552734 -2.9845943450927734 0.2999992370605469
      vertex 11.518875122070312 -3.729043960571289 0.2999992370605469
    endloop
  endfacet
  facet normal 0 0 -1
    outer loop
      vertex 12.428218841552734 -2.9845943450927734 0.2999992370605469
      vertex 11.386470794677734 -3.570028305053711 0.2999992370605469
      vertex 12.356375694274902 -2.875859260559082 0.2999992370605469
    endloop
  endfacet
  facet normal 0 0 -1
    outer loop
      vertex 11.26810359954834 -3.4016551971435547 0.2999992370605469
      vertex 12.356375694274902 -2.875859260559082 0.2999992370605469
      vertex 11.386470794677734 -3.570028305053711 0.2999992370605469
    endloop
  endfacet
  facet normal 0 0 -1
    outer loop
      vertex 12.356375694274902 -2.875859260559082 0.2999992370605469
      vertex 11.26810359954834 -3.4016551971435547 0.2999992370605469
      vertex 12.292874336242676 -2.760274887084961 0.2999992370605469
    endloop
  endfacet
  facet normal 0 0 -1
    outer loop
      vertex 11.163774490356445 -3.2239246368408203 0.2999992370605469
      vertex 12.292874336242676 -2.760274887084961 0.2999992370605469
      vertex 11.26810359954834 -3.4016551971435547 0.2999992370605469
    endloop
  endfacet
  facet normal 0 0 -1
    outer loop
      vertex 12.292874336242676 -2.760274887084961 0.2999992370605469
      vertex 11.163774490356445 -3.2239246368408203 0.2999992370605469
      vertex 12.237715721130371 -2.6378393173217773 0.2999992370605469
    endloop
  endfacet
  facet normal 0 0 -1
    outer loop
      vertex 11.07348346710205 -3.0368356704711914 0.2999992370605469
      vertex 12.237715721130371 -2.6378393173217773 0.2999992370605469
      vertex 11.163774490356445 -3.2239246368408203 0.2999992370605469
    endloop
  endfacet
  facet normal 0 0 -1
    outer loop
      vertex 12.237715721130371 -2.6378393173217773 0.2999992370605469
      vertex 11.07348346710205 -3.0368356704711914 0.2999992370605469
      vertex 12.190898895263672 -2.508554458618164 0.2999992370605469
    endloop
  endfacet
  facet normal 0 0 -1
    outer loop
      vertex 10.997230529785156 -2.840388298034668 0.2999992370605469
      vertex 12.190898895263672 -2.508554458618164 0.2999992370605469
      vertex 11.07348346710205 -3.0368356704711914 0.2999992370605469
    endloop
  endfacet
  facet normal 0 0 -1
    outer loop
      vertex 12.190898895263672 -2.508554458618164 0.2999992370605469
      vertex 10.997230529785156 -2.840388298034668 0.2999992370605469
      vertex 12.152423858642578 -2.3724193572998047 0.2999992370605469
    endloop
  endfacet
  facet normal 0 0 -1
    outer loop
      vertex 10.935015678405762 -2.6345834732055664 0.2999992370605469
      vertex 12.152423858642578 -2.3724193572998047 0.2999992370605469
      vertex 10.997230529785156 -2.840388298034668 0.2999992370605469
    endloop
  endfacet
  facet normal 0 0 -1
    outer loop
      vertex 12.152423858642578 -2.3724193572998047 0.2999992370605469
      vertex 10.935015678405762 -2.6345834732055664 0.2999992370605469
      vertex 12.12229061126709 -2.2294349670410156 0.2999992370605469
    endloop
  endfacet
  facet normal 0 0 -1
    outer loop
      vertex 10.886838912963867 -2.4194202423095703 0.2999992370605469
      vertex 12.12229061126709 -2.2294349670410156 0.2999992370605469
      vertex 10.935015678405762 -2.6345834732055664 0.2999992370605469
    endloop
  endfacet
  facet normal 0 0 -1
    outer loop
      vertex 12.12229061126709 -2.2294349670410156 0.2999992370605469
      vertex 10.886838912963867 -2.4194202423095703 0.2999992370605469
      vertex 12.100499153137207 -2.079599380493164 0.2999992370605469
    endloop
  endfacet
  facet normal 0 0 -1
    outer loop
      vertex 12.100499153137207 -2.079599380493164 0.2999992370605469
      vertex 10.886838912963867 -2.4194202423095703 0.2999992370605469
      vertex 10.852699279785156 -2.194899559020996 0.2999992370605469
    endloop
  endfacet
  facet normal 0 0 -1
    outer loop
      vertex 16.54704475402832 -0.644719123840332 0.2999992370605469
      vertex 15.504700660705566 -1.0880584716796875 0.2999992370605469
      vertex 16.478858947753906 -0.5348596572875977 0.2999992370605469
    endloop
  endfacet
  facet normal 0 0 -1
    outer loop
      vertex 16.478858947753906 -0.5348596572875977 0.2999992370605469
      vertex 15.504700660705566 -1.0880584716796875 0.2999992370605469
      vertex 16.405723571777344 -0.4249992370605469 0.2999992370605469
    endloop
  endfacet
  facet normal 0 0 -1
    outer loop
      vertex 15.4537992477417 -0.9945993423461914 0.2999992370605469
      vertex 16.405723571777344 -0.4249992370605469 0.2999992370605469
      vertex 15.504700660705566 -1.0880584716796875 0.2999992370605469
    endloop
  endfacet
  facet normal 0 0 -1
    outer loop
      vertex 16.405723571777344 -0.4249992370605469 0.2999992370605469
      vertex 15.4537992477417 -0.9945993423461914 0.2999992370605469
      vertex 16.327640533447266 -0.3151397705078125 0.2999992370605469
    endloop
  endfacet
  facet normal 0 0 -1
    outer loop
      vertex 15.398558616638184 -0.9027853012084961 0.2999992370605469
      vertex 16.327640533447266 -0.3151397705078125 0.2999992370605469
      vertex 15.4537992477417 -0.9945993423461914 0.2999992370605469
    endloop
  endfacet
  facet normal 0 0 -1
    outer loop
      vertex 16.327640533447266 -0.3151397705078125 0.2999992370605469
      vertex 15.398558616638184 -0.9027853012084961 0.2999992370605469
      vertex 16.244604110717773 -0.20527935028076172 0.2999992370605469
    endloop
  endfacet
  facet normal 0 0 -1
    outer loop
      vertex 15.339995384216309 -0.8117837905883789 0.2999992370605469
      vertex 16.244604110717773 -0.20527935028076172 0.2999992370605469
      vertex 15.398558616638184 -0.9027853012084961 0.2999992370605469
    endloop
  endfacet
  facet normal 0 0 -1
    outer loop
      vertex 16.244604110717773 -0.20527935028076172 0.2999992370605469
      vertex 15.339995384216309 -0.8117837905883789 0.2999992370605469
      vertex 16.156620025634766 -0.09541988372802734 0.2999992370605469
    endloop
  endfacet
  facet normal 0 0 -1
    outer loop
      vertex 15.27811050415039 -0.7215938568115234 0.2999992370605469
      vertex 16.156620025634766 -0.09541988372802734 0.2999992370605469
      vertex 15.339995384216309 -0.8117837905883789 0.2999992370605469
    endloop
  endfacet
  facet normal 0 0 -1
    outer loop
      vertex 16.156620025634766 -0.09541988372802734 0.2999992370605469
      vertex 15.27811050415039 -0.7215938568115234 0.2999992370605469
      vertex 16.063684463500977 0.014439582824707031 0.2999992370605469
    endloop
  endfacet
  facet normal 0 0 -1
    outer loop
      vertex 15.21290397644043 -0.6322154998779297 0.2999992370605469
      vertex 16.063684463500977 0.014439582824707031 0.2999992370605469
      vertex 15.27811050415039 -0.7215938568115234 0.2999992370605469
    endloop
  endfacet
  facet normal 0 0 -1
    outer loop
      vertex 16.063684463500977 0.014439582824707031 0.2999992370605469
      vertex 15.21290397644043 -0.6322154998779297 0.2999992370605469
      vertex 15.965799331665039 0.12430000305175781 0.2999992370605469
    endloop
  endfacet
  facet normal 0 0 -1
    outer loop
      vertex 15.14437484741211 -0.5436496734619141 0.2999992370605469
      vertex 15.965799331665039 0.12430000305175781 0.2999992370605469
      vertex 15.21290397644043 -0.6322154998779297 0.2999992370605469
    endloop
  endfacet
  facet normal 0 0 -1
    outer loop
      vertex 15.965799331665039 0.12430000305175781 0.2999992370605469
      vertex 15.14437484741211 -0.5436496734619141 0.2999992370605469
      vertex 15.856284141540527 0.24019432067871094 0.2999992370605469
    endloop
  endfacet
  facet normal 0 0 -1
    outer loop
      vertex 15.07252311706543 -0.45589542388916016 0.2999992370605469
      vertex 15.856284141540527 0.24019432067871094 0.2999992370605469
      vertex 15.14437484741211 -0.5436496734619141 0.2999992370605469
    endloop
  endfacet
  facet normal 0 0 -1
    outer loop
      vertex 14.997350692749023 -0.3689537048339844 0.2999992370605469
      vertex 15.856284141540527 0.24019432067871094 0.2999992370605469
      vertex 15.07252311706543 -0.45589542388916016 0.2999992370605469
    endloop
  endfacet
  facet normal 0 0 -1
    outer loop
      vertex 15.856284141540527 0.24019432067871094 0.2999992370605469
      vertex 14.997350692749023 -0.3689537048339844 0.2999992370605469
      vertex 15.728459358215332 0.36815929412841797 0.2999992370605469
    endloop
  endfacet
  facet normal 0 0 -1
    outer loop
      vertex 14.918855667114258 -0.2828235626220703 0.2999992370605469
      vertex 15.728459358215332 0.36815929412841797 0.2999992370605469
      vertex 14.997350692749023 -0.3689537048339844 0.2999992370605469
    endloop
  endfacet
  facet normal 0 0 -1
    outer loop
      vertex 15.728459358215332 0.36815929412841797 0.2999992370605469
      vertex 14.918855667114258 -0.2828235626220703 0.2999992370605469
      vertex 15.582324981689453 0.5081949234008789 0.2999992370605469
    endloop
  endfacet
  facet normal 0 0 -1
    outer loop
      vertex 14.83703899383545 -0.19750595092773438 0.2999992370605469
      vertex 15.582324981689453 0.5081949234008789 0.2999992370605469
      vertex 14.918855667114258 -0.2828235626220703 0.2999992370605469
    endloop
  endfacet
  facet normal 0 0 -1
    outer loop
      vertex 15.582324981689453 0.5081949234008789 0.2999992370605469
      vertex 14.83703899383545 -0.19750595092773438 0.2999992370605469
      vertex 15.417879104614258 0.6602993011474609 0.2999992370605469
    endloop
  endfacet
  facet normal 0 0 -1
    outer loop
      vertex 14.751899719238281 -0.11299991607666016 0.2999992370605469
      vertex 15.417879104614258 0.6602993011474609 0.2999992370605469
      vertex 14.83703899383545 -0.19750595092773438 0.2999992370605469
    endloop
  endfacet
  facet normal 0 0 -1
    outer loop
      vertex 14.664048194885254 -0.028919219970703125 0.2999992370605469
      vertex 15.417879104614258 0.6602993011474609 0.2999992370605469
      vertex 14.751899719238281 -0.11299991607666016 0.2999992370605469
    endloop
  endfacet
  facet normal 0 0 -1
    outer loop
      vertex 15.417879104614258 0.6602993011474609 0.2999992370605469
      vertex 14.664048194885254 -0.028919219970703125 0.2999992370605469
      vertex 15.235124588012695 0.8244743347167969 0.2999992370605469
    endloop
  endfacet
  facet normal 0 0 -1
    outer loop
      vertex 14.574095726013184 0.055159568786621094 0.2999992370605469
      vertex 15.235124588012695 0.8244743347167969 0.2999992370605469
      vertex 14.664048194885254 -0.028919219970703125 0.2999992370605469
    endloop
  endfacet
  facet normal 0 0 -1
    outer loop
      vertex 14.482040405273438 0.13923931121826172 0.2999992370605469
      vertex 15.235124588012695 0.8244743347167969 0.2999992370605469
      vertex 14.574095726013184 0.055159568786621094 0.2999992370605469
    endloop
  endfacet
  facet normal 0 0 -1
    outer loop
      vertex 15.235124588012695 0.8244743347167969 0.2999992370605469
      vertex 14.482040405273438 0.13923931121826172 0.2999992370605469
      vertex 15.034059524536133 1.0007190704345703 0.2999992370605469
    endloop
  endfacet
  facet normal 0 0 -1
    outer loop
      vertex 14.387883186340332 0.22331905364990234 0.2999992370605469
      vertex 15.034059524536133 1.0007190704345703 0.2999992370605469
      vertex 14.482040405273438 0.13923931121826172 0.2999992370605469
    endloop
  endfacet
  facet normal 0 0 -1
    outer loop
      vertex 14.291624069213867 0.3073997497558594 0.2999992370605469
      vertex 15.034059524536133 1.0007190704345703 0.2999992370605469
      vertex 14.387883186340332 0.22331905364990234 0.2999992370605469
    endloop
  endfacet
  facet normal 0 0 -1
    outer loop
      vertex 15.034059524536133 1.0007190704345703 0.2999992370605469
      vertex 14.291624069213867 0.3073997497558594 0.2999992370605469
      vertex 14.814684867858887 1.1890344619750977 0.2999992370605469
    endloop
  endfacet
  facet normal 0 0 -1
    outer loop
      vertex 14.193263053894043 0.3914794921875 0.2999992370605469
      vertex 14.814684867858887 1.1890344619750977 0.2999992370605469
      vertex 14.291624069213867 0.3073997497558594 0.2999992370605469
    endloop
  endfacet
  facet normal 0 0 -1
    outer loop
      vertex 14.09280014038086 0.4755592346191406 0.2999992370605469
      vertex 14.814684867858887 1.1890344619750977 0.2999992370605469
      vertex 14.193263053894043 0.3914794921875 0.2999992370605469
    endloop
  endfacet
  facet normal 0 0 -1
    outer loop
      vertex 14.814684867858887 1.1890344619750977 0.2999992370605469
      vertex 14.09280014038086 0.4755592346191406 0.2999992370605469
      vertex 14.57699966430664 1.3894195556640625 0.2999992370605469
    endloop
  endfacet
  facet normal 0 0 -1
    outer loop
      vertex 13.990235328674316 0.5596399307250977 0.2999992370605469
      vertex 14.57699966430664 1.3894195556640625 0.2999992370605469
      vertex 14.09280014038086 0.4755592346191406 0.2999992370605469
    endloop
  endfacet
  facet normal 0 0 -1
    outer loop
      vertex 13.885568618774414 0.6437196731567383 0.2999992370605469
      vertex 14.57699966430664 1.3894195556640625 0.2999992370605469
      vertex 13.990235328674316 0.5596399307250977 0.2999992370605469
    endloop
  endfacet
  facet normal 0 0 -1
    outer loop
      vertex 13.778799057006836 0.7277994155883789 0.2999992370605469
      vertex 14.57699966430664 1.3894195556640625 0.2999992370605469
      vertex 13.885568618774414 0.6437196731567383 0.2999992370605469
    endloop
  endfacet
  facet normal 0 0 -1
    outer loop
      vertex 14.57699966430664 1.3894195556640625 0.2999992370605469
      vertex 13.778799057006836 0.7277994155883789 0.2999992370605469
      vertex 14.321004867553711 1.6018743515014648 0.2999992370605469
    endloop
  endfacet
  facet normal 0 0 -1
    outer loop
      vertex 13.670877456665039 0.8125925064086914 0.2999992370605469
      vertex 14.321004867553711 1.6018743515014648 0.2999992370605469
      vertex 13.778799057006836 0.7277994155883789 0.2999992370605469
    endloop
  endfacet
  facet normal 0 0 -1
    outer loop
      vertex 13.562751770019531 0.8988113403320312 0.2999992370605469
      vertex 14.321004867553711 1.6018743515014648 0.2999992370605469
      vertex 13.670877456665039 0.8125925064086914 0.2999992370605469
    endloop
  endfacet
  facet normal 0 0 -1
    outer loop
      vertex 14.321004867553711 1.6018743515014648 0.2999992370605469
      vertex 13.562751770019531 0.8988113403320312 0.2999992370605469
      vertex 14.046699523925781 1.826399803161621 0.2999992370605469
    endloop
  endfacet
  facet normal 0 0 -1
    outer loop
      vertex 13.454421997070312 0.9864568710327148 0.2999992370605469
      vertex 14.046699523925781 1.826399803161621 0.2999992370605469
      vertex 13.562751770019531 0.8988113403320312 0.2999992370605469
    endloop
  endfacet
  facet normal 0 0 -1
    outer loop
      vertex 13.345887184143066 1.0755271911621094 0.2999992370605469
      vertex 14.046699523925781 1.826399803161621 0.2999992370605469
      vertex 13.454421997070312 0.9864568710327148 0.2999992370605469
    endloop
  endfacet
  facet normal 0 0 -1
    outer loop
      vertex 14.046699523925781 1.826399803161621 0.2999992370605469
      vertex 13.345887184143066 1.0755271911621094 0.2999992370605469
      vertex 13.89390754699707 1.9526252746582031 0.2999992370605469
    endloop
  endfacet
  facet normal 0 0 -1
    outer loop
      vertex 13.237149238586426 1.1660242080688477 0.2999992370605469
      vertex 13.89390754699707 1.9526252746582031 0.2999992370605469
      vertex 13.345887184143066 1.0755271911621094 0.2999992370605469
    endloop
  endfacet
  facet normal 0 0 -1
    outer loop
      vertex 13.128207206726074 1.2579479217529297 0.2999992370605469
      vertex 13.89390754699707 1.9526252746582031 0.2999992370605469
      vertex 13.237149238586426 1.1660242080688477 0.2999992370605469
    endloop
  endfacet
  facet normal 0 0 -1
    outer loop
      vertex 13.89390754699707 1.9526252746582031 0.2999992370605469
      vertex 13.128207206726074 1.2579479217529297 0.2999992370605469
      vertex 13.747491836547852 2.076343536376953 0.2999992370605469
    endloop
  endfacet
  facet normal 0 0 -1
    outer loop
      vertex 13.019061088562012 1.3512964248657227 0.2999992370605469
      vertex 13.747491836547852 2.076343536376953 0.2999992370605469
      vertex 13.128207206726074 1.2579479217529297 0.2999992370605469
    endloop
  endfacet
  facet normal 0 0 -1
    outer loop
      vertex 13.747491836547852 2.076343536376953 0.2999992370605469
      vertex 13.019061088562012 1.3512964248657227 0.2999992370605469
      vertex 13.607451438903809 2.1975536346435547 0.2999992370605469
    endloop
  endfacet
  facet normal 0 0 -1
    outer loop
      vertex 12.909711837768555 1.4460716247558594 0.2999992370605469
      vertex 13.607451438903809 2.1975536346435547 0.2999992370605469
      vertex 13.019061088562012 1.3512964248657227 0.2999992370605469
    endloop
  endfacet
  facet normal 0 0 -1
    outer loop
      vertex 13.607451438903809 2.1975536346435547 0.2999992370605469
      vertex 12.909711837768555 1.4460716247558594 0.2999992370605469
      vertex 13.473787307739258 2.316255569458008 0.2999992370605469
    endloop
  endfacet
  facet normal 0 0 -1
    outer loop
      vertex 12.80015754699707 1.5422725677490234 0.2999992370605469
      vertex 13.473787307739258 2.316255569458008 0.2999992370605469
      vertex 12.909711837768555 1.4460716247558594 0.2999992370605469
    endloop
  endfacet
  facet normal 0 0 -1
    outer loop
      vertex 12.690399169921875 1.6398992538452148 0.2999992370605469
      vertex 13.473787307739258 2.316255569458008 0.2999992370605469
      vertex 12.80015754699707 1.5422725677490234 0.2999992370605469
    endloop
  endfacet
  facet normal 0 0 -1
    outer loop
      vertex 13.473787307739258 2.316255569458008 0.2999992370605469
      vertex 12.690399169921875 1.6398992538452148 0.2999992370605469
      vertex 13.3464994430542 2.4324493408203125 0.2999992370605469
    endloop
  endfacet
  facet normal 0 0 -1
    outer loop
      vertex 12.581066131591797 1.7393732070922852 0.2999992370605469
      vertex 13.3464994430542 2.4324493408203125 0.2999992370605469
      vertex 12.690399169921875 1.6398992538452148 0.2999992370605469
    endloop
  endfacet
  facet normal 0 0 -1
    outer loop
      vertex 13.3464994430542 2.4324493408203125 0.2999992370605469
      vertex 12.581066131591797 1.7393732070922852 0.2999992370605469
      vertex 13.225587844848633 2.546135902404785 0.2999992370605469
    endloop
  endfacet
  facet normal 0 0 -1
    outer loop
      vertex 12.472747802734375 1.8411550521850586 0.2999992370605469
      vertex 13.225587844848633 2.546135902404785 0.2999992370605469
      vertex 12.581066131591797 1.7393732070922852 0.2999992370605469
    endloop
  endfacet
  facet normal 0 0 -1
    outer loop
      vertex 13.225587844848633 2.546135902404785 0.2999992370605469
      vertex 12.472747802734375 1.8411550521850586 0.2999992370605469
      vertex 13.111051559448242 2.657313346862793 0.2999992370605469
    endloop
  endfacet
  facet normal 0 0 -1
    outer loop
      vertex 12.365442276000977 1.9452457427978516 0.2999992370605469
      vertex 13.111051559448242 2.657313346862793 0.2999992370605469
      vertex 12.472747802734375 1.8411550521850586 0.2999992370605469
    endloop
  endfacet
  facet normal 0 0 -1
    outer loop
      vertex 13.111051559448242 2.657313346862793 0.2999992370605469
      vertex 12.365442276000977 1.9452457427978516 0.2999992370605469
      vertex 13.002891540527344 2.7659835815429688 0.2999992370605469
    endloop
  endfacet
  facet normal 0 0 -1
    outer loop
      vertex 12.259151458740234 2.0516433715820312 0.2999992370605469
      vertex 13.002891540527344 2.7659835815429688 0.2999992370605469
      vertex 12.365442276000977 1.9452457427978516 0.2999992370605469
    endloop
  endfacet
  facet normal 0 0 -1
    outer loop
      vertex 13.002891540527344 2.7659835815429688 0.2999992370605469
      vertex 12.259151458740234 2.0516433715820312 0.2999992370605469
      vertex 12.901107788085938 2.872145652770996 0.2999992370605469
    endloop
  endfacet
  facet normal 0 0 -1
    outer loop
      vertex 12.153874397277832 2.1603498458862305 0.2999992370605469
      vertex 12.901107788085938 2.872145652770996 0.2999992370605469
      vertex 12.259151458740234 2.0516433715820312 0.2999992370605469
    endloop
  endfacet
  facet normal 0 0 -1
    outer loop
      vertex 12.04961109161377 2.2713632583618164 0.2999992370605469
      vertex 12.901107788085938 2.872145652770996 0.2999992370605469
      vertex 12.153874397277832 2.1603498458862305 0.2999992370605469
    endloop
  endfacet
  facet normal 0 0 -1
    outer loop
      vertex 12.901107788085938 2.872145652770996 0.2999992370605469
      vertex 12.04961109161377 2.2713632583618164 0.2999992370605469
      vertex 12.805699348449707 2.975799560546875 0.2999992370605469
    endloop
  endfacet
  facet normal 0 0 -1
    outer loop
      vertex 11.946362495422363 2.384685516357422 0.2999992370605469
      vertex 12.805699348449707 2.975799560546875 0.2999992370605469
      vertex 12.04961109161377 2.2713632583618164 0.2999992370605469
    endloop
  endfacet
  facet normal 0 0 -1
    outer loop
      vertex 12.805699348449707 2.975799560546875 0.2999992370605469
      vertex 11.946362495422363 2.384685516357422 0.2999992370605469
      vertex 12.716056823730469 3.077826499938965 0.2999992370605469
    endloop
  endfacet
  facet normal 0 0 -1
    outer loop
      vertex 11.844127655029297 2.5003156661987305 0.2999992370605469
      vertex 12.716056823730469 3.077826499938965 0.2999992370605469
      vertex 11.946362495422363 2.384685516357422 0.2999992370605469
    endloop
  endfacet
  facet normal 0 0 -1
    outer loop
      vertex 12.716056823730469 3.077826499938965 0.2999992370605469
      vertex 11.844127655029297 2.5003156661987305 0.2999992370605469
      vertex 12.63156795501709 3.179107666015625 0.2999992370605469
    endloop
  endfacet
  facet normal 0 0 -1
    outer loop
      vertex 11.74290657043457 2.618253707885742 0.2999992370605469
      vertex 12.63156795501709 3.179107666015625 0.2999992370605469
      vertex 11.844127655029297 2.5003156661987305 0.2999992370605469
    endloop
  endfacet
  facet normal 0 0 -1
    outer loop
      vertex 12.63156795501709 3.179107666015625 0.2999992370605469
      vertex 11.74290657043457 2.618253707885742 0.2999992370605469
      vertex 12.55223274230957 3.279642105102539 0.2999992370605469
    endloop
  endfacet
  facet normal 0 0 -1
    outer loop
      vertex 12.55223274230957 3.279642105102539 0.2999992370605469
      vertex 11.74290657043457 2.618253707885742 0.2999992370605469
      vertex 12.47805118560791 3.37943172454834 0.2999992370605469
    endloop
  endfacet
  facet normal 0 0 -1
    outer loop
      vertex 11.642699241638184 2.738499641418457 0.2999992370605469
      vertex 12.47805118560791 3.37943172454834 0.2999992370605469
      vertex 11.74290657043457 2.618253707885742 0.2999992370605469
    endloop
  endfacet
  facet normal 0 0 -1
    outer loop
      vertex 12.47805118560791 3.37943172454834 0.2999992370605469
      vertex 11.642699241638184 2.738499641418457 0.2999992370605469
      vertex 12.409024238586426 3.4784746170043945 0.2999992370605469
    endloop
  endfacet
  facet normal 0 0 -1
    outer loop
      vertex 11.54454517364502 2.8617448806762695 0.2999992370605469
      vertex 12.409024238586426 3.4784746170043945 0.2999992370605469
      vertex 11.642699241638184 2.738499641418457 0.2999992370605469
    endloop
  endfacet
  facet normal 0 0 -1
    outer loop
      vertex 12.141199111938477 3.9624996185302734 0.2999992370605469
      vertex 17.12540054321289 5 0.2999992370605469
      vertex 17.12540054321289 3.9624996185302734 0.2999992370605469
    endloop
  endfacet
  facet normal 0 0 -1
    outer loop
      vertex 12.409024238586426 3.4784746170043945 0.2999992370605469
      vertex 11.54454517364502 2.8617448806762695 0.2999992370605469
      vertex 12.345151901245117 3.5767717361450195 0.2999992370605469
    endloop
  endfacet
  facet normal 0 0 -1
    outer loop
      vertex 11.449443817138672 2.988719940185547 0.2999992370605469
      vertex 12.345151901245117 3.5767717361450195 0.2999992370605469
      vertex 11.54454517364502 2.8617448806762695 0.2999992370605469
    endloop
  endfacet
  facet normal 0 0 -1
    outer loop
      vertex 12.345151901245117 3.5767717361450195 0.2999992370605469
      vertex 11.449443817138672 2.988719940185547 0.2999992370605469
      vertex 12.286432266235352 3.6743221282958984 0.2999992370605469
    endloop
  endfacet
  facet normal 0 0 -1
    outer loop
      vertex 11.357393264770508 3.119424819946289 0.2999992370605469
      vertex 12.286432266235352 3.6743221282958984 0.2999992370605469
      vertex 11.449443817138672 2.988719940185547 0.2999992370605469
    endloop
  endfacet
  facet normal 0 0 -1
    outer loop
      vertex 12.286432266235352 3.6743221282958984 0.2999992370605469
      vertex 11.357393264770508 3.119424819946289 0.2999992370605469
      vertex 12.232867240905762 3.771127700805664 0.2999992370605469
    endloop
  endfacet
  facet normal 0 0 -1
    outer loop
      vertex 11.26839542388916 3.253859519958496 0.2999992370605469
      vertex 12.232867240905762 3.771127700805664 0.2999992370605469
      vertex 11.357393264770508 3.119424819946289 0.2999992370605469
    endloop
  endfacet
  facet normal 0 0 -1
    outer loop
      vertex 12.232867240905762 3.771127700805664 0.2999992370605469
      vertex 11.26839542388916 3.253859519958496 0.2999992370605469
      vertex 12.184456825256348 3.8671865463256836 0.2999992370605469
    endloop
  endfacet
  facet normal 0 0 -1
    outer loop
      vertex 11.182449340820312 3.3920249938964844 0.2999992370605469
      vertex 12.184456825256348 3.8671865463256836 0.2999992370605469
      vertex 11.26839542388916 3.253859519958496 0.2999992370605469
    endloop
  endfacet
  facet normal 0 0 -1
    outer loop
      vertex 12.184456825256348 3.8671865463256836 0.2999992370605469
      vertex 11.182449340820312 3.3920249938964844 0.2999992370605469
      vertex 12.141199111938477 3.9624996185302734 0.2999992370605469
    endloop
  endfacet
  facet normal 0 0 -1
    outer loop
      vertex 11.099555969238281 3.533919334411621 0.2999992370605469
      vertex 12.141199111938477 3.9624996185302734 0.2999992370605469
      vertex 11.182449340820312 3.3920249938964844 0.2999992370605469
    endloop
  endfacet
  facet normal 0 0 -1
    outer loop
      vertex 11.019713401794434 3.679544448852539 0.2999992370605469
      vertex 12.141199111938477 3.9624996185302734 0.2999992370605469
      vertex 11.099555969238281 3.533919334411621 0.2999992370605469
    endloop
  endfacet
  facet normal 0 0 -1
    outer loop
      vertex 10.942923545837402 3.828899383544922 0.2999992370605469
      vertex 12.141199111938477 3.9624996185302734 0.2999992370605469
      vertex 11.019713401794434 3.679544448852539 0.2999992370605469
    endloop
  endfacet
  facet normal 0 0 -1
    outer loop
      vertex 10.869185447692871 3.9819841384887695 0.2999992370605469
      vertex 12.141199111938477 3.9624996185302734 0.2999992370605469
      vertex 10.942923545837402 3.828899383544922 0.2999992370605469
    endloop
  endfacet
  facet normal 0 0 -1
    outer loop
      vertex 10.79849910736084 4.138799667358398 0.2999992370605469
      vertex 12.141199111938477 3.9624996185302734 0.2999992370605469
      vertex 10.869185447692871 3.9819841384887695 0.2999992370605469
    endloop
  endfacet
  facet normal 0 0 -1
    outer loop
      vertex 12.141199111938477 3.9624996185302734 0.2999992370605469
      vertex 10.79849910736084 4.138799667358398 0.2999992370605469
      vertex 10.79849910736084 5 0.2999992370605469
    endloop
  endfacet
  facet normal 0 0 -1
    outer loop
      vertex 12.141199111938477 3.9624996185302734 0.2999992370605469
      vertex 10.79849910736084 5 0.2999992370605469
      vertex 17.12540054321289 5 0.2999992370605469
    endloop
  endfacet
  facet normal -0.0744804787030882 0.9972224718146694 0
    outer loop
      vertex 26.767242431640625 -4.670479774475098 0
      vertex 26.498931884765625 -4.690519332885742 0.2999992370605469
      vertex 26.767242431640625 -4.670479774475098 0.2999992370605469
    endloop
  endfacet
  facet normal -0.0744804787030882 0.9972224718146694 0
    outer loop
      vertex 26.498931884765625 -4.690519332885742 0.2999992370605469
      vertex 26.767242431640625 -4.670479774475098 0
      vertex 26.498931884765625 -4.690519332885742 0
    endloop
  endfacet
  facet normal -0.1296247782070452 0.9915631179480074 0
    outer loop
      vertex 27.02273941040039 -4.637079238891602 0
      vertex 26.767242431640625 -4.670479774475098 0.2999992370605469
      vertex 27.02273941040039 -4.637079238891602 0.2999992370605469
    endloop
  endfacet
  facet normal -0.1296247782070452 0.9915631179480074 0
    outer loop
      vertex 26.767242431640625 -4.670479774475098 0.2999992370605469
      vertex 27.02273941040039 -4.637079238891602 0
      vertex 26.767242431640625 -4.670479774475098 0
    endloop
  endfacet
  facet normal -0.18920318797988706 0.9819379581512508 0
    outer loop
      vertex 27.26541519165039 -4.590319633483887 0
      vertex 27.02273941040039 -4.637079238891602 0.2999992370605469
      vertex 27.26541519165039 -4.590319633483887 0.2999992370605469
    endloop
  endfacet
  facet normal -0.18920318797988706 0.9819379581512508 0
    outer loop
      vertex 27.02273941040039 -4.637079238891602 0.2999992370605469
      vertex 27.26541519165039 -4.590319633483887 0
      vertex 27.02273941040039 -4.637079238891602 0
    endloop
  endfacet
  facet normal -0.2530425987758895 0.9674551375669801 0
    outer loop
      vertex 27.49527359008789 -4.53019905090332 0
      vertex 27.26541519165039 -4.590319633483887 0.2999992370605469
      vertex 27.49527359008789 -4.53019905090332 0.2999992370605469
    endloop
  endfacet
  facet normal -0.2530425987758895 0.9674551375669801 0
    outer loop
      vertex 27.26541519165039 -4.590319633483887 0.2999992370605469
      vertex 27.49527359008789 -4.53019905090332 0
      vertex 27.26541519165039 -4.590319633483887 0
    endloop
  endfacet
  facet normal -0.32067298214376105 0.9471899696064285 0
    outer loop
      vertex 27.71231460571289 -4.456719398498535 0
      vertex 27.49527359008789 -4.53019905090332 0.2999992370605469
      vertex 27.71231460571289 -4.456719398498535 0.2999992370605469
    endloop
  endfacet
  facet normal -0.32067298214376105 0.9471899696064285 0
    outer loop
      vertex 27.49527359008789 -4.53019905090332 0.2999992370605469
      vertex 27.71231460571289 -4.456719398498535 0
      vertex 27.49527359008789 -4.53019905090332 0
    endloop
  endfacet
  facet normal -0.3913109819458063 0.9202585046651887 0
    outer loop
      vertex 27.91653823852539 -4.369879722595215 0
      vertex 27.71231460571289 -4.456719398498535 0.2999992370605469
      vertex 27.91653823852539 -4.369879722595215 0.2999992370605469
    endloop
  endfacet
  facet normal -0.3913109819458063 0.9202585046651887 0
    outer loop
      vertex 27.71231460571289 -4.456719398498535 0.2999992370605469
      vertex 27.91653823852539 -4.369879722595215 0
      vertex 27.71231460571289 -4.456719398498535 0
    endloop
  endfacet
  facet normal -0.4637899157888971 0.8859452093738798 0
    outer loop
      vertex 28.10794448852539 -4.269679069519043 0
      vertex 27.91653823852539 -4.369879722595215 0.2999992370605469
      vertex 28.10794448852539 -4.269679069519043 0.2999992370605469
    endloop
  endfacet
  facet normal -0.4637899157888971 0.8859452093738798 0
    outer loop
      vertex 27.91653823852539 -4.369879722595215 0.2999992370605469
      vertex 28.10794448852539 -4.269679069519043 0
      vertex 27.91653823852539 -4.369879722595215 0
    endloop
  endfacet
  facet normal -0.5365885443178045 0.8438440223802618 0
    outer loop
      vertex 28.286529541015625 -4.156119346618652 0
      vertex 28.10794448852539 -4.269679069519043 0.2999992370605469
      vertex 28.286529541015625 -4.156119346618652 0.2999992370605469
    endloop
  endfacet
  facet normal -0.5365885443178045 0.8438440223802618 0
    outer loop
      vertex 28.10794448852539 -4.269679069519043 0.2999992370605469
      vertex 28.286529541015625 -4.156119346618652 0
      vertex 28.10794448852539 -4.269679069519043 0
    endloop
  endfacet
  facet normal -0.6079177921934219 0.7939999735105006 0
    outer loop
      vertex 28.452299118041992 -4.029199600219727 0
      vertex 28.286529541015625 -4.156119346618652 0.2999992370605469
      vertex 28.452299118041992 -4.029199600219727 0.2999992370605469
    endloop
  endfacet
  facet normal -0.6079177921934219 0.7939999735105006 0
    outer loop
      vertex 28.286529541015625 -4.156119346618652 0.2999992370605469
      vertex 28.452299118041992 -4.029199600219727 0
      vertex 28.286529541015625 -4.156119346618652 0
    endloop
  endfacet
  facet normal -0.6758831301731881 0.7370088156510023 0
    outer loop
      vertex 28.60369110107422 -3.8903636932373047 0
      vertex 28.452299118041992 -4.029199600219727 0.2999992370605469
      vertex 28.60369110107422 -3.8903636932373047 0.2999992370605469
    endloop
  endfacet
  facet normal -0.6758831301731881 0.7370088156510023 0
    outer loop
      vertex 28.452299118041992 -4.029199600219727 0.2999992370605469
      vertex 28.60369110107422 -3.8903636932373047 0
      vertex 28.452299118041992 -4.029199600219727 0
    endloop
  endfacet
  facet normal -0.7407173378673878 0.6718168093927466 0
    outer loop
      vertex 28.60369110107422 -3.8903636932373047 0
      vertex 28.739147186279297 -3.7410154342651367 0.2999992370605469
      vertex 28.739147186279297 -3.7410154342651367 0
    endloop
  endfacet
  facet normal -0.7407173378673878 0.6718168093927466 0
    outer loop
      vertex 28.739147186279297 -3.7410154342651367 0.2999992370605469
      vertex 28.60369110107422 -3.8903636932373047 0
      vertex 28.60369110107422 -3.8903636932373047 0.2999992370605469
    endloop
  endfacet
  facet normal -0.8008998331250231 0.598798344436848 0
    outer loop
      vertex 28.739147186279297 -3.7410154342651367 0
      vertex 28.858667373657227 -3.581155776977539 0.2999992370605469
      vertex 28.858667373657227 -3.581155776977539 0
    endloop
  endfacet
  facet normal -0.8008998331250231 0.598798344436848 0
    outer loop
      vertex 28.858667373657227 -3.581155776977539 0.2999992370605469
      vertex 28.739147186279297 -3.7410154342651367 0
      vertex 28.739147186279297 -3.7410154342651367 0.2999992370605469
    endloop
  endfacet
  facet normal -0.8544666572962153 0.5195062382388032 0
    outer loop
      vertex 28.858667373657227 -3.581155776977539 0
      vertex 28.962251663208008 -3.4107837677001953 0.2999992370605469
      vertex 28.962251663208008 -3.4107837677001953 0
    endloop
  endfacet
  facet normal -0.8544666572962153 0.5195062382388032 0
    outer loop
      vertex 28.962251663208008 -3.4107837677001953 0.2999992370605469
      vertex 28.858667373657227 -3.581155776977539 0
      vertex 28.858667373657227 -3.581155776977539 0.2999992370605469
    endloop
  endfacet
  facet normal -0.8999178214899896 0.43605953098712497 0
    outer loop
      vertex 28.962251663208008 -3.4107837677001953 0
      vertex 29.04990005493164 -3.2298994064331055 0.2999992370605469
      vertex 29.04990005493164 -3.2298994064331055 0
    endloop
  endfacet
  facet normal -0.8999178214899896 0.43605953098712497 0
    outer loop
      vertex 29.04990005493164 -3.2298994064331055 0.2999992370605469
      vertex 28.962251663208008 -3.4107837677001953 0
      vertex 28.962251663208008 -3.4107837677001953 0.2999992370605469
    endloop
  endfacet
  facet normal -0.9364271264394677 0.3508621337054218 0
    outer loop
      vertex 29.04990005493164 -3.2298994064331055 0
      vertex 29.121612548828125 -3.038503646850586 0.2999992370605469
      vertex 29.121612548828125 -3.038503646850586 0
    endloop
  endfacet
  facet normal -0.9364271264394677 0.3508621337054218 0
    outer loop
      vertex 29.121612548828125 -3.038503646850586 0.2999992370605469
      vertex 29.04990005493164 -3.2298994064331055 0
      vertex 29.04990005493164 -3.2298994064331055 0.2999992370605469
    endloop
  endfacet
  facet normal -0.9638996723083054 0.26626569761037866 0
    outer loop
      vertex 29.121612548828125 -3.038503646850586 0
      vertex 29.177387237548828 -2.8365955352783203 0.2999992370605469
      vertex 29.177387237548828 -2.8365955352783203 0
    endloop
  endfacet
  facet normal -0.9638996723083054 0.26626569761037866 0
    outer loop
      vertex 29.177387237548828 -2.8365955352783203 0.2999992370605469
      vertex 29.121612548828125 -3.038503646850586 0
      vertex 29.121612548828125 -3.038503646850586 0.2999992370605469
    endloop
  endfacet
  facet normal -0.9828622446240795 0.18434155281030956 0
    outer loop
      vertex 29.177387237548828 -2.8365955352783203 0
      vertex 29.217227935791016 -2.6241750717163086 0.2999992370605469
      vertex 29.217227935791016 -2.6241750717163086 0
    endloop
  endfacet
  facet normal -0.9828622446240795 0.18434155281030956 0
    outer loop
      vertex 29.217227935791016 -2.6241750717163086 0.2999992370605469
      vertex 29.177387237548828 -2.8365955352783203 0
      vertex 29.177387237548828 -2.8365955352783203 0.2999992370605469
    endloop
  endfacet
  facet normal -0.9943009604578359 0.10660956820391425 0
    outer loop
      vertex 29.217227935791016 -2.6241750717163086 0
      vertex 29.241130828857422 -2.401243209838867 0.2999992370605469
      vertex 29.241130828857422 -2.401243209838867 0
    endloop
  endfacet
  facet normal -0.9943009604578359 0.10660956820391425 0
    outer loop
      vertex 29.241130828857422 -2.401243209838867 0.2999992370605469
      vertex 29.217227935791016 -2.6241750717163086 0
      vertex 29.217227935791016 -2.6241750717163086 0.2999992370605469
    endloop
  endfacet
  facet normal -0.999417863267629 0.03411648548087207 0
    outer loop
      vertex 29.241130828857422 -2.401243209838867 0
      vertex 29.249099731445312 -2.167799949645996 0.2999992370605469
      vertex 29.249099731445312 -2.167799949645996 0
    endloop
  endfacet
  facet normal -0.999417863267629 0.03411648548087207 0
    outer loop
      vertex 29.249099731445312 -2.167799949645996 0.2999992370605469
      vertex 29.241130828857422 -2.401243209838867 0
      vertex 29.241130828857422 -2.401243209838867 0.2999992370605469
    endloop
  endfacet
  facet normal -0.999594346648229 -0.02848055738394661 0
    outer loop
      vertex 29.249099731445312 -2.167799949645996 0
      vertex 29.243980407714844 -1.9881248474121094 0.2999992370605469
      vertex 29.243980407714844 -1.9881248474121094 0
    endloop
  endfacet
  facet normal -0.999594346648229 -0.02848055738394661 0
    outer loop
      vertex 29.243980407714844 -1.9881248474121094 0.2999992370605469
      vertex 29.249099731445312 -2.167799949645996 0
      vertex 29.249099731445312 -2.167799949645996 0.2999992370605469
    endloop
  endfacet
  facet normal -0.996072856132526 -0.08853736655216163 0
    outer loop
      vertex 29.243980407714844 -1.9881248474121094 0
      vertex 29.228618621826172 -1.8152999877929688 0.2999992370605469
      vertex 29.228618621826172 -1.8152999877929688 0
    endloop
  endfacet
  facet normal -0.996072856132526 -0.08853736655216163 0
    outer loop
      vertex 29.228618621826172 -1.8152999877929688 0.2999992370605469
      vertex 29.243980407714844 -1.9881248474121094 0
      vertex 29.243980407714844 -1.9881248474121094 0.2999992370605469
    endloop
  endfacet
  facet normal -0.9883128013646076 -0.1524395180353229 0
    outer loop
      vertex 29.228618621826172 -1.8152999877929688 0
      vertex 29.203018188476562 -1.6493244171142578 0.2999992370605469
      vertex 29.203018188476562 -1.6493244171142578 0
    endloop
  endfacet
  facet normal -0.9883128013646076 -0.1524395180353229 0
    outer loop
      vertex 29.203018188476562 -1.6493244171142578 0.2999992370605469
      vertex 29.228618621826172 -1.8152999877929688 0
      vertex 29.228618621826172 -1.8152999877929688 0.2999992370605469
    endloop
  endfacet
  facet normal -0.9755626220970379 -0.21972157465108438 0
    outer loop
      vertex 29.203018188476562 -1.6493244171142578 0
      vertex 29.167179107666016 -1.490199089050293 0.2999992370605469
      vertex 29.167179107666016 -1.490199089050293 0
    endloop
  endfacet
  facet normal -0.9755626220970379 -0.21972157465108438 0
    outer loop
      vertex 29.167179107666016 -1.490199089050293 0.2999992370605469
      vertex 29.203018188476562 -1.6493244171142578 0
      vertex 29.203018188476562 -1.6493244171142578 0.2999992370605469
    endloop
  endfacet
  facet normal -0.9571360546038369 -0.2896386938539133 0
    outer loop
      vertex 29.167179107666016 -1.490199089050293 0
      vertex 29.1210994720459 -1.3379249572753906 0.2999992370605469
      vertex 29.1210994720459 -1.3379249572753906 0
    endloop
  endfacet
  facet normal -0.9571360546038369 -0.2896386938539133 0
    outer loop
      vertex 29.1210994720459 -1.3379249572753906 0.2999992370605469
      vertex 29.167179107666016 -1.490199089050293 0
      vertex 29.167179107666016 -1.490199089050293 0.2999992370605469
    endloop
  endfacet
  facet normal -0.9325112399871268 -0.36114095211935054 0
    outer loop
      vertex 29.1210994720459 -1.3379249572753906 0
      vertex 29.06477928161621 -1.1924991607666016 0.2999992370605469
      vertex 29.06477928161621 -1.1924991607666016 0
    endloop
  endfacet
  facet normal -0.9325112399871268 -0.36114095211935054 0
    outer loop
      vertex 29.06477928161621 -1.1924991607666016 0.2999992370605469
      vertex 29.1210994720459 -1.3379249572753906 0
      vertex 29.1210994720459 -1.3379249572753906 0.2999992370605469
    endloop
  endfacet
  facet normal -0.9014089910685734 -0.43296862567712285 0
    outer loop
      vertex 29.06477928161621 -1.1924991607666016 0
      vertex 28.998218536376953 -1.053924560546875 0.2999992370605469
      vertex 28.998218536376953 -1.053924560546875 0
    endloop
  endfacet
  facet normal -0.9014089910685734 -0.43296862567712285 0
    outer loop
      vertex 28.998218536376953 -1.053924560546875 0.2999992370605469
      vertex 29.06477928161621 -1.1924991607666016 0
      vertex 29.06477928161621 -1.1924991607666016 0.2999992370605469
    endloop
  endfacet
  facet normal -0.8638941163345825 -0.503673461443514 0
    outer loop
      vertex 28.998218536376953 -1.053924560546875 0
      vertex 28.921419143676758 -0.9221992492675781 0.2999992370605469
      vertex 28.921419143676758 -0.9221992492675781 0
    endloop
  endfacet
  facet normal -0.8638941163345825 -0.503673461443514 0
    outer loop
      vertex 28.921419143676758 -0.9221992492675781 0.2999992370605469
      vertex 28.998218536376953 -1.053924560546875 0
      vertex 28.998218536376953 -1.053924560546875 0.2999992370605469
    endloop
  endfacet
  facet normal -0.8203802650532325 -0.5718183459029519 0
    outer loop
      vertex 28.921419143676758 -0.9221992492675781 0
      vertex 28.834379196166992 -0.7973241806030273 0.2999992370605469
      vertex 28.834379196166992 -0.7973241806030273 0
    endloop
  endfacet
  facet normal -0.8203802650532325 -0.5718183459029519 0
    outer loop
      vertex 28.834379196166992 -0.7973241806030273 0.2999992370605469
      vertex 28.921419143676758 -0.9221992492675781 0
      vertex 28.921419143676758 -0.9221992492675781 0.2999992370605469
    endloop
  endfacet
  facet normal -0.7716619869259254 -0.6360328434393409 0
    outer loop
      vertex 28.834379196166992 -0.7973241806030273 0
      vertex 28.737098693847656 -0.6792993545532227 0.2999992370605469
      vertex 28.737098693847656 -0.6792993545532227 0
    endloop
  endfacet
  facet normal -0.7716619869259254 -0.6360328434393409 0
    outer loop
      vertex 28.737098693847656 -0.6792993545532227 0.2999992370605469
      vertex 28.834379196166992 -0.7973241806030273 0
      vertex 28.834379196166992 -0.7973241806030273 0.2999992370605469
    endloop
  endfacet
  facet normal -0.7195187210891831 -0.6944730448348491 0
    outer loop
      vertex 28.737098693847656 -0.6792993545532227 0
      vertex 28.630054473876953 -0.568394660949707 0.2999992370605469
      vertex 28.630054473876953 -0.568394660949707 0
    endloop
  endfacet
  facet normal -0.7195187210891831 -0.6944730448348491 0
    outer loop
      vertex 28.630054473876953 -0.568394660949707 0.2999992370605469
      vertex 28.737098693847656 -0.6792993545532227 0
      vertex 28.737098693847656 -0.6792993545532227 0.2999992370605469
    endloop
  endfacet
  facet normal -0.6647434982604308 -0.7470716709395991 0
    outer loop
      vertex 28.51371955871582 -0.46487998962402344 0
      vertex 28.630054473876953 -0.568394660949707 0.2999992370605469
      vertex 28.51371955871582 -0.46487998962402344 0.2999992370605469
    endloop
  endfacet
  facet normal -0.6647434982604308 -0.7470716709395991 0
    outer loop
      vertex 28.630054473876953 -0.568394660949707 0.2999992370605469
      vertex 28.51371955871582 -0.46487998962402344 0
      vertex 28.630054473876953 -0.568394660949707 0
    endloop
  endfacet
  facet normal -0.6076910940319369 -0.7941734912689213 0
    outer loop
      vertex 28.38809585571289 -0.36875438690185547 0
      vertex 28.51371955871582 -0.46487998962402344 0.2999992370605469
      vertex 28.38809585571289 -0.36875438690185547 0.2999992370605469
    endloop
  endfacet
  facet normal -0.6076910940319369 -0.7941734912689213 0
    outer loop
      vertex 28.51371955871582 -0.46487998962402344 0.2999992370605469
      vertex 28.38809585571289 -0.36875438690185547 0
      vertex 28.51371955871582 -0.46487998962402344 0
    endloop
  endfacet
  facet normal -0.5495036899933534 -0.8354912894122168 0
    outer loop
      vertex 28.2531795501709 -0.28001976013183594 0
      vertex 28.38809585571289 -0.36875438690185547 0.2999992370605469
      vertex 28.2531795501709 -0.28001976013183594 0.2999992370605469
    endloop
  endfacet
  facet normal -0.5495036899933534 -0.8354912894122168 0
    outer loop
      vertex 28.38809585571289 -0.36875438690185547 0.2999992370605469
      vertex 28.2531795501709 -0.28001976013183594 0
      vertex 28.38809585571289 -0.36875438690185547 0
    endloop
  endfacet
  facet normal -0.4913170413966969 -0.8709808062369666 0
    outer loop
      vertex 28.10897445678711 -0.19867420196533203 0
      vertex 28.2531795501709 -0.28001976013183594 0.2999992370605469
      vertex 28.10897445678711 -0.19867420196533203 0.2999992370605469
    endloop
  endfacet
  facet normal -0.4913170413966969 -0.8709808062369666 0
    outer loop
      vertex 28.2531795501709 -0.28001976013183594 0.2999992370605469
      vertex 28.10897445678711 -0.19867420196533203 0
      vertex 28.2531795501709 -0.28001976013183594 0
    endloop
  endfacet
  facet normal -0.4340500341695713 -0.9008887655184706 0
    outer loop
      vertex 27.95547866821289 -0.12471961975097656 0
      vertex 28.10897445678711 -0.19867420196533203 0.2999992370605469
      vertex 27.95547866821289 -0.12471961975097656 0.2999992370605469
    endloop
  endfacet
  facet normal -0.4340500341695713 -0.9008887655184706 0
    outer loop
      vertex 28.10897445678711 -0.19867420196533203 0.2999992370605469
      vertex 27.95547866821289 -0.12471961975097656 0
      vertex 28.10897445678711 -0.19867420196533203 0
    endloop
  endfacet
  facet normal -0.3784955957082696 -0.9256030920591406 0
    outer loop
      vertex 27.792694091796875 -0.05815410614013672 0
      vertex 27.95547866821289 -0.12471961975097656 0.2999992370605469
      vertex 27.792694091796875 -0.05815410614013672 0.2999992370605469
    endloop
  endfacet
  facet normal -0.3784955957082696 -0.9256030920591406 0
    outer loop
      vertex 27.95547866821289 -0.12471961975097656 0.2999992370605469
      vertex 27.792694091796875 -0.05815410614013672 0
      vertex 27.95547866821289 -0.12471961975097656 0
    endloop
  endfacet
  facet normal -0.32519460159547514 -0.9456471176359394 0
    outer loop
      vertex 27.620620727539062 0.0010194778442382812 0
      vertex 27.792694091796875 -0.05815410614013672 0.2999992370605469
      vertex 27.620620727539062 0.0010194778442382812 0.2999992370605469
    endloop
  endfacet
  facet normal -0.32519460159547514 -0.9456471176359394 0
    outer loop
      vertex 27.792694091796875 -0.05815410614013672 0.2999992370605469
      vertex 27.620620727539062 0.0010194778442382812 0
      vertex 27.792694091796875 -0.05815410614013672 0
    endloop
  endfacet
  facet normal -0.27455751244576126 -0.9615706798564501 0
    outer loop
      vertex 27.439254760742188 0.05280494689941406 0
      vertex 27.620620727539062 0.0010194778442382812 0.2999992370605469
      vertex 27.439254760742188 0.05280494689941406 0.2999992370605469
    endloop
  endfacet
  facet normal -0.27455751244576126 -0.9615706798564501 0
    outer loop
      vertex 27.620620727539062 0.0010194778442382812 0.2999992370605469
      vertex 27.439254760742188 0.05280494689941406 0
      vertex 27.620620727539062 0.0010194778442382812 0
    endloop
  endfacet
  facet normal -0.2267857424881638 -0.9739446734820681 0
    outer loop
      vertex 27.248600006103516 0.0971994400024414 0
      vertex 27.439254760742188 0.05280494689941406 0.2999992370605469
      vertex 27.248600006103516 0.0971994400024414 0.2999992370605469
    endloop
  endfacet
  facet normal -0.2267857424881638 -0.9739446734820681 0
    outer loop
      vertex 27.439254760742188 0.05280494689941406 0.2999992370605469
      vertex 27.248600006103516 0.0971994400024414 0
      vertex 27.439254760742188 0.05280494689941406 0
    endloop
  endfacet
  facet normal -1 0 0
    outer loop
      vertex 27.248600006103516 0.0971994400024414 0
      vertex 27.248600006103516 0.12430000305175781 0.2999992370605469
      vertex 27.248600006103516 0.12430000305175781 0
    endloop
  endfacet
  facet normal -1 0 0
    outer loop
      vertex 27.248600006103516 0.12430000305175781 0.2999992370605469
      vertex 27.248600006103516 0.0971994400024414 0
      vertex 27.248600006103516 0.0971994400024414 0.2999992370605469
    endloop
  endfacet
  facet normal -0.13218174627388804 0.9912254970247615 0
    outer loop
      vertex 27.458133697509766 0.15224170684814453 0
      vertex 27.248600006103516 0.12430000305175781 0.2999992370605469
      vertex 27.458133697509766 0.15224170684814453 0.2999992370605469
    endloop
  endfacet
  facet normal -0.13218174627388804 0.9912254970247615 0
    outer loop
      vertex 27.248600006103516 0.12430000305175781 0.2999992370605469
      vertex 27.458133697509766 0.15224170684814453 0
      vertex 27.248600006103516 0.12430000305175781 0
    endloop
  endfacet
  facet normal -0.18522869278193124 0.9826954418182151 0
    outer loop
      vertex 27.658172607421875 0.18994712829589844 0
      vertex 27.458133697509766 0.15224170684814453 0.2999992370605469
      vertex 27.658172607421875 0.18994712829589844 0.2999992370605469
    endloop
  endfacet
  facet normal -0.18522869278193124 0.9826954418182151 0
    outer loop
      vertex 27.458133697509766 0.15224170684814453 0.2999992370605469
      vertex 27.658172607421875 0.18994712829589844 0
      vertex 27.458133697509766 0.15224170684814453 0
    endloop
  endfacet
  facet normal -0.24174021015158978 0.9703410074792599 0
    outer loop
      vertex 27.848716735839844 0.23741722106933594 0
      vertex 27.658172607421875 0.18994712829589844 0.2999992370605469
      vertex 27.848716735839844 0.23741722106933594 0.2999992370605469
    endloop
  endfacet
  facet normal -0.24174021015158978 0.9703410074792599 0
    outer loop
      vertex 27.658172607421875 0.18994712829589844 0.2999992370605469
      vertex 27.848716735839844 0.23741722106933594 0
      vertex 27.658172607421875 0.18994712829589844 0
    endloop
  endfacet
  facet normal -0.30142195988476317 0.9534908505587394 0
    outer loop
      vertex 28.029767990112305 0.29465198516845703 0
      vertex 27.848716735839844 0.23741722106933594 0.2999992370605469
      vertex 28.029767990112305 0.29465198516845703 0.2999992370605469
    endloop
  endfacet
  facet normal -0.30142195988476317 0.9534908505587394 0
    outer loop
      vertex 27.848716735839844 0.23741722106933594 0.2999992370605469
      vertex 28.029767990112305 0.29465198516845703 0
      vertex 27.848716735839844 0.23741722106933594 0
    endloop
  endfacet
  facet normal -0.36377176521991467 0.9314881120168884 0
    outer loop
      vertex 28.201324462890625 0.3616495132446289 0
      vertex 28.029767990112305 0.29465198516845703 0.2999992370605469
      vertex 28.201324462890625 0.3616495132446289 0.2999992370605469
    endloop
  endfacet
  facet normal -0.36377176521991467 0.9314881120168884 0
    outer loop
      vertex 28.029767990112305 0.29465198516845703 0.2999992370605469
      vertex 28.201324462890625 0.3616495132446289 0
      vertex 28.029767990112305 0.29465198516845703 0
    endloop
  endfacet
  facet normal -0.42806462675913776 0.903748126038201 0
    outer loop
      vertex 28.363388061523438 0.4384117126464844 0
      vertex 28.201324462890625 0.3616495132446289 0.2999992370605469
      vertex 28.363388061523438 0.4384117126464844 0.2999992370605469
    endloop
  endfacet
  facet normal -0.42806462675913776 0.903748126038201 0
    outer loop
      vertex 28.201324462890625 0.3616495132446289 0.2999992370605469
      vertex 28.363388061523438 0.4384117126464844 0
      vertex 28.201324462890625 0.3616495132446289 0
    endloop
  endfacet
  facet normal -0.4933157290010506 0.8698503270794131 0
    outer loop
      vertex 28.51595687866211 0.524937629699707 0
      vertex 28.363388061523438 0.4384117126464844 0.2999992370605469
      vertex 28.51595687866211 0.524937629699707 0.2999992370605469
    endloop
  endfacet
  facet normal -0.4933157290010506 0.8698503270794131 0
    outer loop
      vertex 28.363388061523438 0.4384117126464844 0.2999992370605469
      vertex 28.51595687866211 0.524937629699707 0
      vertex 28.363388061523438 0.4384117126464844 0
    endloop
  endfacet
  facet normal -0.5583356756374697 0.8296151356565586 0
    outer loop
      vertex 28.65903091430664 0.6212272644042969 0
      vertex 28.51595687866211 0.524937629699707 0.2999992370605469
      vertex 28.65903091430664 0.6212272644042969 0.2999992370605469
    endloop
  endfacet
  facet normal -0.5583356756374697 0.8296151356565586 0
    outer loop
      vertex 28.51595687866211 0.524937629699707 0.2999992370605469
      vertex 28.65903091430664 0.6212272644042969 0
      vertex 28.51595687866211 0.524937629699707 0
    endloop
  endfacet
  facet normal -0.621792784577279 0.7831818007638031 0
    outer loop
      vertex 28.792612075805664 0.7272815704345703 0
      vertex 28.65903091430664 0.6212272644042969 0.2999992370605469
      vertex 28.792612075805664 0.7272815704345703 0.2999992370605469
    endloop
  endfacet
  facet normal -0.621792784577279 0.7831818007638031 0
    outer loop
      vertex 28.65903091430664 0.6212272644042969 0.2999992370605469
      vertex 28.792612075805664 0.7272815704345703 0
      vertex 28.65903091430664 0.6212272644042969 0
    endloop
  endfacet
  facet normal -0.6823310619981758 0.731043310503859 0
    outer loop
      vertex 28.916698455810547 0.8430995941162109 0
      vertex 28.792612075805664 0.7272815704345703 0.2999992370605469
      vertex 28.916698455810547 0.8430995941162109 0.2999992370605469
    endloop
  endfacet
  facet normal -0.6823310619981758 0.731043310503859 0
    outer loop
      vertex 28.792612075805664 0.7272815704345703 0.2999992370605469
      vertex 28.916698455810547 0.8430995941162109 0
      vertex 28.792612075805664 0.7272815704345703 0
    endloop
  endfacet
  facet normal -0.7374806084218694 0.6753683085559384 0
    outer loop
      vertex 28.916698455810547 0.8430995941162109 0
      vertex 29.03009033203125 0.9669198989868164 0.2999992370605469
      vertex 29.03009033203125 0.9669198989868164 0
    endloop
  endfacet
  facet normal -0.7374806084218694 0.6753683085559384 0
    outer loop
      vertex 29.03009033203125 0.9669198989868164 0.2999992370605469
      vertex 28.916698455810547 0.8430995941162109 0
      vertex 28.916698455810547 0.8430995941162109 0.2999992370605469
    endloop
  endfacet
  facet normal -0.7884688277164933 0.6150747171843262 0
    outer loop
      vertex 29.03009033203125 0.9669198989868164 0
      vertex 29.131547927856445 1.0969791412353516 0.2999992370605469
      vertex 29.131547927856445 1.0969791412353516 0
    endloop
  endfacet
  facet normal -0.7884688277164933 0.6150747171843262 0
    outer loop
      vertex 29.131547927856445 1.0969791412353516 0.2999992370605469
      vertex 29.03009033203125 0.9669198989868164 0
      vertex 29.03009033203125 0.9669198989868164 0.2999992370605469
    endloop
  endfacet
  facet normal -0.8358437216374405 0.5489674607836725 0
    outer loop
      vertex 29.131547927856445 1.0969791412353516 0
      vertex 29.221067428588867 1.2332792282104492 0.2999992370605469
      vertex 29.221067428588867 1.2332792282104492 0
    endloop
  endfacet
  facet normal -0.8358437216374405 0.5489674607836725 0
    outer loop
      vertex 29.221067428588867 1.2332792282104492 0.2999992370605469
      vertex 29.131547927856445 1.0969791412353516 0
      vertex 29.131547927856445 1.0969791412353516 0.2999992370605469
    endloop
  endfacet
  facet normal -0.8783196808461311 0.47807377907426635 0
    outer loop
      vertex 29.221067428588867 1.2332792282104492 0
      vertex 29.29865264892578 1.375819206237793 0.2999992370605469
      vertex 29.29865264892578 1.375819206237793 0
    endloop
  endfacet
  facet normal -0.8783196808461311 0.47807377907426635 0
    outer loop
      vertex 29.29865264892578 1.375819206237793 0.2999992370605469
      vertex 29.221067428588867 1.2332792282104492 0
      vertex 29.221067428588867 1.2332792282104492 0.2999992370605469
    endloop
  endfacet
  facet normal -0.914897480745538 0.4036862639791795 0
    outer loop
      vertex 29.29865264892578 1.375819206237793 0
      vertex 29.364299774169922 1.5245990753173828 0.2999992370605469
      vertex 29.364299774169922 1.5245990753173828 0
    endloop
  endfacet
  facet normal -0.914897480745538 0.4036862639791795 0
    outer loop
      vertex 29.364299774169922 1.5245990753173828 0.2999992370605469
      vertex 29.29865264892578 1.375819206237793 0
      vertex 29.29865264892578 1.375819206237793 0.2999992370605469
    endloop
  endfacet
  facet normal -0.9448919760425819 0.3273822744290605 0
    outer loop
      vertex 29.364299774169922 1.5245990753173828 0
      vertex 29.418010711669922 1.6796197891235352 0.2999992370605469
      vertex 29.418010711669922 1.6796197891235352 0
    endloop
  endfacet
  facet normal -0.9448919760425819 0.3273822744290605 0
    outer loop
      vertex 29.418010711669922 1.6796197891235352 0.2999992370605469
      vertex 29.364299774169922 1.5245990753173828 0
      vertex 29.364299774169922 1.5245990753173828 0.2999992370605469
    endloop
  endfacet
  facet normal -0.9680426739953281 0.250785528537783 0
    outer loop
      vertex 29.418010711669922 1.6796197891235352 0
      vertex 29.459787368774414 1.8408794403076172 0.2999992370605469
      vertex 29.459787368774414 1.8408794403076172 0
    endloop
  endfacet
  facet normal -0.9680426739953281 0.250785528537783 0
    outer loop
      vertex 29.459787368774414 1.8408794403076172 0.2999992370605469
      vertex 29.418010711669922 1.6796197891235352 0
      vertex 29.418010711669922 1.6796197891235352 0.2999992370605469
    endloop
  endfacet
  facet normal -0.9844990326557288 0.17539000741186514 0
    outer loop
      vertex 29.459787368774414 1.8408794403076172 0
      vertex 29.489627838134766 2.0083799362182617 0.2999992370605469
      vertex 29.489627838134766 2.0083799362182617 0
    endloop
  endfacet
  facet normal -0.9844990326557288 0.17539000741186514 0
    outer loop
      vertex 29.489627838134766 2.0083799362182617 0.2999992370605469
      vertex 29.459787368774414 1.8408794403076172 0
      vertex 29.459787368774414 1.8408794403076172 0.2999992370605469
    endloop
  endfacet
  facet normal -0.9947331272488392 0.10249880757230641 0
    outer loop
      vertex 29.489627838134766 2.0083799362182617 0
      vertex 29.507530212402344 2.182119369506836 0.2999992370605469
      vertex 29.507530212402344 2.182119369506836 0
    endloop
  endfacet
  facet normal -0.9947331272488392 0.10249880757230641 0
    outer loop
      vertex 29.507530212402344 2.182119369506836 0.2999992370605469
      vertex 29.489627838134766 2.0083799362182617 0
      vertex 29.489627838134766 2.0083799362182617 0.2999992370605469
    endloop
  endfacet
  facet normal -0.9994503188964137 0.033152074714218986 0
    outer loop
      vertex 29.507530212402344 2.182119369506836 0
      vertex 29.513500213623047 2.3620996475219727 0.2999992370605469
      vertex 29.513500213623047 2.3620996475219727 0
    endloop
  endfacet
  facet normal -0.9994503188964137 0.033152074714218986 0
    outer loop
      vertex 29.513500213623047 2.3620996475219727 0.2999992370605469
      vertex 29.507530212402344 2.182119369506836 0
      vertex 29.507530212402344 2.182119369506836 0.2999992370605469
    endloop
  endfacet
  facet normal -0.999471226109135 -0.03251566053307835 0
    outer loop
      vertex 29.513500213623047 2.3620996475219727 0
      vertex 29.505090713500977 2.6205921173095703 0.2999992370605469
      vertex 29.505090713500977 2.6205921173095703 0
    endloop
  endfacet
  facet normal -0.999471226109135 -0.03251566053307835 0
    outer loop
      vertex 29.505090713500977 2.6205921173095703 0.2999992370605469
      vertex 29.513500213623047 2.3620996475219727 0
      vertex 29.513500213623047 2.3620996475219727 0.2999992370605469
    endloop
  endfacet
  facet normal -0.9948058240296026 -0.10179082707583899 0
    outer loop
      vertex 29.505090713500977 2.6205921173095703 0
      vertex 29.479862213134766 2.8671512603759766 0.2999992370605469
      vertex 29.479862213134766 2.8671512603759766 0
    endloop
  endfacet
  facet normal -0.9948058240296026 -0.10179082707583899 0
    outer loop
      vertex 29.479862213134766 2.8671512603759766 0.2999992370605469
      vertex 29.505090713500977 2.6205921173095703 0
      vertex 29.505090713500977 2.6205921173095703 0.2999992370605469
    endloop
  endfacet
  facet normal -0.9843211157894574 -0.17638577326700058 0
    outer loop
      vertex 29.479862213134766 2.8671512603759766 0
      vertex 29.43781852722168 3.101776123046875 0.2999992370605469
      vertex 29.43781852722168 3.101776123046875 0
    endloop
  endfacet
  facet normal -0.9843211157894574 -0.17638577326700058 0
    outer loop
      vertex 29.43781852722168 3.101776123046875 0.2999992370605469
      vertex 29.479862213134766 2.8671512603759766 0
      vertex 29.479862213134766 2.8671512603759766 0.2999992370605469
    endloop
  endfacet
  facet normal -0.966796530575469 -0.2555473898658257 0
    outer loop
      vertex 29.43781852722168 3.101776123046875 0
      vertex 29.378955841064453 3.324467658996582 0.2999992370605469
      vertex 29.378955841064453 3.324467658996582 0
    endloop
  endfacet
  facet normal -0.966796530575469 -0.2555473898658257 0
    outer loop
      vertex 29.378955841064453 3.324467658996582 0.2999992370605469
      vertex 29.43781852722168 3.101776123046875 0
      vertex 29.43781852722168 3.101776123046875 0.2999992370605469
    endloop
  endfacet
  facet normal -0.9411588296009478 -0.33796458019173287 0
    outer loop
      vertex 29.378955841064453 3.324467658996582 0
      vertex 29.303274154663086 3.5352249145507812 0.2999992370605469
      vertex 29.303274154663086 3.5352249145507812 0
    endloop
  endfacet
  facet normal -0.9411588296009478 -0.33796458019173287 0
    outer loop
      vertex 29.303274154663086 3.5352249145507812 0.2999992370605469
      vertex 29.378955841064453 3.324467658996582 0
      vertex 29.378955841064453 3.324467658996582 0.2999992370605469
    endloop
  endfacet
  facet normal -0.9066810406559087 -0.4218168921642639 0
    outer loop
      vertex 29.303274154663086 3.5352249145507812 0
      vertex 29.21077537536621 3.7340478897094727 0.2999992370605469
      vertex 29.21077537536621 3.7340478897094727 0
    endloop
  endfacet
  facet normal -0.9066810406559087 -0.4218168921642639 0
    outer loop
      vertex 29.21077537536621 3.7340478897094727 0.2999992370605469
      vertex 29.303274154663086 3.5352249145507812 0
      vertex 29.303274154663086 3.5352249145507812 0.2999992370605469
    endloop
  endfacet
  facet normal -0.8631803229791691 -0.5048957615405156 0
    outer loop
      vertex 29.21077537536621 3.7340478897094727 0
      vertex 29.101459503173828 3.9209365844726562 0.2999992370605469
      vertex 29.101459503173828 3.9209365844726562 0
    endloop
  endfacet
  facet normal -0.8631803229791691 -0.5048957615405156 0
    outer loop
      vertex 29.101459503173828 3.9209365844726562 0.2999992370605469
      vertex 29.21077537536621 3.7340478897094727 0
      vertex 29.21077537536621 3.7340478897094727 0.2999992370605469
    endloop
  endfacet
  facet normal -0.8111628178632926 -0.5848203851748696 0
    outer loop
      vertex 29.101459503173828 3.9209365844726562 0
      vertex 28.975322723388672 4.095891952514648 0.2999992370605469
      vertex 28.975322723388672 4.095891952514648 0
    endloop
  endfacet
  facet normal -0.8111628178632926 -0.5848203851748696 0
    outer loop
      vertex 28.975322723388672 4.095891952514648 0.2999992370605469
      vertex 29.101459503173828 3.9209365844726562 0
      vertex 29.101459503173828 3.9209365844726562 0.2999992370605469
    endloop
  endfacet
  facet normal -0.7518691979072355 -0.6593123002328489 0
    outer loop
      vertex 28.975322723388672 4.095891952514648 0
      vertex 28.83237075805664 4.258912086486816 0.2999992370605469
      vertex 28.83237075805664 4.258912086486816 0
    endloop
  endfacet
  facet normal -0.7518691979072355 -0.6593123002328489 0
    outer loop
      vertex 28.83237075805664 4.258912086486816 0.2999992370605469
      vertex 28.975322723388672 4.095891952514648 0
      vertex 28.975322723388672 4.095891952514648 0.2999992370605469
    endloop
  endfacet
  facet normal -0.687087197388598 -0.72657496735346 0
    outer loop
      vertex 28.67259979248047 4.409999847412109 0
      vertex 28.83237075805664 4.258912086486816 0.2999992370605469
      vertex 28.67259979248047 4.409999847412109 0.2999992370605469
    endloop
  endfacet
  facet normal -0.687087197388598 -0.72657496735346 0
    outer loop
      vertex 28.83237075805664 4.258912086486816 0.2999992370605469
      vertex 28.67259979248047 4.409999847412109 0
      vertex 28.83237075805664 4.258912086486816 0
    endloop
  endfacet
  facet normal -0.618068123865781 -0.7861245411899019 0
    outer loop
      vertex 28.497249603271484 4.547863960266113 0
      vertex 28.67259979248047 4.409999847412109 0.2999992370605469
      vertex 28.497249603271484 4.547863960266113 0.2999992370605469
    endloop
  endfacet
  facet normal -0.618068123865781 -0.7861245411899019 0
    outer loop
      vertex 28.67259979248047 4.409999847412109 0.2999992370605469
      vertex 28.497249603271484 4.547863960266113 0
      vertex 28.67259979248047 4.409999847412109 0
    endloop
  endfacet
  facet normal -0.5450792974214211 -0.8383844938466897 0
    outer loop
      vertex 28.307523727416992 4.671215057373047 0
      vertex 28.497249603271484 4.547863960266113 0.2999992370605469
      vertex 28.307523727416992 4.671215057373047 0.2999992370605469
    endloop
  endfacet
  facet normal -0.5450792974214211 -0.8383844938466897 0
    outer loop
      vertex 28.497249603271484 4.547863960266113 0.2999992370605469
      vertex 28.307523727416992 4.671215057373047 0
      vertex 28.497249603271484 4.547863960266113 0
    endloop
  endfacet
  facet normal -0.4705368767318459 -0.8823803304898856 0
    outer loop
      vertex 28.103418350219727 4.780055999755859 0
      vertex 28.307523727416992 4.671215057373047 0.2999992370605469
      vertex 28.103418350219727 4.780055999755859 0.2999992370605469
    endloop
  endfacet
  facet normal -0.4705368767318459 -0.8823803304898856 0
    outer loop
      vertex 28.307523727416992 4.671215057373047 0.2999992370605469
      vertex 28.103418350219727 4.780055999755859 0
      vertex 28.307523727416992 4.671215057373047 0
    endloop
  endfacet
  facet normal -0.3963758323264412 -0.9180883397296368 0
    outer loop
      vertex 27.88493537902832 4.874383926391602 0
      vertex 28.103418350219727 4.780055999755859 0.2999992370605469
      vertex 27.88493537902832 4.874383926391602 0.2999992370605469
    endloop
  endfacet
  facet normal -0.3963758323264412 -0.9180883397296368 0
    outer loop
      vertex 28.103418350219727 4.780055999755859 0.2999992370605469
      vertex 27.88493537902832 4.874383926391602 0
      vertex 28.103418350219727 4.780055999755859 0
    endloop
  endfacet
  facet normal -0.3242441929676435 -0.9459734157611205 0
    outer loop
      vertex 27.652074813842773 4.95419979095459 0
      vertex 27.88493537902832 4.874383926391602 0.2999992370605469
      vertex 27.652074813842773 4.95419979095459 0.2999992370605469
    endloop
  endfacet
  facet normal -0.3242441929676435 -0.9459734157611205 0
    outer loop
      vertex 27.88493537902832 4.874383926391602 0.2999992370605469
      vertex 27.652074813842773 4.95419979095459 0
      vertex 27.88493537902832 4.874383926391602 0
    endloop
  endfacet
  facet normal -0.2553732316832834 -0.9668425479568202 0
    outer loop
      vertex 27.404834747314453 5.019503593444824 0
      vertex 27.652074813842773 4.95419979095459 0.2999992370605469
      vertex 27.404834747314453 5.019503593444824 0.2999992370605469
    endloop
  endfacet
  facet normal -0.2553732316832834 -0.9668425479568202 0
    outer loop
      vertex 27.652074813842773 4.95419979095459 0.2999992370605469
      vertex 27.404834747314453 5.019503593444824 0
      vertex 27.652074813842773 4.95419979095459 0
    endloop
  endfacet
  facet normal -0.19058767024698547 -0.9816701788023441 0
    outer loop
      vertex 27.143218994140625 5.070295333862305 0
      vertex 27.404834747314453 5.019503593444824 0.2999992370605469
      vertex 27.143218994140625 5.070295333862305 0.2999992370605469
    endloop
  endfacet
  facet normal -0.19058767024698547 -0.9816701788023441 0
    outer loop
      vertex 27.404834747314453 5.019503593444824 0.2999992370605469
      vertex 27.143218994140625 5.070295333862305 0
      vertex 27.404834747314453 5.019503593444824 0
    endloop
  endfacet
  facet normal -0.13033256814797395 -0.9914703332323936 0
    outer loop
      vertex 26.867223739624023 5.106575965881348 0
      vertex 27.143218994140625 5.070295333862305 0.2999992370605469
      vertex 26.867223739624023 5.106575965881348 0.2999992370605469
    endloop
  endfacet
  facet normal -0.13033256814797395 -0.9914703332323936 0
    outer loop
      vertex 27.143218994140625 5.070295333862305 0.2999992370605469
      vertex 26.867223739624023 5.106575965881348 0
      vertex 27.143218994140625 5.070295333862305 0
    endloop
  endfacet
  facet normal -0.07475461191027138 -0.9972019594837069 0
    outer loop
      vertex 26.57685089111328 5.12834358215332 0
      vertex 26.867223739624023 5.106575965881348 0.2999992370605469
      vertex 26.57685089111328 5.12834358215332 0.2999992370605469
    endloop
  endfacet
  facet normal -0.07475461191027138 -0.9972019594837069 0
    outer loop
      vertex 26.867223739624023 5.106575965881348 0.2999992370605469
      vertex 26.57685089111328 5.12834358215332 0
      vertex 26.867223739624023 5.106575965881348 0
    endloop
  endfacet
  facet normal -0.023801289049618674 -0.9997167091929475 0
    outer loop
      vertex 26.272098541259766 5.135599136352539 0
      vertex 26.57685089111328 5.12834358215332 0.2999992370605469
      vertex 26.272098541259766 5.135599136352539 0.2999992370605469
    endloop
  endfacet
  facet normal -0.023801289049618674 -0.9997167091929475 0
    outer loop
      vertex 26.57685089111328 5.12834358215332 0.2999992370605469
      vertex 26.272098541259766 5.135599136352539 0
      vertex 26.57685089111328 5.12834358215332 0
    endloop
  endfacet
  facet normal 0.023002885997658096 -0.9997353986109418 0
    outer loop
      vertex 25.98772430419922 5.129055976867676 0
      vertex 26.272098541259766 5.135599136352539 0.2999992370605469
      vertex 25.98772430419922 5.129055976867676 0.2999992370605469
    endloop
  endfacet
  facet normal 0.023002885997658096 -0.9997353986109418 0
    outer loop
      vertex 26.272098541259766 5.135599136352539 0.2999992370605469
      vertex 25.98772430419922 5.129055976867676 0
      vertex 26.272098541259766 5.135599136352539 0
    endloop
  endfacet
  facet normal 0.07182226201760386 -0.9974174465481717 0
    outer loop
      vertex 25.715084075927734 5.109423637390137 0
      vertex 25.98772430419922 5.129055976867676 0.2999992370605469
      vertex 25.715084075927734 5.109423637390137 0.2999992370605469
    endloop
  endfacet
  facet normal 0.07182226201760386 -0.9974174465481717 0
    outer loop
      vertex 25.98772430419922 5.129055976867676 0.2999992370605469
      vertex 25.715084075927734 5.109423637390137 0
      vertex 25.98772430419922 5.129055976867676 0
    endloop
  endfacet
  facet normal 0.12443467417852384 -0.9922278024033012 0
    outer loop
      vertex 25.454174041748047 5.076703071594238 0
      vertex 25.715084075927734 5.109423637390137 0.2999992370605469
      vertex 25.454174041748047 5.076703071594238 0.2999992370605469
    endloop
  endfacet
  facet normal 0.12443467417852384 -0.9922278024033012 0
    outer loop
      vertex 25.715084075927734 5.109423637390137 0.2999992370605469
      vertex 25.454174041748047 5.076703071594238 0
      vertex 25.715084075927734 5.109423637390137 0
    endloop
  endfacet
  facet normal 0.18080467703958442 -0.9835190230801902 0
    outer loop
      vertex 25.204994201660156 5.030895233154297 0
      vertex 25.454174041748047 5.076703071594238 0.2999992370605469
      vertex 25.204994201660156 5.030895233154297 0.2999992370605469
    endloop
  endfacet
  facet normal 0.18080467703958442 -0.9835190230801902 0
    outer loop
      vertex 25.454174041748047 5.076703071594238 0.2999992370605469
      vertex 25.204994201660156 5.030895233154297 0
      vertex 25.454174041748047 5.076703071594238 0
    endloop
  endfacet
  facet normal 0.2407447646848318 -0.97058845978965 0
    outer loop
      vertex 24.967548370361328 4.971999168395996 0
      vertex 25.204994201660156 5.030895233154297 0.2999992370605469
      vertex 24.967548370361328 4.971999168395996 0.2999992370605469
    endloop
  endfacet
  facet normal 0.2407447646848318 -0.97058845978965 0
    outer loop
      vertex 25.204994201660156 5.030895233154297 0.2999992370605469
      vertex 24.967548370361328 4.971999168395996 0
      vertex 25.204994201660156 5.030895233154297 0
    endloop
  endfacet
  facet normal 0.3038396231330904 -0.9527231934902928 0
    outer loop
      vertex 24.741836547851562 4.900015830993652 0
      vertex 24.967548370361328 4.971999168395996 0.2999992370605469
      vertex 24.741836547851562 4.900015830993652 0.2999992370605469
    endloop
  endfacet
  facet normal 0.3038396231330904 -0.9527231934902928 0
    outer loop
      vertex 24.967548370361328 4.971999168395996 0.2999992370605469
      vertex 24.741836547851562 4.900015830993652 0
      vertex 24.967548370361328 4.971999168395996 0
    endloop
  endfacet
  facet normal 0.3694426398542989 -0.9292535369087851 0
    outer loop
      vertex 24.527854919433594 4.814943313598633 0
      vertex 24.741836547851562 4.900015830993652 0.2999992370605469
      vertex 24.527854919433594 4.814943313598633 0.2999992370605469
    endloop
  endfacet
  facet normal 0.3694426398542989 -0.9292535369087851 0
    outer loop
      vertex 24.741836547851562 4.900015830993652 0.2999992370605469
      vertex 24.527854919433594 4.814943313598633 0
      vertex 24.741836547851562 4.900015830993652 0
    endloop
  endfacet
  facet normal 0.43662817938498605 -0.89964205824703 0
    outer loop
      vertex 24.325603485107422 4.71678352355957 0
      vertex 24.527854919433594 4.814943313598633 0.2999992370605469
      vertex 24.325603485107422 4.71678352355957 0.2999992370605469
    endloop
  endfacet
  facet normal 0.43662817938498605 -0.89964205824703 0
    outer loop
      vertex 24.527854919433594 4.814943313598633 0.2999992370605469
      vertex 24.325603485107422 4.71678352355957 0
      vertex 24.527854919433594 4.814943313598633 0
    endloop
  endfacet
  facet normal 0.5042526289738531 -0.8635561858807785 0
    outer loop
      vertex 24.135086059570312 4.605535507202148 0
      vertex 24.325603485107422 4.71678352355957 0.2999992370605469
      vertex 24.135086059570312 4.605535507202148 0.2999992370605469
    endloop
  endfacet
  facet normal 0.5042526289738531 -0.8635561858807785 0
    outer loop
      vertex 24.325603485107422 4.71678352355957 0.2999992370605469
      vertex 24.135086059570312 4.605535507202148 0
      vertex 24.325603485107422 4.71678352355957 0
    endloop
  endfacet
  facet normal 0.5709484910722513 -0.8209858832783419 0
    outer loop
      vertex 23.956298828125 4.481199264526367 0
      vertex 24.135086059570312 4.605535507202148 0.2999992370605469
      vertex 23.956298828125 4.481199264526367 0.2999992370605469
    endloop
  endfacet
  facet normal 0.5709484910722513 -0.8209858832783419 0
    outer loop
      vertex 24.135086059570312 4.605535507202148 0.2999992370605469
      vertex 23.956298828125 4.481199264526367 0
      vertex 24.135086059570312 4.605535507202148 0
    endloop
  endfacet
  facet normal 0.6371655819239335 -0.7707269433538283 0
    outer loop
      vertex 23.79039764404297 4.344047546386719 0
      vertex 23.956298828125 4.481199264526367 0.2999992370605469
      vertex 23.79039764404297 4.344047546386719 0.2999992370605469
    endloop
  endfacet
  facet normal 0.6371655819239335 -0.7707269433538283 0
    outer loop
      vertex 23.956298828125 4.481199264526367 0.2999992370605469
      vertex 23.79039764404297 4.344047546386719 0
      vertex 23.956298828125 4.481199264526367 0
    endloop
  endfacet
  facet normal 0.7019990527518962 -0.7121778780160476 0
    outer loop
      vertex 23.638530731201172 4.1943511962890625 0
      vertex 23.79039764404297 4.344047546386719 0.2999992370605469
      vertex 23.638530731201172 4.1943511962890625 0.2999992370605469
    endloop
  endfacet
  facet normal 0.7019990527518962 -0.7121778780160476 0
    outer loop
      vertex 23.79039764404297 4.344047546386719 0.2999992370605469
      vertex 23.638530731201172 4.1943511962890625 0
      vertex 23.79039764404297 4.344047546386719 0
    endloop
  endfacet
  facet normal 0.762113600513901 -0.6474433256368762 0
    outer loop
      vertex 23.500701904296875 4.032111167907715 0.2999992370605469
      vertex 23.638530731201172 4.1943511962890625 0
      vertex 23.638530731201172 4.1943511962890625 0.2999992370605469
    endloop
  endfacet
  facet normal 0.762113600513901 -0.6474433256368762 0
    outer loop
      vertex 23.638530731201172 4.1943511962890625 0
      vertex 23.500701904296875 4.032111167907715 0.2999992370605469
      vertex 23.500701904296875 4.032111167907715 0
    endloop
  endfacet
  facet normal 0.8160477575558033 -0.5779844785010624 0
    outer loop
      vertex 23.376907348632812 3.857327461242676 0.2999992370605469
      vertex 23.500701904296875 4.032111167907715 0
      vertex 23.500701904296875 4.032111167907715 0.2999992370605469
    endloop
  endfacet
  facet normal 0.8160477575558033 -0.5779844785010624 0
    outer loop
      vertex 23.500701904296875 4.032111167907715 0
      vertex 23.376907348632812 3.857327461242676 0.2999992370605469
      vertex 23.376907348632812 3.857327461242676 0
    endloop
  endfacet
  facet normal 0.8628118735800302 -0.5055251435975447 0
    outer loop
      vertex 23.26715087890625 3.669999122619629 0.2999992370605469
      vertex 23.376907348632812 3.857327461242676 0
      vertex 23.376907348632812 3.857327461242676 0.2999992370605469
    endloop
  endfacet
  facet normal 0.8628118735800302 -0.5055251435975447 0
    outer loop
      vertex 23.376907348632812 3.857327461242676 0
      vertex 23.26715087890625 3.669999122619629 0.2999992370605469
      vertex 23.26715087890625 3.669999122619629 0
    endloop
  endfacet
  facet normal 0.9019035980373364 -0.4319373795439641 0
    outer loop
      vertex 23.171428680419922 3.4701271057128906 0.2999992370605469
      vertex 23.26715087890625 3.669999122619629 0
      vertex 23.26715087890625 3.669999122619629 0.2999992370605469
    endloop
  endfacet
  facet normal 0.9019035980373364 -0.4319373795439641 0
    outer loop
      vertex 23.26715087890625 3.669999122619629 0
      vertex 23.171428680419922 3.4701271057128906 0.2999992370605469
      vertex 23.171428680419922 3.4701271057128906 0
    endloop
  endfacet
  facet normal 0.9333609416205818 -0.3589392046811558 0
    outer loop
      vertex 23.089740753173828 3.257711410522461 0.2999992370605469
      vertex 23.171428680419922 3.4701271057128906 0
      vertex 23.171428680419922 3.4701271057128906 0.2999992370605469
    endloop
  endfacet
  facet normal 0.9333609416205818 -0.3589392046811558 0
    outer loop
      vertex 23.171428680419922 3.4701271057128906 0
      vertex 23.089740753173828 3.257711410522461 0.2999992370605469
      vertex 23.089740753173828 3.257711410522461 0
    endloop
  endfacet
  facet normal 0.9576365741951847 -0.287979498860093 0
    outer loop
      vertex 23.022090911865234 3.0327510833740234 0.2999992370605469
      vertex 23.089740753173828 3.257711410522461 0
      vertex 23.089740753173828 3.257711410522461 0.2999992370605469
    endloop
  endfacet
  facet normal 0.9576365741951847 -0.287979498860093 0
    outer loop
      vertex 23.089740753173828 3.257711410522461 0
      vertex 23.022090911865234 3.0327510833740234 0.2999992370605469
      vertex 23.022090911865234 3.0327510833740234 0
    endloop
  endfacet
  facet normal 0.9754553604722233 -0.22019727456534244 0
    outer loop
      vertex 22.968477249145508 2.7952470779418945 0.2999992370605469
      vertex 23.022090911865234 3.0327510833740234 0
      vertex 23.022090911865234 3.0327510833740234 0.2999992370605469
    endloop
  endfacet
  facet normal 0.9754553604722233 -0.22019727456534244 0
    outer loop
      vertex 23.022090911865234 3.0327510833740234 0
      vertex 22.968477249145508 2.7952470779418945 0.2999992370605469
      vertex 22.968477249145508 2.7952470779418945 0
    endloop
  endfacet
  facet normal 0.9877043125481058 -0.15633358875773812 0
    outer loop
      vertex 22.92889976501465 2.545199394226074 0.2999992370605469
      vertex 22.968477249145508 2.7952470779418945 0
      vertex 22.968477249145508 2.7952470779418945 0.2999992370605469
    endloop
  endfacet
  facet normal 0.9877043125481058 -0.15633358875773812 0
    outer loop
      vertex 22.968477249145508 2.7952470779418945 0
      vertex 22.92889976501465 2.545199394226074 0.2999992370605469
      vertex 22.92889976501465 2.545199394226074 0
    endloop
  endfacet
  facet normal 0.09102701815551942 0.9958484231878437 0
    outer loop
      vertex 24.19029998779297 2.429899215698242 0
      vertex 22.92889976501465 2.545199394226074 0.2999992370605469
      vertex 24.19029998779297 2.429899215698242 0.2999992370605469
    endloop
  endfacet
  facet normal 0.09102701815551942 0.9958484231878437 0
    outer loop
      vertex 22.92889976501465 2.545199394226074 0.2999992370605469
      vertex 24.19029998779297 2.429899215698242 0
      vertex 22.92889976501465 2.545199394226074 0
    endloop
  endfacet
  facet normal -0.9803852665079248 0.19709066242261555 0
    outer loop
      vertex 24.19029998779297 2.429899215698242 0
      vertex 24.255054473876953 2.7520065307617188 0.2999992370605469
      vertex 24.255054473876953 2.7520065307617188 0
    endloop
  endfacet
  facet normal -0.9803852665079248 0.19709066242261555 0
    outer loop
      vertex 24.255054473876953 2.7520065307617188 0.2999992370605469
      vertex 24.19029998779297 2.429899215698242 0
      vertex 24.19029998779297 2.429899215698242 0.2999992370605469
    endloop
  endfacet
  facet normal -0.9481261996200816 0.31789417986805185 0
    outer loop
      vertex 24.255054473876953 2.7520065307617188 0
      vertex 24.3516845703125 3.040207862854004 0.2999992370605469
      vertex 24.3516845703125 3.040207862854004 0
    endloop
  endfacet
  facet normal -0.9481261996200816 0.31789417986805185 0
    outer loop
      vertex 24.3516845703125 3.040207862854004 0.2999992370605469
      vertex 24.255054473876953 2.7520065307617188 0
      vertex 24.255054473876953 2.7520065307617188 0.2999992370605469
    endloop
  endfacet
  facet normal -0.8925226209313465 0.45100262873495534 0
    outer loop
      vertex 24.3516845703125 3.040207862854004 0
      vertex 24.480182647705078 3.2945022583007812 0.2999992370605469
      vertex 24.480182647705078 3.2945022583007812 0
    endloop
  endfacet
  facet normal -0.8925226209313465 0.45100262873495534 0
    outer loop
      vertex 24.480182647705078 3.2945022583007812 0.2999992370605469
      vertex 24.3516845703125 3.040207862854004 0
      vertex 24.3516845703125 3.040207862854004 0.2999992370605469
    endloop
  endfacet
  facet normal -0.8085780940268096 0.5883888729912997 0
    outer loop
      vertex 24.480182647705078 3.2945022583007812 0
      vertex 24.64055633544922 3.5148916244506836 0.2999992370605469
      vertex 24.64055633544922 3.5148916244506836 0
    endloop
  endfacet
  facet normal -0.8085780940268096 0.5883888729912997 0
    outer loop
      vertex 24.64055633544922 3.5148916244506836 0.2999992370605469
      vertex 24.480182647705078 3.2945022583007812 0
      vertex 24.480182647705078 3.2945022583007812 0.2999992370605469
    endloop
  endfacet
  facet normal -0.6962697807470949 0.717780183913148 0
    outer loop
      vertex 24.832799911499023 3.701374053955078 0
      vertex 24.64055633544922 3.5148916244506836 0.2999992370605469
      vertex 24.832799911499023 3.701374053955078 0.2999992370605469
    endloop
  endfacet
  facet normal -0.6962697807470949 0.717780183913148 0
    outer loop
      vertex 24.64055633544922 3.5148916244506836 0.2999992370605469
      vertex 24.832799911499023 3.701374053955078 0
      vertex 24.64055633544922 3.5148916244506836 0
    endloop
  endfacet
  facet normal -0.562761266738436 0.826619475126827 0
    outer loop
      vertex 25.056915283203125 3.8539514541625977 0
      vertex 24.832799911499023 3.701374053955078 0.2999992370605469
      vertex 25.056915283203125 3.8539514541625977 0.2999992370605469
    endloop
  endfacet
  facet normal -0.562761266738436 0.826619475126827 0
    outer loop
      vertex 24.832799911499023 3.701374053955078 0.2999992370605469
      vertex 25.056915283203125 3.8539514541625977 0
      vertex 24.832799911499023 3.701374053955078 0
    endloop
  endfacet
  facet normal -0.420584520204099 0.9072533611757455 0
    outer loop
      vertex 25.312904357910156 3.972622871398926 0
      vertex 25.056915283203125 3.8539514541625977 0.2999992370605469
      vertex 25.312904357910156 3.972622871398926 0.2999992370605469
    endloop
  endfacet
  facet normal -0.420584520204099 0.9072533611757455 0
    outer loop
      vertex 25.056915283203125 3.8539514541625977 0.2999992370605469
      vertex 25.312904357910156 3.972622871398926 0
      vertex 25.056915283203125 3.8539514541625977 0
    endloop
  endfacet
  facet normal -0.2824732666300498 0.9592751709699093 0
    outer loop
      vertex 25.60076332092285 4.057387351989746 0
      vertex 25.312904357910156 3.972622871398926 0.2999992370605469
      vertex 25.60076332092285 4.057387351989746 0.2999992370605469
    endloop
  endfacet
  facet normal -0.2824732666300498 0.9592751709699093 0
    outer loop
      vertex 25.312904357910156 3.972622871398926 0.2999992370605469
      vertex 25.60076332092285 4.057387351989746 0
      vertex 25.312904357910156 3.972622871398926 0
    endloop
  endfacet
  facet normal -0.15709363197585743 0.9875837133087167 0
    outer loop
      vertex 25.920495986938477 4.108246803283691 0
      vertex 25.60076332092285 4.057387351989746 0.2999992370605469
      vertex 25.920495986938477 4.108246803283691 0.2999992370605469
    endloop
  endfacet
  facet normal -0.15709363197585743 0.9875837133087167 0
    outer loop
      vertex 25.60076332092285 4.057387351989746 0.2999992370605469
      vertex 25.920495986938477 4.108246803283691 0
      vertex 25.60076332092285 4.057387351989746 0
    endloop
  endfacet
  facet normal -0.04815904803990964 0.998839679874548 0
    outer loop
      vertex 26.272098541259766 4.125199317932129 0
      vertex 25.920495986938477 4.108246803283691 0.2999992370605469
      vertex 26.272098541259766 4.125199317932129 0.2999992370605469
    endloop
  endfacet
  facet normal -0.04815904803990964 0.998839679874548 0
    outer loop
      vertex 25.920495986938477 4.108246803283691 0.2999992370605469
      vertex 26.272098541259766 4.125199317932129 0
      vertex 25.920495986938477 4.108246803283691 0
    endloop
  endfacet
  facet normal 0.02516112912450685 0.9996834086755566 0
    outer loop
      vertex 26.452571868896484 4.120656967163086 0
      vertex 26.272098541259766 4.125199317932129 0.2999992370605469
      vertex 26.452571868896484 4.120656967163086 0.2999992370605469
    endloop
  endfacet
  facet normal 0.02516112912450685 0.9996834086755566 0
    outer loop
      vertex 26.272098541259766 4.125199317932129 0.2999992370605469
      vertex 26.452571868896484 4.120656967163086 0
      vertex 26.272098541259766 4.125199317932129 0
    endloop
  endfacet
  facet normal 0.07875090477186547 0.9968943248898615 0
    outer loop
      vertex 26.625110626220703 4.107027053833008 0
      vertex 26.452571868896484 4.120656967163086 0.2999992370605469
      vertex 26.625110626220703 4.107027053833008 0.2999992370605469
    endloop
  endfacet
  facet normal 0.07875090477186547 0.9968943248898615 0
    outer loop
      vertex 26.452571868896484 4.120656967163086 0.2999992370605469
      vertex 26.625110626220703 4.107027053833008 0
      vertex 26.452571868896484 4.120656967163086 0
    endloop
  endfacet
  facet normal 0.13669837933240453 0.9906127159934371 0
    outer loop
      vertex 26.789716720581055 4.084312438964844 0
      vertex 26.625110626220703 4.107027053833008 0.2999992370605469
      vertex 26.789716720581055 4.084312438964844 0.2999992370605469
    endloop
  endfacet
  facet normal 0.13669837933240453 0.9906127159934371 0
    outer loop
      vertex 26.625110626220703 4.107027053833008 0.2999992370605469
      vertex 26.789716720581055 4.084312438964844 0
      vertex 26.625110626220703 4.107027053833008 0
    endloop
  endfacet
  facet normal 0.19892367807141992 0.9800149847336714 0
    outer loop
      vertex 26.946388244628906 4.052511215209961 0
      vertex 26.789716720581055 4.084312438964844 0.2999992370605469
      vertex 26.946388244628906 4.052511215209961 0.2999992370605469
    endloop
  endfacet
  facet normal 0.19892367807141992 0.9800149847336714 0
    outer loop
      vertex 26.789716720581055 4.084312438964844 0.2999992370605469
      vertex 26.946388244628906 4.052511215209961 0
      vertex 26.789716720581055 4.084312438964844 0
    endloop
  endfacet
  facet normal 0.26506451591736346 0.9642306790397688 0
    outer loop
      vertex 27.095123291015625 4.011624336242676 0
      vertex 26.946388244628906 4.052511215209961 0.2999992370605469
      vertex 27.095123291015625 4.011624336242676 0.2999992370605469
    endloop
  endfacet
  facet normal 0.26506451591736346 0.9642306790397688 0
    outer loop
      vertex 26.946388244628906 4.052511215209961 0.2999992370605469
      vertex 27.095123291015625 4.011624336242676 0
      vertex 26.946388244628906 4.052511215209961 0
    endloop
  endfacet
  facet normal 0.3344676334285139 0.942407237975563 0
    outer loop
      vertex 27.23592758178711 3.9616518020629883 0
      vertex 27.095123291015625 4.011624336242676 0.2999992370605469
      vertex 27.23592758178711 3.9616518020629883 0.2999992370605469
    endloop
  endfacet
  facet normal 0.3344676334285139 0.942407237975563 0
    outer loop
      vertex 27.095123291015625 4.011624336242676 0.2999992370605469
      vertex 27.23592758178711 3.9616518020629883 0
      vertex 27.095123291015625 4.011624336242676 0
    endloop
  endfacet
  facet normal 0.40617254441546363 0.9137964019206184 0
    outer loop
      vertex 27.368797302246094 3.902592658996582 0
      vertex 27.23592758178711 3.9616518020629883 0.2999992370605469
      vertex 27.368797302246094 3.902592658996582 0.2999992370605469
    endloop
  endfacet
  facet normal 0.40617254441546363 0.9137964019206184 0
    outer loop
      vertex 27.23592758178711 3.9616518020629883 0.2999992370605469
      vertex 27.368797302246094 3.902592658996582 0
      vertex 27.23592758178711 3.9616518020629883 0
    endloop
  endfacet
  facet normal 0.47884320978312217 0.877900438799638 0
    outer loop
      vertex 27.493732452392578 3.8344478607177734 0
      vertex 27.368797302246094 3.902592658996582 0.2999992370605469
      vertex 27.493732452392578 3.8344478607177734 0.2999992370605469
    endloop
  endfacet
  facet normal 0.47884320978312217 0.877900438799638 0
    outer loop
      vertex 27.368797302246094 3.902592658996582 0.2999992370605469
      vertex 27.493732452392578 3.8344478607177734 0
      vertex 27.368797302246094 3.902592658996582 0
    endloop
  endfacet
  facet normal 0.5508969844817453 0.834573251721453 0
    outer loop
      vertex 27.610733032226562 3.757216453552246 0
      vertex 27.493732452392578 3.8344478607177734 0.2999992370605469
      vertex 27.610733032226562 3.757216453552246 0.2999992370605469
    endloop
  endfacet
  facet normal 0.5508969844817453 0.834573251721453 0
    outer loop
      vertex 27.493732452392578 3.8344478607177734 0.2999992370605469
      vertex 27.610733032226562 3.757216453552246 0
      vertex 27.493732452392578 3.8344478607177734 0
    endloop
  endfacet
  facet normal 0.620584217626972 0.7841398018416863 0
    outer loop
      vertex 27.719799041748047 3.6708993911743164 0
      vertex 27.610733032226562 3.757216453552246 0.2999992370605469
      vertex 27.719799041748047 3.6708993911743164 0.2999992370605469
    endloop
  endfacet
  facet normal 0.620584217626972 0.7841398018416863 0
    outer loop
      vertex 27.610733032226562 3.757216453552246 0.2999992370605469
      vertex 27.719799041748047 3.6708993911743164 0
      vertex 27.610733032226562 3.757216453552246 0
    endloop
  endfacet
  facet normal 0.690330469690392 0.7234941897603897 0
    outer loop
      vertex 27.819664001464844 3.5756120681762695 0
      vertex 27.719799041748047 3.6708993911743164 0.2999992370605469
      vertex 27.819664001464844 3.5756120681762695 0.2999992370605469
    endloop
  endfacet
  facet normal 0.690330469690392 0.7234941897603897 0
    outer loop
      vertex 27.719799041748047 3.6708993911743164 0.2999992370605469
      vertex 27.819664001464844 3.5756120681762695 0
      vertex 27.719799041748047 3.6708993911743164 0
    endloop
  endfacet
  facet normal 0.7588138154641884 0.6513076027966208 0
    outer loop
      vertex 27.909015655517578 3.4715118408203125 0.2999992370605469
      vertex 27.819664001464844 3.5756120681762695 0
      vertex 27.819664001464844 3.5756120681762695 0.2999992370605469
    endloop
  endfacet
  facet normal 0.7588138154641884 0.6513076027966208 0
    outer loop
      vertex 27.819664001464844 3.5756120681762695 0
      vertex 27.909015655517578 3.4715118408203125 0.2999992370605469
      vertex 27.909015655517578 3.4715118408203125 0
    endloop
  endfacet
  facet normal 0.8199145392827881 0.5724859371833454 0
    outer loop
      vertex 27.987855911254883 3.3585968017578125 0.2999992370605469
      vertex 27.909015655517578 3.4715118408203125 0
      vertex 27.909015655517578 3.4715118408203125 0.2999992370605469
    endloop
  endfacet
  facet normal 0.8199145392827881 0.5724859371833454 0
    outer loop
      vertex 27.909015655517578 3.4715118408203125 0
      vertex 27.987855911254883 3.3585968017578125 0.2999992370605469
      vertex 27.987855911254883 3.3585968017578125 0
    endloop
  endfacet
  facet normal 0.8720207221031976 0.48946895736360835 0
    outer loop
      vertex 28.056182861328125 3.236867904663086 0.2999992370605469
      vertex 27.987855911254883 3.3585968017578125 0
      vertex 27.987855911254883 3.3585968017578125 0.2999992370605469
    endloop
  endfacet
  facet normal 0.8720207221031976 0.48946895736360835 0
    outer loop
      vertex 27.987855911254883 3.3585968017578125 0
      vertex 28.056182861328125 3.236867904663086 0.2999992370605469
      vertex 28.056182861328125 3.236867904663086 0
    endloop
  endfacet
  facet normal 0.9143407336167045 0.404945703581686 0
    outer loop
      vertex 28.113998413085938 3.1063241958618164 0.2999992370605469
      vertex 28.056182861328125 3.236867904663086 0
      vertex 28.056182861328125 3.236867904663086 0.2999992370605469
    endloop
  endfacet
  facet normal 0.9143407336167045 0.404945703581686 0
    outer loop
      vertex 28.056182861328125 3.236867904663086 0
      vertex 28.113998413085938 3.1063241958618164 0.2999992370605469
      vertex 28.113998413085938 3.1063241958618164 0
    endloop
  endfacet
  facet normal 0.9469283405257052 0.32144473538889096 0
    outer loop
      vertex 28.161304473876953 2.9669675827026367 0.2999992370605469
      vertex 28.113998413085938 3.1063241958618164 0
      vertex 28.113998413085938 3.1063241958618164 0.2999992370605469
    endloop
  endfacet
  facet normal 0.9469283405257052 0.32144473538889096 0
    outer loop
      vertex 28.113998413085938 3.1063241958618164 0
      vertex 28.161304473876953 2.9669675827026367 0.2999992370605469
      vertex 28.161304473876953 2.9669675827026367 0
    endloop
  endfacet
  facet normal 0.9705296484186019 0.24098174524321342 0
    outer loop
      vertex 28.198095321655273 2.818796157836914 0.2999992370605469
      vertex 28.161304473876953 2.9669675827026367 0
      vertex 28.161304473876953 2.9669675827026367 0.2999992370605469
    endloop
  endfacet
  facet normal 0.9705296484186019 0.24098174524321342 0
    outer loop
      vertex 28.161304473876953 2.9669675827026367 0
      vertex 28.198095321655273 2.818796157836914 0.2999992370605469
      vertex 28.198095321655273 2.818796157836914 0
    endloop
  endfacet
  facet normal 0.9862741554565814 0.16511599037769556 0
    outer loop
      vertex 28.224376678466797 2.6618118286132812 0.2999992370605469
      vertex 28.198095321655273 2.818796157836914 0
      vertex 28.198095321655273 2.818796157836914 0.2999992370605469
    endloop
  endfacet
  facet normal 0.9862741554565814 0.16511599037769556 0
    outer loop
      vertex 28.198095321655273 2.818796157836914 0
      vertex 28.224376678466797 2.6618118286132812 0.2999992370605469
      vertex 28.224376678466797 2.6618118286132812 0
    endloop
  endfacet
  facet normal 0.9955092049074469 0.0946647925289176 0
    outer loop
      vertex 28.240142822265625 2.4960126876831055 0.2999992370605469
      vertex 28.224376678466797 2.6618118286132812 0
      vertex 28.224376678466797 2.6618118286132812 0.2999992370605469
    endloop
  endfacet
  facet normal 0.9955092049074469 0.0946647925289176 0
    outer loop
      vertex 28.224376678466797 2.6618118286132812 0
      vertex 28.240142822265625 2.4960126876831055 0.2999992370605469
      vertex 28.240142822265625 2.4960126876831055 0
    endloop
  endfacet
  facet normal 0.9995471645907025 0.03009095808855486 0
    outer loop
      vertex 28.245399475097656 2.321399688720703 0.2999992370605469
      vertex 28.240142822265625 2.4960126876831055 0
      vertex 28.240142822265625 2.4960126876831055 0.2999992370605469
    endloop
  endfacet
  facet normal 0.9995471645907025 0.03009095808855486 0
    outer loop
      vertex 28.240142822265625 2.4960126876831055 0
      vertex 28.245399475097656 2.321399688720703 0.2999992370605469
      vertex 28.245399475097656 2.321399688720703 0
    endloop
  endfacet
  facet normal 0.9992271468714649 -0.03930787395818124 0
    outer loop
      vertex 28.239398956298828 2.168863296508789 0.2999992370605469
      vertex 28.245399475097656 2.321399688720703 0
      vertex 28.245399475097656 2.321399688720703 0.2999992370605469
    endloop
  endfacet
  facet normal 0.9992271468714649 -0.03930787395818124 0
    outer loop
      vertex 28.245399475097656 2.321399688720703 0
      vertex 28.239398956298828 2.168863296508789 0.2999992370605469
      vertex 28.239398956298828 2.168863296508789 0
    endloop
  endfacet
  facet normal 0.992450908793882 -0.12264254414434526 0
    outer loop
      vertex 28.22139549255371 2.0231752395629883 0.2999992370605469
      vertex 28.239398956298828 2.168863296508789 0
      vertex 28.239398956298828 2.168863296508789 0.2999992370605469
    endloop
  endfacet
  facet normal 0.992450908793882 -0.12264254414434526 0
    outer loop
      vertex 28.239398956298828 2.168863296508789 0
      vertex 28.22139549255371 2.0231752395629883 0.2999992370605469
      vertex 28.22139549255371 2.0231752395629883 0
    endloop
  endfacet
  facet normal 0.9774358246828397 -0.21123259366531694 0
    outer loop
      vertex 28.191390991210938 1.8843355178833008 0.2999992370605469
      vertex 28.22139549255371 2.0231752395629883 0
      vertex 28.22139549255371 2.0231752395629883 0.2999992370605469
    endloop
  endfacet
  facet normal 0.9774358246828397 -0.21123259366531694 0
    outer loop
      vertex 28.22139549255371 2.0231752395629883 0
      vertex 28.191390991210938 1.8843355178833008 0.2999992370605469
      vertex 28.191390991210938 1.8843355178833008 0
    endloop
  endfacet
  facet normal 0.952905161700809 -0.303268450063562 0
    outer loop
      vertex 28.149383544921875 1.7523431777954102 0.2999992370605469
      vertex 28.191390991210938 1.8843355178833008 0
      vertex 28.191390991210938 1.8843355178833008 0.2999992370605469
    endloop
  endfacet
  facet normal 0.952905161700809 -0.303268450063562 0
    outer loop
      vertex 28.191390991210938 1.8843355178833008 0
      vertex 28.149383544921875 1.7523431777954102 0.2999992370605469
      vertex 28.149383544921875 1.7523431777954102 0
    endloop
  endfacet
  facet normal 0.9181450374914516 -0.3962444827752443 0
    outer loop
      vertex 28.095375061035156 1.6271991729736328 0.2999992370605469
      vertex 28.149383544921875 1.7523431777954102 0
      vertex 28.149383544921875 1.7523431777954102 0.2999992370605469
    endloop
  endfacet
  facet normal 0.9181450374914516 -0.3962444827752443 0
    outer loop
      vertex 28.149383544921875 1.7523431777954102 0
      vertex 28.095375061035156 1.6271991729736328 0.2999992370605469
      vertex 28.095375061035156 1.6271991729736328 0
    endloop
  endfacet
  facet normal 0.8732418711896068 -0.48728701439836675 0
    outer loop
      vertex 28.02936363220215 1.5089035034179688 0.2999992370605469
      vertex 28.095375061035156 1.6271991729736328 0
      vertex 28.095375061035156 1.6271991729736328 0.2999992370605469
    endloop
  endfacet
  facet normal 0.8732418711896068 -0.48728701439836675 0
    outer loop
      vertex 28.095375061035156 1.6271991729736328 0
      vertex 28.02936363220215 1.5089035034179688 0.2999992370605469
      vertex 28.02936363220215 1.5089035034179688 0
    endloop
  endfacet
  facet normal 0.8192365312874454 -0.5734557574949566 0
    outer loop
      vertex 27.951351165771484 1.3974552154541016 0.2999992370605469
      vertex 28.02936363220215 1.5089035034179688 0
      vertex 28.02936363220215 1.5089035034179688 0.2999992370605469
    endloop
  endfacet
  facet normal 0.8192365312874454 -0.5734557574949566 0
    outer loop
      vertex 28.02936363220215 1.5089035034179688 0
      vertex 27.951351165771484 1.3974552154541016 0.2999992370605469
      vertex 27.951351165771484 1.3974552154541016 0
    endloop
  endfacet
  facet normal 0.7579721764102734 -0.652286884574474 0
    outer loop
      vertex 27.86133575439453 1.2928552627563477 0.2999992370605469
      vertex 27.951351165771484 1.3974552154541016 0
      vertex 27.951351165771484 1.3974552154541016 0.2999992370605469
    endloop
  endfacet
  facet normal 0.7579721764102734 -0.652286884574474 0
    outer loop
      vertex 27.951351165771484 1.3974552154541016 0
      vertex 27.86133575439453 1.2928552627563477 0.2999992370605469
      vertex 27.86133575439453 1.2928552627563477 0
    endloop
  endfacet
  facet normal 0.6918531712193394 -0.7220382188456115 0
    outer loop
      vertex 27.759319305419922 1.195103645324707 0
      vertex 27.86133575439453 1.2928552627563477 0.2999992370605469
      vertex 27.759319305419922 1.195103645324707 0.2999992370605469
    endloop
  endfacet
  facet normal 0.6918531712193394 -0.7220382188456115 0
    outer loop
      vertex 27.86133575439453 1.2928552627563477 0.2999992370605469
      vertex 27.759319305419922 1.195103645324707 0
      vertex 27.86133575439453 1.2928552627563477 0
    endloop
  endfacet
  facet normal 0.6233925606812932 -0.781909019827256 0
    outer loop
      vertex 27.645299911499023 1.1041994094848633 0
      vertex 27.759319305419922 1.195103645324707 0.2999992370605469
      vertex 27.645299911499023 1.1041994094848633 0.2999992370605469
    endloop
  endfacet
  facet normal 0.6233925606812932 -0.781909019827256 0
    outer loop
      vertex 27.759319305419922 1.195103645324707 0.2999992370605469
      vertex 27.645299911499023 1.1041994094848633 0
      vertex 27.759319305419922 1.195103645324707 0
    endloop
  endfacet
  facet normal 0.5525926480427473 -0.8334514774893043 0
    outer loop
      vertex 27.519954681396484 1.0210933685302734 0
      vertex 27.645299911499023 1.1041994094848633 0.2999992370605469
      vertex 27.519954681396484 1.0210933685302734 0.2999992370605469
    endloop
  endfacet
  facet normal 0.5525926480427473 -0.8334514774893043 0
    outer loop
      vertex 27.645299911499023 1.1041994094848633 0.2999992370605469
      vertex 27.519954681396484 1.0210933685302734 0
      vertex 27.645299911499023 1.1041994094848633 0
    endloop
  endfacet
  facet normal 0.47975461470754205 -0.8774027066671369 0
    outer loop
      vertex 27.38396453857422 0.9467353820800781 0
      vertex 27.519954681396484 1.0210933685302734 0.2999992370605469
      vertex 27.38396453857422 0.9467353820800781 0.2999992370605469
    endloop
  endfacet
  facet normal 0.47975461470754205 -0.8774027066671369 0
    outer loop
      vertex 27.519954681396484 1.0210933685302734 0.2999992370605469
      vertex 27.38396453857422 0.9467353820800781 0
      vertex 27.519954681396484 1.0210933685302734 0
    endloop
  endfacet
  facet normal 0.4084048499493285 -0.9128008975334471 0
    outer loop
      vertex 27.237323760986328 0.8811254501342773 0
      vertex 27.38396453857422 0.9467353820800781 0.2999992370605469
      vertex 27.237323760986328 0.8811254501342773 0.2999992370605469
    endloop
  endfacet
  facet normal 0.4084048499493285 -0.9128008975334471 0
    outer loop
      vertex 27.38396453857422 0.9467353820800781 0.2999992370605469
      vertex 27.237323760986328 0.8811254501342773 0
      vertex 27.38396453857422 0.9467353820800781 0
    endloop
  endfacet
  facet normal 0.33998072847261507 -0.9404324028165076 0
    outer loop
      vertex 27.080036163330078 0.8242635726928711 0
      vertex 27.237323760986328 0.8811254501342773 0.2999992370605469
      vertex 27.080036163330078 0.8242635726928711 0.2999992370605469
    endloop
  endfacet
  facet normal 0.33998072847261507 -0.9404324028165076 0
    outer loop
      vertex 27.237323760986328 0.8811254501342773 0.2999992370605469
      vertex 27.080036163330078 0.8242635726928711 0
      vertex 27.237323760986328 0.8811254501342773 0
    endloop
  endfacet
  facet normal 0.27541972394376363 -0.9613240742136551 0
    outer loop
      vertex 26.912099838256836 0.7761497497558594 0
      vertex 27.080036163330078 0.8242635726928711 0.2999992370605469
      vertex 26.912099838256836 0.7761497497558594 0.2999992370605469
    endloop
  endfacet
  facet normal 0.27541972394376363 -0.9613240742136551 0
    outer loop
      vertex 27.080036163330078 0.8242635726928711 0.2999992370605469
      vertex 26.912099838256836 0.7761497497558594 0
      vertex 27.080036163330078 0.8242635726928711 0
    endloop
  endfacet
  facet normal 0.2152658741380551 -0.9765554789317292 0
    outer loop
      vertex 26.733516693115234 0.7367839813232422 0
      vertex 26.912099838256836 0.7761497497558594 0.2999992370605469
      vertex 26.733516693115234 0.7367839813232422 0.2999992370605469
    endloop
  endfacet
  facet normal 0.2152658741380551 -0.9765554789317292 0
    outer loop
      vertex 26.912099838256836 0.7761497497558594 0.2999992370605469
      vertex 26.733516693115234 0.7367839813232422 0
      vertex 26.912099838256836 0.7761497497558594 0
    endloop
  endfacet
  facet normal 0.15972762893688408 -0.9871611239074406 0
    outer loop
      vertex 26.54428482055664 0.7061653137207031 0
      vertex 26.733516693115234 0.7367839813232422 0.2999992370605469
      vertex 26.54428482055664 0.7061653137207031 0.2999992370605469
    endloop
  endfacet
  facet normal 0.15972762893688408 -0.9871611239074406 0
    outer loop
      vertex 26.733516693115234 0.7367839813232422 0.2999992370605469
      vertex 26.54428482055664 0.7061653137207031 0
      vertex 26.733516693115234 0.7367839813232422 0
    endloop
  endfacet
  facet normal 0.10876349978045631 -0.9940676541943746 0
    outer loop
      vertex 26.344402313232422 0.684295654296875 0
      vertex 26.54428482055664 0.7061653137207031 0.2999992370605469
      vertex 26.344402313232422 0.684295654296875 0.2999992370605469
    endloop
  endfacet
  facet normal 0.10876349978045631 -0.9940676541943746 0
    outer loop
      vertex 26.54428482055664 0.7061653137207031 0.2999992370605469
      vertex 26.344402313232422 0.684295654296875 0
      vertex 26.54428482055664 0.7061653137207031 0
    endloop
  endfacet
  facet normal 0.06221165195866155 -0.998062979155411 0
    outer loop
      vertex 26.13387680053711 0.671173095703125 0
      vertex 26.344402313232422 0.684295654296875 0.2999992370605469
      vertex 26.13387680053711 0.671173095703125 0.2999992370605469
    endloop
  endfacet
  facet normal 0.06221165195866155 -0.998062979155411 0
    outer loop
      vertex 26.344402313232422 0.684295654296875 0.2999992370605469
      vertex 26.13387680053711 0.671173095703125 0
      vertex 26.344402313232422 0.684295654296875 0
    endloop
  endfacet
  facet normal 0.019770195192348114 -0.9998045505907924 0
    outer loop
      vertex 25.912700653076172 0.6667995452880859 0
      vertex 26.13387680053711 0.671173095703125 0.2999992370605469
      vertex 25.912700653076172 0.6667995452880859 0.2999992370605469
    endloop
  endfacet
  facet normal 0.019770195192348114 -0.9998045505907924 0
    outer loop
      vertex 26.13387680053711 0.671173095703125 0.2999992370605469
      vertex 25.912700653076172 0.6667995452880859 0
      vertex 26.13387680053711 0.671173095703125 0
    endloop
  endfacet
  facet normal 0 -1 0
    outer loop
      vertex 25.22100067138672 0.6667995452880859 0
      vertex 25.912700653076172 0.6667995452880859 0.2999992370605469
      vertex 25.22100067138672 0.6667995452880859 0.2999992370605469
    endloop
  endfacet
  facet normal 0 -1 0
    outer loop
      vertex 25.912700653076172 0.6667995452880859 0.2999992370605469
      vertex 25.22100067138672 0.6667995452880859 0
      vertex 25.912700653076172 0.6667995452880859 0
    endloop
  endfacet
  facet normal 1 0 0
    outer loop
      vertex 25.22100067138672 -0.3910999298095703 0.2999992370605469
      vertex 25.22100067138672 0.6667995452880859 0
      vertex 25.22100067138672 0.6667995452880859 0.2999992370605469
    endloop
  endfacet
  facet normal 1 0 0
    outer loop
      vertex 25.22100067138672 0.6667995452880859 0
      vertex 25.22100067138672 -0.3910999298095703 0.2999992370605469
      vertex 25.22100067138672 -0.3910999298095703 0
    endloop
  endfacet
  facet normal 0 1 0
    outer loop
      vertex 25.88559913635254 -0.3910999298095703 0
      vertex 25.22100067138672 -0.3910999298095703 0.2999992370605469
      vertex 25.88559913635254 -0.3910999298095703 0.2999992370605469
    endloop
  endfacet
  facet normal 0 1 0
    outer loop
      vertex 25.22100067138672 -0.3910999298095703 0.2999992370605469
      vertex 25.88559913635254 -0.3910999298095703 0
      vertex 25.22100067138672 -0.3910999298095703 0
    endloop
  endfacet
  facet normal 0.02228451728601067 0.9997516693105991 0
    outer loop
      vertex 26.081809997558594 -0.3954734802246094 0
      vertex 25.88559913635254 -0.3910999298095703 0.2999992370605469
      vertex 26.081809997558594 -0.3954734802246094 0.2999992370605469
    endloop
  endfacet
  facet normal 0.02228451728601067 0.9997516693105991 0
    outer loop
      vertex 25.88559913635254 -0.3910999298095703 0.2999992370605469
      vertex 26.081809997558594 -0.3954734802246094 0
      vertex 25.88559913635254 -0.3910999298095703 0
    endloop
  endfacet
  facet normal 0.06992653400826601 0.9975521439211039 0
    outer loop
      vertex 26.268999099731445 -0.40859508514404297 0
      vertex 26.081809997558594 -0.3954734802246094 0.2999992370605469
      vertex 26.268999099731445 -0.40859508514404297 0.2999992370605469
    endloop
  endfacet
  facet normal 0.06992653400826601 0.9975521439211039 0
    outer loop
      vertex 26.081809997558594 -0.3954734802246094 0.2999992370605469
      vertex 26.268999099731445 -0.40859508514404297 0
      vertex 26.081809997558594 -0.3954734802246094 0
    endloop
  endfacet
  facet normal 0.12183611725059462 0.9925502307356032 0
    outer loop
      vertex 26.44717025756836 -0.4304656982421875 0
      vertex 26.268999099731445 -0.40859508514404297 0.2999992370605469
      vertex 26.44717025756836 -0.4304656982421875 0.2999992370605469
    endloop
  endfacet
  facet normal 0.12183611725059462 0.9925502307356032 0
    outer loop
      vertex 26.268999099731445 -0.40859508514404297 0.2999992370605469
      vertex 26.44717025756836 -0.4304656982421875 0
      vertex 26.268999099731445 -0.40859508514404297 0
    endloop
  endfacet
  facet normal 0.17811546746151838 0.9840095935766912 0
    outer loop
      vertex 26.61631965637207 -0.46108341217041016 0
      vertex 26.44717025756836 -0.4304656982421875 0.2999992370605469
      vertex 26.61631965637207 -0.46108341217041016 0.2999992370605469
    endloop
  endfacet
  facet normal 0.17811546746151838 0.9840095935766912 0
    outer loop
      vertex 26.44717025756836 -0.4304656982421875 0.2999992370605469
      vertex 26.61631965637207 -0.46108341217041016 0
      vertex 26.44717025756836 -0.4304656982421875 0
    endloop
  endfacet
  facet normal 0.23872893506121437 0.9710862451731765 0
    outer loop
      vertex 26.77644920349121 -0.5004491806030273 0
      vertex 26.61631965637207 -0.46108341217041016 0.2999992370605469
      vertex 26.77644920349121 -0.5004491806030273 0.2999992370605469
    endloop
  endfacet
  facet normal 0.23872893506121437 0.9710862451731765 0
    outer loop
      vertex 26.61631965637207 -0.46108341217041016 0.2999992370605469
      vertex 26.77644920349121 -0.5004491806030273 0
      vertex 26.61631965637207 -0.46108341217041016 0
    endloop
  endfacet
  facet normal 0.30340073608513896 0.9528630506756971 0
    outer loop
      vertex 26.92755889892578 -0.5485639572143555 0
      vertex 26.77644920349121 -0.5004491806030273 0.2999992370605469
      vertex 26.92755889892578 -0.5485639572143555 0.2999992370605469
    endloop
  endfacet
  facet normal 0.30340073608513896 0.9528630506756971 0
    outer loop
      vertex 26.77644920349121 -0.5004491806030273 0.2999992370605469
      vertex 26.92755889892578 -0.5485639572143555 0
      vertex 26.77644920349121 -0.5004491806030273 0
    endloop
  endfacet
  facet normal 0.37153678568669257 0.9284182338157738 0
    outer loop
      vertex 27.06964874267578 -0.6054258346557617 0
      vertex 26.92755889892578 -0.5485639572143555 0.2999992370605469
      vertex 27.06964874267578 -0.6054258346557617 0.2999992370605469
    endloop
  endfacet
  facet normal 0.37153678568669257 0.9284182338157738 0
    outer loop
      vertex 26.92755889892578 -0.5485639572143555 0.2999992370605469
      vertex 27.06964874267578 -0.6054258346557617 0
      vertex 26.92755889892578 -0.5485639572143555 0
    endloop
  endfacet
  facet normal 0.44221351018503635 0.8969098123054673 0
    outer loop
      vertex 27.202720642089844 -0.6710357666015625 0
      vertex 27.06964874267578 -0.6054258346557617 0.2999992370605469
      vertex 27.202720642089844 -0.6710357666015625 0.2999992370605469
    endloop
  endfacet
  facet normal 0.44221351018503635 0.8969098123054673 0
    outer loop
      vertex 27.06964874267578 -0.6054258346557617 0.2999992370605469
      vertex 27.202720642089844 -0.6710357666015625 0
      vertex 27.06964874267578 -0.6054258346557617 0
    endloop
  endfacet
  facet normal 0.5141291631755106 0.8577127745186318 0
    outer loop
      vertex 27.326770782470703 -0.7453937530517578 0
      vertex 27.202720642089844 -0.6710357666015625 0.2999992370605469
      vertex 27.326770782470703 -0.7453937530517578 0.2999992370605469
    endloop
  endfacet
  facet normal 0.5141291631755106 0.8577127745186318 0
    outer loop
      vertex 27.202720642089844 -0.6710357666015625 0.2999992370605469
      vertex 27.326770782470703 -0.7453937530517578 0
      vertex 27.202720642089844 -0.6710357666015625 0
    endloop
  endfacet
  facet normal 0.5856294229156512 0.810578915970235 0
    outer loop
      vertex 27.44179916381836 -0.8284997940063477 0
      vertex 27.326770782470703 -0.7453937530517578 0.2999992370605469
      vertex 27.44179916381836 -0.8284997940063477 0.2999992370605469
    endloop
  endfacet
  facet normal 0.5856294229156512 0.810578915970235 0
    outer loop
      vertex 27.326770782470703 -0.7453937530517578 0.2999992370605469
      vertex 27.44179916381836 -0.8284997940063477 0
      vertex 27.326770782470703 -0.7453937530517578 0
    endloop
  endfacet
  facet normal 0.654208004023441 0.7563146749017007 0
    outer loop
      vertex 27.546812057495117 -0.9193353652954102 0
      vertex 27.44179916381836 -0.8284997940063477 0.2999992370605469
      vertex 27.546812057495117 -0.9193353652954102 0.2999992370605469
    endloop
  endfacet
  facet normal 0.654208004023441 0.7563146749017007 0
    outer loop
      vertex 27.44179916381836 -0.8284997940063477 0.2999992370605469
      vertex 27.546812057495117 -0.9193353652954102 0
      vertex 27.44179916381836 -0.8284997940063477 0
    endloop
  endfacet
  facet normal 0.7202308209142195 0.6937345058487644 0
    outer loop
      vertex 27.640771865844727 -1.0168838500976562 0.2999992370605469
      vertex 27.546812057495117 -0.9193353652954102 0
      vertex 27.546812057495117 -0.9193353652954102 0.2999992370605469
    endloop
  endfacet
  facet normal 0.7202308209142195 0.6937345058487644 0
    outer loop
      vertex 27.546812057495117 -0.9193353652954102 0
      vertex 27.640771865844727 -1.0168838500976562 0.2999992370605469
      vertex 27.640771865844727 -1.0168838500976562 0
    endloop
  endfacet
  facet normal 0.7827066349806987 0.6223908125584693 0
    outer loop
      vertex 27.723676681518555 -1.1211433410644531 0.2999992370605469
      vertex 27.640771865844727 -1.0168838500976562 0
      vertex 27.640771865844727 -1.0168838500976562 0.2999992370605469
    endloop
  endfacet
  facet normal 0.7827066349806987 0.6223908125584693 0
    outer loop
      vertex 27.640771865844727 -1.0168838500976562 0
      vertex 27.723676681518555 -1.1211433410644531 0.2999992370605469
      vertex 27.723676681518555 -1.1211433410644531 0
    endloop
  endfacet
  facet normal 0.8394112256475178 0.5434968208342453 0
    outer loop
      vertex 27.795528411865234 -1.2321157455444336 0.2999992370605469
      vertex 27.723676681518555 -1.1211433410644531 0
      vertex 27.723676681518555 -1.1211433410644531 0.2999992370605469
    endloop
  endfacet
  facet normal 0.8394112256475178 0.5434968208342453 0
    outer loop
      vertex 27.723676681518555 -1.1211433410644531 0
      vertex 27.795528411865234 -1.2321157455444336 0.2999992370605469
      vertex 27.795528411865234 -1.2321157455444336 0
    endloop
  endfacet
  facet normal 0.8884513517228626 0.4589708004021803 0
    outer loop
      vertex 27.8563232421875 -1.3497991561889648 0.2999992370605469
      vertex 27.795528411865234 -1.2321157455444336 0
      vertex 27.795528411865234 -1.2321157455444336 0.2999992370605469
    endloop
  endfacet
  facet normal 0.8884513517228626 0.4589708004021803 0
    outer loop
      vertex 27.795528411865234 -1.2321157455444336 0
      vertex 27.8563232421875 -1.3497991561889648 0.2999992370605469
      vertex 27.8563232421875 -1.3497991561889648 0
    endloop
  endfacet
  facet normal 0.9285149779504618 0.3712949443793351 0
    outer loop
      vertex 27.90606689453125 -1.4741954803466797 0.2999992370605469
      vertex 27.8563232421875 -1.3497991561889648 0
      vertex 27.8563232421875 -1.3497991561889648 0.2999992370605469
    endloop
  endfacet
  facet normal 0.9285149779504618 0.3712949443793351 0
    outer loop
      vertex 27.8563232421875 -1.3497991561889648 0
      vertex 27.90606689453125 -1.4741954803466797 0.2999992370605469
      vertex 27.90606689453125 -1.4741954803466797 0
    endloop
  endfacet
  facet normal 0.9591128297755113 0.2830239914919073 0
    outer loop
      vertex 27.94475555419922 -1.6053037643432617 0.2999992370605469
      vertex 27.90606689453125 -1.4741954803466797 0
      vertex 27.90606689453125 -1.4741954803466797 0.2999992370605469
    endloop
  endfacet
  facet normal 0.9591128297755113 0.2830239914919073 0
    outer loop
      vertex 27.90606689453125 -1.4741954803466797 0
      vertex 27.94475555419922 -1.6053037643432617 0.2999992370605469
      vertex 27.94475555419922 -1.6053037643432617 0
    endloop
  endfacet
  facet normal 0.980482435940983 0.1966066957436498 0
    outer loop
      vertex 27.97239112854004 -1.7431230545043945 0.2999992370605469
      vertex 27.94475555419922 -1.6053037643432617 0
      vertex 27.94475555419922 -1.6053037643432617 0.2999992370605469
    endloop
  endfacet
  facet normal 0.980482435940983 0.1966066957436498 0
    outer loop
      vertex 27.94475555419922 -1.6053037643432617 0
      vertex 27.97239112854004 -1.7431230545043945 0.2999992370605469
      vertex 27.97239112854004 -1.7431230545043945 0
    endloop
  endfacet
  facet normal 0.993484026747141 0.11397143764244715 0
    outer loop
      vertex 27.988971710205078 -1.887655258178711 0.2999992370605469
      vertex 27.97239112854004 -1.7431230545043945 0
      vertex 27.97239112854004 -1.7431230545043945 0.2999992370605469
    endloop
  endfacet
  facet normal 0.993484026747141 0.11397143764244715 0
    outer loop
      vertex 27.97239112854004 -1.7431230545043945 0
      vertex 27.988971710205078 -1.887655258178711 0.2999992370605469
      vertex 27.988971710205078 -1.887655258178711 0
    endloop
  endfacet
  facet normal 0.999332832483692 0.03652245775028519 0
    outer loop
      vertex 27.99449920654297 -2.0388994216918945 0.2999992370605469
      vertex 27.988971710205078 -1.887655258178711 0
      vertex 27.988971710205078 -1.887655258178711 0.2999992370605469
    endloop
  endfacet
  facet normal 0.999332832483692 0.03652245775028519 0
    outer loop
      vertex 27.988971710205078 -1.887655258178711 0
      vertex 27.99449920654297 -2.0388994216918945 0.2999992370605469
      vertex 27.99449920654297 -2.0388994216918945 0
    endloop
  endfacet
  facet normal 0.9995487425634139 -0.03003849596598054 0
    outer loop
      vertex 27.989990234375 -2.1889381408691406 0.2999992370605469
      vertex 27.99449920654297 -2.0388994216918945 0
      vertex 27.99449920654297 -2.0388994216918945 0.2999992370605469
    endloop
  endfacet
  facet normal 0.9995487425634139 -0.03003849596598054 0
    outer loop
      vertex 27.99449920654297 -2.0388994216918945 0
      vertex 27.989990234375 -2.1889381408691406 0.2999992370605469
      vertex 27.989990234375 -2.1889381408691406 0
    endloop
  endfacet
  facet normal 0.9955900071011113 -0.0938111814252925 0
    outer loop
      vertex 27.976459503173828 -2.332535743713379 0.2999992370605469
      vertex 27.989990234375 -2.1889381408691406 0
      vertex 27.989990234375 -2.1889381408691406 0.2999992370605469
    endloop
  endfacet
  facet normal 0.9955900071011113 -0.0938111814252925 0
    outer loop
      vertex 27.989990234375 -2.1889381408691406 0
      vertex 27.976459503173828 -2.332535743713379 0.2999992370605469
      vertex 27.976459503173828 -2.332535743713379 0
    endloop
  endfacet
  facet normal 0.9867536892106582 -0.1622256355486264 0
    outer loop
      vertex 27.95391082763672 -2.4696903228759766 0.2999992370605469
      vertex 27.976459503173828 -2.332535743713379 0
      vertex 27.976459503173828 -2.332535743713379 0.2999992370605469
    endloop
  endfacet
  facet normal 0.9867536892106582 -0.1622256355486264 0
    outer loop
      vertex 27.976459503173828 -2.332535743713379 0
      vertex 27.95391082763672 -2.4696903228759766 0.2999992370605469
      vertex 27.95391082763672 -2.4696903228759766 0
    endloop
  endfacet
  facet normal 0.9720501261431456 -0.2347734062135127 0
    outer loop
      vertex 27.922340393066406 -2.6004037857055664 0.2999992370605469
      vertex 27.95391082763672 -2.4696903228759766 0
      vertex 27.95391082763672 -2.4696903228759766 0.2999992370605469
    endloop
  endfacet
  facet normal 0.9720501261431456 -0.2347734062135127 0
    outer loop
      vertex 27.95391082763672 -2.4696903228759766 0
      vertex 27.922340393066406 -2.6004037857055664 0.2999992370605469
      vertex 27.922340393066406 -2.6004037857055664 0
    endloop
  endfacet
  facet normal 0.9505736472613547 -0.3104991805661423 0
    outer loop
      vertex 27.88174819946289 -2.7246742248535156 0.2999992370605469
      vertex 27.922340393066406 -2.6004037857055664 0
      vertex 27.922340393066406 -2.6004037857055664 0.2999992370605469
    endloop
  endfacet
  facet normal 0.9505736472613547 -0.3104991805661423 0
    outer loop
      vertex 27.922340393066406 -2.6004037857055664 0
      vertex 27.88174819946289 -2.7246742248535156 0.2999992370605469
      vertex 27.88174819946289 -2.7246742248535156 0
    endloop
  endfacet
  facet normal 0.9216468887310679 -0.38802965414043117 0
    outer loop
      vertex 27.83213996887207 -2.842503547668457 0.2999992370605469
      vertex 27.88174819946289 -2.7246742248535156 0
      vertex 27.88174819946289 -2.7246742248535156 0.2999992370605469
    endloop
  endfacet
  facet normal 0.9216468887310679 -0.38802965414043117 0
    outer loop
      vertex 27.88174819946289 -2.7246742248535156 0
      vertex 27.83213996887207 -2.842503547668457 0.2999992370605469
      vertex 27.83213996887207 -2.842503547668457 0
    endloop
  endfacet
  facet normal 0.8849014585383754 -0.465778282744758 0
    outer loop
      vertex 27.773509979248047 -2.953890800476074 0.2999992370605469
      vertex 27.83213996887207 -2.842503547668457 0
      vertex 27.83213996887207 -2.842503547668457 0.2999992370605469
    endloop
  endfacet
  facet normal 0.8849014585383754 -0.465778282744758 0
    outer loop
      vertex 27.83213996887207 -2.842503547668457 0
      vertex 27.773509979248047 -2.953890800476074 0.2999992370605469
      vertex 27.773509979248047 -2.953890800476074 0
    endloop
  endfacet
  facet normal 0.840503558188289 -0.5418060249506509 0
    outer loop
      vertex 27.705860137939453 -3.058835983276367 0.2999992370605469
      vertex 27.773509979248047 -2.953890800476074 0
      vertex 27.773509979248047 -2.953890800476074 0.2999992370605469
    endloop
  endfacet
  facet normal 0.840503558188289 -0.5418060249506509 0
    outer loop
      vertex 27.773509979248047 -2.953890800476074 0
      vertex 27.705860137939453 -3.058835983276367 0.2999992370605469
      vertex 27.705860137939453 -3.058835983276367 0
    endloop
  endfacet
  facet normal 0.7891238410993329 -0.6142341275186806 0
    outer loop
      vertex 27.629188537597656 -3.1573381423950195 0.2999992370605469
      vertex 27.705860137939453 -3.058835983276367 0
      vertex 27.705860137939453 -3.058835983276367 0.2999992370605469
    endloop
  endfacet
  facet normal 0.7891238410993329 -0.6142341275186806 0
    outer loop
      vertex 27.705860137939453 -3.058835983276367 0
      vertex 27.629188537597656 -3.1573381423950195 0.2999992370605469
      vertex 27.629188537597656 -3.1573381423950195 0
    endloop
  endfacet
  facet normal 0.7319830337854735 -0.6813228590398347 0
    outer loop
      vertex 27.543498992919922 -3.249399185180664 0.2999992370605469
      vertex 27.629188537597656 -3.1573381423950195 0
      vertex 27.629188537597656 -3.1573381423950195 0.2999992370605469
    endloop
  endfacet
  facet normal 0.7319830337854735 -0.6813228590398347 0
    outer loop
      vertex 27.629188537597656 -3.1573381423950195 0
      vertex 27.543498992919922 -3.249399185180664 0.2999992370605469
      vertex 27.543498992919922 -3.249399185180664 0
    endloop
  endfacet
  facet normal 0.6659101942372118 -0.746031911657242 0
    outer loop
      vertex 27.448945999145508 -3.3337974548339844 0
      vertex 27.543498992919922 -3.249399185180664 0.2999992370605469
      vertex 27.448945999145508 -3.3337974548339844 0.2999992370605469
    endloop
  endfacet
  facet normal 0.6659101942372118 -0.746031911657242 0
    outer loop
      vertex 27.543498992919922 -3.249399185180664 0.2999992370605469
      vertex 27.448945999145508 -3.3337974548339844 0
      vertex 27.543498992919922 -3.249399185180664 0
    endloop
  endfacet
  facet normal 0.5901384169347107 -0.8073020803006726 0
    outer loop
      vertex 27.345643997192383 -3.409311294555664 0
      vertex 27.448945999145508 -3.3337974548339844 0.2999992370605469
      vertex 27.345643997192383 -3.409311294555664 0.2999992370605469
    endloop
  endfacet
  facet normal 0.5901384169347107 -0.8073020803006726 0
    outer loop
      vertex 27.448945999145508 -3.3337974548339844 0.2999992370605469
      vertex 27.345643997192383 -3.409311294555664 0
      vertex 27.448945999145508 -3.3337974548339844 0
    endloop
  endfacet
  facet normal 0.5111062136266322 -0.8595175614216659 0
    outer loop
      vertex 27.233592987060547 -3.4759416580200195 0
      vertex 27.345643997192383 -3.409311294555664 0.2999992370605469
      vertex 27.233592987060547 -3.4759416580200195 0.2999992370605469
    endloop
  endfacet
  facet normal 0.5111062136266322 -0.8595175614216659 0
    outer loop
      vertex 27.345643997192383 -3.409311294555664 0.2999992370605469
      vertex 27.233592987060547 -3.4759416580200195 0
      vertex 27.345643997192383 -3.409311294555664 0
    endloop
  endfacet
  facet normal 0.4312964535150309 -0.9022102688316935 0
    outer loop
      vertex 27.112796783447266 -3.5336875915527344 0
      vertex 27.233592987060547 -3.4759416580200195 0.2999992370605469
      vertex 27.112796783447266 -3.5336875915527344 0.2999992370605469
    endloop
  endfacet
  facet normal 0.4312964535150309 -0.9022102688316935 0
    outer loop
      vertex 27.233592987060547 -3.4759416580200195 0.2999992370605469
      vertex 27.112796783447266 -3.5336875915527344 0
      vertex 27.233592987060547 -3.4759416580200195 0
    endloop
  endfacet
  facet normal 0.35290423815143557 -0.9356594458961844 0
    outer loop
      vertex 26.98324966430664 -3.5825490951538086 0
      vertex 27.112796783447266 -3.5336875915527344 0.2999992370605469
      vertex 26.98324966430664 -3.5825490951538086 0.2999992370605469
    endloop
  endfacet
  facet normal 0.35290423815143557 -0.9356594458961844 0
    outer loop
      vertex 27.112796783447266 -3.5336875915527344 0.2999992370605469
      vertex 26.98324966430664 -3.5825490951538086 0
      vertex 27.112796783447266 -3.5336875915527344 0
    endloop
  endfacet
  facet normal 0.2777086787810457 -0.9606653370085163 0
    outer loop
      vertex 26.844955444335938 -3.6225271224975586 0
      vertex 26.98324966430664 -3.5825490951538086 0.2999992370605469
      vertex 26.844955444335938 -3.6225271224975586 0.2999992370605469
    endloop
  endfacet
  facet normal 0.2777086787810457 -0.9606653370085163 0
    outer loop
      vertex 26.98324966430664 -3.5825490951538086 0.2999992370605469
      vertex 26.844955444335938 -3.6225271224975586 0
      vertex 26.98324966430664 -3.5825490951538086 0
    endloop
  endfacet
  facet normal 0.20689271491370045 -0.9783636361372179 0
    outer loop
      vertex 26.697914123535156 -3.6536216735839844 0
      vertex 26.844955444335938 -3.6225271224975586 0.2999992370605469
      vertex 26.697914123535156 -3.6536216735839844 0.2999992370605469
    endloop
  endfacet
  facet normal 0.20689271491370045 -0.9783636361372179 0
    outer loop
      vertex 26.844955444335938 -3.6225271224975586 0.2999992370605469
      vertex 26.697914123535156 -3.6536216735839844 0
      vertex 26.844955444335938 -3.6225271224975586 0
    endloop
  endfacet
  facet normal 0.14113712475892523 -0.9899900565231873 0
    outer loop
      vertex 26.542123794555664 -3.6758317947387695 0
      vertex 26.697914123535156 -3.6536216735839844 0.2999992370605469
      vertex 26.542123794555664 -3.6758317947387695 0.2999992370605469
    endloop
  endfacet
  facet normal 0.14113712475892523 -0.9899900565231873 0
    outer loop
      vertex 26.697914123535156 -3.6536216735839844 0.2999992370605469
      vertex 26.542123794555664 -3.6758317947387695 0
      vertex 26.697914123535156 -3.6536216735839844 0
    endloop
  endfacet
  facet normal 0.08072450265619217 -0.9967364519625589 0
    outer loop
      vertex 26.377586364746094 -3.689157485961914 0
      vertex 26.542123794555664 -3.6758317947387695 0.2999992370605469
      vertex 26.377586364746094 -3.689157485961914 0.2999992370605469
    endloop
  endfacet
  facet normal 0.08072450265619217 -0.9967364519625589 0
    outer loop
      vertex 26.542123794555664 -3.6758317947387695 0.2999992370605469
      vertex 26.377586364746094 -3.689157485961914 0
      vertex 26.542123794555664 -3.6758317947387695 0
    endloop
  endfacet
  facet normal 0.025626679832418772 -0.9996715827114255 0
    outer loop
      vertex 26.204299926757812 -3.6935997009277344 0
      vertex 26.377586364746094 -3.689157485961914 0.2999992370605469
      vertex 26.204299926757812 -3.6935997009277344 0.2999992370605469
    endloop
  endfacet
  facet normal 0.025626679832418772 -0.9996715827114255 0
    outer loop
      vertex 26.377586364746094 -3.689157485961914 0.2999992370605469
      vertex 26.204299926757812 -3.6935997009277344 0
      vertex 26.377586364746094 -3.689157485961914 0
    endloop
  endfacet
  facet normal -0.026122982576519047 -0.9996587366603199 0
    outer loop
      vertex 26.04598617553711 -3.689462661743164 0
      vertex 26.204299926757812 -3.6935997009277344 0.2999992370605469
      vertex 26.04598617553711 -3.689462661743164 0.2999992370605469
    endloop
  endfacet
  facet normal -0.026122982576519047 -0.9996587366603199 0
    outer loop
      vertex 26.204299926757812 -3.6935997009277344 0.2999992370605469
      vertex 26.04598617553711 -3.689462661743164 0
      vertex 26.204299926757812 -3.6935997009277344 0
    endloop
  endfacet
  facet normal -0.08130602665307625 -0.9966891842645276 0
    outer loop
      vertex 25.893844604492188 -3.677051544189453 0
      vertex 26.04598617553711 -3.689462661743164 0.2999992370605469
      vertex 25.893844604492188 -3.677051544189453 0.2999992370605469
    endloop
  endfacet
  facet normal -0.08130602665307625 -0.9966891842645276 0
    outer loop
      vertex 26.04598617553711 -3.689462661743164 0.2999992370605469
      vertex 25.893844604492188 -3.677051544189453 0
      vertex 26.04598617553711 -3.689462661743164 0
    endloop
  endfacet
  facet normal -0.14030554944443333 -0.990108253068873 0
    outer loop
      vertex 25.747873306274414 -3.6563663482666016 0
      vertex 25.893844604492188 -3.677051544189453 0.2999992370605469
      vertex 25.747873306274414 -3.6563663482666016 0.2999992370605469
    endloop
  endfacet
  facet normal -0.14030554944443333 -0.990108253068873 0
    outer loop
      vertex 25.893844604492188 -3.677051544189453 0.2999992370605469
      vertex 25.747873306274414 -3.6563663482666016 0
      vertex 25.893844604492188 -3.677051544189453 0
    endloop
  endfacet
  facet normal -0.20284283090508906 -0.9792113081201674 0
    outer loop
      vertex 25.608074188232422 -3.6274070739746094 0
      vertex 25.747873306274414 -3.6563663482666016 0.2999992370605469
      vertex 25.608074188232422 -3.6274070739746094 0.2999992370605469
    endloop
  endfacet
  facet normal -0.20284283090508906 -0.9792113081201674 0
    outer loop
      vertex 25.747873306274414 -3.6563663482666016 0.2999992370605469
      vertex 25.608074188232422 -3.6274070739746094 0
      vertex 25.747873306274414 -3.6563663482666016 0
    endloop
  endfacet
  facet normal -0.26840897879063846 -0.9633050503887989 0
    outer loop
      vertex 25.474449157714844 -3.590174674987793 0
      vertex 25.608074188232422 -3.6274070739746094 0.2999992370605469
      vertex 25.474449157714844 -3.590174674987793 0.2999992370605469
    endloop
  endfacet
  facet normal -0.26840897879063846 -0.9633050503887989 0
    outer loop
      vertex 25.608074188232422 -3.6274070739746094 0.2999992370605469
      vertex 25.474449157714844 -3.590174674987793 0
      vertex 25.608074188232422 -3.6274070739746094 0
    endloop
  endfacet
  facet normal -0.3362613996334658 -0.9417686930008571 0
    outer loop
      vertex 25.346996307373047 -3.5446672439575195 0
      vertex 25.474449157714844 -3.590174674987793 0.2999992370605469
      vertex 25.346996307373047 -3.5446672439575195 0.2999992370605469
    endloop
  endfacet
  facet normal -0.3362613996334658 -0.9417686930008571 0
    outer loop
      vertex 25.474449157714844 -3.590174674987793 0.2999992370605469
      vertex 25.346996307373047 -3.5446672439575195 0
      vertex 25.474449157714844 -3.590174674987793 0
    endloop
  endfacet
  facet normal -0.40536532765822064 -0.9141547741671228 0
    outer loop
      vertex 25.2257137298584 -3.490886688232422 0
      vertex 25.346996307373047 -3.5446672439575195 0.2999992370605469
      vertex 25.2257137298584 -3.490886688232422 0.2999992370605469
    endloop
  endfacet
  facet normal -0.40536532765822064 -0.9141547741671228 0
    outer loop
      vertex 25.346996307373047 -3.5446672439575195 0.2999992370605469
      vertex 25.2257137298584 -3.490886688232422 0
      vertex 25.346996307373047 -3.5446672439575195 0
    endloop
  endfacet
  facet normal -0.4745329090919975 -0.8802377623055523 0
    outer loop
      vertex 25.11060333251953 -3.428831100463867 0
      vertex 25.2257137298584 -3.490886688232422 0.2999992370605469
      vertex 25.11060333251953 -3.428831100463867 0.2999992370605469
    endloop
  endfacet
  facet normal -0.4745329090919975 -0.8802377623055523 0
    outer loop
      vertex 25.2257137298584 -3.490886688232422 0.2999992370605469
      vertex 25.11060333251953 -3.428831100463867 0
      vertex 25.2257137298584 -3.490886688232422 0
    endloop
  endfacet
  facet normal -0.5423772915009537 -0.8401350329941547 0
    outer loop
      vertex 25.001665115356445 -3.3585023880004883 0
      vertex 25.11060333251953 -3.428831100463867 0.2999992370605469
      vertex 25.001665115356445 -3.3585023880004883 0.2999992370605469
    endloop
  endfacet
  facet normal -0.5423772915009537 -0.8401350329941547 0
    outer loop
      vertex 25.11060333251953 -3.428831100463867 0.2999992370605469
      vertex 25.001665115356445 -3.3585023880004883 0
      vertex 25.11060333251953 -3.428831100463867 0
    endloop
  endfacet
  facet normal -0.6075330049382237 -0.7942944340172178 0
    outer loop
      vertex 24.89889907836914 -3.2798995971679688 0
      vertex 25.001665115356445 -3.3585023880004883 0.2999992370605469
      vertex 24.89889907836914 -3.2798995971679688 0.2999992370605469
    endloop
  endfacet
  facet normal -0.6075330049382237 -0.7942944340172178 0
    outer loop
      vertex 25.001665115356445 -3.3585023880004883 0.2999992370605469
      vertex 24.89889907836914 -3.2798995971679688 0
      vertex 25.001665115356445 -3.3585023880004883 0
    endloop
  endfacet
  facet normal -0.669627398275748 -0.7426972111691634 0
    outer loop
      vertex 24.803390502929688 -3.1937875747680664 0
      vertex 24.89889907836914 -3.2798995971679688 0.2999992370605469
      vertex 24.803390502929688 -3.1937875747680664 0.2999992370605469
    endloop
  endfacet
  facet normal -0.669627398275748 -0.7426972111691634 0
    outer loop
      vertex 24.89889907836914 -3.2798995971679688 0.2999992370605469
      vertex 24.803390502929688 -3.1937875747680664 0
      vertex 24.89889907836914 -3.2798995971679688 0
    endloop
  endfacet
  facet normal -0.7292268626797503 -0.6842720093254206 0
    outer loop
      vertex 24.803390502929688 -3.1937875747680664 0
      vertex 24.71622085571289 -3.10089111328125 0.2999992370605469
      vertex 24.71622085571289 -3.10089111328125 0
    endloop
  endfacet
  facet normal -0.7292268626797503 -0.6842720093254206 0
    outer loop
      vertex 24.71622085571289 -3.10089111328125 0.2999992370605469
      vertex 24.803390502929688 -3.1937875747680664 0
      vertex 24.803390502929688 -3.1937875747680664 0.2999992370605469
    endloop
  endfacet
  facet normal -0.7843619274434528 -0.6203034473362145 0
    outer loop
      vertex 24.71622085571289 -3.10089111328125 0
      vertex 24.63739013671875 -3.001211166381836 0.2999992370605469
      vertex 24.63739013671875 -3.001211166381836 0
    endloop
  endfacet
  facet normal -0.7843619274434528 -0.6203034473362145 0
    outer loop
      vertex 24.63739013671875 -3.001211166381836 0.2999992370605469
      vertex 24.71622085571289 -3.10089111328125 0
      vertex 24.71622085571289 -3.10089111328125 0.2999992370605469
    endloop
  endfacet
  facet normal -0.8337950397374875 -0.5520741179489956 0
    outer loop
      vertex 24.63739013671875 -3.001211166381836 0
      vertex 24.566898345947266 -2.894747734069824 0.2999992370605469
      vertex 24.566898345947266 -2.894747734069824 0
    endloop
  endfacet
  facet normal -0.8337950397374875 -0.5520741179489956 0
    outer loop
      vertex 24.566898345947266 -2.894747734069824 0.2999992370605469
      vertex 24.63739013671875 -3.001211166381836 0
      vertex 24.63739013671875 -3.001211166381836 0.2999992370605469
    endloop
  endfacet
  facet normal -0.8766642741712168 -0.4811026401838319 0
    outer loop
      vertex 24.566898345947266 -2.894747734069824 0
      vertex 24.504749298095703 -2.7814998626708984 0.2999992370605469
      vertex 24.504749298095703 -2.7814998626708984 0
    endloop
  endfacet
  facet normal -0.8766642741712168 -0.4811026401838319 0
    outer loop
      vertex 24.504749298095703 -2.7814998626708984 0.2999992370605469
      vertex 24.566898345947266 -2.894747734069824 0
      vertex 24.566898345947266 -2.894747734069824 0.2999992370605469
    endloop
  endfacet
  facet normal -0.9125021390144409 -0.40907193290920135 0
    outer loop
      vertex 24.504749298095703 -2.7814998626708984 0
      vertex 24.450939178466797 -2.6614675521850586 0.2999992370605469
      vertex 24.450939178466797 -2.6614675521850586 0
    endloop
  endfacet
  facet normal -0.9125021390144409 -0.40907193290920135 0
    outer loop
      vertex 24.450939178466797 -2.6614675521850586 0.2999992370605469
      vertex 24.504749298095703 -2.7814998626708984 0
      vertex 24.504749298095703 -2.7814998626708984 0.2999992370605469
    endloop
  endfacet
  facet normal -0.9413228558332999 -0.33750745337820415 0
    outer loop
      vertex 24.450939178466797 -2.6614675521850586 0
      vertex 24.40546989440918 -2.534651756286621 0.2999992370605469
      vertex 24.40546989440918 -2.534651756286621 0
    endloop
  endfacet
  facet normal -0.9413228558332999 -0.33750745337820415 0
    outer loop
      vertex 24.40546989440918 -2.534651756286621 0.2999992370605469
      vertex 24.450939178466797 -2.6614675521850586 0
      vertex 24.450939178466797 -2.6614675521850586 0.2999992370605469
    endloop
  endfacet
  facet normal -0.9634822321729366 -0.2677722694512179 0
    outer loop
      vertex 24.40546989440918 -2.534651756286621 0
      vertex 24.36833953857422 -2.4010515213012695 0.2999992370605469
      vertex 24.36833953857422 -2.4010515213012695 0
    endloop
  endfacet
  facet normal -0.9634822321729366 -0.2677722694512179 0
    outer loop
      vertex 24.36833953857422 -2.4010515213012695 0.2999992370605469
      vertex 24.40546989440918 -2.534651756286621 0
      vertex 24.40546989440918 -2.534651756286621 0.2999992370605469
    endloop
  endfacet
  facet normal -0.9796125074921014 -0.20089632939662613 0
    outer loop
      vertex 24.36833953857422 -2.4010515213012695 0
      vertex 24.339550018310547 -2.2606678009033203 0.2999992370605469
      vertex 24.339550018310547 -2.2606678009033203 0
    endloop
  endfacet
  facet normal -0.9796125074921014 -0.20089632939662613 0
    outer loop
      vertex 24.339550018310547 -2.2606678009033203 0.2999992370605469
      vertex 24.36833953857422 -2.4010515213012695 0
      vertex 24.36833953857422 -2.4010515213012695 0.2999992370605469
    endloop
  endfacet
  facet normal -0.9904825773854935 -0.13763816293379552 0
    outer loop
      vertex 24.339550018310547 -2.2606678009033203 0
      vertex 24.31909942626953 -2.113499641418457 0.2999992370605469
      vertex 24.31909942626953 -2.113499641418457 0
    endloop
  endfacet
  facet normal -0.9904825773854935 -0.13763816293379552 0
    outer loop
      vertex 24.31909942626953 -2.113499641418457 0.2999992370605469
      vertex 24.339550018310547 -2.2606678009033203 0
      vertex 24.339550018310547 -2.2606678009033203 0.2999992370605469
    endloop
  endfacet
  facet normal 0.0771688069140726 -0.9970180415817251 0
    outer loop
      vertex 23.091699600219727 -2.2084999084472656 0
      vertex 24.31909942626953 -2.113499641418457 0.2999992370605469
      vertex 23.091699600219727 -2.2084999084472656 0.2999992370605469
    endloop
  endfacet
  facet normal 0.0771688069140726 -0.9970180415817251 0
    outer loop
      vertex 24.31909942626953 -2.113499641418457 0.2999992370605469
      vertex 23.091699600219727 -2.2084999084472656 0
      vertex 24.31909942626953 -2.113499641418457 0
    endloop
  endfacet
  facet normal 0.9891129138737363 0.1471585662073621 0
    outer loop
      vertex 23.125839233398438 -2.4379663467407227 0.2999992370605469
      vertex 23.091699600219727 -2.2084999084472656 0
      vertex 23.091699600219727 -2.2084999084472656 0.2999992370605469
    endloop
  endfacet
  facet normal 0.9891129138737363 0.1471585662073621 0
    outer loop
      vertex 23.091699600219727 -2.2084999084472656 0
      vertex 23.125839233398438 -2.4379663467407227 0.2999992370605469
      vertex 23.125839233398438 -2.4379663467407227 0
    endloop
  endfacet
  facet normal 0.9766814990872033 0.21469338448301906 0
    outer loop
      vertex 23.174015045166016 -2.6571273803710938 0.2999992370605469
      vertex 23.125839233398438 -2.4379663467407227 0
      vertex 23.125839233398438 -2.4379663467407227 0.2999992370605469
    endloop
  endfacet
  facet normal 0.9766814990872033 0.21469338448301906 0
    outer loop
      vertex 23.125839233398438 -2.4379663467407227 0
      vertex 23.174015045166016 -2.6571273803710938 0.2999992370605469
      vertex 23.174015045166016 -2.6571273803710938 0
    endloop
  endfacet
  facet normal 0.9583809451826177 0.28549249361563295 0
    outer loop
      vertex 23.236230850219727 -2.8659820556640625 0.2999992370605469
      vertex 23.174015045166016 -2.6571273803710938 0
      vertex 23.174015045166016 -2.6571273803710938 0.2999992370605469
    endloop
  endfacet
  facet normal 0.9583809451826177 0.28549249361563295 0
    outer loop
      vertex 23.174015045166016 -2.6571273803710938 0
      vertex 23.236230850219727 -2.8659820556640625 0.2999992370605469
      vertex 23.236230850219727 -2.8659820556640625 0
    endloop
  endfacet
  facet normal 0.9335206906581747 0.3585235279770134 0
    outer loop
      vertex 23.312484741210938 -3.0645313262939453 0.2999992370605469
      vertex 23.236230850219727 -2.8659820556640625 0
      vertex 23.236230850219727 -2.8659820556640625 0.2999992370605469
    endloop
  endfacet
  facet normal 0.9335206906581747 0.3585235279770134 0
    outer loop
      vertex 23.236230850219727 -2.8659820556640625 0
      vertex 23.312484741210938 -3.0645313262939453 0.2999992370605469
      vertex 23.312484741210938 -3.0645313262939453 0
    endloop
  endfacet
  facet normal 0.9016473341253017 0.4324720625251261 0
    outer loop
      vertex 23.402774810791016 -3.252774238586426 0.2999992370605469
      vertex 23.312484741210938 -3.0645313262939453 0
      vertex 23.312484741210938 -3.0645313262939453 0.2999992370605469
    endloop
  endfacet
  facet normal 0.9016473341253017 0.4324720625251261 0
    outer loop
      vertex 23.312484741210938 -3.0645313262939453 0
      vertex 23.402774810791016 -3.252774238586426 0.2999992370605469
      vertex 23.402774810791016 -3.252774238586426 0
    endloop
  endfacet
  facet normal 0.8626557460175471 0.5057915221342772 0
    outer loop
      vertex 23.507102966308594 -3.4307117462158203 0.2999992370605469
      vertex 23.402774810791016 -3.252774238586426 0
      vertex 23.402774810791016 -3.252774238586426 0.2999992370605469
    endloop
  endfacet
  facet normal 0.8626557460175471 0.5057915221342772 0
    outer loop
      vertex 23.402774810791016 -3.252774238586426 0
      vertex 23.507102966308594 -3.4307117462158203 0.2999992370605469
      vertex 23.507102966308594 -3.4307117462158203 0
    endloop
  endfacet
  facet normal 0.8168797583893838 0.5768079926056001 0
    outer loop
      vertex 23.625469207763672 -3.5983428955078125 0.2999992370605469
      vertex 23.507102966308594 -3.4307117462158203 0
      vertex 23.507102966308594 -3.4307117462158203 0.2999992370605469
    endloop
  endfacet
  facet normal 0.8168797583893838 0.5768079926056001 0
    outer loop
      vertex 23.507102966308594 -3.4307117462158203 0
      vertex 23.625469207763672 -3.5983428955078125 0.2999992370605469
      vertex 23.625469207763672 -3.5983428955078125 0
    endloop
  endfacet
  facet normal 0.7650975834083765 0.6439143482348118 0
    outer loop
      vertex 23.757875442504883 -3.7556676864624023 0.2999992370605469
      vertex 23.625469207763672 -3.5983428955078125 0
      vertex 23.625469207763672 -3.5983428955078125 0.2999992370605469
    endloop
  endfacet
  facet normal 0.7650975834083765 0.6439143482348118 0
    outer loop
      vertex 23.625469207763672 -3.5983428955078125 0
      vertex 23.757875442504883 -3.7556676864624023 0.2999992370605469
      vertex 23.757875442504883 -3.7556676864624023 0
    endloop
  endfacet
  facet normal 0.7084887643135375 0.7057220917907251 0
    outer loop
      vertex 23.904319763183594 -3.90268611907959 0.2999992370605469
      vertex 23.757875442504883 -3.7556676864624023 0
      vertex 23.757875442504883 -3.7556676864624023 0.2999992370605469
    endloop
  endfacet
  facet normal 0.7084887643135375 0.7057220917907251 0
    outer loop
      vertex 23.757875442504883 -3.7556676864624023 0
      vertex 23.904319763183594 -3.90268611907959 0.2999992370605469
      vertex 23.904319763183594 -3.90268611907959 0
    endloop
  endfacet
  facet normal 0.6484868442660925 0.7612258618923852 0
    outer loop
      vertex 24.064800262451172 -4.039399147033691 0
      vertex 23.904319763183594 -3.90268611907959 0.2999992370605469
      vertex 24.064800262451172 -4.039399147033691 0.2999992370605469
    endloop
  endfacet
  facet normal 0.6484868442660925 0.7612258618923852 0
    outer loop
      vertex 23.904319763183594 -3.90268611907959 0.2999992370605469
      vertex 24.064800262451172 -4.039399147033691 0
      vertex 23.904319763183594 -3.90268611907959 0
    endloop
  endfacet
  facet normal 0.5872148366301503 0.8094311185279609 0
    outer loop
      vertex 24.237079620361328 -4.164381980895996 0
      vertex 24.064800262451172 -4.039399147033691 0.2999992370605469
      vertex 24.237079620361328 -4.164381980895996 0.2999992370605469
    endloop
  endfacet
  facet normal 0.5872148366301503 0.8094311185279609 0
    outer loop
      vertex 24.064800262451172 -4.039399147033691 0.2999992370605469
      vertex 24.237079620361328 -4.164381980895996 0
      vertex 24.064800262451172 -4.039399147033691 0
    endloop
  endfacet
  facet normal 0.523842662474629 0.8518150415269103 0
    outer loop
      vertex 24.41891860961914 -4.27620792388916 0
      vertex 24.237079620361328 -4.164381980895996 0.2999992370605469
      vertex 24.41891860961914 -4.27620792388916 0.2999992370605469
    endloop
  endfacet
  facet normal 0.523842662474629 0.8518150415269103 0
    outer loop
      vertex 24.237079620361328 -4.164381980895996 0.2999992370605469
      vertex 24.41891860961914 -4.27620792388916 0
      vertex 24.237079620361328 -4.164381980895996 0
    endloop
  endfacet
  facet normal 0.4582124905051905 0.8888426821125496 0
    outer loop
      vertex 24.610319137573242 -4.3748779296875 0
      vertex 24.41891860961914 -4.27620792388916 0.2999992370605469
      vertex 24.610319137573242 -4.3748779296875 0.2999992370605469
    endloop
  endfacet
  facet normal 0.4582124905051905 0.8888426821125496 0
    outer loop
      vertex 24.41891860961914 -4.27620792388916 0.2999992370605469
      vertex 24.610319137573242 -4.3748779296875 0
      vertex 24.41891860961914 -4.27620792388916 0
    endloop
  endfacet
  facet normal 0.3915517028833858 0.9201561084778609 0
    outer loop
      vertex 24.811279296875 -4.460391998291016 0
      vertex 24.610319137573242 -4.3748779296875 0.2999992370605469
      vertex 24.811279296875 -4.460391998291016 0.2999992370605469
    endloop
  endfacet
  facet normal 0.3915517028833858 0.9201561084778609 0
    outer loop
      vertex 24.610319137573242 -4.3748779296875 0.2999992370605469
      vertex 24.811279296875 -4.460391998291016 0
      vertex 24.610319137573242 -4.3748779296875 0
    endloop
  endfacet
  facet normal 0.3250436096794525 0.9456990281302776 0
    outer loop
      vertex 25.021799087524414 -4.532749176025391 0
      vertex 24.811279296875 -4.460391998291016 0.2999992370605469
      vertex 25.021799087524414 -4.532749176025391 0.2999992370605469
    endloop
  endfacet
  facet normal 0.3250436096794525 0.9456990281302776 0
    outer loop
      vertex 24.811279296875 -4.460391998291016 0.2999992370605469
      vertex 25.021799087524414 -4.532749176025391 0
      vertex 24.811279296875 -4.460391998291016 0
    endloop
  endfacet
  facet normal 0.2597690764290244 0.9656707652876375 0
    outer loop
      vertex 25.241878509521484 -4.591951370239258 0
      vertex 25.021799087524414 -4.532749176025391 0.2999992370605469
      vertex 25.241878509521484 -4.591951370239258 0.2999992370605469
    endloop
  endfacet
  facet normal 0.2597690764290244 0.9656707652876375 0
    outer loop
      vertex 25.021799087524414 -4.532749176025391 0.2999992370605469
      vertex 25.241878509521484 -4.591951370239258 0
      vertex 25.021799087524414 -4.532749176025391 0
    endloop
  endfacet
  facet normal 0.19660081715849484 0.9804836146986915 0
    outer loop
      vertex 25.471519470214844 -4.637997627258301 0
      vertex 25.241878509521484 -4.591951370239258 0.2999992370605469
      vertex 25.471519470214844 -4.637997627258301 0.2999992370605469
    endloop
  endfacet
  facet normal 0.19660081715849484 0.9804836146986915 0
    outer loop
      vertex 25.241878509521484 -4.591951370239258 0.2999992370605469
      vertex 25.471519470214844 -4.637997627258301 0
      vertex 25.241878509521484 -4.591951370239258 0
    endloop
  endfacet
  facet normal 0.13621930959618847 0.990678706591162 0
    outer loop
      vertex 25.71072006225586 -4.6708879470825195 0
      vertex 25.471519470214844 -4.637997627258301 0.2999992370605469
      vertex 25.71072006225586 -4.6708879470825195 0.2999992370605469
    endloop
  endfacet
  facet normal 0.13621930959618847 0.990678706591162 0
    outer loop
      vertex 25.471519470214844 -4.637997627258301 0.2999992370605469
      vertex 25.71072006225586 -4.6708879470825195 0
      vertex 25.471519470214844 -4.637997627258301 0
    endloop
  endfacet
  facet normal 0.07907868481751329 0.9968683772733151 0
    outer loop
      vertex 25.95948028564453 -4.690621376037598 0
      vertex 25.71072006225586 -4.6708879470825195 0.2999992370605469
      vertex 25.95948028564453 -4.690621376037598 0.2999992370605469
    endloop
  endfacet
  facet normal 0.07907868481751329 0.9968683772733151 0
    outer loop
      vertex 25.71072006225586 -4.6708879470825195 0.2999992370605469
      vertex 25.95948028564453 -4.690621376037598 0
      vertex 25.71072006225586 -4.6708879470825195 0
    endloop
  endfacet
  facet normal 0.025458024952147922 0.999675891959757 0
    outer loop
      vertex 26.21780014038086 -4.697199821472168 0
      vertex 25.95948028564453 -4.690621376037598 0.2999992370605469
      vertex 26.21780014038086 -4.697199821472168 0.2999992370605469
    endloop
  endfacet
  facet normal 0.025458024952147922 0.999675891959757 0
    outer loop
      vertex 25.95948028564453 -4.690621376037598 0.2999992370605469
      vertex 26.21780014038086 -4.697199821472168 0
      vertex 25.95948028564453 -4.690621376037598 0
    endloop
  endfacet
  facet normal -0.023756133463994744 0.9997177832382702 0
    outer loop
      vertex 26.498931884765625 -4.690519332885742 0
      vertex 26.21780014038086 -4.697199821472168 0.2999992370605469
      vertex 26.498931884765625 -4.690519332885742 0.2999992370605469
    endloop
  endfacet
  facet normal -0.023756133463994744 0.9997177832382702 0
    outer loop
      vertex 26.21780014038086 -4.697199821472168 0.2999992370605469
      vertex 26.498931884765625 -4.690519332885742 0
      vertex 26.21780014038086 -4.697199821472168 0
    endloop
  endfacet
  facet normal 0 0 -1
    outer loop
      vertex 29.249099731445312 -2.167799949645996 0.2999992370605469
      vertex 27.989990234375 -2.1889381408691406 0.2999992370605469
      vertex 27.99449920654297 -2.0388994216918945 0.2999992370605469
    endloop
  endfacet
  facet normal 0 0 -1
    outer loop
      vertex 28.286529541015625 -4.156119346618652 0.2999992370605469
      vertex 27.976459503173828 -2.332535743713379 0.2999992370605469
      vertex 27.989990234375 -2.1889381408691406 0.2999992370605469
    endloop
  endfacet
  facet normal 0 0 -1
    outer loop
      vertex 28.286529541015625 -4.156119346618652 0.2999992370605469
      vertex 27.95391082763672 -2.4696903228759766 0.2999992370605469
      vertex 27.976459503173828 -2.332535743713379 0.2999992370605469
    endloop
  endfacet
  facet normal 0 0 -1
    outer loop
      vertex 28.286529541015625 -4.156119346618652 0.2999992370605469
      vertex 27.922340393066406 -2.6004037857055664 0.2999992370605469
      vertex 27.95391082763672 -2.4696903228759766 0.2999992370605469
    endloop
  endfacet
  facet normal 0 0 -1
    outer loop
      vertex 27.448945999145508 -3.3337974548339844 0.2999992370605469
      vertex 28.10794448852539 -4.269679069519043 0.2999992370605469
      vertex 27.91653823852539 -4.369879722595215 0.2999992370605469
    endloop
  endfacet
  facet normal 0 0 -1
    outer loop
      vertex 28.286529541015625 -4.156119346618652 0.2999992370605469
      vertex 27.88174819946289 -2.7246742248535156 0.2999992370605469
      vertex 27.922340393066406 -2.6004037857055664 0.2999992370605469
    endloop
  endfacet
  facet normal 0 0 -1
    outer loop
      vertex 28.286529541015625 -4.156119346618652 0.2999992370605469
      vertex 27.83213996887207 -2.842503547668457 0.2999992370605469
      vertex 27.88174819946289 -2.7246742248535156 0.2999992370605469
    endloop
  endfacet
  facet normal 0 0 -1
    outer loop
      vertex 28.286529541015625 -4.156119346618652 0.2999992370605469
      vertex 27.773509979248047 -2.953890800476074 0.2999992370605469
      vertex 27.83213996887207 -2.842503547668457 0.2999992370605469
    endloop
  endfacet
  facet normal 0 0 -1
    outer loop
      vertex 27.345643997192383 -3.409311294555664 0.2999992370605469
      vertex 27.91653823852539 -4.369879722595215 0.2999992370605469
      vertex 27.71231460571289 -4.456719398498535 0.2999992370605469
    endloop
  endfacet
  facet normal 0 0 -1
    outer loop
      vertex 28.286529541015625 -4.156119346618652 0.2999992370605469
      vertex 27.705860137939453 -3.058835983276367 0.2999992370605469
      vertex 27.773509979248047 -2.953890800476074 0.2999992370605469
    endloop
  endfacet
  facet normal 0 0 -1
    outer loop
      vertex 28.286529541015625 -4.156119346618652 0.2999992370605469
      vertex 27.629188537597656 -3.1573381423950195 0.2999992370605469
      vertex 27.705860137939453 -3.058835983276367 0.2999992370605469
    endloop
  endfacet
  facet normal 0 0 -1
    outer loop
      vertex 28.286529541015625 -4.156119346618652 0.2999992370605469
      vertex 27.543498992919922 -3.249399185180664 0.2999992370605469
      vertex 27.629188537597656 -3.1573381423950195 0.2999992370605469
    endloop
  endfacet
  facet normal 0 0 -1
    outer loop
      vertex 27.233592987060547 -3.4759416580200195 0.2999992370605469
      vertex 27.71231460571289 -4.456719398498535 0.2999992370605469
      vertex 27.49527359008789 -4.53019905090332 0.2999992370605469
    endloop
  endfacet
  facet normal 0 0 -1
    outer loop
      vertex 28.10794448852539 -4.269679069519043 0.2999992370605469
      vertex 27.448945999145508 -3.3337974548339844 0.2999992370605469
      vertex 27.543498992919922 -3.249399185180664 0.2999992370605469
    endloop
  endfacet
  facet normal 0 0 -1
    outer loop
      vertex 27.91653823852539 -4.369879722595215 0.2999992370605469
      vertex 27.345643997192383 -3.409311294555664 0.2999992370605469
      vertex 27.448945999145508 -3.3337974548339844 0.2999992370605469
    endloop
  endfacet
  facet normal 0 0 -1
    outer loop
      vertex 27.112796783447266 -3.5336875915527344 0.2999992370605469
      vertex 27.49527359008789 -4.53019905090332 0.2999992370605469
      vertex 27.26541519165039 -4.590319633483887 0.2999992370605469
    endloop
  endfacet
  facet normal 0 0 -1
    outer loop
      vertex 27.71231460571289 -4.456719398498535 0.2999992370605469
      vertex 27.233592987060547 -3.4759416580200195 0.2999992370605469
      vertex 27.345643997192383 -3.409311294555664 0.2999992370605469
    endloop
  endfacet
  facet normal 0 0 -1
    outer loop
      vertex 27.49527359008789 -4.53019905090332 0.2999992370605469
      vertex 27.112796783447266 -3.5336875915527344 0.2999992370605469
      vertex 27.233592987060547 -3.4759416580200195 0.2999992370605469
    endloop
  endfacet
  facet normal 0 0 -1
    outer loop
      vertex 26.844955444335938 -3.6225271224975586 0.2999992370605469
      vertex 27.26541519165039 -4.590319633483887 0.2999992370605469
      vertex 27.02273941040039 -4.637079238891602 0.2999992370605469
    endloop
  endfacet
  facet normal 0 0 -1
    outer loop
      vertex 27.26541519165039 -4.590319633483887 0.2999992370605469
      vertex 26.98324966430664 -3.5825490951538086 0.2999992370605469
      vertex 27.112796783447266 -3.5336875915527344 0.2999992370605469
    endloop
  endfacet
  facet normal 0 0 -1
    outer loop
      vertex 27.26541519165039 -4.590319633483887 0.2999992370605469
      vertex 26.844955444335938 -3.6225271224975586 0.2999992370605469
      vertex 26.98324966430664 -3.5825490951538086 0.2999992370605469
    endloop
  endfacet
  facet normal 0 0 -1
    outer loop
      vertex 26.697914123535156 -3.6536216735839844 0.2999992370605469
      vertex 27.02273941040039 -4.637079238891602 0.2999992370605469
      vertex 26.767242431640625 -4.670479774475098 0.2999992370605469
    endloop
  endfacet
  facet normal 0 0 -1
    outer loop
      vertex 27.02273941040039 -4.637079238891602 0.2999992370605469
      vertex 26.697914123535156 -3.6536216735839844 0.2999992370605469
      vertex 26.844955444335938 -3.6225271224975586 0.2999992370605469
    endloop
  endfacet
  facet normal 0 0 -1
    outer loop
      vertex 26.767242431640625 -4.670479774475098 0.2999992370605469
      vertex 26.542123794555664 -3.6758317947387695 0.2999992370605469
      vertex 26.697914123535156 -3.6536216735839844 0.2999992370605469
    endloop
  endfacet
  facet normal 0 0 -1
    outer loop
      vertex 26.498931884765625 -4.690519332885742 0.2999992370605469
      vertex 26.542123794555664 -3.6758317947387695 0.2999992370605469
      vertex 26.767242431640625 -4.670479774475098 0.2999992370605469
    endloop
  endfacet
  facet normal 0 0 -1
    outer loop
      vertex 26.498931884765625 -4.690519332885742 0.2999992370605469
      vertex 26.377586364746094 -3.689157485961914 0.2999992370605469
      vertex 26.542123794555664 -3.6758317947387695 0.2999992370605469
    endloop
  endfacet
  facet normal 0 0 -1
    outer loop
      vertex 26.21780014038086 -4.697199821472168 0.2999992370605469
      vertex 26.377586364746094 -3.689157485961914 0.2999992370605469
      vertex 26.498931884765625 -4.690519332885742 0.2999992370605469
    endloop
  endfacet
  facet normal 0 0 -1
    outer loop
      vertex 26.21780014038086 -4.697199821472168 0.2999992370605469
      vertex 26.204299926757812 -3.6935997009277344 0.2999992370605469
      vertex 26.377586364746094 -3.689157485961914 0.2999992370605469
    endloop
  endfacet
  facet normal 0 0 -1
    outer loop
      vertex 26.21780014038086 -4.697199821472168 0.2999992370605469
      vertex 26.04598617553711 -3.689462661743164 0.2999992370605469
      vertex 26.204299926757812 -3.6935997009277344 0.2999992370605469
    endloop
  endfacet
  facet normal 0 0 -1
    outer loop
      vertex 25.95948028564453 -4.690621376037598 0.2999992370605469
      vertex 26.04598617553711 -3.689462661743164 0.2999992370605469
      vertex 26.21780014038086 -4.697199821472168 0.2999992370605469
    endloop
  endfacet
  facet normal 0 0 -1
    outer loop
      vertex 25.95948028564453 -4.690621376037598 0.2999992370605469
      vertex 25.893844604492188 -3.677051544189453 0.2999992370605469
      vertex 26.04598617553711 -3.689462661743164 0.2999992370605469
    endloop
  endfacet
  facet normal 0 0 -1
    outer loop
      vertex 25.71072006225586 -4.6708879470825195 0.2999992370605469
      vertex 25.893844604492188 -3.677051544189453 0.2999992370605469
      vertex 25.95948028564453 -4.690621376037598 0.2999992370605469
    endloop
  endfacet
  facet normal 0 0 -1
    outer loop
      vertex 25.893844604492188 -3.677051544189453 0.2999992370605469
      vertex 25.71072006225586 -4.6708879470825195 0.2999992370605469
      vertex 25.747873306274414 -3.6563663482666016 0.2999992370605469
    endloop
  endfacet
  facet normal 0 0 -1
    outer loop
      vertex 25.471519470214844 -4.637997627258301 0.2999992370605469
      vertex 25.747873306274414 -3.6563663482666016 0.2999992370605469
      vertex 25.71072006225586 -4.6708879470825195 0.2999992370605469
    endloop
  endfacet
  facet normal 0 0 -1
    outer loop
      vertex 25.747873306274414 -3.6563663482666016 0.2999992370605469
      vertex 25.471519470214844 -4.637997627258301 0.2999992370605469
      vertex 25.608074188232422 -3.6274070739746094 0.2999992370605469
    endloop
  endfacet
  facet normal 0 0 -1
    outer loop
      vertex 25.241878509521484 -4.591951370239258 0.2999992370605469
      vertex 25.608074188232422 -3.6274070739746094 0.2999992370605469
      vertex 25.471519470214844 -4.637997627258301 0.2999992370605469
    endloop
  endfacet
  facet normal 0 0 -1
    outer loop
      vertex 25.608074188232422 -3.6274070739746094 0.2999992370605469
      vertex 25.241878509521484 -4.591951370239258 0.2999992370605469
      vertex 25.474449157714844 -3.590174674987793 0.2999992370605469
    endloop
  endfacet
  facet normal 0 0 -1
    outer loop
      vertex 25.021799087524414 -4.532749176025391 0.2999992370605469
      vertex 25.474449157714844 -3.590174674987793 0.2999992370605469
      vertex 25.241878509521484 -4.591951370239258 0.2999992370605469
    endloop
  endfacet
  facet normal 0 0 -1
    outer loop
      vertex 25.474449157714844 -3.590174674987793 0.2999992370605469
      vertex 25.021799087524414 -4.532749176025391 0.2999992370605469
      vertex 25.346996307373047 -3.5446672439575195 0.2999992370605469
    endloop
  endfacet
  facet normal 0 0 -1
    outer loop
      vertex 24.811279296875 -4.460391998291016 0.2999992370605469
      vertex 25.346996307373047 -3.5446672439575195 0.2999992370605469
      vertex 25.021799087524414 -4.532749176025391 0.2999992370605469
    endloop
  endfacet
  facet normal 0 0 -1
    outer loop
      vertex 25.346996307373047 -3.5446672439575195 0.2999992370605469
      vertex 24.811279296875 -4.460391998291016 0.2999992370605469
      vertex 25.2257137298584 -3.490886688232422 0.2999992370605469
    endloop
  endfacet
  facet normal 0 0 -1
    outer loop
      vertex 25.2257137298584 -3.490886688232422 0.2999992370605469
      vertex 24.811279296875 -4.460391998291016 0.2999992370605469
      vertex 25.11060333251953 -3.428831100463867 0.2999992370605469
    endloop
  endfacet
  facet normal 0 0 -1
    outer loop
      vertex 24.610319137573242 -4.3748779296875 0.2999992370605469
      vertex 25.11060333251953 -3.428831100463867 0.2999992370605469
      vertex 24.811279296875 -4.460391998291016 0.2999992370605469
    endloop
  endfacet
  facet normal 0 0 -1
    outer loop
      vertex 25.11060333251953 -3.428831100463867 0.2999992370605469
      vertex 24.610319137573242 -4.3748779296875 0.2999992370605469
      vertex 25.001665115356445 -3.3585023880004883 0.2999992370605469
    endloop
  endfacet
  facet normal 0 0 -1
    outer loop
      vertex 24.41891860961914 -4.27620792388916 0.2999992370605469
      vertex 25.001665115356445 -3.3585023880004883 0.2999992370605469
      vertex 24.610319137573242 -4.3748779296875 0.2999992370605469
    endloop
  endfacet
  facet normal 0 0 -1
    outer loop
      vertex 25.001665115356445 -3.3585023880004883 0.2999992370605469
      vertex 24.41891860961914 -4.27620792388916 0.2999992370605469
      vertex 24.89889907836914 -3.2798995971679688 0.2999992370605469
    endloop
  endfacet
  facet normal 0 0 -1
    outer loop
      vertex 24.237079620361328 -4.164381980895996 0.2999992370605469
      vertex 24.89889907836914 -3.2798995971679688 0.2999992370605469
      vertex 24.41891860961914 -4.27620792388916 0.2999992370605469
    endloop
  endfacet
  facet normal 0 0 -1
    outer loop
      vertex 24.89889907836914 -3.2798995971679688 0.2999992370605469
      vertex 24.237079620361328 -4.164381980895996 0.2999992370605469
      vertex 24.803390502929688 -3.1937875747680664 0.2999992370605469
    endloop
  endfacet
  facet normal 0 0 -1
    outer loop
      vertex 24.064800262451172 -4.039399147033691 0.2999992370605469
      vertex 24.803390502929688 -3.1937875747680664 0.2999992370605469
      vertex 24.237079620361328 -4.164381980895996 0.2999992370605469
    endloop
  endfacet
  facet normal 0 0 -1
    outer loop
      vertex 23.904319763183594 -3.90268611907959 0.2999992370605469
      vertex 24.803390502929688 -3.1937875747680664 0.2999992370605469
      vertex 24.064800262451172 -4.039399147033691 0.2999992370605469
    endloop
  endfacet
  facet normal 0 0 -1
    outer loop
      vertex 24.803390502929688 -3.1937875747680664 0.2999992370605469
      vertex 23.904319763183594 -3.90268611907959 0.2999992370605469
      vertex 24.71622085571289 -3.10089111328125 0.2999992370605469
    endloop
  endfacet
  facet normal 0 0 -1
    outer loop
      vertex 23.757875442504883 -3.7556676864624023 0.2999992370605469
      vertex 24.71622085571289 -3.10089111328125 0.2999992370605469
      vertex 23.904319763183594 -3.90268611907959 0.2999992370605469
    endloop
  endfacet
  facet normal 0 0 -1
    outer loop
      vertex 24.71622085571289 -3.10089111328125 0.2999992370605469
      vertex 23.757875442504883 -3.7556676864624023 0.2999992370605469
      vertex 24.63739013671875 -3.001211166381836 0.2999992370605469
    endloop
  endfacet
  facet normal 0 0 -1
    outer loop
      vertex 23.625469207763672 -3.5983428955078125 0.2999992370605469
      vertex 24.63739013671875 -3.001211166381836 0.2999992370605469
      vertex 23.757875442504883 -3.7556676864624023 0.2999992370605469
    endloop
  endfacet
  facet normal 0 0 -1
    outer loop
      vertex 24.63739013671875 -3.001211166381836 0.2999992370605469
      vertex 23.625469207763672 -3.5983428955078125 0.2999992370605469
      vertex 24.566898345947266 -2.894747734069824 0.2999992370605469
    endloop
  endfacet
  facet normal 0 0 -1
    outer loop
      vertex 23.507102966308594 -3.4307117462158203 0.2999992370605469
      vertex 24.566898345947266 -2.894747734069824 0.2999992370605469
      vertex 23.625469207763672 -3.5983428955078125 0.2999992370605469
    endloop
  endfacet
  facet normal 0 0 -1
    outer loop
      vertex 24.566898345947266 -2.894747734069824 0.2999992370605469
      vertex 23.507102966308594 -3.4307117462158203 0.2999992370605469
      vertex 24.504749298095703 -2.7814998626708984 0.2999992370605469
    endloop
  endfacet
  facet normal 0 0 -1
    outer loop
      vertex 23.402774810791016 -3.252774238586426 0.2999992370605469
      vertex 24.504749298095703 -2.7814998626708984 0.2999992370605469
      vertex 23.507102966308594 -3.4307117462158203 0.2999992370605469
    endloop
  endfacet
  facet normal 0 0 -1
    outer loop
      vertex 24.504749298095703 -2.7814998626708984 0.2999992370605469
      vertex 23.402774810791016 -3.252774238586426 0.2999992370605469
      vertex 24.450939178466797 -2.6614675521850586 0.2999992370605469
    endloop
  endfacet
  facet normal 0 0 -1
    outer loop
      vertex 23.312484741210938 -3.0645313262939453 0.2999992370605469
      vertex 24.450939178466797 -2.6614675521850586 0.2999992370605469
      vertex 23.402774810791016 -3.252774238586426 0.2999992370605469
    endloop
  endfacet
  facet normal 0 0 -1
    outer loop
      vertex 24.450939178466797 -2.6614675521850586 0.2999992370605469
      vertex 23.312484741210938 -3.0645313262939453 0.2999992370605469
      vertex 24.40546989440918 -2.534651756286621 0.2999992370605469
    endloop
  endfacet
  facet normal 0 0 -1
    outer loop
      vertex 23.236230850219727 -2.8659820556640625 0.2999992370605469
      vertex 24.40546989440918 -2.534651756286621 0.2999992370605469
      vertex 23.312484741210938 -3.0645313262939453 0.2999992370605469
    endloop
  endfacet
  facet normal 0 0 -1
    outer loop
      vertex 24.40546989440918 -2.534651756286621 0.2999992370605469
      vertex 23.236230850219727 -2.8659820556640625 0.2999992370605469
      vertex 24.36833953857422 -2.4010515213012695 0.2999992370605469
    endloop
  endfacet
  facet normal 0 0 -1
    outer loop
      vertex 23.174015045166016 -2.6571273803710938 0.2999992370605469
      vertex 24.36833953857422 -2.4010515213012695 0.2999992370605469
      vertex 23.236230850219727 -2.8659820556640625 0.2999992370605469
    endloop
  endfacet
  facet normal 0 0 -1
    outer loop
      vertex 24.36833953857422 -2.4010515213012695 0.2999992370605469
      vertex 23.174015045166016 -2.6571273803710938 0.2999992370605469
      vertex 24.339550018310547 -2.2606678009033203 0.2999992370605469
    endloop
  endfacet
  facet normal 0 0 -1
    outer loop
      vertex 23.125839233398438 -2.4379663467407227 0.2999992370605469
      vertex 24.339550018310547 -2.2606678009033203 0.2999992370605469
      vertex 23.174015045166016 -2.6571273803710938 0.2999992370605469
    endloop
  endfacet
  facet normal 0 0 -1
    outer loop
      vertex 24.339550018310547 -2.2606678009033203 0.2999992370605469
      vertex 23.125839233398438 -2.4379663467407227 0.2999992370605469
      vertex 24.31909942626953 -2.113499641418457 0.2999992370605469
    endloop
  endfacet
  facet normal 0 0 -1
    outer loop
      vertex 24.31909942626953 -2.113499641418457 0.2999992370605469
      vertex 23.125839233398438 -2.4379663467407227 0.2999992370605469
      vertex 23.091699600219727 -2.2084999084472656 0.2999992370605469
    endloop
  endfacet
  facet normal 0 0 -1
    outer loop
      vertex 27.989990234375 -2.1889381408691406 0.2999992370605469
      vertex 29.249099731445312 -2.167799949645996 0.2999992370605469
      vertex 29.241130828857422 -2.401243209838867 0.2999992370605469
    endloop
  endfacet
  facet normal 0 0 -1
    outer loop
      vertex 29.249099731445312 -2.167799949645996 0.2999992370605469
      vertex 27.99449920654297 -2.0388994216918945 0.2999992370605469
      vertex 29.243980407714844 -1.9881248474121094 0.2999992370605469
    endloop
  endfacet
  facet normal 0 0 -1
    outer loop
      vertex 27.989990234375 -2.1889381408691406 0.2999992370605469
      vertex 29.241130828857422 -2.401243209838867 0.2999992370605469
      vertex 29.217227935791016 -2.6241750717163086 0.2999992370605469
    endloop
  endfacet
  facet normal 0 0 -1
    outer loop
      vertex 29.243980407714844 -1.9881248474121094 0.2999992370605469
      vertex 27.99449920654297 -2.0388994216918945 0.2999992370605469
      vertex 29.228618621826172 -1.8152999877929688 0.2999992370605469
    endloop
  endfacet
  facet normal 0 0 -1
    outer loop
      vertex 27.989990234375 -2.1889381408691406 0.2999992370605469
      vertex 29.217227935791016 -2.6241750717163086 0.2999992370605469
      vertex 29.177387237548828 -2.8365955352783203 0.2999992370605469
    endloop
  endfacet
  facet normal 0 0 -1
    outer loop
      vertex 27.988971710205078 -1.887655258178711 0.2999992370605469
      vertex 29.228618621826172 -1.8152999877929688 0.2999992370605469
      vertex 27.99449920654297 -2.0388994216918945 0.2999992370605469
    endloop
  endfacet
  facet normal 0 0 -1
    outer loop
      vertex 27.989990234375 -2.1889381408691406 0.2999992370605469
      vertex 29.177387237548828 -2.8365955352783203 0.2999992370605469
      vertex 29.121612548828125 -3.038503646850586 0.2999992370605469
    endloop
  endfacet
  facet normal 0 0 -1
    outer loop
      vertex 29.228618621826172 -1.8152999877929688 0.2999992370605469
      vertex 27.988971710205078 -1.887655258178711 0.2999992370605469
      vertex 29.203018188476562 -1.6493244171142578 0.2999992370605469
    endloop
  endfacet
  facet normal 0 0 -1
    outer loop
      vertex 27.97239112854004 -1.7431230545043945 0.2999992370605469
      vertex 29.203018188476562 -1.6493244171142578 0.2999992370605469
      vertex 27.988971710205078 -1.887655258178711 0.2999992370605469
    endloop
  endfacet
  facet normal 0 0 -1
    outer loop
      vertex 27.989990234375 -2.1889381408691406 0.2999992370605469
      vertex 29.121612548828125 -3.038503646850586 0.2999992370605469
      vertex 29.04990005493164 -3.2298994064331055 0.2999992370605469
    endloop
  endfacet
  facet normal 0 0 -1
    outer loop
      vertex 29.203018188476562 -1.6493244171142578 0.2999992370605469
      vertex 27.97239112854004 -1.7431230545043945 0.2999992370605469
      vertex 29.167179107666016 -1.490199089050293 0.2999992370605469
    endloop
  endfacet
  facet normal 0 0 -1
    outer loop
      vertex 27.989990234375 -2.1889381408691406 0.2999992370605469
      vertex 29.04990005493164 -3.2298994064331055 0.2999992370605469
      vertex 28.962251663208008 -3.4107837677001953 0.2999992370605469
    endloop
  endfacet
  facet normal 0 0 -1
    outer loop
      vertex 29.167179107666016 -1.490199089050293 0.2999992370605469
      vertex 27.97239112854004 -1.7431230545043945 0.2999992370605469
      vertex 29.1210994720459 -1.3379249572753906 0.2999992370605469
    endloop
  endfacet
  facet normal 0 0 -1
    outer loop
      vertex 27.989990234375 -2.1889381408691406 0.2999992370605469
      vertex 28.962251663208008 -3.4107837677001953 0.2999992370605469
      vertex 28.858667373657227 -3.581155776977539 0.2999992370605469
    endloop
  endfacet
  facet normal 0 0 -1
    outer loop
      vertex 27.94475555419922 -1.6053037643432617 0.2999992370605469
      vertex 29.1210994720459 -1.3379249572753906 0.2999992370605469
      vertex 27.97239112854004 -1.7431230545043945 0.2999992370605469
    endloop
  endfacet
  facet normal 0 0 -1
    outer loop
      vertex 27.989990234375 -2.1889381408691406 0.2999992370605469
      vertex 28.858667373657227 -3.581155776977539 0.2999992370605469
      vertex 28.739147186279297 -3.7410154342651367 0.2999992370605469
    endloop
  endfacet
  facet normal 0 0 -1
    outer loop
      vertex 29.1210994720459 -1.3379249572753906 0.2999992370605469
      vertex 27.94475555419922 -1.6053037643432617 0.2999992370605469
      vertex 29.06477928161621 -1.1924991607666016 0.2999992370605469
    endloop
  endfacet
  facet normal 0 0 -1
    outer loop
      vertex 29.06477928161621 -1.1924991607666016 0.2999992370605469
      vertex 27.94475555419922 -1.6053037643432617 0.2999992370605469
      vertex 28.998218536376953 -1.053924560546875 0.2999992370605469
    endloop
  endfacet
  facet normal 0 0 -1
    outer loop
      vertex 27.989990234375 -2.1889381408691406 0.2999992370605469
      vertex 28.739147186279297 -3.7410154342651367 0.2999992370605469
      vertex 28.60369110107422 -3.8903636932373047 0.2999992370605469
    endloop
  endfacet
  facet normal 0 0 -1
    outer loop
      vertex 27.90606689453125 -1.4741954803466797 0.2999992370605469
      vertex 28.998218536376953 -1.053924560546875 0.2999992370605469
      vertex 27.94475555419922 -1.6053037643432617 0.2999992370605469
    endloop
  endfacet
  facet normal 0 0 -1
    outer loop
      vertex 27.989990234375 -2.1889381408691406 0.2999992370605469
      vertex 28.60369110107422 -3.8903636932373047 0.2999992370605469
      vertex 28.452299118041992 -4.029199600219727 0.2999992370605469
    endloop
  endfacet
  facet normal 0 0 -1
    outer loop
      vertex 28.998218536376953 -1.053924560546875 0.2999992370605469
      vertex 27.90606689453125 -1.4741954803466797 0.2999992370605469
      vertex 28.921419143676758 -0.9221992492675781 0.2999992370605469
    endloop
  endfacet
  facet normal 0 0 -1
    outer loop
      vertex 27.989990234375 -2.1889381408691406 0.2999992370605469
      vertex 28.452299118041992 -4.029199600219727 0.2999992370605469
      vertex 28.286529541015625 -4.156119346618652 0.2999992370605469
    endloop
  endfacet
  facet normal 0 0 -1
    outer loop
      vertex 27.8563232421875 -1.3497991561889648 0.2999992370605469
      vertex 28.921419143676758 -0.9221992492675781 0.2999992370605469
      vertex 27.90606689453125 -1.4741954803466797 0.2999992370605469
    endloop
  endfacet
  facet normal 0 0 -1
    outer loop
      vertex 28.921419143676758 -0.9221992492675781 0.2999992370605469
      vertex 27.8563232421875 -1.3497991561889648 0.2999992370605469
      vertex 28.834379196166992 -0.7973241806030273 0.2999992370605469
    endloop
  endfacet
  facet normal 0 0 -1
    outer loop
      vertex 27.543498992919922 -3.249399185180664 0.2999992370605469
      vertex 28.286529541015625 -4.156119346618652 0.2999992370605469
      vertex 28.10794448852539 -4.269679069519043 0.2999992370605469
    endloop
  endfacet
  facet normal 0 0 -1
    outer loop
      vertex 28.834379196166992 -0.7973241806030273 0.2999992370605469
      vertex 27.8563232421875 -1.3497991561889648 0.2999992370605469
      vertex 28.737098693847656 -0.6792993545532227 0.2999992370605469
    endloop
  endfacet
  facet normal 0 0 -1
    outer loop
      vertex 27.795528411865234 -1.2321157455444336 0.2999992370605469
      vertex 28.737098693847656 -0.6792993545532227 0.2999992370605469
      vertex 27.8563232421875 -1.3497991561889648 0.2999992370605469
    endloop
  endfacet
  facet normal 0 0 -1
    outer loop
      vertex 28.737098693847656 -0.6792993545532227 0.2999992370605469
      vertex 27.795528411865234 -1.2321157455444336 0.2999992370605469
      vertex 28.630054473876953 -0.568394660949707 0.2999992370605469
    endloop
  endfacet
  facet normal 0 0 -1
    outer loop
      vertex 28.630054473876953 -0.568394660949707 0.2999992370605469
      vertex 27.795528411865234 -1.2321157455444336 0.2999992370605469
      vertex 28.51371955871582 -0.46487998962402344 0.2999992370605469
    endloop
  endfacet
  facet normal 0 0 -1
    outer loop
      vertex 27.723676681518555 -1.1211433410644531 0.2999992370605469
      vertex 28.51371955871582 -0.46487998962402344 0.2999992370605469
      vertex 27.795528411865234 -1.2321157455444336 0.2999992370605469
    endloop
  endfacet
  facet normal 0 0 -1
    outer loop
      vertex 28.51371955871582 -0.46487998962402344 0.2999992370605469
      vertex 27.723676681518555 -1.1211433410644531 0.2999992370605469
      vertex 28.38809585571289 -0.36875438690185547 0.2999992370605469
    endloop
  endfacet
  facet normal 0 0 -1
    outer loop
      vertex 27.640771865844727 -1.0168838500976562 0.2999992370605469
      vertex 28.38809585571289 -0.36875438690185547 0.2999992370605469
      vertex 27.723676681518555 -1.1211433410644531 0.2999992370605469
    endloop
  endfacet
  facet normal 0 0 -1
    outer loop
      vertex 28.38809585571289 -0.36875438690185547 0.2999992370605469
      vertex 27.640771865844727 -1.0168838500976562 0.2999992370605469
      vertex 28.2531795501709 -0.28001976013183594 0.2999992370605469
    endloop
  endfacet
  facet normal 0 0 -1
    outer loop
      vertex 28.2531795501709 -0.28001976013183594 0.2999992370605469
      vertex 27.640771865844727 -1.0168838500976562 0.2999992370605469
      vertex 28.10897445678711 -0.19867420196533203 0.2999992370605469
    endloop
  endfacet
  facet normal 0 0 -1
    outer loop
      vertex 27.546812057495117 -0.9193353652954102 0.2999992370605469
      vertex 28.10897445678711 -0.19867420196533203 0.2999992370605469
      vertex 27.640771865844727 -1.0168838500976562 0.2999992370605469
    endloop
  endfacet
  facet normal 0 0 -1
    outer loop
      vertex 28.10897445678711 -0.19867420196533203 0.2999992370605469
      vertex 27.546812057495117 -0.9193353652954102 0.2999992370605469
      vertex 27.95547866821289 -0.12471961975097656 0.2999992370605469
    endloop
  endfacet
  facet normal 0 0 -1
    outer loop
      vertex 27.44179916381836 -0.8284997940063477 0.2999992370605469
      vertex 27.95547866821289 -0.12471961975097656 0.2999992370605469
      vertex 27.546812057495117 -0.9193353652954102 0.2999992370605469
    endloop
  endfacet
  facet normal 0 0 -1
    outer loop
      vertex 27.95547866821289 -0.12471961975097656 0.2999992370605469
      vertex 27.44179916381836 -0.8284997940063477 0.2999992370605469
      vertex 27.792694091796875 -0.05815410614013672 0.2999992370605469
    endloop
  endfacet
  facet normal 0 0 -1
    outer loop
      vertex 27.326770782470703 -0.7453937530517578 0.2999992370605469
      vertex 27.792694091796875 -0.05815410614013672 0.2999992370605469
      vertex 27.44179916381836 -0.8284997940063477 0.2999992370605469
    endloop
  endfacet
  facet normal 0 0 -1
    outer loop
      vertex 27.792694091796875 -0.05815410614013672 0.2999992370605469
      vertex 27.326770782470703 -0.7453937530517578 0.2999992370605469
      vertex 27.620620727539062 0.0010194778442382812 0.2999992370605469
    endloop
  endfacet
  facet normal 0 0 -1
    outer loop
      vertex 27.202720642089844 -0.6710357666015625 0.2999992370605469
      vertex 27.620620727539062 0.0010194778442382812 0.2999992370605469
      vertex 27.326770782470703 -0.7453937530517578 0.2999992370605469
    endloop
  endfacet
  facet normal 0 0 -1
    outer loop
      vertex 27.620620727539062 0.0010194778442382812 0.2999992370605469
      vertex 27.202720642089844 -0.6710357666015625 0.2999992370605469
      vertex 27.439254760742188 0.05280494689941406 0.2999992370605469
    endloop
  endfacet
  facet normal 0 0 -1
    outer loop
      vertex 26.61631965637207 -0.46108341217041016 0.2999992370605469
      vertex 27.248600006103516 0.12430000305175781 0.2999992370605469
      vertex 27.248600006103516 0.0971994400024414 0.2999992370605469
    endloop
  endfacet
  facet normal 0 0 -1
    outer loop
      vertex 27.06964874267578 -0.6054258346557617 0.2999992370605469
      vertex 27.439254760742188 0.05280494689941406 0.2999992370605469
      vertex 27.202720642089844 -0.6710357666015625 0.2999992370605469
    endloop
  endfacet
  facet normal 0 0 -1
    outer loop
      vertex 27.439254760742188 0.05280494689941406 0.2999992370605469
      vertex 27.06964874267578 -0.6054258346557617 0.2999992370605469
      vertex 27.248600006103516 0.0971994400024414 0.2999992370605469
    endloop
  endfacet
  facet normal 0 0 -1
    outer loop
      vertex 26.92755889892578 -0.5485639572143555 0.2999992370605469
      vertex 27.248600006103516 0.0971994400024414 0.2999992370605469
      vertex 27.06964874267578 -0.6054258346557617 0.2999992370605469
    endloop
  endfacet
  facet normal 0 0 -1
    outer loop
      vertex 27.248600006103516 0.12430000305175781 0.2999992370605469
      vertex 27.080036163330078 0.8242635726928711 0.2999992370605469
      vertex 27.237323760986328 0.8811254501342773 0.2999992370605469
    endloop
  endfacet
  facet normal 0 0 -1
    outer loop
      vertex 26.77644920349121 -0.5004491806030273 0.2999992370605469
      vertex 27.248600006103516 0.0971994400024414 0.2999992370605469
      vertex 26.92755889892578 -0.5485639572143555 0.2999992370605469
    endloop
  endfacet
  facet normal 0 0 -1
    outer loop
      vertex 27.248600006103516 0.12430000305175781 0.2999992370605469
      vertex 26.912099838256836 0.7761497497558594 0.2999992370605469
      vertex 27.080036163330078 0.8242635726928711 0.2999992370605469
    endloop
  endfacet
  facet normal 0 0 -1
    outer loop
      vertex 26.61631965637207 -0.46108341217041016 0.2999992370605469
      vertex 27.248600006103516 0.0971994400024414 0.2999992370605469
      vertex 26.77644920349121 -0.5004491806030273 0.2999992370605469
    endloop
  endfacet
  facet normal 0 0 -1
    outer loop
      vertex 27.248600006103516 0.12430000305175781 0.2999992370605469
      vertex 26.733516693115234 0.7367839813232422 0.2999992370605469
      vertex 26.912099838256836 0.7761497497558594 0.2999992370605469
    endloop
  endfacet
  facet normal 0 0 -1
    outer loop
      vertex 27.248600006103516 0.12430000305175781 0.2999992370605469
      vertex 26.61631965637207 -0.46108341217041016 0.2999992370605469
      vertex 26.54428482055664 0.7061653137207031 0.2999992370605469
    endloop
  endfacet
  facet normal 0 0 -1
    outer loop
      vertex 27.248600006103516 0.12430000305175781 0.2999992370605469
      vertex 26.54428482055664 0.7061653137207031 0.2999992370605469
      vertex 26.733516693115234 0.7367839813232422 0.2999992370605469
    endloop
  endfacet
  facet normal 0 0 -1
    outer loop
      vertex 26.44717025756836 -0.4304656982421875 0.2999992370605469
      vertex 26.54428482055664 0.7061653137207031 0.2999992370605469
      vertex 26.61631965637207 -0.46108341217041016 0.2999992370605469
    endloop
  endfacet
  facet normal 0 0 -1
    outer loop
      vertex 26.44717025756836 -0.4304656982421875 0.2999992370605469
      vertex 26.344402313232422 0.684295654296875 0.2999992370605469
      vertex 26.54428482055664 0.7061653137207031 0.2999992370605469
    endloop
  endfacet
  facet normal 0 0 -1
    outer loop
      vertex 26.268999099731445 -0.40859508514404297 0.2999992370605469
      vertex 26.344402313232422 0.684295654296875 0.2999992370605469
      vertex 26.44717025756836 -0.4304656982421875 0.2999992370605469
    endloop
  endfacet
  facet normal 0 0 -1
    outer loop
      vertex 26.268999099731445 -0.40859508514404297 0.2999992370605469
      vertex 26.13387680053711 0.671173095703125 0.2999992370605469
      vertex 26.344402313232422 0.684295654296875 0.2999992370605469
    endloop
  endfacet
  facet normal 0 0 -1
    outer loop
      vertex 26.081809997558594 -0.3954734802246094 0.2999992370605469
      vertex 26.13387680053711 0.671173095703125 0.2999992370605469
      vertex 26.268999099731445 -0.40859508514404297 0.2999992370605469
    endloop
  endfacet
  facet normal 0 0 -1
    outer loop
      vertex 26.081809997558594 -0.3954734802246094 0.2999992370605469
      vertex 25.912700653076172 0.6667995452880859 0.2999992370605469
      vertex 26.13387680053711 0.671173095703125 0.2999992370605469
    endloop
  endfacet
  facet normal 0 0 -1
    outer loop
      vertex 25.88559913635254 -0.3910999298095703 0.2999992370605469
      vertex 25.912700653076172 0.6667995452880859 0.2999992370605469
      vertex 26.081809997558594 -0.3954734802246094 0.2999992370605469
    endloop
  endfacet
  facet normal 0 0 -1
    outer loop
      vertex 25.22100067138672 0.6667995452880859 0.2999992370605469
      vertex 25.88559913635254 -0.3910999298095703 0.2999992370605469
      vertex 25.22100067138672 -0.3910999298095703 0.2999992370605469
    endloop
  endfacet
  facet normal 0 0 -1
    outer loop
      vertex 25.88559913635254 -0.3910999298095703 0.2999992370605469
      vertex 25.22100067138672 0.6667995452880859 0.2999992370605469
      vertex 25.912700653076172 0.6667995452880859 0.2999992370605469
    endloop
  endfacet
  facet normal 0 0 -1
    outer loop
      vertex 28.245399475097656 2.321399688720703 0.2999992370605469
      vertex 29.513500213623047 2.3620996475219727 0.2999992370605469
      vertex 29.507530212402344 2.182119369506836 0.2999992370605469
    endloop
  endfacet
  facet normal 0 0 -1
    outer loop
      vertex 28.239398956298828 2.168863296508789 0.2999992370605469
      vertex 29.507530212402344 2.182119369506836 0.2999992370605469
      vertex 29.489627838134766 2.0083799362182617 0.2999992370605469
    endloop
  endfacet
  facet normal 0 0 -1
    outer loop
      vertex 28.240142822265625 2.4960126876831055 0.2999992370605469
      vertex 29.513500213623047 2.3620996475219727 0.2999992370605469
      vertex 28.245399475097656 2.321399688720703 0.2999992370605469
    endloop
  endfacet
  facet normal 0 0 -1
    outer loop
      vertex 28.239398956298828 2.168863296508789 0.2999992370605469
      vertex 29.489627838134766 2.0083799362182617 0.2999992370605469
      vertex 29.459787368774414 1.8408794403076172 0.2999992370605469
    endloop
  endfacet
  facet normal 0 0 -1
    outer loop
      vertex 29.513500213623047 2.3620996475219727 0.2999992370605469
      vertex 28.240142822265625 2.4960126876831055 0.2999992370605469
      vertex 29.505090713500977 2.6205921173095703 0.2999992370605469
    endloop
  endfacet
  facet normal 0 0 -1
    outer loop
      vertex 28.22139549255371 2.0231752395629883 0.2999992370605469
      vertex 29.459787368774414 1.8408794403076172 0.2999992370605469
      vertex 29.418010711669922 1.6796197891235352 0.2999992370605469
    endloop
  endfacet
  facet normal 0 0 -1
    outer loop
      vertex 28.224376678466797 2.6618118286132812 0.2999992370605469
      vertex 29.505090713500977 2.6205921173095703 0.2999992370605469
      vertex 28.240142822265625 2.4960126876831055 0.2999992370605469
    endloop
  endfacet
  facet normal 0 0 -1
    outer loop
      vertex 28.191390991210938 1.8843355178833008 0.2999992370605469
      vertex 29.418010711669922 1.6796197891235352 0.2999992370605469
      vertex 29.364299774169922 1.5245990753173828 0.2999992370605469
    endloop
  endfacet
  facet normal 0 0 -1
    outer loop
      vertex 29.505090713500977 2.6205921173095703 0.2999992370605469
      vertex 28.224376678466797 2.6618118286132812 0.2999992370605469
      vertex 29.479862213134766 2.8671512603759766 0.2999992370605469
    endloop
  endfacet
  facet normal 0 0 -1
    outer loop
      vertex 28.191390991210938 1.8843355178833008 0.2999992370605469
      vertex 29.364299774169922 1.5245990753173828 0.2999992370605469
      vertex 29.29865264892578 1.375819206237793 0.2999992370605469
    endloop
  endfacet
  facet normal 0 0 -1
    outer loop
      vertex 28.149383544921875 1.7523431777954102 0.2999992370605469
      vertex 29.29865264892578 1.375819206237793 0.2999992370605469
      vertex 29.221067428588867 1.2332792282104492 0.2999992370605469
    endloop
  endfacet
  facet normal 0 0 -1
    outer loop
      vertex 28.198095321655273 2.818796157836914 0.2999992370605469
      vertex 29.479862213134766 2.8671512603759766 0.2999992370605469
      vertex 28.224376678466797 2.6618118286132812 0.2999992370605469
    endloop
  endfacet
  facet normal 0 0 -1
    outer loop
      vertex 28.149383544921875 1.7523431777954102 0.2999992370605469
      vertex 29.221067428588867 1.2332792282104492 0.2999992370605469
      vertex 29.131547927856445 1.0969791412353516 0.2999992370605469
    endloop
  endfacet
  facet normal 0 0 -1
    outer loop
      vertex 29.479862213134766 2.8671512603759766 0.2999992370605469
      vertex 28.198095321655273 2.818796157836914 0.2999992370605469
      vertex 29.43781852722168 3.101776123046875 0.2999992370605469
    endloop
  endfacet
  facet normal 0 0 -1
    outer loop
      vertex 28.095375061035156 1.6271991729736328 0.2999992370605469
      vertex 29.131547927856445 1.0969791412353516 0.2999992370605469
      vertex 29.03009033203125 0.9669198989868164 0.2999992370605469
    endloop
  endfacet
  facet normal 0 0 -1
    outer loop
      vertex 29.43781852722168 3.101776123046875 0.2999992370605469
      vertex 28.198095321655273 2.818796157836914 0.2999992370605469
      vertex 29.378955841064453 3.324467658996582 0.2999992370605469
    endloop
  endfacet
  facet normal 0 0 -1
    outer loop
      vertex 28.095375061035156 1.6271991729736328 0.2999992370605469
      vertex 29.03009033203125 0.9669198989868164 0.2999992370605469
      vertex 28.916698455810547 0.8430995941162109 0.2999992370605469
    endloop
  endfacet
  facet normal 0 0 -1
    outer loop
      vertex 28.161304473876953 2.9669675827026367 0.2999992370605469
      vertex 29.378955841064453 3.324467658996582 0.2999992370605469
      vertex 28.198095321655273 2.818796157836914 0.2999992370605469
    endloop
  endfacet
  facet normal 0 0 -1
    outer loop
      vertex 28.02936363220215 1.5089035034179688 0.2999992370605469
      vertex 28.916698455810547 0.8430995941162109 0.2999992370605469
      vertex 28.792612075805664 0.7272815704345703 0.2999992370605469
    endloop
  endfacet
  facet normal 0 0 -1
    outer loop
      vertex 29.378955841064453 3.324467658996582 0.2999992370605469
      vertex 28.161304473876953 2.9669675827026367 0.2999992370605469
      vertex 29.303274154663086 3.5352249145507812 0.2999992370605469
    endloop
  endfacet
  facet normal 0 0 -1
    outer loop
      vertex 27.951351165771484 1.3974552154541016 0.2999992370605469
      vertex 28.792612075805664 0.7272815704345703 0.2999992370605469
      vertex 28.65903091430664 0.6212272644042969 0.2999992370605469
    endloop
  endfacet
  facet normal 0 0 -1
    outer loop
      vertex 27.951351165771484 1.3974552154541016 0.2999992370605469
      vertex 28.65903091430664 0.6212272644042969 0.2999992370605469
      vertex 28.51595687866211 0.524937629699707 0.2999992370605469
    endloop
  endfacet
  facet normal 0 0 -1
    outer loop
      vertex 28.113998413085938 3.1063241958618164 0.2999992370605469
      vertex 29.303274154663086 3.5352249145507812 0.2999992370605469
      vertex 28.161304473876953 2.9669675827026367 0.2999992370605469
    endloop
  endfacet
  facet normal 0 0 -1
    outer loop
      vertex 27.86133575439453 1.2928552627563477 0.2999992370605469
      vertex 28.51595687866211 0.524937629699707 0.2999992370605469
      vertex 28.363388061523438 0.4384117126464844 0.2999992370605469
    endloop
  endfacet
  facet normal 0 0 -1
    outer loop
      vertex 29.303274154663086 3.5352249145507812 0.2999992370605469
      vertex 28.113998413085938 3.1063241958618164 0.2999992370605469
      vertex 29.21077537536621 3.7340478897094727 0.2999992370605469
    endloop
  endfacet
  facet normal 0 0 -1
    outer loop
      vertex 28.056182861328125 3.236867904663086 0.2999992370605469
      vertex 29.21077537536621 3.7340478897094727 0.2999992370605469
      vertex 28.113998413085938 3.1063241958618164 0.2999992370605469
    endloop
  endfacet
  facet normal 0 0 -1
    outer loop
      vertex 29.507530212402344 2.182119369506836 0.2999992370605469
      vertex 28.239398956298828 2.168863296508789 0.2999992370605469
      vertex 28.245399475097656 2.321399688720703 0.2999992370605469
    endloop
  endfacet
  facet normal 0 0 -1
    outer loop
      vertex 29.459787368774414 1.8408794403076172 0.2999992370605469
      vertex 28.22139549255371 2.0231752395629883 0.2999992370605469
      vertex 28.239398956298828 2.168863296508789 0.2999992370605469
    endloop
  endfacet
  facet normal 0 0 -1
    outer loop
      vertex 27.759319305419922 1.195103645324707 0.2999992370605469
      vertex 28.363388061523438 0.4384117126464844 0.2999992370605469
      vertex 28.201324462890625 0.3616495132446289 0.2999992370605469
    endloop
  endfacet
  facet normal 0 0 -1
    outer loop
      vertex 29.418010711669922 1.6796197891235352 0.2999992370605469
      vertex 28.191390991210938 1.8843355178833008 0.2999992370605469
      vertex 28.22139549255371 2.0231752395629883 0.2999992370605469
    endloop
  endfacet
  facet normal 0 0 -1
    outer loop
      vertex 29.29865264892578 1.375819206237793 0.2999992370605469
      vertex 28.149383544921875 1.7523431777954102 0.2999992370605469
      vertex 28.191390991210938 1.8843355178833008 0.2999992370605469
    endloop
  endfacet
  facet normal 0 0 -1
    outer loop
      vertex 29.131547927856445 1.0969791412353516 0.2999992370605469
      vertex 28.095375061035156 1.6271991729736328 0.2999992370605469
      vertex 28.149383544921875 1.7523431777954102 0.2999992370605469
    endloop
  endfacet
  facet normal 0 0 -1
    outer loop
      vertex 27.645299911499023 1.1041994094848633 0.2999992370605469
      vertex 28.201324462890625 0.3616495132446289 0.2999992370605469
      vertex 28.029767990112305 0.29465198516845703 0.2999992370605469
    endloop
  endfacet
  facet normal 0 0 -1
    outer loop
      vertex 28.916698455810547 0.8430995941162109 0.2999992370605469
      vertex 28.02936363220215 1.5089035034179688 0.2999992370605469
      vertex 28.095375061035156 1.6271991729736328 0.2999992370605469
    endloop
  endfacet
  facet normal 0 0 -1
    outer loop
      vertex 28.792612075805664 0.7272815704345703 0.2999992370605469
      vertex 27.951351165771484 1.3974552154541016 0.2999992370605469
      vertex 28.02936363220215 1.5089035034179688 0.2999992370605469
    endloop
  endfacet
  facet normal 0 0 -1
    outer loop
      vertex 28.51595687866211 0.524937629699707 0.2999992370605469
      vertex 27.86133575439453 1.2928552627563477 0.2999992370605469
      vertex 27.951351165771484 1.3974552154541016 0.2999992370605469
    endloop
  endfacet
  facet normal 0 0 -1
    outer loop
      vertex 27.519954681396484 1.0210933685302734 0.2999992370605469
      vertex 28.029767990112305 0.29465198516845703 0.2999992370605469
      vertex 27.848716735839844 0.23741722106933594 0.2999992370605469
    endloop
  endfacet
  facet normal 0 0 -1
    outer loop
      vertex 28.363388061523438 0.4384117126464844 0.2999992370605469
      vertex 27.759319305419922 1.195103645324707 0.2999992370605469
      vertex 27.86133575439453 1.2928552627563477 0.2999992370605469
    endloop
  endfacet
  facet normal 0 0 -1
    outer loop
      vertex 27.519954681396484 1.0210933685302734 0.2999992370605469
      vertex 27.848716735839844 0.23741722106933594 0.2999992370605469
      vertex 27.658172607421875 0.18994712829589844 0.2999992370605469
    endloop
  endfacet
  facet normal 0 0 -1
    outer loop
      vertex 28.201324462890625 0.3616495132446289 0.2999992370605469
      vertex 27.645299911499023 1.1041994094848633 0.2999992370605469
      vertex 27.759319305419922 1.195103645324707 0.2999992370605469
    endloop
  endfacet
  facet normal 0 0 -1
    outer loop
      vertex 28.029767990112305 0.29465198516845703 0.2999992370605469
      vertex 27.519954681396484 1.0210933685302734 0.2999992370605469
      vertex 27.645299911499023 1.1041994094848633 0.2999992370605469
    endloop
  endfacet
  facet normal 0 0 -1
    outer loop
      vertex 27.38396453857422 0.9467353820800781 0.2999992370605469
      vertex 27.658172607421875 0.18994712829589844 0.2999992370605469
      vertex 27.458133697509766 0.15224170684814453 0.2999992370605469
    endloop
  endfacet
  facet normal 0 0 -1
    outer loop
      vertex 27.658172607421875 0.18994712829589844 0.2999992370605469
      vertex 27.38396453857422 0.9467353820800781 0.2999992370605469
      vertex 27.519954681396484 1.0210933685302734 0.2999992370605469
    endloop
  endfacet
  facet normal 0 0 -1
    outer loop
      vertex 27.237323760986328 0.8811254501342773 0.2999992370605469
      vertex 27.458133697509766 0.15224170684814453 0.2999992370605469
      vertex 27.248600006103516 0.12430000305175781 0.2999992370605469
    endloop
  endfacet
  facet normal 0 0 -1
    outer loop
      vertex 27.458133697509766 0.15224170684814453 0.2999992370605469
      vertex 27.237323760986328 0.8811254501342773 0.2999992370605469
      vertex 27.38396453857422 0.9467353820800781 0.2999992370605469
    endloop
  endfacet
  facet normal 0 0 -1
    outer loop
      vertex 29.21077537536621 3.7340478897094727 0.2999992370605469
      vertex 28.056182861328125 3.236867904663086 0.2999992370605469
      vertex 29.101459503173828 3.9209365844726562 0.2999992370605469
    endloop
  endfacet
  facet normal 0 0 -1
    outer loop
      vertex 27.987855911254883 3.3585968017578125 0.2999992370605469
      vertex 29.101459503173828 3.9209365844726562 0.2999992370605469
      vertex 28.056182861328125 3.236867904663086 0.2999992370605469
    endloop
  endfacet
  facet normal 0 0 -1
    outer loop
      vertex 29.101459503173828 3.9209365844726562 0.2999992370605469
      vertex 27.987855911254883 3.3585968017578125 0.2999992370605469
      vertex 28.975322723388672 4.095891952514648 0.2999992370605469
    endloop
  endfacet
  facet normal 0 0 -1
    outer loop
      vertex 27.909015655517578 3.4715118408203125 0.2999992370605469
      vertex 28.975322723388672 4.095891952514648 0.2999992370605469
      vertex 27.987855911254883 3.3585968017578125 0.2999992370605469
    endloop
  endfacet
  facet normal 0 0 -1
    outer loop
      vertex 28.975322723388672 4.095891952514648 0.2999992370605469
      vertex 27.909015655517578 3.4715118408203125 0.2999992370605469
      vertex 28.83237075805664 4.258912086486816 0.2999992370605469
    endloop
  endfacet
  facet normal 0 0 -1
    outer loop
      vertex 28.83237075805664 4.258912086486816 0.2999992370605469
      vertex 27.909015655517578 3.4715118408203125 0.2999992370605469
      vertex 28.67259979248047 4.409999847412109 0.2999992370605469
    endloop
  endfacet
  facet normal 0 0 -1
    outer loop
      vertex 27.819664001464844 3.5756120681762695 0.2999992370605469
      vertex 28.67259979248047 4.409999847412109 0.2999992370605469
      vertex 27.909015655517578 3.4715118408203125 0.2999992370605469
    endloop
  endfacet
  facet normal 0 0 -1
    outer loop
      vertex 28.67259979248047 4.409999847412109 0.2999992370605469
      vertex 27.819664001464844 3.5756120681762695 0.2999992370605469
      vertex 28.497249603271484 4.547863960266113 0.2999992370605469
    endloop
  endfacet
  facet normal 0 0 -1
    outer loop
      vertex 27.719799041748047 3.6708993911743164 0.2999992370605469
      vertex 28.497249603271484 4.547863960266113 0.2999992370605469
      vertex 27.819664001464844 3.5756120681762695 0.2999992370605469
    endloop
  endfacet
  facet normal 0 0 -1
    outer loop
      vertex 28.497249603271484 4.547863960266113 0.2999992370605469
      vertex 27.719799041748047 3.6708993911743164 0.2999992370605469
      vertex 28.307523727416992 4.671215057373047 0.2999992370605469
    endloop
  endfacet
  facet normal 0 0 -1
    outer loop
      vertex 27.610733032226562 3.757216453552246 0.2999992370605469
      vertex 28.307523727416992 4.671215057373047 0.2999992370605469
      vertex 27.719799041748047 3.6708993911743164 0.2999992370605469
    endloop
  endfacet
  facet normal 0 0 -1
    outer loop
      vertex 28.307523727416992 4.671215057373047 0.2999992370605469
      vertex 27.610733032226562 3.757216453552246 0.2999992370605469
      vertex 28.103418350219727 4.780055999755859 0.2999992370605469
    endloop
  endfacet
  facet normal 0 0 -1
    outer loop
      vertex 27.493732452392578 3.8344478607177734 0.2999992370605469
      vertex 28.103418350219727 4.780055999755859 0.2999992370605469
      vertex 27.610733032226562 3.757216453552246 0.2999992370605469
    endloop
  endfacet
  facet normal 0 0 -1
    outer loop
      vertex 28.103418350219727 4.780055999755859 0.2999992370605469
      vertex 27.493732452392578 3.8344478607177734 0.2999992370605469
      vertex 27.88493537902832 4.874383926391602 0.2999992370605469
    endloop
  endfacet
  facet normal 0 0 -1
    outer loop
      vertex 27.368797302246094 3.902592658996582 0.2999992370605469
      vertex 27.88493537902832 4.874383926391602 0.2999992370605469
      vertex 27.493732452392578 3.8344478607177734 0.2999992370605469
    endloop
  endfacet
  facet normal 0 0 -1
    outer loop
      vertex 27.88493537902832 4.874383926391602 0.2999992370605469
      vertex 27.368797302246094 3.902592658996582 0.2999992370605469
      vertex 27.652074813842773 4.95419979095459 0.2999992370605469
    endloop
  endfacet
  facet normal 0 0 -1
    outer loop
      vertex 27.23592758178711 3.9616518020629883 0.2999992370605469
      vertex 27.652074813842773 4.95419979095459 0.2999992370605469
      vertex 27.368797302246094 3.902592658996582 0.2999992370605469
    endloop
  endfacet
  facet normal 0 0 -1
    outer loop
      vertex 27.652074813842773 4.95419979095459 0.2999992370605469
      vertex 27.23592758178711 3.9616518020629883 0.2999992370605469
      vertex 27.404834747314453 5.019503593444824 0.2999992370605469
    endloop
  endfacet
  facet normal 0 0 -1
    outer loop
      vertex 27.095123291015625 4.011624336242676 0.2999992370605469
      vertex 27.404834747314453 5.019503593444824 0.2999992370605469
      vertex 27.23592758178711 3.9616518020629883 0.2999992370605469
    endloop
  endfacet
  facet normal 0 0 -1
    outer loop
      vertex 27.404834747314453 5.019503593444824 0.2999992370605469
      vertex 27.095123291015625 4.011624336242676 0.2999992370605469
      vertex 27.143218994140625 5.070295333862305 0.2999992370605469
    endloop
  endfacet
  facet normal 0 0 -1
    outer loop
      vertex 26.946388244628906 4.052511215209961 0.2999992370605469
      vertex 27.143218994140625 5.070295333862305 0.2999992370605469
      vertex 27.095123291015625 4.011624336242676 0.2999992370605469
    endloop
  endfacet
  facet normal 0 0 -1
    outer loop
      vertex 26.789716720581055 4.084312438964844 0.2999992370605469
      vertex 27.143218994140625 5.070295333862305 0.2999992370605469
      vertex 26.946388244628906 4.052511215209961 0.2999992370605469
    endloop
  endfacet
  facet normal 0 0 -1
    outer loop
      vertex 27.143218994140625 5.070295333862305 0.2999992370605469
      vertex 26.789716720581055 4.084312438964844 0.2999992370605469
      vertex 26.867223739624023 5.106575965881348 0.2999992370605469
    endloop
  endfacet
  facet normal 0 0 -1
    outer loop
      vertex 26.625110626220703 4.107027053833008 0.2999992370605469
      vertex 26.867223739624023 5.106575965881348 0.2999992370605469
      vertex 26.789716720581055 4.084312438964844 0.2999992370605469
    endloop
  endfacet
  facet normal 0 0 -1
    outer loop
      vertex 26.625110626220703 4.107027053833008 0.2999992370605469
      vertex 26.57685089111328 5.12834358215332 0.2999992370605469
      vertex 26.867223739624023 5.106575965881348 0.2999992370605469
    endloop
  endfacet
  facet normal 0 0 -1
    outer loop
      vertex 26.452571868896484 4.120656967163086 0.2999992370605469
      vertex 26.57685089111328 5.12834358215332 0.2999992370605469
      vertex 26.625110626220703 4.107027053833008 0.2999992370605469
    endloop
  endfacet
  facet normal 0 0 -1
    outer loop
      vertex 26.272098541259766 5.135599136352539 0.2999992370605469
      vertex 26.452571868896484 4.120656967163086 0.2999992370605469
      vertex 26.272098541259766 4.125199317932129 0.2999992370605469
    endloop
  endfacet
  facet normal 0 0 -1
    outer loop
      vertex 26.452571868896484 4.120656967163086 0.2999992370605469
      vertex 26.272098541259766 5.135599136352539 0.2999992370605469
      vertex 26.57685089111328 5.12834358215332 0.2999992370605469
    endloop
  endfacet
  facet normal 0 0 -1
    outer loop
      vertex 26.272098541259766 4.125199317932129 0.2999992370605469
      vertex 25.98772430419922 5.129055976867676 0.2999992370605469
      vertex 26.272098541259766 5.135599136352539 0.2999992370605469
    endloop
  endfacet
  facet normal 0 0 -1
    outer loop
      vertex 25.920495986938477 4.108246803283691 0.2999992370605469
      vertex 25.98772430419922 5.129055976867676 0.2999992370605469
      vertex 26.272098541259766 4.125199317932129 0.2999992370605469
    endloop
  endfacet
  facet normal 0 0 -1
    outer loop
      vertex 25.920495986938477 4.108246803283691 0.2999992370605469
      vertex 25.715084075927734 5.109423637390137 0.2999992370605469
      vertex 25.98772430419922 5.129055976867676 0.2999992370605469
    endloop
  endfacet
  facet normal 0 0 -1
    outer loop
      vertex 25.60076332092285 4.057387351989746 0.2999992370605469
      vertex 25.715084075927734 5.109423637390137 0.2999992370605469
      vertex 25.920495986938477 4.108246803283691 0.2999992370605469
    endloop
  endfacet
  facet normal 0 0 -1
    outer loop
      vertex 25.60076332092285 4.057387351989746 0.2999992370605469
      vertex 25.454174041748047 5.076703071594238 0.2999992370605469
      vertex 25.715084075927734 5.109423637390137 0.2999992370605469
    endloop
  endfacet
  facet normal 0 0 -1
    outer loop
      vertex 25.204994201660156 5.030895233154297 0.2999992370605469
      vertex 25.60076332092285 4.057387351989746 0.2999992370605469
      vertex 25.312904357910156 3.972622871398926 0.2999992370605469
    endloop
  endfacet
  facet normal 0 0 -1
    outer loop
      vertex 25.60076332092285 4.057387351989746 0.2999992370605469
      vertex 25.204994201660156 5.030895233154297 0.2999992370605469
      vertex 25.454174041748047 5.076703071594238 0.2999992370605469
    endloop
  endfacet
  facet normal 0 0 -1
    outer loop
      vertex 24.741836547851562 4.900015830993652 0.2999992370605469
      vertex 25.312904357910156 3.972622871398926 0.2999992370605469
      vertex 25.056915283203125 3.8539514541625977 0.2999992370605469
    endloop
  endfacet
  facet normal 0 0 -1
    outer loop
      vertex 25.312904357910156 3.972622871398926 0.2999992370605469
      vertex 24.967548370361328 4.971999168395996 0.2999992370605469
      vertex 25.204994201660156 5.030895233154297 0.2999992370605469
    endloop
  endfacet
  facet normal 0 0 -1
    outer loop
      vertex 24.325603485107422 4.71678352355957 0.2999992370605469
      vertex 25.056915283203125 3.8539514541625977 0.2999992370605469
      vertex 24.832799911499023 3.701374053955078 0.2999992370605469
    endloop
  endfacet
  facet normal 0 0 -1
    outer loop
      vertex 25.312904357910156 3.972622871398926 0.2999992370605469
      vertex 24.741836547851562 4.900015830993652 0.2999992370605469
      vertex 24.967548370361328 4.971999168395996 0.2999992370605469
    endloop
  endfacet
  facet normal 0 0 -1
    outer loop
      vertex 23.956298828125 4.481199264526367 0.2999992370605469
      vertex 24.832799911499023 3.701374053955078 0.2999992370605469
      vertex 24.64055633544922 3.5148916244506836 0.2999992370605469
    endloop
  endfacet
  facet normal 0 0 -1
    outer loop
      vertex 25.056915283203125 3.8539514541625977 0.2999992370605469
      vertex 24.527854919433594 4.814943313598633 0.2999992370605469
      vertex 24.741836547851562 4.900015830993652 0.2999992370605469
    endloop
  endfacet
  facet normal 0 0 -1
    outer loop
      vertex 23.638530731201172 4.1943511962890625 0.2999992370605469
      vertex 24.64055633544922 3.5148916244506836 0.2999992370605469
      vertex 24.480182647705078 3.2945022583007812 0.2999992370605469
    endloop
  endfacet
  facet normal 0 0 -1
    outer loop
      vertex 23.376907348632812 3.857327461242676 0.2999992370605469
      vertex 24.480182647705078 3.2945022583007812 0.2999992370605469
      vertex 24.3516845703125 3.040207862854004 0.2999992370605469
    endloop
  endfacet
  facet normal 0 0 -1
    outer loop
      vertex 25.056915283203125 3.8539514541625977 0.2999992370605469
      vertex 24.325603485107422 4.71678352355957 0.2999992370605469
      vertex 24.527854919433594 4.814943313598633 0.2999992370605469
    endloop
  endfacet
  facet normal 0 0 -1
    outer loop
      vertex 23.089740753173828 3.257711410522461 0.2999992370605469
      vertex 24.3516845703125 3.040207862854004 0.2999992370605469
      vertex 24.255054473876953 2.7520065307617188 0.2999992370605469
    endloop
  endfacet
  facet normal 0 0 -1
    outer loop
      vertex 22.968477249145508 2.7952470779418945 0.2999992370605469
      vertex 24.255054473876953 2.7520065307617188 0.2999992370605469
      vertex 24.19029998779297 2.429899215698242 0.2999992370605469
    endloop
  endfacet
  facet normal 0 0 -1
    outer loop
      vertex 24.832799911499023 3.701374053955078 0.2999992370605469
      vertex 24.135086059570312 4.605535507202148 0.2999992370605469
      vertex 24.325603485107422 4.71678352355957 0.2999992370605469
    endloop
  endfacet
  facet normal 0 0 -1
    outer loop
      vertex 24.832799911499023 3.701374053955078 0.2999992370605469
      vertex 23.956298828125 4.481199264526367 0.2999992370605469
      vertex 24.135086059570312 4.605535507202148 0.2999992370605469
    endloop
  endfacet
  facet normal 0 0 -1
    outer loop
      vertex 24.64055633544922 3.5148916244506836 0.2999992370605469
      vertex 23.79039764404297 4.344047546386719 0.2999992370605469
      vertex 23.956298828125 4.481199264526367 0.2999992370605469
    endloop
  endfacet
  facet normal 0 0 -1
    outer loop
      vertex 24.64055633544922 3.5148916244506836 0.2999992370605469
      vertex 23.638530731201172 4.1943511962890625 0.2999992370605469
      vertex 23.79039764404297 4.344047546386719 0.2999992370605469
    endloop
  endfacet
  facet normal 0 0 -1
    outer loop
      vertex 24.480182647705078 3.2945022583007812 0.2999992370605469
      vertex 23.500701904296875 4.032111167907715 0.2999992370605469
      vertex 23.638530731201172 4.1943511962890625 0.2999992370605469
    endloop
  endfacet
  facet normal 0 0 -1
    outer loop
      vertex 24.480182647705078 3.2945022583007812 0.2999992370605469
      vertex 23.376907348632812 3.857327461242676 0.2999992370605469
      vertex 23.500701904296875 4.032111167907715 0.2999992370605469
    endloop
  endfacet
  facet normal 0 0 -1
    outer loop
      vertex 24.3516845703125 3.040207862854004 0.2999992370605469
      vertex 23.26715087890625 3.669999122619629 0.2999992370605469
      vertex 23.376907348632812 3.857327461242676 0.2999992370605469
    endloop
  endfacet
  facet normal 0 0 -1
    outer loop
      vertex 24.3516845703125 3.040207862854004 0.2999992370605469
      vertex 23.171428680419922 3.4701271057128906 0.2999992370605469
      vertex 23.26715087890625 3.669999122619629 0.2999992370605469
    endloop
  endfacet
  facet normal 0 0 -1
    outer loop
      vertex 24.3516845703125 3.040207862854004 0.2999992370605469
      vertex 23.089740753173828 3.257711410522461 0.2999992370605469
      vertex 23.171428680419922 3.4701271057128906 0.2999992370605469
    endloop
  endfacet
  facet normal 0 0 -1
    outer loop
      vertex 24.255054473876953 2.7520065307617188 0.2999992370605469
      vertex 23.022090911865234 3.0327510833740234 0.2999992370605469
      vertex 23.089740753173828 3.257711410522461 0.2999992370605469
    endloop
  endfacet
  facet normal 0 0 -1
    outer loop
      vertex 24.255054473876953 2.7520065307617188 0.2999992370605469
      vertex 22.968477249145508 2.7952470779418945 0.2999992370605469
      vertex 23.022090911865234 3.0327510833740234 0.2999992370605469
    endloop
  endfacet
  facet normal 0 0 -1
    outer loop
      vertex 22.968477249145508 2.7952470779418945 0.2999992370605469
      vertex 24.19029998779297 2.429899215698242 0.2999992370605469
      vertex 22.92889976501465 2.545199394226074 0.2999992370605469
    endloop
  endfacet
  facet normal -0.6755897586265781 -0.7372777482325653 0
    outer loop
      vertex -2.949747085571289 -4.949747085571289 0
      vertex -2.4995126724243164 -5.362310409545898 6.34999942779541
      vertex -2.949747085571289 -4.949747085571289 6.34999942779541
    endloop
  endfacet
  facet normal -0.6755897586265781 -0.7372777482325653 0
    outer loop
      vertex -2.4995126724243164 -5.362310409545898 6.34999942779541
      vertex -2.949747085571289 -4.949747085571289 0
      vertex -2.4995126724243164 -5.362310409545898 0
    endloop
  endfacet
  facet normal 0.13052561194766218 0.9914449377679471 0
    outer loop
      vertex 27.615535736083984 6.893653869628906 0
      vertex 27.010089874267578 6.973361968994141 6.34999942779541
      vertex 27.615535736083984 6.893653869628906 6.34999942779541
    endloop
  endfacet
  facet normal 0.13052561194766218 0.9914449377679471 0
    outer loop
      vertex 27.010089874267578 6.973361968994141 6.34999942779541
      vertex 27.615535736083984 6.893653869628906 0
      vertex 27.010089874267578 6.973361968994141 0
    endloop
  endfacet
  facet normal -0.5372999354223387 0.8433912374427129 0
    outer loop
      vertex -1.5 6.062177658081055 0
      vertex -2.0150346755981445 5.734064102172852 6.34999942779541
      vertex -1.5 6.062177658081055 6.34999942779541
    endloop
  endfacet
  facet normal -0.5372999354223387 0.8433912374427129 0
    outer loop
      vertex -2.0150346755981445 5.734064102172852 6.34999942779541
      vertex -1.5 6.062177658081055 0
      vertex -2.0150346755981445 5.734064102172852 0
    endloop
  endfacet
  facet normal -0.5372999354223387 -0.8433912374427129 0
    outer loop
      vertex -2.0150346755981445 -5.734064102172852 0
      vertex -1.5 -6.062177658081055 6.34999942779541
      vertex -2.0150346755981445 -5.734064102172852 6.34999942779541
    endloop
  endfacet
  facet normal -0.5372999354223387 -0.8433912374427129 0
    outer loop
      vertex -1.5 -6.062177658081055 6.34999942779541
      vertex -2.0150346755981445 -5.734064102172852 0
      vertex -1.5 -6.062177658081055 0
    endloop
  endfacet
  facet normal 0.3826828594613489 -0.9238797698155781 0
    outer loop
      vertex 28.794139862060547 -6.577847480773926 0
      vertex 29.358325958251953 -6.344154357910156 6.34999942779541
      vertex 28.794139862060547 -6.577847480773926 6.34999942779541
    endloop
  endfacet
  facet normal 0.3826828594613489 -0.9238797698155781 0
    outer loop
      vertex 29.358325958251953 -6.344154357910156 6.34999942779541
      vertex 28.794139862060547 -6.577847480773926 0
      vertex 29.358325958251953 -6.344154357910156 0
    endloop
  endfacet
  facet normal -0.6755897586265781 0.7372777482325653 0
    outer loop
      vertex -2.4995126724243164 5.362310409545898 0
      vertex -2.949747085571289 4.949747085571289 6.34999942779541
      vertex -2.4995126724243164 5.362310409545898 6.34999942779541
    endloop
  endfacet
  facet normal -0.6755897586265781 0.7372777482325653 0
    outer loop
      vertex -2.949747085571289 4.949747085571289 6.34999942779541
      vertex -2.4995126724243164 5.362310409545898 0
      vertex -2.949747085571289 4.949747085571289 0
    endloop
  endfacet
  facet normal 0.7933528257653726 -0.6087620995512929 0
    outer loop
      vertex 31.762310028076172 -4.499512672424316 6.34999942779541
      vertex 32.134063720703125 -4.0150346755981445 0
      vertex 32.134063720703125 -4.0150346755981445 6.34999942779541
    endloop
  endfacet
  facet normal 0.7933528257653726 -0.6087620995512929 0
    outer loop
      vertex 32.134063720703125 -4.0150346755981445 0
      vertex 31.762310028076172 -4.499512672424316 6.34999942779541
      vertex 31.762310028076172 -4.499512672424316 0
    endloop
  endfacet
  facet normal 0.2164393282783352 0.9762960704491354 0
    outer loop
      vertex 28.211732864379883 6.761480331420898 0
      vertex 27.615535736083984 6.893653869628906 6.34999942779541
      vertex 28.211732864379883 6.761480331420898 6.34999942779541
    endloop
  endfacet
  facet normal 0.2164393282783352 0.9762960704491354 0
    outer loop
      vertex 27.615535736083984 6.893653869628906 6.34999942779541
      vertex 28.211732864379883 6.761480331420898 0
      vertex 27.615535736083984 6.893653869628906 0
    endloop
  endfacet
  facet normal -0.1305252077569113 0.9914449909803443 0
    outer loop
      vertex 1.3899097442626953 6.973361968994141 0
      vertex 0.7844619750976562 6.893653869628906 6.34999942779541
      vertex 1.3899097442626953 6.973361968994141 6.34999942779541
    endloop
  endfacet
  facet normal -0.1305252077569113 0.9914449909803443 0
    outer loop
      vertex 0.7844619750976562 6.893653869628906 6.34999942779541
      vertex 1.3899097442626953 6.973361968994141 0
      vertex 0.7844619750976562 6.893653869628906 0
    endloop
  endfacet
  facet normal -0.9537166550494224 0.3007067373394566 0
    outer loop
      vertex -4.761480331420898 1.8117332458496094 0
      vertex -4.577847480773926 2.3941402435302734 6.34999942779541
      vertex -4.577847480773926 2.3941402435302734 0
    endloop
  endfacet
  facet normal -0.9537166550494224 0.3007067373394566 0
    outer loop
      vertex -4.577847480773926 2.3941402435302734 6.34999942779541
      vertex -4.761480331420898 1.8117332458496094 0
      vertex -4.761480331420898 1.8117332458496094 6.34999942779541
    endloop
  endfacet
  facet normal -0.7933528257653726 0.6087620995512929 0
    outer loop
      vertex -3.7340641021728516 4.0150346755981445 0
      vertex -3.3623104095458984 4.499512672424316 6.34999942779541
      vertex -3.3623104095458984 4.499512672424316 0
    endloop
  endfacet
  facet normal -0.7933528257653726 0.6087620995512929 0
    outer loop
      vertex -3.3623104095458984 4.499512672424316 6.34999942779541
      vertex -3.7340641021728516 4.0150346755981445 0
      vertex -3.7340641021728516 4.0150346755981445 6.34999942779541
    endloop
  endfacet
  facet normal 0.9238805506536328 -0.382680974342781 0
    outer loop
      vertex 32.74415588378906 -2.958327293395996 6.34999942779541
      vertex 32.977848052978516 -2.3941402435302734 0
      vertex 32.977848052978516 -2.3941402435302734 6.34999942779541
    endloop
  endfacet
  facet normal 0.9238805506536328 -0.382680974342781 0
    outer loop
      vertex 32.977848052978516 -2.3941402435302734 0
      vertex 32.74415588378906 -2.958327293395996 6.34999942779541
      vertex 32.74415588378906 -2.958327293395996 0
    endloop
  endfacet
  facet normal -0.9537166550494224 -0.3007067373394566 0
    outer loop
      vertex -4.577847480773926 -2.3941402435302734 0
      vertex -4.761480331420898 -1.8117332458496094 6.34999942779541
      vertex -4.761480331420898 -1.8117332458496094 0
    endloop
  endfacet
  facet normal -0.9537166550494224 -0.3007067373394566 0
    outer loop
      vertex -4.761480331420898 -1.8117332458496094 6.34999942779541
      vertex -4.577847480773926 -2.3941402435302734 0
      vertex -4.577847480773926 -2.3941402435302734 6.34999942779541
    endloop
  endfacet
  facet normal -0.6087620995512929 -0.7933528257653726 0
    outer loop
      vertex -2.4995126724243164 -5.362310409545898 0
      vertex -2.0150346755981445 -5.734064102172852 6.34999942779541
      vertex -2.4995126724243164 -5.362310409545898 6.34999942779541
    endloop
  endfacet
  facet normal -0.6087620995512929 -0.7933528257653726 0
    outer loop
      vertex -2.0150346755981445 -5.734064102172852 6.34999942779541
      vertex -2.4995126724243164 -5.362310409545898 0
      vertex -2.0150346755981445 -5.734064102172852 0
    endloop
  endfacet
  facet normal 0.0436208831609382 -0.9990481562728896 0
    outer loop
      vertex 26.399999618530273 -7 0
      vertex 27.010089874267578 -6.973361968994141 6.34999942779541
      vertex 26.399999618530273 -7 6.34999942779541
    endloop
  endfacet
  facet normal 0.0436208831609382 -0.9990481562728896 0
    outer loop
      vertex 27.010089874267578 -6.973361968994141 6.34999942779541
      vertex 26.399999618530273 -7 0
      vertex 27.010089874267578 -6.973361968994141 0
    endloop
  endfacet
  facet normal -0.21643965827542716 0.9762959972905841 0
    outer loop
      vertex 0.7844619750976562 6.893653869628906 0
      vertex 0.18826580047607422 6.761480331420898 6.34999942779541
      vertex 0.7844619750976562 6.893653869628906 6.34999942779541
    endloop
  endfacet
  facet normal -0.21643965827542716 0.9762959972905841 0
    outer loop
      vertex 0.18826580047607422 6.761480331420898 6.34999942779541
      vertex 0.7844619750976562 6.893653869628906 0
      vertex 0.18826580047607422 6.761480331420898 0
    endloop
  endfacet
  facet normal 0.3007067373394566 0.9537166550494224 0
    outer loop
      vertex 28.794139862060547 6.577847480773926 0
      vertex 28.211732864379883 6.761480331420898 6.34999942779541
      vertex 28.794139862060547 6.577847480773926 6.34999942779541
    endloop
  endfacet
  facet normal 0.3007067373394566 0.9537166550494224 0
    outer loop
      vertex 28.211732864379883 6.761480331420898 6.34999942779541
      vertex 28.794139862060547 6.577847480773926 0
      vertex 28.211732864379883 6.761480331420898 0
    endloop
  endfacet
  facet normal -0.9762959972905841 0.21643965827542716 0
    outer loop
      vertex -4.893653869628906 1.2155370712280273 0
      vertex -4.761480331420898 1.8117332458496094 6.34999942779541
      vertex -4.761480331420898 1.8117332458496094 0
    endloop
  endfacet
  facet normal -0.9762959972905841 0.21643965827542716 0
    outer loop
      vertex -4.761480331420898 1.8117332458496094 6.34999942779541
      vertex -4.893653869628906 1.2155370712280273 0
      vertex -4.893653869628906 1.2155370712280273 6.34999942779541
    endloop
  endfacet
  facet normal 0.537299227740389 -0.8433916882858057 0
    outer loop
      vertex 29.899999618530273 -6.062177658081055 0
      vertex 30.415035247802734 -5.734064102172852 6.34999942779541
      vertex 29.899999618530273 -6.062177658081055 6.34999942779541
    endloop
  endfacet
  facet normal 0.537299227740389 -0.8433916882858057 0
    outer loop
      vertex 30.415035247802734 -5.734064102172852 6.34999942779541
      vertex 29.899999618530273 -6.062177658081055 0
      vertex 30.415035247802734 -5.734064102172852 0
    endloop
  endfacet
  facet normal -0.7372777482325653 0.6755897586265781 0
    outer loop
      vertex -3.3623104095458984 4.499512672424316 0
      vertex -2.949747085571289 4.949747085571289 6.34999942779541
      vertex -2.949747085571289 4.949747085571289 0
    endloop
  endfacet
  facet normal -0.7372777482325653 0.6755897586265781 0
    outer loop
      vertex -2.949747085571289 4.949747085571289 6.34999942779541
      vertex -3.3623104095458984 4.499512672424316 0
      vertex -3.3623104095458984 4.499512672424316 6.34999942779541
    endloop
  endfacet
  facet normal -0.7372777482325653 -0.6755897586265781 0
    outer loop
      vertex -2.949747085571289 -4.949747085571289 0
      vertex -3.3623104095458984 -4.499512672424316 6.34999942779541
      vertex -3.3623104095458984 -4.499512672424316 0
    endloop
  endfacet
  facet normal -0.7372777482325653 -0.6755897586265781 0
    outer loop
      vertex -3.3623104095458984 -4.499512672424316 6.34999942779541
      vertex -2.949747085571289 -4.949747085571289 0
      vertex -2.949747085571289 -4.949747085571289 6.34999942779541
    endloop
  endfacet
  facet normal -0.0436208831609382 0.9990481562728896 0
    outer loop
      vertex 2 7 0
      vertex 1.3899097442626953 6.973361968994141 6.34999942779541
      vertex 2 7 6.34999942779541
    endloop
  endfacet
  facet normal -0.0436208831609382 0.9990481562728896 0
    outer loop
      vertex 1.3899097442626953 6.973361968994141 6.34999942779541
      vertex 2 7 0
      vertex 1.3899097442626953 6.973361968994141 0
    endloop
  endfacet
  facet normal 0.0436208831609382 0.9990481562728896 0
    outer loop
      vertex 27.010089874267578 6.973361968994141 0
      vertex 26.399999618530273 7 6.34999942779541
      vertex 27.010089874267578 6.973361968994141 6.34999942779541
    endloop
  endfacet
  facet normal 0.0436208831609382 0.9990481562728896 0
    outer loop
      vertex 26.399999618530273 7 6.34999942779541
      vertex 27.010089874267578 6.973361968994141 0
      vertex 26.399999618530273 7 0
    endloop
  endfacet
  facet normal 0.4617476342297363 -0.8870113428154353 0
    outer loop
      vertex 29.358325958251953 -6.344154357910156 0
      vertex 29.899999618530273 -6.062177658081055 6.34999942779541
      vertex 29.358325958251953 -6.344154357910156 6.34999942779541
    endloop
  endfacet
  facet normal 0.4617476342297363 -0.8870113428154353 0
    outer loop
      vertex 29.899999618530273 -6.062177658081055 6.34999942779541
      vertex 29.358325958251953 -6.344154357910156 0
      vertex 29.899999618530273 -6.062177658081055 0
    endloop
  endfacet
  facet normal -0.3826823073240834 0.9238799985177273 0
    outer loop
      vertex -0.39414024353027344 6.577847480773926 0
      vertex -0.9583272933959961 6.344154357910156 6.34999942779541
      vertex -0.39414024353027344 6.577847480773926 6.34999942779541
    endloop
  endfacet
  facet normal -0.3826823073240834 0.9238799985177273 0
    outer loop
      vertex -0.9583272933959961 6.344154357910156 6.34999942779541
      vertex -0.39414024353027344 6.577847480773926 0
      vertex -0.9583272933959961 6.344154357910156 0
    endloop
  endfacet
  facet normal 0.9914449909803443 -0.1305252077569113 0
    outer loop
      vertex 33.29365539550781 -1.2155370712280273 6.34999942779541
      vertex 33.37336349487305 -0.6100893020629883 0
      vertex 33.37336349487305 -0.6100893020629883 6.34999942779541
    endloop
  endfacet
  facet normal 0.9914449909803443 -0.1305252077569113 0
    outer loop
      vertex 33.37336349487305 -0.6100893020629883 0
      vertex 33.29365539550781 -1.2155370712280273 6.34999942779541
      vertex 33.29365539550781 -1.2155370712280273 0
    endloop
  endfacet
  facet normal -0.887011009847968 0.4617482738554506 0
    outer loop
      vertex -4.344154357910156 2.958327293395996 0
      vertex -4.062177658081055 3.5 6.34999942779541
      vertex -4.062177658081055 3.5 0
    endloop
  endfacet
  facet normal -0.887011009847968 0.4617482738554506 0
    outer loop
      vertex -4.062177658081055 3.5 6.34999942779541
      vertex -4.344154357910156 2.958327293395996 0
      vertex -4.344154357910156 2.958327293395996 6.34999942779541
    endloop
  endfacet
  facet normal 0.7372777482325653 0.6755897586265781 0
    outer loop
      vertex 31.762310028076172 4.499512672424316 6.34999942779541
      vertex 31.349746704101562 4.949747085571289 0
      vertex 31.349746704101562 4.949747085571289 6.34999942779541
    endloop
  endfacet
  facet normal 0.7372777482325653 0.6755897586265781 0
    outer loop
      vertex 31.349746704101562 4.949747085571289 0
      vertex 31.762310028076172 4.499512672424316 6.34999942779541
      vertex 31.762310028076172 4.499512672424316 0
    endloop
  endfacet
  facet normal 0.2164393282783352 -0.9762960704491354 0
    outer loop
      vertex 27.615535736083984 -6.893653869628906 0
      vertex 28.211732864379883 -6.761480331420898 6.34999942779541
      vertex 27.615535736083984 -6.893653869628906 6.34999942779541
    endloop
  endfacet
  facet normal 0.2164393282783352 -0.9762960704491354 0
    outer loop
      vertex 28.211732864379883 -6.761480331420898 6.34999942779541
      vertex 27.615535736083984 -6.893653869628906 0
      vertex 28.211732864379883 -6.761480331420898 0
    endloop
  endfacet
  facet normal -0.4617482738554506 0.887011009847968 0
    outer loop
      vertex -0.9583272933959961 6.344154357910156 0
      vertex -1.5 6.062177658081055 6.34999942779541
      vertex -0.9583272933959961 6.344154357910156 6.34999942779541
    endloop
  endfacet
  facet normal -0.4617482738554506 0.887011009847968 0
    outer loop
      vertex -1.5 6.062177658081055 6.34999942779541
      vertex -0.9583272933959961 6.344154357910156 0
      vertex -1.5 6.062177658081055 0
    endloop
  endfacet
  facet normal 0 1 0
    outer loop
      vertex 26.399999618530273 7 0
      vertex 2 7 6.34999942779541
      vertex 26.399999618530273 7 6.34999942779541
    endloop
  endfacet
  facet normal 0 1 0
    outer loop
      vertex 2 7 6.34999942779541
      vertex 26.399999618530273 7 0
      vertex 2 7 0
    endloop
  endfacet
  facet normal -0.8433912374427129 0.5372999354223387 0
    outer loop
      vertex -4.062177658081055 3.5 0
      vertex -3.7340641021728516 4.0150346755981445 6.34999942779541
      vertex -3.7340641021728516 4.0150346755981445 0
    endloop
  endfacet
  facet normal -0.8433912374427129 0.5372999354223387 0
    outer loop
      vertex -3.7340641021728516 4.0150346755981445 6.34999942779541
      vertex -4.062177658081055 3.5 0
      vertex -4.062177658081055 3.5 6.34999942779541
    endloop
  endfacet
  facet normal -0.9238799985177273 0.3826823073240834 0
    outer loop
      vertex -4.577847480773926 2.3941402435302734 0
      vertex -4.344154357910156 2.958327293395996 6.34999942779541
      vertex -4.344154357910156 2.958327293395996 0
    endloop
  endfacet
  facet normal -0.9238799985177273 0.3826823073240834 0
    outer loop
      vertex -4.344154357910156 2.958327293395996 6.34999942779541
      vertex -4.577847480773926 2.3941402435302734 0
      vertex -4.577847480773926 2.3941402435302734 6.34999942779541
    endloop
  endfacet
  facet normal 0.8870097305934485 0.4617507312745028 0
    outer loop
      vertex 32.74415588378906 2.958327293395996 6.34999942779541
      vertex 32.46217727661133 3.5 0
      vertex 32.46217727661133 3.5 6.34999942779541
    endloop
  endfacet
  facet normal 0.8870097305934485 0.4617507312745028 0
    outer loop
      vertex 32.46217727661133 3.5 0
      vertex 32.74415588378906 2.958327293395996 6.34999942779541
      vertex 32.74415588378906 2.958327293395996 0
    endloop
  endfacet
  facet normal 0.13052561194766218 -0.9914449377679471 0
    outer loop
      vertex 27.010089874267578 -6.973361968994141 0
      vertex 27.615535736083984 -6.893653869628906 6.34999942779541
      vertex 27.010089874267578 -6.973361968994141 6.34999942779541
    endloop
  endfacet
  facet normal 0.13052561194766218 -0.9914449377679471 0
    outer loop
      vertex 27.615535736083984 -6.893653869628906 6.34999942779541
      vertex 27.010089874267578 -6.973361968994141 0
      vertex 27.615535736083984 -6.893653869628906 0
    endloop
  endfacet
  facet normal 0 -1 0
    outer loop
      vertex 2 -7 0
      vertex 26.399999618530273 -7 6.34999942779541
      vertex 2 -7 6.34999942779541
    endloop
  endfacet
  facet normal 0 -1 0
    outer loop
      vertex 26.399999618530273 -7 6.34999942779541
      vertex 2 -7 0
      vertex 26.399999618530273 -7 0
    endloop
  endfacet
  facet normal -0.6087620995512929 0.7933528257653726 0
    outer loop
      vertex -2.0150346755981445 5.734064102172852 0
      vertex -2.4995126724243164 5.362310409545898 6.34999942779541
      vertex -2.0150346755981445 5.734064102172852 6.34999942779541
    endloop
  endfacet
  facet normal -0.6087620995512929 0.7933528257653726 0
    outer loop
      vertex -2.4995126724243164 5.362310409545898 6.34999942779541
      vertex -2.0150346755981445 5.734064102172852 0
      vertex -2.4995126724243164 5.362310409545898 0
    endloop
  endfacet
  facet normal 0.6087620995512929 0.7933528257653726 0
    outer loop
      vertex 30.899513244628906 5.362310409545898 0
      vertex 30.415035247802734 5.734064102172852 6.34999942779541
      vertex 30.899513244628906 5.362310409545898 6.34999942779541
    endloop
  endfacet
  facet normal 0.6087620995512929 0.7933528257653726 0
    outer loop
      vertex 30.415035247802734 5.734064102172852 6.34999942779541
      vertex 30.899513244628906 5.362310409545898 0
      vertex 30.415035247802734 5.734064102172852 0
    endloop
  endfacet
  facet normal 0.6755905364965394 -0.737277035446187 0
    outer loop
      vertex 30.899513244628906 -5.362310409545898 0
      vertex 31.349746704101562 -4.949747085571289 6.34999942779541
      vertex 30.899513244628906 -5.362310409545898 6.34999942779541
    endloop
  endfacet
  facet normal 0.6755905364965394 -0.737277035446187 0
    outer loop
      vertex 31.349746704101562 -4.949747085571289 6.34999942779541
      vertex 30.899513244628906 -5.362310409545898 0
      vertex 31.349746704101562 -4.949747085571289 0
    endloop
  endfacet
  facet normal -0.3007071852136194 0.9537165138346415 0
    outer loop
      vertex 0.18826580047607422 6.761480331420898 0
      vertex -0.39414024353027344 6.577847480773926 6.34999942779541
      vertex 0.18826580047607422 6.761480331420898 6.34999942779541
    endloop
  endfacet
  facet normal -0.3007071852136194 0.9537165138346415 0
    outer loop
      vertex -0.39414024353027344 6.577847480773926 6.34999942779541
      vertex 0.18826580047607422 6.761480331420898 0
      vertex -0.39414024353027344 6.577847480773926 0
    endloop
  endfacet
  facet normal -0.9914449909803443 -0.1305252077569113 0
    outer loop
      vertex -4.893653869628906 -1.2155370712280273 0
      vertex -4.973361968994141 -0.6100893020629883 6.34999942779541
      vertex -4.973361968994141 -0.6100893020629883 0
    endloop
  endfacet
  facet normal -0.9914449909803443 -0.1305252077569113 0
    outer loop
      vertex -4.973361968994141 -0.6100893020629883 6.34999942779541
      vertex -4.893653869628906 -1.2155370712280273 0
      vertex -4.893653869628906 -1.2155370712280273 6.34999942779541
    endloop
  endfacet
  facet normal 0.9762953372913259 -0.216442635317574 0
    outer loop
      vertex 33.16147994995117 -1.8117332458496094 6.34999942779541
      vertex 33.29365539550781 -1.2155370712280273 0
      vertex 33.29365539550781 -1.2155370712280273 6.34999942779541
    endloop
  endfacet
  facet normal 0.9762953372913259 -0.216442635317574 0
    outer loop
      vertex 33.29365539550781 -1.2155370712280273 0
      vertex 33.16147994995117 -1.8117332458496094 6.34999942779541
      vertex 33.16147994995117 -1.8117332458496094 0
    endloop
  endfacet
  facet normal 0.9990481533013442 0.04362095121812208 0
    outer loop
      vertex 33.400001525878906 0 6.34999942779541
      vertex 33.37336349487305 0.6100893020629883 0
      vertex 33.37336349487305 0.6100893020629883 6.34999942779541
    endloop
  endfacet
  facet normal 0.9990481533013442 0.04362095121812208 0
    outer loop
      vertex 33.37336349487305 0.6100893020629883 0
      vertex 33.400001525878906 0 6.34999942779541
      vertex 33.400001525878906 0 0
    endloop
  endfacet
  facet normal 0.9537171029221039 -0.30070531686997004 0
    outer loop
      vertex 32.977848052978516 -2.3941402435302734 6.34999942779541
      vertex 33.16147994995117 -1.8117332458496094 0
      vertex 33.16147994995117 -1.8117332458496094 6.34999942779541
    endloop
  endfacet
  facet normal 0.9537171029221039 -0.30070531686997004 0
    outer loop
      vertex 33.16147994995117 -1.8117332458496094 0
      vertex 32.977848052978516 -2.3941402435302734 6.34999942779541
      vertex 32.977848052978516 -2.3941402435302734 0
    endloop
  endfacet
  facet normal -0.9990481533013442 -0.04362095121812208 0
    outer loop
      vertex -4.973361968994141 -0.6100893020629883 0
      vertex -5 0 6.34999942779541
      vertex -5 0 0
    endloop
  endfacet
  facet normal -0.9990481533013442 -0.04362095121812208 0
    outer loop
      vertex -5 0 6.34999942779541
      vertex -4.973361968994141 -0.6100893020629883 0
      vertex -4.973361968994141 -0.6100893020629883 6.34999942779541
    endloop
  endfacet
  facet normal -0.887011009847968 -0.4617482738554506 0
    outer loop
      vertex -4.062177658081055 -3.5 0
      vertex -4.344154357910156 -2.958327293395996 6.34999942779541
      vertex -4.344154357910156 -2.958327293395996 0
    endloop
  endfacet
  facet normal -0.887011009847968 -0.4617482738554506 0
    outer loop
      vertex -4.344154357910156 -2.958327293395996 6.34999942779541
      vertex -4.062177658081055 -3.5 0
      vertex -4.062177658081055 -3.5 6.34999942779541
    endloop
  endfacet
  facet normal -0.4617482738554506 -0.887011009847968 0
    outer loop
      vertex -1.5 -6.062177658081055 0
      vertex -0.9583272933959961 -6.344154357910156 6.34999942779541
      vertex -1.5 -6.062177658081055 6.34999942779541
    endloop
  endfacet
  facet normal -0.4617482738554506 -0.887011009847968 0
    outer loop
      vertex -0.9583272933959961 -6.344154357910156 6.34999942779541
      vertex -1.5 -6.062177658081055 0
      vertex -0.9583272933959961 -6.344154357910156 0
    endloop
  endfacet
  facet normal 0.7372777482325653 -0.6755897586265781 0
    outer loop
      vertex 31.349746704101562 -4.949747085571289 6.34999942779541
      vertex 31.762310028076172 -4.499512672424316 0
      vertex 31.762310028076172 -4.499512672424316 6.34999942779541
    endloop
  endfacet
  facet normal 0.7372777482325653 -0.6755897586265781 0
    outer loop
      vertex 31.762310028076172 -4.499512672424316 0
      vertex 31.349746704101562 -4.949747085571289 6.34999942779541
      vertex 31.349746704101562 -4.949747085571289 0
    endloop
  endfacet
  facet normal 0.9762953372913259 0.216442635317574 0
    outer loop
      vertex 33.29365539550781 1.2155370712280273 6.34999942779541
      vertex 33.16147994995117 1.8117332458496094 0
      vertex 33.16147994995117 1.8117332458496094 6.34999942779541
    endloop
  endfacet
  facet normal 0.9762953372913259 0.216442635317574 0
    outer loop
      vertex 33.16147994995117 1.8117332458496094 0
      vertex 33.29365539550781 1.2155370712280273 6.34999942779541
      vertex 33.29365539550781 1.2155370712280273 0
    endloop
  endfacet
  facet normal 0.8433912374427129 0.5372999354223387 0
    outer loop
      vertex 32.46217727661133 3.5 6.34999942779541
      vertex 32.134063720703125 4.0150346755981445 0
      vertex 32.134063720703125 4.0150346755981445 6.34999942779541
    endloop
  endfacet
  facet normal 0.8433912374427129 0.5372999354223387 0
    outer loop
      vertex 32.134063720703125 4.0150346755981445 0
      vertex 32.46217727661133 3.5 6.34999942779541
      vertex 32.46217727661133 3.5 0
    endloop
  endfacet
  facet normal 0.537299227740389 0.8433916882858057 0
    outer loop
      vertex 30.415035247802734 5.734064102172852 0
      vertex 29.899999618530273 6.062177658081055 6.34999942779541
      vertex 30.415035247802734 5.734064102172852 6.34999942779541
    endloop
  endfacet
  facet normal 0.537299227740389 0.8433916882858057 0
    outer loop
      vertex 29.899999618530273 6.062177658081055 6.34999942779541
      vertex 30.415035247802734 5.734064102172852 0
      vertex 29.899999618530273 6.062177658081055 0
    endloop
  endfacet
  facet normal -0.1305252077569113 -0.9914449909803443 0
    outer loop
      vertex 0.7844619750976562 -6.893653869628906 0
      vertex 1.3899097442626953 -6.973361968994141 6.34999942779541
      vertex 0.7844619750976562 -6.893653869628906 6.34999942779541
    endloop
  endfacet
  facet normal -0.1305252077569113 -0.9914449909803443 0
    outer loop
      vertex 1.3899097442626953 -6.973361968994141 6.34999942779541
      vertex 0.7844619750976562 -6.893653869628906 0
      vertex 1.3899097442626953 -6.973361968994141 0
    endloop
  endfacet
  facet normal 0.8433912374427129 -0.5372999354223387 0
    outer loop
      vertex 32.134063720703125 -4.0150346755981445 6.34999942779541
      vertex 32.46217727661133 -3.5 0
      vertex 32.46217727661133 -3.5 6.34999942779541
    endloop
  endfacet
  facet normal 0.8433912374427129 -0.5372999354223387 0
    outer loop
      vertex 32.46217727661133 -3.5 0
      vertex 32.134063720703125 -4.0150346755981445 6.34999942779541
      vertex 32.134063720703125 -4.0150346755981445 0
    endloop
  endfacet
  facet normal 0.9914449909803443 0.1305252077569113 0
    outer loop
      vertex 33.37336349487305 0.6100893020629883 6.34999942779541
      vertex 33.29365539550781 1.2155370712280273 0
      vertex 33.29365539550781 1.2155370712280273 6.34999942779541
    endloop
  endfacet
  facet normal 0.9914449909803443 0.1305252077569113 0
    outer loop
      vertex 33.29365539550781 1.2155370712280273 0
      vertex 33.37336349487305 0.6100893020629883 6.34999942779541
      vertex 33.37336349487305 0.6100893020629883 0
    endloop
  endfacet
  facet normal -0.9238799985177273 -0.3826823073240834 0
    outer loop
      vertex -4.344154357910156 -2.958327293395996 0
      vertex -4.577847480773926 -2.3941402435302734 6.34999942779541
      vertex -4.577847480773926 -2.3941402435302734 0
    endloop
  endfacet
  facet normal -0.9238799985177273 -0.3826823073240834 0
    outer loop
      vertex -4.577847480773926 -2.3941402435302734 6.34999942779541
      vertex -4.344154357910156 -2.958327293395996 0
      vertex -4.344154357910156 -2.958327293395996 6.34999942779541
    endloop
  endfacet
  facet normal -0.0436208831609382 -0.9990481562728896 0
    outer loop
      vertex 1.3899097442626953 -6.973361968994141 0
      vertex 2 -7 6.34999942779541
      vertex 1.3899097442626953 -6.973361968994141 6.34999942779541
    endloop
  endfacet
  facet normal -0.0436208831609382 -0.9990481562728896 0
    outer loop
      vertex 2 -7 6.34999942779541
      vertex 1.3899097442626953 -6.973361968994141 0
      vertex 2 -7 0
    endloop
  endfacet
  facet normal 0.8870097305934485 -0.4617507312745028 0
    outer loop
      vertex 32.46217727661133 -3.5 6.34999942779541
      vertex 32.74415588378906 -2.958327293395996 0
      vertex 32.74415588378906 -2.958327293395996 6.34999942779541
    endloop
  endfacet
  facet normal 0.8870097305934485 -0.4617507312745028 0
    outer loop
      vertex 32.74415588378906 -2.958327293395996 0
      vertex 32.46217727661133 -3.5 6.34999942779541
      vertex 32.46217727661133 -3.5 0
    endloop
  endfacet
  facet normal 0.3007067373394566 -0.9537166550494224 0
    outer loop
      vertex 28.211732864379883 -6.761480331420898 0
      vertex 28.794139862060547 -6.577847480773926 6.34999942779541
      vertex 28.211732864379883 -6.761480331420898 6.34999942779541
    endloop
  endfacet
  facet normal 0.3007067373394566 -0.9537166550494224 0
    outer loop
      vertex 28.794139862060547 -6.577847480773926 6.34999942779541
      vertex 28.211732864379883 -6.761480331420898 0
      vertex 28.794139862060547 -6.577847480773926 0
    endloop
  endfacet
  facet normal -0.9762959972905841 -0.21643965827542716 0
    outer loop
      vertex -4.761480331420898 -1.8117332458496094 0
      vertex -4.893653869628906 -1.2155370712280273 6.34999942779541
      vertex -4.893653869628906 -1.2155370712280273 0
    endloop
  endfacet
  facet normal -0.9762959972905841 -0.21643965827542716 0
    outer loop
      vertex -4.893653869628906 -1.2155370712280273 6.34999942779541
      vertex -4.761480331420898 -1.8117332458496094 0
      vertex -4.761480331420898 -1.8117332458496094 6.34999942779541
    endloop
  endfacet
  facet normal -0.9914449909803443 0.1305252077569113 0
    outer loop
      vertex -4.973361968994141 0.6100893020629883 0
      vertex -4.893653869628906 1.2155370712280273 6.34999942779541
      vertex -4.893653869628906 1.2155370712280273 0
    endloop
  endfacet
  facet normal -0.9914449909803443 0.1305252077569113 0
    outer loop
      vertex -4.893653869628906 1.2155370712280273 6.34999942779541
      vertex -4.973361968994141 0.6100893020629883 0
      vertex -4.973361968994141 0.6100893020629883 6.34999942779541
    endloop
  endfacet
  facet normal -0.8433912374427129 -0.5372999354223387 0
    outer loop
      vertex -3.7340641021728516 -4.0150346755981445 0
      vertex -4.062177658081055 -3.5 6.34999942779541
      vertex -4.062177658081055 -3.5 0
    endloop
  endfacet
  facet normal -0.8433912374427129 -0.5372999354223387 0
    outer loop
      vertex -4.062177658081055 -3.5 6.34999942779541
      vertex -3.7340641021728516 -4.0150346755981445 0
      vertex -3.7340641021728516 -4.0150346755981445 6.34999942779541
    endloop
  endfacet
  facet normal -0.21643965827542716 -0.9762959972905841 0
    outer loop
      vertex 0.18826580047607422 -6.761480331420898 0
      vertex 0.7844619750976562 -6.893653869628906 6.34999942779541
      vertex 0.18826580047607422 -6.761480331420898 6.34999942779541
    endloop
  endfacet
  facet normal -0.21643965827542716 -0.9762959972905841 0
    outer loop
      vertex 0.7844619750976562 -6.893653869628906 6.34999942779541
      vertex 0.18826580047607422 -6.761480331420898 0
      vertex 0.7844619750976562 -6.893653869628906 0
    endloop
  endfacet
  facet normal 0 0 1
    outer loop
      vertex 33.37336349487305 0.6100893020629883 6.34999942779541
      vertex 33.37336349487305 -0.6100893020629883 6.34999942779541
      vertex 33.400001525878906 0 6.34999942779541
    endloop
  endfacet
  facet normal 0 0 1
    outer loop
      vertex 33.29365539550781 1.2155370712280273 6.34999942779541
      vertex 33.37336349487305 -0.6100893020629883 6.34999942779541
      vertex 33.37336349487305 0.6100893020629883 6.34999942779541
    endloop
  endfacet
  facet normal 0 0 1
    outer loop
      vertex 33.29365539550781 1.2155370712280273 6.34999942779541
      vertex 33.29365539550781 -1.2155370712280273 6.34999942779541
      vertex 33.37336349487305 -0.6100893020629883 6.34999942779541
    endloop
  endfacet
  facet normal 0 0 1
    outer loop
      vertex 33.16147994995117 1.8117332458496094 6.34999942779541
      vertex 33.29365539550781 -1.2155370712280273 6.34999942779541
      vertex 33.29365539550781 1.2155370712280273 6.34999942779541
    endloop
  endfacet
  facet normal 0 0 1
    outer loop
      vertex 33.16147994995117 1.8117332458496094 6.34999942779541
      vertex 33.16147994995117 -1.8117332458496094 6.34999942779541
      vertex 33.29365539550781 -1.2155370712280273 6.34999942779541
    endloop
  endfacet
  facet normal 0 0 1
    outer loop
      vertex 32.977848052978516 2.3941402435302734 6.34999942779541
      vertex 33.16147994995117 -1.8117332458496094 6.34999942779541
      vertex 33.16147994995117 1.8117332458496094 6.34999942779541
    endloop
  endfacet
  facet normal 0 0 1
    outer loop
      vertex 32.977848052978516 2.3941402435302734 6.34999942779541
      vertex 32.977848052978516 -2.3941402435302734 6.34999942779541
      vertex 33.16147994995117 -1.8117332458496094 6.34999942779541
    endloop
  endfacet
  facet normal 0 0 1
    outer loop
      vertex 32.74415588378906 2.958327293395996 6.34999942779541
      vertex 32.977848052978516 -2.3941402435302734 6.34999942779541
      vertex 32.977848052978516 2.3941402435302734 6.34999942779541
    endloop
  endfacet
  facet normal 0 0 1
    outer loop
      vertex 32.74415588378906 2.958327293395996 6.34999942779541
      vertex 32.74415588378906 -2.958327293395996 6.34999942779541
      vertex 32.977848052978516 -2.3941402435302734 6.34999942779541
    endloop
  endfacet
  facet normal 0 0 1
    outer loop
      vertex 32.46217727661133 3.5 6.34999942779541
      vertex 32.74415588378906 -2.958327293395996 6.34999942779541
      vertex 32.74415588378906 2.958327293395996 6.34999942779541
    endloop
  endfacet
  facet normal 0 0 1
    outer loop
      vertex 32.46217727661133 3.5 6.34999942779541
      vertex 32.46217727661133 -3.5 6.34999942779541
      vertex 32.74415588378906 -2.958327293395996 6.34999942779541
    endloop
  endfacet
  facet normal 0 0 1
    outer loop
      vertex 32.134063720703125 4.0150346755981445 6.34999942779541
      vertex 32.46217727661133 -3.5 6.34999942779541
      vertex 32.46217727661133 3.5 6.34999942779541
    endloop
  endfacet
  facet normal 0 0 1
    outer loop
      vertex 32.134063720703125 4.0150346755981445 6.34999942779541
      vertex 32.134063720703125 -4.0150346755981445 6.34999942779541
      vertex 32.46217727661133 -3.5 6.34999942779541
    endloop
  endfacet
  facet normal 0 0 1
    outer loop
      vertex 31.762310028076172 4.499512672424316 6.34999942779541
      vertex 32.134063720703125 -4.0150346755981445 6.34999942779541
      vertex 32.134063720703125 4.0150346755981445 6.34999942779541
    endloop
  endfacet
  facet normal 0 0 1
    outer loop
      vertex 31.762310028076172 4.499512672424316 6.34999942779541
      vertex 31.762310028076172 -4.499512672424316 6.34999942779541
      vertex 32.134063720703125 -4.0150346755981445 6.34999942779541
    endloop
  endfacet
  facet normal 0 0 1
    outer loop
      vertex 31.349746704101562 4.949747085571289 6.34999942779541
      vertex 31.762310028076172 -4.499512672424316 6.34999942779541
      vertex 31.762310028076172 4.499512672424316 6.34999942779541
    endloop
  endfacet
  facet normal 0 0 1
    outer loop
      vertex 31.349746704101562 4.949747085571289 6.34999942779541
      vertex 31.349746704101562 -4.949747085571289 6.34999942779541
      vertex 31.762310028076172 -4.499512672424316 6.34999942779541
    endloop
  endfacet
  facet normal 0 0 1
    outer loop
      vertex 30.899513244628906 5.362310409545898 6.34999942779541
      vertex 31.349746704101562 -4.949747085571289 6.34999942779541
      vertex 31.349746704101562 4.949747085571289 6.34999942779541
    endloop
  endfacet
  facet normal 0 0 1
    outer loop
      vertex 30.899513244628906 5.362310409545898 6.34999942779541
      vertex 30.899513244628906 -5.362310409545898 6.34999942779541
      vertex 31.349746704101562 -4.949747085571289 6.34999942779541
    endloop
  endfacet
  facet normal 0 0 1
    outer loop
      vertex 30.415035247802734 5.734064102172852 6.34999942779541
      vertex 30.899513244628906 -5.362310409545898 6.34999942779541
      vertex 30.899513244628906 5.362310409545898 6.34999942779541
    endloop
  endfacet
  facet normal 0 0 1
    outer loop
      vertex 30.415035247802734 5.734064102172852 6.34999942779541
      vertex 30.415035247802734 -5.734064102172852 6.34999942779541
      vertex 30.899513244628906 -5.362310409545898 6.34999942779541
    endloop
  endfacet
  facet normal 0 0 1
    outer loop
      vertex 29.899999618530273 6.062177658081055 6.34999942779541
      vertex 30.415035247802734 -5.734064102172852 6.34999942779541
      vertex 30.415035247802734 5.734064102172852 6.34999942779541
    endloop
  endfacet
  facet normal 0 0 1
    outer loop
      vertex 29.899999618530273 6.062177658081055 6.34999942779541
      vertex 29.899999618530273 -6.062177658081055 6.34999942779541
      vertex 30.415035247802734 -5.734064102172852 6.34999942779541
    endloop
  endfacet
  facet normal 0 0 1
    outer loop
      vertex 29.358325958251953 6.344154357910156 6.34999942779541
      vertex 29.899999618530273 -6.062177658081055 6.34999942779541
      vertex 29.899999618530273 6.062177658081055 6.34999942779541
    endloop
  endfacet
  facet normal 0 0 1
    outer loop
      vertex 29.358325958251953 6.344154357910156 6.34999942779541
      vertex 29.358325958251953 -6.344154357910156 6.34999942779541
      vertex 29.899999618530273 -6.062177658081055 6.34999942779541
    endloop
  endfacet
  facet normal 0 0 1
    outer loop
      vertex 28.794139862060547 6.577847480773926 6.34999942779541
      vertex 29.358325958251953 -6.344154357910156 6.34999942779541
      vertex 29.358325958251953 6.344154357910156 6.34999942779541
    endloop
  endfacet
  facet normal 0 0 1
    outer loop
      vertex 28.794139862060547 6.577847480773926 6.34999942779541
      vertex 28.794139862060547 -6.577847480773926 6.34999942779541
      vertex 29.358325958251953 -6.344154357910156 6.34999942779541
    endloop
  endfacet
  facet normal 0 0 1
    outer loop
      vertex 28.211732864379883 6.761480331420898 6.34999942779541
      vertex 28.794139862060547 -6.577847480773926 6.34999942779541
      vertex 28.794139862060547 6.577847480773926 6.34999942779541
    endloop
  endfacet
  facet normal 0 0 1
    outer loop
      vertex 28.211732864379883 6.761480331420898 6.34999942779541
      vertex 28.211732864379883 -6.761480331420898 6.34999942779541
      vertex 28.794139862060547 -6.577847480773926 6.34999942779541
    endloop
  endfacet
  facet normal 0 0 1
    outer loop
      vertex 27.615535736083984 6.893653869628906 6.34999942779541
      vertex 28.211732864379883 -6.761480331420898 6.34999942779541
      vertex 28.211732864379883 6.761480331420898 6.34999942779541
    endloop
  endfacet
  facet normal 0 0 1
    outer loop
      vertex 27.615535736083984 6.893653869628906 6.34999942779541
      vertex 27.615535736083984 -6.893653869628906 6.34999942779541
      vertex 28.211732864379883 -6.761480331420898 6.34999942779541
    endloop
  endfacet
  facet normal 0 0 1
    outer loop
      vertex 27.010089874267578 6.973361968994141 6.34999942779541
      vertex 27.615535736083984 -6.893653869628906 6.34999942779541
      vertex 27.615535736083984 6.893653869628906 6.34999942779541
    endloop
  endfacet
  facet normal 0 0 1
    outer loop
      vertex 27.010089874267578 6.973361968994141 6.34999942779541
      vertex 27.010089874267578 -6.973361968994141 6.34999942779541
      vertex 27.615535736083984 -6.893653869628906 6.34999942779541
    endloop
  endfacet
  facet normal 0 0 1
    outer loop
      vertex 26.399999618530273 7 6.34999942779541
      vertex 27.010089874267578 -6.973361968994141 6.34999942779541
      vertex 27.010089874267578 6.973361968994141 6.34999942779541
    endloop
  endfacet
  facet normal 0 0 1
    outer loop
      vertex 26.399999618530273 7 6.34999942779541
      vertex 26.399999618530273 -7 6.34999942779541
      vertex 27.010089874267578 -6.973361968994141 6.34999942779541
    endloop
  endfacet
  facet normal 0 0 1
    outer loop
      vertex 2 7 6.34999942779541
      vertex 26.399999618530273 -7 6.34999942779541
      vertex 26.399999618530273 7 6.34999942779541
    endloop
  endfacet
  facet normal 0 0 1
    outer loop
      vertex 2 7 6.34999942779541
      vertex 2 -7 6.34999942779541
      vertex 26.399999618530273 -7 6.34999942779541
    endloop
  endfacet
  facet normal 0 0 1
    outer loop
      vertex 1.3899097442626953 6.973361968994141 6.34999942779541
      vertex 2 -7 6.34999942779541
      vertex 2 7 6.34999942779541
    endloop
  endfacet
  facet normal 0 0 1
    outer loop
      vertex 1.3899097442626953 6.973361968994141 6.34999942779541
      vertex 1.3899097442626953 -6.973361968994141 6.34999942779541
      vertex 2 -7 6.34999942779541
    endloop
  endfacet
  facet normal 0 0 1
    outer loop
      vertex 0.7844619750976562 6.893653869628906 6.34999942779541
      vertex 1.3899097442626953 -6.973361968994141 6.34999942779541
      vertex 1.3899097442626953 6.973361968994141 6.34999942779541
    endloop
  endfacet
  facet normal 0 0 1
    outer loop
      vertex 0.7844619750976562 6.893653869628906 6.34999942779541
      vertex 0.7844619750976562 -6.893653869628906 6.34999942779541
      vertex 1.3899097442626953 -6.973361968994141 6.34999942779541
    endloop
  endfacet
  facet normal 0 0 1
    outer loop
      vertex 0.18826580047607422 6.761480331420898 6.34999942779541
      vertex 0.7844619750976562 -6.893653869628906 6.34999942779541
      vertex 0.7844619750976562 6.893653869628906 6.34999942779541
    endloop
  endfacet
  facet normal 0 0 1
    outer loop
      vertex 0.18826580047607422 6.761480331420898 6.34999942779541
      vertex 0.18826580047607422 -6.761480331420898 6.34999942779541
      vertex 0.7844619750976562 -6.893653869628906 6.34999942779541
    endloop
  endfacet
  facet normal 0 0 1
    outer loop
      vertex -0.39414024353027344 6.577847480773926 6.34999942779541
      vertex 0.18826580047607422 -6.761480331420898 6.34999942779541
      vertex 0.18826580047607422 6.761480331420898 6.34999942779541
    endloop
  endfacet
  facet normal 0 0 1
    outer loop
      vertex -0.39414024353027344 6.577847480773926 6.34999942779541
      vertex -0.39414024353027344 -6.577847480773926 6.34999942779541
      vertex 0.18826580047607422 -6.761480331420898 6.34999942779541
    endloop
  endfacet
  facet normal 0 0 1
    outer loop
      vertex -0.9583272933959961 6.344154357910156 6.34999942779541
      vertex -0.39414024353027344 -6.577847480773926 6.34999942779541
      vertex -0.39414024353027344 6.577847480773926 6.34999942779541
    endloop
  endfacet
  facet normal 0 0 1
    outer loop
      vertex -0.9583272933959961 6.344154357910156 6.34999942779541
      vertex -0.9583272933959961 -6.344154357910156 6.34999942779541
      vertex -0.39414024353027344 -6.577847480773926 6.34999942779541
    endloop
  endfacet
  facet normal 0 0 1
    outer loop
      vertex -1.5 6.062177658081055 6.34999942779541
      vertex -0.9583272933959961 -6.344154357910156 6.34999942779541
      vertex -0.9583272933959961 6.344154357910156 6.34999942779541
    endloop
  endfacet
  facet normal 0 0 1
    outer loop
      vertex -1.5 6.062177658081055 6.34999942779541
      vertex -1.5 -6.062177658081055 6.34999942779541
      vertex -0.9583272933959961 -6.344154357910156 6.34999942779541
    endloop
  endfacet
  facet normal 0 0 1
    outer loop
      vertex -2.0150346755981445 5.734064102172852 6.34999942779541
      vertex -1.5 -6.062177658081055 6.34999942779541
      vertex -1.5 6.062177658081055 6.34999942779541
    endloop
  endfacet
  facet normal 0 0 1
    outer loop
      vertex -2.0150346755981445 5.734064102172852 6.34999942779541
      vertex -2.0150346755981445 -5.734064102172852 6.34999942779541
      vertex -1.5 -6.062177658081055 6.34999942779541
    endloop
  endfacet
  facet normal 0 0 1
    outer loop
      vertex -2.4995126724243164 5.362310409545898 6.34999942779541
      vertex -2.0150346755981445 -5.734064102172852 6.34999942779541
      vertex -2.0150346755981445 5.734064102172852 6.34999942779541
    endloop
  endfacet
  facet normal 0 0 1
    outer loop
      vertex -2.4995126724243164 5.362310409545898 6.34999942779541
      vertex -2.4995126724243164 -5.362310409545898 6.34999942779541
      vertex -2.0150346755981445 -5.734064102172852 6.34999942779541
    endloop
  endfacet
  facet normal 0 0 1
    outer loop
      vertex -2.949747085571289 4.949747085571289 6.34999942779541
      vertex -2.4995126724243164 -5.362310409545898 6.34999942779541
      vertex -2.4995126724243164 5.362310409545898 6.34999942779541
    endloop
  endfacet
  facet normal 0 0 1
    outer loop
      vertex -2.949747085571289 4.949747085571289 6.34999942779541
      vertex -2.949747085571289 -4.949747085571289 6.34999942779541
      vertex -2.4995126724243164 -5.362310409545898 6.34999942779541
    endloop
  endfacet
  facet normal 0 0 1
    outer loop
      vertex -3.3623104095458984 4.499512672424316 6.34999942779541
      vertex -2.949747085571289 -4.949747085571289 6.34999942779541
      vertex -2.949747085571289 4.949747085571289 6.34999942779541
    endloop
  endfacet
  facet normal 0 0 1
    outer loop
      vertex -3.3623104095458984 4.499512672424316 6.34999942779541
      vertex -3.3623104095458984 -4.499512672424316 6.34999942779541
      vertex -2.949747085571289 -4.949747085571289 6.34999942779541
    endloop
  endfacet
  facet normal 0 0 1
    outer loop
      vertex -3.7340641021728516 4.0150346755981445 6.34999942779541
      vertex -3.3623104095458984 -4.499512672424316 6.34999942779541
      vertex -3.3623104095458984 4.499512672424316 6.34999942779541
    endloop
  endfacet
  facet normal 0 0 1
    outer loop
      vertex -3.7340641021728516 4.0150346755981445 6.34999942779541
      vertex -3.7340641021728516 -4.0150346755981445 6.34999942779541
      vertex -3.3623104095458984 -4.499512672424316 6.34999942779541
    endloop
  endfacet
  facet normal 0 0 1
    outer loop
      vertex -4.062177658081055 3.5 6.34999942779541
      vertex -3.7340641021728516 -4.0150346755981445 6.34999942779541
      vertex -3.7340641021728516 4.0150346755981445 6.34999942779541
    endloop
  endfacet
  facet normal 0 0 1
    outer loop
      vertex -4.062177658081055 3.5 6.34999942779541
      vertex -4.062177658081055 -3.5 6.34999942779541
      vertex -3.7340641021728516 -4.0150346755981445 6.34999942779541
    endloop
  endfacet
  facet normal 0 0 1
    outer loop
      vertex -4.344154357910156 2.958327293395996 6.34999942779541
      vertex -4.062177658081055 -3.5 6.34999942779541
      vertex -4.062177658081055 3.5 6.34999942779541
    endloop
  endfacet
  facet normal 0 0 1
    outer loop
      vertex -4.344154357910156 2.958327293395996 6.34999942779541
      vertex -4.344154357910156 -2.958327293395996 6.34999942779541
      vertex -4.062177658081055 -3.5 6.34999942779541
    endloop
  endfacet
  facet normal 0 0 1
    outer loop
      vertex -4.577847480773926 2.3941402435302734 6.34999942779541
      vertex -4.344154357910156 -2.958327293395996 6.34999942779541
      vertex -4.344154357910156 2.958327293395996 6.34999942779541
    endloop
  endfacet
  facet normal 0 0 1
    outer loop
      vertex -4.577847480773926 2.3941402435302734 6.34999942779541
      vertex -4.577847480773926 -2.3941402435302734 6.34999942779541
      vertex -4.344154357910156 -2.958327293395996 6.34999942779541
    endloop
  endfacet
  facet normal 0 0 1
    outer loop
      vertex -4.761480331420898 1.8117332458496094 6.34999942779541
      vertex -4.577847480773926 -2.3941402435302734 6.34999942779541
      vertex -4.577847480773926 2.3941402435302734 6.34999942779541
    endloop
  endfacet
  facet normal 0 0 1
    outer loop
      vertex -4.761480331420898 1.8117332458496094 6.34999942779541
      vertex -4.761480331420898 -1.8117332458496094 6.34999942779541
      vertex -4.577847480773926 -2.3941402435302734 6.34999942779541
    endloop
  endfacet
  facet normal 0 0 1
    outer loop
      vertex -4.893653869628906 1.2155370712280273 6.34999942779541
      vertex -4.761480331420898 -1.8117332458496094 6.34999942779541
      vertex -4.761480331420898 1.8117332458496094 6.34999942779541
    endloop
  endfacet
  facet normal 0 0 1
    outer loop
      vertex -4.893653869628906 1.2155370712280273 6.34999942779541
      vertex -4.893653869628906 -1.2155370712280273 6.34999942779541
      vertex -4.761480331420898 -1.8117332458496094 6.34999942779541
    endloop
  endfacet
  facet normal 0 0 1
    outer loop
      vertex -4.973361968994141 0.6100893020629883 6.34999942779541
      vertex -4.893653869628906 -1.2155370712280273 6.34999942779541
      vertex -4.893653869628906 1.2155370712280273 6.34999942779541
    endloop
  endfacet
  facet normal 0 0 1
    outer loop
      vertex -4.973361968994141 0.6100893020629883 6.34999942779541
      vertex -4.973361968994141 -0.6100893020629883 6.34999942779541
      vertex -4.893653869628906 -1.2155370712280273 6.34999942779541
    endloop
  endfacet
  facet normal 0 0 1
    outer loop
      vertex -4.973361968994141 -0.6100893020629883 6.34999942779541
      vertex -4.973361968994141 0.6100893020629883 6.34999942779541
      vertex -5 0 6.34999942779541
    endloop
  endfacet
  facet normal 0.9238805506536328 0.382680974342781 0
    outer loop
      vertex 32.977848052978516 2.3941402435302734 6.34999942779541
      vertex 32.74415588378906 2.958327293395996 0
      vertex 32.74415588378906 2.958327293395996 6.34999942779541
    endloop
  endfacet
  facet normal 0.9238805506536328 0.382680974342781 0
    outer loop
      vertex 32.74415588378906 2.958327293395996 0
      vertex 32.977848052978516 2.3941402435302734 6.34999942779541
      vertex 32.977848052978516 2.3941402435302734 0
    endloop
  endfacet
  facet normal 0.4617476342297363 0.8870113428154353 0
    outer loop
      vertex 29.899999618530273 6.062177658081055 0
      vertex 29.358325958251953 6.344154357910156 6.34999942779541
      vertex 29.899999618530273 6.062177658081055 6.34999942779541
    endloop
  endfacet
  facet normal 0.4617476342297363 0.8870113428154353 0
    outer loop
      vertex 29.358325958251953 6.344154357910156 6.34999942779541
      vertex 29.899999618530273 6.062177658081055 0
      vertex 29.358325958251953 6.344154357910156 0
    endloop
  endfacet
  facet normal 0.6755905364965394 0.737277035446187 0
    outer loop
      vertex 31.349746704101562 4.949747085571289 0
      vertex 30.899513244628906 5.362310409545898 6.34999942779541
      vertex 31.349746704101562 4.949747085571289 6.34999942779541
    endloop
  endfacet
  facet normal 0.6755905364965394 0.737277035446187 0
    outer loop
      vertex 30.899513244628906 5.362310409545898 6.34999942779541
      vertex 31.349746704101562 4.949747085571289 0
      vertex 30.899513244628906 5.362310409545898 0
    endloop
  endfacet
  facet normal 0.3826828594613489 0.9238797698155781 0
    outer loop
      vertex 29.358325958251953 6.344154357910156 0
      vertex 28.794139862060547 6.577847480773926 6.34999942779541
      vertex 29.358325958251953 6.344154357910156 6.34999942779541
    endloop
  endfacet
  facet normal 0.3826828594613489 0.9238797698155781 0
    outer loop
      vertex 28.794139862060547 6.577847480773926 6.34999942779541
      vertex 29.358325958251953 6.344154357910156 0
      vertex 28.794139862060547 6.577847480773926 0
    endloop
  endfacet
  facet normal 0.6087620995512929 -0.7933528257653726 0
    outer loop
      vertex 30.415035247802734 -5.734064102172852 0
      vertex 30.899513244628906 -5.362310409545898 6.34999942779541
      vertex 30.415035247802734 -5.734064102172852 6.34999942779541
    endloop
  endfacet
  facet normal 0.6087620995512929 -0.7933528257653726 0
    outer loop
      vertex 30.899513244628906 -5.362310409545898 6.34999942779541
      vertex 30.415035247802734 -5.734064102172852 0
      vertex 30.899513244628906 -5.362310409545898 0
    endloop
  endfacet
  facet normal -0.9990481533013442 0.04362095121812208 0
    outer loop
      vertex -5 0 0
      vertex -4.973361968994141 0.6100893020629883 6.34999942779541
      vertex -4.973361968994141 0.6100893020629883 0
    endloop
  endfacet
  facet normal -0.9990481533013442 0.04362095121812208 0
    outer loop
      vertex -4.973361968994141 0.6100893020629883 6.34999942779541
      vertex -5 0 0
      vertex -5 0 6.34999942779541
    endloop
  endfacet
  facet normal 0.9990481533013442 -0.04362095121812208 0
    outer loop
      vertex 33.37336349487305 -0.6100893020629883 6.34999942779541
      vertex 33.400001525878906 0 0
      vertex 33.400001525878906 0 6.34999942779541
    endloop
  endfacet
  facet normal 0.9990481533013442 -0.04362095121812208 0
    outer loop
      vertex 33.400001525878906 0 0
      vertex 33.37336349487305 -0.6100893020629883 6.34999942779541
      vertex 33.37336349487305 -0.6100893020629883 0
    endloop
  endfacet
  facet normal 0 0 -1
    outer loop
      vertex 29.06477928161621 -1.1924991607666016 0
      vertex 33.400001525878906 0 0
      vertex 33.37336349487305 -0.6100893020629883 0
    endloop
  endfacet
  facet normal 0 0 -1
    outer loop
      vertex 29.1210994720459 -1.3379249572753906 0
      vertex 33.37336349487305 -0.6100893020629883 0
      vertex 33.29365539550781 -1.2155370712280273 0
    endloop
  endfacet
  facet normal 0 0 -1
    outer loop
      vertex 33.400001525878906 0 0
      vertex 29.06477928161621 -1.1924991607666016 0
      vertex 29.221067428588867 1.2332792282104492 0
    endloop
  endfacet
  facet normal 0 0 -1
    outer loop
      vertex 29.167179107666016 -1.490199089050293 0
      vertex 33.29365539550781 -1.2155370712280273 0
      vertex 33.16147994995117 -1.8117332458496094 0
    endloop
  endfacet
  facet normal 0 0 -1
    outer loop
      vertex 33.400001525878906 0 0
      vertex 29.221067428588867 1.2332792282104492 0
      vertex 33.37336349487305 0.6100893020629883 0
    endloop
  endfacet
  facet normal 0 0 -1
    outer loop
      vertex 29.228618621826172 -1.8152999877929688 0
      vertex 33.16147994995117 -1.8117332458496094 0
      vertex 32.977848052978516 -2.3941402435302734 0
    endloop
  endfacet
  facet normal 0 0 -1
    outer loop
      vertex 29.29865264892578 1.375819206237793 0
      vertex 33.37336349487305 0.6100893020629883 0
      vertex 29.221067428588867 1.2332792282104492 0
    endloop
  endfacet
  facet normal 0 0 -1
    outer loop
      vertex 29.243980407714844 -1.9881248474121094 0
      vertex 32.977848052978516 -2.3941402435302734 0
      vertex 32.74415588378906 -2.958327293395996 0
    endloop
  endfacet
  facet normal 0 0 -1
    outer loop
      vertex 29.364299774169922 1.5245990753173828 0
      vertex 33.37336349487305 0.6100893020629883 0
      vertex 29.29865264892578 1.375819206237793 0
    endloop
  endfacet
  facet normal 0 0 -1
    outer loop
      vertex 29.241130828857422 -2.401243209838867 0
      vertex 32.74415588378906 -2.958327293395996 0
      vertex 32.46217727661133 -3.5 0
    endloop
  endfacet
  facet normal 0 0 -1
    outer loop
      vertex 33.37336349487305 -0.6100893020629883 0
      vertex 29.1210994720459 -1.3379249572753906 0
      vertex 29.06477928161621 -1.1924991607666016 0
    endloop
  endfacet
  facet normal 0 0 -1
    outer loop
      vertex 29.217227935791016 -2.6241750717163086 0
      vertex 32.46217727661133 -3.5 0
      vertex 32.134063720703125 -4.0150346755981445 0
    endloop
  endfacet
  facet normal 0 0 -1
    outer loop
      vertex 33.29365539550781 1.2155370712280273 0
      vertex 29.418010711669922 1.6796197891235352 0
      vertex 33.16147994995117 1.8117332458496094 0
    endloop
  endfacet
  facet normal 0 0 -1
    outer loop
      vertex 29.177387237548828 -2.8365955352783203 0
      vertex 32.134063720703125 -4.0150346755981445 0
      vertex 31.762310028076172 -4.499512672424316 0
    endloop
  endfacet
  facet normal 0 0 -1
    outer loop
      vertex 33.29365539550781 -1.2155370712280273 0
      vertex 29.167179107666016 -1.490199089050293 0
      vertex 29.1210994720459 -1.3379249572753906 0
    endloop
  endfacet
  facet normal 0 0 -1
    outer loop
      vertex 29.04990005493164 -3.2298994064331055 0
      vertex 31.762310028076172 -4.499512672424316 0
      vertex 31.349746704101562 -4.949747085571289 0
    endloop
  endfacet
  facet normal 0 0 -1
    outer loop
      vertex 29.507530212402344 2.182119369506836 0
      vertex 32.977848052978516 2.3941402435302734 0
      vertex 29.489627838134766 2.0083799362182617 0
    endloop
  endfacet
  facet normal 0 0 -1
    outer loop
      vertex 28.962251663208008 -3.4107837677001953 0
      vertex 31.349746704101562 -4.949747085571289 0
      vertex 30.899513244628906 -5.362310409545898 0
    endloop
  endfacet
  facet normal 0 0 -1
    outer loop
      vertex 29.513500213623047 2.3620996475219727 0
      vertex 32.74415588378906 2.958327293395996 0
      vertex 29.507530212402344 2.182119369506836 0
    endloop
  endfacet
  facet normal 0 0 -1
    outer loop
      vertex 28.739147186279297 -3.7410154342651367 0
      vertex 30.899513244628906 -5.362310409545898 0
      vertex 30.415035247802734 -5.734064102172852 0
    endloop
  endfacet
  facet normal 0 0 -1
    outer loop
      vertex 29.505090713500977 2.6205921173095703 0
      vertex 32.46217727661133 3.5 0
      vertex 29.513500213623047 2.3620996475219727 0
    endloop
  endfacet
  facet normal 0 0 -1
    outer loop
      vertex 28.60369110107422 -3.8903636932373047 0
      vertex 30.415035247802734 -5.734064102172852 0
      vertex 29.899999618530273 -6.062177658081055 0
    endloop
  endfacet
  facet normal 0 0 -1
    outer loop
      vertex 32.46217727661133 3.5 0
      vertex 29.479862213134766 2.8671512603759766 0
      vertex 32.134063720703125 4.0150346755981445 0
    endloop
  endfacet
  facet normal 0 0 -1
    outer loop
      vertex 32.134063720703125 4.0150346755981445 0
      vertex 29.43781852722168 3.101776123046875 0
      vertex 31.762310028076172 4.499512672424316 0
    endloop
  endfacet
  facet normal 0 0 -1
    outer loop
      vertex 29.378955841064453 3.324467658996582 0
      vertex 31.762310028076172 4.499512672424316 0
      vertex 29.43781852722168 3.101776123046875 0
    endloop
  endfacet
  facet normal 0 0 -1
    outer loop
      vertex 29.43781852722168 3.101776123046875 0
      vertex 32.134063720703125 4.0150346755981445 0
      vertex 29.479862213134766 2.8671512603759766 0
    endloop
  endfacet
  facet normal 0 0 -1
    outer loop
      vertex 32.977848052978516 -2.3941402435302734 0
      vertex 29.243980407714844 -1.9881248474121094 0
      vertex 29.228618621826172 -1.8152999877929688 0
    endloop
  endfacet
  facet normal 0 0 -1
    outer loop
      vertex 29.479862213134766 2.8671512603759766 0
      vertex 32.46217727661133 3.5 0
      vertex 29.505090713500977 2.6205921173095703 0
    endloop
  endfacet
  facet normal 0 0 -1
    outer loop
      vertex 33.16147994995117 -1.8117332458496094 0
      vertex 29.228618621826172 -1.8152999877929688 0
      vertex 29.203018188476562 -1.6493244171142578 0
    endloop
  endfacet
  facet normal 0 0 -1
    outer loop
      vertex 28.286529541015625 -4.156119346618652 0
      vertex 29.899999618530273 -6.062177658081055 0
      vertex 29.358325958251953 -6.344154357910156 0
    endloop
  endfacet
  facet normal 0 0 -1
    outer loop
      vertex 32.74415588378906 -2.958327293395996 0
      vertex 29.249099731445312 -2.167799949645996 0
      vertex 29.243980407714844 -1.9881248474121094 0
    endloop
  endfacet
  facet normal 0 0 -1
    outer loop
      vertex 32.74415588378906 2.958327293395996 0
      vertex 29.513500213623047 2.3620996475219727 0
      vertex 32.46217727661133 3.5 0
    endloop
  endfacet
  facet normal 0 0 -1
    outer loop
      vertex 32.74415588378906 -2.958327293395996 0
      vertex 29.241130828857422 -2.401243209838867 0
      vertex 29.249099731445312 -2.167799949645996 0
    endloop
  endfacet
  facet normal 0 0 -1
    outer loop
      vertex 32.46217727661133 -3.5 0
      vertex 29.217227935791016 -2.6241750717163086 0
      vertex 29.241130828857422 -2.401243209838867 0
    endloop
  endfacet
  facet normal 0 0 -1
    outer loop
      vertex 32.134063720703125 -4.0150346755981445 0
      vertex 29.177387237548828 -2.8365955352783203 0
      vertex 29.217227935791016 -2.6241750717163086 0
    endloop
  endfacet
  facet normal 0 0 -1
    outer loop
      vertex 31.762310028076172 -4.499512672424316 0
      vertex 29.121612548828125 -3.038503646850586 0
      vertex 29.177387237548828 -2.8365955352783203 0
    endloop
  endfacet
  facet normal 0 0 -1
    outer loop
      vertex 31.762310028076172 -4.499512672424316 0
      vertex 29.04990005493164 -3.2298994064331055 0
      vertex 29.121612548828125 -3.038503646850586 0
    endloop
  endfacet
  facet normal 0 0 -1
    outer loop
      vertex 31.349746704101562 -4.949747085571289 0
      vertex 28.962251663208008 -3.4107837677001953 0
      vertex 29.04990005493164 -3.2298994064331055 0
    endloop
  endfacet
  facet normal 0 0 -1
    outer loop
      vertex 30.899513244628906 -5.362310409545898 0
      vertex 28.858667373657227 -3.581155776977539 0
      vertex 28.962251663208008 -3.4107837677001953 0
    endloop
  endfacet
  facet normal 0 0 -1
    outer loop
      vertex 28.10794448852539 -4.269679069519043 0
      vertex 29.358325958251953 -6.344154357910156 0
      vertex 28.794139862060547 -6.577847480773926 0
    endloop
  endfacet
  facet normal 0 0 -1
    outer loop
      vertex 30.899513244628906 -5.362310409545898 0
      vertex 28.739147186279297 -3.7410154342651367 0
      vertex 28.858667373657227 -3.581155776977539 0
    endloop
  endfacet
  facet normal 0 0 -1
    outer loop
      vertex 30.415035247802734 -5.734064102172852 0
      vertex 28.60369110107422 -3.8903636932373047 0
      vertex 28.739147186279297 -3.7410154342651367 0
    endloop
  endfacet
  facet normal 0 0 -1
    outer loop
      vertex 29.899999618530273 -6.062177658081055 0
      vertex 28.452299118041992 -4.029199600219727 0
      vertex 28.60369110107422 -3.8903636932373047 0
    endloop
  endfacet
  facet normal 0 0 -1
    outer loop
      vertex 29.899999618530273 -6.062177658081055 0
      vertex 28.286529541015625 -4.156119346618652 0
      vertex 28.452299118041992 -4.029199600219727 0
    endloop
  endfacet
  facet normal 0 0 -1
    outer loop
      vertex 27.71231460571289 -4.456719398498535 0
      vertex 28.794139862060547 -6.577847480773926 0
      vertex 28.211732864379883 -6.761480331420898 0
    endloop
  endfacet
  facet normal 0 0 -1
    outer loop
      vertex 29.358325958251953 -6.344154357910156 0
      vertex 28.10794448852539 -4.269679069519043 0
      vertex 28.286529541015625 -4.156119346618652 0
    endloop
  endfacet
  facet normal 0 0 -1
    outer loop
      vertex 28.794139862060547 -6.577847480773926 0
      vertex 27.91653823852539 -4.369879722595215 0
      vertex 28.10794448852539 -4.269679069519043 0
    endloop
  endfacet
  facet normal 0 0 -1
    outer loop
      vertex 28.794139862060547 -6.577847480773926 0
      vertex 27.71231460571289 -4.456719398498535 0
      vertex 27.91653823852539 -4.369879722595215 0
    endloop
  endfacet
  facet normal 0 0 -1
    outer loop
      vertex 27.26541519165039 -4.590319633483887 0
      vertex 28.211732864379883 -6.761480331420898 0
      vertex 27.615535736083984 -6.893653869628906 0
    endloop
  endfacet
  facet normal 0 0 -1
    outer loop
      vertex 28.211732864379883 -6.761480331420898 0
      vertex 27.49527359008789 -4.53019905090332 0
      vertex 27.71231460571289 -4.456719398498535 0
    endloop
  endfacet
  facet normal 0 0 -1
    outer loop
      vertex 28.211732864379883 -6.761480331420898 0
      vertex 27.26541519165039 -4.590319633483887 0
      vertex 27.49527359008789 -4.53019905090332 0
    endloop
  endfacet
  facet normal 0 0 -1
    outer loop
      vertex 27.615535736083984 -6.893653869628906 0
      vertex 27.02273941040039 -4.637079238891602 0
      vertex 27.26541519165039 -4.590319633483887 0
    endloop
  endfacet
  facet normal 0 0 -1
    outer loop
      vertex 27.010089874267578 -6.973361968994141 0
      vertex 27.02273941040039 -4.637079238891602 0
      vertex 27.615535736083984 -6.893653869628906 0
    endloop
  endfacet
  facet normal 0 0 -1
    outer loop
      vertex 27.010089874267578 -6.973361968994141 0
      vertex 26.767242431640625 -4.670479774475098 0
      vertex 27.02273941040039 -4.637079238891602 0
    endloop
  endfacet
  facet normal 0 0 -1
    outer loop
      vertex 27.010089874267578 -6.973361968994141 0
      vertex 26.498931884765625 -4.690519332885742 0
      vertex 26.767242431640625 -4.670479774475098 0
    endloop
  endfacet
  facet normal 0 0 -1
    outer loop
      vertex 26.399999618530273 -7 0
      vertex 26.498931884765625 -4.690519332885742 0
      vertex 27.010089874267578 -6.973361968994141 0
    endloop
  endfacet
  facet normal 0 0 -1
    outer loop
      vertex 26.399999618530273 -7 0
      vertex 26.21780014038086 -4.697199821472168 0
      vertex 26.498931884765625 -4.690519332885742 0
    endloop
  endfacet
  facet normal 0 0 -1
    outer loop
      vertex 26.399999618530273 -7 0
      vertex 25.95948028564453 -4.690621376037598 0
      vertex 26.21780014038086 -4.697199821472168 0
    endloop
  endfacet
  facet normal 0 0 -1
    outer loop
      vertex 26.399999618530273 -7 0
      vertex 25.71072006225586 -4.6708879470825195 0
      vertex 25.95948028564453 -4.690621376037598 0
    endloop
  endfacet
  facet normal 0 0 -1
    outer loop
      vertex 26.399999618530273 -7 0
      vertex 25.471519470214844 -4.637997627258301 0
      vertex 25.71072006225586 -4.6708879470825195 0
    endloop
  endfacet
  facet normal 0 0 -1
    outer loop
      vertex 26.399999618530273 -7 0
      vertex 25.241878509521484 -4.591951370239258 0
      vertex 25.471519470214844 -4.637997627258301 0
    endloop
  endfacet
  facet normal 0 0 -1
    outer loop
      vertex 26.399999618530273 -7 0
      vertex 25.021799087524414 -4.532749176025391 0
      vertex 25.241878509521484 -4.591951370239258 0
    endloop
  endfacet
  facet normal 0 0 -1
    outer loop
      vertex 26.399999618530273 -7 0
      vertex 24.811279296875 -4.460391998291016 0
      vertex 25.021799087524414 -4.532749176025391 0
    endloop
  endfacet
  facet normal 0 0 -1
    outer loop
      vertex 26.399999618530273 -7 0
      vertex 24.610319137573242 -4.3748779296875 0
      vertex 24.811279296875 -4.460391998291016 0
    endloop
  endfacet
  facet normal 0 0 -1
    outer loop
      vertex 26.399999618530273 -7 0
      vertex 24.41891860961914 -4.27620792388916 0
      vertex 24.610319137573242 -4.3748779296875 0
    endloop
  endfacet
  facet normal 0 0 -1
    outer loop
      vertex 26.399999618530273 -7 0
      vertex 24.237079620361328 -4.164381980895996 0
      vertex 24.41891860961914 -4.27620792388916 0
    endloop
  endfacet
  facet normal 0 0 -1
    outer loop
      vertex 26.399999618530273 -7 0
      vertex 24.064800262451172 -4.039399147033691 0
      vertex 24.237079620361328 -4.164381980895996 0
    endloop
  endfacet
  facet normal 0 0 -1
    outer loop
      vertex 16.037738800048828 -4.145184516906738 0
      vertex 24.064800262451172 -4.039399147033691 0
      vertex 26.399999618530273 -7 0
    endloop
  endfacet
  facet normal 0 0 -1
    outer loop
      vertex 16.19969940185547 -4.01569938659668 0
      vertex 24.064800262451172 -4.039399147033691 0
      vertex 16.037738800048828 -4.145184516906738 0
    endloop
  endfacet
  facet normal 0 0 -1
    outer loop
      vertex 24.064800262451172 -4.039399147033691 0
      vertex 16.19969940185547 -4.01569938659668 0
      vertex 23.904319763183594 -3.90268611907959 0
    endloop
  endfacet
  facet normal 0 0 -1
    outer loop
      vertex 16.813447952270508 -1.1942873001098633 0
      vertex 22.92889976501465 2.545199394226074 0
      vertex 23.091699600219727 -2.2084999084472656 0
    endloop
  endfacet
  facet normal 0 0 -1
    outer loop
      vertex 16.968433380126953 -2.3247880935668945 0
      vertex 23.091699600219727 -2.2084999084472656 0
      vertex 23.125839233398438 -2.4379663467407227 0
    endloop
  endfacet
  facet normal 0 0 -1
    outer loop
      vertex 16.945140838623047 -2.5585155487060547 0
      vertex 23.125839233398438 -2.4379663467407227 0
      vertex 23.174015045166016 -2.6571273803710938 0
    endloop
  endfacet
  facet normal 0 0 -1
    outer loop
      vertex 16.906314849853516 -2.780780792236328 0
      vertex 23.174015045166016 -2.6571273803710938 0
      vertex 23.236230850219727 -2.8659820556640625 0
    endloop
  endfacet
  facet normal 0 0 -1
    outer loop
      vertex 16.851959228515625 -2.991583824157715 0
      vertex 23.236230850219727 -2.8659820556640625 0
      vertex 23.312484741210938 -3.0645313262939453 0
    endloop
  endfacet
  facet normal 0 0 -1
    outer loop
      vertex 16.782073974609375 -3.190924644470215 0
      vertex 23.312484741210938 -3.0645313262939453 0
      vertex 23.402774810791016 -3.252774238586426 0
    endloop
  endfacet
  facet normal 0 0 -1
    outer loop
      vertex 16.696659088134766 -3.378803253173828 0
      vertex 23.402774810791016 -3.252774238586426 0
      vertex 23.507102966308594 -3.4307117462158203 0
    endloop
  endfacet
  facet normal 0 0 -1
    outer loop
      vertex 16.595714569091797 -3.555220603942871 0
      vertex 23.507102966308594 -3.4307117462158203 0
      vertex 23.625469207763672 -3.5983428955078125 0
    endloop
  endfacet
  facet normal 0 0 -1
    outer loop
      vertex 23.904319763183594 -3.90268611907959 0
      vertex 16.34723472595215 -3.873668670654297 0
      vertex 23.757875442504883 -3.7556676864624023 0
    endloop
  endfacet
  facet normal 0 0 -1
    outer loop
      vertex 23.091699600219727 -2.2084999084472656 0
      vertex 16.976200103759766 -2.079599380493164 0
      vertex 16.973655700683594 -1.9684667587280273 0
    endloop
  endfacet
  facet normal 0 0 -1
    outer loop
      vertex 23.091699600219727 -2.2084999084472656 0
      vertex 16.968433380126953 -2.3247880935668945 0
      vertex 16.976200103759766 -2.079599380493164 0
    endloop
  endfacet
  facet normal 0 0 -1
    outer loop
      vertex 23.125839233398438 -2.4379663467407227 0
      vertex 16.945140838623047 -2.5585155487060547 0
      vertex 16.968433380126953 -2.3247880935668945 0
    endloop
  endfacet
  facet normal 0 0 -1
    outer loop
      vertex 23.174015045166016 -2.6571273803710938 0
      vertex 16.906314849853516 -2.780780792236328 0
      vertex 16.945140838623047 -2.5585155487060547 0
    endloop
  endfacet
  facet normal 0 0 -1
    outer loop
      vertex 23.236230850219727 -2.8659820556640625 0
      vertex 16.851959228515625 -2.991583824157715 0
      vertex 16.906314849853516 -2.780780792236328 0
    endloop
  endfacet
  facet normal 0 0 -1
    outer loop
      vertex 23.312484741210938 -3.0645313262939453 0
      vertex 16.782073974609375 -3.190924644470215 0
      vertex 16.851959228515625 -2.991583824157715 0
    endloop
  endfacet
  facet normal 0 0 -1
    outer loop
      vertex 23.402774810791016 -3.252774238586426 0
      vertex 16.696659088134766 -3.378803253173828 0
      vertex 16.782073974609375 -3.190924644470215 0
    endloop
  endfacet
  facet normal 0 0 -1
    outer loop
      vertex 23.507102966308594 -3.4307117462158203 0
      vertex 16.595714569091797 -3.555220603942871 0
      vertex 16.696659088134766 -3.378803253173828 0
    endloop
  endfacet
  facet normal 0 0 -1
    outer loop
      vertex 23.625469207763672 -3.5983428955078125 0
      vertex 16.47924041748047 -3.7201757431030273 0
      vertex 16.595714569091797 -3.555220603942871 0
    endloop
  endfacet
  facet normal 0 0 -1
    outer loop
      vertex 23.757875442504883 -3.7556676864624023 0
      vertex 16.47924041748047 -3.7201757431030273 0
      vertex 23.625469207763672 -3.5983428955078125 0
    endloop
  endfacet
  facet normal 0 0 -1
    outer loop
      vertex 16.47924041748047 -3.7201757431030273 0
      vertex 23.757875442504883 -3.7556676864624023 0
      vertex 16.34723472595215 -3.873668670654297 0
    endloop
  endfacet
  facet normal 0 0 -1
    outer loop
      vertex 16.34723472595215 -3.873668670654297 0
      vertex 23.904319763183594 -3.90268611907959 0
      vertex 16.19969940185547 -4.01569938659668 0
    endloop
  endfacet
  facet normal 0 0 -1
    outer loop
      vertex 26.399999618530273 -7 0
      vertex 15.862419128417969 -4.261039733886719 0
      vertex 16.037738800048828 -4.145184516906738 0
    endloop
  endfacet
  facet normal 0 0 -1
    outer loop
      vertex 26.399999618530273 -7 0
      vertex 15.673739433288574 -4.363264083862305 0
      vertex 15.862419128417969 -4.261039733886719 0
    endloop
  endfacet
  facet normal 0 0 -1
    outer loop
      vertex 26.399999618530273 -7 0
      vertex 15.471699714660645 -4.451859474182129 0
      vertex 15.673739433288574 -4.363264083862305 0
    endloop
  endfacet
  facet normal 0 0 -1
    outer loop
      vertex 26.399999618530273 -7 0
      vertex 15.25629997253418 -4.526824951171875 0
      vertex 15.471699714660645 -4.451859474182129 0
    endloop
  endfacet
  facet normal 0 0 -1
    outer loop
      vertex 26.399999618530273 -7 0
      vertex 15.027539253234863 -4.588159561157227 0
      vertex 15.25629997253418 -4.526824951171875 0
    endloop
  endfacet
  facet normal 0 0 -1
    outer loop
      vertex 26.399999618530273 -7 0
      vertex 14.785419464111328 -4.6358642578125 0
      vertex 15.027539253234863 -4.588159561157227 0
    endloop
  endfacet
  facet normal 0 0 -1
    outer loop
      vertex 26.399999618530273 -7 0
      vertex 14.529939651489258 -4.669939994812012 0
      vertex 14.785419464111328 -4.6358642578125 0
    endloop
  endfacet
  facet normal 0 0 -1
    outer loop
      vertex 26.399999618530273 -7 0
      vertex 14.261099815368652 -4.690384864807129 0
      vertex 14.529939651489258 -4.669939994812012 0
    endloop
  endfacet
  facet normal 0 0 -1
    outer loop
      vertex 26.399999618530273 -7 0
      vertex 13.978899955749512 -4.697199821472168 0
      vertex 14.261099815368652 -4.690384864807129 0
    endloop
  endfacet
  facet normal 0 0 -1
    outer loop
      vertex 2 -7 0
      vertex 13.978899955749512 -4.697199821472168 0
      vertex 26.399999618530273 -7 0
    endloop
  endfacet
  facet normal 0 0 -1
    outer loop
      vertex 13.978899955749512 -4.697199821472168 0
      vertex 2 -7 0
      vertex 13.720560073852539 -4.690417289733887 0
    endloop
  endfacet
  facet normal 0 0 -1
    outer loop
      vertex 13.720560073852539 -4.690417289733887 0
      vertex 2 -7 0
      vertex 13.471783638000488 -4.670071601867676 0
    endloop
  endfacet
  facet normal 0 0 -1
    outer loop
      vertex 5.045699119567871 5 0
      vertex 10.79849910736084 4.138799667358398 0
      vertex 5.045699119567871 3.9624996185302734 0
    endloop
  endfacet
  facet normal 0 0 -1
    outer loop
      vertex 10.869185447692871 3.9819841384887695 0
      vertex 5.045699119567871 3.9624996185302734 0
      vertex 10.79849910736084 4.138799667358398 0
    endloop
  endfacet
  facet normal 0 0 -1
    outer loop
      vertex 2.7197999954223633 -4.5547990798950195 0
      vertex 10.852699279785156 -2.194899559020996 0
      vertex 10.886838912963867 -2.4194202423095703 0
    endloop
  endfacet
  facet normal 0 0 -1
    outer loop
      vertex 2.7197999954223633 -4.5547990798950195 0
      vertex 10.886838912963867 -2.4194202423095703 0
      vertex 10.935015678405762 -2.6345834732055664 0
    endloop
  endfacet
  facet normal 0 0 -1
    outer loop
      vertex 2.7197999954223633 -4.5547990798950195 0
      vertex 10.935015678405762 -2.6345834732055664 0
      vertex 10.997230529785156 -2.840388298034668 0
    endloop
  endfacet
  facet normal 0 0 -1
    outer loop
      vertex 2.7197999954223633 -4.5547990798950195 0
      vertex 10.997230529785156 -2.840388298034668 0
      vertex 11.07348346710205 -3.0368356704711914 0
    endloop
  endfacet
  facet normal 0 0 -1
    outer loop
      vertex 2.7197999954223633 -4.5547990798950195 0
      vertex 11.07348346710205 -3.0368356704711914 0
      vertex 11.163774490356445 -3.2239246368408203 0
    endloop
  endfacet
  facet normal 0 0 -1
    outer loop
      vertex 2.7197999954223633 -4.5547990798950195 0
      vertex 11.163774490356445 -3.2239246368408203 0
      vertex 11.26810359954834 -3.4016551971435547 0
    endloop
  endfacet
  facet normal 0 0 -1
    outer loop
      vertex 2.7197999954223633 -4.5547990798950195 0
      vertex 11.26810359954834 -3.4016551971435547 0
      vertex 11.386470794677734 -3.570028305053711 0
    endloop
  endfacet
  facet normal 0 0 -1
    outer loop
      vertex 2.7197999954223633 -4.5547990798950195 0
      vertex 11.386470794677734 -3.570028305053711 0
      vertex 11.518875122070312 -3.729043960571289 0
    endloop
  endfacet
  facet normal 0 0 -1
    outer loop
      vertex 10.852699279785156 -2.194899559020996 0
      vertex 2.7197999954223633 -4.5547990798950195 0
      vertex 5.045699119567871 3.9624996185302734 0
    endloop
  endfacet
  facet normal 0 0 -1
    outer loop
      vertex 2 -7 0
      vertex 11.518875122070312 -3.729043960571289 0
      vertex 11.665318489074707 -3.8787002563476562 0
    endloop
  endfacet
  facet normal 0 0 -1
    outer loop
      vertex 2 -7 0
      vertex 11.665318489074707 -3.8787002563476562 0
      vertex 11.825799942016602 -4.018999099731445 0
    endloop
  endfacet
  facet normal 0 0 -1
    outer loop
      vertex 2 -7 0
      vertex 11.825799942016602 -4.018999099731445 0
      vertex 11.998080253601074 -4.147857666015625 0
    endloop
  endfacet
  facet normal 0 0 -1
    outer loop
      vertex 2 -7 0
      vertex 11.998080253601074 -4.147857666015625 0
      vertex 12.179923057556152 -4.263151168823242 0
    endloop
  endfacet
  facet normal 0 0 -1
    outer loop
      vertex 2 -7 0
      vertex 12.179923057556152 -4.263151168823242 0
      vertex 12.371328353881836 -4.36488151550293 0
    endloop
  endfacet
  facet normal 0 0 -1
    outer loop
      vertex 2 -7 0
      vertex 12.371328353881836 -4.36488151550293 0
      vertex 12.572295188903809 -4.453047752380371 0
    endloop
  endfacet
  facet normal 0 0 -1
    outer loop
      vertex 2 -7 0
      vertex 12.572295188903809 -4.453047752380371 0
      vertex 12.782824516296387 -4.527649879455566 0
    endloop
  endfacet
  facet normal 0 0 -1
    outer loop
      vertex 2 -7 0
      vertex 12.782824516296387 -4.527649879455566 0
      vertex 13.002915382385254 -4.588687896728516 0
    endloop
  endfacet
  facet normal 0 0 -1
    outer loop
      vertex 2 -7 0
      vertex 13.002915382385254 -4.588687896728516 0
      vertex 13.232568740844727 -4.636161804199219 0
    endloop
  endfacet
  facet normal 0 0 -1
    outer loop
      vertex 13.471783638000488 -4.670071601867676 0
      vertex 2 -7 0
      vertex 13.232568740844727 -4.636161804199219 0
    endloop
  endfacet
  facet normal 0 0 -1
    outer loop
      vertex 11.518875122070312 -3.729043960571289 0
      vertex 2 -7 0
      vertex 2.7197999954223633 -4.5547990798950195 0
    endloop
  endfacet
  facet normal 0 0 -1
    outer loop
      vertex 2 -7 0
      vertex 1.594099998474121 -4.5547990798950195 0
      vertex 2.7197999954223633 -4.5547990798950195 0
    endloop
  endfacet
  facet normal 0 0 -1
    outer loop
      vertex 1.3899097442626953 -6.973361968994141 0
      vertex 1.594099998474121 -4.5547990798950195 0
      vertex 2 -7 0
    endloop
  endfacet
  facet normal 0 0 -1
    outer loop
      vertex 0.7844619750976562 -6.893653869628906 0
      vertex 1.594099998474121 -4.5547990798950195 0
      vertex 1.3899097442626953 -6.973361968994141 0
    endloop
  endfacet
  facet normal 0 0 -1
    outer loop
      vertex 0.18826580047607422 -6.761480331420898 0
      vertex 1.594099998474121 -4.5547990798950195 0
      vertex 0.7844619750976562 -6.893653869628906 0
    endloop
  endfacet
  facet normal 0 0 -1
    outer loop
      vertex -0.39414024353027344 -6.577847480773926 0
      vertex 1.594099998474121 -4.5547990798950195 0
      vertex 0.18826580047607422 -6.761480331420898 0
    endloop
  endfacet
  facet normal 0 0 -1
    outer loop
      vertex -0.9583272933959961 -6.344154357910156 0
      vertex 1.594099998474121 -4.5547990798950195 0
      vertex -0.39414024353027344 -6.577847480773926 0
    endloop
  endfacet
  facet normal 0 0 -1
    outer loop
      vertex -4.062177658081055 -3.5 0
      vertex -0.6640996932983398 -1.8490991592407227 0
      vertex -0.6640996932983398 -3.0018997192382812 0
    endloop
  endfacet
  facet normal 0 0 -1
    outer loop
      vertex -2.0150346755981445 -5.734064102172852 0
      vertex -0.6640996932983398 -3.0018997192382812 0
      vertex -1.5 -6.062177658081055 0
    endloop
  endfacet
  facet normal 0 0 -1
    outer loop
      vertex -1.5 -6.062177658081055 0
      vertex -0.6640996932983398 -3.0018997192382812 0
      vertex -0.9583272933959961 -6.344154357910156 0
    endloop
  endfacet
  facet normal 0 0 -1
    outer loop
      vertex 1.594099998474121 -4.5547990798950195 0
      vertex -0.9583272933959961 -6.344154357910156 0
      vertex -0.6640996932983398 -3.0018997192382812 0
    endloop
  endfacet
  facet normal 0 0 -1
    outer loop
      vertex 31.762310028076172 4.499512672424316 0
      vertex 29.378955841064453 3.324467658996582 0
      vertex 31.349746704101562 4.949747085571289 0
    endloop
  endfacet
  facet normal 0 0 -1
    outer loop
      vertex 29.303274154663086 3.5352249145507812 0
      vertex 31.349746704101562 4.949747085571289 0
      vertex 29.378955841064453 3.324467658996582 0
    endloop
  endfacet
  facet normal 0 0 -1
    outer loop
      vertex 29.21077537536621 3.7340478897094727 0
      vertex 31.349746704101562 4.949747085571289 0
      vertex 29.303274154663086 3.5352249145507812 0
    endloop
  endfacet
  facet normal 0 0 -1
    outer loop
      vertex 31.349746704101562 4.949747085571289 0
      vertex 29.21077537536621 3.7340478897094727 0
      vertex 30.899513244628906 5.362310409545898 0
    endloop
  endfacet
  facet normal 0 0 -1
    outer loop
      vertex 29.101459503173828 3.9209365844726562 0
      vertex 30.899513244628906 5.362310409545898 0
      vertex 29.21077537536621 3.7340478897094727 0
    endloop
  endfacet
  facet normal 0 0 -1
    outer loop
      vertex 30.899513244628906 5.362310409545898 0
      vertex 29.101459503173828 3.9209365844726562 0
      vertex 30.415035247802734 5.734064102172852 0
    endloop
  endfacet
  facet normal 0 0 -1
    outer loop
      vertex 28.975322723388672 4.095891952514648 0
      vertex 30.415035247802734 5.734064102172852 0
      vertex 29.101459503173828 3.9209365844726562 0
    endloop
  endfacet
  facet normal 0 0 -1
    outer loop
      vertex 28.83237075805664 4.258912086486816 0
      vertex 30.415035247802734 5.734064102172852 0
      vertex 28.975322723388672 4.095891952514648 0
    endloop
  endfacet
  facet normal 0 0 -1
    outer loop
      vertex 30.415035247802734 5.734064102172852 0
      vertex 28.83237075805664 4.258912086486816 0
      vertex 29.899999618530273 6.062177658081055 0
    endloop
  endfacet
  facet normal 0 0 -1
    outer loop
      vertex 28.67259979248047 4.409999847412109 0
      vertex 29.899999618530273 6.062177658081055 0
      vertex 28.83237075805664 4.258912086486816 0
    endloop
  endfacet
  facet normal 0 0 -1
    outer loop
      vertex 28.497249603271484 4.547863960266113 0
      vertex 29.899999618530273 6.062177658081055 0
      vertex 28.67259979248047 4.409999847412109 0
    endloop
  endfacet
  facet normal 0 0 -1
    outer loop
      vertex 29.899999618530273 6.062177658081055 0
      vertex 28.497249603271484 4.547863960266113 0
      vertex 29.358325958251953 6.344154357910156 0
    endloop
  endfacet
  facet normal 0 0 -1
    outer loop
      vertex 28.307523727416992 4.671215057373047 0
      vertex 29.358325958251953 6.344154357910156 0
      vertex 28.497249603271484 4.547863960266113 0
    endloop
  endfacet
  facet normal 0 0 -1
    outer loop
      vertex 29.358325958251953 6.344154357910156 0
      vertex 28.307523727416992 4.671215057373047 0
      vertex 28.794139862060547 6.577847480773926 0
    endloop
  endfacet
  facet normal 0 0 -1
    outer loop
      vertex 28.103418350219727 4.780055999755859 0
      vertex 28.794139862060547 6.577847480773926 0
      vertex 28.307523727416992 4.671215057373047 0
    endloop
  endfacet
  facet normal 0 0 -1
    outer loop
      vertex 27.88493537902832 4.874383926391602 0
      vertex 28.794139862060547 6.577847480773926 0
      vertex 28.103418350219727 4.780055999755859 0
    endloop
  endfacet
  facet normal 0 0 -1
    outer loop
      vertex 28.794139862060547 6.577847480773926 0
      vertex 27.88493537902832 4.874383926391602 0
      vertex 28.211732864379883 6.761480331420898 0
    endloop
  endfacet
  facet normal 0 0 -1
    outer loop
      vertex 27.652074813842773 4.95419979095459 0
      vertex 28.211732864379883 6.761480331420898 0
      vertex 27.88493537902832 4.874383926391602 0
    endloop
  endfacet
  facet normal 0 0 -1
    outer loop
      vertex 27.404834747314453 5.019503593444824 0
      vertex 28.211732864379883 6.761480331420898 0
      vertex 27.652074813842773 4.95419979095459 0
    endloop
  endfacet
  facet normal 0 0 -1
    outer loop
      vertex 28.211732864379883 6.761480331420898 0
      vertex 27.404834747314453 5.019503593444824 0
      vertex 27.615535736083984 6.893653869628906 0
    endloop
  endfacet
  facet normal 0 0 -1
    outer loop
      vertex 27.143218994140625 5.070295333862305 0
      vertex 27.615535736083984 6.893653869628906 0
      vertex 27.404834747314453 5.019503593444824 0
    endloop
  endfacet
  facet normal 0 0 -1
    outer loop
      vertex 27.143218994140625 5.070295333862305 0
      vertex 27.010089874267578 6.973361968994141 0
      vertex 27.615535736083984 6.893653869628906 0
    endloop
  endfacet
  facet normal 0 0 -1
    outer loop
      vertex 26.867223739624023 5.106575965881348 0
      vertex 27.010089874267578 6.973361968994141 0
      vertex 27.143218994140625 5.070295333862305 0
    endloop
  endfacet
  facet normal 0 0 -1
    outer loop
      vertex 26.57685089111328 5.12834358215332 0
      vertex 27.010089874267578 6.973361968994141 0
      vertex 26.867223739624023 5.106575965881348 0
    endloop
  endfacet
  facet normal 0 0 -1
    outer loop
      vertex 26.57685089111328 5.12834358215332 0
      vertex 26.399999618530273 7 0
      vertex 27.010089874267578 6.973361968994141 0
    endloop
  endfacet
  facet normal 0 0 -1
    outer loop
      vertex 26.272098541259766 5.135599136352539 0
      vertex 26.399999618530273 7 0
      vertex 26.57685089111328 5.12834358215332 0
    endloop
  endfacet
  facet normal 0 0 -1
    outer loop
      vertex 25.98772430419922 5.129055976867676 0
      vertex 26.399999618530273 7 0
      vertex 26.272098541259766 5.135599136352539 0
    endloop
  endfacet
  facet normal 0 0 -1
    outer loop
      vertex 25.715084075927734 5.109423637390137 0
      vertex 26.399999618530273 7 0
      vertex 25.98772430419922 5.129055976867676 0
    endloop
  endfacet
  facet normal 0 0 -1
    outer loop
      vertex 25.454174041748047 5.076703071594238 0
      vertex 26.399999618530273 7 0
      vertex 25.715084075927734 5.109423637390137 0
    endloop
  endfacet
  facet normal 0 0 -1
    outer loop
      vertex 25.204994201660156 5.030895233154297 0
      vertex 26.399999618530273 7 0
      vertex 25.454174041748047 5.076703071594238 0
    endloop
  endfacet
  facet normal 0 0 -1
    outer loop
      vertex 24.967548370361328 4.971999168395996 0
      vertex 26.399999618530273 7 0
      vertex 25.204994201660156 5.030895233154297 0
    endloop
  endfacet
  facet normal 0 0 -1
    outer loop
      vertex 24.741836547851562 4.900015830993652 0
      vertex 26.399999618530273 7 0
      vertex 24.967548370361328 4.971999168395996 0
    endloop
  endfacet
  facet normal 0 0 -1
    outer loop
      vertex 24.527854919433594 4.814943313598633 0
      vertex 26.399999618530273 7 0
      vertex 24.741836547851562 4.900015830993652 0
    endloop
  endfacet
  facet normal 0 0 -1
    outer loop
      vertex 24.325603485107422 4.71678352355957 0
      vertex 26.399999618530273 7 0
      vertex 24.527854919433594 4.814943313598633 0
    endloop
  endfacet
  facet normal 0 0 -1
    outer loop
      vertex 24.135086059570312 4.605535507202148 0
      vertex 26.399999618530273 7 0
      vertex 24.325603485107422 4.71678352355957 0
    endloop
  endfacet
  facet normal 0 0 -1
    outer loop
      vertex 17.12540054321289 5 0
      vertex 24.135086059570312 4.605535507202148 0
      vertex 23.956298828125 4.481199264526367 0
    endloop
  endfacet
  facet normal 0 0 -1
    outer loop
      vertex 17.12540054321289 5 0
      vertex 23.956298828125 4.481199264526367 0
      vertex 23.79039764404297 4.344047546386719 0
    endloop
  endfacet
  facet normal 0 0 -1
    outer loop
      vertex 17.12540054321289 5 0
      vertex 23.79039764404297 4.344047546386719 0
      vertex 23.638530731201172 4.1943511962890625 0
    endloop
  endfacet
  facet normal 0 0 -1
    outer loop
      vertex 17.12540054321289 3.9624996185302734 0
      vertex 22.968477249145508 2.7952470779418945 0
      vertex 22.92889976501465 2.545199394226074 0
    endloop
  endfacet
  facet normal 0 0 -1
    outer loop
      vertex 17.12540054321289 3.9624996185302734 0
      vertex 23.022090911865234 3.0327510833740234 0
      vertex 22.968477249145508 2.7952470779418945 0
    endloop
  endfacet
  facet normal 0 0 -1
    outer loop
      vertex 17.12540054321289 3.9624996185302734 0
      vertex 23.089740753173828 3.257711410522461 0
      vertex 23.022090911865234 3.0327510833740234 0
    endloop
  endfacet
  facet normal 0 0 -1
    outer loop
      vertex 17.12540054321289 3.9624996185302734 0
      vertex 23.171428680419922 3.4701271057128906 0
      vertex 23.089740753173828 3.257711410522461 0
    endloop
  endfacet
  facet normal 0 0 -1
    outer loop
      vertex 17.12540054321289 5 0
      vertex 23.171428680419922 3.4701271057128906 0
      vertex 17.12540054321289 3.9624996185302734 0
    endloop
  endfacet
  facet normal 0 0 -1
    outer loop
      vertex 23.171428680419922 3.4701271057128906 0
      vertex 17.12540054321289 5 0
      vertex 23.26715087890625 3.669999122619629 0
    endloop
  endfacet
  facet normal 0 0 -1
    outer loop
      vertex 23.26715087890625 3.669999122619629 0
      vertex 17.12540054321289 5 0
      vertex 23.376907348632812 3.857327461242676 0
    endloop
  endfacet
  facet normal 0 0 -1
    outer loop
      vertex 23.376907348632812 3.857327461242676 0
      vertex 17.12540054321289 5 0
      vertex 23.500701904296875 4.032111167907715 0
    endloop
  endfacet
  facet normal 0 0 -1
    outer loop
      vertex 23.500701904296875 4.032111167907715 0
      vertex 17.12540054321289 5 0
      vertex 23.638530731201172 4.1943511962890625 0
    endloop
  endfacet
  facet normal 0 0 -1
    outer loop
      vertex 24.135086059570312 4.605535507202148 0
      vertex 17.12540054321289 5 0
      vertex 26.399999618530273 7 0
    endloop
  endfacet
  facet normal 0 0 -1
    outer loop
      vertex 2 7 0
      vertex 17.12540054321289 5 0
      vertex 10.79849910736084 5 0
    endloop
  endfacet
  facet normal 0 0 -1
    outer loop
      vertex 10.79849910736084 4.138799667358398 0
      vertex 5.045699119567871 5 0
      vertex 10.79849910736084 5 0
    endloop
  endfacet
  facet normal 0 0 -1
    outer loop
      vertex 2 7 0
      vertex 10.79849910736084 5 0
      vertex 5.045699119567871 5 0
    endloop
  endfacet
  facet normal 0 0 -1
    outer loop
      vertex 17.12540054321289 5 0
      vertex 2 7 0
      vertex 26.399999618530273 7 0
    endloop
  endfacet
  facet normal 0 0 -1
    outer loop
      vertex -0.9420995712280273 5 0
      vertex 2 7 0
      vertex 5.045699119567871 5 0
    endloop
  endfacet
  facet normal 0 0 -1
    outer loop
      vertex 2 7 0
      vertex -0.9420995712280273 5 0
      vertex 1.3899097442626953 6.973361968994141 0
    endloop
  endfacet
  facet normal 0 0 -1
    outer loop
      vertex 1.3899097442626953 6.973361968994141 0
      vertex -0.9420995712280273 5 0
      vertex 0.7844619750976562 6.893653869628906 0
    endloop
  endfacet
  facet normal 0 0 -1
    outer loop
      vertex 0.7844619750976562 6.893653869628906 0
      vertex -0.9420995712280273 5 0
      vertex 0.18826580047607422 6.761480331420898 0
    endloop
  endfacet
  facet normal 0 0 -1
    outer loop
      vertex 0.18826580047607422 6.761480331420898 0
      vertex -0.9420995712280273 5 0
      vertex -0.39414024353027344 6.577847480773926 0
    endloop
  endfacet
  facet normal 0 0 -1
    outer loop
      vertex -0.9420995712280273 5 0
      vertex -0.9583272933959961 6.344154357910156 0
      vertex -0.39414024353027344 6.577847480773926 0
    endloop
  endfacet
  facet normal 0 0 -1
    outer loop
      vertex -2.4995126724243164 -5.362310409545898 0
      vertex -0.6640996932983398 -3.0018997192382812 0
      vertex -2.0150346755981445 -5.734064102172852 0
    endloop
  endfacet
  facet normal 0 0 -1
    outer loop
      vertex -2.949747085571289 -4.949747085571289 0
      vertex -0.6640996932983398 -3.0018997192382812 0
      vertex -2.4995126724243164 -5.362310409545898 0
    endloop
  endfacet
  facet normal 0 0 -1
    outer loop
      vertex -0.9420995712280273 5 0
      vertex -1.5 6.062177658081055 0
      vertex -0.9583272933959961 6.344154357910156 0
    endloop
  endfacet
  facet normal 0 0 -1
    outer loop
      vertex -3.3623104095458984 -4.499512672424316 0
      vertex -0.6640996932983398 -3.0018997192382812 0
      vertex -2.949747085571289 -4.949747085571289 0
    endloop
  endfacet
  facet normal 0 0 -1
    outer loop
      vertex -0.9420995712280273 5 0
      vertex -2.0150346755981445 5.734064102172852 0
      vertex -1.5 6.062177658081055 0
    endloop
  endfacet
  facet normal 0 0 -1
    outer loop
      vertex -3.7340641021728516 -4.0150346755981445 0
      vertex -0.6640996932983398 -3.0018997192382812 0
      vertex -3.3623104095458984 -4.499512672424316 0
    endloop
  endfacet
  facet normal 0 0 -1
    outer loop
      vertex -0.9420995712280273 5 0
      vertex -2.4995126724243164 5.362310409545898 0
      vertex -2.0150346755981445 5.734064102172852 0
    endloop
  endfacet
  facet normal 0 0 -1
    outer loop
      vertex -4.062177658081055 -3.5 0
      vertex -0.6640996932983398 -3.0018997192382812 0
      vertex -3.7340641021728516 -4.0150346755981445 0
    endloop
  endfacet
  facet normal 0 0 -1
    outer loop
      vertex -0.9420995712280273 3.9624996185302734 0
      vertex -2.4995126724243164 5.362310409545898 0
      vertex -0.9420995712280273 5 0
    endloop
  endfacet
  facet normal 0 0 -1
    outer loop
      vertex -0.6640996932983398 -1.8490991592407227 0
      vertex -4.062177658081055 -3.5 0
      vertex -4.344154357910156 -2.958327293395996 0
    endloop
  endfacet
  facet normal 0 0 -1
    outer loop
      vertex -2.4995126724243164 5.362310409545898 0
      vertex -0.9420995712280273 3.9624996185302734 0
      vertex -2.949747085571289 4.949747085571289 0
    endloop
  endfacet
  facet normal 0 0 -1
    outer loop
      vertex -0.6640996932983398 -1.8490991592407227 0
      vertex -4.344154357910156 -2.958327293395996 0
      vertex -4.577847480773926 -2.3941402435302734 0
    endloop
  endfacet
  facet normal 0 0 -1
    outer loop
      vertex -2.949747085571289 4.949747085571289 0
      vertex -0.9420995712280273 3.9624996185302734 0
      vertex -3.3623104095458984 4.499512672424316 0
    endloop
  endfacet
  facet normal 0 0 -1
    outer loop
      vertex -0.6640996932983398 -1.8490991592407227 0
      vertex -4.577847480773926 -2.3941402435302734 0
      vertex -4.761480331420898 -1.8117332458496094 0
    endloop
  endfacet
  facet normal 0 0 -1
    outer loop
      vertex -3.3623104095458984 4.499512672424316 0
      vertex -0.9420995712280273 3.9624996185302734 0
      vertex -3.7340641021728516 4.0150346755981445 0
    endloop
  endfacet
  facet normal 0 0 -1
    outer loop
      vertex -0.6640996932983398 -1.8490991592407227 0
      vertex -4.761480331420898 -1.8117332458496094 0
      vertex -4.893653869628906 -1.2155370712280273 0
    endloop
  endfacet
  facet normal 0 0 -1
    outer loop
      vertex -3.7340641021728516 4.0150346755981445 0
      vertex -0.9420995712280273 3.9624996185302734 0
      vertex -4.062177658081055 3.5 0
    endloop
  endfacet
  facet normal 0 0 -1
    outer loop
      vertex -0.6640996932983398 -1.8490991592407227 0
      vertex -4.893653869628906 -1.2155370712280273 0
      vertex -4.973361968994141 -0.6100893020629883 0
    endloop
  endfacet
  facet normal 0 0 -1
    outer loop
      vertex -4.062177658081055 3.5 0
      vertex -0.9420995712280273 3.9624996185302734 0
      vertex -4.344154357910156 2.958327293395996 0
    endloop
  endfacet
  facet normal 0 0 -1
    outer loop
      vertex -0.6640996932983398 -1.8490991592407227 0
      vertex -4.973361968994141 -0.6100893020629883 0
      vertex -5 0 0
    endloop
  endfacet
  facet normal 0 0 -1
    outer loop
      vertex -4.344154357910156 2.958327293395996 0
      vertex -0.9420995712280273 3.9624996185302734 0
      vertex -4.577847480773926 2.3941402435302734 0
    endloop
  endfacet
  facet normal 0 0 -1
    outer loop
      vertex -0.6640996932983398 -1.8490991592407227 0
      vertex -5 0 0
      vertex -4.973361968994141 0.6100893020629883 0
    endloop
  endfacet
  facet normal 0 0 -1
    outer loop
      vertex -4.577847480773926 2.3941402435302734 0
      vertex -0.9420995712280273 3.9624996185302734 0
      vertex -4.761480331420898 1.8117332458496094 0
    endloop
  endfacet
  facet normal 0 0 -1
    outer loop
      vertex -4.893653869628906 1.2155370712280273 0
      vertex -0.6640996932983398 -1.8490991592407227 0
      vertex -4.973361968994141 0.6100893020629883 0
    endloop
  endfacet
  facet normal 0 0 -1
    outer loop
      vertex -0.6640996932983398 -1.8490991592407227 0
      vertex -4.761480331420898 1.8117332458496094 0
      vertex -0.9420995712280273 3.9624996185302734 0
    endloop
  endfacet
  facet normal 0 0 -1
    outer loop
      vertex -4.761480331420898 1.8117332458496094 0
      vertex -0.6640996932983398 -1.8490991592407227 0
      vertex -4.893653869628906 1.2155370712280273 0
    endloop
  endfacet
  facet normal 0 0 -1
    outer loop
      vertex 33.16147994995117 -1.8117332458496094 0
      vertex 29.203018188476562 -1.6493244171142578 0
      vertex 29.167179107666016 -1.490199089050293 0
    endloop
  endfacet
  facet normal 0 0 -1
    outer loop
      vertex 32.977848052978516 2.3941402435302734 0
      vertex 29.507530212402344 2.182119369506836 0
      vertex 32.74415588378906 2.958327293395996 0
    endloop
  endfacet
  facet normal 0 0 -1
    outer loop
      vertex 29.489627838134766 2.0083799362182617 0
      vertex 32.977848052978516 2.3941402435302734 0
      vertex 29.459787368774414 1.8408794403076172 0
    endloop
  endfacet
  facet normal 0 0 -1
    outer loop
      vertex 33.16147994995117 1.8117332458496094 0
      vertex 29.459787368774414 1.8408794403076172 0
      vertex 32.977848052978516 2.3941402435302734 0
    endloop
  endfacet
  facet normal 0 0 -1
    outer loop
      vertex 29.459787368774414 1.8408794403076172 0
      vertex 33.16147994995117 1.8117332458496094 0
      vertex 29.418010711669922 1.6796197891235352 0
    endloop
  endfacet
  facet normal 0 0 -1
    outer loop
      vertex 29.418010711669922 1.6796197891235352 0
      vertex 33.29365539550781 1.2155370712280273 0
      vertex 29.364299774169922 1.5245990753173828 0
    endloop
  endfacet
  facet normal 0 0 -1
    outer loop
      vertex 33.37336349487305 0.6100893020629883 0
      vertex 29.364299774169922 1.5245990753173828 0
      vertex 33.29365539550781 1.2155370712280273 0
    endloop
  endfacet
  facet normal 0 0 -1
    outer loop
      vertex 29.221067428588867 1.2332792282104492 0
      vertex 29.06477928161621 -1.1924991607666016 0
      vertex 29.131547927856445 1.0969791412353516 0
    endloop
  endfacet
  facet normal 0 0 -1
    outer loop
      vertex 28.998218536376953 -1.053924560546875 0
      vertex 29.131547927856445 1.0969791412353516 0
      vertex 29.06477928161621 -1.1924991607666016 0
    endloop
  endfacet
  facet normal 0 0 -1
    outer loop
      vertex 28.921419143676758 -0.9221992492675781 0
      vertex 29.131547927856445 1.0969791412353516 0
      vertex 28.998218536376953 -1.053924560546875 0
    endloop
  endfacet
  facet normal 0 0 -1
    outer loop
      vertex 29.131547927856445 1.0969791412353516 0
      vertex 28.921419143676758 -0.9221992492675781 0
      vertex 29.03009033203125 0.9669198989868164 0
    endloop
  endfacet
  facet normal 0 0 -1
    outer loop
      vertex 28.834379196166992 -0.7973241806030273 0
      vertex 29.03009033203125 0.9669198989868164 0
      vertex 28.921419143676758 -0.9221992492675781 0
    endloop
  endfacet
  facet normal 0 0 -1
    outer loop
      vertex 29.03009033203125 0.9669198989868164 0
      vertex 28.834379196166992 -0.7973241806030273 0
      vertex 28.916698455810547 0.8430995941162109 0
    endloop
  endfacet
  facet normal 0 0 -1
    outer loop
      vertex 28.737098693847656 -0.6792993545532227 0
      vertex 28.916698455810547 0.8430995941162109 0
      vertex 28.834379196166992 -0.7973241806030273 0
    endloop
  endfacet
  facet normal 0 0 -1
    outer loop
      vertex 28.916698455810547 0.8430995941162109 0
      vertex 28.737098693847656 -0.6792993545532227 0
      vertex 28.792612075805664 0.7272815704345703 0
    endloop
  endfacet
  facet normal 0 0 -1
    outer loop
      vertex 28.630054473876953 -0.568394660949707 0
      vertex 28.792612075805664 0.7272815704345703 0
      vertex 28.737098693847656 -0.6792993545532227 0
    endloop
  endfacet
  facet normal 0 0 -1
    outer loop
      vertex 28.792612075805664 0.7272815704345703 0
      vertex 28.630054473876953 -0.568394660949707 0
      vertex 28.65903091430664 0.6212272644042969 0
    endloop
  endfacet
  facet normal 0 0 -1
    outer loop
      vertex 28.51371955871582 -0.46487998962402344 0
      vertex 28.65903091430664 0.6212272644042969 0
      vertex 28.630054473876953 -0.568394660949707 0
    endloop
  endfacet
  facet normal 0 0 -1
    outer loop
      vertex 28.65903091430664 0.6212272644042969 0
      vertex 28.51371955871582 -0.46487998962402344 0
      vertex 28.51595687866211 0.524937629699707 0
    endloop
  endfacet
  facet normal 0 0 -1
    outer loop
      vertex 28.38809585571289 -0.36875438690185547 0
      vertex 28.51595687866211 0.524937629699707 0
      vertex 28.51371955871582 -0.46487998962402344 0
    endloop
  endfacet
  facet normal 0 0 -1
    outer loop
      vertex 28.38809585571289 -0.36875438690185547 0
      vertex 28.363388061523438 0.4384117126464844 0
      vertex 28.51595687866211 0.524937629699707 0
    endloop
  endfacet
  facet normal 0 0 -1
    outer loop
      vertex 28.2531795501709 -0.28001976013183594 0
      vertex 28.363388061523438 0.4384117126464844 0
      vertex 28.38809585571289 -0.36875438690185547 0
    endloop
  endfacet
  facet normal 0 0 -1
    outer loop
      vertex 28.2531795501709 -0.28001976013183594 0
      vertex 28.201324462890625 0.3616495132446289 0
      vertex 28.363388061523438 0.4384117126464844 0
    endloop
  endfacet
  facet normal 0 0 -1
    outer loop
      vertex 28.10897445678711 -0.19867420196533203 0
      vertex 28.201324462890625 0.3616495132446289 0
      vertex 28.2531795501709 -0.28001976013183594 0
    endloop
  endfacet
  facet normal 0 0 -1
    outer loop
      vertex 28.10897445678711 -0.19867420196533203 0
      vertex 28.029767990112305 0.29465198516845703 0
      vertex 28.201324462890625 0.3616495132446289 0
    endloop
  endfacet
  facet normal 0 0 -1
    outer loop
      vertex 27.95547866821289 -0.12471961975097656 0
      vertex 28.029767990112305 0.29465198516845703 0
      vertex 28.10897445678711 -0.19867420196533203 0
    endloop
  endfacet
  facet normal 0 0 -1
    outer loop
      vertex 27.95547866821289 -0.12471961975097656 0
      vertex 27.848716735839844 0.23741722106933594 0
      vertex 28.029767990112305 0.29465198516845703 0
    endloop
  endfacet
  facet normal 0 0 -1
    outer loop
      vertex 27.792694091796875 -0.05815410614013672 0
      vertex 27.848716735839844 0.23741722106933594 0
      vertex 27.95547866821289 -0.12471961975097656 0
    endloop
  endfacet
  facet normal 0 0 -1
    outer loop
      vertex 27.792694091796875 -0.05815410614013672 0
      vertex 27.658172607421875 0.18994712829589844 0
      vertex 27.848716735839844 0.23741722106933594 0
    endloop
  endfacet
  facet normal 0 0 -1
    outer loop
      vertex 27.620620727539062 0.0010194778442382812 0
      vertex 27.658172607421875 0.18994712829589844 0
      vertex 27.792694091796875 -0.05815410614013672 0
    endloop
  endfacet
  facet normal 0 0 -1
    outer loop
      vertex 27.620620727539062 0.0010194778442382812 0
      vertex 27.458133697509766 0.15224170684814453 0
      vertex 27.658172607421875 0.18994712829589844 0
    endloop
  endfacet
  facet normal 0 0 -1
    outer loop
      vertex 27.439254760742188 0.05280494689941406 0
      vertex 27.458133697509766 0.15224170684814453 0
      vertex 27.620620727539062 0.0010194778442382812 0
    endloop
  endfacet
  facet normal 0 0 -1
    outer loop
      vertex 27.248600006103516 0.12430000305175781 0
      vertex 27.439254760742188 0.05280494689941406 0
      vertex 27.248600006103516 0.0971994400024414 0
    endloop
  endfacet
  facet normal 0 0 -1
    outer loop
      vertex 27.439254760742188 0.05280494689941406 0
      vertex 27.248600006103516 0.12430000305175781 0
      vertex 27.458133697509766 0.15224170684814453 0
    endloop
  endfacet
  facet normal 0 0 -1
    outer loop
      vertex 23.091699600219727 -2.2084999084472656 0
      vertex 16.973655700683594 -1.9684667587280273 0
      vertex 16.966026306152344 -1.8574676513671875 0
    endloop
  endfacet
  facet normal 0 0 -1
    outer loop
      vertex 23.091699600219727 -2.2084999084472656 0
      vertex 16.966026306152344 -1.8574676513671875 0
      vertex 16.953311920166016 -1.7466020584106445 0
    endloop
  endfacet
  facet normal 0 0 -1
    outer loop
      vertex 23.091699600219727 -2.2084999084472656 0
      vertex 16.953311920166016 -1.7466020584106445 0
      vertex 16.93551254272461 -1.6358718872070312 0
    endloop
  endfacet
  facet normal 0 0 -1
    outer loop
      vertex 23.091699600219727 -2.2084999084472656 0
      vertex 16.93551254272461 -1.6358718872070312 0
      vertex 16.91262435913086 -1.5252742767333984 0
    endloop
  endfacet
  facet normal 0 0 -1
    outer loop
      vertex 23.091699600219727 -2.2084999084472656 0
      vertex 16.91262435913086 -1.5252742767333984 0
      vertex 16.88465118408203 -1.414811134338379 0
    endloop
  endfacet
  facet normal 0 0 -1
    outer loop
      vertex 23.091699600219727 -2.2084999084472656 0
      vertex 16.88465118408203 -1.414811134338379 0
      vertex 16.851593017578125 -1.3044824600219727 0
    endloop
  endfacet
  facet normal 0 0 -1
    outer loop
      vertex 23.091699600219727 -2.2084999084472656 0
      vertex 16.851593017578125 -1.3044824600219727 0
      vertex 16.813447952270508 -1.1942873001098633 0
    endloop
  endfacet
  facet normal 0 0 -1
    outer loop
      vertex 22.92889976501465 2.545199394226074 0
      vertex 16.813447952270508 -1.1942873001098633 0
      vertex 16.770217895507812 -1.0842266082763672 0
    endloop
  endfacet
  facet normal 0 0 -1
    outer loop
      vertex 22.92889976501465 2.545199394226074 0
      vertex 16.770217895507812 -1.0842266082763672 0
      vertex 16.721900939941406 -0.974299430847168 0
    endloop
  endfacet
  facet normal 0 0 -1
    outer loop
      vertex 22.92889976501465 2.545199394226074 0
      vertex 16.721900939941406 -0.974299430847168 0
      vertex 16.668563842773438 -0.8644399642944336 0
    endloop
  endfacet
  facet normal 0 0 -1
    outer loop
      vertex 16.610279083251953 -0.7545795440673828 0
      vertex 22.92889976501465 2.545199394226074 0
      vertex 16.668563842773438 -0.8644399642944336 0
    endloop
  endfacet
  facet normal 0 0 -1
    outer loop
      vertex 16.54704475402832 -0.644719123840332 0
      vertex 22.92889976501465 2.545199394226074 0
      vertex 16.610279083251953 -0.7545795440673828 0
    endloop
  endfacet
  facet normal 0 0 -1
    outer loop
      vertex 22.92889976501465 2.545199394226074 0
      vertex 16.54704475402832 -0.644719123840332 0
      vertex 17.12540054321289 3.9624996185302734 0
    endloop
  endfacet
  facet normal 0 0 -1
    outer loop
      vertex 16.478858947753906 -0.5348596572875977 0
      vertex 17.12540054321289 3.9624996185302734 0
      vertex 16.54704475402832 -0.644719123840332 0
    endloop
  endfacet
  facet normal 0 0 -1
    outer loop
      vertex 16.405723571777344 -0.4249992370605469 0
      vertex 17.12540054321289 3.9624996185302734 0
      vertex 16.478858947753906 -0.5348596572875977 0
    endloop
  endfacet
  facet normal 0 0 -1
    outer loop
      vertex 16.327640533447266 -0.3151397705078125 0
      vertex 17.12540054321289 3.9624996185302734 0
      vertex 16.405723571777344 -0.4249992370605469 0
    endloop
  endfacet
  facet normal 0 0 -1
    outer loop
      vertex 16.244604110717773 -0.20527935028076172 0
      vertex 17.12540054321289 3.9624996185302734 0
      vertex 16.327640533447266 -0.3151397705078125 0
    endloop
  endfacet
  facet normal 0 0 -1
    outer loop
      vertex 16.156620025634766 -0.09541988372802734 0
      vertex 17.12540054321289 3.9624996185302734 0
      vertex 16.244604110717773 -0.20527935028076172 0
    endloop
  endfacet
  facet normal 0 0 -1
    outer loop
      vertex 16.063684463500977 0.014439582824707031 0
      vertex 17.12540054321289 3.9624996185302734 0
      vertex 16.156620025634766 -0.09541988372802734 0
    endloop
  endfacet
  facet normal 0 0 -1
    outer loop
      vertex 15.965799331665039 0.12430000305175781 0
      vertex 17.12540054321289 3.9624996185302734 0
      vertex 16.063684463500977 0.014439582824707031 0
    endloop
  endfacet
  facet normal 0 0 -1
    outer loop
      vertex 15.856284141540527 0.24019432067871094 0
      vertex 17.12540054321289 3.9624996185302734 0
      vertex 15.965799331665039 0.12430000305175781 0
    endloop
  endfacet
  facet normal 0 0 -1
    outer loop
      vertex 15.728459358215332 0.36815929412841797 0
      vertex 17.12540054321289 3.9624996185302734 0
      vertex 15.856284141540527 0.24019432067871094 0
    endloop
  endfacet
  facet normal 0 0 -1
    outer loop
      vertex 15.582324981689453 0.5081949234008789 0
      vertex 17.12540054321289 3.9624996185302734 0
      vertex 15.728459358215332 0.36815929412841797 0
    endloop
  endfacet
  facet normal 0 0 -1
    outer loop
      vertex 15.417879104614258 0.6602993011474609 0
      vertex 17.12540054321289 3.9624996185302734 0
      vertex 15.582324981689453 0.5081949234008789 0
    endloop
  endfacet
  facet normal 0 0 -1
    outer loop
      vertex 15.235124588012695 0.8244743347167969 0
      vertex 17.12540054321289 3.9624996185302734 0
      vertex 15.417879104614258 0.6602993011474609 0
    endloop
  endfacet
  facet normal 0 0 -1
    outer loop
      vertex 15.034059524536133 1.0007190704345703 0
      vertex 17.12540054321289 3.9624996185302734 0
      vertex 15.235124588012695 0.8244743347167969 0
    endloop
  endfacet
  facet normal 0 0 -1
    outer loop
      vertex 14.814684867858887 1.1890344619750977 0
      vertex 17.12540054321289 3.9624996185302734 0
      vertex 15.034059524536133 1.0007190704345703 0
    endloop
  endfacet
  facet normal 0 0 -1
    outer loop
      vertex 14.57699966430664 1.3894195556640625 0
      vertex 17.12540054321289 3.9624996185302734 0
      vertex 14.814684867858887 1.1890344619750977 0
    endloop
  endfacet
  facet normal 0 0 -1
    outer loop
      vertex 14.321004867553711 1.6018743515014648 0
      vertex 17.12540054321289 3.9624996185302734 0
      vertex 14.57699966430664 1.3894195556640625 0
    endloop
  endfacet
  facet normal 0 0 -1
    outer loop
      vertex 14.046699523925781 1.826399803161621 0
      vertex 17.12540054321289 3.9624996185302734 0
      vertex 14.321004867553711 1.6018743515014648 0
    endloop
  endfacet
  facet normal 0 0 -1
    outer loop
      vertex 13.89390754699707 1.9526252746582031 0
      vertex 17.12540054321289 3.9624996185302734 0
      vertex 14.046699523925781 1.826399803161621 0
    endloop
  endfacet
  facet normal 0 0 -1
    outer loop
      vertex 13.747491836547852 2.076343536376953 0
      vertex 17.12540054321289 3.9624996185302734 0
      vertex 13.89390754699707 1.9526252746582031 0
    endloop
  endfacet
  facet normal 0 0 -1
    outer loop
      vertex 13.607451438903809 2.1975536346435547 0
      vertex 17.12540054321289 3.9624996185302734 0
      vertex 13.747491836547852 2.076343536376953 0
    endloop
  endfacet
  facet normal 0 0 -1
    outer loop
      vertex 13.473787307739258 2.316255569458008 0
      vertex 17.12540054321289 3.9624996185302734 0
      vertex 13.607451438903809 2.1975536346435547 0
    endloop
  endfacet
  facet normal 0 0 -1
    outer loop
      vertex 13.3464994430542 2.4324493408203125 0
      vertex 17.12540054321289 3.9624996185302734 0
      vertex 13.473787307739258 2.316255569458008 0
    endloop
  endfacet
  facet normal 0 0 -1
    outer loop
      vertex 13.225587844848633 2.546135902404785 0
      vertex 17.12540054321289 3.9624996185302734 0
      vertex 13.3464994430542 2.4324493408203125 0
    endloop
  endfacet
  facet normal 0 0 -1
    outer loop
      vertex 13.111051559448242 2.657313346862793 0
      vertex 17.12540054321289 3.9624996185302734 0
      vertex 13.225587844848633 2.546135902404785 0
    endloop
  endfacet
  facet normal 0 0 -1
    outer loop
      vertex 13.002891540527344 2.7659835815429688 0
      vertex 17.12540054321289 3.9624996185302734 0
      vertex 13.111051559448242 2.657313346862793 0
    endloop
  endfacet
  facet normal 0 0 -1
    outer loop
      vertex 12.901107788085938 2.872145652770996 0
      vertex 17.12540054321289 3.9624996185302734 0
      vertex 13.002891540527344 2.7659835815429688 0
    endloop
  endfacet
  facet normal 0 0 -1
    outer loop
      vertex 12.805699348449707 2.975799560546875 0
      vertex 17.12540054321289 3.9624996185302734 0
      vertex 12.901107788085938 2.872145652770996 0
    endloop
  endfacet
  facet normal 0 0 -1
    outer loop
      vertex 12.716056823730469 3.077826499938965 0
      vertex 17.12540054321289 3.9624996185302734 0
      vertex 12.805699348449707 2.975799560546875 0
    endloop
  endfacet
  facet normal 0 0 -1
    outer loop
      vertex 12.63156795501709 3.179107666015625 0
      vertex 17.12540054321289 3.9624996185302734 0
      vertex 12.716056823730469 3.077826499938965 0
    endloop
  endfacet
  facet normal 0 0 -1
    outer loop
      vertex 12.55223274230957 3.279642105102539 0
      vertex 17.12540054321289 3.9624996185302734 0
      vertex 12.63156795501709 3.179107666015625 0
    endloop
  endfacet
  facet normal 0 0 -1
    outer loop
      vertex 12.47805118560791 3.37943172454834 0
      vertex 17.12540054321289 3.9624996185302734 0
      vertex 12.55223274230957 3.279642105102539 0
    endloop
  endfacet
  facet normal 0 0 -1
    outer loop
      vertex 12.409024238586426 3.4784746170043945 0
      vertex 17.12540054321289 3.9624996185302734 0
      vertex 12.47805118560791 3.37943172454834 0
    endloop
  endfacet
  facet normal 0 0 -1
    outer loop
      vertex 12.345151901245117 3.5767717361450195 0
      vertex 17.12540054321289 3.9624996185302734 0
      vertex 12.409024238586426 3.4784746170043945 0
    endloop
  endfacet
  facet normal 0 0 -1
    outer loop
      vertex 12.286432266235352 3.6743221282958984 0
      vertex 17.12540054321289 3.9624996185302734 0
      vertex 12.345151901245117 3.5767717361450195 0
    endloop
  endfacet
  facet normal 0 0 -1
    outer loop
      vertex 12.232867240905762 3.771127700805664 0
      vertex 17.12540054321289 3.9624996185302734 0
      vertex 12.286432266235352 3.6743221282958984 0
    endloop
  endfacet
  facet normal 0 0 -1
    outer loop
      vertex 12.184456825256348 3.8671865463256836 0
      vertex 17.12540054321289 3.9624996185302734 0
      vertex 12.232867240905762 3.771127700805664 0
    endloop
  endfacet
  facet normal 0 0 -1
    outer loop
      vertex 17.12540054321289 3.9624996185302734 0
      vertex 12.184456825256348 3.8671865463256836 0
      vertex 12.141199111938477 3.9624996185302734 0
    endloop
  endfacet
  facet normal 0 0 -1
    outer loop
      vertex 14.292723655700684 -3.6762399673461914 0
      vertex 15.721699714660645 -2.0388994216918945 0
      vertex 15.717087745666504 -2.1927127838134766 0
    endloop
  endfacet
  facet normal 0 0 -1
    outer loop
      vertex 14.139405250549316 -3.6892595291137695 0
      vertex 15.721699714660645 -2.0388994216918945 0
      vertex 14.292723655700684 -3.6762399673461914 0
    endloop
  endfacet
  facet normal 0 0 -1
    outer loop
      vertex 14.43885326385498 -3.654539108276367 0
      vertex 15.717087745666504 -2.1927127838134766 0
      vertex 15.703251838684082 -2.3394718170166016 0
    endloop
  endfacet
  facet normal 0 0 -1
    outer loop
      vertex 15.721699714660645 -2.0388994216918945 0
      vertex 14.139405250549316 -3.6892595291137695 0
      vertex 15.71902084350586 -1.9234981536865234 0
    endloop
  endfacet
  facet normal 0 0 -1
    outer loop
      vertex 14.57779598236084 -3.624159812927246 0
      vertex 15.703251838684082 -2.3394718170166016 0
      vertex 15.680191993713379 -2.4791765213012695 0
    endloop
  endfacet
  facet normal 0 0 -1
    outer loop
      vertex 15.71902084350586 -1.9234981536865234 0
      vertex 14.139405250549316 -3.6892595291137695 0
      vertex 15.710983276367188 -1.8105354309082031 0
    endloop
  endfacet
  facet normal 0 0 -1
    outer loop
      vertex 13.978899955749512 -3.6935997009277344 0
      vertex 15.710983276367188 -1.8105354309082031 0
      vertex 14.139405250549316 -3.6892595291137695 0
    endloop
  endfacet
  facet normal 0 0 -1
    outer loop
      vertex 14.709549903869629 -3.585099220275879 0
      vertex 15.680191993713379 -2.4791765213012695 0
      vertex 15.647907257080078 -2.611827850341797 0
    endloop
  endfacet
  facet normal 0 0 -1
    outer loop
      vertex 15.710983276367188 -1.8105354309082031 0
      vertex 13.978899955749512 -3.6935997009277344 0
      vertex 15.697588920593262 -1.7000102996826172 0
    endloop
  endfacet
  facet normal 0 0 -1
    outer loop
      vertex 14.709549903869629 -3.585099220275879 0
      vertex 15.647907257080078 -2.611827850341797 0
      vertex 15.606399536132812 -2.737424850463867 0
    endloop
  endfacet
  facet normal 0 0 -1
    outer loop
      vertex 15.697588920593262 -1.7000102996826172 0
      vertex 13.978899955749512 -3.6935997009277344 0
      vertex 15.67883586883545 -1.591923713684082 0
    endloop
  endfacet
  facet normal 0 0 -1
    outer loop
      vertex 14.709549903869629 -3.585099220275879 0
      vertex 15.606399536132812 -2.737424850463867 0
      vertex 15.555667877197266 -2.8559675216674805 0
    endloop
  endfacet
  facet normal 0 0 -1
    outer loop
      vertex 15.717087745666504 -2.1927127838134766 0
      vertex 14.43885326385498 -3.654539108276367 0
      vertex 14.292723655700684 -3.6762399673461914 0
    endloop
  endfacet
  facet normal 0 0 -1
    outer loop
      vertex 15.67883586883545 -1.591923713684082 0
      vertex 13.978899955749512 -3.6935997009277344 0
      vertex 15.65472412109375 -1.4862747192382812 0
    endloop
  endfacet
  facet normal 0 0 -1
    outer loop
      vertex 14.709549903869629 -3.585099220275879 0
      vertex 15.555667877197266 -2.8559675216674805 0
      vertex 15.495711326599121 -2.967456817626953 0
    endloop
  endfacet
  facet normal 0 0 -1
    outer loop
      vertex 15.65472412109375 -1.4862747192382812 0
      vertex 13.978899955749512 -3.6935997009277344 0
      vertex 15.625255584716797 -1.3830633163452148 0
    endloop
  endfacet
  facet normal 0 0 -1
    outer loop
      vertex 14.709549903869629 -3.585099220275879 0
      vertex 15.495711326599121 -2.967456817626953 0
      vertex 15.426531791687012 -3.0718917846679688 0
    endloop
  endfacet
  facet normal 0 0 -1
    outer loop
      vertex 13.825666427612305 -3.6893606185913086 0
      vertex 15.625255584716797 -1.3830633163452148 0
      vertex 13.978899955749512 -3.6935997009277344 0
    endloop
  endfacet
  facet normal 0 0 -1
    outer loop
      vertex 14.709549903869629 -3.585099220275879 0
      vertex 15.426531791687012 -3.0718917846679688 0
      vertex 15.348127365112305 -3.1692724227905273 0
    endloop
  endfacet
  facet normal 0 0 -1
    outer loop
      vertex 15.625255584716797 -1.3830633163452148 0
      vertex 13.825666427612305 -3.6893606185913086 0
      vertex 15.590428352355957 -1.2822904586791992 0
    endloop
  endfacet
  facet normal 0 0 -1
    outer loop
      vertex 15.590428352355957 -1.2822904586791992 0
      vertex 13.825666427612305 -3.6893606185913086 0
      vertex 15.550243377685547 -1.183955192565918 0
    endloop
  endfacet
  facet normal 0 0 -1
    outer loop
      vertex 14.709549903869629 -3.585099220275879 0
      vertex 15.348127365112305 -3.1692724227905273 0
      vertex 15.260499954223633 -3.2595996856689453 0
    endloop
  endfacet
  facet normal 0 0 -1
    outer loop
      vertex 15.703251838684082 -2.3394718170166016 0
      vertex 14.57779598236084 -3.624159812927246 0
      vertex 14.43885326385498 -3.654539108276367 0
    endloop
  endfacet
  facet normal 0 0 -1
    outer loop
      vertex 14.709549903869629 -3.585099220275879 0
      vertex 15.260499954223633 -3.2595996856689453 0
      vertex 15.164685249328613 -3.3420591354370117 0
    endloop
  endfacet
  facet normal 0 0 -1
    outer loop
      vertex 15.550243377685547 -1.183955192565918 0
      vertex 13.825666427612305 -3.6893606185913086 0
      vertex 15.504700660705566 -1.0880584716796875 0
    endloop
  endfacet
  facet normal 0 0 -1
    outer loop
      vertex 15.504700660705566 -1.0880584716796875 0
      vertex 13.825666427612305 -3.6893606185913086 0
      vertex 15.4537992477417 -0.9945993423461914 0
    endloop
  endfacet
  facet normal 0 0 -1
    outer loop
      vertex 14.709549903869629 -3.585099220275879 0
      vertex 15.164685249328613 -3.3420591354370117 0
      vertex 15.061683654785156 -3.415839195251465 0
    endloop
  endfacet
  facet normal 0 0 -1
    outer loop
      vertex 15.4537992477417 -0.9945993423461914 0
      vertex 13.825666427612305 -3.6893606185913086 0
      vertex 15.398558616638184 -0.9027853012084961 0
    endloop
  endfacet
  facet normal 0 0 -1
    outer loop
      vertex 14.834115982055664 -3.5373592376708984 0
      vertex 15.061683654785156 -3.415839195251465 0
      vertex 14.951493263244629 -3.4809398651123047 0
    endloop
  endfacet
  facet normal 0 0 -1
    outer loop
      vertex 14.709549903869629 -3.585099220275879 0
      vertex 15.061683654785156 -3.415839195251465 0
      vertex 14.834115982055664 -3.5373592376708984 0
    endloop
  endfacet
  facet normal 0 0 -1
    outer loop
      vertex 15.680191993713379 -2.4791765213012695 0
      vertex 14.709549903869629 -3.585099220275879 0
      vertex 14.57779598236084 -3.624159812927246 0
    endloop
  endfacet
  facet normal 0 0 -1
    outer loop
      vertex 12.100499153137207 -2.079599380493164 0
      vertex 15.398558616638184 -0.9027853012084961 0
      vertex 13.825666427612305 -3.6893606185913086 0
    endloop
  endfacet
  facet normal 0 0 -1
    outer loop
      vertex 15.398558616638184 -0.9027853012084961 0
      vertex 12.100499153137207 -2.079599380493164 0
      vertex 15.339995384216309 -0.8117837905883789 0
    endloop
  endfacet
  facet normal 0 0 -1
    outer loop
      vertex 15.339995384216309 -0.8117837905883789 0
      vertex 12.100499153137207 -2.079599380493164 0
      vertex 15.27811050415039 -0.7215938568115234 0
    endloop
  endfacet
  facet normal 0 0 -1
    outer loop
      vertex 15.27811050415039 -0.7215938568115234 0
      vertex 12.100499153137207 -2.079599380493164 0
      vertex 15.21290397644043 -0.6322154998779297 0
    endloop
  endfacet
  facet normal 0 0 -1
    outer loop
      vertex 15.21290397644043 -0.6322154998779297 0
      vertex 12.100499153137207 -2.079599380493164 0
      vertex 15.14437484741211 -0.5436496734619141 0
    endloop
  endfacet
  facet normal 0 0 -1
    outer loop
      vertex 15.14437484741211 -0.5436496734619141 0
      vertex 12.100499153137207 -2.079599380493164 0
      vertex 15.07252311706543 -0.45589542388916016 0
    endloop
  endfacet
  facet normal 0 0 -1
    outer loop
      vertex 15.07252311706543 -0.45589542388916016 0
      vertex 12.100499153137207 -2.079599380493164 0
      vertex 14.997350692749023 -0.3689537048339844 0
    endloop
  endfacet
  facet normal 0 0 -1
    outer loop
      vertex 14.918855667114258 -0.2828235626220703 0
      vertex 12.100499153137207 -2.079599380493164 0
      vertex 14.83703899383545 -0.19750595092773438 0
    endloop
  endfacet
  facet normal 0 0 -1
    outer loop
      vertex 14.83703899383545 -0.19750595092773438 0
      vertex 12.100499153137207 -2.079599380493164 0
      vertex 14.751899719238281 -0.11299991607666016 0
    endloop
  endfacet
  facet normal 0 0 -1
    outer loop
      vertex 14.664048194885254 -0.028919219970703125 0
      vertex 12.100499153137207 -2.079599380493164 0
      vertex 14.574095726013184 0.055159568786621094 0
    endloop
  endfacet
  facet normal 0 0 -1
    outer loop
      vertex 14.482040405273438 0.13923931121826172 0
      vertex 12.100499153137207 -2.079599380493164 0
      vertex 14.387883186340332 0.22331905364990234 0
    endloop
  endfacet
  facet normal 0 0 -1
    outer loop
      vertex 14.387883186340332 0.22331905364990234 0
      vertex 12.100499153137207 -2.079599380493164 0
      vertex 14.291624069213867 0.3073997497558594 0
    endloop
  endfacet
  facet normal 0 0 -1
    outer loop
      vertex 14.574095726013184 0.055159568786621094 0
      vertex 12.100499153137207 -2.079599380493164 0
      vertex 14.482040405273438 0.13923931121826172 0
    endloop
  endfacet
  facet normal 0 0 -1
    outer loop
      vertex 14.291624069213867 0.3073997497558594 0
      vertex 12.100499153137207 -2.079599380493164 0
      vertex 14.193263053894043 0.3914794921875 0
    endloop
  endfacet
  facet normal 0 0 -1
    outer loop
      vertex 14.193263053894043 0.3914794921875 0
      vertex 12.100499153137207 -2.079599380493164 0
      vertex 14.09280014038086 0.4755592346191406 0
    endloop
  endfacet
  facet normal 0 0 -1
    outer loop
      vertex 14.751899719238281 -0.11299991607666016 0
      vertex 12.100499153137207 -2.079599380493164 0
      vertex 14.664048194885254 -0.028919219970703125 0
    endloop
  endfacet
  facet normal 0 0 -1
    outer loop
      vertex 14.09280014038086 0.4755592346191406 0
      vertex 12.100499153137207 -2.079599380493164 0
      vertex 13.990235328674316 0.5596399307250977 0
    endloop
  endfacet
  facet normal 0 0 -1
    outer loop
      vertex 14.997350692749023 -0.3689537048339844 0
      vertex 12.100499153137207 -2.079599380493164 0
      vertex 14.918855667114258 -0.2828235626220703 0
    endloop
  endfacet
  facet normal 0 0 -1
    outer loop
      vertex 13.990235328674316 0.5596399307250977 0
      vertex 12.100499153137207 -2.079599380493164 0
      vertex 13.885568618774414 0.6437196731567383 0
    endloop
  endfacet
  facet normal 0 0 -1
    outer loop
      vertex 12.100499153137207 -2.079599380493164 0
      vertex 13.825666427612305 -3.6893606185913086 0
      vertex 13.67792797088623 -3.6766433715820312 0
    endloop
  endfacet
  facet normal 0 0 -1
    outer loop
      vertex 13.885568618774414 0.6437196731567383 0
      vertex 12.100499153137207 -2.079599380493164 0
      vertex 13.778799057006836 0.7277994155883789 0
    endloop
  endfacet
  facet normal 0 0 -1
    outer loop
      vertex 13.778799057006836 0.7277994155883789 0
      vertex 12.100499153137207 -2.079599380493164 0
      vertex 13.670877456665039 0.8125925064086914 0
    endloop
  endfacet
  facet normal 0 0 -1
    outer loop
      vertex 12.100499153137207 -2.079599380493164 0
      vertex 13.67792797088623 -3.6766433715820312 0
      vertex 13.535682678222656 -3.6554489135742188 0
    endloop
  endfacet
  facet normal 0 0 -1
    outer loop
      vertex 13.670877456665039 0.8125925064086914 0
      vertex 12.100499153137207 -2.079599380493164 0
      vertex 13.562751770019531 0.8988113403320312 0
    endloop
  endfacet
  facet normal 0 0 -1
    outer loop
      vertex 12.100499153137207 -2.079599380493164 0
      vertex 13.535682678222656 -3.6554489135742188 0
      vertex 13.398931503295898 -3.6257753372192383 0
    endloop
  endfacet
  facet normal 0 0 -1
    outer loop
      vertex 13.562751770019531 0.8988113403320312 0
      vertex 12.100499153137207 -2.079599380493164 0
      vertex 13.454421997070312 0.9864568710327148 0
    endloop
  endfacet
  facet normal 0 0 -1
    outer loop
      vertex 12.100499153137207 -2.079599380493164 0
      vertex 13.398931503295898 -3.6257753372192383 0
      vertex 13.267674446105957 -3.5876245498657227 0
    endloop
  endfacet
  facet normal 0 0 -1
    outer loop
      vertex 13.454421997070312 0.9864568710327148 0
      vertex 12.100499153137207 -2.079599380493164 0
      vertex 13.345887184143066 1.0755271911621094 0
    endloop
  endfacet
  facet normal 0 0 -1
    outer loop
      vertex 12.100499153137207 -2.079599380493164 0
      vertex 13.267674446105957 -3.5876245498657227 0
      vertex 13.141911506652832 -3.5409955978393555 0
    endloop
  endfacet
  facet normal 0 0 -1
    outer loop
      vertex 13.345887184143066 1.0755271911621094 0
      vertex 12.100499153137207 -2.079599380493164 0
      vertex 13.237149238586426 1.1660242080688477 0
    endloop
  endfacet
  facet normal 0 0 -1
    outer loop
      vertex 12.100499153137207 -2.079599380493164 0
      vertex 13.141911506652832 -3.5409955978393555 0
      vertex 13.021642684936523 -3.4858884811401367 0
    endloop
  endfacet
  facet normal 0 0 -1
    outer loop
      vertex 13.237149238586426 1.1660242080688477 0
      vertex 12.100499153137207 -2.079599380493164 0
      vertex 13.128207206726074 1.2579479217529297 0
    endloop
  endfacet
  facet normal 0 0 -1
    outer loop
      vertex 13.128207206726074 1.2579479217529297 0
      vertex 12.100499153137207 -2.079599380493164 0
      vertex 13.019061088562012 1.3512964248657227 0
    endloop
  endfacet
  facet normal 0 0 -1
    outer loop
      vertex 12.100499153137207 -2.079599380493164 0
      vertex 13.021642684936523 -3.4858884811401367 0
      vertex 12.906867980957031 -3.4223031997680664 0
    endloop
  endfacet
  facet normal 0 0 -1
    outer loop
      vertex 13.019061088562012 1.3512964248657227 0
      vertex 12.100499153137207 -2.079599380493164 0
      vertex 12.909711837768555 1.4460716247558594 0
    endloop
  endfacet
  facet normal 0 0 -1
    outer loop
      vertex 12.100499153137207 -2.079599380493164 0
      vertex 12.906867980957031 -3.4223031997680664 0
      vertex 12.797586441040039 -3.350240707397461 0
    endloop
  endfacet
  facet normal 0 0 -1
    outer loop
      vertex 12.100499153137207 -2.079599380493164 0
      vertex 12.797586441040039 -3.350240707397461 0
      vertex 12.69379997253418 -3.2696990966796875 0
    endloop
  endfacet
  facet normal 0 0 -1
    outer loop
      vertex 12.909711837768555 1.4460716247558594 0
      vertex 12.100499153137207 -2.079599380493164 0
      vertex 12.80015754699707 1.5422725677490234 0
    endloop
  endfacet
  facet normal 0 0 -1
    outer loop
      vertex 12.100499153137207 -2.079599380493164 0
      vertex 12.69379997253418 -3.2696990966796875 0
      vertex 12.596930503845215 -3.1815147399902344 0
    endloop
  endfacet
  facet normal 0 0 -1
    outer loop
      vertex 12.80015754699707 1.5422725677490234 0
      vertex 12.100499153137207 -2.079599380493164 0
      vertex 12.690399169921875 1.6398992538452148 0
    endloop
  endfacet
  facet normal 0 0 -1
    outer loop
      vertex 12.100499153137207 -2.079599380493164 0
      vertex 12.596930503845215 -3.1815147399902344 0
      vertex 12.508403778076172 -3.0864791870117188 0
    endloop
  endfacet
  facet normal 0 0 -1
    outer loop
      vertex 10.852699279785156 -2.194899559020996 0
      vertex 12.690399169921875 1.6398992538452148 0
      vertex 12.100499153137207 -2.079599380493164 0
    endloop
  endfacet
  facet normal 0 0 -1
    outer loop
      vertex 12.100499153137207 -2.079599380493164 0
      vertex 12.508403778076172 -3.0864791870117188 0
      vertex 12.428218841552734 -2.9845943450927734 0
    endloop
  endfacet
  facet normal 0 0 -1
    outer loop
      vertex 12.690399169921875 1.6398992538452148 0
      vertex 10.852699279785156 -2.194899559020996 0
      vertex 12.581066131591797 1.7393732070922852 0
    endloop
  endfacet
  facet normal 0 0 -1
    outer loop
      vertex 12.100499153137207 -2.079599380493164 0
      vertex 12.428218841552734 -2.9845943450927734 0
      vertex 12.356375694274902 -2.875859260559082 0
    endloop
  endfacet
  facet normal 0 0 -1
    outer loop
      vertex 12.100499153137207 -2.079599380493164 0
      vertex 12.356375694274902 -2.875859260559082 0
      vertex 12.292874336242676 -2.760274887084961 0
    endloop
  endfacet
  facet normal 0 0 -1
    outer loop
      vertex 12.581066131591797 1.7393732070922852 0
      vertex 10.852699279785156 -2.194899559020996 0
      vertex 12.472747802734375 1.8411550521850586 0
    endloop
  endfacet
  facet normal 0 0 -1
    outer loop
      vertex 12.100499153137207 -2.079599380493164 0
      vertex 12.292874336242676 -2.760274887084961 0
      vertex 12.237715721130371 -2.6378393173217773 0
    endloop
  endfacet
  facet normal 0 0 -1
    outer loop
      vertex 12.100499153137207 -2.079599380493164 0
      vertex 12.237715721130371 -2.6378393173217773 0
      vertex 12.190898895263672 -2.508554458618164 0
    endloop
  endfacet
  facet normal 0 0 -1
    outer loop
      vertex 12.472747802734375 1.8411550521850586 0
      vertex 10.852699279785156 -2.194899559020996 0
      vertex 12.365442276000977 1.9452457427978516 0
    endloop
  endfacet
  facet normal 0 0 -1
    outer loop
      vertex 12.100499153137207 -2.079599380493164 0
      vertex 12.190898895263672 -2.508554458618164 0
      vertex 12.152423858642578 -2.3724193572998047 0
    endloop
  endfacet
  facet normal 0 0 -1
    outer loop
      vertex 12.100499153137207 -2.079599380493164 0
      vertex 12.152423858642578 -2.3724193572998047 0
      vertex 12.12229061126709 -2.2294349670410156 0
    endloop
  endfacet
  facet normal 0 0 -1
    outer loop
      vertex 12.365442276000977 1.9452457427978516 0
      vertex 10.852699279785156 -2.194899559020996 0
      vertex 12.259151458740234 2.0516433715820312 0
    endloop
  endfacet
  facet normal 0 0 -1
    outer loop
      vertex 12.259151458740234 2.0516433715820312 0
      vertex 10.852699279785156 -2.194899559020996 0
      vertex 12.153874397277832 2.1603498458862305 0
    endloop
  endfacet
  facet normal 0 0 -1
    outer loop
      vertex 12.153874397277832 2.1603498458862305 0
      vertex 10.852699279785156 -2.194899559020996 0
      vertex 12.04961109161377 2.2713632583618164 0
    endloop
  endfacet
  facet normal 0 0 -1
    outer loop
      vertex 12.04961109161377 2.2713632583618164 0
      vertex 10.852699279785156 -2.194899559020996 0
      vertex 11.946362495422363 2.384685516357422 0
    endloop
  endfacet
  facet normal 0 0 -1
    outer loop
      vertex 11.946362495422363 2.384685516357422 0
      vertex 10.852699279785156 -2.194899559020996 0
      vertex 11.844127655029297 2.5003156661987305 0
    endloop
  endfacet
  facet normal 0 0 -1
    outer loop
      vertex 11.844127655029297 2.5003156661987305 0
      vertex 10.852699279785156 -2.194899559020996 0
      vertex 11.74290657043457 2.618253707885742 0
    endloop
  endfacet
  facet normal 0 0 -1
    outer loop
      vertex 11.74290657043457 2.618253707885742 0
      vertex 10.852699279785156 -2.194899559020996 0
      vertex 11.642699241638184 2.738499641418457 0
    endloop
  endfacet
  facet normal 0 0 -1
    outer loop
      vertex 11.642699241638184 2.738499641418457 0
      vertex 10.852699279785156 -2.194899559020996 0
      vertex 11.54454517364502 2.8617448806762695 0
    endloop
  endfacet
  facet normal 0 0 -1
    outer loop
      vertex 11.54454517364502 2.8617448806762695 0
      vertex 10.852699279785156 -2.194899559020996 0
      vertex 11.449443817138672 2.988719940185547 0
    endloop
  endfacet
  facet normal 0 0 -1
    outer loop
      vertex 11.449443817138672 2.988719940185547 0
      vertex 10.852699279785156 -2.194899559020996 0
      vertex 11.357393264770508 3.119424819946289 0
    endloop
  endfacet
  facet normal 0 0 -1
    outer loop
      vertex 5.045699119567871 3.9624996185302734 0
      vertex 11.357393264770508 3.119424819946289 0
      vertex 10.852699279785156 -2.194899559020996 0
    endloop
  endfacet
  facet normal 0 0 -1
    outer loop
      vertex 11.357393264770508 3.119424819946289 0
      vertex 5.045699119567871 3.9624996185302734 0
      vertex 11.26839542388916 3.253859519958496 0
    endloop
  endfacet
  facet normal 0 0 -1
    outer loop
      vertex 11.26839542388916 3.253859519958496 0
      vertex 5.045699119567871 3.9624996185302734 0
      vertex 11.182449340820312 3.3920249938964844 0
    endloop
  endfacet
  facet normal 0 0 -1
    outer loop
      vertex 11.182449340820312 3.3920249938964844 0
      vertex 5.045699119567871 3.9624996185302734 0
      vertex 11.099555969238281 3.533919334411621 0
    endloop
  endfacet
  facet normal 0 0 -1
    outer loop
      vertex 11.099555969238281 3.533919334411621 0
      vertex 5.045699119567871 3.9624996185302734 0
      vertex 11.019713401794434 3.679544448852539 0
    endloop
  endfacet
  facet normal 0 0 -1
    outer loop
      vertex 11.019713401794434 3.679544448852539 0
      vertex 5.045699119567871 3.9624996185302734 0
      vertex 10.942923545837402 3.828899383544922 0
    endloop
  endfacet
  facet normal 0 0 -1
    outer loop
      vertex 10.942923545837402 3.828899383544922 0
      vertex 5.045699119567871 3.9624996185302734 0
      vertex 10.869185447692871 3.9819841384887695 0
    endloop
  endfacet
  facet normal 0 0 -1
    outer loop
      vertex 5.045699119567871 3.9624996185302734 0
      vertex 2.7197999954223633 -4.5547990798950195 0
      vertex 2.7197999954223633 3.9624996185302734 0
    endloop
  endfacet
  facet normal 0 0 -1
    outer loop
      vertex -0.6640996932983398 -1.8490991592407227 0
      vertex 1.4922990798950195 3.9624996185302734 0
      vertex 1.4922990798950195 -3.388399124145508 0
    endloop
  endfacet
  facet normal 0 0 -1
    outer loop
      vertex 1.4922990798950195 3.9624996185302734 0
      vertex -0.6640996932983398 -1.8490991592407227 0
      vertex -0.9420995712280273 3.9624996185302734 0
    endloop
  endfacet
  facet normal 0 0 -1
    outer loop
      vertex 26.92755889892578 -0.5485639572143555 0
      vertex 27.99449920654297 -2.0388994216918945 0
      vertex 27.989990234375 -2.1889381408691406 0
    endloop
  endfacet
  facet normal 0 0 -1
    outer loop
      vertex 26.697914123535156 -3.6536216735839844 0
      vertex 27.989990234375 -2.1889381408691406 0
      vertex 27.976459503173828 -2.332535743713379 0
    endloop
  endfacet
  facet normal 0 0 -1
    outer loop
      vertex 27.99449920654297 -2.0388994216918945 0
      vertex 27.06964874267578 -0.6054258346557617 0
      vertex 27.988971710205078 -1.887655258178711 0
    endloop
  endfacet
  facet normal 0 0 -1
    outer loop
      vertex 26.697914123535156 -3.6536216735839844 0
      vertex 27.976459503173828 -2.332535743713379 0
      vertex 27.95391082763672 -2.4696903228759766 0
    endloop
  endfacet
  facet normal 0 0 -1
    outer loop
      vertex 27.202720642089844 -0.6710357666015625 0
      vertex 27.988971710205078 -1.887655258178711 0
      vertex 27.06964874267578 -0.6054258346557617 0
    endloop
  endfacet
  facet normal 0 0 -1
    outer loop
      vertex 26.844955444335938 -3.6225271224975586 0
      vertex 27.95391082763672 -2.4696903228759766 0
      vertex 27.922340393066406 -2.6004037857055664 0
    endloop
  endfacet
  facet normal 0 0 -1
    outer loop
      vertex 27.988971710205078 -1.887655258178711 0
      vertex 27.202720642089844 -0.6710357666015625 0
      vertex 27.97239112854004 -1.7431230545043945 0
    endloop
  endfacet
  facet normal 0 0 -1
    outer loop
      vertex 26.98324966430664 -3.5825490951538086 0
      vertex 27.922340393066406 -2.6004037857055664 0
      vertex 27.88174819946289 -2.7246742248535156 0
    endloop
  endfacet
  facet normal 0 0 -1
    outer loop
      vertex 27.97239112854004 -1.7431230545043945 0
      vertex 27.326770782470703 -0.7453937530517578 0
      vertex 27.94475555419922 -1.6053037643432617 0
    endloop
  endfacet
  facet normal 0 0 -1
    outer loop
      vertex 26.98324966430664 -3.5825490951538086 0
      vertex 27.88174819946289 -2.7246742248535156 0
      vertex 27.83213996887207 -2.842503547668457 0
    endloop
  endfacet
  facet normal 0 0 -1
    outer loop
      vertex 27.44179916381836 -0.8284997940063477 0
      vertex 27.94475555419922 -1.6053037643432617 0
      vertex 27.326770782470703 -0.7453937530517578 0
    endloop
  endfacet
  facet normal 0 0 -1
    outer loop
      vertex 26.98324966430664 -3.5825490951538086 0
      vertex 27.83213996887207 -2.842503547668457 0
      vertex 27.773509979248047 -2.953890800476074 0
    endloop
  endfacet
  facet normal 0 0 -1
    outer loop
      vertex 27.8563232421875 -1.3497991561889648 0
      vertex 27.44179916381836 -0.8284997940063477 0
      vertex 27.795528411865234 -1.2321157455444336 0
    endloop
  endfacet
  facet normal 0 0 -1
    outer loop
      vertex 27.112796783447266 -3.5336875915527344 0
      vertex 27.773509979248047 -2.953890800476074 0
      vertex 27.705860137939453 -3.058835983276367 0
    endloop
  endfacet
  facet normal 0 0 -1
    outer loop
      vertex 27.795528411865234 -1.2321157455444336 0
      vertex 27.546812057495117 -0.9193353652954102 0
      vertex 27.723676681518555 -1.1211433410644531 0
    endloop
  endfacet
  facet normal 0 0 -1
    outer loop
      vertex 27.112796783447266 -3.5336875915527344 0
      vertex 27.705860137939453 -3.058835983276367 0
      vertex 27.629188537597656 -3.1573381423950195 0
    endloop
  endfacet
  facet normal 0 0 -1
    outer loop
      vertex 27.723676681518555 -1.1211433410644531 0
      vertex 27.546812057495117 -0.9193353652954102 0
      vertex 27.640771865844727 -1.0168838500976562 0
    endloop
  endfacet
  facet normal 0 0 -1
    outer loop
      vertex 27.112796783447266 -3.5336875915527344 0
      vertex 27.629188537597656 -3.1573381423950195 0
      vertex 27.543498992919922 -3.249399185180664 0
    endloop
  endfacet
  facet normal 0 0 -1
    outer loop
      vertex 27.112796783447266 -3.5336875915527344 0
      vertex 27.543498992919922 -3.249399185180664 0
      vertex 27.448945999145508 -3.3337974548339844 0
    endloop
  endfacet
  facet normal 0 0 -1
    outer loop
      vertex 27.773509979248047 -2.953890800476074 0
      vertex 27.112796783447266 -3.5336875915527344 0
      vertex 26.98324966430664 -3.5825490951538086 0
    endloop
  endfacet
  facet normal 0 0 -1
    outer loop
      vertex 27.233592987060547 -3.4759416580200195 0
      vertex 27.448945999145508 -3.3337974548339844 0
      vertex 27.345643997192383 -3.409311294555664 0
    endloop
  endfacet
  facet normal 0 0 -1
    outer loop
      vertex 27.112796783447266 -3.5336875915527344 0
      vertex 27.448945999145508 -3.3337974548339844 0
      vertex 27.233592987060547 -3.4759416580200195 0
    endloop
  endfacet
  facet normal 0 0 -1
    outer loop
      vertex 27.922340393066406 -2.6004037857055664 0
      vertex 26.98324966430664 -3.5825490951538086 0
      vertex 26.844955444335938 -3.6225271224975586 0
    endloop
  endfacet
  facet normal 0 0 -1
    outer loop
      vertex 27.95391082763672 -2.4696903228759766 0
      vertex 26.844955444335938 -3.6225271224975586 0
      vertex 26.697914123535156 -3.6536216735839844 0
    endloop
  endfacet
  facet normal 0 0 -1
    outer loop
      vertex 27.795528411865234 -1.2321157455444336 0
      vertex 27.44179916381836 -0.8284997940063477 0
      vertex 27.546812057495117 -0.9193353652954102 0
    endloop
  endfacet
  facet normal 0 0 -1
    outer loop
      vertex 27.90606689453125 -1.4741954803466797 0
      vertex 27.44179916381836 -0.8284997940063477 0
      vertex 27.8563232421875 -1.3497991561889648 0
    endloop
  endfacet
  facet normal 0 0 -1
    outer loop
      vertex 27.94475555419922 -1.6053037643432617 0
      vertex 27.44179916381836 -0.8284997940063477 0
      vertex 27.90606689453125 -1.4741954803466797 0
    endloop
  endfacet
  facet normal 0 0 -1
    outer loop
      vertex 27.326770782470703 -0.7453937530517578 0
      vertex 27.97239112854004 -1.7431230545043945 0
      vertex 27.202720642089844 -0.6710357666015625 0
    endloop
  endfacet
  facet normal 0 0 -1
    outer loop
      vertex 27.989990234375 -2.1889381408691406 0
      vertex 26.697914123535156 -3.6536216735839844 0
      vertex 26.92755889892578 -0.5485639572143555 0
    endloop
  endfacet
  facet normal 0 0 -1
    outer loop
      vertex 27.99449920654297 -2.0388994216918945 0
      vertex 26.92755889892578 -0.5485639572143555 0
      vertex 27.06964874267578 -0.6054258346557617 0
    endloop
  endfacet
  facet normal 0 0 -1
    outer loop
      vertex 26.542123794555664 -3.6758317947387695 0
      vertex 26.92755889892578 -0.5485639572143555 0
      vertex 26.697914123535156 -3.6536216735839844 0
    endloop
  endfacet
  facet normal 0 0 -1
    outer loop
      vertex 26.92755889892578 -0.5485639572143555 0
      vertex 26.542123794555664 -3.6758317947387695 0
      vertex 26.77644920349121 -0.5004491806030273 0
    endloop
  endfacet
  facet normal 0 0 -1
    outer loop
      vertex 26.377586364746094 -3.689157485961914 0
      vertex 26.77644920349121 -0.5004491806030273 0
      vertex 26.542123794555664 -3.6758317947387695 0
    endloop
  endfacet
  facet normal 0 0 -1
    outer loop
      vertex 26.77644920349121 -0.5004491806030273 0
      vertex 26.377586364746094 -3.689157485961914 0
      vertex 26.61631965637207 -0.46108341217041016 0
    endloop
  endfacet
  facet normal 0 0 -1
    outer loop
      vertex 26.61631965637207 -0.46108341217041016 0
      vertex 26.377586364746094 -3.689157485961914 0
      vertex 26.44717025756836 -0.4304656982421875 0
    endloop
  endfacet
  facet normal 0 0 -1
    outer loop
      vertex 26.204299926757812 -3.6935997009277344 0
      vertex 26.44717025756836 -0.4304656982421875 0
      vertex 26.377586364746094 -3.689157485961914 0
    endloop
  endfacet
  facet normal 0 0 -1
    outer loop
      vertex 26.44717025756836 -0.4304656982421875 0
      vertex 26.204299926757812 -3.6935997009277344 0
      vertex 26.268999099731445 -0.40859508514404297 0
    endloop
  endfacet
  facet normal 0 0 -1
    outer loop
      vertex 26.04598617553711 -3.689462661743164 0
      vertex 26.268999099731445 -0.40859508514404297 0
      vertex 26.204299926757812 -3.6935997009277344 0
    endloop
  endfacet
  facet normal 0 0 -1
    outer loop
      vertex 25.893844604492188 -3.677051544189453 0
      vertex 26.268999099731445 -0.40859508514404297 0
      vertex 26.04598617553711 -3.689462661743164 0
    endloop
  endfacet
  facet normal 0 0 -1
    outer loop
      vertex 26.268999099731445 -0.40859508514404297 0
      vertex 25.893844604492188 -3.677051544189453 0
      vertex 26.081809997558594 -0.3954734802246094 0
    endloop
  endfacet
  facet normal 0 0 -1
    outer loop
      vertex 25.747873306274414 -3.6563663482666016 0
      vertex 26.081809997558594 -0.3954734802246094 0
      vertex 25.893844604492188 -3.677051544189453 0
    endloop
  endfacet
  facet normal 0 0 -1
    outer loop
      vertex 25.608074188232422 -3.6274070739746094 0
      vertex 26.081809997558594 -0.3954734802246094 0
      vertex 25.747873306274414 -3.6563663482666016 0
    endloop
  endfacet
  facet normal 0 0 -1
    outer loop
      vertex 25.474449157714844 -3.590174674987793 0
      vertex 26.081809997558594 -0.3954734802246094 0
      vertex 25.608074188232422 -3.6274070739746094 0
    endloop
  endfacet
  facet normal 0 0 -1
    outer loop
      vertex 26.081809997558594 -0.3954734802246094 0
      vertex 25.474449157714844 -3.590174674987793 0
      vertex 25.88559913635254 -0.3910999298095703 0
    endloop
  endfacet
  facet normal 0 0 -1
    outer loop
      vertex 25.346996307373047 -3.5446672439575195 0
      vertex 25.88559913635254 -0.3910999298095703 0
      vertex 25.474449157714844 -3.590174674987793 0
    endloop
  endfacet
  facet normal 0 0 -1
    outer loop
      vertex 25.2257137298584 -3.490886688232422 0
      vertex 25.88559913635254 -0.3910999298095703 0
      vertex 25.346996307373047 -3.5446672439575195 0
    endloop
  endfacet
  facet normal 0 0 -1
    outer loop
      vertex 24.31909942626953 -2.113499641418457 0
      vertex 25.88559913635254 -0.3910999298095703 0
      vertex 25.2257137298584 -3.490886688232422 0
    endloop
  endfacet
  facet normal 0 0 -1
    outer loop
      vertex 25.88559913635254 -0.3910999298095703 0
      vertex 24.31909942626953 -2.113499641418457 0
      vertex 25.22100067138672 -0.3910999298095703 0
    endloop
  endfacet
  facet normal 0 0 -1
    outer loop
      vertex 24.31909942626953 -2.113499641418457 0
      vertex 25.2257137298584 -3.490886688232422 0
      vertex 25.11060333251953 -3.428831100463867 0
    endloop
  endfacet
  facet normal 0 0 -1
    outer loop
      vertex 27.38396453857422 0.9467353820800781 0
      vertex 28.245399475097656 2.321399688720703 0
      vertex 28.239398956298828 2.168863296508789 0
    endloop
  endfacet
  facet normal 0 0 -1
    outer loop
      vertex 28.245399475097656 2.321399688720703 0
      vertex 27.38396453857422 0.9467353820800781 0
      vertex 28.240142822265625 2.4960126876831055 0
    endloop
  endfacet
  facet normal 0 0 -1
    outer loop
      vertex 27.645299911499023 1.1041994094848633 0
      vertex 28.239398956298828 2.168863296508789 0
      vertex 28.22139549255371 2.0231752395629883 0
    endloop
  endfacet
  facet normal 0 0 -1
    outer loop
      vertex 27.237323760986328 0.8811254501342773 0
      vertex 28.240142822265625 2.4960126876831055 0
      vertex 27.38396453857422 0.9467353820800781 0
    endloop
  endfacet
  facet normal 0 0 -1
    outer loop
      vertex 27.645299911499023 1.1041994094848633 0
      vertex 28.22139549255371 2.0231752395629883 0
      vertex 28.191390991210938 1.8843355178833008 0
    endloop
  endfacet
  facet normal 0 0 -1
    outer loop
      vertex 27.080036163330078 0.8242635726928711 0
      vertex 28.240142822265625 2.4960126876831055 0
      vertex 27.237323760986328 0.8811254501342773 0
    endloop
  endfacet
  facet normal 0 0 -1
    outer loop
      vertex 27.759319305419922 1.195103645324707 0
      vertex 28.191390991210938 1.8843355178833008 0
      vertex 28.149383544921875 1.7523431777954102 0
    endloop
  endfacet
  facet normal 0 0 -1
    outer loop
      vertex 28.239398956298828 2.168863296508789 0
      vertex 27.519954681396484 1.0210933685302734 0
      vertex 27.38396453857422 0.9467353820800781 0
    endloop
  endfacet
  facet normal 0 0 -1
    outer loop
      vertex 27.759319305419922 1.195103645324707 0
      vertex 28.149383544921875 1.7523431777954102 0
      vertex 28.095375061035156 1.6271991729736328 0
    endloop
  endfacet
  facet normal 0 0 -1
    outer loop
      vertex 28.240142822265625 2.4960126876831055 0
      vertex 27.080036163330078 0.8242635726928711 0
      vertex 28.224376678466797 2.6618118286132812 0
    endloop
  endfacet
  facet normal 0 0 -1
    outer loop
      vertex 27.759319305419922 1.195103645324707 0
      vertex 28.095375061035156 1.6271991729736328 0
      vertex 28.02936363220215 1.5089035034179688 0
    endloop
  endfacet
  facet normal 0 0 -1
    outer loop
      vertex 28.239398956298828 2.168863296508789 0
      vertex 27.645299911499023 1.1041994094848633 0
      vertex 27.519954681396484 1.0210933685302734 0
    endloop
  endfacet
  facet normal 0 0 -1
    outer loop
      vertex 27.759319305419922 1.195103645324707 0
      vertex 28.02936363220215 1.5089035034179688 0
      vertex 27.951351165771484 1.3974552154541016 0
    endloop
  endfacet
  facet normal 0 0 -1
    outer loop
      vertex 28.191390991210938 1.8843355178833008 0
      vertex 27.759319305419922 1.195103645324707 0
      vertex 27.645299911499023 1.1041994094848633 0
    endloop
  endfacet
  facet normal 0 0 -1
    outer loop
      vertex 27.759319305419922 1.195103645324707 0
      vertex 27.951351165771484 1.3974552154541016 0
      vertex 27.86133575439453 1.2928552627563477 0
    endloop
  endfacet
  facet normal 0 0 -1
    outer loop
      vertex 27.095123291015625 4.011624336242676 0
      vertex 28.224376678466797 2.6618118286132812 0
      vertex 27.080036163330078 0.8242635726928711 0
    endloop
  endfacet
  facet normal 0 0 -1
    outer loop
      vertex 27.23592758178711 3.9616518020629883 0
      vertex 28.198095321655273 2.818796157836914 0
      vertex 27.095123291015625 4.011624336242676 0
    endloop
  endfacet
  facet normal 0 0 -1
    outer loop
      vertex 28.198095321655273 2.818796157836914 0
      vertex 27.23592758178711 3.9616518020629883 0
      vertex 28.161304473876953 2.9669675827026367 0
    endloop
  endfacet
  facet normal 0 0 -1
    outer loop
      vertex 28.161304473876953 2.9669675827026367 0
      vertex 27.368797302246094 3.902592658996582 0
      vertex 28.113998413085938 3.1063241958618164 0
    endloop
  endfacet
  facet normal 0 0 -1
    outer loop
      vertex 28.056182861328125 3.236867904663086 0
      vertex 27.610733032226562 3.757216453552246 0
      vertex 27.987855911254883 3.3585968017578125 0
    endloop
  endfacet
  facet normal 0 0 -1
    outer loop
      vertex 27.909015655517578 3.4715118408203125 0
      vertex 27.719799041748047 3.6708993911743164 0
      vertex 27.819664001464844 3.5756120681762695 0
    endloop
  endfacet
  facet normal 0 0 -1
    outer loop
      vertex 27.909015655517578 3.4715118408203125 0
      vertex 27.610733032226562 3.757216453552246 0
      vertex 27.719799041748047 3.6708993911743164 0
    endloop
  endfacet
  facet normal 0 0 -1
    outer loop
      vertex 27.987855911254883 3.3585968017578125 0
      vertex 27.610733032226562 3.757216453552246 0
      vertex 27.909015655517578 3.4715118408203125 0
    endloop
  endfacet
  facet normal 0 0 -1
    outer loop
      vertex 27.610733032226562 3.757216453552246 0
      vertex 28.056182861328125 3.236867904663086 0
      vertex 27.493732452392578 3.8344478607177734 0
    endloop
  endfacet
  facet normal 0 0 -1
    outer loop
      vertex 28.113998413085938 3.1063241958618164 0
      vertex 27.493732452392578 3.8344478607177734 0
      vertex 28.056182861328125 3.236867904663086 0
    endloop
  endfacet
  facet normal 0 0 -1
    outer loop
      vertex 27.493732452392578 3.8344478607177734 0
      vertex 28.113998413085938 3.1063241958618164 0
      vertex 27.368797302246094 3.902592658996582 0
    endloop
  endfacet
  facet normal 0 0 -1
    outer loop
      vertex 27.368797302246094 3.902592658996582 0
      vertex 28.161304473876953 2.9669675827026367 0
      vertex 27.23592758178711 3.9616518020629883 0
    endloop
  endfacet
  facet normal 0 0 -1
    outer loop
      vertex 28.224376678466797 2.6618118286132812 0
      vertex 27.095123291015625 4.011624336242676 0
      vertex 28.198095321655273 2.818796157836914 0
    endloop
  endfacet
  facet normal 0 0 -1
    outer loop
      vertex 27.080036163330078 0.8242635726928711 0
      vertex 26.946388244628906 4.052511215209961 0
      vertex 27.095123291015625 4.011624336242676 0
    endloop
  endfacet
  facet normal 0 0 -1
    outer loop
      vertex 26.912099838256836 0.7761497497558594 0
      vertex 26.946388244628906 4.052511215209961 0
      vertex 27.080036163330078 0.8242635726928711 0
    endloop
  endfacet
  facet normal 0 0 -1
    outer loop
      vertex 26.912099838256836 0.7761497497558594 0
      vertex 26.789716720581055 4.084312438964844 0
      vertex 26.946388244628906 4.052511215209961 0
    endloop
  endfacet
  facet normal 0 0 -1
    outer loop
      vertex 26.625110626220703 4.107027053833008 0
      vertex 26.912099838256836 0.7761497497558594 0
      vertex 26.733516693115234 0.7367839813232422 0
    endloop
  endfacet
  facet normal 0 0 -1
    outer loop
      vertex 26.912099838256836 0.7761497497558594 0
      vertex 26.625110626220703 4.107027053833008 0
      vertex 26.789716720581055 4.084312438964844 0
    endloop
  endfacet
  facet normal 0 0 -1
    outer loop
      vertex 26.452571868896484 4.120656967163086 0
      vertex 26.733516693115234 0.7367839813232422 0
      vertex 26.54428482055664 0.7061653137207031 0
    endloop
  endfacet
  facet normal 0 0 -1
    outer loop
      vertex 26.733516693115234 0.7367839813232422 0
      vertex 26.452571868896484 4.120656967163086 0
      vertex 26.625110626220703 4.107027053833008 0
    endloop
  endfacet
  facet normal 0 0 -1
    outer loop
      vertex 26.272098541259766 4.125199317932129 0
      vertex 26.54428482055664 0.7061653137207031 0
      vertex 26.344402313232422 0.684295654296875 0
    endloop
  endfacet
  facet normal 0 0 -1
    outer loop
      vertex 26.54428482055664 0.7061653137207031 0
      vertex 26.272098541259766 4.125199317932129 0
      vertex 26.452571868896484 4.120656967163086 0
    endloop
  endfacet
  facet normal 0 0 -1
    outer loop
      vertex 25.920495986938477 4.108246803283691 0
      vertex 26.344402313232422 0.684295654296875 0
      vertex 26.13387680053711 0.671173095703125 0
    endloop
  endfacet
  facet normal 0 0 -1
    outer loop
      vertex 26.344402313232422 0.684295654296875 0
      vertex 25.920495986938477 4.108246803283691 0
      vertex 26.272098541259766 4.125199317932129 0
    endloop
  endfacet
  facet normal 0 0 -1
    outer loop
      vertex 25.60076332092285 4.057387351989746 0
      vertex 26.13387680053711 0.671173095703125 0
      vertex 25.912700653076172 0.6667995452880859 0
    endloop
  endfacet
  facet normal 0 0 -1
    outer loop
      vertex 26.13387680053711 0.671173095703125 0
      vertex 25.60076332092285 4.057387351989746 0
      vertex 25.920495986938477 4.108246803283691 0
    endloop
  endfacet
  facet normal 0 0 -1
    outer loop
      vertex 25.912700653076172 0.6667995452880859 0
      vertex 25.312904357910156 3.972622871398926 0
      vertex 25.60076332092285 4.057387351989746 0
    endloop
  endfacet
  facet normal 0 0 -1
    outer loop
      vertex 24.19029998779297 2.429899215698242 0
      vertex 25.912700653076172 0.6667995452880859 0
      vertex 25.22100067138672 0.6667995452880859 0
    endloop
  endfacet
  facet normal 0 0 -1
    outer loop
      vertex 24.3516845703125 3.040207862854004 0
      vertex 25.912700653076172 0.6667995452880859 0
      vertex 24.255054473876953 2.7520065307617188 0
    endloop
  endfacet
  facet normal 0 0 -1
    outer loop
      vertex 23.091699600219727 -2.2084999084472656 0
      vertex 25.22100067138672 -0.3910999298095703 0
      vertex 24.31909942626953 -2.113499641418457 0
    endloop
  endfacet
  facet normal 0 0 -1
    outer loop
      vertex 24.31909942626953 -2.113499641418457 0
      vertex 25.11060333251953 -3.428831100463867 0
      vertex 25.001665115356445 -3.3585023880004883 0
    endloop
  endfacet
  facet normal 0 0 -1
    outer loop
      vertex 24.31909942626953 -2.113499641418457 0
      vertex 25.001665115356445 -3.3585023880004883 0
      vertex 24.89889907836914 -3.2798995971679688 0
    endloop
  endfacet
  facet normal 0 0 -1
    outer loop
      vertex 25.22100067138672 -0.3910999298095703 0
      vertex 23.091699600219727 -2.2084999084472656 0
      vertex 25.22100067138672 0.6667995452880859 0
    endloop
  endfacet
  facet normal 0 0 -1
    outer loop
      vertex 24.31909942626953 -2.113499641418457 0
      vertex 24.89889907836914 -3.2798995971679688 0
      vertex 24.803390502929688 -3.1937875747680664 0
    endloop
  endfacet
  facet normal 0 0 -1
    outer loop
      vertex 24.31909942626953 -2.113499641418457 0
      vertex 24.803390502929688 -3.1937875747680664 0
      vertex 24.71622085571289 -3.10089111328125 0
    endloop
  endfacet
  facet normal 0 0 -1
    outer loop
      vertex 25.912700653076172 0.6667995452880859 0
      vertex 24.19029998779297 2.429899215698242 0
      vertex 24.255054473876953 2.7520065307617188 0
    endloop
  endfacet
  facet normal 0 0 -1
    outer loop
      vertex 24.31909942626953 -2.113499641418457 0
      vertex 24.71622085571289 -3.10089111328125 0
      vertex 24.63739013671875 -3.001211166381836 0
    endloop
  endfacet
  facet normal 0 0 -1
    outer loop
      vertex 24.31909942626953 -2.113499641418457 0
      vertex 24.63739013671875 -3.001211166381836 0
      vertex 24.566898345947266 -2.894747734069824 0
    endloop
  endfacet
  facet normal 0 0 -1
    outer loop
      vertex 24.31909942626953 -2.113499641418457 0
      vertex 24.566898345947266 -2.894747734069824 0
      vertex 24.504749298095703 -2.7814998626708984 0
    endloop
  endfacet
  facet normal 0 0 -1
    outer loop
      vertex 25.912700653076172 0.6667995452880859 0
      vertex 24.3516845703125 3.040207862854004 0
      vertex 25.312904357910156 3.972622871398926 0
    endloop
  endfacet
  facet normal 0 0 -1
    outer loop
      vertex 24.31909942626953 -2.113499641418457 0
      vertex 24.504749298095703 -2.7814998626708984 0
      vertex 24.450939178466797 -2.6614675521850586 0
    endloop
  endfacet
  facet normal 0 0 -1
    outer loop
      vertex 24.31909942626953 -2.113499641418457 0
      vertex 24.450939178466797 -2.6614675521850586 0
      vertex 24.40546989440918 -2.534651756286621 0
    endloop
  endfacet
  facet normal 0 0 -1
    outer loop
      vertex 24.31909942626953 -2.113499641418457 0
      vertex 24.40546989440918 -2.534651756286621 0
      vertex 24.36833953857422 -2.4010515213012695 0
    endloop
  endfacet
  facet normal 0 0 -1
    outer loop
      vertex 25.312904357910156 3.972622871398926 0
      vertex 24.3516845703125 3.040207862854004 0
      vertex 25.056915283203125 3.8539514541625977 0
    endloop
  endfacet
  facet normal 0 0 -1
    outer loop
      vertex 24.31909942626953 -2.113499641418457 0
      vertex 24.36833953857422 -2.4010515213012695 0
      vertex 24.339550018310547 -2.2606678009033203 0
    endloop
  endfacet
  facet normal 0 0 -1
    outer loop
      vertex 24.480182647705078 3.2945022583007812 0
      vertex 25.056915283203125 3.8539514541625977 0
      vertex 24.3516845703125 3.040207862854004 0
    endloop
  endfacet
  facet normal 0 0 -1
    outer loop
      vertex 25.056915283203125 3.8539514541625977 0
      vertex 24.480182647705078 3.2945022583007812 0
      vertex 24.832799911499023 3.701374053955078 0
    endloop
  endfacet
  facet normal 0 0 -1
    outer loop
      vertex 24.832799911499023 3.701374053955078 0
      vertex 24.480182647705078 3.2945022583007812 0
      vertex 24.64055633544922 3.5148916244506836 0
    endloop
  endfacet
  facet normal 0 0 -1
    outer loop
      vertex 22.92889976501465 2.545199394226074 0
      vertex 25.22100067138672 0.6667995452880859 0
      vertex 23.091699600219727 -2.2084999084472656 0
    endloop
  endfacet
  facet normal 0 0 -1
    outer loop
      vertex 25.22100067138672 0.6667995452880859 0
      vertex 22.92889976501465 2.545199394226074 0
      vertex 24.19029998779297 2.429899215698242 0
    endloop
  endfacet
  facet normal 0.9537171029221039 0.30070531686997004 0
    outer loop
      vertex 33.16147994995117 1.8117332458496094 6.34999942779541
      vertex 32.977848052978516 2.3941402435302734 0
      vertex 32.977848052978516 2.3941402435302734 6.34999942779541
    endloop
  endfacet
  facet normal 0.9537171029221039 0.30070531686997004 0
    outer loop
      vertex 32.977848052978516 2.3941402435302734 0
      vertex 33.16147994995117 1.8117332458496094 6.34999942779541
      vertex 33.16147994995117 1.8117332458496094 0
    endloop
  endfacet
  facet normal 0.7933528257653726 0.6087620995512929 0
    outer loop
      vertex 32.134063720703125 4.0150346755981445 6.34999942779541
      vertex 31.762310028076172 4.499512672424316 0
      vertex 31.762310028076172 4.499512672424316 6.34999942779541
    endloop
  endfacet
  facet normal 0.7933528257653726 0.6087620995512929 0
    outer loop
      vertex 31.762310028076172 4.499512672424316 0
      vertex 32.134063720703125 4.0150346755981445 6.34999942779541
      vertex 32.134063720703125 4.0150346755981445 0
    endloop
  endfacet
  facet normal -0.3826823073240834 -0.9238799985177273 0
    outer loop
      vertex -0.9583272933959961 -6.344154357910156 0
      vertex -0.39414024353027344 -6.577847480773926 6.34999942779541
      vertex -0.9583272933959961 -6.344154357910156 6.34999942779541
    endloop
  endfacet
  facet normal -0.3826823073240834 -0.9238799985177273 0
    outer loop
      vertex -0.39414024353027344 -6.577847480773926 6.34999942779541
      vertex -0.9583272933959961 -6.344154357910156 0
      vertex -0.39414024353027344 -6.577847480773926 0
    endloop
  endfacet
  facet normal -0.3007071852136194 -0.9537165138346415 0
    outer loop
      vertex -0.39414024353027344 -6.577847480773926 0
      vertex 0.18826580047607422 -6.761480331420898 6.34999942779541
      vertex -0.39414024353027344 -6.577847480773926 6.34999942779541
    endloop
  endfacet
  facet normal -0.3007071852136194 -0.9537165138346415 0
    outer loop
      vertex 0.18826580047607422 -6.761480331420898 6.34999942779541
      vertex -0.39414024353027344 -6.577847480773926 0
      vertex 0.18826580047607422 -6.761480331420898 0
    endloop
  endfacet
  facet normal -0.7933528257653726 -0.6087620995512929 0
    outer loop
      vertex -3.3623104095458984 -4.499512672424316 0
      vertex -3.7340641021728516 -4.0150346755981445 6.34999942779541
      vertex -3.7340641021728516 -4.0150346755981445 0
    endloop
  endfacet
  facet normal -0.7933528257653726 -0.6087620995512929 0
    outer loop
      vertex -3.7340641021728516 -4.0150346755981445 6.34999942779541
      vertex -3.3623104095458984 -4.499512672424316 0
      vertex -3.3623104095458984 -4.499512672424316 6.34999942779541
    endloop
  endfacet
endsolid OpenSCAD_Model
