solid OpenSCAD_Model
  facet normal -0.9888320080349793 0.14903442516918922 0
    outer loop
      vertex 59.90086364746094 -0.9907302856445312 -7.299999237060547
      vertex 59.97515106201172 -0.49783897399902344 -2
      vertex 59.97515106201172 -0.49783897399902344 -7.299999237060547
    endloop
  endfacet
  facet normal -0.9888320080349793 0.14903442516918922 0
    outer loop
      vertex 59.97515106201172 -0.49783897399902344 -2
      vertex 59.90086364746094 -0.9907302856445312 -7.299999237060547
      vertex 59.90086364746094 -0.9907302856445312 -2
    endloop
  endfacet
  facet normal -0.9987566387802899 0.04985154453271937 0
    outer loop
      vertex 59.97515106201172 -0.49783897399902344 -7.299999237060547
      vertex 60 0 -2
      vertex 60 0 -7.299999237060547
    endloop
  endfacet
  facet normal -0.9987566387802899 0.04985154453271937 0
    outer loop
      vertex 60 0 -2
      vertex 59.97515106201172 -0.49783897399902344 -7.299999237060547
      vertex 59.97515106201172 -0.49783897399902344 -2
    endloop
  endfacet
  facet normal -0.4999993619597861 0.8660257721568145 0
    outer loop
      vertex 57.712730407714844 -4.200129508972168 -7.299999237060547
      vertex 57.28105163574219 -4.449358940124512 -2
      vertex 57.712730407714844 -4.200129508972168 -2
    endloop
  endfacet
  facet normal -0.4999993619597861 0.8660257721568145 0
    outer loop
      vertex 57.28105163574219 -4.449358940124512 -2
      vertex 57.712730407714844 -4.200129508972168 -7.299999237060547
      vertex 57.28105163574219 -4.449358940124512 -7.299999237060547
    endloop
  endfacet
  facet normal -0.9690760480869923 0.24676226012925298 0
    outer loop
      vertex 59.777862548828125 -1.473775863647461 -7.299999237060547
      vertex 59.90086364746094 -0.9907302856445312 -2
      vertex 59.90086364746094 -0.9907302856445312 -7.299999237060547
    endloop
  endfacet
  facet normal -0.9690760480869923 0.24676226012925298 0
    outer loop
      vertex 59.90086364746094 -0.9907302856445312 -2
      vertex 59.777862548828125 -1.473775863647461 -7.299999237060547
      vertex 59.777862548828125 -1.473775863647461 -2
    endloop
  endfacet
  facet normal -0.9396928326391715 0.34201956126305116 0
    outer loop
      vertex 59.60737991333008 -1.942173957824707 -7.299999237060547
      vertex 59.777862548828125 -1.473775863647461 -2
      vertex 59.777862548828125 -1.473775863647461 -7.299999237060547
    endloop
  endfacet
  facet normal -0.9396928326391715 0.34201956126305116 0
    outer loop
      vertex 59.777862548828125 -1.473775863647461 -2
      vertex 59.60737991333008 -1.942173957824707 -7.299999237060547
      vertex 59.60737991333008 -1.942173957824707 -2
    endloop
  endfacet
  facet normal -0.9396928326391715 -0.34201956126305116 0
    outer loop
      vertex 59.777862548828125 1.473775863647461 -7.299999237060547
      vertex 59.60737991333008 1.942173957824707 -2
      vertex 59.60737991333008 1.942173957824707 -7.299999237060547
    endloop
  endfacet
  facet normal -0.9396928326391715 -0.34201956126305116 0
    outer loop
      vertex 59.60737991333008 1.942173957824707 -2
      vertex 59.777862548828125 1.473775863647461 -7.299999237060547
      vertex 59.777862548828125 1.473775863647461 -2
    endloop
  endfacet
  facet normal 0.7660435964888327 0.6427886186597072 0
    outer loop
      vertex 51.334739685058594 -3.4008636474609375 -2
      vertex 51.01433563232422 -3.019021987915039 -7.299999237060547
      vertex 51.01433563232422 -3.019021987915039 -2
    endloop
  endfacet
  facet normal 0.7660435964888327 0.6427886186597072 0
    outer loop
      vertex 51.01433563232422 -3.019021987915039 -7.299999237060547
      vertex 51.334739685058594 -3.4008636474609375 -2
      vertex 51.334739685058594 -3.4008636474609375 -7.299999237060547
    endloop
  endfacet
  facet normal 0.36534288337415793 -0.9308730190352797 0
    outer loop
      vertex 52.943565368652344 4.557528495788574 -7.299999237060547
      vertex 53.40756607055664 4.739636421203613 -2
      vertex 52.943565368652344 4.557528495788574 -2
    endloop
  endfacet
  facet normal 0.36534288337415793 -0.9308730190352797 0
    outer loop
      vertex 53.40756607055664 4.739636421203613 -2
      vertex 52.943565368652344 4.557528495788574 -7.299999237060547
      vertex 53.40756607055664 4.739636421203613 -7.299999237060547
    endloop
  endfacet
  facet normal 0.980173044724989 0.19814338847043242 0
    outer loop
      vertex 50.15461349487305 -1.2337865829467773 -2
      vertex 50.05584716796875 -0.7452106475830078 -7.299999237060547
      vertex 50.05584716796875 -0.7452106475830078 -2
    endloop
  endfacet
  facet normal 0.980173044724989 0.19814338847043242 0
    outer loop
      vertex 50.05584716796875 -0.7452106475830078 -7.299999237060547
      vertex 50.15461349487305 -1.2337865829467773 -2
      vertex 50.15461349487305 -1.2337865829467773 -7.299999237060547
    endloop
  endfacet
  facet normal -0.2225198960275158 0.9749281490817177 0
    outer loop
      vertex 56.35420227050781 -4.8131208419799805 -7.299999237060547
      vertex 55.86824035644531 -4.924037933349609 -2
      vertex 56.35420227050781 -4.8131208419799805 -2
    endloop
  endfacet
  facet normal -0.2225198960275158 0.9749281490817177 0
    outer loop
      vertex 55.86824035644531 -4.924037933349609 -2
      vertex 56.35420227050781 -4.8131208419799805 -7.299999237060547
      vertex 55.86824035644531 -4.924037933349609 -7.299999237060547
    endloop
  endfacet
  facet normal -0.4999993619597861 -0.8660257721568145 0
    outer loop
      vertex 57.28105163574219 4.449358940124512 -7.299999237060547
      vertex 57.712730407714844 4.200129508972168 -2
      vertex 57.28105163574219 4.449358940124512 -2
    endloop
  endfacet
  facet normal -0.4999993619597861 -0.8660257721568145 0
    outer loop
      vertex 57.712730407714844 4.200129508972168 -2
      vertex 57.28105163574219 4.449358940124512 -7.299999237060547
      vertex 57.712730407714844 4.200129508972168 -7.299999237060547
    endloop
  endfacet
  facet normal -0.6616839639420301 0.7497828564737674 0
    outer loop
      vertex 58.49118423461914 -3.5793333053588867 -7.299999237060547
      vertex 58.11744689941406 -3.9091567993164062 -2
      vertex 58.49118423461914 -3.5793333053588867 -2
    endloop
  endfacet
  facet normal -0.6616839639420301 0.7497828564737674 0
    outer loop
      vertex 58.11744689941406 -3.9091567993164062 -2
      vertex 58.49118423461914 -3.5793333053588867 -7.299999237060547
      vertex 58.11744689941406 -3.9091567993164062 -7.299999237060547
    endloop
  endfacet
  facet normal -0.9690760480869923 -0.24676226012925298 0
    outer loop
      vertex 59.90086364746094 0.9907302856445312 -7.299999237060547
      vertex 59.777862548828125 1.473775863647461 -2
      vertex 59.777862548828125 1.473775863647461 -7.299999237060547
    endloop
  endfacet
  facet normal -0.9690760480869923 -0.24676226012925298 0
    outer loop
      vertex 59.777862548828125 1.473775863647461 -2
      vertex 59.90086364746094 0.9907302856445312 -7.299999237060547
      vertex 59.90086364746094 0.9907302856445312 -2
    endloop
  endfacet
  facet normal -0.5837454811535715 0.8119367051887636 0
    outer loop
      vertex 58.11744689941406 -3.9091567993164062 -7.299999237060547
      vertex 57.712730407714844 -4.200129508972168 -2
      vertex 58.11744689941406 -3.9091567993164062 -2
    endloop
  endfacet
  facet normal -0.5837454811535715 0.8119367051887636 0
    outer loop
      vertex 57.712730407714844 -4.200129508972168 -2
      vertex 58.11744689941406 -3.9091567993164062 -7.299999237060547
      vertex 57.712730407714844 -4.200129508972168 -7.299999237060547
    endloop
  endfacet
  facet normal 0.5425448953893152 0.840026807004989 0
    outer loop
      vertex 52.5 -4.330126762390137 -7.299999237060547
      vertex 52.08127975463867 -4.059689521789551 -2
      vertex 52.5 -4.330126762390137 -2
    endloop
  endfacet
  facet normal 0.5425448953893152 0.840026807004989 0
    outer loop
      vertex 52.08127975463867 -4.059689521789551 -2
      vertex 52.5 -4.330126762390137 -7.299999237060547
      vertex 52.08127975463867 -4.059689521789551 -7.299999237060547
    endloop
  endfacet
  facet normal -0.900967959418027 0.4338856255997846 0
    outer loop
      vertex 59.39110565185547 -2.3912696838378906 -7.299999237060547
      vertex 59.60737991333008 -1.942173957824707 -2
      vertex 59.60737991333008 -1.942173957824707 -7.299999237060547
    endloop
  endfacet
  facet normal -0.900967959418027 0.4338856255997846 0
    outer loop
      vertex 59.60737991333008 -1.942173957824707 -2
      vertex 59.39110565185547 -2.3912696838378906 -7.299999237060547
      vertex 59.39110565185547 -2.3912696838378906 -2
    endloop
  endfacet
  facet normal -0.9987566387802899 -0.04985154453271937 0
    outer loop
      vertex 60 0 -7.299999237060547
      vertex 59.97515106201172 0.49783897399902344 -2
      vertex 59.97515106201172 0.49783897399902344 -7.299999237060547
    endloop
  endfacet
  facet normal -0.9987566387802899 -0.04985154453271937 0
    outer loop
      vertex 59.97515106201172 0.49783897399902344 -2
      vertex 60 0 -7.299999237060547
      vertex 60 0 -2
    endloop
  endfacet
  facet normal 0.8262385144824729 -0.5633204391692141 0
    outer loop
      vertex 50.733543395996094 2.607175827026367 -2
      vertex 51.01433563232422 3.019021987915039 -7.299999237060547
      vertex 51.01433563232422 3.019021987915039 -2
    endloop
  endfacet
  facet normal 0.8262385144824729 -0.5633204391692141 0
    outer loop
      vertex 51.01433563232422 3.019021987915039 -7.299999237060547
      vertex 50.733543395996094 2.607175827026367 -2
      vertex 50.733543395996094 2.607175827026367 -7.299999237060547
    endloop
  endfacet
  facet normal 0.9950302736098395 0.09957286075998749 0
    outer loop
      vertex 50.05584716796875 -0.7452106475830078 -2
      vertex 50.0062141418457 -0.24922847747802734 -7.299999237060547
      vertex 50.0062141418457 -0.24922847747802734 -2
    endloop
  endfacet
  facet normal 0.9950302736098395 0.09957286075998749 0
    outer loop
      vertex 50.0062141418457 -0.24922847747802734 -7.299999237060547
      vertex 50.05584716796875 -0.7452106475830078 -2
      vertex 50.05584716796875 -0.7452106475830078 -7.299999237060547
    endloop
  endfacet
  facet normal 0.9214762597982435 0.38843468257641467 0
    outer loop
      vertex 50.495155334472656 -2.1694183349609375 -2
      vertex 50.301536560058594 -1.7101001739501953 -7.299999237060547
      vertex 50.301536560058594 -1.7101001739501953 -2
    endloop
  endfacet
  facet normal 0.9214762597982435 0.38843468257641467 0
    outer loop
      vertex 50.301536560058594 -1.7101001739501953 -7.299999237060547
      vertex 50.495155334472656 -2.1694183349609375 -2
      vertex 50.495155334472656 -2.1694183349609375 -7.299999237060547
    endloop
  endfacet
  facet normal -0.4112885567669803 0.9115051964045703 0
    outer loop
      vertex 57.28105163574219 -4.449358940124512 -7.299999237060547
      vertex 56.82670593261719 -4.6543684005737305 -2
      vertex 57.28105163574219 -4.449358940124512 -2
    endloop
  endfacet
  facet normal -0.4112885567669803 0.9115051964045703 0
    outer loop
      vertex 56.82670593261719 -4.6543684005737305 -2
      vertex 57.28105163574219 -4.449358940124512 -7.299999237060547
      vertex 56.82670593261719 -4.6543684005737305 -7.299999237060547
    endloop
  endfacet
  facet normal -0.6616839639420301 -0.7497828564737674 0
    outer loop
      vertex 58.11744689941406 3.9091567993164062 -7.299999237060547
      vertex 58.49118423461914 3.5793333053588867 -2
      vertex 58.11744689941406 3.9091567993164062 -2
    endloop
  endfacet
  facet normal -0.6616839639420301 -0.7497828564737674 0
    outer loop
      vertex 58.49118423461914 3.5793333053588867 -2
      vertex 58.11744689941406 3.9091567993164062 -7.299999237060547
      vertex 58.49118423461914 3.5793333053588867 -7.299999237060547
    endloop
  endfacet
  facet normal -0.8532937987851219 0.5214304296402886 0
    outer loop
      vertex 59.131195068359375 -2.8165998458862305 -7.299999237060547
      vertex 59.39110565185547 -2.3912696838378906 -2
      vertex 59.39110565185547 -2.3912696838378906 -7.299999237060547
    endloop
  endfacet
  facet normal -0.8532937987851219 0.5214304296402886 0
    outer loop
      vertex 59.39110565185547 -2.3912696838378906 -2
      vertex 59.131195068359375 -2.8165998458862305 -7.299999237060547
      vertex 59.131195068359375 -2.8165998458862305 -2
    endloop
  endfacet
  facet normal 0.9950302736098395 -0.09957286075998749 0
    outer loop
      vertex 50.0062141418457 0.24922847747802734 -2
      vertex 50.05584716796875 0.7452106475830078 -7.299999237060547
      vertex 50.05584716796875 0.7452106475830078 -2
    endloop
  endfacet
  facet normal 0.9950302736098395 -0.09957286075998749 0
    outer loop
      vertex 50.05584716796875 0.7452106475830078 -7.299999237060547
      vertex 50.0062141418457 0.24922847747802734 -2
      vertex 50.0062141418457 0.24922847747802734 -7.299999237060547
    endloop
  endfacet
  facet normal -0.8532937987851219 -0.5214304296402886 0
    outer loop
      vertex 59.39110565185547 2.3912696838378906 -7.299999237060547
      vertex 59.131195068359375 2.8165998458862305 -2
      vertex 59.131195068359375 2.8165998458862305 -7.299999237060547
    endloop
  endfacet
  facet normal -0.8532937987851219 -0.5214304296402886 0
    outer loop
      vertex 59.131195068359375 2.8165998458862305 -2
      vertex 59.39110565185547 2.3912696838378906 -7.299999237060547
      vertex 59.39110565185547 2.3912696838378906 -2
    endloop
  endfacet
  facet normal -0.31848602630504974 0.9479275558018234 0
    outer loop
      vertex 56.82670593261719 -4.6543684005737305 -7.299999237060547
      vertex 56.35420227050781 -4.8131208419799805 -2
      vertex 56.82670593261719 -4.6543684005737305 -2
    endloop
  endfacet
  facet normal -0.31848602630504974 0.9479275558018234 0
    outer loop
      vertex 56.35420227050781 -4.8131208419799805 -2
      vertex 56.82670593261719 -4.6543684005737305 -7.299999237060547
      vertex 56.35420227050781 -4.8131208419799805 -7.299999237060547
    endloop
  endfacet
  facet normal -0.900967959418027 -0.4338856255997846 0
    outer loop
      vertex 59.60737991333008 1.942173957824707 -7.299999237060547
      vertex 59.39110565185547 2.3912696838378906 -2
      vertex 59.39110565185547 2.3912696838378906 -7.299999237060547
    endloop
  endfacet
  facet normal -0.900967959418027 -0.4338856255997846 0
    outer loop
      vertex 59.39110565185547 2.3912696838378906 -2
      vertex 59.60737991333008 1.942173957824707 -7.299999237060547
      vertex 59.60737991333008 1.942173957824707 -2
    endloop
  endfacet
  facet normal 0.980173044724989 -0.19814338847043242 0
    outer loop
      vertex 50.05584716796875 0.7452106475830078 -2
      vertex 50.15461349487305 1.2337865829467773 -7.299999237060547
      vertex 50.15461349487305 1.2337865829467773 -2
    endloop
  endfacet
  facet normal 0.980173044724989 -0.19814338847043242 0
    outer loop
      vertex 50.15461349487305 1.2337865829467773 -7.299999237060547
      vertex 50.05584716796875 0.7452106475830078 -2
      vertex 50.05584716796875 0.7452106475830078 -7.299999237060547
    endloop
  endfacet
  facet normal 0.8782232272820231 0.4782509415174714 0
    outer loop
      vertex 50.733543395996094 -2.607175827026367 -2
      vertex 50.495155334472656 -2.1694183349609375 -7.299999237060547
      vertex 50.495155334472656 -2.1694183349609375 -2
    endloop
  endfacet
  facet normal 0.8782232272820231 0.4782509415174714 0
    outer loop
      vertex 50.495155334472656 -2.1694183349609375 -7.299999237060547
      vertex 50.733543395996094 -2.607175827026367 -2
      vertex 50.733543395996094 -2.607175827026367 -7.299999237060547
    endloop
  endfacet
  facet normal -0.5837454811535715 -0.8119367051887636 0
    outer loop
      vertex 57.712730407714844 4.200129508972168 -7.299999237060547
      vertex 58.11744689941406 3.9091567993164062 -2
      vertex 57.712730407714844 4.200129508972168 -2
    endloop
  endfacet
  facet normal -0.5837454811535715 -0.8119367051887636 0
    outer loop
      vertex 58.11744689941406 3.9091567993164062 -2
      vertex 57.712730407714844 4.200129508972168 -7.299999237060547
      vertex 58.11744689941406 3.9091567993164062 -7.299999237060547
    endloop
  endfacet
  facet normal -0.12434367341258688 0.9922392105144121 0
    outer loop
      vertex 55.86824035644531 -4.924037933349609 -7.299999237060547
      vertex 55.37364959716797 -4.986018180847168 -2
      vertex 55.86824035644531 -4.924037933349609 -2
    endloop
  endfacet
  facet normal -0.12434367341258688 0.9922392105144121 0
    outer loop
      vertex 55.37364959716797 -4.986018180847168 -2
      vertex 55.86824035644531 -4.924037933349609 -7.299999237060547
      vertex 55.37364959716797 -4.986018180847168 -7.299999237060547
    endloop
  endfacet
  facet normal 1 0 0
    outer loop
      vertex 50.0062141418457 -0.24922847747802734 -2
      vertex 50.0062141418457 0.24922847747802734 -7.299999237060547
      vertex 50.0062141418457 0.24922847747802734 -2
    endloop
  endfacet
  facet normal 1 0 0
    outer loop
      vertex 50.0062141418457 0.24922847747802734 -7.299999237060547
      vertex 50.0062141418457 -0.24922847747802734 -2
      vertex 50.0062141418457 -0.24922847747802734 -7.299999237060547
    endloop
  endfacet
  facet normal 0.9214762597982435 -0.38843468257641467 0
    outer loop
      vertex 50.301536560058594 1.7101001739501953 -2
      vertex 50.495155334472656 2.1694183349609375 -7.299999237060547
      vertex 50.495155334472656 2.1694183349609375 -2
    endloop
  endfacet
  facet normal 0.9214762597982435 -0.38843468257641467 0
    outer loop
      vertex 50.495155334472656 2.1694183349609375 -7.299999237060547
      vertex 50.301536560058594 1.7101001739501953 -2
      vertex 50.301536560058594 1.7101001739501953 -7.299999237060547
    endloop
  endfacet
  facet normal 0.36534288337415793 0.9308730190352797 0
    outer loop
      vertex 53.40756607055664 -4.739636421203613 -7.299999237060547
      vertex 52.943565368652344 -4.557528495788574 -2
      vertex 53.40756607055664 -4.739636421203613 -2
    endloop
  endfacet
  facet normal 0.36534288337415793 0.9308730190352797 0
    outer loop
      vertex 52.943565368652344 -4.557528495788574 -2
      vertex 53.40756607055664 -4.739636421203613 -7.299999237060547
      vertex 52.943565368652344 -4.557528495788574 -7.299999237060547
    endloop
  endfacet
  facet normal -0.7971323033187591 0.603804679516257 0
    outer loop
      vertex 58.830223083496094 -3.213937759399414 -7.299999237060547
      vertex 59.131195068359375 -2.8165998458862305 -2
      vertex 59.131195068359375 -2.8165998458862305 -7.299999237060547
    endloop
  endfacet
  facet normal -0.7971323033187591 0.603804679516257 0
    outer loop
      vertex 59.131195068359375 -2.8165998458862305 -2
      vertex 58.830223083496094 -3.213937759399414 -7.299999237060547
      vertex 58.830223083496094 -3.213937759399414 -2
    endloop
  endfacet
  facet normal 0.07472925712085873 0.9972038598652557 0
    outer loop
      vertex 54.87534713745117 -4.998445510864258 -7.299999237060547
      vertex 54.37828063964844 -4.961195945739746 -2
      vertex 54.87534713745117 -4.998445510864258 -2
    endloop
  endfacet
  facet normal 0.07472925712085873 0.9972038598652557 0
    outer loop
      vertex 54.37828063964844 -4.961195945739746 -2
      vertex 54.87534713745117 -4.998445510864258 -7.299999237060547
      vertex 54.37828063964844 -4.961195945739746 -7.299999237060547
    endloop
  endfacet
  facet normal -0.9888320080349793 -0.14903442516918922 0
    outer loop
      vertex 59.97515106201172 0.49783897399902344 -7.299999237060547
      vertex 59.90086364746094 0.9907302856445312 -2
      vertex 59.90086364746094 0.9907302856445312 -7.299999237060547
    endloop
  endfacet
  facet normal -0.9888320080349793 -0.14903442516918922 0
    outer loop
      vertex 59.90086364746094 0.9907302856445312 -2
      vertex 59.97515106201172 0.49783897399902344 -7.299999237060547
      vertex 59.97515106201172 0.49783897399902344 -2
    endloop
  endfacet
  facet normal -0.7971323033187591 -0.603804679516257 0
    outer loop
      vertex 59.131195068359375 2.8165998458862305 -7.299999237060547
      vertex 58.830223083496094 3.213937759399414 -2
      vertex 58.830223083496094 3.213937759399414 -7.299999237060547
    endloop
  endfacet
  facet normal -0.7971323033187591 -0.603804679516257 0
    outer loop
      vertex 58.830223083496094 3.213937759399414 -2
      vertex 59.131195068359375 2.8165998458862305 -7.299999237060547
      vertex 59.131195068359375 2.8165998458862305 -2
    endloop
  endfacet
  facet normal -0.7330505428540097 0.680174170063405 0
    outer loop
      vertex 58.49118423461914 -3.5793333053588867 -7.299999237060547
      vertex 58.830223083496094 -3.213937759399414 -2
      vertex 58.830223083496094 -3.213937759399414 -7.299999237060547
    endloop
  endfacet
  facet normal -0.7330505428540097 0.680174170063405 0
    outer loop
      vertex 58.830223083496094 -3.213937759399414 -2
      vertex 58.49118423461914 -3.5793333053588867 -7.299999237060547
      vertex 58.49118423461914 -3.5793333053588867 -2
    endloop
  endfacet
  facet normal 0.2708413176319375 0.9626240079404814 0
    outer loop
      vertex 53.887393951416016 -4.874639511108398 -7.299999237060547
      vertex 53.40756607055664 -4.739636421203613 -2
      vertex 53.887393951416016 -4.874639511108398 -2
    endloop
  endfacet
  facet normal 0.2708413176319375 0.9626240079404814 0
    outer loop
      vertex 53.40756607055664 -4.739636421203613 -2
      vertex 53.887393951416016 -4.874639511108398 -7.299999237060547
      vertex 53.40756607055664 -4.739636421203613 -7.299999237060547
    endloop
  endfacet
  facet normal -0.4112885567669803 -0.9115051964045703 0
    outer loop
      vertex 56.82670593261719 4.6543684005737305 -7.299999237060547
      vertex 57.28105163574219 4.449358940124512 -2
      vertex 56.82670593261719 4.6543684005737305 -2
    endloop
  endfacet
  facet normal -0.4112885567669803 -0.9115051964045703 0
    outer loop
      vertex 57.28105163574219 4.449358940124512 -2
      vertex 56.82670593261719 4.6543684005737305 -7.299999237060547
      vertex 57.28105163574219 4.449358940124512 -7.299999237060547
    endloop
  endfacet
  facet normal 0.17364791893977286 0.9848077986327516 0
    outer loop
      vertex 54.37828063964844 -4.961195945739746 -7.299999237060547
      vertex 53.887393951416016 -4.874639511108398 -2
      vertex 54.37828063964844 -4.961195945739746 -2
    endloop
  endfacet
  facet normal 0.17364791893977286 0.9848077986327516 0
    outer loop
      vertex 53.887393951416016 -4.874639511108398 -2
      vertex 54.37828063964844 -4.961195945739746 -7.299999237060547
      vertex 53.887393951416016 -4.874639511108398 -7.299999237060547
    endloop
  endfacet
  facet normal 0.6982355773390236 0.7158680594481363 0
    outer loop
      vertex 51.69157028198242 -3.7489051818847656 -7.299999237060547
      vertex 51.334739685058594 -3.4008636474609375 -2
      vertex 51.69157028198242 -3.7489051818847656 -2
    endloop
  endfacet
  facet normal 0.6982355773390236 0.7158680594481363 0
    outer loop
      vertex 51.334739685058594 -3.4008636474609375 -2
      vertex 51.69157028198242 -3.7489051818847656 -7.299999237060547
      vertex 51.334739685058594 -3.4008636474609375 -7.299999237060547
    endloop
  endfacet
  facet normal -0.12434367341258688 -0.9922392105144121 0
    outer loop
      vertex 55.37364959716797 4.986018180847168 -7.299999237060547
      vertex 55.86824035644531 4.924037933349609 -2
      vertex 55.37364959716797 4.986018180847168 -2
    endloop
  endfacet
  facet normal -0.12434367341258688 -0.9922392105144121 0
    outer loop
      vertex 55.86824035644531 4.924037933349609 -2
      vertex 55.37364959716797 4.986018180847168 -7.299999237060547
      vertex 55.86824035644531 4.924037933349609 -7.299999237060547
    endloop
  endfacet
  facet normal 0.4562091281375018 0.8898725927929348 0
    outer loop
      vertex 52.943565368652344 -4.557528495788574 -7.299999237060547
      vertex 52.5 -4.330126762390137 -2
      vertex 52.943565368652344 -4.557528495788574 -2
    endloop
  endfacet
  facet normal 0.4562091281375018 0.8898725927929348 0
    outer loop
      vertex 52.5 -4.330126762390137 -2
      vertex 52.943565368652344 -4.557528495788574 -7.299999237060547
      vertex 52.5 -4.330126762390137 -7.299999237060547
    endloop
  endfacet
  facet normal -0.7330505428540097 -0.680174170063405 0
    outer loop
      vertex 58.830223083496094 3.213937759399414 -7.299999237060547
      vertex 58.49118423461914 3.5793333053588867 -2
      vertex 58.49118423461914 3.5793333053588867 -7.299999237060547
    endloop
  endfacet
  facet normal -0.7330505428540097 -0.680174170063405 0
    outer loop
      vertex 58.49118423461914 3.5793333053588867 -2
      vertex 58.830223083496094 3.213937759399414 -7.299999237060547
      vertex 58.830223083496094 3.213937759399414 -2
    endloop
  endfacet
  facet normal 0.6234915261199967 -0.7818301074124464 0
    outer loop
      vertex 51.69157028198242 3.7489051818847656 -7.299999237060547
      vertex 52.08127975463867 4.059689521789551 -2
      vertex 51.69157028198242 3.7489051818847656 -2
    endloop
  endfacet
  facet normal 0.6234915261199967 -0.7818301074124464 0
    outer loop
      vertex 52.08127975463867 4.059689521789551 -2
      vertex 51.69157028198242 3.7489051818847656 -7.299999237060547
      vertex 52.08127975463867 4.059689521789551 -7.299999237060547
    endloop
  endfacet
  facet normal 0.6982355773390236 -0.7158680594481363 0
    outer loop
      vertex 51.334739685058594 3.4008636474609375 -7.299999237060547
      vertex 51.69157028198242 3.7489051818847656 -2
      vertex 51.334739685058594 3.4008636474609375 -2
    endloop
  endfacet
  facet normal 0.6982355773390236 -0.7158680594481363 0
    outer loop
      vertex 51.69157028198242 3.7489051818847656 -2
      vertex 51.334739685058594 3.4008636474609375 -7.299999237060547
      vertex 51.69157028198242 3.7489051818847656 -7.299999237060547
    endloop
  endfacet
  facet normal 0.8262385144824729 0.5633204391692141 0
    outer loop
      vertex 51.01433563232422 -3.019021987915039 -2
      vertex 50.733543395996094 -2.607175827026367 -7.299999237060547
      vertex 50.733543395996094 -2.607175827026367 -2
    endloop
  endfacet
  facet normal 0.8262385144824729 0.5633204391692141 0
    outer loop
      vertex 50.733543395996094 -2.607175827026367 -7.299999237060547
      vertex 51.01433563232422 -3.019021987915039 -2
      vertex 51.01433563232422 -3.019021987915039 -7.299999237060547
    endloop
  endfacet
  facet normal 0.9555729299402829 -0.29475477191276017 0
    outer loop
      vertex 50.15461349487305 1.2337865829467773 -2
      vertex 50.301536560058594 1.7101001739501953 -7.299999237060547
      vertex 50.301536560058594 1.7101001739501953 -2
    endloop
  endfacet
  facet normal 0.9555729299402829 -0.29475477191276017 0
    outer loop
      vertex 50.301536560058594 1.7101001739501953 -7.299999237060547
      vertex 50.15461349487305 1.2337865829467773 -2
      vertex 50.15461349487305 1.2337865829467773 -7.299999237060547
    endloop
  endfacet
  facet normal 0.8782232272820231 -0.4782509415174714 0
    outer loop
      vertex 50.495155334472656 2.1694183349609375 -2
      vertex 50.733543395996094 2.607175827026367 -7.299999237060547
      vertex 50.733543395996094 2.607175827026367 -2
    endloop
  endfacet
  facet normal 0.8782232272820231 -0.4782509415174714 0
    outer loop
      vertex 50.733543395996094 2.607175827026367 -7.299999237060547
      vertex 50.495155334472656 2.1694183349609375 -2
      vertex 50.495155334472656 2.1694183349609375 -7.299999237060547
    endloop
  endfacet
  facet normal 0.4562091281375018 -0.8898725927929348 0
    outer loop
      vertex 52.5 4.330126762390137 -7.299999237060547
      vertex 52.943565368652344 4.557528495788574 -2
      vertex 52.5 4.330126762390137 -2
    endloop
  endfacet
  facet normal 0.4562091281375018 -0.8898725927929348 0
    outer loop
      vertex 52.943565368652344 4.557528495788574 -2
      vertex 52.5 4.330126762390137 -7.299999237060547
      vertex 52.943565368652344 4.557528495788574 -7.299999237060547
    endloop
  endfacet
  facet normal 0.6234915261199967 0.7818301074124464 0
    outer loop
      vertex 52.08127975463867 -4.059689521789551 -7.299999237060547
      vertex 51.69157028198242 -3.7489051818847656 -2
      vertex 52.08127975463867 -4.059689521789551 -2
    endloop
  endfacet
  facet normal 0.6234915261199967 0.7818301074124464 0
    outer loop
      vertex 51.69157028198242 -3.7489051818847656 -2
      vertex 52.08127975463867 -4.059689521789551 -7.299999237060547
      vertex 51.69157028198242 -3.7489051818847656 -7.299999237060547
    endloop
  endfacet
  facet normal 0 0 -1
    outer loop
      vertex 59.97515106201172 -0.49783897399902344 -2
      vertex 59.97515106201172 0.49783897399902344 -2
      vertex 60 0 -2
    endloop
  endfacet
  facet normal 0 0 -1
    outer loop
      vertex 59.90086364746094 -0.9907302856445312 -2
      vertex 59.97515106201172 0.49783897399902344 -2
      vertex 59.97515106201172 -0.49783897399902344 -2
    endloop
  endfacet
  facet normal 0 0 -1
    outer loop
      vertex 59.90086364746094 -0.9907302856445312 -2
      vertex 59.90086364746094 0.9907302856445312 -2
      vertex 59.97515106201172 0.49783897399902344 -2
    endloop
  endfacet
  facet normal 0 0 -1
    outer loop
      vertex 59.777862548828125 -1.473775863647461 -2
      vertex 59.90086364746094 0.9907302856445312 -2
      vertex 59.90086364746094 -0.9907302856445312 -2
    endloop
  endfacet
  facet normal 0 0 -1
    outer loop
      vertex 59.777862548828125 -1.473775863647461 -2
      vertex 59.777862548828125 1.473775863647461 -2
      vertex 59.90086364746094 0.9907302856445312 -2
    endloop
  endfacet
  facet normal 0 0 -1
    outer loop
      vertex 59.60737991333008 -1.942173957824707 -2
      vertex 59.777862548828125 1.473775863647461 -2
      vertex 59.777862548828125 -1.473775863647461 -2
    endloop
  endfacet
  facet normal 0 0 -1
    outer loop
      vertex 59.60737991333008 -1.942173957824707 -2
      vertex 59.60737991333008 1.942173957824707 -2
      vertex 59.777862548828125 1.473775863647461 -2
    endloop
  endfacet
  facet normal 0 0 -1
    outer loop
      vertex 59.39110565185547 -2.3912696838378906 -2
      vertex 59.60737991333008 1.942173957824707 -2
      vertex 59.60737991333008 -1.942173957824707 -2
    endloop
  endfacet
  facet normal 0 0 -1
    outer loop
      vertex 59.39110565185547 -2.3912696838378906 -2
      vertex 59.39110565185547 2.3912696838378906 -2
      vertex 59.60737991333008 1.942173957824707 -2
    endloop
  endfacet
  facet normal 0 0 -1
    outer loop
      vertex 59.131195068359375 -2.8165998458862305 -2
      vertex 59.39110565185547 2.3912696838378906 -2
      vertex 59.39110565185547 -2.3912696838378906 -2
    endloop
  endfacet
  facet normal 0 0 -1
    outer loop
      vertex 59.131195068359375 -2.8165998458862305 -2
      vertex 59.131195068359375 2.8165998458862305 -2
      vertex 59.39110565185547 2.3912696838378906 -2
    endloop
  endfacet
  facet normal 0 0 -1
    outer loop
      vertex 58.830223083496094 -3.213937759399414 -2
      vertex 59.131195068359375 2.8165998458862305 -2
      vertex 59.131195068359375 -2.8165998458862305 -2
    endloop
  endfacet
  facet normal 0 0 -1
    outer loop
      vertex 58.830223083496094 -3.213937759399414 -2
      vertex 58.830223083496094 3.213937759399414 -2
      vertex 59.131195068359375 2.8165998458862305 -2
    endloop
  endfacet
  facet normal 0 0 -1
    outer loop
      vertex 58.49118423461914 -3.5793333053588867 -2
      vertex 58.830223083496094 3.213937759399414 -2
      vertex 58.830223083496094 -3.213937759399414 -2
    endloop
  endfacet
  facet normal 0 0 -1
    outer loop
      vertex 58.49118423461914 -3.5793333053588867 -2
      vertex 58.49118423461914 3.5793333053588867 -2
      vertex 58.830223083496094 3.213937759399414 -2
    endloop
  endfacet
  facet normal 0 0 -1
    outer loop
      vertex 58.11744689941406 -3.9091567993164062 -2
      vertex 58.49118423461914 3.5793333053588867 -2
      vertex 58.49118423461914 -3.5793333053588867 -2
    endloop
  endfacet
  facet normal 0 0 -1
    outer loop
      vertex 58.11744689941406 -3.9091567993164062 -2
      vertex 58.11744689941406 3.9091567993164062 -2
      vertex 58.49118423461914 3.5793333053588867 -2
    endloop
  endfacet
  facet normal 0 0 -1
    outer loop
      vertex 57.712730407714844 -4.200129508972168 -2
      vertex 58.11744689941406 3.9091567993164062 -2
      vertex 58.11744689941406 -3.9091567993164062 -2
    endloop
  endfacet
  facet normal 0 0 -1
    outer loop
      vertex 57.712730407714844 -4.200129508972168 -2
      vertex 57.712730407714844 4.200129508972168 -2
      vertex 58.11744689941406 3.9091567993164062 -2
    endloop
  endfacet
  facet normal 0 0 -1
    outer loop
      vertex 57.28105163574219 -4.449358940124512 -2
      vertex 57.712730407714844 4.200129508972168 -2
      vertex 57.712730407714844 -4.200129508972168 -2
    endloop
  endfacet
  facet normal 0 0 -1
    outer loop
      vertex 57.28105163574219 -4.449358940124512 -2
      vertex 57.28105163574219 4.449358940124512 -2
      vertex 57.712730407714844 4.200129508972168 -2
    endloop
  endfacet
  facet normal 0 0 -1
    outer loop
      vertex 56.82670593261719 -4.6543684005737305 -2
      vertex 57.28105163574219 4.449358940124512 -2
      vertex 57.28105163574219 -4.449358940124512 -2
    endloop
  endfacet
  facet normal 0 0 -1
    outer loop
      vertex 56.82670593261719 -4.6543684005737305 -2
      vertex 56.82670593261719 4.6543684005737305 -2
      vertex 57.28105163574219 4.449358940124512 -2
    endloop
  endfacet
  facet normal 0 0 -1
    outer loop
      vertex 56.35420227050781 -4.8131208419799805 -2
      vertex 56.82670593261719 4.6543684005737305 -2
      vertex 56.82670593261719 -4.6543684005737305 -2
    endloop
  endfacet
  facet normal 0 0 -1
    outer loop
      vertex 56.35420227050781 -4.8131208419799805 -2
      vertex 56.35420227050781 4.8131208419799805 -2
      vertex 56.82670593261719 4.6543684005737305 -2
    endloop
  endfacet
  facet normal 0 0 -1
    outer loop
      vertex 55.86824035644531 -4.924037933349609 -2
      vertex 56.35420227050781 4.8131208419799805 -2
      vertex 56.35420227050781 -4.8131208419799805 -2
    endloop
  endfacet
  facet normal 0 0 -1
    outer loop
      vertex 55.86824035644531 -4.924037933349609 -2
      vertex 55.86824035644531 4.924037933349609 -2
      vertex 56.35420227050781 4.8131208419799805 -2
    endloop
  endfacet
  facet normal 0 0 -1
    outer loop
      vertex 55.37364959716797 -4.986018180847168 -2
      vertex 55.86824035644531 4.924037933349609 -2
      vertex 55.86824035644531 -4.924037933349609 -2
    endloop
  endfacet
  facet normal 0 0 -1
    outer loop
      vertex 55.37364959716797 -4.986018180847168 -2
      vertex 55.37364959716797 4.986018180847168 -2
      vertex 55.86824035644531 4.924037933349609 -2
    endloop
  endfacet
  facet normal 0 0 -1
    outer loop
      vertex 54.87534713745117 -4.998445510864258 -2
      vertex 55.37364959716797 4.986018180847168 -2
      vertex 55.37364959716797 -4.986018180847168 -2
    endloop
  endfacet
  facet normal 0 0 -1
    outer loop
      vertex 54.87534713745117 -4.998445510864258 -2
      vertex 54.87534713745117 4.998445510864258 -2
      vertex 55.37364959716797 4.986018180847168 -2
    endloop
  endfacet
  facet normal 0 0 -1
    outer loop
      vertex 54.37828063964844 -4.961195945739746 -2
      vertex 54.87534713745117 4.998445510864258 -2
      vertex 54.87534713745117 -4.998445510864258 -2
    endloop
  endfacet
  facet normal 0 0 -1
    outer loop
      vertex 54.37828063964844 -4.961195945739746 -2
      vertex 54.37828063964844 4.961195945739746 -2
      vertex 54.87534713745117 4.998445510864258 -2
    endloop
  endfacet
  facet normal 0 0 -1
    outer loop
      vertex 53.887393951416016 -4.874639511108398 -2
      vertex 54.37828063964844 4.961195945739746 -2
      vertex 54.37828063964844 -4.961195945739746 -2
    endloop
  endfacet
  facet normal 0 0 -1
    outer loop
      vertex 53.887393951416016 -4.874639511108398 -2
      vertex 53.887393951416016 4.874639511108398 -2
      vertex 54.37828063964844 4.961195945739746 -2
    endloop
  endfacet
  facet normal 0 0 -1
    outer loop
      vertex 53.40756607055664 -4.739636421203613 -2
      vertex 53.887393951416016 4.874639511108398 -2
      vertex 53.887393951416016 -4.874639511108398 -2
    endloop
  endfacet
  facet normal 0 0 -1
    outer loop
      vertex 53.40756607055664 -4.739636421203613 -2
      vertex 53.40756607055664 4.739636421203613 -2
      vertex 53.887393951416016 4.874639511108398 -2
    endloop
  endfacet
  facet normal 0 0 -1
    outer loop
      vertex 52.943565368652344 -4.557528495788574 -2
      vertex 53.40756607055664 4.739636421203613 -2
      vertex 53.40756607055664 -4.739636421203613 -2
    endloop
  endfacet
  facet normal 0 0 -1
    outer loop
      vertex 52.943565368652344 -4.557528495788574 -2
      vertex 52.943565368652344 4.557528495788574 -2
      vertex 53.40756607055664 4.739636421203613 -2
    endloop
  endfacet
  facet normal 0 0 -1
    outer loop
      vertex 52.5 -4.330126762390137 -2
      vertex 52.943565368652344 4.557528495788574 -2
      vertex 52.943565368652344 -4.557528495788574 -2
    endloop
  endfacet
  facet normal 0 0 -1
    outer loop
      vertex 52.5 -4.330126762390137 -2
      vertex 52.5 4.330126762390137 -2
      vertex 52.943565368652344 4.557528495788574 -2
    endloop
  endfacet
  facet normal 0 0 -1
    outer loop
      vertex 52.08127975463867 -4.059689521789551 -2
      vertex 52.5 4.330126762390137 -2
      vertex 52.5 -4.330126762390137 -2
    endloop
  endfacet
  facet normal 0 0 -1
    outer loop
      vertex 52.08127975463867 -4.059689521789551 -2
      vertex 52.08127975463867 4.059689521789551 -2
      vertex 52.5 4.330126762390137 -2
    endloop
  endfacet
  facet normal 0 0 -1
    outer loop
      vertex 51.69157028198242 -3.7489051818847656 -2
      vertex 52.08127975463867 4.059689521789551 -2
      vertex 52.08127975463867 -4.059689521789551 -2
    endloop
  endfacet
  facet normal 0 0 -1
    outer loop
      vertex 51.69157028198242 -3.7489051818847656 -2
      vertex 51.69157028198242 3.7489051818847656 -2
      vertex 52.08127975463867 4.059689521789551 -2
    endloop
  endfacet
  facet normal 0 0 -1
    outer loop
      vertex 51.334739685058594 -3.4008636474609375 -2
      vertex 51.69157028198242 3.7489051818847656 -2
      vertex 51.69157028198242 -3.7489051818847656 -2
    endloop
  endfacet
  facet normal 0 0 -1
    outer loop
      vertex 51.334739685058594 -3.4008636474609375 -2
      vertex 51.334739685058594 3.4008636474609375 -2
      vertex 51.69157028198242 3.7489051818847656 -2
    endloop
  endfacet
  facet normal 0 0 -1
    outer loop
      vertex 51.01433563232422 -3.019021987915039 -2
      vertex 51.334739685058594 3.4008636474609375 -2
      vertex 51.334739685058594 -3.4008636474609375 -2
    endloop
  endfacet
  facet normal 0 0 -1
    outer loop
      vertex 51.01433563232422 -3.019021987915039 -2
      vertex 51.01433563232422 3.019021987915039 -2
      vertex 51.334739685058594 3.4008636474609375 -2
    endloop
  endfacet
  facet normal 0 0 -1
    outer loop
      vertex 50.733543395996094 -2.607175827026367 -2
      vertex 51.01433563232422 3.019021987915039 -2
      vertex 51.01433563232422 -3.019021987915039 -2
    endloop
  endfacet
  facet normal 0 0 -1
    outer loop
      vertex 50.733543395996094 -2.607175827026367 -2
      vertex 50.733543395996094 2.607175827026367 -2
      vertex 51.01433563232422 3.019021987915039 -2
    endloop
  endfacet
  facet normal 0 0 -1
    outer loop
      vertex 50.495155334472656 -2.1694183349609375 -2
      vertex 50.733543395996094 2.607175827026367 -2
      vertex 50.733543395996094 -2.607175827026367 -2
    endloop
  endfacet
  facet normal 0 0 -1
    outer loop
      vertex 50.495155334472656 -2.1694183349609375 -2
      vertex 50.495155334472656 2.1694183349609375 -2
      vertex 50.733543395996094 2.607175827026367 -2
    endloop
  endfacet
  facet normal 0 0 -1
    outer loop
      vertex 50.301536560058594 -1.7101001739501953 -2
      vertex 50.495155334472656 2.1694183349609375 -2
      vertex 50.495155334472656 -2.1694183349609375 -2
    endloop
  endfacet
  facet normal 0 0 -1
    outer loop
      vertex 50.301536560058594 -1.7101001739501953 -2
      vertex 50.301536560058594 1.7101001739501953 -2
      vertex 50.495155334472656 2.1694183349609375 -2
    endloop
  endfacet
  facet normal 0 0 -1
    outer loop
      vertex 50.15461349487305 -1.2337865829467773 -2
      vertex 50.301536560058594 1.7101001739501953 -2
      vertex 50.301536560058594 -1.7101001739501953 -2
    endloop
  endfacet
  facet normal 0 0 -1
    outer loop
      vertex 50.15461349487305 -1.2337865829467773 -2
      vertex 50.15461349487305 1.2337865829467773 -2
      vertex 50.301536560058594 1.7101001739501953 -2
    endloop
  endfacet
  facet normal 0 0 -1
    outer loop
      vertex 50.05584716796875 -0.7452106475830078 -2
      vertex 50.15461349487305 1.2337865829467773 -2
      vertex 50.15461349487305 -1.2337865829467773 -2
    endloop
  endfacet
  facet normal 0 0 -1
    outer loop
      vertex 50.05584716796875 -0.7452106475830078 -2
      vertex 50.05584716796875 0.7452106475830078 -2
      vertex 50.15461349487305 1.2337865829467773 -2
    endloop
  endfacet
  facet normal 0 0 -1
    outer loop
      vertex 50.0062141418457 -0.24922847747802734 -2
      vertex 50.05584716796875 0.7452106475830078 -2
      vertex 50.05584716796875 -0.7452106475830078 -2
    endloop
  endfacet
  facet normal 0 0 -1
    outer loop
      vertex 50.05584716796875 0.7452106475830078 -2
      vertex 50.0062141418457 -0.24922847747802734 -2
      vertex 50.0062141418457 0.24922847747802734 -2
    endloop
  endfacet
  facet normal -0.0249315789276623 0.9996891598752954 0
    outer loop
      vertex 55.37364959716797 -4.986018180847168 -7.299999237060547
      vertex 54.87534713745117 -4.998445510864258 -2
      vertex 55.37364959716797 -4.986018180847168 -2
    endloop
  endfacet
  facet normal -0.0249315789276623 0.9996891598752954 0
    outer loop
      vertex 54.87534713745117 -4.998445510864258 -2
      vertex 55.37364959716797 -4.986018180847168 -7.299999237060547
      vertex 54.87534713745117 -4.998445510864258 -7.299999237060547
    endloop
  endfacet
  facet normal 0.2708413176319375 -0.9626240079404814 0
    outer loop
      vertex 53.40756607055664 4.739636421203613 -7.299999237060547
      vertex 53.887393951416016 4.874639511108398 -2
      vertex 53.40756607055664 4.739636421203613 -2
    endloop
  endfacet
  facet normal 0.2708413176319375 -0.9626240079404814 0
    outer loop
      vertex 53.887393951416016 4.874639511108398 -2
      vertex 53.40756607055664 4.739636421203613 -7.299999237060547
      vertex 53.887393951416016 4.874639511108398 -7.299999237060547
    endloop
  endfacet
  facet normal 0.9555729299402829 0.29475477191276017 0
    outer loop
      vertex 50.301536560058594 -1.7101001739501953 -2
      vertex 50.15461349487305 -1.2337865829467773 -7.299999237060547
      vertex 50.15461349487305 -1.2337865829467773 -2
    endloop
  endfacet
  facet normal 0.9555729299402829 0.29475477191276017 0
    outer loop
      vertex 50.15461349487305 -1.2337865829467773 -7.299999237060547
      vertex 50.301536560058594 -1.7101001739501953 -2
      vertex 50.301536560058594 -1.7101001739501953 -7.299999237060547
    endloop
  endfacet
  facet normal 0.7660435964888327 -0.6427886186597072 0
    outer loop
      vertex 51.01433563232422 3.019021987915039 -2
      vertex 51.334739685058594 3.4008636474609375 -7.299999237060547
      vertex 51.334739685058594 3.4008636474609375 -2
    endloop
  endfacet
  facet normal 0.7660435964888327 -0.6427886186597072 0
    outer loop
      vertex 51.334739685058594 3.4008636474609375 -7.299999237060547
      vertex 51.01433563232422 3.019021987915039 -2
      vertex 51.01433563232422 3.019021987915039 -7.299999237060547
    endloop
  endfacet
  facet normal 0.17364791893977286 -0.9848077986327516 0
    outer loop
      vertex 53.887393951416016 4.874639511108398 -7.299999237060547
      vertex 54.37828063964844 4.961195945739746 -2
      vertex 53.887393951416016 4.874639511108398 -2
    endloop
  endfacet
  facet normal 0.17364791893977286 -0.9848077986327516 0
    outer loop
      vertex 54.37828063964844 4.961195945739746 -2
      vertex 53.887393951416016 4.874639511108398 -7.299999237060547
      vertex 54.37828063964844 4.961195945739746 -7.299999237060547
    endloop
  endfacet
  facet normal -0.2225198960275158 -0.9749281490817177 0
    outer loop
      vertex 55.86824035644531 4.924037933349609 -7.299999237060547
      vertex 56.35420227050781 4.8131208419799805 -2
      vertex 55.86824035644531 4.924037933349609 -2
    endloop
  endfacet
  facet normal -0.2225198960275158 -0.9749281490817177 0
    outer loop
      vertex 56.35420227050781 4.8131208419799805 -2
      vertex 55.86824035644531 4.924037933349609 -7.299999237060547
      vertex 56.35420227050781 4.8131208419799805 -7.299999237060547
    endloop
  endfacet
  facet normal -0.31848602630504974 -0.9479275558018234 0
    outer loop
      vertex 56.35420227050781 4.8131208419799805 -7.299999237060547
      vertex 56.82670593261719 4.6543684005737305 -2
      vertex 56.35420227050781 4.8131208419799805 -2
    endloop
  endfacet
  facet normal -0.31848602630504974 -0.9479275558018234 0
    outer loop
      vertex 56.82670593261719 4.6543684005737305 -2
      vertex 56.35420227050781 4.8131208419799805 -7.299999237060547
      vertex 56.82670593261719 4.6543684005737305 -7.299999237060547
    endloop
  endfacet
  facet normal -0.0249315789276623 -0.9996891598752954 0
    outer loop
      vertex 54.87534713745117 4.998445510864258 -7.299999237060547
      vertex 55.37364959716797 4.986018180847168 -2
      vertex 54.87534713745117 4.998445510864258 -2
    endloop
  endfacet
  facet normal -0.0249315789276623 -0.9996891598752954 0
    outer loop
      vertex 55.37364959716797 4.986018180847168 -2
      vertex 54.87534713745117 4.998445510864258 -7.299999237060547
      vertex 55.37364959716797 4.986018180847168 -7.299999237060547
    endloop
  endfacet
  facet normal 0.07472925712085873 -0.9972038598652557 0
    outer loop
      vertex 54.37828063964844 4.961195945739746 -7.299999237060547
      vertex 54.87534713745117 4.998445510864258 -2
      vertex 54.37828063964844 4.961195945739746 -2
    endloop
  endfacet
  facet normal 0.07472925712085873 -0.9972038598652557 0
    outer loop
      vertex 54.87534713745117 4.998445510864258 -2
      vertex 54.37828063964844 4.961195945739746 -7.299999237060547
      vertex 54.87534713745117 4.998445510864258 -7.299999237060547
    endloop
  endfacet
  facet normal 0.5425448953893152 -0.840026807004989 0
    outer loop
      vertex 52.08127975463867 4.059689521789551 -7.299999237060547
      vertex 52.5 4.330126762390137 -2
      vertex 52.08127975463867 4.059689521789551 -2
    endloop
  endfacet
  facet normal 0.5425448953893152 -0.840026807004989 0
    outer loop
      vertex 52.5 4.330126762390137 -2
      vertex 52.08127975463867 4.059689521789551 -7.299999237060547
      vertex 52.5 4.330126762390137 -7.299999237060547
    endloop
  endfacet
  facet normal 0 0 1
    outer loop
      vertex 59.97515106201172 0.49783897399902344 -7.299999237060547
      vertex 59.97515106201172 -0.49783897399902344 -7.299999237060547
      vertex 60 0 -7.299999237060547
    endloop
  endfacet
  facet normal 0 0 1
    outer loop
      vertex 59.90086364746094 0.9907302856445312 -7.299999237060547
      vertex 59.97515106201172 -0.49783897399902344 -7.299999237060547
      vertex 59.97515106201172 0.49783897399902344 -7.299999237060547
    endloop
  endfacet
  facet normal 0 0 1
    outer loop
      vertex 59.90086364746094 0.9907302856445312 -7.299999237060547
      vertex 59.90086364746094 -0.9907302856445312 -7.299999237060547
      vertex 59.97515106201172 -0.49783897399902344 -7.299999237060547
    endloop
  endfacet
  facet normal 0 0 1
    outer loop
      vertex 59.777862548828125 1.473775863647461 -7.299999237060547
      vertex 59.90086364746094 -0.9907302856445312 -7.299999237060547
      vertex 59.90086364746094 0.9907302856445312 -7.299999237060547
    endloop
  endfacet
  facet normal 0 0 1
    outer loop
      vertex 59.777862548828125 1.473775863647461 -7.299999237060547
      vertex 59.777862548828125 -1.473775863647461 -7.299999237060547
      vertex 59.90086364746094 -0.9907302856445312 -7.299999237060547
    endloop
  endfacet
  facet normal 0 0 1
    outer loop
      vertex 59.60737991333008 1.942173957824707 -7.299999237060547
      vertex 59.777862548828125 -1.473775863647461 -7.299999237060547
      vertex 59.777862548828125 1.473775863647461 -7.299999237060547
    endloop
  endfacet
  facet normal 0 0 1
    outer loop
      vertex 59.60737991333008 1.942173957824707 -7.299999237060547
      vertex 59.60737991333008 -1.942173957824707 -7.299999237060547
      vertex 59.777862548828125 -1.473775863647461 -7.299999237060547
    endloop
  endfacet
  facet normal 0 0 1
    outer loop
      vertex 59.39110565185547 2.3912696838378906 -7.299999237060547
      vertex 59.60737991333008 -1.942173957824707 -7.299999237060547
      vertex 59.60737991333008 1.942173957824707 -7.299999237060547
    endloop
  endfacet
  facet normal 0 0 1
    outer loop
      vertex 59.39110565185547 2.3912696838378906 -7.299999237060547
      vertex 59.39110565185547 -2.3912696838378906 -7.299999237060547
      vertex 59.60737991333008 -1.942173957824707 -7.299999237060547
    endloop
  endfacet
  facet normal 0 0 1
    outer loop
      vertex 59.131195068359375 2.8165998458862305 -7.299999237060547
      vertex 59.39110565185547 -2.3912696838378906 -7.299999237060547
      vertex 59.39110565185547 2.3912696838378906 -7.299999237060547
    endloop
  endfacet
  facet normal 0 0 1
    outer loop
      vertex 59.131195068359375 2.8165998458862305 -7.299999237060547
      vertex 59.131195068359375 -2.8165998458862305 -7.299999237060547
      vertex 59.39110565185547 -2.3912696838378906 -7.299999237060547
    endloop
  endfacet
  facet normal 0 0 1
    outer loop
      vertex 58.830223083496094 3.213937759399414 -7.299999237060547
      vertex 59.131195068359375 -2.8165998458862305 -7.299999237060547
      vertex 59.131195068359375 2.8165998458862305 -7.299999237060547
    endloop
  endfacet
  facet normal 0 0 1
    outer loop
      vertex 58.830223083496094 3.213937759399414 -7.299999237060547
      vertex 58.830223083496094 -3.213937759399414 -7.299999237060547
      vertex 59.131195068359375 -2.8165998458862305 -7.299999237060547
    endloop
  endfacet
  facet normal 0 0 1
    outer loop
      vertex 58.49118423461914 3.5793333053588867 -7.299999237060547
      vertex 58.830223083496094 -3.213937759399414 -7.299999237060547
      vertex 58.830223083496094 3.213937759399414 -7.299999237060547
    endloop
  endfacet
  facet normal 0 0 1
    outer loop
      vertex 58.49118423461914 3.5793333053588867 -7.299999237060547
      vertex 58.49118423461914 -3.5793333053588867 -7.299999237060547
      vertex 58.830223083496094 -3.213937759399414 -7.299999237060547
    endloop
  endfacet
  facet normal 0 0 1
    outer loop
      vertex 58.11744689941406 3.9091567993164062 -7.299999237060547
      vertex 58.49118423461914 -3.5793333053588867 -7.299999237060547
      vertex 58.49118423461914 3.5793333053588867 -7.299999237060547
    endloop
  endfacet
  facet normal 0 0 1
    outer loop
      vertex 58.11744689941406 3.9091567993164062 -7.299999237060547
      vertex 58.11744689941406 -3.9091567993164062 -7.299999237060547
      vertex 58.49118423461914 -3.5793333053588867 -7.299999237060547
    endloop
  endfacet
  facet normal 0 0 1
    outer loop
      vertex 57.712730407714844 4.200129508972168 -7.299999237060547
      vertex 58.11744689941406 -3.9091567993164062 -7.299999237060547
      vertex 58.11744689941406 3.9091567993164062 -7.299999237060547
    endloop
  endfacet
  facet normal 0 0 1
    outer loop
      vertex 57.712730407714844 4.200129508972168 -7.299999237060547
      vertex 57.712730407714844 -4.200129508972168 -7.299999237060547
      vertex 58.11744689941406 -3.9091567993164062 -7.299999237060547
    endloop
  endfacet
  facet normal 0 0 1
    outer loop
      vertex 57.28105163574219 4.449358940124512 -7.299999237060547
      vertex 57.712730407714844 -4.200129508972168 -7.299999237060547
      vertex 57.712730407714844 4.200129508972168 -7.299999237060547
    endloop
  endfacet
  facet normal 0 0 1
    outer loop
      vertex 57.28105163574219 4.449358940124512 -7.299999237060547
      vertex 57.28105163574219 -4.449358940124512 -7.299999237060547
      vertex 57.712730407714844 -4.200129508972168 -7.299999237060547
    endloop
  endfacet
  facet normal 0 0 1
    outer loop
      vertex 56.82670593261719 4.6543684005737305 -7.299999237060547
      vertex 57.28105163574219 -4.449358940124512 -7.299999237060547
      vertex 57.28105163574219 4.449358940124512 -7.299999237060547
    endloop
  endfacet
  facet normal 0 0 1
    outer loop
      vertex 56.82670593261719 4.6543684005737305 -7.299999237060547
      vertex 56.82670593261719 -4.6543684005737305 -7.299999237060547
      vertex 57.28105163574219 -4.449358940124512 -7.299999237060547
    endloop
  endfacet
  facet normal 0 0 1
    outer loop
      vertex 56.35420227050781 4.8131208419799805 -7.299999237060547
      vertex 56.82670593261719 -4.6543684005737305 -7.299999237060547
      vertex 56.82670593261719 4.6543684005737305 -7.299999237060547
    endloop
  endfacet
  facet normal 0 0 1
    outer loop
      vertex 56.35420227050781 4.8131208419799805 -7.299999237060547
      vertex 56.35420227050781 -4.8131208419799805 -7.299999237060547
      vertex 56.82670593261719 -4.6543684005737305 -7.299999237060547
    endloop
  endfacet
  facet normal 0 0 1
    outer loop
      vertex 55.86824035644531 4.924037933349609 -7.299999237060547
      vertex 56.35420227050781 -4.8131208419799805 -7.299999237060547
      vertex 56.35420227050781 4.8131208419799805 -7.299999237060547
    endloop
  endfacet
  facet normal 0 0 1
    outer loop
      vertex 55.86824035644531 4.924037933349609 -7.299999237060547
      vertex 55.86824035644531 -4.924037933349609 -7.299999237060547
      vertex 56.35420227050781 -4.8131208419799805 -7.299999237060547
    endloop
  endfacet
  facet normal 0 0 1
    outer loop
      vertex 55.37364959716797 4.986018180847168 -7.299999237060547
      vertex 55.86824035644531 -4.924037933349609 -7.299999237060547
      vertex 55.86824035644531 4.924037933349609 -7.299999237060547
    endloop
  endfacet
  facet normal 0 0 1
    outer loop
      vertex 55.37364959716797 4.986018180847168 -7.299999237060547
      vertex 55.37364959716797 -4.986018180847168 -7.299999237060547
      vertex 55.86824035644531 -4.924037933349609 -7.299999237060547
    endloop
  endfacet
  facet normal 0 0 1
    outer loop
      vertex 54.87534713745117 4.998445510864258 -7.299999237060547
      vertex 55.37364959716797 -4.986018180847168 -7.299999237060547
      vertex 55.37364959716797 4.986018180847168 -7.299999237060547
    endloop
  endfacet
  facet normal 0 0 1
    outer loop
      vertex 54.87534713745117 4.998445510864258 -7.299999237060547
      vertex 54.87534713745117 -4.998445510864258 -7.299999237060547
      vertex 55.37364959716797 -4.986018180847168 -7.299999237060547
    endloop
  endfacet
  facet normal 0 0 1
    outer loop
      vertex 54.37828063964844 4.961195945739746 -7.299999237060547
      vertex 54.87534713745117 -4.998445510864258 -7.299999237060547
      vertex 54.87534713745117 4.998445510864258 -7.299999237060547
    endloop
  endfacet
  facet normal 0 0 1
    outer loop
      vertex 54.37828063964844 4.961195945739746 -7.299999237060547
      vertex 54.37828063964844 -4.961195945739746 -7.299999237060547
      vertex 54.87534713745117 -4.998445510864258 -7.299999237060547
    endloop
  endfacet
  facet normal 0 0 1
    outer loop
      vertex 53.887393951416016 4.874639511108398 -7.299999237060547
      vertex 54.37828063964844 -4.961195945739746 -7.299999237060547
      vertex 54.37828063964844 4.961195945739746 -7.299999237060547
    endloop
  endfacet
  facet normal 0 0 1
    outer loop
      vertex 53.887393951416016 4.874639511108398 -7.299999237060547
      vertex 53.887393951416016 -4.874639511108398 -7.299999237060547
      vertex 54.37828063964844 -4.961195945739746 -7.299999237060547
    endloop
  endfacet
  facet normal 0 0 1
    outer loop
      vertex 53.40756607055664 4.739636421203613 -7.299999237060547
      vertex 53.887393951416016 -4.874639511108398 -7.299999237060547
      vertex 53.887393951416016 4.874639511108398 -7.299999237060547
    endloop
  endfacet
  facet normal 0 0 1
    outer loop
      vertex 53.40756607055664 4.739636421203613 -7.299999237060547
      vertex 53.40756607055664 -4.739636421203613 -7.299999237060547
      vertex 53.887393951416016 -4.874639511108398 -7.299999237060547
    endloop
  endfacet
  facet normal 0 0 1
    outer loop
      vertex 52.943565368652344 4.557528495788574 -7.299999237060547
      vertex 53.40756607055664 -4.739636421203613 -7.299999237060547
      vertex 53.40756607055664 4.739636421203613 -7.299999237060547
    endloop
  endfacet
  facet normal 0 0 1
    outer loop
      vertex 52.943565368652344 4.557528495788574 -7.299999237060547
      vertex 52.943565368652344 -4.557528495788574 -7.299999237060547
      vertex 53.40756607055664 -4.739636421203613 -7.299999237060547
    endloop
  endfacet
  facet normal 0 0 1
    outer loop
      vertex 52.5 4.330126762390137 -7.299999237060547
      vertex 52.943565368652344 -4.557528495788574 -7.299999237060547
      vertex 52.943565368652344 4.557528495788574 -7.299999237060547
    endloop
  endfacet
  facet normal 0 0 1
    outer loop
      vertex 52.5 4.330126762390137 -7.299999237060547
      vertex 52.5 -4.330126762390137 -7.299999237060547
      vertex 52.943565368652344 -4.557528495788574 -7.299999237060547
    endloop
  endfacet
  facet normal 0 0 1
    outer loop
      vertex 52.08127975463867 4.059689521789551 -7.299999237060547
      vertex 52.5 -4.330126762390137 -7.299999237060547
      vertex 52.5 4.330126762390137 -7.299999237060547
    endloop
  endfacet
  facet normal 0 0 1
    outer loop
      vertex 52.08127975463867 4.059689521789551 -7.299999237060547
      vertex 52.08127975463867 -4.059689521789551 -7.299999237060547
      vertex 52.5 -4.330126762390137 -7.299999237060547
    endloop
  endfacet
  facet normal 0 0 1
    outer loop
      vertex 51.69157028198242 3.7489051818847656 -7.299999237060547
      vertex 52.08127975463867 -4.059689521789551 -7.299999237060547
      vertex 52.08127975463867 4.059689521789551 -7.299999237060547
    endloop
  endfacet
  facet normal 0 0 1
    outer loop
      vertex 51.69157028198242 3.7489051818847656 -7.299999237060547
      vertex 51.69157028198242 -3.7489051818847656 -7.299999237060547
      vertex 52.08127975463867 -4.059689521789551 -7.299999237060547
    endloop
  endfacet
  facet normal 0 0 1
    outer loop
      vertex 51.334739685058594 3.4008636474609375 -7.299999237060547
      vertex 51.69157028198242 -3.7489051818847656 -7.299999237060547
      vertex 51.69157028198242 3.7489051818847656 -7.299999237060547
    endloop
  endfacet
  facet normal 0 0 1
    outer loop
      vertex 51.334739685058594 3.4008636474609375 -7.299999237060547
      vertex 51.334739685058594 -3.4008636474609375 -7.299999237060547
      vertex 51.69157028198242 -3.7489051818847656 -7.299999237060547
    endloop
  endfacet
  facet normal 0 0 1
    outer loop
      vertex 51.01433563232422 3.019021987915039 -7.299999237060547
      vertex 51.334739685058594 -3.4008636474609375 -7.299999237060547
      vertex 51.334739685058594 3.4008636474609375 -7.299999237060547
    endloop
  endfacet
  facet normal 0 0 1
    outer loop
      vertex 51.01433563232422 3.019021987915039 -7.299999237060547
      vertex 51.01433563232422 -3.019021987915039 -7.299999237060547
      vertex 51.334739685058594 -3.4008636474609375 -7.299999237060547
    endloop
  endfacet
  facet normal 0 0 1
    outer loop
      vertex 50.733543395996094 2.607175827026367 -7.299999237060547
      vertex 51.01433563232422 -3.019021987915039 -7.299999237060547
      vertex 51.01433563232422 3.019021987915039 -7.299999237060547
    endloop
  endfacet
  facet normal 0 0 1
    outer loop
      vertex 50.733543395996094 2.607175827026367 -7.299999237060547
      vertex 50.733543395996094 -2.607175827026367 -7.299999237060547
      vertex 51.01433563232422 -3.019021987915039 -7.299999237060547
    endloop
  endfacet
  facet normal 0 0 1
    outer loop
      vertex 50.495155334472656 2.1694183349609375 -7.299999237060547
      vertex 50.733543395996094 -2.607175827026367 -7.299999237060547
      vertex 50.733543395996094 2.607175827026367 -7.299999237060547
    endloop
  endfacet
  facet normal 0 0 1
    outer loop
      vertex 50.495155334472656 2.1694183349609375 -7.299999237060547
      vertex 50.495155334472656 -2.1694183349609375 -7.299999237060547
      vertex 50.733543395996094 -2.607175827026367 -7.299999237060547
    endloop
  endfacet
  facet normal 0 0 1
    outer loop
      vertex 50.301536560058594 1.7101001739501953 -7.299999237060547
      vertex 50.495155334472656 -2.1694183349609375 -7.299999237060547
      vertex 50.495155334472656 2.1694183349609375 -7.299999237060547
    endloop
  endfacet
  facet normal 0 0 1
    outer loop
      vertex 50.301536560058594 1.7101001739501953 -7.299999237060547
      vertex 50.301536560058594 -1.7101001739501953 -7.299999237060547
      vertex 50.495155334472656 -2.1694183349609375 -7.299999237060547
    endloop
  endfacet
  facet normal 0 0 1
    outer loop
      vertex 50.15461349487305 1.2337865829467773 -7.299999237060547
      vertex 50.301536560058594 -1.7101001739501953 -7.299999237060547
      vertex 50.301536560058594 1.7101001739501953 -7.299999237060547
    endloop
  endfacet
  facet normal 0 0 1
    outer loop
      vertex 50.15461349487305 1.2337865829467773 -7.299999237060547
      vertex 50.15461349487305 -1.2337865829467773 -7.299999237060547
      vertex 50.301536560058594 -1.7101001739501953 -7.299999237060547
    endloop
  endfacet
  facet normal 0 0 1
    outer loop
      vertex 50.05584716796875 0.7452106475830078 -7.299999237060547
      vertex 50.15461349487305 -1.2337865829467773 -7.299999237060547
      vertex 50.15461349487305 1.2337865829467773 -7.299999237060547
    endloop
  endfacet
  facet normal 0 0 1
    outer loop
      vertex 50.05584716796875 0.7452106475830078 -7.299999237060547
      vertex 50.05584716796875 -0.7452106475830078 -7.299999237060547
      vertex 50.15461349487305 -1.2337865829467773 -7.299999237060547
    endloop
  endfacet
  facet normal 0 0 1
    outer loop
      vertex 50.0062141418457 0.24922847747802734 -7.299999237060547
      vertex 50.05584716796875 -0.7452106475830078 -7.299999237060547
      vertex 50.05584716796875 0.7452106475830078 -7.299999237060547
    endloop
  endfacet
  facet normal 0 0 1
    outer loop
      vertex 50.05584716796875 -0.7452106475830078 -7.299999237060547
      vertex 50.0062141418457 0.24922847747802734 -7.299999237060547
      vertex 50.0062141418457 -0.24922847747802734 -7.299999237060547
    endloop
  endfacet
  facet normal 0.22251807751640043 0.9749285641411914 0
    outer loop
      vertex 26.631759643554688 -52.55543518066406 -7.299999237060547
      vertex 26.145797729492188 -52.44451904296875 -2
      vertex 26.631759643554688 -52.55543518066406 -2
    endloop
  endfacet
  facet normal 0.22251807751640043 0.9749285641411914 0
    outer loop
      vertex 26.145797729492188 -52.44451904296875 -2
      vertex 26.631759643554688 -52.55543518066406 -7.299999237060547
      vertex 26.145797729492188 -52.44451904296875 -7.299999237060547
    endloop
  endfacet
  facet normal -0.36533956760961217 0.9308743203777949 0
    outer loop
      vertex 29.556434631347656 -52.188926696777344 -7.299999237060547
      vertex 29.09243392944336 -52.37103271484375 -2
      vertex 29.556434631347656 -52.188926696777344 -2
    endloop
  endfacet
  facet normal -0.36533956760961217 0.9308743203777949 0
    outer loop
      vertex 29.09243392944336 -52.37103271484375 -2
      vertex 29.556434631347656 -52.188926696777344 -7.299999237060547
      vertex 29.09243392944336 -52.37103271484375 -7.299999237060547
    endloop
  endfacet
  facet normal -0.4562091281375018 0.8898725927929348 0
    outer loop
      vertex 30 -51.961524963378906 -7.299999237060547
      vertex 29.556434631347656 -52.188926696777344 -2
      vertex 30 -51.961524963378906 -2
    endloop
  endfacet
  facet normal -0.4562091281375018 0.8898725927929348 0
    outer loop
      vertex 29.556434631347656 -52.188926696777344 -2
      vertex 30 -51.961524963378906 -7.299999237060547
      vertex 29.556434631347656 -52.188926696777344 -7.299999237060547
    endloop
  endfacet
  facet normal -0.36533956760961217 -0.9308743203777949 0
    outer loop
      vertex 29.09243392944336 -42.891761779785156 -7.299999237060547
      vertex 29.556434631347656 -43.07386779785156 -2
      vertex 29.09243392944336 -42.891761779785156 -2
    endloop
  endfacet
  facet normal -0.36533956760961217 -0.9308743203777949 0
    outer loop
      vertex 29.556434631347656 -43.07386779785156 -2
      vertex 29.09243392944336 -42.891761779785156 -7.299999237060547
      vertex 29.556434631347656 -43.07386779785156 -7.299999237060547
    endloop
  endfacet
  facet normal -0.5425493394484558 0.8400239367208795 0
    outer loop
      vertex 30.418718338012695 -51.69108581542969 -7.299999237060547
      vertex 30 -51.961524963378906 -2
      vertex 30.418718338012695 -51.69108581542969 -2
    endloop
  endfacet
  facet normal -0.5425493394484558 0.8400239367208795 0
    outer loop
      vertex 30 -51.961524963378906 -2
      vertex 30.418718338012695 -51.69108581542969 -7.299999237060547
      vertex 30 -51.961524963378906 -7.299999237060547
    endloop
  endfacet
  facet normal -0.9555730961634106 -0.2947542330292701 0
    outer loop
      vertex 32.34538650512695 -46.39760971069336 -7.299999237060547
      vertex 32.198463439941406 -45.921295166015625 -2
      vertex 32.198463439941406 -45.921295166015625 -7.299999237060547
    endloop
  endfacet
  facet normal -0.9555730961634106 -0.2947542330292701 0
    outer loop
      vertex 32.198463439941406 -45.921295166015625 -2
      vertex 32.34538650512695 -46.39760971069336 -7.299999237060547
      vertex 32.34538650512695 -46.39760971069336 -2
    endloop
  endfacet
  facet normal -0.17365413997830434 0.9848067016772354 0
    outer loop
      vertex 28.61260414123535 -52.50603485107422 -7.299999237060547
      vertex 28.121719360351562 -52.592594146728516 -2
      vertex 28.61260414123535 -52.50603485107422 -2
    endloop
  endfacet
  facet normal -0.17365413997830434 0.9848067016772354 0
    outer loop
      vertex 28.121719360351562 -52.592594146728516 -2
      vertex 28.61260414123535 -52.50603485107422 -7.299999237060547
      vertex 28.121719360351562 -52.592594146728516 -7.299999237060547
    endloop
  endfacet
  facet normal -0.6982374899936905 -0.7158661938989095 0
    outer loop
      vertex 30.808429718017578 -43.88249206542969 -7.299999237060547
      vertex 31.165258407592773 -44.230533599853516 -2
      vertex 30.808429718017578 -43.88249206542969 -2
    endloop
  endfacet
  facet normal -0.6982374899936905 -0.7158661938989095 0
    outer loop
      vertex 31.165258407592773 -44.230533599853516 -2
      vertex 30.808429718017578 -43.88249206542969 -7.299999237060547
      vertex 31.165258407592773 -44.230533599853516 -7.299999237060547
    endloop
  endfacet
  facet normal 0.024933490989674702 0.9996891121879181 0
    outer loop
      vertex 27.624652862548828 -52.629844665527344 -7.299999237060547
      vertex 27.12635040283203 -52.61741638183594 -2
      vertex 27.624652862548828 -52.629844665527344 -2
    endloop
  endfacet
  facet normal 0.024933490989674702 0.9996891121879181 0
    outer loop
      vertex 27.12635040283203 -52.61741638183594 -2
      vertex 27.624652862548828 -52.629844665527344 -7.299999237060547
      vertex 27.12635040283203 -52.61741638183594 -7.299999237060547
    endloop
  endfacet
  facet normal 0.4112871222449548 0.9115058436869529 0
    outer loop
      vertex 25.673294067382812 -52.2857666015625 -7.299999237060547
      vertex 25.21894645690918 -52.08075714111328 -2
      vertex 25.673294067382812 -52.2857666015625 -2
    endloop
  endfacet
  facet normal 0.4112871222449548 0.9115058436869529 0
    outer loop
      vertex 25.21894645690918 -52.08075714111328 -2
      vertex 25.673294067382812 -52.2857666015625 -7.299999237060547
      vertex 25.21894645690918 -52.08075714111328 -7.299999237060547
    endloop
  endfacet
  facet normal 0.8532909139011633 0.5214351505736046 0
    outer loop
      vertex 23.368804931640625 -50.447998046875 -2
      vertex 23.108890533447266 -50.022666931152344 -7.299999237060547
      vertex 23.108890533447266 -50.022666931152344 -2
    endloop
  endfacet
  facet normal 0.8532909139011633 0.5214351505736046 0
    outer loop
      vertex 23.108890533447266 -50.022666931152344 -7.299999237060547
      vertex 23.368804931640625 -50.447998046875 -2
      vertex 23.368804931640625 -50.447998046875 -7.299999237060547
    endloop
  endfacet
  facet normal -0.8782208881569856 -0.47825523688168375 0
    outer loop
      vertex 32.004844665527344 -45.461978912353516 -7.299999237060547
      vertex 31.76645278930664 -45.02421951293945 -2
      vertex 31.76645278930664 -45.02421951293945 -7.299999237060547
    endloop
  endfacet
  facet normal -0.8782208881569856 -0.47825523688168375 0
    outer loop
      vertex 31.76645278930664 -45.02421951293945 -2
      vertex 32.004844665527344 -45.461978912353516 -7.299999237060547
      vertex 32.004844665527344 -45.461978912353516 -2
    endloop
  endfacet
  facet normal -0.6982374899936905 0.7158661938989095 0
    outer loop
      vertex 31.165258407592773 -51.03226089477539 -7.299999237060547
      vertex 30.808429718017578 -51.38030242919922 -2
      vertex 31.165258407592773 -51.03226089477539 -2
    endloop
  endfacet
  facet normal -0.6982374899936905 0.7158661938989095 0
    outer loop
      vertex 30.808429718017578 -51.38030242919922 -2
      vertex 31.165258407592773 -51.03226089477539 -7.299999237060547
      vertex 30.808429718017578 -51.38030242919922 -7.299999237060547
    endloop
  endfacet
  facet normal 0.31848602630504974 0.9479275558018234 0
    outer loop
      vertex 26.145797729492188 -52.44451904296875 -7.299999237060547
      vertex 25.673294067382812 -52.2857666015625 -2
      vertex 26.145797729492188 -52.44451904296875 -2
    endloop
  endfacet
  facet normal 0.31848602630504974 0.9479275558018234 0
    outer loop
      vertex 25.673294067382812 -52.2857666015625 -2
      vertex 26.145797729492188 -52.44451904296875 -7.299999237060547
      vertex 25.673294067382812 -52.2857666015625 -7.299999237060547
    endloop
  endfacet
  facet normal 0.7971330008480418 0.603803758649278 0
    outer loop
      vertex 23.669776916503906 -50.8453369140625 -2
      vertex 23.368804931640625 -50.447998046875 -7.299999237060547
      vertex 23.368804931640625 -50.447998046875 -2
    endloop
  endfacet
  facet normal 0.7971330008480418 0.603803758649278 0
    outer loop
      vertex 23.368804931640625 -50.447998046875 -7.299999237060547
      vertex 23.669776916503906 -50.8453369140625 -2
      vertex 23.669776916503906 -50.8453369140625 -7.299999237060547
    endloop
  endfacet
  facet normal -0.2708385471000089 0.9626247874456362 0
    outer loop
      vertex 29.09243392944336 -52.37103271484375 -7.299999237060547
      vertex 28.61260414123535 -52.50603485107422 -2
      vertex 29.09243392944336 -52.37103271484375 -2
    endloop
  endfacet
  facet normal -0.2708385471000089 0.9626247874456362 0
    outer loop
      vertex 28.61260414123535 -52.50603485107422 -2
      vertex 29.09243392944336 -52.37103271484375 -7.299999237060547
      vertex 28.61260414123535 -52.50603485107422 -7.299999237060547
    endloop
  endfacet
  facet normal -0.6234884913495241 0.7818325275624532 0
    outer loop
      vertex 30.808429718017578 -51.38030242919922 -7.299999237060547
      vertex 30.418718338012695 -51.69108581542969 -2
      vertex 30.808429718017578 -51.38030242919922 -2
    endloop
  endfacet
  facet normal -0.6234884913495241 0.7818325275624532 0
    outer loop
      vertex 30.418718338012695 -51.69108581542969 -2
      vertex 30.808429718017578 -51.38030242919922 -7.299999237060547
      vertex 30.418718338012695 -51.69108581542969 -7.299999237060547
    endloop
  endfacet
  facet normal -0.7660420154645999 -0.6427905028412707 0
    outer loop
      vertex 31.48566246032715 -44.61237335205078 -7.299999237060547
      vertex 31.165258407592773 -44.230533599853516 -2
      vertex 31.165258407592773 -44.230533599853516 -7.299999237060547
    endloop
  endfacet
  facet normal -0.7660420154645999 -0.6427905028412707 0
    outer loop
      vertex 31.165258407592773 -44.230533599853516 -2
      vertex 31.48566246032715 -44.61237335205078 -7.299999237060547
      vertex 31.48566246032715 -44.61237335205078 -2
    endloop
  endfacet
  facet normal -0.9214756824485849 0.38843605220926003 0
    outer loop
      vertex 32.004844665527344 -49.80081558227539 -7.299999237060547
      vertex 32.198463439941406 -49.34149932861328 -2
      vertex 32.198463439941406 -49.34149932861328 -7.299999237060547
    endloop
  endfacet
  facet normal -0.9214756824485849 0.38843605220926003 0
    outer loop
      vertex 32.198463439941406 -49.34149932861328 -2
      vertex 32.004844665527344 -49.80081558227539 -7.299999237060547
      vertex 32.004844665527344 -49.80081558227539 -2
    endloop
  endfacet
  facet normal -0.8782191376969197 0.4782584512404131 0
    outer loop
      vertex 31.76645278930664 -50.23857116699219 -7.299999237060547
      vertex 32.004844665527344 -49.80081558227539 -2
      vertex 32.004844665527344 -49.80081558227539 -7.299999237060547
    endloop
  endfacet
  facet normal -0.8782191376969197 0.4782584512404131 0
    outer loop
      vertex 32.004844665527344 -49.80081558227539 -2
      vertex 31.76645278930664 -50.23857116699219 -7.299999237060547
      vertex 31.76645278930664 -50.23857116699219 -2
    endloop
  endfacet
  facet normal 0.7971330008480418 -0.603803758649278 0
    outer loop
      vertex 23.368804931640625 -44.814796447753906 -2
      vertex 23.669776916503906 -44.417457580566406 -7.299999237060547
      vertex 23.669776916503906 -44.417457580566406 -2
    endloop
  endfacet
  facet normal 0.7971330008480418 -0.603803758649278 0
    outer loop
      vertex 23.669776916503906 -44.417457580566406 -7.299999237060547
      vertex 23.368804931640625 -44.814796447753906 -2
      vertex 23.368804931640625 -44.814796447753906 -7.299999237060547
    endloop
  endfacet
  facet normal 0.5837431152142402 0.8119384061860693 0
    outer loop
      vertex 24.787269592285156 -51.83152770996094 -7.299999237060547
      vertex 24.382549285888672 -51.54055404663086 -2
      vertex 24.787269592285156 -51.83152770996094 -2
    endloop
  endfacet
  facet normal 0.5837431152142402 0.8119384061860693 0
    outer loop
      vertex 24.382549285888672 -51.54055404663086 -2
      vertex 24.787269592285156 -51.83152770996094 -7.299999237060547
      vertex 24.382549285888672 -51.54055404663086 -7.299999237060547
    endloop
  endfacet
  facet normal -0.07473115967644123 0.9972037172882049 0
    outer loop
      vertex 28.121719360351562 -52.592594146728516 -7.299999237060547
      vertex 27.624652862548828 -52.629844665527344 -2
      vertex 28.121719360351562 -52.592594146728516 -2
    endloop
  endfacet
  facet normal -0.07473115967644123 0.9972037172882049 0
    outer loop
      vertex 27.624652862548828 -52.629844665527344 -2
      vertex 28.121719360351562 -52.592594146728516 -7.299999237060547
      vertex 27.624652862548828 -52.629844665527344 -7.299999237060547
    endloop
  endfacet
  facet normal -0.27084563867408074 -0.9626227921731487 0
    outer loop
      vertex 28.61260414123535 -42.75675582885742 -7.299999237060547
      vertex 29.09243392944336 -42.891761779785156 -2
      vertex 28.61260414123535 -42.75675582885742 -2
    endloop
  endfacet
  facet normal -0.27084563867408074 -0.9626227921731487 0
    outer loop
      vertex 29.09243392944336 -42.891761779785156 -2
      vertex 28.61260414123535 -42.75675582885742 -7.299999237060547
      vertex 29.09243392944336 -42.891761779785156 -7.299999237060547
    endloop
  endfacet
  facet normal -0.7660420154645999 0.6427905028412707 0
    outer loop
      vertex 31.165258407592773 -51.03226089477539 -7.299999237060547
      vertex 31.48566246032715 -50.650421142578125 -2
      vertex 31.48566246032715 -50.650421142578125 -7.299999237060547
    endloop
  endfacet
  facet normal -0.7660420154645999 0.6427905028412707 0
    outer loop
      vertex 31.48566246032715 -50.650421142578125 -2
      vertex 31.165258407592773 -51.03226089477539 -7.299999237060547
      vertex 31.165258407592773 -51.03226089477539 -2
    endloop
  endfacet
  facet normal -0.8262427239507182 0.5633142649698278 0
    outer loop
      vertex 31.48566246032715 -50.650421142578125 -7.299999237060547
      vertex 31.76645278930664 -50.23857116699219 -2
      vertex 31.76645278930664 -50.23857116699219 -7.299999237060547
    endloop
  endfacet
  facet normal -0.8262427239507182 0.5633142649698278 0
    outer loop
      vertex 31.76645278930664 -50.23857116699219 -2
      vertex 31.48566246032715 -50.650421142578125 -7.299999237060547
      vertex 31.48566246032715 -50.650421142578125 -2
    endloop
  endfacet
  facet normal 0.12434555707507525 0.9922389744591216 0
    outer loop
      vertex 27.12635040283203 -52.61741638183594 -7.299999237060547
      vertex 26.631759643554688 -52.55543518066406 -2
      vertex 27.12635040283203 -52.61741638183594 -2
    endloop
  endfacet
  facet normal 0.12434555707507525 0.9922389744591216 0
    outer loop
      vertex 26.631759643554688 -52.55543518066406 -2
      vertex 27.12635040283203 -52.61741638183594 -7.299999237060547
      vertex 26.631759643554688 -52.55543518066406 -7.299999237060547
    endloop
  endfacet
  facet normal 0.66168668516126 0.7497804549868606 0
    outer loop
      vertex 24.382549285888672 -51.54055404663086 -7.299999237060547
      vertex 24.00881576538086 -51.210731506347656 -2
      vertex 24.382549285888672 -51.54055404663086 -2
    endloop
  endfacet
  facet normal 0.66168668516126 0.7497804549868606 0
    outer loop
      vertex 24.00881576538086 -51.210731506347656 -2
      vertex 24.382549285888672 -51.54055404663086 -7.299999237060547
      vertex 24.00881576538086 -51.210731506347656 -7.299999237060547
    endloop
  endfacet
  facet normal 0.7330496577140617 0.6801751240124095 0
    outer loop
      vertex 24.00881576538086 -51.210731506347656 -2
      vertex 23.669776916503906 -50.8453369140625 -7.299999237060547
      vertex 23.669776916503906 -50.8453369140625 -2
    endloop
  endfacet
  facet normal 0.7330496577140617 0.6801751240124095 0
    outer loop
      vertex 23.669776916503906 -50.8453369140625 -7.299999237060547
      vertex 24.00881576538086 -51.210731506347656 -2
      vertex 24.00881576538086 -51.210731506347656 -7.299999237060547
    endloop
  endfacet
  facet normal 0.9690771961063885 -0.24675775162409844 0
    outer loop
      vertex 22.599136352539062 -46.64066696166992 -2
      vertex 22.722135543823242 -46.15761947631836 -7.299999237060547
      vertex 22.722135543823242 -46.15761947631836 -2
    endloop
  endfacet
  facet normal 0.9690771961063885 -0.24675775162409844 0
    outer loop
      vertex 22.722135543823242 -46.15761947631836 -7.299999237060547
      vertex 22.599136352539062 -46.64066696166992 -2
      vertex 22.599136352539062 -46.64066696166992 -7.299999237060547
    endloop
  endfacet
  facet normal 0.5000010188802897 0.8660248155328298 0
    outer loop
      vertex 25.21894645690918 -52.08075714111328 -7.299999237060547
      vertex 24.787269592285156 -51.83152770996094 -2
      vertex 25.21894645690918 -52.08075714111328 -2
    endloop
  endfacet
  facet normal 0.5000010188802897 0.8660248155328298 0
    outer loop
      vertex 24.787269592285156 -51.83152770996094 -2
      vertex 25.21894645690918 -52.08075714111328 -7.299999237060547
      vertex 24.787269592285156 -51.83152770996094 -7.299999237060547
    endloop
  endfacet
  facet normal 0.9396930564451077 0.34201894635948393 0
    outer loop
      vertex 22.89261817932129 -49.573570251464844 -2
      vertex 22.722135543823242 -49.10517120361328 -7.299999237060547
      vertex 22.722135543823242 -49.10517120361328 -2
    endloop
  endfacet
  facet normal 0.9396930564451077 0.34201894635948393 0
    outer loop
      vertex 22.722135543823242 -49.10517120361328 -7.299999237060547
      vertex 22.89261817932129 -49.573570251464844 -2
      vertex 22.89261817932129 -49.573570251464844 -7.299999237060547
    endloop
  endfacet
  facet normal -0.9555730961634106 0.2947542330292701 0
    outer loop
      vertex 32.198463439941406 -49.34149932861328 -7.299999237060547
      vertex 32.34538650512695 -48.86518478393555 -2
      vertex 32.34538650512695 -48.86518478393555 -7.299999237060547
    endloop
  endfacet
  facet normal -0.9555730961634106 0.2947542330292701 0
    outer loop
      vertex 32.34538650512695 -48.86518478393555 -2
      vertex 32.198463439941406 -49.34149932861328 -7.299999237060547
      vertex 32.198463439941406 -49.34149932861328 -2
    endloop
  endfacet
  facet normal 0.9888307951857476 -0.1490424721088666 0
    outer loop
      vertex 22.524845123291016 -47.1335563659668 -2
      vertex 22.599136352539062 -46.64066696166992 -7.299999237060547
      vertex 22.599136352539062 -46.64066696166992 -2
    endloop
  endfacet
  facet normal 0.9888307951857476 -0.1490424721088666 0
    outer loop
      vertex 22.599136352539062 -46.64066696166992 -7.299999237060547
      vertex 22.524845123291016 -47.1335563659668 -2
      vertex 22.524845123291016 -47.1335563659668 -7.299999237060547
    endloop
  endfacet
  facet normal 0.9987570102833708 0.04984410105341247 0
    outer loop
      vertex 22.524845123291016 -48.129234313964844 -2
      vertex 22.5 -47.63139724731445 -7.299999237060547
      vertex 22.5 -47.63139724731445 -2
    endloop
  endfacet
  facet normal 0.9987570102833708 0.04984410105341247 0
    outer loop
      vertex 22.5 -47.63139724731445 -7.299999237060547
      vertex 22.524845123291016 -48.129234313964844 -2
      vertex 22.524845123291016 -48.129234313964844 -7.299999237060547
    endloop
  endfacet
  facet normal 0.9009698154307721 -0.4338817715491634 0
    outer loop
      vertex 22.89261817932129 -45.68922424316406 -2
      vertex 23.108890533447266 -45.24012756347656 -7.299999237060547
      vertex 23.108890533447266 -45.24012756347656 -2
    endloop
  endfacet
  facet normal 0.9009698154307721 -0.4338817715491634 0
    outer loop
      vertex 23.108890533447266 -45.24012756347656 -7.299999237060547
      vertex 22.89261817932129 -45.68922424316406 -2
      vertex 22.89261817932129 -45.68922424316406 -7.299999237060547
    endloop
  endfacet
  facet normal 0.9009698154307721 0.4338817715491634 0
    outer loop
      vertex 23.108890533447266 -50.022666931152344 -2
      vertex 22.89261817932129 -49.573570251464844 -7.299999237060547
      vertex 22.89261817932129 -49.573570251464844 -2
    endloop
  endfacet
  facet normal 0.9009698154307721 0.4338817715491634 0
    outer loop
      vertex 22.89261817932129 -49.573570251464844 -7.299999237060547
      vertex 23.108890533447266 -50.022666931152344 -2
      vertex 23.108890533447266 -50.022666931152344 -7.299999237060547
    endloop
  endfacet
  facet normal 0.9987570292965721 -0.04984372007270604 0
    outer loop
      vertex 22.5 -47.63139724731445 -2
      vertex 22.524845123291016 -47.1335563659668 -7.299999237060547
      vertex 22.524845123291016 -47.1335563659668 -2
    endloop
  endfacet
  facet normal 0.9987570292965721 -0.04984372007270604 0
    outer loop
      vertex 22.524845123291016 -47.1335563659668 -7.299999237060547
      vertex 22.5 -47.63139724731445 -2
      vertex 22.5 -47.63139724731445 -7.299999237060547
    endloop
  endfacet
  facet normal -0.9950310507895475 -0.09956509410756899 0
    outer loop
      vertex 32.49378204345703 -47.38216781616211 -7.299999237060547
      vertex 32.44415283203125 -46.88618469238281 -2
      vertex 32.44415283203125 -46.88618469238281 -7.299999237060547
    endloop
  endfacet
  facet normal -0.9950310507895475 -0.09956509410756899 0
    outer loop
      vertex 32.44415283203125 -46.88618469238281 -2
      vertex 32.49378204345703 -47.38216781616211 -7.299999237060547
      vertex 32.49378204345703 -47.38216781616211 -2
    endloop
  endfacet
  facet normal 0.8532909139011633 -0.5214351505736046 0
    outer loop
      vertex 23.108890533447266 -45.24012756347656 -2
      vertex 23.368804931640625 -44.814796447753906 -7.299999237060547
      vertex 23.368804931640625 -44.814796447753906 -2
    endloop
  endfacet
  facet normal 0.8532909139011633 -0.5214351505736046 0
    outer loop
      vertex 23.368804931640625 -44.814796447753906 -7.299999237060547
      vertex 23.108890533447266 -45.24012756347656 -2
      vertex 23.108890533447266 -45.24012756347656 -7.299999237060547
    endloop
  endfacet
  facet normal 0.93969216121412 -0.3420214059861405 0
    outer loop
      vertex 22.722135543823242 -46.15761947631836 -2
      vertex 22.89261817932129 -45.68922424316406 -7.299999237060547
      vertex 22.89261817932129 -45.68922424316406 -2
    endloop
  endfacet
  facet normal 0.93969216121412 -0.3420214059861405 0
    outer loop
      vertex 22.89261817932129 -45.68922424316406 -7.299999237060547
      vertex 22.722135543823242 -46.15761947631836 -2
      vertex 22.722135543823242 -46.15761947631836 -7.299999237060547
    endloop
  endfacet
  facet normal 0.9888309651852852 0.1490413442328586 0
    outer loop
      vertex 22.599136352539062 -48.622127532958984 -2
      vertex 22.524845123291016 -48.129234313964844 -7.299999237060547
      vertex 22.524845123291016 -48.129234313964844 -2
    endloop
  endfacet
  facet normal 0.9888309651852852 0.1490413442328586 0
    outer loop
      vertex 22.524845123291016 -48.129234313964844 -7.299999237060547
      vertex 22.599136352539062 -48.622127532958984 -2
      vertex 22.599136352539062 -48.622127532958984 -7.299999237060547
    endloop
  endfacet
  facet normal 0.12434555707507525 -0.9922389744591216 0
    outer loop
      vertex 26.631759643554688 -42.707359313964844 -7.299999237060547
      vertex 27.12635040283203 -42.64537811279297 -2
      vertex 26.631759643554688 -42.707359313964844 -2
    endloop
  endfacet
  facet normal 0.12434555707507525 -0.9922389744591216 0
    outer loop
      vertex 27.12635040283203 -42.64537811279297 -2
      vertex 26.631759643554688 -42.707359313964844 -7.299999237060547
      vertex 27.12635040283203 -42.64537811279297 -7.299999237060547
    endloop
  endfacet
  facet normal -0.6234884913495241 -0.7818325275624532 0
    outer loop
      vertex 30.418718338012695 -43.57170867919922 -7.299999237060547
      vertex 30.808429718017578 -43.88249206542969 -2
      vertex 30.418718338012695 -43.57170867919922 -2
    endloop
  endfacet
  facet normal -0.6234884913495241 -0.7818325275624532 0
    outer loop
      vertex 30.808429718017578 -43.88249206542969 -2
      vertex 30.418718338012695 -43.57170867919922 -7.299999237060547
      vertex 30.808429718017578 -43.88249206542969 -7.299999237060547
    endloop
  endfacet
  facet normal 0.4112871222449548 -0.9115058436869529 0
    outer loop
      vertex 25.21894645690918 -43.182037353515625 -7.299999237060547
      vertex 25.673294067382812 -42.977027893066406 -2
      vertex 25.21894645690918 -43.182037353515625 -2
    endloop
  endfacet
  facet normal 0.4112871222449548 -0.9115058436869529 0
    outer loop
      vertex 25.673294067382812 -42.977027893066406 -2
      vertex 25.21894645690918 -43.182037353515625 -7.299999237060547
      vertex 25.673294067382812 -42.977027893066406 -7.299999237060547
    endloop
  endfacet
  facet normal 0.5837431152142402 -0.8119384061860693 0
    outer loop
      vertex 24.382549285888672 -43.72224044799805 -7.299999237060547
      vertex 24.787269592285156 -43.43126678466797 -2
      vertex 24.382549285888672 -43.72224044799805 -2
    endloop
  endfacet
  facet normal 0.5837431152142402 -0.8119384061860693 0
    outer loop
      vertex 24.787269592285156 -43.43126678466797 -2
      vertex 24.382549285888672 -43.72224044799805 -7.299999237060547
      vertex 24.787269592285156 -43.43126678466797 -7.299999237060547
    endloop
  endfacet
  facet normal 0.9690767301180304 0.2467595816655272 0
    outer loop
      vertex 22.722135543823242 -49.10517120361328 -2
      vertex 22.599136352539062 -48.622127532958984 -7.299999237060547
      vertex 22.599136352539062 -48.622127532958984 -2
    endloop
  endfacet
  facet normal 0.9690767301180304 0.2467595816655272 0
    outer loop
      vertex 22.599136352539062 -48.622127532958984 -7.299999237060547
      vertex 22.722135543823242 -49.10517120361328 -2
      vertex 22.722135543823242 -49.10517120361328 -7.299999237060547
    endloop
  endfacet
  facet normal -0.9950310507895475 0.09956509410756899 0
    outer loop
      vertex 32.44415283203125 -48.376609802246094 -7.299999237060547
      vertex 32.49378204345703 -47.8806266784668 -2
      vertex 32.49378204345703 -47.8806266784668 -7.299999237060547
    endloop
  endfacet
  facet normal -0.9950310507895475 0.09956509410756899 0
    outer loop
      vertex 32.49378204345703 -47.8806266784668 -2
      vertex 32.44415283203125 -48.376609802246094 -7.299999237060547
      vertex 32.44415283203125 -48.376609802246094 -2
    endloop
  endfacet
  facet normal -0.9801729696092123 0.19814376005178225 0
    outer loop
      vertex 32.34538650512695 -48.86518478393555 -7.299999237060547
      vertex 32.44415283203125 -48.376609802246094 -2
      vertex 32.44415283203125 -48.376609802246094 -7.299999237060547
    endloop
  endfacet
  facet normal -0.9801729696092123 0.19814376005178225 0
    outer loop
      vertex 32.44415283203125 -48.376609802246094 -2
      vertex 32.34538650512695 -48.86518478393555 -7.299999237060547
      vertex 32.34538650512695 -48.86518478393555 -2
    endloop
  endfacet
  facet normal 0.5000010188802897 -0.8660248155328298 0
    outer loop
      vertex 24.787269592285156 -43.43126678466797 -7.299999237060547
      vertex 25.21894645690918 -43.182037353515625 -2
      vertex 24.787269592285156 -43.43126678466797 -2
    endloop
  endfacet
  facet normal 0.5000010188802897 -0.8660248155328298 0
    outer loop
      vertex 25.21894645690918 -43.182037353515625 -2
      vertex 24.787269592285156 -43.43126678466797 -7.299999237060547
      vertex 25.21894645690918 -43.182037353515625 -7.299999237060547
    endloop
  endfacet
  facet normal 0 0 1
    outer loop
      vertex 32.44415283203125 -46.88618469238281 -7.299999237060547
      vertex 32.49378204345703 -47.8806266784668 -7.299999237060547
      vertex 32.49378204345703 -47.38216781616211 -7.299999237060547
    endloop
  endfacet
  facet normal 0 0 1
    outer loop
      vertex 32.44415283203125 -46.88618469238281 -7.299999237060547
      vertex 32.44415283203125 -48.376609802246094 -7.299999237060547
      vertex 32.49378204345703 -47.8806266784668 -7.299999237060547
    endloop
  endfacet
  facet normal 0 0 1
    outer loop
      vertex 32.34538650512695 -46.39760971069336 -7.299999237060547
      vertex 32.44415283203125 -48.376609802246094 -7.299999237060547
      vertex 32.44415283203125 -46.88618469238281 -7.299999237060547
    endloop
  endfacet
  facet normal 0 0 1
    outer loop
      vertex 32.34538650512695 -46.39760971069336 -7.299999237060547
      vertex 32.34538650512695 -48.86518478393555 -7.299999237060547
      vertex 32.44415283203125 -48.376609802246094 -7.299999237060547
    endloop
  endfacet
  facet normal 0 0 1
    outer loop
      vertex 32.198463439941406 -45.921295166015625 -7.299999237060547
      vertex 32.34538650512695 -48.86518478393555 -7.299999237060547
      vertex 32.34538650512695 -46.39760971069336 -7.299999237060547
    endloop
  endfacet
  facet normal 0 0 1
    outer loop
      vertex 32.198463439941406 -45.921295166015625 -7.299999237060547
      vertex 32.198463439941406 -49.34149932861328 -7.299999237060547
      vertex 32.34538650512695 -48.86518478393555 -7.299999237060547
    endloop
  endfacet
  facet normal 0 0 1
    outer loop
      vertex 32.004844665527344 -45.461978912353516 -7.299999237060547
      vertex 32.198463439941406 -49.34149932861328 -7.299999237060547
      vertex 32.198463439941406 -45.921295166015625 -7.299999237060547
    endloop
  endfacet
  facet normal 0 0 1
    outer loop
      vertex 32.004844665527344 -45.461978912353516 -7.299999237060547
      vertex 32.004844665527344 -49.80081558227539 -7.299999237060547
      vertex 32.198463439941406 -49.34149932861328 -7.299999237060547
    endloop
  endfacet
  facet normal 0 0 1
    outer loop
      vertex 31.76645278930664 -45.02421951293945 -7.299999237060547
      vertex 32.004844665527344 -49.80081558227539 -7.299999237060547
      vertex 32.004844665527344 -45.461978912353516 -7.299999237060547
    endloop
  endfacet
  facet normal 0 0 1
    outer loop
      vertex 31.76645278930664 -45.02421951293945 -7.299999237060547
      vertex 31.76645278930664 -50.23857116699219 -7.299999237060547
      vertex 32.004844665527344 -49.80081558227539 -7.299999237060547
    endloop
  endfacet
  facet normal 0 0 1
    outer loop
      vertex 31.48566246032715 -44.61237335205078 -7.299999237060547
      vertex 31.76645278930664 -50.23857116699219 -7.299999237060547
      vertex 31.76645278930664 -45.02421951293945 -7.299999237060547
    endloop
  endfacet
  facet normal 0 0 1
    outer loop
      vertex 31.48566246032715 -44.61237335205078 -7.299999237060547
      vertex 31.48566246032715 -50.650421142578125 -7.299999237060547
      vertex 31.76645278930664 -50.23857116699219 -7.299999237060547
    endloop
  endfacet
  facet normal 0 0 1
    outer loop
      vertex 31.165258407592773 -44.230533599853516 -7.299999237060547
      vertex 31.48566246032715 -50.650421142578125 -7.299999237060547
      vertex 31.48566246032715 -44.61237335205078 -7.299999237060547
    endloop
  endfacet
  facet normal 0 0 1
    outer loop
      vertex 31.165258407592773 -44.230533599853516 -7.299999237060547
      vertex 31.165258407592773 -51.03226089477539 -7.299999237060547
      vertex 31.48566246032715 -50.650421142578125 -7.299999237060547
    endloop
  endfacet
  facet normal 0 0 1
    outer loop
      vertex 30.808429718017578 -43.88249206542969 -7.299999237060547
      vertex 31.165258407592773 -51.03226089477539 -7.299999237060547
      vertex 31.165258407592773 -44.230533599853516 -7.299999237060547
    endloop
  endfacet
  facet normal 0 0 1
    outer loop
      vertex 30.808429718017578 -43.88249206542969 -7.299999237060547
      vertex 30.808429718017578 -51.38030242919922 -7.299999237060547
      vertex 31.165258407592773 -51.03226089477539 -7.299999237060547
    endloop
  endfacet
  facet normal 0 0 1
    outer loop
      vertex 30.418718338012695 -43.57170867919922 -7.299999237060547
      vertex 30.808429718017578 -51.38030242919922 -7.299999237060547
      vertex 30.808429718017578 -43.88249206542969 -7.299999237060547
    endloop
  endfacet
  facet normal 0 0 1
    outer loop
      vertex 30.418718338012695 -43.57170867919922 -7.299999237060547
      vertex 30.418718338012695 -51.69108581542969 -7.299999237060547
      vertex 30.808429718017578 -51.38030242919922 -7.299999237060547
    endloop
  endfacet
  facet normal 0 0 1
    outer loop
      vertex 30 -43.30126953125 -7.299999237060547
      vertex 30.418718338012695 -51.69108581542969 -7.299999237060547
      vertex 30.418718338012695 -43.57170867919922 -7.299999237060547
    endloop
  endfacet
  facet normal 0 0 1
    outer loop
      vertex 30 -43.30126953125 -7.299999237060547
      vertex 30 -51.961524963378906 -7.299999237060547
      vertex 30.418718338012695 -51.69108581542969 -7.299999237060547
    endloop
  endfacet
  facet normal 0 0 1
    outer loop
      vertex 29.556434631347656 -43.07386779785156 -7.299999237060547
      vertex 30 -51.961524963378906 -7.299999237060547
      vertex 30 -43.30126953125 -7.299999237060547
    endloop
  endfacet
  facet normal 0 0 1
    outer loop
      vertex 29.556434631347656 -43.07386779785156 -7.299999237060547
      vertex 29.556434631347656 -52.188926696777344 -7.299999237060547
      vertex 30 -51.961524963378906 -7.299999237060547
    endloop
  endfacet
  facet normal 0 0 1
    outer loop
      vertex 29.09243392944336 -42.891761779785156 -7.299999237060547
      vertex 29.556434631347656 -52.188926696777344 -7.299999237060547
      vertex 29.556434631347656 -43.07386779785156 -7.299999237060547
    endloop
  endfacet
  facet normal 0 0 1
    outer loop
      vertex 29.09243392944336 -42.891761779785156 -7.299999237060547
      vertex 29.09243392944336 -52.37103271484375 -7.299999237060547
      vertex 29.556434631347656 -52.188926696777344 -7.299999237060547
    endloop
  endfacet
  facet normal 0 0 1
    outer loop
      vertex 28.61260414123535 -42.75675582885742 -7.299999237060547
      vertex 29.09243392944336 -52.37103271484375 -7.299999237060547
      vertex 29.09243392944336 -42.891761779785156 -7.299999237060547
    endloop
  endfacet
  facet normal 0 0 1
    outer loop
      vertex 28.61260414123535 -42.75675582885742 -7.299999237060547
      vertex 28.61260414123535 -52.50603485107422 -7.299999237060547
      vertex 29.09243392944336 -52.37103271484375 -7.299999237060547
    endloop
  endfacet
  facet normal 0 0 1
    outer loop
      vertex 28.121719360351562 -42.67020034790039 -7.299999237060547
      vertex 28.61260414123535 -52.50603485107422 -7.299999237060547
      vertex 28.61260414123535 -42.75675582885742 -7.299999237060547
    endloop
  endfacet
  facet normal 0 0 1
    outer loop
      vertex 28.121719360351562 -42.67020034790039 -7.299999237060547
      vertex 28.121719360351562 -52.592594146728516 -7.299999237060547
      vertex 28.61260414123535 -52.50603485107422 -7.299999237060547
    endloop
  endfacet
  facet normal 0 0 1
    outer loop
      vertex 27.624652862548828 -42.63294982910156 -7.299999237060547
      vertex 28.121719360351562 -52.592594146728516 -7.299999237060547
      vertex 28.121719360351562 -42.67020034790039 -7.299999237060547
    endloop
  endfacet
  facet normal 0 0 1
    outer loop
      vertex 27.624652862548828 -42.63294982910156 -7.299999237060547
      vertex 27.624652862548828 -52.629844665527344 -7.299999237060547
      vertex 28.121719360351562 -52.592594146728516 -7.299999237060547
    endloop
  endfacet
  facet normal 0 0 1
    outer loop
      vertex 27.12635040283203 -42.64537811279297 -7.299999237060547
      vertex 27.624652862548828 -52.629844665527344 -7.299999237060547
      vertex 27.624652862548828 -42.63294982910156 -7.299999237060547
    endloop
  endfacet
  facet normal 0 0 1
    outer loop
      vertex 27.12635040283203 -42.64537811279297 -7.299999237060547
      vertex 27.12635040283203 -52.61741638183594 -7.299999237060547
      vertex 27.624652862548828 -52.629844665527344 -7.299999237060547
    endloop
  endfacet
  facet normal 0 0 1
    outer loop
      vertex 26.631759643554688 -42.707359313964844 -7.299999237060547
      vertex 27.12635040283203 -52.61741638183594 -7.299999237060547
      vertex 27.12635040283203 -42.64537811279297 -7.299999237060547
    endloop
  endfacet
  facet normal 0 0 1
    outer loop
      vertex 26.631759643554688 -42.707359313964844 -7.299999237060547
      vertex 26.631759643554688 -52.55543518066406 -7.299999237060547
      vertex 27.12635040283203 -52.61741638183594 -7.299999237060547
    endloop
  endfacet
  facet normal 0 0 1
    outer loop
      vertex 26.145797729492188 -42.818275451660156 -7.299999237060547
      vertex 26.631759643554688 -52.55543518066406 -7.299999237060547
      vertex 26.631759643554688 -42.707359313964844 -7.299999237060547
    endloop
  endfacet
  facet normal 0 0 1
    outer loop
      vertex 26.145797729492188 -42.818275451660156 -7.299999237060547
      vertex 26.145797729492188 -52.44451904296875 -7.299999237060547
      vertex 26.631759643554688 -52.55543518066406 -7.299999237060547
    endloop
  endfacet
  facet normal 0 0 1
    outer loop
      vertex 25.673294067382812 -42.977027893066406 -7.299999237060547
      vertex 26.145797729492188 -52.44451904296875 -7.299999237060547
      vertex 26.145797729492188 -42.818275451660156 -7.299999237060547
    endloop
  endfacet
  facet normal 0 0 1
    outer loop
      vertex 25.673294067382812 -42.977027893066406 -7.299999237060547
      vertex 25.673294067382812 -52.2857666015625 -7.299999237060547
      vertex 26.145797729492188 -52.44451904296875 -7.299999237060547
    endloop
  endfacet
  facet normal 0 0 1
    outer loop
      vertex 25.21894645690918 -43.182037353515625 -7.299999237060547
      vertex 25.673294067382812 -52.2857666015625 -7.299999237060547
      vertex 25.673294067382812 -42.977027893066406 -7.299999237060547
    endloop
  endfacet
  facet normal 0 0 1
    outer loop
      vertex 25.21894645690918 -43.182037353515625 -7.299999237060547
      vertex 25.21894645690918 -52.08075714111328 -7.299999237060547
      vertex 25.673294067382812 -52.2857666015625 -7.299999237060547
    endloop
  endfacet
  facet normal 0 0 1
    outer loop
      vertex 24.787269592285156 -43.43126678466797 -7.299999237060547
      vertex 25.21894645690918 -52.08075714111328 -7.299999237060547
      vertex 25.21894645690918 -43.182037353515625 -7.299999237060547
    endloop
  endfacet
  facet normal 0 0 1
    outer loop
      vertex 24.787269592285156 -43.43126678466797 -7.299999237060547
      vertex 24.787269592285156 -51.83152770996094 -7.299999237060547
      vertex 25.21894645690918 -52.08075714111328 -7.299999237060547
    endloop
  endfacet
  facet normal 0 0 1
    outer loop
      vertex 24.382549285888672 -43.72224044799805 -7.299999237060547
      vertex 24.787269592285156 -51.83152770996094 -7.299999237060547
      vertex 24.787269592285156 -43.43126678466797 -7.299999237060547
    endloop
  endfacet
  facet normal 0 0 1
    outer loop
      vertex 24.382549285888672 -43.72224044799805 -7.299999237060547
      vertex 24.382549285888672 -51.54055404663086 -7.299999237060547
      vertex 24.787269592285156 -51.83152770996094 -7.299999237060547
    endloop
  endfacet
  facet normal 0 0 1
    outer loop
      vertex 24.00881576538086 -44.05206298828125 -7.299999237060547
      vertex 24.382549285888672 -51.54055404663086 -7.299999237060547
      vertex 24.382549285888672 -43.72224044799805 -7.299999237060547
    endloop
  endfacet
  facet normal 0 0 1
    outer loop
      vertex 24.00881576538086 -44.05206298828125 -7.299999237060547
      vertex 24.00881576538086 -51.210731506347656 -7.299999237060547
      vertex 24.382549285888672 -51.54055404663086 -7.299999237060547
    endloop
  endfacet
  facet normal 0 0 1
    outer loop
      vertex 23.669776916503906 -44.417457580566406 -7.299999237060547
      vertex 24.00881576538086 -51.210731506347656 -7.299999237060547
      vertex 24.00881576538086 -44.05206298828125 -7.299999237060547
    endloop
  endfacet
  facet normal 0 0 1
    outer loop
      vertex 23.669776916503906 -44.417457580566406 -7.299999237060547
      vertex 23.669776916503906 -50.8453369140625 -7.299999237060547
      vertex 24.00881576538086 -51.210731506347656 -7.299999237060547
    endloop
  endfacet
  facet normal 0 0 1
    outer loop
      vertex 23.368804931640625 -44.814796447753906 -7.299999237060547
      vertex 23.669776916503906 -50.8453369140625 -7.299999237060547
      vertex 23.669776916503906 -44.417457580566406 -7.299999237060547
    endloop
  endfacet
  facet normal 0 0 1
    outer loop
      vertex 23.368804931640625 -44.814796447753906 -7.299999237060547
      vertex 23.368804931640625 -50.447998046875 -7.299999237060547
      vertex 23.669776916503906 -50.8453369140625 -7.299999237060547
    endloop
  endfacet
  facet normal 0 0 1
    outer loop
      vertex 23.108890533447266 -45.24012756347656 -7.299999237060547
      vertex 23.368804931640625 -50.447998046875 -7.299999237060547
      vertex 23.368804931640625 -44.814796447753906 -7.299999237060547
    endloop
  endfacet
  facet normal 0 0 1
    outer loop
      vertex 23.108890533447266 -45.24012756347656 -7.299999237060547
      vertex 23.108890533447266 -50.022666931152344 -7.299999237060547
      vertex 23.368804931640625 -50.447998046875 -7.299999237060547
    endloop
  endfacet
  facet normal 0 0 1
    outer loop
      vertex 22.89261817932129 -45.68922424316406 -7.299999237060547
      vertex 23.108890533447266 -50.022666931152344 -7.299999237060547
      vertex 23.108890533447266 -45.24012756347656 -7.299999237060547
    endloop
  endfacet
  facet normal 0 0 1
    outer loop
      vertex 22.89261817932129 -45.68922424316406 -7.299999237060547
      vertex 22.89261817932129 -49.573570251464844 -7.299999237060547
      vertex 23.108890533447266 -50.022666931152344 -7.299999237060547
    endloop
  endfacet
  facet normal 0 0 1
    outer loop
      vertex 22.722135543823242 -46.15761947631836 -7.299999237060547
      vertex 22.89261817932129 -49.573570251464844 -7.299999237060547
      vertex 22.89261817932129 -45.68922424316406 -7.299999237060547
    endloop
  endfacet
  facet normal 0 0 1
    outer loop
      vertex 22.722135543823242 -46.15761947631836 -7.299999237060547
      vertex 22.722135543823242 -49.10517120361328 -7.299999237060547
      vertex 22.89261817932129 -49.573570251464844 -7.299999237060547
    endloop
  endfacet
  facet normal 0 0 1
    outer loop
      vertex 22.599136352539062 -46.64066696166992 -7.299999237060547
      vertex 22.722135543823242 -49.10517120361328 -7.299999237060547
      vertex 22.722135543823242 -46.15761947631836 -7.299999237060547
    endloop
  endfacet
  facet normal 0 0 1
    outer loop
      vertex 22.599136352539062 -46.64066696166992 -7.299999237060547
      vertex 22.599136352539062 -48.622127532958984 -7.299999237060547
      vertex 22.722135543823242 -49.10517120361328 -7.299999237060547
    endloop
  endfacet
  facet normal 0 0 1
    outer loop
      vertex 22.524845123291016 -47.1335563659668 -7.299999237060547
      vertex 22.599136352539062 -48.622127532958984 -7.299999237060547
      vertex 22.599136352539062 -46.64066696166992 -7.299999237060547
    endloop
  endfacet
  facet normal 0 0 1
    outer loop
      vertex 22.524845123291016 -47.1335563659668 -7.299999237060547
      vertex 22.524845123291016 -48.129234313964844 -7.299999237060547
      vertex 22.599136352539062 -48.622127532958984 -7.299999237060547
    endloop
  endfacet
  facet normal 0 0 1
    outer loop
      vertex 22.524845123291016 -48.129234313964844 -7.299999237060547
      vertex 22.524845123291016 -47.1335563659668 -7.299999237060547
      vertex 22.5 -47.63139724731445 -7.299999237060547
    endloop
  endfacet
  facet normal -1 0 0
    outer loop
      vertex 32.49378204345703 -47.8806266784668 -7.299999237060547
      vertex 32.49378204345703 -47.38216781616211 -2
      vertex 32.49378204345703 -47.38216781616211 -7.299999237060547
    endloop
  endfacet
  facet normal -1 0 0
    outer loop
      vertex 32.49378204345703 -47.38216781616211 -2
      vertex 32.49378204345703 -47.8806266784668 -7.299999237060547
      vertex 32.49378204345703 -47.8806266784668 -2
    endloop
  endfacet
  facet normal 0.31848602630504974 -0.9479275558018234 0
    outer loop
      vertex 25.673294067382812 -42.977027893066406 -7.299999237060547
      vertex 26.145797729492188 -42.818275451660156 -2
      vertex 25.673294067382812 -42.977027893066406 -2
    endloop
  endfacet
  facet normal 0.31848602630504974 -0.9479275558018234 0
    outer loop
      vertex 26.145797729492188 -42.818275451660156 -2
      vertex 25.673294067382812 -42.977027893066406 -7.299999237060547
      vertex 26.145797729492188 -42.818275451660156 -7.299999237060547
    endloop
  endfacet
  facet normal -0.9214756824485849 -0.38843605220926003 0
    outer loop
      vertex 32.198463439941406 -45.921295166015625 -7.299999237060547
      vertex 32.004844665527344 -45.461978912353516 -2
      vertex 32.004844665527344 -45.461978912353516 -7.299999237060547
    endloop
  endfacet
  facet normal -0.9214756824485849 -0.38843605220926003 0
    outer loop
      vertex 32.004844665527344 -45.461978912353516 -2
      vertex 32.198463439941406 -45.921295166015625 -7.299999237060547
      vertex 32.198463439941406 -45.921295166015625 -2
    endloop
  endfacet
  facet normal 0.66168668516126 -0.7497804549868606 0
    outer loop
      vertex 24.00881576538086 -44.05206298828125 -7.299999237060547
      vertex 24.382549285888672 -43.72224044799805 -2
      vertex 24.00881576538086 -44.05206298828125 -2
    endloop
  endfacet
  facet normal 0.66168668516126 -0.7497804549868606 0
    outer loop
      vertex 24.382549285888672 -43.72224044799805 -2
      vertex 24.00881576538086 -44.05206298828125 -7.299999237060547
      vertex 24.382549285888672 -43.72224044799805 -7.299999237060547
    endloop
  endfacet
  facet normal -0.1736467177490909 -0.9848080104339969 0
    outer loop
      vertex 28.121719360351562 -42.67020034790039 -7.299999237060547
      vertex 28.61260414123535 -42.75675582885742 -2
      vertex 28.121719360351562 -42.67020034790039 -2
    endloop
  endfacet
  facet normal -0.1736467177490909 -0.9848080104339969 0
    outer loop
      vertex 28.61260414123535 -42.75675582885742 -2
      vertex 28.121719360351562 -42.67020034790039 -7.299999237060547
      vertex 28.61260414123535 -42.75675582885742 -7.299999237060547
    endloop
  endfacet
  facet normal 0.22251807751640043 -0.9749285641411914 0
    outer loop
      vertex 26.145797729492188 -42.818275451660156 -7.299999237060547
      vertex 26.631759643554688 -42.707359313964844 -2
      vertex 26.145797729492188 -42.818275451660156 -2
    endloop
  endfacet
  facet normal 0.22251807751640043 -0.9749285641411914 0
    outer loop
      vertex 26.631759643554688 -42.707359313964844 -2
      vertex 26.145797729492188 -42.818275451660156 -7.299999237060547
      vertex 26.631759643554688 -42.707359313964844 -7.299999237060547
    endloop
  endfacet
  facet normal -0.9801729696092123 -0.19814376005178225 0
    outer loop
      vertex 32.44415283203125 -46.88618469238281 -7.299999237060547
      vertex 32.34538650512695 -46.39760971069336 -2
      vertex 32.34538650512695 -46.39760971069336 -7.299999237060547
    endloop
  endfacet
  facet normal -0.9801729696092123 -0.19814376005178225 0
    outer loop
      vertex 32.34538650512695 -46.39760971069336 -2
      vertex 32.44415283203125 -46.88618469238281 -7.299999237060547
      vertex 32.44415283203125 -46.88618469238281 -2
    endloop
  endfacet
  facet normal -0.8262402954720164 -0.5633178269310454 0
    outer loop
      vertex 31.76645278930664 -45.02421951293945 -7.299999237060547
      vertex 31.48566246032715 -44.61237335205078 -2
      vertex 31.48566246032715 -44.61237335205078 -7.299999237060547
    endloop
  endfacet
  facet normal -0.8262402954720164 -0.5633178269310454 0
    outer loop
      vertex 31.48566246032715 -44.61237335205078 -2
      vertex 31.76645278930664 -45.02421951293945 -7.299999237060547
      vertex 31.76645278930664 -45.02421951293945 -2
    endloop
  endfacet
  facet normal -0.5425493394484558 -0.8400239367208795 0
    outer loop
      vertex 30 -43.30126953125 -7.299999237060547
      vertex 30.418718338012695 -43.57170867919922 -2
      vertex 30 -43.30126953125 -2
    endloop
  endfacet
  facet normal -0.5425493394484558 -0.8400239367208795 0
    outer loop
      vertex 30.418718338012695 -43.57170867919922 -2
      vertex 30 -43.30126953125 -7.299999237060547
      vertex 30.418718338012695 -43.57170867919922 -7.299999237060547
    endloop
  endfacet
  facet normal -0.07473115967644123 -0.9972037172882049 0
    outer loop
      vertex 27.624652862548828 -42.63294982910156 -7.299999237060547
      vertex 28.121719360351562 -42.67020034790039 -2
      vertex 27.624652862548828 -42.63294982910156 -2
    endloop
  endfacet
  facet normal -0.07473115967644123 -0.9972037172882049 0
    outer loop
      vertex 28.121719360351562 -42.67020034790039 -2
      vertex 27.624652862548828 -42.63294982910156 -7.299999237060547
      vertex 28.121719360351562 -42.67020034790039 -7.299999237060547
    endloop
  endfacet
  facet normal -0.4562091281375018 -0.8898725927929348 0
    outer loop
      vertex 29.556434631347656 -43.07386779785156 -7.299999237060547
      vertex 30 -43.30126953125 -2
      vertex 29.556434631347656 -43.07386779785156 -2
    endloop
  endfacet
  facet normal -0.4562091281375018 -0.8898725927929348 0
    outer loop
      vertex 30 -43.30126953125 -2
      vertex 29.556434631347656 -43.07386779785156 -7.299999237060547
      vertex 30 -43.30126953125 -7.299999237060547
    endloop
  endfacet
  facet normal 0.7330496577140617 -0.6801751240124095 0
    outer loop
      vertex 23.669776916503906 -44.417457580566406 -2
      vertex 24.00881576538086 -44.05206298828125 -7.299999237060547
      vertex 24.00881576538086 -44.05206298828125 -2
    endloop
  endfacet
  facet normal 0.7330496577140617 -0.6801751240124095 0
    outer loop
      vertex 24.00881576538086 -44.05206298828125 -7.299999237060547
      vertex 23.669776916503906 -44.417457580566406 -2
      vertex 23.669776916503906 -44.417457580566406 -7.299999237060547
    endloop
  endfacet
  facet normal 0.024933490989674702 -0.9996891121879181 0
    outer loop
      vertex 27.12635040283203 -42.64537811279297 -7.299999237060547
      vertex 27.624652862548828 -42.63294982910156 -2
      vertex 27.12635040283203 -42.64537811279297 -2
    endloop
  endfacet
  facet normal 0.024933490989674702 -0.9996891121879181 0
    outer loop
      vertex 27.624652862548828 -42.63294982910156 -2
      vertex 27.12635040283203 -42.64537811279297 -7.299999237060547
      vertex 27.624652862548828 -42.63294982910156 -7.299999237060547
    endloop
  endfacet
  facet normal 0 0 -1
    outer loop
      vertex 32.44415283203125 -48.376609802246094 -2
      vertex 32.49378204345703 -47.38216781616211 -2
      vertex 32.49378204345703 -47.8806266784668 -2
    endloop
  endfacet
  facet normal 0 0 -1
    outer loop
      vertex 32.44415283203125 -48.376609802246094 -2
      vertex 32.44415283203125 -46.88618469238281 -2
      vertex 32.49378204345703 -47.38216781616211 -2
    endloop
  endfacet
  facet normal 0 0 -1
    outer loop
      vertex 32.34538650512695 -48.86518478393555 -2
      vertex 32.44415283203125 -46.88618469238281 -2
      vertex 32.44415283203125 -48.376609802246094 -2
    endloop
  endfacet
  facet normal 0 0 -1
    outer loop
      vertex 32.34538650512695 -48.86518478393555 -2
      vertex 32.34538650512695 -46.39760971069336 -2
      vertex 32.44415283203125 -46.88618469238281 -2
    endloop
  endfacet
  facet normal 0 0 -1
    outer loop
      vertex 32.198463439941406 -49.34149932861328 -2
      vertex 32.34538650512695 -46.39760971069336 -2
      vertex 32.34538650512695 -48.86518478393555 -2
    endloop
  endfacet
  facet normal 0 0 -1
    outer loop
      vertex 32.198463439941406 -49.34149932861328 -2
      vertex 32.198463439941406 -45.921295166015625 -2
      vertex 32.34538650512695 -46.39760971069336 -2
    endloop
  endfacet
  facet normal 0 0 -1
    outer loop
      vertex 32.004844665527344 -49.80081558227539 -2
      vertex 32.198463439941406 -45.921295166015625 -2
      vertex 32.198463439941406 -49.34149932861328 -2
    endloop
  endfacet
  facet normal 0 0 -1
    outer loop
      vertex 32.004844665527344 -49.80081558227539 -2
      vertex 32.004844665527344 -45.461978912353516 -2
      vertex 32.198463439941406 -45.921295166015625 -2
    endloop
  endfacet
  facet normal 0 0 -1
    outer loop
      vertex 31.76645278930664 -50.23857116699219 -2
      vertex 32.004844665527344 -45.461978912353516 -2
      vertex 32.004844665527344 -49.80081558227539 -2
    endloop
  endfacet
  facet normal 0 0 -1
    outer loop
      vertex 31.76645278930664 -50.23857116699219 -2
      vertex 31.76645278930664 -45.02421951293945 -2
      vertex 32.004844665527344 -45.461978912353516 -2
    endloop
  endfacet
  facet normal 0 0 -1
    outer loop
      vertex 31.48566246032715 -50.650421142578125 -2
      vertex 31.76645278930664 -45.02421951293945 -2
      vertex 31.76645278930664 -50.23857116699219 -2
    endloop
  endfacet
  facet normal 0 0 -1
    outer loop
      vertex 31.48566246032715 -50.650421142578125 -2
      vertex 31.48566246032715 -44.61237335205078 -2
      vertex 31.76645278930664 -45.02421951293945 -2
    endloop
  endfacet
  facet normal 0 0 -1
    outer loop
      vertex 31.165258407592773 -51.03226089477539 -2
      vertex 31.48566246032715 -44.61237335205078 -2
      vertex 31.48566246032715 -50.650421142578125 -2
    endloop
  endfacet
  facet normal 0 0 -1
    outer loop
      vertex 31.165258407592773 -51.03226089477539 -2
      vertex 31.165258407592773 -44.230533599853516 -2
      vertex 31.48566246032715 -44.61237335205078 -2
    endloop
  endfacet
  facet normal 0 0 -1
    outer loop
      vertex 30.808429718017578 -51.38030242919922 -2
      vertex 31.165258407592773 -44.230533599853516 -2
      vertex 31.165258407592773 -51.03226089477539 -2
    endloop
  endfacet
  facet normal 0 0 -1
    outer loop
      vertex 30.808429718017578 -51.38030242919922 -2
      vertex 30.808429718017578 -43.88249206542969 -2
      vertex 31.165258407592773 -44.230533599853516 -2
    endloop
  endfacet
  facet normal 0 0 -1
    outer loop
      vertex 30.418718338012695 -51.69108581542969 -2
      vertex 30.808429718017578 -43.88249206542969 -2
      vertex 30.808429718017578 -51.38030242919922 -2
    endloop
  endfacet
  facet normal 0 0 -1
    outer loop
      vertex 30.418718338012695 -51.69108581542969 -2
      vertex 30.418718338012695 -43.57170867919922 -2
      vertex 30.808429718017578 -43.88249206542969 -2
    endloop
  endfacet
  facet normal 0 0 -1
    outer loop
      vertex 30 -51.961524963378906 -2
      vertex 30.418718338012695 -43.57170867919922 -2
      vertex 30.418718338012695 -51.69108581542969 -2
    endloop
  endfacet
  facet normal 0 0 -1
    outer loop
      vertex 30 -51.961524963378906 -2
      vertex 30 -43.30126953125 -2
      vertex 30.418718338012695 -43.57170867919922 -2
    endloop
  endfacet
  facet normal 0 0 -1
    outer loop
      vertex 29.556434631347656 -52.188926696777344 -2
      vertex 30 -43.30126953125 -2
      vertex 30 -51.961524963378906 -2
    endloop
  endfacet
  facet normal 0 0 -1
    outer loop
      vertex 29.556434631347656 -52.188926696777344 -2
      vertex 29.556434631347656 -43.07386779785156 -2
      vertex 30 -43.30126953125 -2
    endloop
  endfacet
  facet normal 0 0 -1
    outer loop
      vertex 29.09243392944336 -52.37103271484375 -2
      vertex 29.556434631347656 -43.07386779785156 -2
      vertex 29.556434631347656 -52.188926696777344 -2
    endloop
  endfacet
  facet normal 0 0 -1
    outer loop
      vertex 29.09243392944336 -52.37103271484375 -2
      vertex 29.09243392944336 -42.891761779785156 -2
      vertex 29.556434631347656 -43.07386779785156 -2
    endloop
  endfacet
  facet normal 0 0 -1
    outer loop
      vertex 28.61260414123535 -52.50603485107422 -2
      vertex 29.09243392944336 -42.891761779785156 -2
      vertex 29.09243392944336 -52.37103271484375 -2
    endloop
  endfacet
  facet normal 0 0 -1
    outer loop
      vertex 28.61260414123535 -52.50603485107422 -2
      vertex 28.61260414123535 -42.75675582885742 -2
      vertex 29.09243392944336 -42.891761779785156 -2
    endloop
  endfacet
  facet normal 0 0 -1
    outer loop
      vertex 28.121719360351562 -52.592594146728516 -2
      vertex 28.61260414123535 -42.75675582885742 -2
      vertex 28.61260414123535 -52.50603485107422 -2
    endloop
  endfacet
  facet normal 0 0 -1
    outer loop
      vertex 28.121719360351562 -52.592594146728516 -2
      vertex 28.121719360351562 -42.67020034790039 -2
      vertex 28.61260414123535 -42.75675582885742 -2
    endloop
  endfacet
  facet normal 0 0 -1
    outer loop
      vertex 27.624652862548828 -52.629844665527344 -2
      vertex 28.121719360351562 -42.67020034790039 -2
      vertex 28.121719360351562 -52.592594146728516 -2
    endloop
  endfacet
  facet normal 0 0 -1
    outer loop
      vertex 27.624652862548828 -52.629844665527344 -2
      vertex 27.624652862548828 -42.63294982910156 -2
      vertex 28.121719360351562 -42.67020034790039 -2
    endloop
  endfacet
  facet normal 0 0 -1
    outer loop
      vertex 27.12635040283203 -52.61741638183594 -2
      vertex 27.624652862548828 -42.63294982910156 -2
      vertex 27.624652862548828 -52.629844665527344 -2
    endloop
  endfacet
  facet normal 0 0 -1
    outer loop
      vertex 27.12635040283203 -52.61741638183594 -2
      vertex 27.12635040283203 -42.64537811279297 -2
      vertex 27.624652862548828 -42.63294982910156 -2
    endloop
  endfacet
  facet normal 0 0 -1
    outer loop
      vertex 26.631759643554688 -52.55543518066406 -2
      vertex 27.12635040283203 -42.64537811279297 -2
      vertex 27.12635040283203 -52.61741638183594 -2
    endloop
  endfacet
  facet normal 0 0 -1
    outer loop
      vertex 26.631759643554688 -52.55543518066406 -2
      vertex 26.631759643554688 -42.707359313964844 -2
      vertex 27.12635040283203 -42.64537811279297 -2
    endloop
  endfacet
  facet normal 0 0 -1
    outer loop
      vertex 26.145797729492188 -52.44451904296875 -2
      vertex 26.631759643554688 -42.707359313964844 -2
      vertex 26.631759643554688 -52.55543518066406 -2
    endloop
  endfacet
  facet normal 0 0 -1
    outer loop
      vertex 26.145797729492188 -52.44451904296875 -2
      vertex 26.145797729492188 -42.818275451660156 -2
      vertex 26.631759643554688 -42.707359313964844 -2
    endloop
  endfacet
  facet normal 0 0 -1
    outer loop
      vertex 25.673294067382812 -52.2857666015625 -2
      vertex 26.145797729492188 -42.818275451660156 -2
      vertex 26.145797729492188 -52.44451904296875 -2
    endloop
  endfacet
  facet normal 0 0 -1
    outer loop
      vertex 25.673294067382812 -52.2857666015625 -2
      vertex 25.673294067382812 -42.977027893066406 -2
      vertex 26.145797729492188 -42.818275451660156 -2
    endloop
  endfacet
  facet normal 0 0 -1
    outer loop
      vertex 25.21894645690918 -52.08075714111328 -2
      vertex 25.673294067382812 -42.977027893066406 -2
      vertex 25.673294067382812 -52.2857666015625 -2
    endloop
  endfacet
  facet normal 0 0 -1
    outer loop
      vertex 25.21894645690918 -52.08075714111328 -2
      vertex 25.21894645690918 -43.182037353515625 -2
      vertex 25.673294067382812 -42.977027893066406 -2
    endloop
  endfacet
  facet normal 0 0 -1
    outer loop
      vertex 24.787269592285156 -51.83152770996094 -2
      vertex 25.21894645690918 -43.182037353515625 -2
      vertex 25.21894645690918 -52.08075714111328 -2
    endloop
  endfacet
  facet normal 0 0 -1
    outer loop
      vertex 24.787269592285156 -51.83152770996094 -2
      vertex 24.787269592285156 -43.43126678466797 -2
      vertex 25.21894645690918 -43.182037353515625 -2
    endloop
  endfacet
  facet normal 0 0 -1
    outer loop
      vertex 24.382549285888672 -51.54055404663086 -2
      vertex 24.787269592285156 -43.43126678466797 -2
      vertex 24.787269592285156 -51.83152770996094 -2
    endloop
  endfacet
  facet normal 0 0 -1
    outer loop
      vertex 24.382549285888672 -51.54055404663086 -2
      vertex 24.382549285888672 -43.72224044799805 -2
      vertex 24.787269592285156 -43.43126678466797 -2
    endloop
  endfacet
  facet normal 0 0 -1
    outer loop
      vertex 24.00881576538086 -51.210731506347656 -2
      vertex 24.382549285888672 -43.72224044799805 -2
      vertex 24.382549285888672 -51.54055404663086 -2
    endloop
  endfacet
  facet normal 0 0 -1
    outer loop
      vertex 24.00881576538086 -51.210731506347656 -2
      vertex 24.00881576538086 -44.05206298828125 -2
      vertex 24.382549285888672 -43.72224044799805 -2
    endloop
  endfacet
  facet normal 0 0 -1
    outer loop
      vertex 23.669776916503906 -50.8453369140625 -2
      vertex 24.00881576538086 -44.05206298828125 -2
      vertex 24.00881576538086 -51.210731506347656 -2
    endloop
  endfacet
  facet normal 0 0 -1
    outer loop
      vertex 23.669776916503906 -50.8453369140625 -2
      vertex 23.669776916503906 -44.417457580566406 -2
      vertex 24.00881576538086 -44.05206298828125 -2
    endloop
  endfacet
  facet normal 0 0 -1
    outer loop
      vertex 23.368804931640625 -50.447998046875 -2
      vertex 23.669776916503906 -44.417457580566406 -2
      vertex 23.669776916503906 -50.8453369140625 -2
    endloop
  endfacet
  facet normal 0 0 -1
    outer loop
      vertex 23.368804931640625 -50.447998046875 -2
      vertex 23.368804931640625 -44.814796447753906 -2
      vertex 23.669776916503906 -44.417457580566406 -2
    endloop
  endfacet
  facet normal 0 0 -1
    outer loop
      vertex 23.108890533447266 -50.022666931152344 -2
      vertex 23.368804931640625 -44.814796447753906 -2
      vertex 23.368804931640625 -50.447998046875 -2
    endloop
  endfacet
  facet normal 0 0 -1
    outer loop
      vertex 23.108890533447266 -50.022666931152344 -2
      vertex 23.108890533447266 -45.24012756347656 -2
      vertex 23.368804931640625 -44.814796447753906 -2
    endloop
  endfacet
  facet normal 0 0 -1
    outer loop
      vertex 22.89261817932129 -49.573570251464844 -2
      vertex 23.108890533447266 -45.24012756347656 -2
      vertex 23.108890533447266 -50.022666931152344 -2
    endloop
  endfacet
  facet normal 0 0 -1
    outer loop
      vertex 22.89261817932129 -49.573570251464844 -2
      vertex 22.89261817932129 -45.68922424316406 -2
      vertex 23.108890533447266 -45.24012756347656 -2
    endloop
  endfacet
  facet normal 0 0 -1
    outer loop
      vertex 22.722135543823242 -49.10517120361328 -2
      vertex 22.89261817932129 -45.68922424316406 -2
      vertex 22.89261817932129 -49.573570251464844 -2
    endloop
  endfacet
  facet normal 0 0 -1
    outer loop
      vertex 22.722135543823242 -49.10517120361328 -2
      vertex 22.722135543823242 -46.15761947631836 -2
      vertex 22.89261817932129 -45.68922424316406 -2
    endloop
  endfacet
  facet normal 0 0 -1
    outer loop
      vertex 22.599136352539062 -48.622127532958984 -2
      vertex 22.722135543823242 -46.15761947631836 -2
      vertex 22.722135543823242 -49.10517120361328 -2
    endloop
  endfacet
  facet normal 0 0 -1
    outer loop
      vertex 22.599136352539062 -48.622127532958984 -2
      vertex 22.599136352539062 -46.64066696166992 -2
      vertex 22.722135543823242 -46.15761947631836 -2
    endloop
  endfacet
  facet normal 0 0 -1
    outer loop
      vertex 22.524845123291016 -48.129234313964844 -2
      vertex 22.599136352539062 -46.64066696166992 -2
      vertex 22.599136352539062 -48.622127532958984 -2
    endloop
  endfacet
  facet normal 0 0 -1
    outer loop
      vertex 22.524845123291016 -48.129234313964844 -2
      vertex 22.524845123291016 -47.1335563659668 -2
      vertex 22.599136352539062 -46.64066696166992 -2
    endloop
  endfacet
  facet normal 0 0 -1
    outer loop
      vertex 22.524845123291016 -47.1335563659668 -2
      vertex 22.524845123291016 -48.129234313964844 -2
      vertex 22.5 -47.63139724731445 -2
    endloop
  endfacet
  facet normal 1 0 0
    outer loop
      vertex -32.49378204345703 -47.8806266784668 -2
      vertex -32.49378204345703 -47.38216781616211 -7.299999237060547
      vertex -32.49378204345703 -47.38216781616211 -2
    endloop
  endfacet
  facet normal 1 0 0
    outer loop
      vertex -32.49378204345703 -47.38216781616211 -7.299999237060547
      vertex -32.49378204345703 -47.8806266784668 -2
      vertex -32.49378204345703 -47.8806266784668 -7.299999237060547
    endloop
  endfacet
  facet normal 0.6234884913495241 0.7818325275624532 0
    outer loop
      vertex -30.418718338012695 -51.69108581542969 -7.299999237060547
      vertex -30.808429718017578 -51.38030242919922 -2
      vertex -30.418718338012695 -51.69108581542969 -2
    endloop
  endfacet
  facet normal 0.6234884913495241 0.7818325275624532 0
    outer loop
      vertex -30.808429718017578 -51.38030242919922 -2
      vertex -30.418718338012695 -51.69108581542969 -7.299999237060547
      vertex -30.808429718017578 -51.38030242919922 -7.299999237060547
    endloop
  endfacet
  facet normal 0.5425493394484558 0.8400239367208795 0
    outer loop
      vertex -30 -51.961524963378906 -7.299999237060547
      vertex -30.418718338012695 -51.69108581542969 -2
      vertex -30 -51.961524963378906 -2
    endloop
  endfacet
  facet normal 0.5425493394484558 0.8400239367208795 0
    outer loop
      vertex -30.418718338012695 -51.69108581542969 -2
      vertex -30 -51.961524963378906 -7.299999237060547
      vertex -30.418718338012695 -51.69108581542969 -7.299999237060547
    endloop
  endfacet
  facet normal -0.7330496577140617 -0.6801751240124095 0
    outer loop
      vertex -23.669776916503906 -44.417457580566406 -7.299999237060547
      vertex -24.00881576538086 -44.05206298828125 -2
      vertex -24.00881576538086 -44.05206298828125 -7.299999237060547
    endloop
  endfacet
  facet normal -0.7330496577140617 -0.6801751240124095 0
    outer loop
      vertex -24.00881576538086 -44.05206298828125 -2
      vertex -23.669776916503906 -44.417457580566406 -7.299999237060547
      vertex -23.669776916503906 -44.417457580566406 -2
    endloop
  endfacet
  facet normal 0.8782191376969197 0.4782584512404131 0
    outer loop
      vertex -31.76645278930664 -50.23857116699219 -2
      vertex -32.004844665527344 -49.80081558227539 -7.299999237060547
      vertex -32.004844665527344 -49.80081558227539 -2
    endloop
  endfacet
  facet normal 0.8782191376969197 0.4782584512404131 0
    outer loop
      vertex -32.004844665527344 -49.80081558227539 -7.299999237060547
      vertex -31.76645278930664 -50.23857116699219 -2
      vertex -31.76645278930664 -50.23857116699219 -7.299999237060547
    endloop
  endfacet
  facet normal -0.5837431152142402 -0.8119384061860693 0
    outer loop
      vertex -24.787269592285156 -43.43126678466797 -7.299999237060547
      vertex -24.382549285888672 -43.72224044799805 -2
      vertex -24.787269592285156 -43.43126678466797 -2
    endloop
  endfacet
  facet normal -0.5837431152142402 -0.8119384061860693 0
    outer loop
      vertex -24.382549285888672 -43.72224044799805 -2
      vertex -24.787269592285156 -43.43126678466797 -7.299999237060547
      vertex -24.382549285888672 -43.72224044799805 -7.299999237060547
    endloop
  endfacet
  facet normal -0.5000010188802897 -0.8660248155328298 0
    outer loop
      vertex -25.21894645690918 -43.182037353515625 -7.299999237060547
      vertex -24.787269592285156 -43.43126678466797 -2
      vertex -25.21894645690918 -43.182037353515625 -2
    endloop
  endfacet
  facet normal -0.5000010188802897 -0.8660248155328298 0
    outer loop
      vertex -24.787269592285156 -43.43126678466797 -2
      vertex -25.21894645690918 -43.182037353515625 -7.299999237060547
      vertex -24.787269592285156 -43.43126678466797 -7.299999237060547
    endloop
  endfacet
  facet normal 0.07473115967644123 0.9972037172882049 0
    outer loop
      vertex -27.624652862548828 -52.629844665527344 -7.299999237060547
      vertex -28.121719360351562 -52.592594146728516 -2
      vertex -27.624652862548828 -52.629844665527344 -2
    endloop
  endfacet
  facet normal 0.07473115967644123 0.9972037172882049 0
    outer loop
      vertex -28.121719360351562 -52.592594146728516 -2
      vertex -27.624652862548828 -52.629844665527344 -7.299999237060547
      vertex -28.121719360351562 -52.592594146728516 -7.299999237060547
    endloop
  endfacet
  facet normal -0.66168668516126 -0.7497804549868606 0
    outer loop
      vertex -24.382549285888672 -43.72224044799805 -7.299999237060547
      vertex -24.00881576538086 -44.05206298828125 -2
      vertex -24.382549285888672 -43.72224044799805 -2
    endloop
  endfacet
  facet normal -0.66168668516126 -0.7497804549868606 0
    outer loop
      vertex -24.00881576538086 -44.05206298828125 -2
      vertex -24.382549285888672 -43.72224044799805 -7.299999237060547
      vertex -24.00881576538086 -44.05206298828125 -7.299999237060547
    endloop
  endfacet
  facet normal 0.9801729696092123 -0.19814376005178225 0
    outer loop
      vertex -32.44415283203125 -46.88618469238281 -2
      vertex -32.34538650512695 -46.39760971069336 -7.299999237060547
      vertex -32.34538650512695 -46.39760971069336 -2
    endloop
  endfacet
  facet normal 0.9801729696092123 -0.19814376005178225 0
    outer loop
      vertex -32.34538650512695 -46.39760971069336 -7.299999237060547
      vertex -32.44415283203125 -46.88618469238281 -2
      vertex -32.44415283203125 -46.88618469238281 -7.299999237060547
    endloop
  endfacet
  facet normal 0.27084563867408074 -0.9626227921731487 0
    outer loop
      vertex -29.09243392944336 -42.891761779785156 -7.299999237060547
      vertex -28.61260414123535 -42.75675582885742 -2
      vertex -29.09243392944336 -42.891761779785156 -2
    endloop
  endfacet
  facet normal 0.27084563867408074 -0.9626227921731487 0
    outer loop
      vertex -28.61260414123535 -42.75675582885742 -2
      vertex -29.09243392944336 -42.891761779785156 -7.299999237060547
      vertex -28.61260414123535 -42.75675582885742 -7.299999237060547
    endloop
  endfacet
  facet normal -0.12434555707507525 0.9922389744591216 0
    outer loop
      vertex -26.631759643554688 -52.55543518066406 -7.299999237060547
      vertex -27.12635040283203 -52.61741638183594 -2
      vertex -26.631759643554688 -52.55543518066406 -2
    endloop
  endfacet
  facet normal -0.12434555707507525 0.9922389744591216 0
    outer loop
      vertex -27.12635040283203 -52.61741638183594 -2
      vertex -26.631759643554688 -52.55543518066406 -7.299999237060547
      vertex -27.12635040283203 -52.61741638183594 -7.299999237060547
    endloop
  endfacet
  facet normal -0.9690771961063885 -0.24675775162409844 0
    outer loop
      vertex -22.599136352539062 -46.64066696166992 -7.299999237060547
      vertex -22.722135543823242 -46.15761947631836 -2
      vertex -22.722135543823242 -46.15761947631836 -7.299999237060547
    endloop
  endfacet
  facet normal -0.9690771961063885 -0.24675775162409844 0
    outer loop
      vertex -22.722135543823242 -46.15761947631836 -2
      vertex -22.599136352539062 -46.64066696166992 -7.299999237060547
      vertex -22.599136352539062 -46.64066696166992 -2
    endloop
  endfacet
  facet normal 0.1736467177490909 -0.9848080104339969 0
    outer loop
      vertex -28.61260414123535 -42.75675582885742 -7.299999237060547
      vertex -28.121719360351562 -42.67020034790039 -2
      vertex -28.61260414123535 -42.75675582885742 -2
    endloop
  endfacet
  facet normal 0.1736467177490909 -0.9848080104339969 0
    outer loop
      vertex -28.121719360351562 -42.67020034790039 -2
      vertex -28.61260414123535 -42.75675582885742 -7.299999237060547
      vertex -28.121719360351562 -42.67020034790039 -7.299999237060547
    endloop
  endfacet
  facet normal 0.5425493394484558 -0.8400239367208795 0
    outer loop
      vertex -30.418718338012695 -43.57170867919922 -7.299999237060547
      vertex -30 -43.30126953125 -2
      vertex -30.418718338012695 -43.57170867919922 -2
    endloop
  endfacet
  facet normal 0.5425493394484558 -0.8400239367208795 0
    outer loop
      vertex -30 -43.30126953125 -2
      vertex -30.418718338012695 -43.57170867919922 -7.299999237060547
      vertex -30 -43.30126953125 -7.299999237060547
    endloop
  endfacet
  facet normal 0.6982374899936905 0.7158661938989095 0
    outer loop
      vertex -30.808429718017578 -51.38030242919922 -7.299999237060547
      vertex -31.165258407592773 -51.03226089477539 -2
      vertex -30.808429718017578 -51.38030242919922 -2
    endloop
  endfacet
  facet normal 0.6982374899936905 0.7158661938989095 0
    outer loop
      vertex -31.165258407592773 -51.03226089477539 -2
      vertex -30.808429718017578 -51.38030242919922 -7.299999237060547
      vertex -31.165258407592773 -51.03226089477539 -7.299999237060547
    endloop
  endfacet
  facet normal 0.9214756824485849 -0.38843605220926003 0
    outer loop
      vertex -32.198463439941406 -45.921295166015625 -2
      vertex -32.004844665527344 -45.461978912353516 -7.299999237060547
      vertex -32.004844665527344 -45.461978912353516 -2
    endloop
  endfacet
  facet normal 0.9214756824485849 -0.38843605220926003 0
    outer loop
      vertex -32.004844665527344 -45.461978912353516 -7.299999237060547
      vertex -32.198463439941406 -45.921295166015625 -2
      vertex -32.198463439941406 -45.921295166015625 -7.299999237060547
    endloop
  endfacet
  facet normal -0.4112871222449548 -0.9115058436869529 0
    outer loop
      vertex -25.673294067382812 -42.977027893066406 -7.299999237060547
      vertex -25.21894645690918 -43.182037353515625 -2
      vertex -25.673294067382812 -42.977027893066406 -2
    endloop
  endfacet
  facet normal -0.4112871222449548 -0.9115058436869529 0
    outer loop
      vertex -25.21894645690918 -43.182037353515625 -2
      vertex -25.673294067382812 -42.977027893066406 -7.299999237060547
      vertex -25.21894645690918 -43.182037353515625 -7.299999237060547
    endloop
  endfacet
  facet normal 0.7660420154645999 0.6427905028412707 0
    outer loop
      vertex -31.165258407592773 -51.03226089477539 -2
      vertex -31.48566246032715 -50.650421142578125 -7.299999237060547
      vertex -31.48566246032715 -50.650421142578125 -2
    endloop
  endfacet
  facet normal 0.7660420154645999 0.6427905028412707 0
    outer loop
      vertex -31.48566246032715 -50.650421142578125 -7.299999237060547
      vertex -31.165258407592773 -51.03226089477539 -2
      vertex -31.165258407592773 -51.03226089477539 -7.299999237060547
    endloop
  endfacet
  facet normal -0.5837431152142402 0.8119384061860693 0
    outer loop
      vertex -24.382549285888672 -51.54055404663086 -7.299999237060547
      vertex -24.787269592285156 -51.83152770996094 -2
      vertex -24.382549285888672 -51.54055404663086 -2
    endloop
  endfacet
  facet normal -0.5837431152142402 0.8119384061860693 0
    outer loop
      vertex -24.787269592285156 -51.83152770996094 -2
      vertex -24.382549285888672 -51.54055404663086 -7.299999237060547
      vertex -24.787269592285156 -51.83152770996094 -7.299999237060547
    endloop
  endfacet
  facet normal -0.5000010188802897 0.8660248155328298 0
    outer loop
      vertex -24.787269592285156 -51.83152770996094 -7.299999237060547
      vertex -25.21894645690918 -52.08075714111328 -2
      vertex -24.787269592285156 -51.83152770996094 -2
    endloop
  endfacet
  facet normal -0.5000010188802897 0.8660248155328298 0
    outer loop
      vertex -25.21894645690918 -52.08075714111328 -2
      vertex -24.787269592285156 -51.83152770996094 -7.299999237060547
      vertex -25.21894645690918 -52.08075714111328 -7.299999237060547
    endloop
  endfacet
  facet normal 0.9214756824485849 0.38843605220926003 0
    outer loop
      vertex -32.004844665527344 -49.80081558227539 -2
      vertex -32.198463439941406 -49.34149932861328 -7.299999237060547
      vertex -32.198463439941406 -49.34149932861328 -2
    endloop
  endfacet
  facet normal 0.9214756824485849 0.38843605220926003 0
    outer loop
      vertex -32.198463439941406 -49.34149932861328 -7.299999237060547
      vertex -32.004844665527344 -49.80081558227539 -2
      vertex -32.004844665527344 -49.80081558227539 -7.299999237060547
    endloop
  endfacet
  facet normal 0 0 1
    outer loop
      vertex -22.524845123291016 -47.1335563659668 -7.299999237060547
      vertex -22.524845123291016 -48.129234313964844 -7.299999237060547
      vertex -22.5 -47.63139724731445 -7.299999237060547
    endloop
  endfacet
  facet normal 0 0 1
    outer loop
      vertex -22.599136352539062 -46.64066696166992 -7.299999237060547
      vertex -22.524845123291016 -48.129234313964844 -7.299999237060547
      vertex -22.524845123291016 -47.1335563659668 -7.299999237060547
    endloop
  endfacet
  facet normal 0 0 1
    outer loop
      vertex -22.599136352539062 -46.64066696166992 -7.299999237060547
      vertex -22.599136352539062 -48.622127532958984 -7.299999237060547
      vertex -22.524845123291016 -48.129234313964844 -7.299999237060547
    endloop
  endfacet
  facet normal 0 0 1
    outer loop
      vertex -22.722135543823242 -46.15761947631836 -7.299999237060547
      vertex -22.599136352539062 -48.622127532958984 -7.299999237060547
      vertex -22.599136352539062 -46.64066696166992 -7.299999237060547
    endloop
  endfacet
  facet normal 0 0 1
    outer loop
      vertex -22.722135543823242 -46.15761947631836 -7.299999237060547
      vertex -22.722135543823242 -49.10517120361328 -7.299999237060547
      vertex -22.599136352539062 -48.622127532958984 -7.299999237060547
    endloop
  endfacet
  facet normal 0 0 1
    outer loop
      vertex -22.89261817932129 -45.68922424316406 -7.299999237060547
      vertex -22.722135543823242 -49.10517120361328 -7.299999237060547
      vertex -22.722135543823242 -46.15761947631836 -7.299999237060547
    endloop
  endfacet
  facet normal 0 0 1
    outer loop
      vertex -22.89261817932129 -45.68922424316406 -7.299999237060547
      vertex -22.89261817932129 -49.573570251464844 -7.299999237060547
      vertex -22.722135543823242 -49.10517120361328 -7.299999237060547
    endloop
  endfacet
  facet normal 0 0 1
    outer loop
      vertex -23.108890533447266 -45.24012756347656 -7.299999237060547
      vertex -22.89261817932129 -49.573570251464844 -7.299999237060547
      vertex -22.89261817932129 -45.68922424316406 -7.299999237060547
    endloop
  endfacet
  facet normal 0 0 1
    outer loop
      vertex -23.108890533447266 -45.24012756347656 -7.299999237060547
      vertex -23.108890533447266 -50.022666931152344 -7.299999237060547
      vertex -22.89261817932129 -49.573570251464844 -7.299999237060547
    endloop
  endfacet
  facet normal 0 0 1
    outer loop
      vertex -23.368804931640625 -44.814796447753906 -7.299999237060547
      vertex -23.108890533447266 -50.022666931152344 -7.299999237060547
      vertex -23.108890533447266 -45.24012756347656 -7.299999237060547
    endloop
  endfacet
  facet normal 0 0 1
    outer loop
      vertex -23.368804931640625 -44.814796447753906 -7.299999237060547
      vertex -23.368804931640625 -50.447998046875 -7.299999237060547
      vertex -23.108890533447266 -50.022666931152344 -7.299999237060547
    endloop
  endfacet
  facet normal 0 0 1
    outer loop
      vertex -23.669776916503906 -44.417457580566406 -7.299999237060547
      vertex -23.368804931640625 -50.447998046875 -7.299999237060547
      vertex -23.368804931640625 -44.814796447753906 -7.299999237060547
    endloop
  endfacet
  facet normal 0 0 1
    outer loop
      vertex -23.669776916503906 -44.417457580566406 -7.299999237060547
      vertex -23.669776916503906 -50.8453369140625 -7.299999237060547
      vertex -23.368804931640625 -50.447998046875 -7.299999237060547
    endloop
  endfacet
  facet normal 0 0 1
    outer loop
      vertex -24.00881576538086 -44.05206298828125 -7.299999237060547
      vertex -23.669776916503906 -50.8453369140625 -7.299999237060547
      vertex -23.669776916503906 -44.417457580566406 -7.299999237060547
    endloop
  endfacet
  facet normal 0 0 1
    outer loop
      vertex -24.00881576538086 -44.05206298828125 -7.299999237060547
      vertex -24.00881576538086 -51.210731506347656 -7.299999237060547
      vertex -23.669776916503906 -50.8453369140625 -7.299999237060547
    endloop
  endfacet
  facet normal 0 0 1
    outer loop
      vertex -24.382549285888672 -43.72224044799805 -7.299999237060547
      vertex -24.00881576538086 -51.210731506347656 -7.299999237060547
      vertex -24.00881576538086 -44.05206298828125 -7.299999237060547
    endloop
  endfacet
  facet normal 0 0 1
    outer loop
      vertex -24.382549285888672 -43.72224044799805 -7.299999237060547
      vertex -24.382549285888672 -51.54055404663086 -7.299999237060547
      vertex -24.00881576538086 -51.210731506347656 -7.299999237060547
    endloop
  endfacet
  facet normal 0 0 1
    outer loop
      vertex -24.787269592285156 -43.43126678466797 -7.299999237060547
      vertex -24.382549285888672 -51.54055404663086 -7.299999237060547
      vertex -24.382549285888672 -43.72224044799805 -7.299999237060547
    endloop
  endfacet
  facet normal 0 0 1
    outer loop
      vertex -24.787269592285156 -43.43126678466797 -7.299999237060547
      vertex -24.787269592285156 -51.83152770996094 -7.299999237060547
      vertex -24.382549285888672 -51.54055404663086 -7.299999237060547
    endloop
  endfacet
  facet normal 0 0 1
    outer loop
      vertex -25.21894645690918 -43.182037353515625 -7.299999237060547
      vertex -24.787269592285156 -51.83152770996094 -7.299999237060547
      vertex -24.787269592285156 -43.43126678466797 -7.299999237060547
    endloop
  endfacet
  facet normal 0 0 1
    outer loop
      vertex -25.21894645690918 -43.182037353515625 -7.299999237060547
      vertex -25.21894645690918 -52.08075714111328 -7.299999237060547
      vertex -24.787269592285156 -51.83152770996094 -7.299999237060547
    endloop
  endfacet
  facet normal 0 0 1
    outer loop
      vertex -25.673294067382812 -42.977027893066406 -7.299999237060547
      vertex -25.21894645690918 -52.08075714111328 -7.299999237060547
      vertex -25.21894645690918 -43.182037353515625 -7.299999237060547
    endloop
  endfacet
  facet normal 0 0 1
    outer loop
      vertex -25.673294067382812 -42.977027893066406 -7.299999237060547
      vertex -25.673294067382812 -52.2857666015625 -7.299999237060547
      vertex -25.21894645690918 -52.08075714111328 -7.299999237060547
    endloop
  endfacet
  facet normal 0 0 1
    outer loop
      vertex -26.145797729492188 -42.818275451660156 -7.299999237060547
      vertex -25.673294067382812 -52.2857666015625 -7.299999237060547
      vertex -25.673294067382812 -42.977027893066406 -7.299999237060547
    endloop
  endfacet
  facet normal 0 0 1
    outer loop
      vertex -26.145797729492188 -42.818275451660156 -7.299999237060547
      vertex -26.145797729492188 -52.44451904296875 -7.299999237060547
      vertex -25.673294067382812 -52.2857666015625 -7.299999237060547
    endloop
  endfacet
  facet normal 0 0 1
    outer loop
      vertex -26.631759643554688 -42.707359313964844 -7.299999237060547
      vertex -26.145797729492188 -52.44451904296875 -7.299999237060547
      vertex -26.145797729492188 -42.818275451660156 -7.299999237060547
    endloop
  endfacet
  facet normal 0 0 1
    outer loop
      vertex -26.631759643554688 -42.707359313964844 -7.299999237060547
      vertex -26.631759643554688 -52.55543518066406 -7.299999237060547
      vertex -26.145797729492188 -52.44451904296875 -7.299999237060547
    endloop
  endfacet
  facet normal 0 0 1
    outer loop
      vertex -27.12635040283203 -42.64537811279297 -7.299999237060547
      vertex -26.631759643554688 -52.55543518066406 -7.299999237060547
      vertex -26.631759643554688 -42.707359313964844 -7.299999237060547
    endloop
  endfacet
  facet normal 0 0 1
    outer loop
      vertex -27.12635040283203 -42.64537811279297 -7.299999237060547
      vertex -27.12635040283203 -52.61741638183594 -7.299999237060547
      vertex -26.631759643554688 -52.55543518066406 -7.299999237060547
    endloop
  endfacet
  facet normal 0 0 1
    outer loop
      vertex -27.624652862548828 -42.63294982910156 -7.299999237060547
      vertex -27.12635040283203 -52.61741638183594 -7.299999237060547
      vertex -27.12635040283203 -42.64537811279297 -7.299999237060547
    endloop
  endfacet
  facet normal 0 0 1
    outer loop
      vertex -27.624652862548828 -42.63294982910156 -7.299999237060547
      vertex -27.624652862548828 -52.629844665527344 -7.299999237060547
      vertex -27.12635040283203 -52.61741638183594 -7.299999237060547
    endloop
  endfacet
  facet normal 0 0 1
    outer loop
      vertex -28.121719360351562 -42.67020034790039 -7.299999237060547
      vertex -27.624652862548828 -52.629844665527344 -7.299999237060547
      vertex -27.624652862548828 -42.63294982910156 -7.299999237060547
    endloop
  endfacet
  facet normal 0 0 1
    outer loop
      vertex -28.121719360351562 -42.67020034790039 -7.299999237060547
      vertex -28.121719360351562 -52.592594146728516 -7.299999237060547
      vertex -27.624652862548828 -52.629844665527344 -7.299999237060547
    endloop
  endfacet
  facet normal 0 0 1
    outer loop
      vertex -28.61260414123535 -42.75675582885742 -7.299999237060547
      vertex -28.121719360351562 -52.592594146728516 -7.299999237060547
      vertex -28.121719360351562 -42.67020034790039 -7.299999237060547
    endloop
  endfacet
  facet normal 0 0 1
    outer loop
      vertex -28.61260414123535 -42.75675582885742 -7.299999237060547
      vertex -28.61260414123535 -52.50603485107422 -7.299999237060547
      vertex -28.121719360351562 -52.592594146728516 -7.299999237060547
    endloop
  endfacet
  facet normal 0 0 1
    outer loop
      vertex -29.09243392944336 -42.891761779785156 -7.299999237060547
      vertex -28.61260414123535 -52.50603485107422 -7.299999237060547
      vertex -28.61260414123535 -42.75675582885742 -7.299999237060547
    endloop
  endfacet
  facet normal 0 0 1
    outer loop
      vertex -29.09243392944336 -42.891761779785156 -7.299999237060547
      vertex -29.09243392944336 -52.37103271484375 -7.299999237060547
      vertex -28.61260414123535 -52.50603485107422 -7.299999237060547
    endloop
  endfacet
  facet normal 0 0 1
    outer loop
      vertex -29.556434631347656 -43.07386779785156 -7.299999237060547
      vertex -29.09243392944336 -52.37103271484375 -7.299999237060547
      vertex -29.09243392944336 -42.891761779785156 -7.299999237060547
    endloop
  endfacet
  facet normal 0 0 1
    outer loop
      vertex -29.556434631347656 -43.07386779785156 -7.299999237060547
      vertex -29.556434631347656 -52.188926696777344 -7.299999237060547
      vertex -29.09243392944336 -52.37103271484375 -7.299999237060547
    endloop
  endfacet
  facet normal 0 0 1
    outer loop
      vertex -30 -43.30126953125 -7.299999237060547
      vertex -29.556434631347656 -52.188926696777344 -7.299999237060547
      vertex -29.556434631347656 -43.07386779785156 -7.299999237060547
    endloop
  endfacet
  facet normal 0 0 1
    outer loop
      vertex -30 -43.30126953125 -7.299999237060547
      vertex -30 -51.961524963378906 -7.299999237060547
      vertex -29.556434631347656 -52.188926696777344 -7.299999237060547
    endloop
  endfacet
  facet normal 0 0 1
    outer loop
      vertex -30.418718338012695 -43.57170867919922 -7.299999237060547
      vertex -30 -51.961524963378906 -7.299999237060547
      vertex -30 -43.30126953125 -7.299999237060547
    endloop
  endfacet
  facet normal 0 0 1
    outer loop
      vertex -30.418718338012695 -43.57170867919922 -7.299999237060547
      vertex -30.418718338012695 -51.69108581542969 -7.299999237060547
      vertex -30 -51.961524963378906 -7.299999237060547
    endloop
  endfacet
  facet normal 0 0 1
    outer loop
      vertex -30.808429718017578 -43.88249206542969 -7.299999237060547
      vertex -30.418718338012695 -51.69108581542969 -7.299999237060547
      vertex -30.418718338012695 -43.57170867919922 -7.299999237060547
    endloop
  endfacet
  facet normal 0 0 1
    outer loop
      vertex -30.808429718017578 -43.88249206542969 -7.299999237060547
      vertex -30.808429718017578 -51.38030242919922 -7.299999237060547
      vertex -30.418718338012695 -51.69108581542969 -7.299999237060547
    endloop
  endfacet
  facet normal 0 0 1
    outer loop
      vertex -31.165258407592773 -44.230533599853516 -7.299999237060547
      vertex -30.808429718017578 -51.38030242919922 -7.299999237060547
      vertex -30.808429718017578 -43.88249206542969 -7.299999237060547
    endloop
  endfacet
  facet normal 0 0 1
    outer loop
      vertex -31.165258407592773 -44.230533599853516 -7.299999237060547
      vertex -31.165258407592773 -51.03226089477539 -7.299999237060547
      vertex -30.808429718017578 -51.38030242919922 -7.299999237060547
    endloop
  endfacet
  facet normal 0 0 1
    outer loop
      vertex -31.48566246032715 -44.61237335205078 -7.299999237060547
      vertex -31.165258407592773 -51.03226089477539 -7.299999237060547
      vertex -31.165258407592773 -44.230533599853516 -7.299999237060547
    endloop
  endfacet
  facet normal 0 0 1
    outer loop
      vertex -31.48566246032715 -44.61237335205078 -7.299999237060547
      vertex -31.48566246032715 -50.650421142578125 -7.299999237060547
      vertex -31.165258407592773 -51.03226089477539 -7.299999237060547
    endloop
  endfacet
  facet normal 0 0 1
    outer loop
      vertex -31.76645278930664 -45.02421951293945 -7.299999237060547
      vertex -31.48566246032715 -50.650421142578125 -7.299999237060547
      vertex -31.48566246032715 -44.61237335205078 -7.299999237060547
    endloop
  endfacet
  facet normal 0 0 1
    outer loop
      vertex -31.76645278930664 -45.02421951293945 -7.299999237060547
      vertex -31.76645278930664 -50.23857116699219 -7.299999237060547
      vertex -31.48566246032715 -50.650421142578125 -7.299999237060547
    endloop
  endfacet
  facet normal 0 0 1
    outer loop
      vertex -32.004844665527344 -45.461978912353516 -7.299999237060547
      vertex -31.76645278930664 -50.23857116699219 -7.299999237060547
      vertex -31.76645278930664 -45.02421951293945 -7.299999237060547
    endloop
  endfacet
  facet normal 0 0 1
    outer loop
      vertex -32.004844665527344 -45.461978912353516 -7.299999237060547
      vertex -32.004844665527344 -49.80081558227539 -7.299999237060547
      vertex -31.76645278930664 -50.23857116699219 -7.299999237060547
    endloop
  endfacet
  facet normal 0 0 1
    outer loop
      vertex -32.198463439941406 -45.921295166015625 -7.299999237060547
      vertex -32.004844665527344 -49.80081558227539 -7.299999237060547
      vertex -32.004844665527344 -45.461978912353516 -7.299999237060547
    endloop
  endfacet
  facet normal 0 0 1
    outer loop
      vertex -32.198463439941406 -45.921295166015625 -7.299999237060547
      vertex -32.198463439941406 -49.34149932861328 -7.299999237060547
      vertex -32.004844665527344 -49.80081558227539 -7.299999237060547
    endloop
  endfacet
  facet normal 0 0 1
    outer loop
      vertex -32.34538650512695 -46.39760971069336 -7.299999237060547
      vertex -32.198463439941406 -49.34149932861328 -7.299999237060547
      vertex -32.198463439941406 -45.921295166015625 -7.299999237060547
    endloop
  endfacet
  facet normal 0 0 1
    outer loop
      vertex -32.34538650512695 -46.39760971069336 -7.299999237060547
      vertex -32.34538650512695 -48.86518478393555 -7.299999237060547
      vertex -32.198463439941406 -49.34149932861328 -7.299999237060547
    endloop
  endfacet
  facet normal 0 0 1
    outer loop
      vertex -32.44415283203125 -46.88618469238281 -7.299999237060547
      vertex -32.34538650512695 -48.86518478393555 -7.299999237060547
      vertex -32.34538650512695 -46.39760971069336 -7.299999237060547
    endloop
  endfacet
  facet normal 0 0 1
    outer loop
      vertex -32.44415283203125 -46.88618469238281 -7.299999237060547
      vertex -32.44415283203125 -48.376609802246094 -7.299999237060547
      vertex -32.34538650512695 -48.86518478393555 -7.299999237060547
    endloop
  endfacet
  facet normal 0 0 1
    outer loop
      vertex -32.49378204345703 -47.38216781616211 -7.299999237060547
      vertex -32.44415283203125 -48.376609802246094 -7.299999237060547
      vertex -32.44415283203125 -46.88618469238281 -7.299999237060547
    endloop
  endfacet
  facet normal 0 0 1
    outer loop
      vertex -32.44415283203125 -48.376609802246094 -7.299999237060547
      vertex -32.49378204345703 -47.38216781616211 -7.299999237060547
      vertex -32.49378204345703 -47.8806266784668 -7.299999237060547
    endloop
  endfacet
  facet normal -0.8532909139011633 0.5214351505736046 0
    outer loop
      vertex -23.368804931640625 -50.447998046875 -7.299999237060547
      vertex -23.108890533447266 -50.022666931152344 -2
      vertex -23.108890533447266 -50.022666931152344 -7.299999237060547
    endloop
  endfacet
  facet normal -0.8532909139011633 0.5214351505736046 0
    outer loop
      vertex -23.108890533447266 -50.022666931152344 -2
      vertex -23.368804931640625 -50.447998046875 -7.299999237060547
      vertex -23.368804931640625 -50.447998046875 -2
    endloop
  endfacet
  facet normal 0.6982374899936905 -0.7158661938989095 0
    outer loop
      vertex -31.165258407592773 -44.230533599853516 -7.299999237060547
      vertex -30.808429718017578 -43.88249206542969 -2
      vertex -31.165258407592773 -44.230533599853516 -2
    endloop
  endfacet
  facet normal 0.6982374899936905 -0.7158661938989095 0
    outer loop
      vertex -30.808429718017578 -43.88249206542969 -2
      vertex -31.165258407592773 -44.230533599853516 -7.299999237060547
      vertex -30.808429718017578 -43.88249206542969 -7.299999237060547
    endloop
  endfacet
  facet normal 0.8262427239507182 0.5633142649698278 0
    outer loop
      vertex -31.48566246032715 -50.650421142578125 -2
      vertex -31.76645278930664 -50.23857116699219 -7.299999237060547
      vertex -31.76645278930664 -50.23857116699219 -2
    endloop
  endfacet
  facet normal 0.8262427239507182 0.5633142649698278 0
    outer loop
      vertex -31.76645278930664 -50.23857116699219 -7.299999237060547
      vertex -31.48566246032715 -50.650421142578125 -2
      vertex -31.48566246032715 -50.650421142578125 -7.299999237060547
    endloop
  endfacet
  facet normal 0.9555730961634106 0.2947542330292701 0
    outer loop
      vertex -32.198463439941406 -49.34149932861328 -2
      vertex -32.34538650512695 -48.86518478393555 -7.299999237060547
      vertex -32.34538650512695 -48.86518478393555 -2
    endloop
  endfacet
  facet normal 0.9555730961634106 0.2947542330292701 0
    outer loop
      vertex -32.34538650512695 -48.86518478393555 -7.299999237060547
      vertex -32.198463439941406 -49.34149932861328 -2
      vertex -32.198463439941406 -49.34149932861328 -7.299999237060547
    endloop
  endfacet
  facet normal -0.22251807751640043 -0.9749285641411914 0
    outer loop
      vertex -26.631759643554688 -42.707359313964844 -7.299999237060547
      vertex -26.145797729492188 -42.818275451660156 -2
      vertex -26.631759643554688 -42.707359313964844 -2
    endloop
  endfacet
  facet normal -0.22251807751640043 -0.9749285641411914 0
    outer loop
      vertex -26.145797729492188 -42.818275451660156 -2
      vertex -26.631759643554688 -42.707359313964844 -7.299999237060547
      vertex -26.145797729492188 -42.818275451660156 -7.299999237060547
    endloop
  endfacet
  facet normal 0.9555730961634106 -0.2947542330292701 0
    outer loop
      vertex -32.34538650512695 -46.39760971069336 -2
      vertex -32.198463439941406 -45.921295166015625 -7.299999237060547
      vertex -32.198463439941406 -45.921295166015625 -2
    endloop
  endfacet
  facet normal 0.9555730961634106 -0.2947542330292701 0
    outer loop
      vertex -32.198463439941406 -45.921295166015625 -7.299999237060547
      vertex -32.34538650512695 -46.39760971069336 -2
      vertex -32.34538650512695 -46.39760971069336 -7.299999237060547
    endloop
  endfacet
  facet normal -0.9987570292965721 -0.04984372007270604 0
    outer loop
      vertex -22.5 -47.63139724731445 -7.299999237060547
      vertex -22.524845123291016 -47.1335563659668 -2
      vertex -22.524845123291016 -47.1335563659668 -7.299999237060547
    endloop
  endfacet
  facet normal -0.9987570292965721 -0.04984372007270604 0
    outer loop
      vertex -22.524845123291016 -47.1335563659668 -2
      vertex -22.5 -47.63139724731445 -7.299999237060547
      vertex -22.5 -47.63139724731445 -2
    endloop
  endfacet
  facet normal -0.9888309651852852 0.1490413442328586 0
    outer loop
      vertex -22.599136352539062 -48.622127532958984 -7.299999237060547
      vertex -22.524845123291016 -48.129234313964844 -2
      vertex -22.524845123291016 -48.129234313964844 -7.299999237060547
    endloop
  endfacet
  facet normal -0.9888309651852852 0.1490413442328586 0
    outer loop
      vertex -22.524845123291016 -48.129234313964844 -2
      vertex -22.599136352539062 -48.622127532958984 -7.299999237060547
      vertex -22.599136352539062 -48.622127532958984 -2
    endloop
  endfacet
  facet normal 0.8262402954720164 -0.5633178269310454 0
    outer loop
      vertex -31.76645278930664 -45.02421951293945 -2
      vertex -31.48566246032715 -44.61237335205078 -7.299999237060547
      vertex -31.48566246032715 -44.61237335205078 -2
    endloop
  endfacet
  facet normal 0.8262402954720164 -0.5633178269310454 0
    outer loop
      vertex -31.48566246032715 -44.61237335205078 -7.299999237060547
      vertex -31.76645278930664 -45.02421951293945 -2
      vertex -31.76645278930664 -45.02421951293945 -7.299999237060547
    endloop
  endfacet
  facet normal 0.7660420154645999 -0.6427905028412707 0
    outer loop
      vertex -31.48566246032715 -44.61237335205078 -2
      vertex -31.165258407592773 -44.230533599853516 -7.299999237060547
      vertex -31.165258407592773 -44.230533599853516 -2
    endloop
  endfacet
  facet normal 0.7660420154645999 -0.6427905028412707 0
    outer loop
      vertex -31.165258407592773 -44.230533599853516 -7.299999237060547
      vertex -31.48566246032715 -44.61237335205078 -2
      vertex -31.48566246032715 -44.61237335205078 -7.299999237060547
    endloop
  endfacet
  facet normal -0.9888307951857476 -0.1490424721088666 0
    outer loop
      vertex -22.524845123291016 -47.1335563659668 -7.299999237060547
      vertex -22.599136352539062 -46.64066696166992 -2
      vertex -22.599136352539062 -46.64066696166992 -7.299999237060547
    endloop
  endfacet
  facet normal -0.9888307951857476 -0.1490424721088666 0
    outer loop
      vertex -22.599136352539062 -46.64066696166992 -2
      vertex -22.524845123291016 -47.1335563659668 -7.299999237060547
      vertex -22.524845123291016 -47.1335563659668 -2
    endloop
  endfacet
  facet normal 0.9950310507895475 -0.09956509410756899 0
    outer loop
      vertex -32.49378204345703 -47.38216781616211 -2
      vertex -32.44415283203125 -46.88618469238281 -7.299999237060547
      vertex -32.44415283203125 -46.88618469238281 -2
    endloop
  endfacet
  facet normal 0.9950310507895475 -0.09956509410756899 0
    outer loop
      vertex -32.44415283203125 -46.88618469238281 -7.299999237060547
      vertex -32.49378204345703 -47.38216781616211 -2
      vertex -32.49378204345703 -47.38216781616211 -7.299999237060547
    endloop
  endfacet
  facet normal 0.9801729696092123 0.19814376005178225 0
    outer loop
      vertex -32.34538650512695 -48.86518478393555 -2
      vertex -32.44415283203125 -48.376609802246094 -7.299999237060547
      vertex -32.44415283203125 -48.376609802246094 -2
    endloop
  endfacet
  facet normal 0.9801729696092123 0.19814376005178225 0
    outer loop
      vertex -32.44415283203125 -48.376609802246094 -7.299999237060547
      vertex -32.34538650512695 -48.86518478393555 -2
      vertex -32.34538650512695 -48.86518478393555 -7.299999237060547
    endloop
  endfacet
  facet normal -0.31848602630504974 0.9479275558018234 0
    outer loop
      vertex -25.673294067382812 -52.2857666015625 -7.299999237060547
      vertex -26.145797729492188 -52.44451904296875 -2
      vertex -25.673294067382812 -52.2857666015625 -2
    endloop
  endfacet
  facet normal -0.31848602630504974 0.9479275558018234 0
    outer loop
      vertex -26.145797729492188 -52.44451904296875 -2
      vertex -25.673294067382812 -52.2857666015625 -7.299999237060547
      vertex -26.145797729492188 -52.44451904296875 -7.299999237060547
    endloop
  endfacet
  facet normal 0.9950310507895475 0.09956509410756899 0
    outer loop
      vertex -32.44415283203125 -48.376609802246094 -2
      vertex -32.49378204345703 -47.8806266784668 -7.299999237060547
      vertex -32.49378204345703 -47.8806266784668 -2
    endloop
  endfacet
  facet normal 0.9950310507895475 0.09956509410756899 0
    outer loop
      vertex -32.49378204345703 -47.8806266784668 -7.299999237060547
      vertex -32.44415283203125 -48.376609802246094 -2
      vertex -32.44415283203125 -48.376609802246094 -7.299999237060547
    endloop
  endfacet
  facet normal 0.4562091281375018 -0.8898725927929348 0
    outer loop
      vertex -30 -43.30126953125 -7.299999237060547
      vertex -29.556434631347656 -43.07386779785156 -2
      vertex -30 -43.30126953125 -2
    endloop
  endfacet
  facet normal 0.4562091281375018 -0.8898725927929348 0
    outer loop
      vertex -29.556434631347656 -43.07386779785156 -2
      vertex -30 -43.30126953125 -7.299999237060547
      vertex -29.556434631347656 -43.07386779785156 -7.299999237060547
    endloop
  endfacet
  facet normal 0.07473115967644123 -0.9972037172882049 0
    outer loop
      vertex -28.121719360351562 -42.67020034790039 -7.299999237060547
      vertex -27.624652862548828 -42.63294982910156 -2
      vertex -28.121719360351562 -42.67020034790039 -2
    endloop
  endfacet
  facet normal 0.07473115967644123 -0.9972037172882049 0
    outer loop
      vertex -27.624652862548828 -42.63294982910156 -2
      vertex -28.121719360351562 -42.67020034790039 -7.299999237060547
      vertex -27.624652862548828 -42.63294982910156 -7.299999237060547
    endloop
  endfacet
  facet normal 0.36533956760961217 -0.9308743203777949 0
    outer loop
      vertex -29.556434631347656 -43.07386779785156 -7.299999237060547
      vertex -29.09243392944336 -42.891761779785156 -2
      vertex -29.556434631347656 -43.07386779785156 -2
    endloop
  endfacet
  facet normal 0.36533956760961217 -0.9308743203777949 0
    outer loop
      vertex -29.09243392944336 -42.891761779785156 -2
      vertex -29.556434631347656 -43.07386779785156 -7.299999237060547
      vertex -29.09243392944336 -42.891761779785156 -7.299999237060547
    endloop
  endfacet
  facet normal -0.8532909139011633 -0.5214351505736046 0
    outer loop
      vertex -23.108890533447266 -45.24012756347656 -7.299999237060547
      vertex -23.368804931640625 -44.814796447753906 -2
      vertex -23.368804931640625 -44.814796447753906 -7.299999237060547
    endloop
  endfacet
  facet normal -0.8532909139011633 -0.5214351505736046 0
    outer loop
      vertex -23.368804931640625 -44.814796447753906 -2
      vertex -23.108890533447266 -45.24012756347656 -7.299999237060547
      vertex -23.108890533447266 -45.24012756347656 -2
    endloop
  endfacet
  facet normal -0.4112871222449548 0.9115058436869529 0
    outer loop
      vertex -25.21894645690918 -52.08075714111328 -7.299999237060547
      vertex -25.673294067382812 -52.2857666015625 -2
      vertex -25.21894645690918 -52.08075714111328 -2
    endloop
  endfacet
  facet normal -0.4112871222449548 0.9115058436869529 0
    outer loop
      vertex -25.673294067382812 -52.2857666015625 -2
      vertex -25.21894645690918 -52.08075714111328 -7.299999237060547
      vertex -25.673294067382812 -52.2857666015625 -7.299999237060547
    endloop
  endfacet
  facet normal -0.024933490989674702 0.9996891121879181 0
    outer loop
      vertex -27.12635040283203 -52.61741638183594 -7.299999237060547
      vertex -27.624652862548828 -52.629844665527344 -2
      vertex -27.12635040283203 -52.61741638183594 -2
    endloop
  endfacet
  facet normal -0.024933490989674702 0.9996891121879181 0
    outer loop
      vertex -27.624652862548828 -52.629844665527344 -2
      vertex -27.12635040283203 -52.61741638183594 -7.299999237060547
      vertex -27.624652862548828 -52.629844665527344 -7.299999237060547
    endloop
  endfacet
  facet normal 0.2708385471000089 0.9626247874456362 0
    outer loop
      vertex -28.61260414123535 -52.50603485107422 -7.299999237060547
      vertex -29.09243392944336 -52.37103271484375 -2
      vertex -28.61260414123535 -52.50603485107422 -2
    endloop
  endfacet
  facet normal 0.2708385471000089 0.9626247874456362 0
    outer loop
      vertex -29.09243392944336 -52.37103271484375 -2
      vertex -28.61260414123535 -52.50603485107422 -7.299999237060547
      vertex -29.09243392944336 -52.37103271484375 -7.299999237060547
    endloop
  endfacet
  facet normal 0.17365413997830434 0.9848067016772354 0
    outer loop
      vertex -28.121719360351562 -52.592594146728516 -7.299999237060547
      vertex -28.61260414123535 -52.50603485107422 -2
      vertex -28.121719360351562 -52.592594146728516 -2
    endloop
  endfacet
  facet normal 0.17365413997830434 0.9848067016772354 0
    outer loop
      vertex -28.61260414123535 -52.50603485107422 -2
      vertex -28.121719360351562 -52.592594146728516 -7.299999237060547
      vertex -28.61260414123535 -52.50603485107422 -7.299999237060547
    endloop
  endfacet
  facet normal -0.7971330008480418 -0.603803758649278 0
    outer loop
      vertex -23.368804931640625 -44.814796447753906 -7.299999237060547
      vertex -23.669776916503906 -44.417457580566406 -2
      vertex -23.669776916503906 -44.417457580566406 -7.299999237060547
    endloop
  endfacet
  facet normal -0.7971330008480418 -0.603803758649278 0
    outer loop
      vertex -23.669776916503906 -44.417457580566406 -2
      vertex -23.368804931640625 -44.814796447753906 -7.299999237060547
      vertex -23.368804931640625 -44.814796447753906 -2
    endloop
  endfacet
  facet normal 0.36533956760961217 0.9308743203777949 0
    outer loop
      vertex -29.09243392944336 -52.37103271484375 -7.299999237060547
      vertex -29.556434631347656 -52.188926696777344 -2
      vertex -29.09243392944336 -52.37103271484375 -2
    endloop
  endfacet
  facet normal 0.36533956760961217 0.9308743203777949 0
    outer loop
      vertex -29.556434631347656 -52.188926696777344 -2
      vertex -29.09243392944336 -52.37103271484375 -7.299999237060547
      vertex -29.556434631347656 -52.188926696777344 -7.299999237060547
    endloop
  endfacet
  facet normal 0.4562091281375018 0.8898725927929348 0
    outer loop
      vertex -29.556434631347656 -52.188926696777344 -7.299999237060547
      vertex -30 -51.961524963378906 -2
      vertex -29.556434631347656 -52.188926696777344 -2
    endloop
  endfacet
  facet normal 0.4562091281375018 0.8898725927929348 0
    outer loop
      vertex -30 -51.961524963378906 -2
      vertex -29.556434631347656 -52.188926696777344 -7.299999237060547
      vertex -30 -51.961524963378906 -7.299999237060547
    endloop
  endfacet
  facet normal -0.66168668516126 0.7497804549868606 0
    outer loop
      vertex -24.00881576538086 -51.210731506347656 -7.299999237060547
      vertex -24.382549285888672 -51.54055404663086 -2
      vertex -24.00881576538086 -51.210731506347656 -2
    endloop
  endfacet
  facet normal -0.66168668516126 0.7497804549868606 0
    outer loop
      vertex -24.382549285888672 -51.54055404663086 -2
      vertex -24.00881576538086 -51.210731506347656 -7.299999237060547
      vertex -24.382549285888672 -51.54055404663086 -7.299999237060547
    endloop
  endfacet
  facet normal -0.024933490989674702 -0.9996891121879181 0
    outer loop
      vertex -27.624652862548828 -42.63294982910156 -7.299999237060547
      vertex -27.12635040283203 -42.64537811279297 -2
      vertex -27.624652862548828 -42.63294982910156 -2
    endloop
  endfacet
  facet normal -0.024933490989674702 -0.9996891121879181 0
    outer loop
      vertex -27.12635040283203 -42.64537811279297 -2
      vertex -27.624652862548828 -42.63294982910156 -7.299999237060547
      vertex -27.12635040283203 -42.64537811279297 -7.299999237060547
    endloop
  endfacet
  facet normal -0.12434555707507525 -0.9922389744591216 0
    outer loop
      vertex -27.12635040283203 -42.64537811279297 -7.299999237060547
      vertex -26.631759643554688 -42.707359313964844 -2
      vertex -27.12635040283203 -42.64537811279297 -2
    endloop
  endfacet
  facet normal -0.12434555707507525 -0.9922389744591216 0
    outer loop
      vertex -26.631759643554688 -42.707359313964844 -2
      vertex -27.12635040283203 -42.64537811279297 -7.299999237060547
      vertex -26.631759643554688 -42.707359313964844 -7.299999237060547
    endloop
  endfacet
  facet normal 0.6234884913495241 -0.7818325275624532 0
    outer loop
      vertex -30.808429718017578 -43.88249206542969 -7.299999237060547
      vertex -30.418718338012695 -43.57170867919922 -2
      vertex -30.808429718017578 -43.88249206542969 -2
    endloop
  endfacet
  facet normal 0.6234884913495241 -0.7818325275624532 0
    outer loop
      vertex -30.418718338012695 -43.57170867919922 -2
      vertex -30.808429718017578 -43.88249206542969 -7.299999237060547
      vertex -30.418718338012695 -43.57170867919922 -7.299999237060547
    endloop
  endfacet
  facet normal -0.7330496577140617 0.6801751240124095 0
    outer loop
      vertex -24.00881576538086 -51.210731506347656 -7.299999237060547
      vertex -23.669776916503906 -50.8453369140625 -2
      vertex -23.669776916503906 -50.8453369140625 -7.299999237060547
    endloop
  endfacet
  facet normal -0.7330496577140617 0.6801751240124095 0
    outer loop
      vertex -23.669776916503906 -50.8453369140625 -2
      vertex -24.00881576538086 -51.210731506347656 -7.299999237060547
      vertex -24.00881576538086 -51.210731506347656 -2
    endloop
  endfacet
  facet normal -0.22251807751640043 0.9749285641411914 0
    outer loop
      vertex -26.145797729492188 -52.44451904296875 -7.299999237060547
      vertex -26.631759643554688 -52.55543518066406 -2
      vertex -26.145797729492188 -52.44451904296875 -2
    endloop
  endfacet
  facet normal -0.22251807751640043 0.9749285641411914 0
    outer loop
      vertex -26.631759643554688 -52.55543518066406 -2
      vertex -26.145797729492188 -52.44451904296875 -7.299999237060547
      vertex -26.631759643554688 -52.55543518066406 -7.299999237060547
    endloop
  endfacet
  facet normal -0.93969216121412 -0.3420214059861405 0
    outer loop
      vertex -22.722135543823242 -46.15761947631836 -7.299999237060547
      vertex -22.89261817932129 -45.68922424316406 -2
      vertex -22.89261817932129 -45.68922424316406 -7.299999237060547
    endloop
  endfacet
  facet normal -0.93969216121412 -0.3420214059861405 0
    outer loop
      vertex -22.89261817932129 -45.68922424316406 -2
      vertex -22.722135543823242 -46.15761947631836 -7.299999237060547
      vertex -22.722135543823242 -46.15761947631836 -2
    endloop
  endfacet
  facet normal -0.31848602630504974 -0.9479275558018234 0
    outer loop
      vertex -26.145797729492188 -42.818275451660156 -7.299999237060547
      vertex -25.673294067382812 -42.977027893066406 -2
      vertex -26.145797729492188 -42.818275451660156 -2
    endloop
  endfacet
  facet normal -0.31848602630504974 -0.9479275558018234 0
    outer loop
      vertex -25.673294067382812 -42.977027893066406 -2
      vertex -26.145797729492188 -42.818275451660156 -7.299999237060547
      vertex -25.673294067382812 -42.977027893066406 -7.299999237060547
    endloop
  endfacet
  facet normal 0.8782208881569856 -0.47825523688168375 0
    outer loop
      vertex -32.004844665527344 -45.461978912353516 -2
      vertex -31.76645278930664 -45.02421951293945 -7.299999237060547
      vertex -31.76645278930664 -45.02421951293945 -2
    endloop
  endfacet
  facet normal 0.8782208881569856 -0.47825523688168375 0
    outer loop
      vertex -31.76645278930664 -45.02421951293945 -7.299999237060547
      vertex -32.004844665527344 -45.461978912353516 -2
      vertex -32.004844665527344 -45.461978912353516 -7.299999237060547
    endloop
  endfacet
  facet normal -0.9396930564451077 0.34201894635948393 0
    outer loop
      vertex -22.89261817932129 -49.573570251464844 -7.299999237060547
      vertex -22.722135543823242 -49.10517120361328 -2
      vertex -22.722135543823242 -49.10517120361328 -7.299999237060547
    endloop
  endfacet
  facet normal -0.9396930564451077 0.34201894635948393 0
    outer loop
      vertex -22.722135543823242 -49.10517120361328 -2
      vertex -22.89261817932129 -49.573570251464844 -7.299999237060547
      vertex -22.89261817932129 -49.573570251464844 -2
    endloop
  endfacet
  facet normal -0.7971330008480418 0.603803758649278 0
    outer loop
      vertex -23.669776916503906 -50.8453369140625 -7.299999237060547
      vertex -23.368804931640625 -50.447998046875 -2
      vertex -23.368804931640625 -50.447998046875 -7.299999237060547
    endloop
  endfacet
  facet normal -0.7971330008480418 0.603803758649278 0
    outer loop
      vertex -23.368804931640625 -50.447998046875 -2
      vertex -23.669776916503906 -50.8453369140625 -7.299999237060547
      vertex -23.669776916503906 -50.8453369140625 -2
    endloop
  endfacet
  facet normal -0.9009698154307721 -0.4338817715491634 0
    outer loop
      vertex -22.89261817932129 -45.68922424316406 -7.299999237060547
      vertex -23.108890533447266 -45.24012756347656 -2
      vertex -23.108890533447266 -45.24012756347656 -7.299999237060547
    endloop
  endfacet
  facet normal -0.9009698154307721 -0.4338817715491634 0
    outer loop
      vertex -23.108890533447266 -45.24012756347656 -2
      vertex -22.89261817932129 -45.68922424316406 -7.299999237060547
      vertex -22.89261817932129 -45.68922424316406 -2
    endloop
  endfacet
  facet normal -0.9690767301180304 0.2467595816655272 0
    outer loop
      vertex -22.722135543823242 -49.10517120361328 -7.299999237060547
      vertex -22.599136352539062 -48.622127532958984 -2
      vertex -22.599136352539062 -48.622127532958984 -7.299999237060547
    endloop
  endfacet
  facet normal -0.9690767301180304 0.2467595816655272 0
    outer loop
      vertex -22.599136352539062 -48.622127532958984 -2
      vertex -22.722135543823242 -49.10517120361328 -7.299999237060547
      vertex -22.722135543823242 -49.10517120361328 -2
    endloop
  endfacet
  facet normal 0 0 -1
    outer loop
      vertex -22.524845123291016 -48.129234313964844 -2
      vertex -22.524845123291016 -47.1335563659668 -2
      vertex -22.5 -47.63139724731445 -2
    endloop
  endfacet
  facet normal 0 0 -1
    outer loop
      vertex -22.599136352539062 -48.622127532958984 -2
      vertex -22.524845123291016 -47.1335563659668 -2
      vertex -22.524845123291016 -48.129234313964844 -2
    endloop
  endfacet
  facet normal 0 0 -1
    outer loop
      vertex -22.599136352539062 -48.622127532958984 -2
      vertex -22.599136352539062 -46.64066696166992 -2
      vertex -22.524845123291016 -47.1335563659668 -2
    endloop
  endfacet
  facet normal 0 0 -1
    outer loop
      vertex -22.722135543823242 -49.10517120361328 -2
      vertex -22.599136352539062 -46.64066696166992 -2
      vertex -22.599136352539062 -48.622127532958984 -2
    endloop
  endfacet
  facet normal 0 0 -1
    outer loop
      vertex -22.722135543823242 -49.10517120361328 -2
      vertex -22.722135543823242 -46.15761947631836 -2
      vertex -22.599136352539062 -46.64066696166992 -2
    endloop
  endfacet
  facet normal 0 0 -1
    outer loop
      vertex -22.89261817932129 -49.573570251464844 -2
      vertex -22.722135543823242 -46.15761947631836 -2
      vertex -22.722135543823242 -49.10517120361328 -2
    endloop
  endfacet
  facet normal 0 0 -1
    outer loop
      vertex -22.89261817932129 -49.573570251464844 -2
      vertex -22.89261817932129 -45.68922424316406 -2
      vertex -22.722135543823242 -46.15761947631836 -2
    endloop
  endfacet
  facet normal 0 0 -1
    outer loop
      vertex -23.108890533447266 -50.022666931152344 -2
      vertex -22.89261817932129 -45.68922424316406 -2
      vertex -22.89261817932129 -49.573570251464844 -2
    endloop
  endfacet
  facet normal 0 0 -1
    outer loop
      vertex -23.108890533447266 -50.022666931152344 -2
      vertex -23.108890533447266 -45.24012756347656 -2
      vertex -22.89261817932129 -45.68922424316406 -2
    endloop
  endfacet
  facet normal 0 0 -1
    outer loop
      vertex -23.368804931640625 -50.447998046875 -2
      vertex -23.108890533447266 -45.24012756347656 -2
      vertex -23.108890533447266 -50.022666931152344 -2
    endloop
  endfacet
  facet normal 0 0 -1
    outer loop
      vertex -23.368804931640625 -50.447998046875 -2
      vertex -23.368804931640625 -44.814796447753906 -2
      vertex -23.108890533447266 -45.24012756347656 -2
    endloop
  endfacet
  facet normal 0 0 -1
    outer loop
      vertex -23.669776916503906 -50.8453369140625 -2
      vertex -23.368804931640625 -44.814796447753906 -2
      vertex -23.368804931640625 -50.447998046875 -2
    endloop
  endfacet
  facet normal 0 0 -1
    outer loop
      vertex -23.669776916503906 -50.8453369140625 -2
      vertex -23.669776916503906 -44.417457580566406 -2
      vertex -23.368804931640625 -44.814796447753906 -2
    endloop
  endfacet
  facet normal 0 0 -1
    outer loop
      vertex -24.00881576538086 -51.210731506347656 -2
      vertex -23.669776916503906 -44.417457580566406 -2
      vertex -23.669776916503906 -50.8453369140625 -2
    endloop
  endfacet
  facet normal 0 0 -1
    outer loop
      vertex -24.00881576538086 -51.210731506347656 -2
      vertex -24.00881576538086 -44.05206298828125 -2
      vertex -23.669776916503906 -44.417457580566406 -2
    endloop
  endfacet
  facet normal 0 0 -1
    outer loop
      vertex -24.382549285888672 -51.54055404663086 -2
      vertex -24.00881576538086 -44.05206298828125 -2
      vertex -24.00881576538086 -51.210731506347656 -2
    endloop
  endfacet
  facet normal 0 0 -1
    outer loop
      vertex -24.382549285888672 -51.54055404663086 -2
      vertex -24.382549285888672 -43.72224044799805 -2
      vertex -24.00881576538086 -44.05206298828125 -2
    endloop
  endfacet
  facet normal 0 0 -1
    outer loop
      vertex -24.787269592285156 -51.83152770996094 -2
      vertex -24.382549285888672 -43.72224044799805 -2
      vertex -24.382549285888672 -51.54055404663086 -2
    endloop
  endfacet
  facet normal 0 0 -1
    outer loop
      vertex -24.787269592285156 -51.83152770996094 -2
      vertex -24.787269592285156 -43.43126678466797 -2
      vertex -24.382549285888672 -43.72224044799805 -2
    endloop
  endfacet
  facet normal 0 0 -1
    outer loop
      vertex -25.21894645690918 -52.08075714111328 -2
      vertex -24.787269592285156 -43.43126678466797 -2
      vertex -24.787269592285156 -51.83152770996094 -2
    endloop
  endfacet
  facet normal 0 0 -1
    outer loop
      vertex -25.21894645690918 -52.08075714111328 -2
      vertex -25.21894645690918 -43.182037353515625 -2
      vertex -24.787269592285156 -43.43126678466797 -2
    endloop
  endfacet
  facet normal 0 0 -1
    outer loop
      vertex -25.673294067382812 -52.2857666015625 -2
      vertex -25.21894645690918 -43.182037353515625 -2
      vertex -25.21894645690918 -52.08075714111328 -2
    endloop
  endfacet
  facet normal 0 0 -1
    outer loop
      vertex -25.673294067382812 -52.2857666015625 -2
      vertex -25.673294067382812 -42.977027893066406 -2
      vertex -25.21894645690918 -43.182037353515625 -2
    endloop
  endfacet
  facet normal 0 0 -1
    outer loop
      vertex -26.145797729492188 -52.44451904296875 -2
      vertex -25.673294067382812 -42.977027893066406 -2
      vertex -25.673294067382812 -52.2857666015625 -2
    endloop
  endfacet
  facet normal 0 0 -1
    outer loop
      vertex -26.145797729492188 -52.44451904296875 -2
      vertex -26.145797729492188 -42.818275451660156 -2
      vertex -25.673294067382812 -42.977027893066406 -2
    endloop
  endfacet
  facet normal 0 0 -1
    outer loop
      vertex -26.631759643554688 -52.55543518066406 -2
      vertex -26.145797729492188 -42.818275451660156 -2
      vertex -26.145797729492188 -52.44451904296875 -2
    endloop
  endfacet
  facet normal 0 0 -1
    outer loop
      vertex -26.631759643554688 -52.55543518066406 -2
      vertex -26.631759643554688 -42.707359313964844 -2
      vertex -26.145797729492188 -42.818275451660156 -2
    endloop
  endfacet
  facet normal 0 0 -1
    outer loop
      vertex -27.12635040283203 -52.61741638183594 -2
      vertex -26.631759643554688 -42.707359313964844 -2
      vertex -26.631759643554688 -52.55543518066406 -2
    endloop
  endfacet
  facet normal 0 0 -1
    outer loop
      vertex -27.12635040283203 -52.61741638183594 -2
      vertex -27.12635040283203 -42.64537811279297 -2
      vertex -26.631759643554688 -42.707359313964844 -2
    endloop
  endfacet
  facet normal 0 0 -1
    outer loop
      vertex -27.624652862548828 -52.629844665527344 -2
      vertex -27.12635040283203 -42.64537811279297 -2
      vertex -27.12635040283203 -52.61741638183594 -2
    endloop
  endfacet
  facet normal 0 0 -1
    outer loop
      vertex -27.624652862548828 -52.629844665527344 -2
      vertex -27.624652862548828 -42.63294982910156 -2
      vertex -27.12635040283203 -42.64537811279297 -2
    endloop
  endfacet
  facet normal 0 0 -1
    outer loop
      vertex -28.121719360351562 -52.592594146728516 -2
      vertex -27.624652862548828 -42.63294982910156 -2
      vertex -27.624652862548828 -52.629844665527344 -2
    endloop
  endfacet
  facet normal 0 0 -1
    outer loop
      vertex -28.121719360351562 -52.592594146728516 -2
      vertex -28.121719360351562 -42.67020034790039 -2
      vertex -27.624652862548828 -42.63294982910156 -2
    endloop
  endfacet
  facet normal 0 0 -1
    outer loop
      vertex -28.61260414123535 -52.50603485107422 -2
      vertex -28.121719360351562 -42.67020034790039 -2
      vertex -28.121719360351562 -52.592594146728516 -2
    endloop
  endfacet
  facet normal 0 0 -1
    outer loop
      vertex -28.61260414123535 -52.50603485107422 -2
      vertex -28.61260414123535 -42.75675582885742 -2
      vertex -28.121719360351562 -42.67020034790039 -2
    endloop
  endfacet
  facet normal 0 0 -1
    outer loop
      vertex -29.09243392944336 -52.37103271484375 -2
      vertex -28.61260414123535 -42.75675582885742 -2
      vertex -28.61260414123535 -52.50603485107422 -2
    endloop
  endfacet
  facet normal 0 0 -1
    outer loop
      vertex -29.09243392944336 -52.37103271484375 -2
      vertex -29.09243392944336 -42.891761779785156 -2
      vertex -28.61260414123535 -42.75675582885742 -2
    endloop
  endfacet
  facet normal 0 0 -1
    outer loop
      vertex -29.556434631347656 -52.188926696777344 -2
      vertex -29.09243392944336 -42.891761779785156 -2
      vertex -29.09243392944336 -52.37103271484375 -2
    endloop
  endfacet
  facet normal 0 0 -1
    outer loop
      vertex -29.556434631347656 -52.188926696777344 -2
      vertex -29.556434631347656 -43.07386779785156 -2
      vertex -29.09243392944336 -42.891761779785156 -2
    endloop
  endfacet
  facet normal 0 0 -1
    outer loop
      vertex -30 -51.961524963378906 -2
      vertex -29.556434631347656 -43.07386779785156 -2
      vertex -29.556434631347656 -52.188926696777344 -2
    endloop
  endfacet
  facet normal 0 0 -1
    outer loop
      vertex -30 -51.961524963378906 -2
      vertex -30 -43.30126953125 -2
      vertex -29.556434631347656 -43.07386779785156 -2
    endloop
  endfacet
  facet normal 0 0 -1
    outer loop
      vertex -30.418718338012695 -51.69108581542969 -2
      vertex -30 -43.30126953125 -2
      vertex -30 -51.961524963378906 -2
    endloop
  endfacet
  facet normal 0 0 -1
    outer loop
      vertex -30.418718338012695 -51.69108581542969 -2
      vertex -30.418718338012695 -43.57170867919922 -2
      vertex -30 -43.30126953125 -2
    endloop
  endfacet
  facet normal 0 0 -1
    outer loop
      vertex -30.808429718017578 -51.38030242919922 -2
      vertex -30.418718338012695 -43.57170867919922 -2
      vertex -30.418718338012695 -51.69108581542969 -2
    endloop
  endfacet
  facet normal 0 0 -1
    outer loop
      vertex -30.808429718017578 -51.38030242919922 -2
      vertex -30.808429718017578 -43.88249206542969 -2
      vertex -30.418718338012695 -43.57170867919922 -2
    endloop
  endfacet
  facet normal 0 0 -1
    outer loop
      vertex -31.165258407592773 -51.03226089477539 -2
      vertex -30.808429718017578 -43.88249206542969 -2
      vertex -30.808429718017578 -51.38030242919922 -2
    endloop
  endfacet
  facet normal 0 0 -1
    outer loop
      vertex -31.165258407592773 -51.03226089477539 -2
      vertex -31.165258407592773 -44.230533599853516 -2
      vertex -30.808429718017578 -43.88249206542969 -2
    endloop
  endfacet
  facet normal 0 0 -1
    outer loop
      vertex -31.48566246032715 -50.650421142578125 -2
      vertex -31.165258407592773 -44.230533599853516 -2
      vertex -31.165258407592773 -51.03226089477539 -2
    endloop
  endfacet
  facet normal 0 0 -1
    outer loop
      vertex -31.48566246032715 -50.650421142578125 -2
      vertex -31.48566246032715 -44.61237335205078 -2
      vertex -31.165258407592773 -44.230533599853516 -2
    endloop
  endfacet
  facet normal 0 0 -1
    outer loop
      vertex -31.76645278930664 -50.23857116699219 -2
      vertex -31.48566246032715 -44.61237335205078 -2
      vertex -31.48566246032715 -50.650421142578125 -2
    endloop
  endfacet
  facet normal 0 0 -1
    outer loop
      vertex -31.76645278930664 -50.23857116699219 -2
      vertex -31.76645278930664 -45.02421951293945 -2
      vertex -31.48566246032715 -44.61237335205078 -2
    endloop
  endfacet
  facet normal 0 0 -1
    outer loop
      vertex -32.004844665527344 -49.80081558227539 -2
      vertex -31.76645278930664 -45.02421951293945 -2
      vertex -31.76645278930664 -50.23857116699219 -2
    endloop
  endfacet
  facet normal 0 0 -1
    outer loop
      vertex -32.004844665527344 -49.80081558227539 -2
      vertex -32.004844665527344 -45.461978912353516 -2
      vertex -31.76645278930664 -45.02421951293945 -2
    endloop
  endfacet
  facet normal 0 0 -1
    outer loop
      vertex -32.198463439941406 -49.34149932861328 -2
      vertex -32.004844665527344 -45.461978912353516 -2
      vertex -32.004844665527344 -49.80081558227539 -2
    endloop
  endfacet
  facet normal 0 0 -1
    outer loop
      vertex -32.198463439941406 -49.34149932861328 -2
      vertex -32.198463439941406 -45.921295166015625 -2
      vertex -32.004844665527344 -45.461978912353516 -2
    endloop
  endfacet
  facet normal 0 0 -1
    outer loop
      vertex -32.34538650512695 -48.86518478393555 -2
      vertex -32.198463439941406 -45.921295166015625 -2
      vertex -32.198463439941406 -49.34149932861328 -2
    endloop
  endfacet
  facet normal 0 0 -1
    outer loop
      vertex -32.34538650512695 -48.86518478393555 -2
      vertex -32.34538650512695 -46.39760971069336 -2
      vertex -32.198463439941406 -45.921295166015625 -2
    endloop
  endfacet
  facet normal 0 0 -1
    outer loop
      vertex -32.44415283203125 -48.376609802246094 -2
      vertex -32.34538650512695 -46.39760971069336 -2
      vertex -32.34538650512695 -48.86518478393555 -2
    endloop
  endfacet
  facet normal 0 0 -1
    outer loop
      vertex -32.44415283203125 -48.376609802246094 -2
      vertex -32.44415283203125 -46.88618469238281 -2
      vertex -32.34538650512695 -46.39760971069336 -2
    endloop
  endfacet
  facet normal 0 0 -1
    outer loop
      vertex -32.49378204345703 -47.8806266784668 -2
      vertex -32.44415283203125 -46.88618469238281 -2
      vertex -32.44415283203125 -48.376609802246094 -2
    endloop
  endfacet
  facet normal 0 0 -1
    outer loop
      vertex -32.44415283203125 -46.88618469238281 -2
      vertex -32.49378204345703 -47.8806266784668 -2
      vertex -32.49378204345703 -47.38216781616211 -2
    endloop
  endfacet
  facet normal -0.9987570102833708 0.04984410105341247 0
    outer loop
      vertex -22.524845123291016 -48.129234313964844 -7.299999237060547
      vertex -22.5 -47.63139724731445 -2
      vertex -22.5 -47.63139724731445 -7.299999237060547
    endloop
  endfacet
  facet normal -0.9987570102833708 0.04984410105341247 0
    outer loop
      vertex -22.5 -47.63139724731445 -2
      vertex -22.524845123291016 -48.129234313964844 -7.299999237060547
      vertex -22.524845123291016 -48.129234313964844 -2
    endloop
  endfacet
  facet normal -0.9009698154307721 0.4338817715491634 0
    outer loop
      vertex -23.108890533447266 -50.022666931152344 -7.299999237060547
      vertex -22.89261817932129 -49.573570251464844 -2
      vertex -22.89261817932129 -49.573570251464844 -7.299999237060547
    endloop
  endfacet
  facet normal -0.9009698154307721 0.4338817715491634 0
    outer loop
      vertex -22.89261817932129 -49.573570251464844 -2
      vertex -23.108890533447266 -50.022666931152344 -7.299999237060547
      vertex -23.108890533447266 -50.022666931152344 -2
    endloop
  endfacet
  facet normal 0.9987566387802899 -0.04985154453271937 0
    outer loop
      vertex -60 0 -2
      vertex -59.97515106201172 0.49783897399902344 -7.299999237060547
      vertex -59.97515106201172 0.49783897399902344 -2
    endloop
  endfacet
  facet normal 0.9987566387802899 -0.04985154453271937 0
    outer loop
      vertex -59.97515106201172 0.49783897399902344 -7.299999237060547
      vertex -60 0 -2
      vertex -60 0 -7.299999237060547
    endloop
  endfacet
  facet normal 0.9690760480869923 -0.24676226012925298 0
    outer loop
      vertex -59.90086364746094 0.9907302856445312 -2
      vertex -59.777862548828125 1.473775863647461 -7.299999237060547
      vertex -59.777862548828125 1.473775863647461 -2
    endloop
  endfacet
  facet normal 0.9690760480869923 -0.24676226012925298 0
    outer loop
      vertex -59.777862548828125 1.473775863647461 -7.299999237060547
      vertex -59.90086364746094 0.9907302856445312 -2
      vertex -59.90086364746094 0.9907302856445312 -7.299999237060547
    endloop
  endfacet
  facet normal 0.7971323033187591 0.603804679516257 0
    outer loop
      vertex -58.830223083496094 -3.213937759399414 -2
      vertex -59.131195068359375 -2.8165998458862305 -7.299999237060547
      vertex -59.131195068359375 -2.8165998458862305 -2
    endloop
  endfacet
  facet normal 0.7971323033187591 0.603804679516257 0
    outer loop
      vertex -59.131195068359375 -2.8165998458862305 -7.299999237060547
      vertex -58.830223083496094 -3.213937759399414 -2
      vertex -58.830223083496094 -3.213937759399414 -7.299999237060547
    endloop
  endfacet
  facet normal 0.9396928326391715 -0.34201956126305116 0
    outer loop
      vertex -59.777862548828125 1.473775863647461 -2
      vertex -59.60737991333008 1.942173957824707 -7.299999237060547
      vertex -59.60737991333008 1.942173957824707 -2
    endloop
  endfacet
  facet normal 0.9396928326391715 -0.34201956126305116 0
    outer loop
      vertex -59.60737991333008 1.942173957824707 -7.299999237060547
      vertex -59.777862548828125 1.473775863647461 -2
      vertex -59.777862548828125 1.473775863647461 -7.299999237060547
    endloop
  endfacet
  facet normal 0.9888320080349793 0.14903442516918922 0
    outer loop
      vertex -59.90086364746094 -0.9907302856445312 -2
      vertex -59.97515106201172 -0.49783897399902344 -7.299999237060547
      vertex -59.97515106201172 -0.49783897399902344 -2
    endloop
  endfacet
  facet normal 0.9888320080349793 0.14903442516918922 0
    outer loop
      vertex -59.97515106201172 -0.49783897399902344 -7.299999237060547
      vertex -59.90086364746094 -0.9907302856445312 -2
      vertex -59.90086364746094 -0.9907302856445312 -7.299999237060547
    endloop
  endfacet
  facet normal 0.9396928326391715 0.34201956126305116 0
    outer loop
      vertex -59.60737991333008 -1.942173957824707 -2
      vertex -59.777862548828125 -1.473775863647461 -7.299999237060547
      vertex -59.777862548828125 -1.473775863647461 -2
    endloop
  endfacet
  facet normal 0.9396928326391715 0.34201956126305116 0
    outer loop
      vertex -59.777862548828125 -1.473775863647461 -7.299999237060547
      vertex -59.60737991333008 -1.942173957824707 -2
      vertex -59.60737991333008 -1.942173957824707 -7.299999237060547
    endloop
  endfacet
  facet normal -0.36534288337415793 0.9308730190352797 0
    outer loop
      vertex -52.943565368652344 -4.557528495788574 -7.299999237060547
      vertex -53.40756607055664 -4.739636421203613 -2
      vertex -52.943565368652344 -4.557528495788574 -2
    endloop
  endfacet
  facet normal -0.36534288337415793 0.9308730190352797 0
    outer loop
      vertex -53.40756607055664 -4.739636421203613 -2
      vertex -52.943565368652344 -4.557528495788574 -7.299999237060547
      vertex -53.40756607055664 -4.739636421203613 -7.299999237060547
    endloop
  endfacet
  facet normal 0.4999993619597861 0.8660257721568145 0
    outer loop
      vertex -57.28105163574219 -4.449358940124512 -7.299999237060547
      vertex -57.712730407714844 -4.200129508972168 -2
      vertex -57.28105163574219 -4.449358940124512 -2
    endloop
  endfacet
  facet normal 0.4999993619597861 0.8660257721568145 0
    outer loop
      vertex -57.712730407714844 -4.200129508972168 -2
      vertex -57.28105163574219 -4.449358940124512 -7.299999237060547
      vertex -57.712730407714844 -4.200129508972168 -7.299999237060547
    endloop
  endfacet
  facet normal 0.6616839639420301 -0.7497828564737674 0
    outer loop
      vertex -58.49118423461914 3.5793333053588867 -7.299999237060547
      vertex -58.11744689941406 3.9091567993164062 -2
      vertex -58.49118423461914 3.5793333053588867 -2
    endloop
  endfacet
  facet normal 0.6616839639420301 -0.7497828564737674 0
    outer loop
      vertex -58.11744689941406 3.9091567993164062 -2
      vertex -58.49118423461914 3.5793333053588867 -7.299999237060547
      vertex -58.11744689941406 3.9091567993164062 -7.299999237060547
    endloop
  endfacet
  facet normal 0.31848602630504974 -0.9479275558018234 0
    outer loop
      vertex -56.82670593261719 4.6543684005737305 -7.299999237060547
      vertex -56.35420227050781 4.8131208419799805 -2
      vertex -56.82670593261719 4.6543684005737305 -2
    endloop
  endfacet
  facet normal 0.31848602630504974 -0.9479275558018234 0
    outer loop
      vertex -56.35420227050781 4.8131208419799805 -2
      vertex -56.82670593261719 4.6543684005737305 -7.299999237060547
      vertex -56.35420227050781 4.8131208419799805 -7.299999237060547
    endloop
  endfacet
  facet normal 0.9690760480869923 0.24676226012925298 0
    outer loop
      vertex -59.777862548828125 -1.473775863647461 -2
      vertex -59.90086364746094 -0.9907302856445312 -7.299999237060547
      vertex -59.90086364746094 -0.9907302856445312 -2
    endloop
  endfacet
  facet normal 0.9690760480869923 0.24676226012925298 0
    outer loop
      vertex -59.90086364746094 -0.9907302856445312 -7.299999237060547
      vertex -59.777862548828125 -1.473775863647461 -2
      vertex -59.777862548828125 -1.473775863647461 -7.299999237060547
    endloop
  endfacet
  facet normal 0.9987566387802899 0.04985154453271937 0
    outer loop
      vertex -59.97515106201172 -0.49783897399902344 -2
      vertex -60 0 -7.299999237060547
      vertex -60 0 -2
    endloop
  endfacet
  facet normal 0.9987566387802899 0.04985154453271937 0
    outer loop
      vertex -60 0 -7.299999237060547
      vertex -59.97515106201172 -0.49783897399902344 -2
      vertex -59.97515106201172 -0.49783897399902344 -7.299999237060547
    endloop
  endfacet
  facet normal 0.900967959418027 0.4338856255997846 0
    outer loop
      vertex -59.39110565185547 -2.3912696838378906 -2
      vertex -59.60737991333008 -1.942173957824707 -7.299999237060547
      vertex -59.60737991333008 -1.942173957824707 -2
    endloop
  endfacet
  facet normal 0.900967959418027 0.4338856255997846 0
    outer loop
      vertex -59.60737991333008 -1.942173957824707 -7.299999237060547
      vertex -59.39110565185547 -2.3912696838378906 -2
      vertex -59.39110565185547 -2.3912696838378906 -7.299999237060547
    endloop
  endfacet
  facet normal 0.6616839639420301 0.7497828564737674 0
    outer loop
      vertex -58.11744689941406 -3.9091567993164062 -7.299999237060547
      vertex -58.49118423461914 -3.5793333053588867 -2
      vertex -58.11744689941406 -3.9091567993164062 -2
    endloop
  endfacet
  facet normal 0.6616839639420301 0.7497828564737674 0
    outer loop
      vertex -58.49118423461914 -3.5793333053588867 -2
      vertex -58.11744689941406 -3.9091567993164062 -7.299999237060547
      vertex -58.49118423461914 -3.5793333053588867 -7.299999237060547
    endloop
  endfacet
  facet normal 0.5837454811535715 -0.8119367051887636 0
    outer loop
      vertex -58.11744689941406 3.9091567993164062 -7.299999237060547
      vertex -57.712730407714844 4.200129508972168 -2
      vertex -58.11744689941406 3.9091567993164062 -2
    endloop
  endfacet
  facet normal 0.5837454811535715 -0.8119367051887636 0
    outer loop
      vertex -57.712730407714844 4.200129508972168 -2
      vertex -58.11744689941406 3.9091567993164062 -7.299999237060547
      vertex -57.712730407714844 4.200129508972168 -7.299999237060547
    endloop
  endfacet
  facet normal -0.8262385144824729 0.5633204391692141 0
    outer loop
      vertex -51.01433563232422 -3.019021987915039 -7.299999237060547
      vertex -50.733543395996094 -2.607175827026367 -2
      vertex -50.733543395996094 -2.607175827026367 -7.299999237060547
    endloop
  endfacet
  facet normal -0.8262385144824729 0.5633204391692141 0
    outer loop
      vertex -50.733543395996094 -2.607175827026367 -2
      vertex -51.01433563232422 -3.019021987915039 -7.299999237060547
      vertex -51.01433563232422 -3.019021987915039 -2
    endloop
  endfacet
  facet normal -0.17364791893977286 -0.9848077986327516 0
    outer loop
      vertex -54.37828063964844 4.961195945739746 -7.299999237060547
      vertex -53.887393951416016 4.874639511108398 -2
      vertex -54.37828063964844 4.961195945739746 -2
    endloop
  endfacet
  facet normal -0.17364791893977286 -0.9848077986327516 0
    outer loop
      vertex -53.887393951416016 4.874639511108398 -2
      vertex -54.37828063964844 4.961195945739746 -7.299999237060547
      vertex -53.887393951416016 4.874639511108398 -7.299999237060547
    endloop
  endfacet
  facet normal -0.9950302736098395 -0.09957286075998749 0
    outer loop
      vertex -50.0062141418457 0.24922847747802734 -7.299999237060547
      vertex -50.05584716796875 0.7452106475830078 -2
      vertex -50.05584716796875 0.7452106475830078 -7.299999237060547
    endloop
  endfacet
  facet normal -0.9950302736098395 -0.09957286075998749 0
    outer loop
      vertex -50.05584716796875 0.7452106475830078 -2
      vertex -50.0062141418457 0.24922847747802734 -7.299999237060547
      vertex -50.0062141418457 0.24922847747802734 -2
    endloop
  endfacet
  facet normal 0.2225198960275158 -0.9749281490817177 0
    outer loop
      vertex -56.35420227050781 4.8131208419799805 -7.299999237060547
      vertex -55.86824035644531 4.924037933349609 -2
      vertex -56.35420227050781 4.8131208419799805 -2
    endloop
  endfacet
  facet normal 0.2225198960275158 -0.9749281490817177 0
    outer loop
      vertex -55.86824035644531 4.924037933349609 -2
      vertex -56.35420227050781 4.8131208419799805 -7.299999237060547
      vertex -55.86824035644531 4.924037933349609 -7.299999237060547
    endloop
  endfacet
  facet normal 0.4112885567669803 -0.9115051964045703 0
    outer loop
      vertex -57.28105163574219 4.449358940124512 -7.299999237060547
      vertex -56.82670593261719 4.6543684005737305 -2
      vertex -57.28105163574219 4.449358940124512 -2
    endloop
  endfacet
  facet normal 0.4112885567669803 -0.9115051964045703 0
    outer loop
      vertex -56.82670593261719 4.6543684005737305 -2
      vertex -57.28105163574219 4.449358940124512 -7.299999237060547
      vertex -56.82670593261719 4.6543684005737305 -7.299999237060547
    endloop
  endfacet
  facet normal -0.9950302736098395 0.09957286075998749 0
    outer loop
      vertex -50.05584716796875 -0.7452106475830078 -7.299999237060547
      vertex -50.0062141418457 -0.24922847747802734 -2
      vertex -50.0062141418457 -0.24922847747802734 -7.299999237060547
    endloop
  endfacet
  facet normal -0.9950302736098395 0.09957286075998749 0
    outer loop
      vertex -50.0062141418457 -0.24922847747802734 -2
      vertex -50.05584716796875 -0.7452106475830078 -7.299999237060547
      vertex -50.05584716796875 -0.7452106475830078 -2
    endloop
  endfacet
  facet normal 0.7330505428540097 -0.680174170063405 0
    outer loop
      vertex -58.830223083496094 3.213937759399414 -2
      vertex -58.49118423461914 3.5793333053588867 -7.299999237060547
      vertex -58.49118423461914 3.5793333053588867 -2
    endloop
  endfacet
  facet normal 0.7330505428540097 -0.680174170063405 0
    outer loop
      vertex -58.49118423461914 3.5793333053588867 -7.299999237060547
      vertex -58.830223083496094 3.213937759399414 -2
      vertex -58.830223083496094 3.213937759399414 -7.299999237060547
    endloop
  endfacet
  facet normal 0.8532937987851219 0.5214304296402886 0
    outer loop
      vertex -59.131195068359375 -2.8165998458862305 -2
      vertex -59.39110565185547 -2.3912696838378906 -7.299999237060547
      vertex -59.39110565185547 -2.3912696838378906 -2
    endloop
  endfacet
  facet normal 0.8532937987851219 0.5214304296402886 0
    outer loop
      vertex -59.39110565185547 -2.3912696838378906 -7.299999237060547
      vertex -59.131195068359375 -2.8165998458862305 -2
      vertex -59.131195068359375 -2.8165998458862305 -7.299999237060547
    endloop
  endfacet
  facet normal 0.12434367341258688 -0.9922392105144121 0
    outer loop
      vertex -55.86824035644531 4.924037933349609 -7.299999237060547
      vertex -55.37364959716797 4.986018180847168 -2
      vertex -55.86824035644531 4.924037933349609 -2
    endloop
  endfacet
  facet normal 0.12434367341258688 -0.9922392105144121 0
    outer loop
      vertex -55.37364959716797 4.986018180847168 -2
      vertex -55.86824035644531 4.924037933349609 -7.299999237060547
      vertex -55.37364959716797 4.986018180847168 -7.299999237060547
    endloop
  endfacet
  facet normal 0.900967959418027 -0.4338856255997846 0
    outer loop
      vertex -59.60737991333008 1.942173957824707 -2
      vertex -59.39110565185547 2.3912696838378906 -7.299999237060547
      vertex -59.39110565185547 2.3912696838378906 -2
    endloop
  endfacet
  facet normal 0.900967959418027 -0.4338856255997846 0
    outer loop
      vertex -59.39110565185547 2.3912696838378906 -7.299999237060547
      vertex -59.60737991333008 1.942173957824707 -2
      vertex -59.60737991333008 1.942173957824707 -7.299999237060547
    endloop
  endfacet
  facet normal 0.5837454811535715 0.8119367051887636 0
    outer loop
      vertex -57.712730407714844 -4.200129508972168 -7.299999237060547
      vertex -58.11744689941406 -3.9091567993164062 -2
      vertex -57.712730407714844 -4.200129508972168 -2
    endloop
  endfacet
  facet normal 0.5837454811535715 0.8119367051887636 0
    outer loop
      vertex -58.11744689941406 -3.9091567993164062 -2
      vertex -57.712730407714844 -4.200129508972168 -7.299999237060547
      vertex -58.11744689941406 -3.9091567993164062 -7.299999237060547
    endloop
  endfacet
  facet normal 0.4999993619597861 -0.8660257721568145 0
    outer loop
      vertex -57.712730407714844 4.200129508972168 -7.299999237060547
      vertex -57.28105163574219 4.449358940124512 -2
      vertex -57.712730407714844 4.200129508972168 -2
    endloop
  endfacet
  facet normal 0.4999993619597861 -0.8660257721568145 0
    outer loop
      vertex -57.28105163574219 4.449358940124512 -2
      vertex -57.712730407714844 4.200129508972168 -7.299999237060547
      vertex -57.28105163574219 4.449358940124512 -7.299999237060547
    endloop
  endfacet
  facet normal -1 0 0
    outer loop
      vertex -50.0062141418457 -0.24922847747802734 -7.299999237060547
      vertex -50.0062141418457 0.24922847747802734 -2
      vertex -50.0062141418457 0.24922847747802734 -7.299999237060547
    endloop
  endfacet
  facet normal -1 0 0
    outer loop
      vertex -50.0062141418457 0.24922847747802734 -2
      vertex -50.0062141418457 -0.24922847747802734 -7.299999237060547
      vertex -50.0062141418457 -0.24922847747802734 -2
    endloop
  endfacet
  facet normal -0.6982355773390236 0.7158680594481363 0
    outer loop
      vertex -51.334739685058594 -3.4008636474609375 -7.299999237060547
      vertex -51.69157028198242 -3.7489051818847656 -2
      vertex -51.334739685058594 -3.4008636474609375 -2
    endloop
  endfacet
  facet normal -0.6982355773390236 0.7158680594481363 0
    outer loop
      vertex -51.69157028198242 -3.7489051818847656 -2
      vertex -51.334739685058594 -3.4008636474609375 -7.299999237060547
      vertex -51.69157028198242 -3.7489051818847656 -7.299999237060547
    endloop
  endfacet
  facet normal -0.9214762597982435 0.38843468257641467 0
    outer loop
      vertex -50.495155334472656 -2.1694183349609375 -7.299999237060547
      vertex -50.301536560058594 -1.7101001739501953 -2
      vertex -50.301536560058594 -1.7101001739501953 -7.299999237060547
    endloop
  endfacet
  facet normal -0.9214762597982435 0.38843468257641467 0
    outer loop
      vertex -50.301536560058594 -1.7101001739501953 -2
      vertex -50.495155334472656 -2.1694183349609375 -7.299999237060547
      vertex -50.495155334472656 -2.1694183349609375 -2
    endloop
  endfacet
  facet normal 0.7971323033187591 -0.603804679516257 0
    outer loop
      vertex -59.131195068359375 2.8165998458862305 -2
      vertex -58.830223083496094 3.213937759399414 -7.299999237060547
      vertex -58.830223083496094 3.213937759399414 -2
    endloop
  endfacet
  facet normal 0.7971323033187591 -0.603804679516257 0
    outer loop
      vertex -58.830223083496094 3.213937759399414 -7.299999237060547
      vertex -59.131195068359375 2.8165998458862305 -2
      vertex -59.131195068359375 2.8165998458862305 -7.299999237060547
    endloop
  endfacet
  facet normal -0.2708413176319375 -0.9626240079404814 0
    outer loop
      vertex -53.887393951416016 4.874639511108398 -7.299999237060547
      vertex -53.40756607055664 4.739636421203613 -2
      vertex -53.887393951416016 4.874639511108398 -2
    endloop
  endfacet
  facet normal -0.2708413176319375 -0.9626240079404814 0
    outer loop
      vertex -53.40756607055664 4.739636421203613 -2
      vertex -53.887393951416016 4.874639511108398 -7.299999237060547
      vertex -53.40756607055664 4.739636421203613 -7.299999237060547
    endloop
  endfacet
  facet normal -0.2708413176319375 0.9626240079404814 0
    outer loop
      vertex -53.40756607055664 -4.739636421203613 -7.299999237060547
      vertex -53.887393951416016 -4.874639511108398 -2
      vertex -53.40756607055664 -4.739636421203613 -2
    endloop
  endfacet
  facet normal -0.2708413176319375 0.9626240079404814 0
    outer loop
      vertex -53.887393951416016 -4.874639511108398 -2
      vertex -53.40756607055664 -4.739636421203613 -7.299999237060547
      vertex -53.887393951416016 -4.874639511108398 -7.299999237060547
    endloop
  endfacet
  facet normal 0.8532937987851219 -0.5214304296402886 0
    outer loop
      vertex -59.39110565185547 2.3912696838378906 -2
      vertex -59.131195068359375 2.8165998458862305 -7.299999237060547
      vertex -59.131195068359375 2.8165998458862305 -2
    endloop
  endfacet
  facet normal 0.8532937987851219 -0.5214304296402886 0
    outer loop
      vertex -59.131195068359375 2.8165998458862305 -7.299999237060547
      vertex -59.39110565185547 2.3912696838378906 -2
      vertex -59.39110565185547 2.3912696838378906 -7.299999237060547
    endloop
  endfacet
  facet normal -0.5425448953893152 0.840026807004989 0
    outer loop
      vertex -52.08127975463867 -4.059689521789551 -7.299999237060547
      vertex -52.5 -4.330126762390137 -2
      vertex -52.08127975463867 -4.059689521789551 -2
    endloop
  endfacet
  facet normal -0.5425448953893152 0.840026807004989 0
    outer loop
      vertex -52.5 -4.330126762390137 -2
      vertex -52.08127975463867 -4.059689521789551 -7.299999237060547
      vertex -52.5 -4.330126762390137 -7.299999237060547
    endloop
  endfacet
  facet normal 0.9888320080349793 -0.14903442516918922 0
    outer loop
      vertex -59.97515106201172 0.49783897399902344 -2
      vertex -59.90086364746094 0.9907302856445312 -7.299999237060547
      vertex -59.90086364746094 0.9907302856445312 -2
    endloop
  endfacet
  facet normal 0.9888320080349793 -0.14903442516918922 0
    outer loop
      vertex -59.90086364746094 0.9907302856445312 -7.299999237060547
      vertex -59.97515106201172 0.49783897399902344 -2
      vertex -59.97515106201172 0.49783897399902344 -7.299999237060547
    endloop
  endfacet
  facet normal -0.6982355773390236 -0.7158680594481363 0
    outer loop
      vertex -51.69157028198242 3.7489051818847656 -7.299999237060547
      vertex -51.334739685058594 3.4008636474609375 -2
      vertex -51.69157028198242 3.7489051818847656 -2
    endloop
  endfacet
  facet normal -0.6982355773390236 -0.7158680594481363 0
    outer loop
      vertex -51.334739685058594 3.4008636474609375 -2
      vertex -51.69157028198242 3.7489051818847656 -7.299999237060547
      vertex -51.334739685058594 3.4008636474609375 -7.299999237060547
    endloop
  endfacet
  facet normal -0.7660435964888327 -0.6427886186597072 0
    outer loop
      vertex -51.01433563232422 3.019021987915039 -7.299999237060547
      vertex -51.334739685058594 3.4008636474609375 -2
      vertex -51.334739685058594 3.4008636474609375 -7.299999237060547
    endloop
  endfacet
  facet normal -0.7660435964888327 -0.6427886186597072 0
    outer loop
      vertex -51.334739685058594 3.4008636474609375 -2
      vertex -51.01433563232422 3.019021987915039 -7.299999237060547
      vertex -51.01433563232422 3.019021987915039 -2
    endloop
  endfacet
  facet normal 0.12434367341258688 0.9922392105144121 0
    outer loop
      vertex -55.37364959716797 -4.986018180847168 -7.299999237060547
      vertex -55.86824035644531 -4.924037933349609 -2
      vertex -55.37364959716797 -4.986018180847168 -2
    endloop
  endfacet
  facet normal 0.12434367341258688 0.9922392105144121 0
    outer loop
      vertex -55.86824035644531 -4.924037933349609 -2
      vertex -55.37364959716797 -4.986018180847168 -7.299999237060547
      vertex -55.86824035644531 -4.924037933349609 -7.299999237060547
    endloop
  endfacet
  facet normal -0.8782232272820231 0.4782509415174714 0
    outer loop
      vertex -50.733543395996094 -2.607175827026367 -7.299999237060547
      vertex -50.495155334472656 -2.1694183349609375 -2
      vertex -50.495155334472656 -2.1694183349609375 -7.299999237060547
    endloop
  endfacet
  facet normal -0.8782232272820231 0.4782509415174714 0
    outer loop
      vertex -50.495155334472656 -2.1694183349609375 -2
      vertex -50.733543395996094 -2.607175827026367 -7.299999237060547
      vertex -50.733543395996094 -2.607175827026367 -2
    endloop
  endfacet
  facet normal -0.8782232272820231 -0.4782509415174714 0
    outer loop
      vertex -50.495155334472656 2.1694183349609375 -7.299999237060547
      vertex -50.733543395996094 2.607175827026367 -2
      vertex -50.733543395996094 2.607175827026367 -7.299999237060547
    endloop
  endfacet
  facet normal -0.8782232272820231 -0.4782509415174714 0
    outer loop
      vertex -50.733543395996094 2.607175827026367 -2
      vertex -50.495155334472656 2.1694183349609375 -7.299999237060547
      vertex -50.495155334472656 2.1694183349609375 -2
    endloop
  endfacet
  facet normal -0.9214762597982435 -0.38843468257641467 0
    outer loop
      vertex -50.301536560058594 1.7101001739501953 -7.299999237060547
      vertex -50.495155334472656 2.1694183349609375 -2
      vertex -50.495155334472656 2.1694183349609375 -7.299999237060547
    endloop
  endfacet
  facet normal -0.9214762597982435 -0.38843468257641467 0
    outer loop
      vertex -50.495155334472656 2.1694183349609375 -2
      vertex -50.301536560058594 1.7101001739501953 -7.299999237060547
      vertex -50.301536560058594 1.7101001739501953 -2
    endloop
  endfacet
  facet normal 0.4112885567669803 0.9115051964045703 0
    outer loop
      vertex -56.82670593261719 -4.6543684005737305 -7.299999237060547
      vertex -57.28105163574219 -4.449358940124512 -2
      vertex -56.82670593261719 -4.6543684005737305 -2
    endloop
  endfacet
  facet normal 0.4112885567669803 0.9115051964045703 0
    outer loop
      vertex -57.28105163574219 -4.449358940124512 -2
      vertex -56.82670593261719 -4.6543684005737305 -7.299999237060547
      vertex -57.28105163574219 -4.449358940124512 -7.299999237060547
    endloop
  endfacet
  facet normal -0.4562091281375018 -0.8898725927929348 0
    outer loop
      vertex -52.943565368652344 4.557528495788574 -7.299999237060547
      vertex -52.5 4.330126762390137 -2
      vertex -52.943565368652344 4.557528495788574 -2
    endloop
  endfacet
  facet normal -0.4562091281375018 -0.8898725927929348 0
    outer loop
      vertex -52.5 4.330126762390137 -2
      vertex -52.943565368652344 4.557528495788574 -7.299999237060547
      vertex -52.5 4.330126762390137 -7.299999237060547
    endloop
  endfacet
  facet normal -0.5425448953893152 -0.840026807004989 0
    outer loop
      vertex -52.5 4.330126762390137 -7.299999237060547
      vertex -52.08127975463867 4.059689521789551 -2
      vertex -52.5 4.330126762390137 -2
    endloop
  endfacet
  facet normal -0.5425448953893152 -0.840026807004989 0
    outer loop
      vertex -52.08127975463867 4.059689521789551 -2
      vertex -52.5 4.330126762390137 -7.299999237060547
      vertex -52.08127975463867 4.059689521789551 -7.299999237060547
    endloop
  endfacet
  facet normal -0.9555729299402829 -0.29475477191276017 0
    outer loop
      vertex -50.15461349487305 1.2337865829467773 -7.299999237060547
      vertex -50.301536560058594 1.7101001739501953 -2
      vertex -50.301536560058594 1.7101001739501953 -7.299999237060547
    endloop
  endfacet
  facet normal -0.9555729299402829 -0.29475477191276017 0
    outer loop
      vertex -50.301536560058594 1.7101001739501953 -2
      vertex -50.15461349487305 1.2337865829467773 -7.299999237060547
      vertex -50.15461349487305 1.2337865829467773 -2
    endloop
  endfacet
  facet normal -0.36534288337415793 -0.9308730190352797 0
    outer loop
      vertex -53.40756607055664 4.739636421203613 -7.299999237060547
      vertex -52.943565368652344 4.557528495788574 -2
      vertex -53.40756607055664 4.739636421203613 -2
    endloop
  endfacet
  facet normal -0.36534288337415793 -0.9308730190352797 0
    outer loop
      vertex -52.943565368652344 4.557528495788574 -2
      vertex -53.40756607055664 4.739636421203613 -7.299999237060547
      vertex -52.943565368652344 4.557528495788574 -7.299999237060547
    endloop
  endfacet
  facet normal 0.7330505428540097 0.680174170063405 0
    outer loop
      vertex -58.49118423461914 -3.5793333053588867 -2
      vertex -58.830223083496094 -3.213937759399414 -7.299999237060547
      vertex -58.830223083496094 -3.213937759399414 -2
    endloop
  endfacet
  facet normal 0.7330505428540097 0.680174170063405 0
    outer loop
      vertex -58.830223083496094 -3.213937759399414 -7.299999237060547
      vertex -58.49118423461914 -3.5793333053588867 -2
      vertex -58.49118423461914 -3.5793333053588867 -7.299999237060547
    endloop
  endfacet
  facet normal -0.6234915261199967 0.7818301074124464 0
    outer loop
      vertex -51.69157028198242 -3.7489051818847656 -7.299999237060547
      vertex -52.08127975463867 -4.059689521789551 -2
      vertex -51.69157028198242 -3.7489051818847656 -2
    endloop
  endfacet
  facet normal -0.6234915261199967 0.7818301074124464 0
    outer loop
      vertex -52.08127975463867 -4.059689521789551 -2
      vertex -51.69157028198242 -3.7489051818847656 -7.299999237060547
      vertex -52.08127975463867 -4.059689521789551 -7.299999237060547
    endloop
  endfacet
  facet normal -0.8262385144824729 -0.5633204391692141 0
    outer loop
      vertex -50.733543395996094 2.607175827026367 -7.299999237060547
      vertex -51.01433563232422 3.019021987915039 -2
      vertex -51.01433563232422 3.019021987915039 -7.299999237060547
    endloop
  endfacet
  facet normal -0.8262385144824729 -0.5633204391692141 0
    outer loop
      vertex -51.01433563232422 3.019021987915039 -2
      vertex -50.733543395996094 2.607175827026367 -7.299999237060547
      vertex -50.733543395996094 2.607175827026367 -2
    endloop
  endfacet
  facet normal -0.9555729299402829 0.29475477191276017 0
    outer loop
      vertex -50.301536560058594 -1.7101001739501953 -7.299999237060547
      vertex -50.15461349487305 -1.2337865829467773 -2
      vertex -50.15461349487305 -1.2337865829467773 -7.299999237060547
    endloop
  endfacet
  facet normal -0.9555729299402829 0.29475477191276017 0
    outer loop
      vertex -50.15461349487305 -1.2337865829467773 -2
      vertex -50.301536560058594 -1.7101001739501953 -7.299999237060547
      vertex -50.301536560058594 -1.7101001739501953 -2
    endloop
  endfacet
  facet normal -0.07472925712085873 -0.9972038598652557 0
    outer loop
      vertex -54.87534713745117 4.998445510864258 -7.299999237060547
      vertex -54.37828063964844 4.961195945739746 -2
      vertex -54.87534713745117 4.998445510864258 -2
    endloop
  endfacet
  facet normal -0.07472925712085873 -0.9972038598652557 0
    outer loop
      vertex -54.37828063964844 4.961195945739746 -2
      vertex -54.87534713745117 4.998445510864258 -7.299999237060547
      vertex -54.37828063964844 4.961195945739746 -7.299999237060547
    endloop
  endfacet
  facet normal -0.17364791893977286 0.9848077986327516 0
    outer loop
      vertex -53.887393951416016 -4.874639511108398 -7.299999237060547
      vertex -54.37828063964844 -4.961195945739746 -2
      vertex -53.887393951416016 -4.874639511108398 -2
    endloop
  endfacet
  facet normal -0.17364791893977286 0.9848077986327516 0
    outer loop
      vertex -54.37828063964844 -4.961195945739746 -2
      vertex -53.887393951416016 -4.874639511108398 -7.299999237060547
      vertex -54.37828063964844 -4.961195945739746 -7.299999237060547
    endloop
  endfacet
  facet normal -0.4562091281375018 0.8898725927929348 0
    outer loop
      vertex -52.5 -4.330126762390137 -7.299999237060547
      vertex -52.943565368652344 -4.557528495788574 -2
      vertex -52.5 -4.330126762390137 -2
    endloop
  endfacet
  facet normal -0.4562091281375018 0.8898725927929348 0
    outer loop
      vertex -52.943565368652344 -4.557528495788574 -2
      vertex -52.5 -4.330126762390137 -7.299999237060547
      vertex -52.943565368652344 -4.557528495788574 -7.299999237060547
    endloop
  endfacet
  facet normal -0.6234915261199967 -0.7818301074124464 0
    outer loop
      vertex -52.08127975463867 4.059689521789551 -7.299999237060547
      vertex -51.69157028198242 3.7489051818847656 -2
      vertex -52.08127975463867 4.059689521789551 -2
    endloop
  endfacet
  facet normal -0.6234915261199967 -0.7818301074124464 0
    outer loop
      vertex -51.69157028198242 3.7489051818847656 -2
      vertex -52.08127975463867 4.059689521789551 -7.299999237060547
      vertex -51.69157028198242 3.7489051818847656 -7.299999237060547
    endloop
  endfacet
  facet normal 0.0249315789276623 -0.9996891598752954 0
    outer loop
      vertex -55.37364959716797 4.986018180847168 -7.299999237060547
      vertex -54.87534713745117 4.998445510864258 -2
      vertex -55.37364959716797 4.986018180847168 -2
    endloop
  endfacet
  facet normal 0.0249315789276623 -0.9996891598752954 0
    outer loop
      vertex -54.87534713745117 4.998445510864258 -2
      vertex -55.37364959716797 4.986018180847168 -7.299999237060547
      vertex -54.87534713745117 4.998445510864258 -7.299999237060547
    endloop
  endfacet
  facet normal -0.980173044724989 -0.19814338847043242 0
    outer loop
      vertex -50.05584716796875 0.7452106475830078 -7.299999237060547
      vertex -50.15461349487305 1.2337865829467773 -2
      vertex -50.15461349487305 1.2337865829467773 -7.299999237060547
    endloop
  endfacet
  facet normal -0.980173044724989 -0.19814338847043242 0
    outer loop
      vertex -50.15461349487305 1.2337865829467773 -2
      vertex -50.05584716796875 0.7452106475830078 -7.299999237060547
      vertex -50.05584716796875 0.7452106475830078 -2
    endloop
  endfacet
  facet normal -0.7660435964888327 0.6427886186597072 0
    outer loop
      vertex -51.334739685058594 -3.4008636474609375 -7.299999237060547
      vertex -51.01433563232422 -3.019021987915039 -2
      vertex -51.01433563232422 -3.019021987915039 -7.299999237060547
    endloop
  endfacet
  facet normal -0.7660435964888327 0.6427886186597072 0
    outer loop
      vertex -51.01433563232422 -3.019021987915039 -2
      vertex -51.334739685058594 -3.4008636474609375 -7.299999237060547
      vertex -51.334739685058594 -3.4008636474609375 -2
    endloop
  endfacet
  facet normal 0.2225198960275158 0.9749281490817177 0
    outer loop
      vertex -55.86824035644531 -4.924037933349609 -7.299999237060547
      vertex -56.35420227050781 -4.8131208419799805 -2
      vertex -55.86824035644531 -4.924037933349609 -2
    endloop
  endfacet
  facet normal 0.2225198960275158 0.9749281490817177 0
    outer loop
      vertex -56.35420227050781 -4.8131208419799805 -2
      vertex -55.86824035644531 -4.924037933349609 -7.299999237060547
      vertex -56.35420227050781 -4.8131208419799805 -7.299999237060547
    endloop
  endfacet
  facet normal 0.31848602630504974 0.9479275558018234 0
    outer loop
      vertex -56.35420227050781 -4.8131208419799805 -7.299999237060547
      vertex -56.82670593261719 -4.6543684005737305 -2
      vertex -56.35420227050781 -4.8131208419799805 -2
    endloop
  endfacet
  facet normal 0.31848602630504974 0.9479275558018234 0
    outer loop
      vertex -56.82670593261719 -4.6543684005737305 -2
      vertex -56.35420227050781 -4.8131208419799805 -7.299999237060547
      vertex -56.82670593261719 -4.6543684005737305 -7.299999237060547
    endloop
  endfacet
  facet normal 0.0249315789276623 0.9996891598752954 0
    outer loop
      vertex -54.87534713745117 -4.998445510864258 -7.299999237060547
      vertex -55.37364959716797 -4.986018180847168 -2
      vertex -54.87534713745117 -4.998445510864258 -2
    endloop
  endfacet
  facet normal 0.0249315789276623 0.9996891598752954 0
    outer loop
      vertex -55.37364959716797 -4.986018180847168 -2
      vertex -54.87534713745117 -4.998445510864258 -7.299999237060547
      vertex -55.37364959716797 -4.986018180847168 -7.299999237060547
    endloop
  endfacet
  facet normal -0.980173044724989 0.19814338847043242 0
    outer loop
      vertex -50.15461349487305 -1.2337865829467773 -7.299999237060547
      vertex -50.05584716796875 -0.7452106475830078 -2
      vertex -50.05584716796875 -0.7452106475830078 -7.299999237060547
    endloop
  endfacet
  facet normal -0.980173044724989 0.19814338847043242 0
    outer loop
      vertex -50.05584716796875 -0.7452106475830078 -2
      vertex -50.15461349487305 -1.2337865829467773 -7.299999237060547
      vertex -50.15461349487305 -1.2337865829467773 -2
    endloop
  endfacet
  facet normal -0.07472925712085873 0.9972038598652557 0
    outer loop
      vertex -54.37828063964844 -4.961195945739746 -7.299999237060547
      vertex -54.87534713745117 -4.998445510864258 -2
      vertex -54.37828063964844 -4.961195945739746 -2
    endloop
  endfacet
  facet normal -0.07472925712085873 0.9972038598652557 0
    outer loop
      vertex -54.87534713745117 -4.998445510864258 -2
      vertex -54.37828063964844 -4.961195945739746 -7.299999237060547
      vertex -54.87534713745117 -4.998445510864258 -7.299999237060547
    endloop
  endfacet
  facet normal 0 0 -1
    outer loop
      vertex -50.05584716796875 -0.7452106475830078 -2
      vertex -50.0062141418457 0.24922847747802734 -2
      vertex -50.0062141418457 -0.24922847747802734 -2
    endloop
  endfacet
  facet normal 0 0 -1
    outer loop
      vertex -50.05584716796875 -0.7452106475830078 -2
      vertex -50.05584716796875 0.7452106475830078 -2
      vertex -50.0062141418457 0.24922847747802734 -2
    endloop
  endfacet
  facet normal 0 0 -1
    outer loop
      vertex -50.15461349487305 -1.2337865829467773 -2
      vertex -50.05584716796875 0.7452106475830078 -2
      vertex -50.05584716796875 -0.7452106475830078 -2
    endloop
  endfacet
  facet normal 0 0 -1
    outer loop
      vertex -50.15461349487305 -1.2337865829467773 -2
      vertex -50.15461349487305 1.2337865829467773 -2
      vertex -50.05584716796875 0.7452106475830078 -2
    endloop
  endfacet
  facet normal 0 0 -1
    outer loop
      vertex -50.301536560058594 -1.7101001739501953 -2
      vertex -50.15461349487305 1.2337865829467773 -2
      vertex -50.15461349487305 -1.2337865829467773 -2
    endloop
  endfacet
  facet normal 0 0 -1
    outer loop
      vertex -50.301536560058594 -1.7101001739501953 -2
      vertex -50.301536560058594 1.7101001739501953 -2
      vertex -50.15461349487305 1.2337865829467773 -2
    endloop
  endfacet
  facet normal 0 0 -1
    outer loop
      vertex -50.495155334472656 -2.1694183349609375 -2
      vertex -50.301536560058594 1.7101001739501953 -2
      vertex -50.301536560058594 -1.7101001739501953 -2
    endloop
  endfacet
  facet normal 0 0 -1
    outer loop
      vertex -50.495155334472656 -2.1694183349609375 -2
      vertex -50.495155334472656 2.1694183349609375 -2
      vertex -50.301536560058594 1.7101001739501953 -2
    endloop
  endfacet
  facet normal 0 0 -1
    outer loop
      vertex -50.733543395996094 -2.607175827026367 -2
      vertex -50.495155334472656 2.1694183349609375 -2
      vertex -50.495155334472656 -2.1694183349609375 -2
    endloop
  endfacet
  facet normal 0 0 -1
    outer loop
      vertex -50.733543395996094 -2.607175827026367 -2
      vertex -50.733543395996094 2.607175827026367 -2
      vertex -50.495155334472656 2.1694183349609375 -2
    endloop
  endfacet
  facet normal 0 0 -1
    outer loop
      vertex -51.01433563232422 -3.019021987915039 -2
      vertex -50.733543395996094 2.607175827026367 -2
      vertex -50.733543395996094 -2.607175827026367 -2
    endloop
  endfacet
  facet normal 0 0 -1
    outer loop
      vertex -51.01433563232422 -3.019021987915039 -2
      vertex -51.01433563232422 3.019021987915039 -2
      vertex -50.733543395996094 2.607175827026367 -2
    endloop
  endfacet
  facet normal 0 0 -1
    outer loop
      vertex -51.334739685058594 -3.4008636474609375 -2
      vertex -51.01433563232422 3.019021987915039 -2
      vertex -51.01433563232422 -3.019021987915039 -2
    endloop
  endfacet
  facet normal 0 0 -1
    outer loop
      vertex -51.334739685058594 -3.4008636474609375 -2
      vertex -51.334739685058594 3.4008636474609375 -2
      vertex -51.01433563232422 3.019021987915039 -2
    endloop
  endfacet
  facet normal 0 0 -1
    outer loop
      vertex -51.69157028198242 -3.7489051818847656 -2
      vertex -51.334739685058594 3.4008636474609375 -2
      vertex -51.334739685058594 -3.4008636474609375 -2
    endloop
  endfacet
  facet normal 0 0 -1
    outer loop
      vertex -51.69157028198242 -3.7489051818847656 -2
      vertex -51.69157028198242 3.7489051818847656 -2
      vertex -51.334739685058594 3.4008636474609375 -2
    endloop
  endfacet
  facet normal 0 0 -1
    outer loop
      vertex -52.08127975463867 -4.059689521789551 -2
      vertex -51.69157028198242 3.7489051818847656 -2
      vertex -51.69157028198242 -3.7489051818847656 -2
    endloop
  endfacet
  facet normal 0 0 -1
    outer loop
      vertex -52.08127975463867 -4.059689521789551 -2
      vertex -52.08127975463867 4.059689521789551 -2
      vertex -51.69157028198242 3.7489051818847656 -2
    endloop
  endfacet
  facet normal 0 0 -1
    outer loop
      vertex -52.5 -4.330126762390137 -2
      vertex -52.08127975463867 4.059689521789551 -2
      vertex -52.08127975463867 -4.059689521789551 -2
    endloop
  endfacet
  facet normal 0 0 -1
    outer loop
      vertex -52.5 -4.330126762390137 -2
      vertex -52.5 4.330126762390137 -2
      vertex -52.08127975463867 4.059689521789551 -2
    endloop
  endfacet
  facet normal 0 0 -1
    outer loop
      vertex -52.943565368652344 -4.557528495788574 -2
      vertex -52.5 4.330126762390137 -2
      vertex -52.5 -4.330126762390137 -2
    endloop
  endfacet
  facet normal 0 0 -1
    outer loop
      vertex -52.943565368652344 -4.557528495788574 -2
      vertex -52.943565368652344 4.557528495788574 -2
      vertex -52.5 4.330126762390137 -2
    endloop
  endfacet
  facet normal 0 0 -1
    outer loop
      vertex -53.40756607055664 -4.739636421203613 -2
      vertex -52.943565368652344 4.557528495788574 -2
      vertex -52.943565368652344 -4.557528495788574 -2
    endloop
  endfacet
  facet normal 0 0 -1
    outer loop
      vertex -53.40756607055664 -4.739636421203613 -2
      vertex -53.40756607055664 4.739636421203613 -2
      vertex -52.943565368652344 4.557528495788574 -2
    endloop
  endfacet
  facet normal 0 0 -1
    outer loop
      vertex -53.887393951416016 -4.874639511108398 -2
      vertex -53.40756607055664 4.739636421203613 -2
      vertex -53.40756607055664 -4.739636421203613 -2
    endloop
  endfacet
  facet normal 0 0 -1
    outer loop
      vertex -53.887393951416016 -4.874639511108398 -2
      vertex -53.887393951416016 4.874639511108398 -2
      vertex -53.40756607055664 4.739636421203613 -2
    endloop
  endfacet
  facet normal 0 0 -1
    outer loop
      vertex -54.37828063964844 -4.961195945739746 -2
      vertex -53.887393951416016 4.874639511108398 -2
      vertex -53.887393951416016 -4.874639511108398 -2
    endloop
  endfacet
  facet normal 0 0 -1
    outer loop
      vertex -54.37828063964844 -4.961195945739746 -2
      vertex -54.37828063964844 4.961195945739746 -2
      vertex -53.887393951416016 4.874639511108398 -2
    endloop
  endfacet
  facet normal 0 0 -1
    outer loop
      vertex -54.87534713745117 -4.998445510864258 -2
      vertex -54.37828063964844 4.961195945739746 -2
      vertex -54.37828063964844 -4.961195945739746 -2
    endloop
  endfacet
  facet normal 0 0 -1
    outer loop
      vertex -54.87534713745117 -4.998445510864258 -2
      vertex -54.87534713745117 4.998445510864258 -2
      vertex -54.37828063964844 4.961195945739746 -2
    endloop
  endfacet
  facet normal 0 0 -1
    outer loop
      vertex -55.37364959716797 -4.986018180847168 -2
      vertex -54.87534713745117 4.998445510864258 -2
      vertex -54.87534713745117 -4.998445510864258 -2
    endloop
  endfacet
  facet normal 0 0 -1
    outer loop
      vertex -55.37364959716797 -4.986018180847168 -2
      vertex -55.37364959716797 4.986018180847168 -2
      vertex -54.87534713745117 4.998445510864258 -2
    endloop
  endfacet
  facet normal 0 0 -1
    outer loop
      vertex -55.86824035644531 -4.924037933349609 -2
      vertex -55.37364959716797 4.986018180847168 -2
      vertex -55.37364959716797 -4.986018180847168 -2
    endloop
  endfacet
  facet normal 0 0 -1
    outer loop
      vertex -55.86824035644531 -4.924037933349609 -2
      vertex -55.86824035644531 4.924037933349609 -2
      vertex -55.37364959716797 4.986018180847168 -2
    endloop
  endfacet
  facet normal 0 0 -1
    outer loop
      vertex -56.35420227050781 -4.8131208419799805 -2
      vertex -55.86824035644531 4.924037933349609 -2
      vertex -55.86824035644531 -4.924037933349609 -2
    endloop
  endfacet
  facet normal 0 0 -1
    outer loop
      vertex -56.35420227050781 -4.8131208419799805 -2
      vertex -56.35420227050781 4.8131208419799805 -2
      vertex -55.86824035644531 4.924037933349609 -2
    endloop
  endfacet
  facet normal 0 0 -1
    outer loop
      vertex -56.82670593261719 -4.6543684005737305 -2
      vertex -56.35420227050781 4.8131208419799805 -2
      vertex -56.35420227050781 -4.8131208419799805 -2
    endloop
  endfacet
  facet normal 0 0 -1
    outer loop
      vertex -56.82670593261719 -4.6543684005737305 -2
      vertex -56.82670593261719 4.6543684005737305 -2
      vertex -56.35420227050781 4.8131208419799805 -2
    endloop
  endfacet
  facet normal 0 0 -1
    outer loop
      vertex -57.28105163574219 -4.449358940124512 -2
      vertex -56.82670593261719 4.6543684005737305 -2
      vertex -56.82670593261719 -4.6543684005737305 -2
    endloop
  endfacet
  facet normal 0 0 -1
    outer loop
      vertex -57.28105163574219 -4.449358940124512 -2
      vertex -57.28105163574219 4.449358940124512 -2
      vertex -56.82670593261719 4.6543684005737305 -2
    endloop
  endfacet
  facet normal 0 0 -1
    outer loop
      vertex -57.712730407714844 -4.200129508972168 -2
      vertex -57.28105163574219 4.449358940124512 -2
      vertex -57.28105163574219 -4.449358940124512 -2
    endloop
  endfacet
  facet normal 0 0 -1
    outer loop
      vertex -57.712730407714844 -4.200129508972168 -2
      vertex -57.712730407714844 4.200129508972168 -2
      vertex -57.28105163574219 4.449358940124512 -2
    endloop
  endfacet
  facet normal 0 0 -1
    outer loop
      vertex -58.11744689941406 -3.9091567993164062 -2
      vertex -57.712730407714844 4.200129508972168 -2
      vertex -57.712730407714844 -4.200129508972168 -2
    endloop
  endfacet
  facet normal 0 0 -1
    outer loop
      vertex -58.11744689941406 -3.9091567993164062 -2
      vertex -58.11744689941406 3.9091567993164062 -2
      vertex -57.712730407714844 4.200129508972168 -2
    endloop
  endfacet
  facet normal 0 0 -1
    outer loop
      vertex -58.49118423461914 -3.5793333053588867 -2
      vertex -58.11744689941406 3.9091567993164062 -2
      vertex -58.11744689941406 -3.9091567993164062 -2
    endloop
  endfacet
  facet normal 0 0 -1
    outer loop
      vertex -58.49118423461914 -3.5793333053588867 -2
      vertex -58.49118423461914 3.5793333053588867 -2
      vertex -58.11744689941406 3.9091567993164062 -2
    endloop
  endfacet
  facet normal 0 0 -1
    outer loop
      vertex -58.830223083496094 -3.213937759399414 -2
      vertex -58.49118423461914 3.5793333053588867 -2
      vertex -58.49118423461914 -3.5793333053588867 -2
    endloop
  endfacet
  facet normal 0 0 -1
    outer loop
      vertex -58.830223083496094 -3.213937759399414 -2
      vertex -58.830223083496094 3.213937759399414 -2
      vertex -58.49118423461914 3.5793333053588867 -2
    endloop
  endfacet
  facet normal 0 0 -1
    outer loop
      vertex -59.131195068359375 -2.8165998458862305 -2
      vertex -58.830223083496094 3.213937759399414 -2
      vertex -58.830223083496094 -3.213937759399414 -2
    endloop
  endfacet
  facet normal 0 0 -1
    outer loop
      vertex -59.131195068359375 -2.8165998458862305 -2
      vertex -59.131195068359375 2.8165998458862305 -2
      vertex -58.830223083496094 3.213937759399414 -2
    endloop
  endfacet
  facet normal 0 0 -1
    outer loop
      vertex -59.39110565185547 -2.3912696838378906 -2
      vertex -59.131195068359375 2.8165998458862305 -2
      vertex -59.131195068359375 -2.8165998458862305 -2
    endloop
  endfacet
  facet normal 0 0 -1
    outer loop
      vertex -59.39110565185547 -2.3912696838378906 -2
      vertex -59.39110565185547 2.3912696838378906 -2
      vertex -59.131195068359375 2.8165998458862305 -2
    endloop
  endfacet
  facet normal 0 0 -1
    outer loop
      vertex -59.60737991333008 -1.942173957824707 -2
      vertex -59.39110565185547 2.3912696838378906 -2
      vertex -59.39110565185547 -2.3912696838378906 -2
    endloop
  endfacet
  facet normal 0 0 -1
    outer loop
      vertex -59.60737991333008 -1.942173957824707 -2
      vertex -59.60737991333008 1.942173957824707 -2
      vertex -59.39110565185547 2.3912696838378906 -2
    endloop
  endfacet
  facet normal 0 0 -1
    outer loop
      vertex -59.777862548828125 -1.473775863647461 -2
      vertex -59.60737991333008 1.942173957824707 -2
      vertex -59.60737991333008 -1.942173957824707 -2
    endloop
  endfacet
  facet normal 0 0 -1
    outer loop
      vertex -59.777862548828125 -1.473775863647461 -2
      vertex -59.777862548828125 1.473775863647461 -2
      vertex -59.60737991333008 1.942173957824707 -2
    endloop
  endfacet
  facet normal 0 0 -1
    outer loop
      vertex -59.90086364746094 -0.9907302856445312 -2
      vertex -59.777862548828125 1.473775863647461 -2
      vertex -59.777862548828125 -1.473775863647461 -2
    endloop
  endfacet
  facet normal 0 0 -1
    outer loop
      vertex -59.90086364746094 -0.9907302856445312 -2
      vertex -59.90086364746094 0.9907302856445312 -2
      vertex -59.777862548828125 1.473775863647461 -2
    endloop
  endfacet
  facet normal 0 0 -1
    outer loop
      vertex -59.97515106201172 -0.49783897399902344 -2
      vertex -59.90086364746094 0.9907302856445312 -2
      vertex -59.90086364746094 -0.9907302856445312 -2
    endloop
  endfacet
  facet normal 0 0 -1
    outer loop
      vertex -59.97515106201172 -0.49783897399902344 -2
      vertex -59.97515106201172 0.49783897399902344 -2
      vertex -59.90086364746094 0.9907302856445312 -2
    endloop
  endfacet
  facet normal 0 0 -1
    outer loop
      vertex -59.97515106201172 0.49783897399902344 -2
      vertex -59.97515106201172 -0.49783897399902344 -2
      vertex -60 0 -2
    endloop
  endfacet
  facet normal 0 0 1
    outer loop
      vertex -50.05584716796875 0.7452106475830078 -7.299999237060547
      vertex -50.0062141418457 -0.24922847747802734 -7.299999237060547
      vertex -50.0062141418457 0.24922847747802734 -7.299999237060547
    endloop
  endfacet
  facet normal 0 0 1
    outer loop
      vertex -50.05584716796875 0.7452106475830078 -7.299999237060547
      vertex -50.05584716796875 -0.7452106475830078 -7.299999237060547
      vertex -50.0062141418457 -0.24922847747802734 -7.299999237060547
    endloop
  endfacet
  facet normal 0 0 1
    outer loop
      vertex -50.15461349487305 1.2337865829467773 -7.299999237060547
      vertex -50.05584716796875 -0.7452106475830078 -7.299999237060547
      vertex -50.05584716796875 0.7452106475830078 -7.299999237060547
    endloop
  endfacet
  facet normal 0 0 1
    outer loop
      vertex -50.15461349487305 1.2337865829467773 -7.299999237060547
      vertex -50.15461349487305 -1.2337865829467773 -7.299999237060547
      vertex -50.05584716796875 -0.7452106475830078 -7.299999237060547
    endloop
  endfacet
  facet normal 0 0 1
    outer loop
      vertex -50.301536560058594 1.7101001739501953 -7.299999237060547
      vertex -50.15461349487305 -1.2337865829467773 -7.299999237060547
      vertex -50.15461349487305 1.2337865829467773 -7.299999237060547
    endloop
  endfacet
  facet normal 0 0 1
    outer loop
      vertex -50.301536560058594 1.7101001739501953 -7.299999237060547
      vertex -50.301536560058594 -1.7101001739501953 -7.299999237060547
      vertex -50.15461349487305 -1.2337865829467773 -7.299999237060547
    endloop
  endfacet
  facet normal 0 0 1
    outer loop
      vertex -50.495155334472656 2.1694183349609375 -7.299999237060547
      vertex -50.301536560058594 -1.7101001739501953 -7.299999237060547
      vertex -50.301536560058594 1.7101001739501953 -7.299999237060547
    endloop
  endfacet
  facet normal 0 0 1
    outer loop
      vertex -50.495155334472656 2.1694183349609375 -7.299999237060547
      vertex -50.495155334472656 -2.1694183349609375 -7.299999237060547
      vertex -50.301536560058594 -1.7101001739501953 -7.299999237060547
    endloop
  endfacet
  facet normal 0 0 1
    outer loop
      vertex -50.733543395996094 2.607175827026367 -7.299999237060547
      vertex -50.495155334472656 -2.1694183349609375 -7.299999237060547
      vertex -50.495155334472656 2.1694183349609375 -7.299999237060547
    endloop
  endfacet
  facet normal 0 0 1
    outer loop
      vertex -50.733543395996094 2.607175827026367 -7.299999237060547
      vertex -50.733543395996094 -2.607175827026367 -7.299999237060547
      vertex -50.495155334472656 -2.1694183349609375 -7.299999237060547
    endloop
  endfacet
  facet normal 0 0 1
    outer loop
      vertex -51.01433563232422 3.019021987915039 -7.299999237060547
      vertex -50.733543395996094 -2.607175827026367 -7.299999237060547
      vertex -50.733543395996094 2.607175827026367 -7.299999237060547
    endloop
  endfacet
  facet normal 0 0 1
    outer loop
      vertex -51.01433563232422 3.019021987915039 -7.299999237060547
      vertex -51.01433563232422 -3.019021987915039 -7.299999237060547
      vertex -50.733543395996094 -2.607175827026367 -7.299999237060547
    endloop
  endfacet
  facet normal 0 0 1
    outer loop
      vertex -51.334739685058594 3.4008636474609375 -7.299999237060547
      vertex -51.01433563232422 -3.019021987915039 -7.299999237060547
      vertex -51.01433563232422 3.019021987915039 -7.299999237060547
    endloop
  endfacet
  facet normal 0 0 1
    outer loop
      vertex -51.334739685058594 3.4008636474609375 -7.299999237060547
      vertex -51.334739685058594 -3.4008636474609375 -7.299999237060547
      vertex -51.01433563232422 -3.019021987915039 -7.299999237060547
    endloop
  endfacet
  facet normal 0 0 1
    outer loop
      vertex -51.69157028198242 3.7489051818847656 -7.299999237060547
      vertex -51.334739685058594 -3.4008636474609375 -7.299999237060547
      vertex -51.334739685058594 3.4008636474609375 -7.299999237060547
    endloop
  endfacet
  facet normal 0 0 1
    outer loop
      vertex -51.69157028198242 3.7489051818847656 -7.299999237060547
      vertex -51.69157028198242 -3.7489051818847656 -7.299999237060547
      vertex -51.334739685058594 -3.4008636474609375 -7.299999237060547
    endloop
  endfacet
  facet normal 0 0 1
    outer loop
      vertex -52.08127975463867 4.059689521789551 -7.299999237060547
      vertex -51.69157028198242 -3.7489051818847656 -7.299999237060547
      vertex -51.69157028198242 3.7489051818847656 -7.299999237060547
    endloop
  endfacet
  facet normal 0 0 1
    outer loop
      vertex -52.08127975463867 4.059689521789551 -7.299999237060547
      vertex -52.08127975463867 -4.059689521789551 -7.299999237060547
      vertex -51.69157028198242 -3.7489051818847656 -7.299999237060547
    endloop
  endfacet
  facet normal 0 0 1
    outer loop
      vertex -52.5 4.330126762390137 -7.299999237060547
      vertex -52.08127975463867 -4.059689521789551 -7.299999237060547
      vertex -52.08127975463867 4.059689521789551 -7.299999237060547
    endloop
  endfacet
  facet normal 0 0 1
    outer loop
      vertex -52.5 4.330126762390137 -7.299999237060547
      vertex -52.5 -4.330126762390137 -7.299999237060547
      vertex -52.08127975463867 -4.059689521789551 -7.299999237060547
    endloop
  endfacet
  facet normal 0 0 1
    outer loop
      vertex -52.943565368652344 4.557528495788574 -7.299999237060547
      vertex -52.5 -4.330126762390137 -7.299999237060547
      vertex -52.5 4.330126762390137 -7.299999237060547
    endloop
  endfacet
  facet normal 0 0 1
    outer loop
      vertex -52.943565368652344 4.557528495788574 -7.299999237060547
      vertex -52.943565368652344 -4.557528495788574 -7.299999237060547
      vertex -52.5 -4.330126762390137 -7.299999237060547
    endloop
  endfacet
  facet normal 0 0 1
    outer loop
      vertex -53.40756607055664 4.739636421203613 -7.299999237060547
      vertex -52.943565368652344 -4.557528495788574 -7.299999237060547
      vertex -52.943565368652344 4.557528495788574 -7.299999237060547
    endloop
  endfacet
  facet normal 0 0 1
    outer loop
      vertex -53.40756607055664 4.739636421203613 -7.299999237060547
      vertex -53.40756607055664 -4.739636421203613 -7.299999237060547
      vertex -52.943565368652344 -4.557528495788574 -7.299999237060547
    endloop
  endfacet
  facet normal 0 0 1
    outer loop
      vertex -53.887393951416016 4.874639511108398 -7.299999237060547
      vertex -53.40756607055664 -4.739636421203613 -7.299999237060547
      vertex -53.40756607055664 4.739636421203613 -7.299999237060547
    endloop
  endfacet
  facet normal 0 0 1
    outer loop
      vertex -53.887393951416016 4.874639511108398 -7.299999237060547
      vertex -53.887393951416016 -4.874639511108398 -7.299999237060547
      vertex -53.40756607055664 -4.739636421203613 -7.299999237060547
    endloop
  endfacet
  facet normal 0 0 1
    outer loop
      vertex -54.37828063964844 4.961195945739746 -7.299999237060547
      vertex -53.887393951416016 -4.874639511108398 -7.299999237060547
      vertex -53.887393951416016 4.874639511108398 -7.299999237060547
    endloop
  endfacet
  facet normal 0 0 1
    outer loop
      vertex -54.37828063964844 4.961195945739746 -7.299999237060547
      vertex -54.37828063964844 -4.961195945739746 -7.299999237060547
      vertex -53.887393951416016 -4.874639511108398 -7.299999237060547
    endloop
  endfacet
  facet normal 0 0 1
    outer loop
      vertex -54.87534713745117 4.998445510864258 -7.299999237060547
      vertex -54.37828063964844 -4.961195945739746 -7.299999237060547
      vertex -54.37828063964844 4.961195945739746 -7.299999237060547
    endloop
  endfacet
  facet normal 0 0 1
    outer loop
      vertex -54.87534713745117 4.998445510864258 -7.299999237060547
      vertex -54.87534713745117 -4.998445510864258 -7.299999237060547
      vertex -54.37828063964844 -4.961195945739746 -7.299999237060547
    endloop
  endfacet
  facet normal 0 0 1
    outer loop
      vertex -55.37364959716797 4.986018180847168 -7.299999237060547
      vertex -54.87534713745117 -4.998445510864258 -7.299999237060547
      vertex -54.87534713745117 4.998445510864258 -7.299999237060547
    endloop
  endfacet
  facet normal 0 0 1
    outer loop
      vertex -55.37364959716797 4.986018180847168 -7.299999237060547
      vertex -55.37364959716797 -4.986018180847168 -7.299999237060547
      vertex -54.87534713745117 -4.998445510864258 -7.299999237060547
    endloop
  endfacet
  facet normal 0 0 1
    outer loop
      vertex -55.86824035644531 4.924037933349609 -7.299999237060547
      vertex -55.37364959716797 -4.986018180847168 -7.299999237060547
      vertex -55.37364959716797 4.986018180847168 -7.299999237060547
    endloop
  endfacet
  facet normal 0 0 1
    outer loop
      vertex -55.86824035644531 4.924037933349609 -7.299999237060547
      vertex -55.86824035644531 -4.924037933349609 -7.299999237060547
      vertex -55.37364959716797 -4.986018180847168 -7.299999237060547
    endloop
  endfacet
  facet normal 0 0 1
    outer loop
      vertex -56.35420227050781 4.8131208419799805 -7.299999237060547
      vertex -55.86824035644531 -4.924037933349609 -7.299999237060547
      vertex -55.86824035644531 4.924037933349609 -7.299999237060547
    endloop
  endfacet
  facet normal 0 0 1
    outer loop
      vertex -56.35420227050781 4.8131208419799805 -7.299999237060547
      vertex -56.35420227050781 -4.8131208419799805 -7.299999237060547
      vertex -55.86824035644531 -4.924037933349609 -7.299999237060547
    endloop
  endfacet
  facet normal 0 0 1
    outer loop
      vertex -56.82670593261719 4.6543684005737305 -7.299999237060547
      vertex -56.35420227050781 -4.8131208419799805 -7.299999237060547
      vertex -56.35420227050781 4.8131208419799805 -7.299999237060547
    endloop
  endfacet
  facet normal 0 0 1
    outer loop
      vertex -56.82670593261719 4.6543684005737305 -7.299999237060547
      vertex -56.82670593261719 -4.6543684005737305 -7.299999237060547
      vertex -56.35420227050781 -4.8131208419799805 -7.299999237060547
    endloop
  endfacet
  facet normal 0 0 1
    outer loop
      vertex -57.28105163574219 4.449358940124512 -7.299999237060547
      vertex -56.82670593261719 -4.6543684005737305 -7.299999237060547
      vertex -56.82670593261719 4.6543684005737305 -7.299999237060547
    endloop
  endfacet
  facet normal 0 0 1
    outer loop
      vertex -57.28105163574219 4.449358940124512 -7.299999237060547
      vertex -57.28105163574219 -4.449358940124512 -7.299999237060547
      vertex -56.82670593261719 -4.6543684005737305 -7.299999237060547
    endloop
  endfacet
  facet normal 0 0 1
    outer loop
      vertex -57.712730407714844 4.200129508972168 -7.299999237060547
      vertex -57.28105163574219 -4.449358940124512 -7.299999237060547
      vertex -57.28105163574219 4.449358940124512 -7.299999237060547
    endloop
  endfacet
  facet normal 0 0 1
    outer loop
      vertex -57.712730407714844 4.200129508972168 -7.299999237060547
      vertex -57.712730407714844 -4.200129508972168 -7.299999237060547
      vertex -57.28105163574219 -4.449358940124512 -7.299999237060547
    endloop
  endfacet
  facet normal 0 0 1
    outer loop
      vertex -58.11744689941406 3.9091567993164062 -7.299999237060547
      vertex -57.712730407714844 -4.200129508972168 -7.299999237060547
      vertex -57.712730407714844 4.200129508972168 -7.299999237060547
    endloop
  endfacet
  facet normal 0 0 1
    outer loop
      vertex -58.11744689941406 3.9091567993164062 -7.299999237060547
      vertex -58.11744689941406 -3.9091567993164062 -7.299999237060547
      vertex -57.712730407714844 -4.200129508972168 -7.299999237060547
    endloop
  endfacet
  facet normal 0 0 1
    outer loop
      vertex -58.49118423461914 3.5793333053588867 -7.299999237060547
      vertex -58.11744689941406 -3.9091567993164062 -7.299999237060547
      vertex -58.11744689941406 3.9091567993164062 -7.299999237060547
    endloop
  endfacet
  facet normal 0 0 1
    outer loop
      vertex -58.49118423461914 3.5793333053588867 -7.299999237060547
      vertex -58.49118423461914 -3.5793333053588867 -7.299999237060547
      vertex -58.11744689941406 -3.9091567993164062 -7.299999237060547
    endloop
  endfacet
  facet normal 0 0 1
    outer loop
      vertex -58.830223083496094 3.213937759399414 -7.299999237060547
      vertex -58.49118423461914 -3.5793333053588867 -7.299999237060547
      vertex -58.49118423461914 3.5793333053588867 -7.299999237060547
    endloop
  endfacet
  facet normal 0 0 1
    outer loop
      vertex -58.830223083496094 3.213937759399414 -7.299999237060547
      vertex -58.830223083496094 -3.213937759399414 -7.299999237060547
      vertex -58.49118423461914 -3.5793333053588867 -7.299999237060547
    endloop
  endfacet
  facet normal 0 0 1
    outer loop
      vertex -59.131195068359375 2.8165998458862305 -7.299999237060547
      vertex -58.830223083496094 -3.213937759399414 -7.299999237060547
      vertex -58.830223083496094 3.213937759399414 -7.299999237060547
    endloop
  endfacet
  facet normal 0 0 1
    outer loop
      vertex -59.131195068359375 2.8165998458862305 -7.299999237060547
      vertex -59.131195068359375 -2.8165998458862305 -7.299999237060547
      vertex -58.830223083496094 -3.213937759399414 -7.299999237060547
    endloop
  endfacet
  facet normal 0 0 1
    outer loop
      vertex -59.39110565185547 2.3912696838378906 -7.299999237060547
      vertex -59.131195068359375 -2.8165998458862305 -7.299999237060547
      vertex -59.131195068359375 2.8165998458862305 -7.299999237060547
    endloop
  endfacet
  facet normal 0 0 1
    outer loop
      vertex -59.39110565185547 2.3912696838378906 -7.299999237060547
      vertex -59.39110565185547 -2.3912696838378906 -7.299999237060547
      vertex -59.131195068359375 -2.8165998458862305 -7.299999237060547
    endloop
  endfacet
  facet normal 0 0 1
    outer loop
      vertex -59.60737991333008 1.942173957824707 -7.299999237060547
      vertex -59.39110565185547 -2.3912696838378906 -7.299999237060547
      vertex -59.39110565185547 2.3912696838378906 -7.299999237060547
    endloop
  endfacet
  facet normal 0 0 1
    outer loop
      vertex -59.60737991333008 1.942173957824707 -7.299999237060547
      vertex -59.60737991333008 -1.942173957824707 -7.299999237060547
      vertex -59.39110565185547 -2.3912696838378906 -7.299999237060547
    endloop
  endfacet
  facet normal 0 0 1
    outer loop
      vertex -59.777862548828125 1.473775863647461 -7.299999237060547
      vertex -59.60737991333008 -1.942173957824707 -7.299999237060547
      vertex -59.60737991333008 1.942173957824707 -7.299999237060547
    endloop
  endfacet
  facet normal 0 0 1
    outer loop
      vertex -59.777862548828125 1.473775863647461 -7.299999237060547
      vertex -59.777862548828125 -1.473775863647461 -7.299999237060547
      vertex -59.60737991333008 -1.942173957824707 -7.299999237060547
    endloop
  endfacet
  facet normal 0 0 1
    outer loop
      vertex -59.90086364746094 0.9907302856445312 -7.299999237060547
      vertex -59.777862548828125 -1.473775863647461 -7.299999237060547
      vertex -59.777862548828125 1.473775863647461 -7.299999237060547
    endloop
  endfacet
  facet normal 0 0 1
    outer loop
      vertex -59.90086364746094 0.9907302856445312 -7.299999237060547
      vertex -59.90086364746094 -0.9907302856445312 -7.299999237060547
      vertex -59.777862548828125 -1.473775863647461 -7.299999237060547
    endloop
  endfacet
  facet normal 0 0 1
    outer loop
      vertex -59.97515106201172 0.49783897399902344 -7.299999237060547
      vertex -59.90086364746094 -0.9907302856445312 -7.299999237060547
      vertex -59.90086364746094 0.9907302856445312 -7.299999237060547
    endloop
  endfacet
  facet normal 0 0 1
    outer loop
      vertex -59.97515106201172 0.49783897399902344 -7.299999237060547
      vertex -59.97515106201172 -0.49783897399902344 -7.299999237060547
      vertex -59.90086364746094 -0.9907302856445312 -7.299999237060547
    endloop
  endfacet
  facet normal 0 0 1
    outer loop
      vertex -59.97515106201172 -0.49783897399902344 -7.299999237060547
      vertex -59.97515106201172 0.49783897399902344 -7.299999237060547
      vertex -60 0 -7.299999237060547
    endloop
  endfacet
  facet normal 0.4562091281375018 -0.8898725927929348 0
    outer loop
      vertex -30 51.961524963378906 -7.299999237060547
      vertex -29.556434631347656 52.188926696777344 -2
      vertex -30 51.961524963378906 -2
    endloop
  endfacet
  facet normal 0.4562091281375018 -0.8898725927929348 0
    outer loop
      vertex -29.556434631347656 52.188926696777344 -2
      vertex -30 51.961524963378906 -7.299999237060547
      vertex -29.556434631347656 52.188926696777344 -7.299999237060547
    endloop
  endfacet
  facet normal 0.07473115967644123 0.9972037172882049 0
    outer loop
      vertex -27.624652862548828 42.63294982910156 -7.299999237060547
      vertex -28.121719360351562 42.67020034790039 -2
      vertex -27.624652862548828 42.63294982910156 -2
    endloop
  endfacet
  facet normal 0.07473115967644123 0.9972037172882049 0
    outer loop
      vertex -28.121719360351562 42.67020034790039 -2
      vertex -27.624652862548828 42.63294982910156 -7.299999237060547
      vertex -28.121719360351562 42.67020034790039 -7.299999237060547
    endloop
  endfacet
  facet normal -0.22251807751640043 -0.9749285641411914 0
    outer loop
      vertex -26.631759643554688 52.55543518066406 -7.299999237060547
      vertex -26.145797729492188 52.44451904296875 -2
      vertex -26.631759643554688 52.55543518066406 -2
    endloop
  endfacet
  facet normal -0.22251807751640043 -0.9749285641411914 0
    outer loop
      vertex -26.145797729492188 52.44451904296875 -2
      vertex -26.631759643554688 52.55543518066406 -7.299999237060547
      vertex -26.145797729492188 52.44451904296875 -7.299999237060547
    endloop
  endfacet
  facet normal -0.7971330008480418 0.603803758649278 0
    outer loop
      vertex -23.669776916503906 44.417457580566406 -7.299999237060547
      vertex -23.368804931640625 44.814796447753906 -2
      vertex -23.368804931640625 44.814796447753906 -7.299999237060547
    endloop
  endfacet
  facet normal -0.7971330008480418 0.603803758649278 0
    outer loop
      vertex -23.368804931640625 44.814796447753906 -2
      vertex -23.669776916503906 44.417457580566406 -7.299999237060547
      vertex -23.669776916503906 44.417457580566406 -2
    endloop
  endfacet
  facet normal -0.5837431152142402 0.8119384061860693 0
    outer loop
      vertex -24.382549285888672 43.72224044799805 -7.299999237060547
      vertex -24.787269592285156 43.43126678466797 -2
      vertex -24.382549285888672 43.72224044799805 -2
    endloop
  endfacet
  facet normal -0.5837431152142402 0.8119384061860693 0
    outer loop
      vertex -24.787269592285156 43.43126678466797 -2
      vertex -24.382549285888672 43.72224044799805 -7.299999237060547
      vertex -24.787269592285156 43.43126678466797 -7.299999237060547
    endloop
  endfacet
  facet normal 0.8782208881569856 0.47825523688168375 0
    outer loop
      vertex -31.76645278930664 45.02421951293945 -2
      vertex -32.004844665527344 45.461978912353516 -7.299999237060547
      vertex -32.004844665527344 45.461978912353516 -2
    endloop
  endfacet
  facet normal 0.8782208881569856 0.47825523688168375 0
    outer loop
      vertex -32.004844665527344 45.461978912353516 -7.299999237060547
      vertex -31.76645278930664 45.02421951293945 -2
      vertex -31.76645278930664 45.02421951293945 -7.299999237060547
    endloop
  endfacet
  facet normal -0.31848602630504974 -0.9479275558018234 0
    outer loop
      vertex -26.145797729492188 52.44451904296875 -7.299999237060547
      vertex -25.673294067382812 52.2857666015625 -2
      vertex -26.145797729492188 52.44451904296875 -2
    endloop
  endfacet
  facet normal -0.31848602630504974 -0.9479275558018234 0
    outer loop
      vertex -25.673294067382812 52.2857666015625 -2
      vertex -26.145797729492188 52.44451904296875 -7.299999237060547
      vertex -25.673294067382812 52.2857666015625 -7.299999237060547
    endloop
  endfacet
  facet normal -0.7971330008480418 -0.603803758649278 0
    outer loop
      vertex -23.368804931640625 50.447998046875 -7.299999237060547
      vertex -23.669776916503906 50.8453369140625 -2
      vertex -23.669776916503906 50.8453369140625 -7.299999237060547
    endloop
  endfacet
  facet normal -0.7971330008480418 -0.603803758649278 0
    outer loop
      vertex -23.669776916503906 50.8453369140625 -2
      vertex -23.368804931640625 50.447998046875 -7.299999237060547
      vertex -23.368804931640625 50.447998046875 -2
    endloop
  endfacet
  facet normal 0.2708385471000089 -0.9626247874456362 0
    outer loop
      vertex -29.09243392944336 52.37103271484375 -7.299999237060547
      vertex -28.61260414123535 52.50603485107422 -2
      vertex -29.09243392944336 52.37103271484375 -2
    endloop
  endfacet
  facet normal 0.2708385471000089 -0.9626247874456362 0
    outer loop
      vertex -28.61260414123535 52.50603485107422 -2
      vertex -29.09243392944336 52.37103271484375 -7.299999237060547
      vertex -28.61260414123535 52.50603485107422 -7.299999237060547
    endloop
  endfacet
  facet normal 0.6234884913495241 -0.7818325275624532 0
    outer loop
      vertex -30.808429718017578 51.38030242919922 -7.299999237060547
      vertex -30.418718338012695 51.69108581542969 -2
      vertex -30.808429718017578 51.38030242919922 -2
    endloop
  endfacet
  facet normal 0.6234884913495241 -0.7818325275624532 0
    outer loop
      vertex -30.418718338012695 51.69108581542969 -2
      vertex -30.808429718017578 51.38030242919922 -7.299999237060547
      vertex -30.418718338012695 51.69108581542969 -7.299999237060547
    endloop
  endfacet
  facet normal -0.9987570292965721 0.04984372007270604 0
    outer loop
      vertex -22.524845123291016 47.1335563659668 -7.299999237060547
      vertex -22.5 47.63139724731445 -2
      vertex -22.5 47.63139724731445 -7.299999237060547
    endloop
  endfacet
  facet normal -0.9987570292965721 0.04984372007270604 0
    outer loop
      vertex -22.5 47.63139724731445 -2
      vertex -22.524845123291016 47.1335563659668 -7.299999237060547
      vertex -22.524845123291016 47.1335563659668 -2
    endloop
  endfacet
  facet normal 0.5425493394484558 -0.8400239367208795 0
    outer loop
      vertex -30.418718338012695 51.69108581542969 -7.299999237060547
      vertex -30 51.961524963378906 -2
      vertex -30.418718338012695 51.69108581542969 -2
    endloop
  endfacet
  facet normal 0.5425493394484558 -0.8400239367208795 0
    outer loop
      vertex -30 51.961524963378906 -2
      vertex -30.418718338012695 51.69108581542969 -7.299999237060547
      vertex -30 51.961524963378906 -7.299999237060547
    endloop
  endfacet
  facet normal 0.8782191376969197 -0.4782584512404131 0
    outer loop
      vertex -32.004844665527344 49.80081558227539 -2
      vertex -31.76645278930664 50.23857116699219 -7.299999237060547
      vertex -31.76645278930664 50.23857116699219 -2
    endloop
  endfacet
  facet normal 0.8782191376969197 -0.4782584512404131 0
    outer loop
      vertex -31.76645278930664 50.23857116699219 -7.299999237060547
      vertex -32.004844665527344 49.80081558227539 -2
      vertex -32.004844665527344 49.80081558227539 -7.299999237060547
    endloop
  endfacet
  facet normal 0.9950310507895475 -0.09956509410756899 0
    outer loop
      vertex -32.49378204345703 47.8806266784668 -2
      vertex -32.44415283203125 48.376609802246094 -7.299999237060547
      vertex -32.44415283203125 48.376609802246094 -2
    endloop
  endfacet
  facet normal 0.9950310507895475 -0.09956509410756899 0
    outer loop
      vertex -32.44415283203125 48.376609802246094 -7.299999237060547
      vertex -32.49378204345703 47.8806266784668 -2
      vertex -32.49378204345703 47.8806266784668 -7.299999237060547
    endloop
  endfacet
  facet normal -0.5837431152142402 -0.8119384061860693 0
    outer loop
      vertex -24.787269592285156 51.83152770996094 -7.299999237060547
      vertex -24.382549285888672 51.54055404663086 -2
      vertex -24.787269592285156 51.83152770996094 -2
    endloop
  endfacet
  facet normal -0.5837431152142402 -0.8119384061860693 0
    outer loop
      vertex -24.382549285888672 51.54055404663086 -2
      vertex -24.787269592285156 51.83152770996094 -7.299999237060547
      vertex -24.382549285888672 51.54055404663086 -7.299999237060547
    endloop
  endfacet
  facet normal -0.93969216121412 0.3420214059861405 0
    outer loop
      vertex -22.89261817932129 45.68922424316406 -7.299999237060547
      vertex -22.722135543823242 46.15761947631836 -2
      vertex -22.722135543823242 46.15761947631836 -7.299999237060547
    endloop
  endfacet
  facet normal -0.93969216121412 0.3420214059861405 0
    outer loop
      vertex -22.722135543823242 46.15761947631836 -2
      vertex -22.89261817932129 45.68922424316406 -7.299999237060547
      vertex -22.89261817932129 45.68922424316406 -2
    endloop
  endfacet
  facet normal 0.07473115967644123 -0.9972037172882049 0
    outer loop
      vertex -28.121719360351562 52.592594146728516 -7.299999237060547
      vertex -27.624652862548828 52.629844665527344 -2
      vertex -28.121719360351562 52.592594146728516 -2
    endloop
  endfacet
  facet normal 0.07473115967644123 -0.9972037172882049 0
    outer loop
      vertex -27.624652862548828 52.629844665527344 -2
      vertex -28.121719360351562 52.592594146728516 -7.299999237060547
      vertex -27.624652862548828 52.629844665527344 -7.299999237060547
    endloop
  endfacet
  facet normal 0.27084563867408074 0.9626227921731487 0
    outer loop
      vertex -28.61260414123535 42.75675582885742 -7.299999237060547
      vertex -29.09243392944336 42.891761779785156 -2
      vertex -28.61260414123535 42.75675582885742 -2
    endloop
  endfacet
  facet normal 0.27084563867408074 0.9626227921731487 0
    outer loop
      vertex -29.09243392944336 42.891761779785156 -2
      vertex -28.61260414123535 42.75675582885742 -7.299999237060547
      vertex -29.09243392944336 42.891761779785156 -7.299999237060547
    endloop
  endfacet
  facet normal 0.7660420154645999 -0.6427905028412707 0
    outer loop
      vertex -31.48566246032715 50.650421142578125 -2
      vertex -31.165258407592773 51.03226089477539 -7.299999237060547
      vertex -31.165258407592773 51.03226089477539 -2
    endloop
  endfacet
  facet normal 0.7660420154645999 -0.6427905028412707 0
    outer loop
      vertex -31.165258407592773 51.03226089477539 -7.299999237060547
      vertex -31.48566246032715 50.650421142578125 -2
      vertex -31.48566246032715 50.650421142578125 -7.299999237060547
    endloop
  endfacet
  facet normal 0.8262427239507182 -0.5633142649698278 0
    outer loop
      vertex -31.76645278930664 50.23857116699219 -2
      vertex -31.48566246032715 50.650421142578125 -7.299999237060547
      vertex -31.48566246032715 50.650421142578125 -2
    endloop
  endfacet
  facet normal 0.8262427239507182 -0.5633142649698278 0
    outer loop
      vertex -31.48566246032715 50.650421142578125 -7.299999237060547
      vertex -31.76645278930664 50.23857116699219 -2
      vertex -31.76645278930664 50.23857116699219 -7.299999237060547
    endloop
  endfacet
  facet normal -0.12434555707507525 -0.9922389744591216 0
    outer loop
      vertex -27.12635040283203 52.61741638183594 -7.299999237060547
      vertex -26.631759643554688 52.55543518066406 -2
      vertex -27.12635040283203 52.61741638183594 -2
    endloop
  endfacet
  facet normal -0.12434555707507525 -0.9922389744591216 0
    outer loop
      vertex -26.631759643554688 52.55543518066406 -2
      vertex -27.12635040283203 52.61741638183594 -7.299999237060547
      vertex -26.631759643554688 52.55543518066406 -7.299999237060547
    endloop
  endfacet
  facet normal -0.9690771961063885 0.24675775162409844 0
    outer loop
      vertex -22.722135543823242 46.15761947631836 -7.299999237060547
      vertex -22.599136352539062 46.64066696166992 -2
      vertex -22.599136352539062 46.64066696166992 -7.299999237060547
    endloop
  endfacet
  facet normal -0.9690771961063885 0.24675775162409844 0
    outer loop
      vertex -22.599136352539062 46.64066696166992 -2
      vertex -22.722135543823242 46.15761947631836 -7.299999237060547
      vertex -22.722135543823242 46.15761947631836 -2
    endloop
  endfacet
  facet normal -0.024933490989674702 0.9996891121879181 0
    outer loop
      vertex -27.12635040283203 42.64537811279297 -7.299999237060547
      vertex -27.624652862548828 42.63294982910156 -2
      vertex -27.12635040283203 42.64537811279297 -2
    endloop
  endfacet
  facet normal -0.024933490989674702 0.9996891121879181 0
    outer loop
      vertex -27.624652862548828 42.63294982910156 -2
      vertex -27.12635040283203 42.64537811279297 -7.299999237060547
      vertex -27.624652862548828 42.63294982910156 -7.299999237060547
    endloop
  endfacet
  facet normal 0.36533956760961217 -0.9308743203777949 0
    outer loop
      vertex -29.556434631347656 52.188926696777344 -7.299999237060547
      vertex -29.09243392944336 52.37103271484375 -2
      vertex -29.556434631347656 52.188926696777344 -2
    endloop
  endfacet
  facet normal 0.36533956760961217 -0.9308743203777949 0
    outer loop
      vertex -29.09243392944336 52.37103271484375 -2
      vertex -29.556434631347656 52.188926696777344 -7.299999237060547
      vertex -29.09243392944336 52.37103271484375 -7.299999237060547
    endloop
  endfacet
  facet normal 0.9214756824485849 -0.38843605220926003 0
    outer loop
      vertex -32.198463439941406 49.34149932861328 -2
      vertex -32.004844665527344 49.80081558227539 -7.299999237060547
      vertex -32.004844665527344 49.80081558227539 -2
    endloop
  endfacet
  facet normal 0.9214756824485849 -0.38843605220926003 0
    outer loop
      vertex -32.004844665527344 49.80081558227539 -7.299999237060547
      vertex -32.198463439941406 49.34149932861328 -2
      vertex -32.198463439941406 49.34149932861328 -7.299999237060547
    endloop
  endfacet
  facet normal 0.4562091281375018 0.8898725927929348 0
    outer loop
      vertex -29.556434631347656 43.07386779785156 -7.299999237060547
      vertex -30 43.30126953125 -2
      vertex -29.556434631347656 43.07386779785156 -2
    endloop
  endfacet
  facet normal 0.4562091281375018 0.8898725927929348 0
    outer loop
      vertex -30 43.30126953125 -2
      vertex -29.556434631347656 43.07386779785156 -7.299999237060547
      vertex -30 43.30126953125 -7.299999237060547
    endloop
  endfacet
  facet normal -0.8532909139011633 -0.5214351505736046 0
    outer loop
      vertex -23.108890533447266 50.022666931152344 -7.299999237060547
      vertex -23.368804931640625 50.447998046875 -2
      vertex -23.368804931640625 50.447998046875 -7.299999237060547
    endloop
  endfacet
  facet normal -0.8532909139011633 -0.5214351505736046 0
    outer loop
      vertex -23.368804931640625 50.447998046875 -2
      vertex -23.108890533447266 50.022666931152344 -7.299999237060547
      vertex -23.108890533447266 50.022666931152344 -2
    endloop
  endfacet
  facet normal -0.9396930564451077 -0.34201894635948393 0
    outer loop
      vertex -22.722135543823242 49.10517120361328 -7.299999237060547
      vertex -22.89261817932129 49.573570251464844 -2
      vertex -22.89261817932129 49.573570251464844 -7.299999237060547
    endloop
  endfacet
  facet normal -0.9396930564451077 -0.34201894635948393 0
    outer loop
      vertex -22.89261817932129 49.573570251464844 -2
      vertex -22.722135543823242 49.10517120361328 -7.299999237060547
      vertex -22.722135543823242 49.10517120361328 -2
    endloop
  endfacet
  facet normal 0.9555730961634106 -0.2947542330292701 0
    outer loop
      vertex -32.34538650512695 48.86518478393555 -2
      vertex -32.198463439941406 49.34149932861328 -7.299999237060547
      vertex -32.198463439941406 49.34149932861328 -2
    endloop
  endfacet
  facet normal 0.9555730961634106 -0.2947542330292701 0
    outer loop
      vertex -32.198463439941406 49.34149932861328 -7.299999237060547
      vertex -32.34538650512695 48.86518478393555 -2
      vertex -32.34538650512695 48.86518478393555 -7.299999237060547
    endloop
  endfacet
  facet normal 0 0 1
    outer loop
      vertex -22.524845123291016 48.129234313964844 -7.299999237060547
      vertex -22.524845123291016 47.1335563659668 -7.299999237060547
      vertex -22.5 47.63139724731445 -7.299999237060547
    endloop
  endfacet
  facet normal 0 0 1
    outer loop
      vertex -22.599136352539062 48.622127532958984 -7.299999237060547
      vertex -22.524845123291016 47.1335563659668 -7.299999237060547
      vertex -22.524845123291016 48.129234313964844 -7.299999237060547
    endloop
  endfacet
  facet normal 0 0 1
    outer loop
      vertex -22.599136352539062 48.622127532958984 -7.299999237060547
      vertex -22.599136352539062 46.64066696166992 -7.299999237060547
      vertex -22.524845123291016 47.1335563659668 -7.299999237060547
    endloop
  endfacet
  facet normal 0 0 1
    outer loop
      vertex -22.722135543823242 49.10517120361328 -7.299999237060547
      vertex -22.599136352539062 46.64066696166992 -7.299999237060547
      vertex -22.599136352539062 48.622127532958984 -7.299999237060547
    endloop
  endfacet
  facet normal 0 0 1
    outer loop
      vertex -22.722135543823242 49.10517120361328 -7.299999237060547
      vertex -22.722135543823242 46.15761947631836 -7.299999237060547
      vertex -22.599136352539062 46.64066696166992 -7.299999237060547
    endloop
  endfacet
  facet normal 0 0 1
    outer loop
      vertex -22.89261817932129 49.573570251464844 -7.299999237060547
      vertex -22.722135543823242 46.15761947631836 -7.299999237060547
      vertex -22.722135543823242 49.10517120361328 -7.299999237060547
    endloop
  endfacet
  facet normal 0 0 1
    outer loop
      vertex -22.89261817932129 49.573570251464844 -7.299999237060547
      vertex -22.89261817932129 45.68922424316406 -7.299999237060547
      vertex -22.722135543823242 46.15761947631836 -7.299999237060547
    endloop
  endfacet
  facet normal 0 0 1
    outer loop
      vertex -23.108890533447266 50.022666931152344 -7.299999237060547
      vertex -22.89261817932129 45.68922424316406 -7.299999237060547
      vertex -22.89261817932129 49.573570251464844 -7.299999237060547
    endloop
  endfacet
  facet normal 0 0 1
    outer loop
      vertex -23.108890533447266 50.022666931152344 -7.299999237060547
      vertex -23.108890533447266 45.24012756347656 -7.299999237060547
      vertex -22.89261817932129 45.68922424316406 -7.299999237060547
    endloop
  endfacet
  facet normal 0 0 1
    outer loop
      vertex -23.368804931640625 50.447998046875 -7.299999237060547
      vertex -23.108890533447266 45.24012756347656 -7.299999237060547
      vertex -23.108890533447266 50.022666931152344 -7.299999237060547
    endloop
  endfacet
  facet normal 0 0 1
    outer loop
      vertex -23.368804931640625 50.447998046875 -7.299999237060547
      vertex -23.368804931640625 44.814796447753906 -7.299999237060547
      vertex -23.108890533447266 45.24012756347656 -7.299999237060547
    endloop
  endfacet
  facet normal 0 0 1
    outer loop
      vertex -23.669776916503906 50.8453369140625 -7.299999237060547
      vertex -23.368804931640625 44.814796447753906 -7.299999237060547
      vertex -23.368804931640625 50.447998046875 -7.299999237060547
    endloop
  endfacet
  facet normal 0 0 1
    outer loop
      vertex -23.669776916503906 50.8453369140625 -7.299999237060547
      vertex -23.669776916503906 44.417457580566406 -7.299999237060547
      vertex -23.368804931640625 44.814796447753906 -7.299999237060547
    endloop
  endfacet
  facet normal 0 0 1
    outer loop
      vertex -24.00881576538086 51.210731506347656 -7.299999237060547
      vertex -23.669776916503906 44.417457580566406 -7.299999237060547
      vertex -23.669776916503906 50.8453369140625 -7.299999237060547
    endloop
  endfacet
  facet normal 0 0 1
    outer loop
      vertex -24.00881576538086 51.210731506347656 -7.299999237060547
      vertex -24.00881576538086 44.05206298828125 -7.299999237060547
      vertex -23.669776916503906 44.417457580566406 -7.299999237060547
    endloop
  endfacet
  facet normal 0 0 1
    outer loop
      vertex -24.382549285888672 51.54055404663086 -7.299999237060547
      vertex -24.00881576538086 44.05206298828125 -7.299999237060547
      vertex -24.00881576538086 51.210731506347656 -7.299999237060547
    endloop
  endfacet
  facet normal 0 0 1
    outer loop
      vertex -24.382549285888672 51.54055404663086 -7.299999237060547
      vertex -24.382549285888672 43.72224044799805 -7.299999237060547
      vertex -24.00881576538086 44.05206298828125 -7.299999237060547
    endloop
  endfacet
  facet normal 0 0 1
    outer loop
      vertex -24.787269592285156 51.83152770996094 -7.299999237060547
      vertex -24.382549285888672 43.72224044799805 -7.299999237060547
      vertex -24.382549285888672 51.54055404663086 -7.299999237060547
    endloop
  endfacet
  facet normal 0 0 1
    outer loop
      vertex -24.787269592285156 51.83152770996094 -7.299999237060547
      vertex -24.787269592285156 43.43126678466797 -7.299999237060547
      vertex -24.382549285888672 43.72224044799805 -7.299999237060547
    endloop
  endfacet
  facet normal 0 0 1
    outer loop
      vertex -25.21894645690918 52.08075714111328 -7.299999237060547
      vertex -24.787269592285156 43.43126678466797 -7.299999237060547
      vertex -24.787269592285156 51.83152770996094 -7.299999237060547
    endloop
  endfacet
  facet normal 0 0 1
    outer loop
      vertex -25.21894645690918 52.08075714111328 -7.299999237060547
      vertex -25.21894645690918 43.182037353515625 -7.299999237060547
      vertex -24.787269592285156 43.43126678466797 -7.299999237060547
    endloop
  endfacet
  facet normal 0 0 1
    outer loop
      vertex -25.673294067382812 52.2857666015625 -7.299999237060547
      vertex -25.21894645690918 43.182037353515625 -7.299999237060547
      vertex -25.21894645690918 52.08075714111328 -7.299999237060547
    endloop
  endfacet
  facet normal 0 0 1
    outer loop
      vertex -25.673294067382812 52.2857666015625 -7.299999237060547
      vertex -25.673294067382812 42.977027893066406 -7.299999237060547
      vertex -25.21894645690918 43.182037353515625 -7.299999237060547
    endloop
  endfacet
  facet normal 0 0 1
    outer loop
      vertex -26.145797729492188 52.44451904296875 -7.299999237060547
      vertex -25.673294067382812 42.977027893066406 -7.299999237060547
      vertex -25.673294067382812 52.2857666015625 -7.299999237060547
    endloop
  endfacet
  facet normal 0 0 1
    outer loop
      vertex -26.145797729492188 52.44451904296875 -7.299999237060547
      vertex -26.145797729492188 42.818275451660156 -7.299999237060547
      vertex -25.673294067382812 42.977027893066406 -7.299999237060547
    endloop
  endfacet
  facet normal 0 0 1
    outer loop
      vertex -26.631759643554688 52.55543518066406 -7.299999237060547
      vertex -26.145797729492188 42.818275451660156 -7.299999237060547
      vertex -26.145797729492188 52.44451904296875 -7.299999237060547
    endloop
  endfacet
  facet normal 0 0 1
    outer loop
      vertex -26.631759643554688 52.55543518066406 -7.299999237060547
      vertex -26.631759643554688 42.707359313964844 -7.299999237060547
      vertex -26.145797729492188 42.818275451660156 -7.299999237060547
    endloop
  endfacet
  facet normal 0 0 1
    outer loop
      vertex -27.12635040283203 52.61741638183594 -7.299999237060547
      vertex -26.631759643554688 42.707359313964844 -7.299999237060547
      vertex -26.631759643554688 52.55543518066406 -7.299999237060547
    endloop
  endfacet
  facet normal 0 0 1
    outer loop
      vertex -27.12635040283203 52.61741638183594 -7.299999237060547
      vertex -27.12635040283203 42.64537811279297 -7.299999237060547
      vertex -26.631759643554688 42.707359313964844 -7.299999237060547
    endloop
  endfacet
  facet normal 0 0 1
    outer loop
      vertex -27.624652862548828 52.629844665527344 -7.299999237060547
      vertex -27.12635040283203 42.64537811279297 -7.299999237060547
      vertex -27.12635040283203 52.61741638183594 -7.299999237060547
    endloop
  endfacet
  facet normal 0 0 1
    outer loop
      vertex -27.624652862548828 52.629844665527344 -7.299999237060547
      vertex -27.624652862548828 42.63294982910156 -7.299999237060547
      vertex -27.12635040283203 42.64537811279297 -7.299999237060547
    endloop
  endfacet
  facet normal 0 0 1
    outer loop
      vertex -28.121719360351562 52.592594146728516 -7.299999237060547
      vertex -27.624652862548828 42.63294982910156 -7.299999237060547
      vertex -27.624652862548828 52.629844665527344 -7.299999237060547
    endloop
  endfacet
  facet normal 0 0 1
    outer loop
      vertex -28.121719360351562 52.592594146728516 -7.299999237060547
      vertex -28.121719360351562 42.67020034790039 -7.299999237060547
      vertex -27.624652862548828 42.63294982910156 -7.299999237060547
    endloop
  endfacet
  facet normal 0 0 1
    outer loop
      vertex -28.61260414123535 52.50603485107422 -7.299999237060547
      vertex -28.121719360351562 42.67020034790039 -7.299999237060547
      vertex -28.121719360351562 52.592594146728516 -7.299999237060547
    endloop
  endfacet
  facet normal 0 0 1
    outer loop
      vertex -28.61260414123535 52.50603485107422 -7.299999237060547
      vertex -28.61260414123535 42.75675582885742 -7.299999237060547
      vertex -28.121719360351562 42.67020034790039 -7.299999237060547
    endloop
  endfacet
  facet normal 0 0 1
    outer loop
      vertex -29.09243392944336 52.37103271484375 -7.299999237060547
      vertex -28.61260414123535 42.75675582885742 -7.299999237060547
      vertex -28.61260414123535 52.50603485107422 -7.299999237060547
    endloop
  endfacet
  facet normal 0 0 1
    outer loop
      vertex -29.09243392944336 52.37103271484375 -7.299999237060547
      vertex -29.09243392944336 42.891761779785156 -7.299999237060547
      vertex -28.61260414123535 42.75675582885742 -7.299999237060547
    endloop
  endfacet
  facet normal 0 0 1
    outer loop
      vertex -29.556434631347656 52.188926696777344 -7.299999237060547
      vertex -29.09243392944336 42.891761779785156 -7.299999237060547
      vertex -29.09243392944336 52.37103271484375 -7.299999237060547
    endloop
  endfacet
  facet normal 0 0 1
    outer loop
      vertex -29.556434631347656 52.188926696777344 -7.299999237060547
      vertex -29.556434631347656 43.07386779785156 -7.299999237060547
      vertex -29.09243392944336 42.891761779785156 -7.299999237060547
    endloop
  endfacet
  facet normal 0 0 1
    outer loop
      vertex -30 51.961524963378906 -7.299999237060547
      vertex -29.556434631347656 43.07386779785156 -7.299999237060547
      vertex -29.556434631347656 52.188926696777344 -7.299999237060547
    endloop
  endfacet
  facet normal 0 0 1
    outer loop
      vertex -30 51.961524963378906 -7.299999237060547
      vertex -30 43.30126953125 -7.299999237060547
      vertex -29.556434631347656 43.07386779785156 -7.299999237060547
    endloop
  endfacet
  facet normal 0 0 1
    outer loop
      vertex -30.418718338012695 51.69108581542969 -7.299999237060547
      vertex -30 43.30126953125 -7.299999237060547
      vertex -30 51.961524963378906 -7.299999237060547
    endloop
  endfacet
  facet normal 0 0 1
    outer loop
      vertex -30.418718338012695 51.69108581542969 -7.299999237060547
      vertex -30.418718338012695 43.57170867919922 -7.299999237060547
      vertex -30 43.30126953125 -7.299999237060547
    endloop
  endfacet
  facet normal 0 0 1
    outer loop
      vertex -30.808429718017578 51.38030242919922 -7.299999237060547
      vertex -30.418718338012695 43.57170867919922 -7.299999237060547
      vertex -30.418718338012695 51.69108581542969 -7.299999237060547
    endloop
  endfacet
  facet normal 0 0 1
    outer loop
      vertex -30.808429718017578 51.38030242919922 -7.299999237060547
      vertex -30.808429718017578 43.88249206542969 -7.299999237060547
      vertex -30.418718338012695 43.57170867919922 -7.299999237060547
    endloop
  endfacet
  facet normal 0 0 1
    outer loop
      vertex -31.165258407592773 51.03226089477539 -7.299999237060547
      vertex -30.808429718017578 43.88249206542969 -7.299999237060547
      vertex -30.808429718017578 51.38030242919922 -7.299999237060547
    endloop
  endfacet
  facet normal 0 0 1
    outer loop
      vertex -31.165258407592773 51.03226089477539 -7.299999237060547
      vertex -31.165258407592773 44.230533599853516 -7.299999237060547
      vertex -30.808429718017578 43.88249206542969 -7.299999237060547
    endloop
  endfacet
  facet normal 0 0 1
    outer loop
      vertex -31.48566246032715 50.650421142578125 -7.299999237060547
      vertex -31.165258407592773 44.230533599853516 -7.299999237060547
      vertex -31.165258407592773 51.03226089477539 -7.299999237060547
    endloop
  endfacet
  facet normal 0 0 1
    outer loop
      vertex -31.48566246032715 50.650421142578125 -7.299999237060547
      vertex -31.48566246032715 44.61237335205078 -7.299999237060547
      vertex -31.165258407592773 44.230533599853516 -7.299999237060547
    endloop
  endfacet
  facet normal 0 0 1
    outer loop
      vertex -31.76645278930664 50.23857116699219 -7.299999237060547
      vertex -31.48566246032715 44.61237335205078 -7.299999237060547
      vertex -31.48566246032715 50.650421142578125 -7.299999237060547
    endloop
  endfacet
  facet normal 0 0 1
    outer loop
      vertex -31.76645278930664 50.23857116699219 -7.299999237060547
      vertex -31.76645278930664 45.02421951293945 -7.299999237060547
      vertex -31.48566246032715 44.61237335205078 -7.299999237060547
    endloop
  endfacet
  facet normal 0 0 1
    outer loop
      vertex -32.004844665527344 49.80081558227539 -7.299999237060547
      vertex -31.76645278930664 45.02421951293945 -7.299999237060547
      vertex -31.76645278930664 50.23857116699219 -7.299999237060547
    endloop
  endfacet
  facet normal 0 0 1
    outer loop
      vertex -32.004844665527344 49.80081558227539 -7.299999237060547
      vertex -32.004844665527344 45.461978912353516 -7.299999237060547
      vertex -31.76645278930664 45.02421951293945 -7.299999237060547
    endloop
  endfacet
  facet normal 0 0 1
    outer loop
      vertex -32.198463439941406 49.34149932861328 -7.299999237060547
      vertex -32.004844665527344 45.461978912353516 -7.299999237060547
      vertex -32.004844665527344 49.80081558227539 -7.299999237060547
    endloop
  endfacet
  facet normal 0 0 1
    outer loop
      vertex -32.198463439941406 49.34149932861328 -7.299999237060547
      vertex -32.198463439941406 45.921295166015625 -7.299999237060547
      vertex -32.004844665527344 45.461978912353516 -7.299999237060547
    endloop
  endfacet
  facet normal 0 0 1
    outer loop
      vertex -32.34538650512695 48.86518478393555 -7.299999237060547
      vertex -32.198463439941406 45.921295166015625 -7.299999237060547
      vertex -32.198463439941406 49.34149932861328 -7.299999237060547
    endloop
  endfacet
  facet normal 0 0 1
    outer loop
      vertex -32.34538650512695 48.86518478393555 -7.299999237060547
      vertex -32.34538650512695 46.39760971069336 -7.299999237060547
      vertex -32.198463439941406 45.921295166015625 -7.299999237060547
    endloop
  endfacet
  facet normal 0 0 1
    outer loop
      vertex -32.44415283203125 48.376609802246094 -7.299999237060547
      vertex -32.34538650512695 46.39760971069336 -7.299999237060547
      vertex -32.34538650512695 48.86518478393555 -7.299999237060547
    endloop
  endfacet
  facet normal 0 0 1
    outer loop
      vertex -32.44415283203125 48.376609802246094 -7.299999237060547
      vertex -32.44415283203125 46.88618469238281 -7.299999237060547
      vertex -32.34538650512695 46.39760971069336 -7.299999237060547
    endloop
  endfacet
  facet normal 0 0 1
    outer loop
      vertex -32.49378204345703 47.8806266784668 -7.299999237060547
      vertex -32.44415283203125 46.88618469238281 -7.299999237060547
      vertex -32.44415283203125 48.376609802246094 -7.299999237060547
    endloop
  endfacet
  facet normal 0 0 1
    outer loop
      vertex -32.44415283203125 46.88618469238281 -7.299999237060547
      vertex -32.49378204345703 47.8806266784668 -7.299999237060547
      vertex -32.49378204345703 47.38216781616211 -7.299999237060547
    endloop
  endfacet
  facet normal -0.9690767301180304 -0.2467595816655272 0
    outer loop
      vertex -22.599136352539062 48.622127532958984 -7.299999237060547
      vertex -22.722135543823242 49.10517120361328 -2
      vertex -22.722135543823242 49.10517120361328 -7.299999237060547
    endloop
  endfacet
  facet normal -0.9690767301180304 -0.2467595816655272 0
    outer loop
      vertex -22.722135543823242 49.10517120361328 -2
      vertex -22.599136352539062 48.622127532958984 -7.299999237060547
      vertex -22.599136352539062 48.622127532958984 -2
    endloop
  endfacet
  facet normal -0.66168668516126 -0.7497804549868606 0
    outer loop
      vertex -24.382549285888672 51.54055404663086 -7.299999237060547
      vertex -24.00881576538086 51.210731506347656 -2
      vertex -24.382549285888672 51.54055404663086 -2
    endloop
  endfacet
  facet normal -0.66168668516126 -0.7497804549868606 0
    outer loop
      vertex -24.00881576538086 51.210731506347656 -2
      vertex -24.382549285888672 51.54055404663086 -7.299999237060547
      vertex -24.00881576538086 51.210731506347656 -7.299999237060547
    endloop
  endfacet
  facet normal -0.7330496577140617 -0.6801751240124095 0
    outer loop
      vertex -23.669776916503906 50.8453369140625 -7.299999237060547
      vertex -24.00881576538086 51.210731506347656 -2
      vertex -24.00881576538086 51.210731506347656 -7.299999237060547
    endloop
  endfacet
  facet normal -0.7330496577140617 -0.6801751240124095 0
    outer loop
      vertex -24.00881576538086 51.210731506347656 -2
      vertex -23.669776916503906 50.8453369140625 -7.299999237060547
      vertex -23.669776916503906 50.8453369140625 -2
    endloop
  endfacet
  facet normal 0.9555730961634106 0.2947542330292701 0
    outer loop
      vertex -32.198463439941406 45.921295166015625 -2
      vertex -32.34538650512695 46.39760971069336 -7.299999237060547
      vertex -32.34538650512695 46.39760971069336 -2
    endloop
  endfacet
  facet normal 0.9555730961634106 0.2947542330292701 0
    outer loop
      vertex -32.34538650512695 46.39760971069336 -7.299999237060547
      vertex -32.198463439941406 45.921295166015625 -2
      vertex -32.198463439941406 45.921295166015625 -7.299999237060547
    endloop
  endfacet
  facet normal 0.6982374899936905 -0.7158661938989095 0
    outer loop
      vertex -31.165258407592773 51.03226089477539 -7.299999237060547
      vertex -30.808429718017578 51.38030242919922 -2
      vertex -31.165258407592773 51.03226089477539 -2
    endloop
  endfacet
  facet normal 0.6982374899936905 -0.7158661938989095 0
    outer loop
      vertex -30.808429718017578 51.38030242919922 -2
      vertex -31.165258407592773 51.03226089477539 -7.299999237060547
      vertex -30.808429718017578 51.38030242919922 -7.299999237060547
    endloop
  endfacet
  facet normal -0.9987570102833708 -0.04984410105341247 0
    outer loop
      vertex -22.5 47.63139724731445 -7.299999237060547
      vertex -22.524845123291016 48.129234313964844 -2
      vertex -22.524845123291016 48.129234313964844 -7.299999237060547
    endloop
  endfacet
  facet normal -0.9987570102833708 -0.04984410105341247 0
    outer loop
      vertex -22.524845123291016 48.129234313964844 -2
      vertex -22.5 47.63139724731445 -7.299999237060547
      vertex -22.5 47.63139724731445 -2
    endloop
  endfacet
  facet normal 0.17365413997830434 -0.9848067016772354 0
    outer loop
      vertex -28.61260414123535 52.50603485107422 -7.299999237060547
      vertex -28.121719360351562 52.592594146728516 -2
      vertex -28.61260414123535 52.50603485107422 -2
    endloop
  endfacet
  facet normal 0.17365413997830434 -0.9848067016772354 0
    outer loop
      vertex -28.121719360351562 52.592594146728516 -2
      vertex -28.61260414123535 52.50603485107422 -7.299999237060547
      vertex -28.121719360351562 52.592594146728516 -7.299999237060547
    endloop
  endfacet
  facet normal 0.36533956760961217 0.9308743203777949 0
    outer loop
      vertex -29.09243392944336 42.891761779785156 -7.299999237060547
      vertex -29.556434631347656 43.07386779785156 -2
      vertex -29.09243392944336 42.891761779785156 -2
    endloop
  endfacet
  facet normal 0.36533956760961217 0.9308743203777949 0
    outer loop
      vertex -29.556434631347656 43.07386779785156 -2
      vertex -29.09243392944336 42.891761779785156 -7.299999237060547
      vertex -29.556434631347656 43.07386779785156 -7.299999237060547
    endloop
  endfacet
  facet normal -0.22251807751640043 0.9749285641411914 0
    outer loop
      vertex -26.145797729492188 42.818275451660156 -7.299999237060547
      vertex -26.631759643554688 42.707359313964844 -2
      vertex -26.145797729492188 42.818275451660156 -2
    endloop
  endfacet
  facet normal -0.22251807751640043 0.9749285641411914 0
    outer loop
      vertex -26.631759643554688 42.707359313964844 -2
      vertex -26.145797729492188 42.818275451660156 -7.299999237060547
      vertex -26.631759643554688 42.707359313964844 -7.299999237060547
    endloop
  endfacet
  facet normal 0.9950310507895475 0.09956509410756899 0
    outer loop
      vertex -32.44415283203125 46.88618469238281 -2
      vertex -32.49378204345703 47.38216781616211 -7.299999237060547
      vertex -32.49378204345703 47.38216781616211 -2
    endloop
  endfacet
  facet normal 0.9950310507895475 0.09956509410756899 0
    outer loop
      vertex -32.49378204345703 47.38216781616211 -7.299999237060547
      vertex -32.44415283203125 46.88618469238281 -2
      vertex -32.44415283203125 46.88618469238281 -7.299999237060547
    endloop
  endfacet
  facet normal -0.4112871222449548 -0.9115058436869529 0
    outer loop
      vertex -25.673294067382812 52.2857666015625 -7.299999237060547
      vertex -25.21894645690918 52.08075714111328 -2
      vertex -25.673294067382812 52.2857666015625 -2
    endloop
  endfacet
  facet normal -0.4112871222449548 -0.9115058436869529 0
    outer loop
      vertex -25.21894645690918 52.08075714111328 -2
      vertex -25.673294067382812 52.2857666015625 -7.299999237060547
      vertex -25.21894645690918 52.08075714111328 -7.299999237060547
    endloop
  endfacet
  facet normal 0.9801729696092123 -0.19814376005178225 0
    outer loop
      vertex -32.44415283203125 48.376609802246094 -2
      vertex -32.34538650512695 48.86518478393555 -7.299999237060547
      vertex -32.34538650512695 48.86518478393555 -2
    endloop
  endfacet
  facet normal 0.9801729696092123 -0.19814376005178225 0
    outer loop
      vertex -32.34538650512695 48.86518478393555 -7.299999237060547
      vertex -32.44415283203125 48.376609802246094 -2
      vertex -32.44415283203125 48.376609802246094 -7.299999237060547
    endloop
  endfacet
  facet normal 0.7660420154645999 0.6427905028412707 0
    outer loop
      vertex -31.165258407592773 44.230533599853516 -2
      vertex -31.48566246032715 44.61237335205078 -7.299999237060547
      vertex -31.48566246032715 44.61237335205078 -2
    endloop
  endfacet
  facet normal 0.7660420154645999 0.6427905028412707 0
    outer loop
      vertex -31.48566246032715 44.61237335205078 -7.299999237060547
      vertex -31.165258407592773 44.230533599853516 -2
      vertex -31.165258407592773 44.230533599853516 -7.299999237060547
    endloop
  endfacet
  facet normal -0.024933490989674702 -0.9996891121879181 0
    outer loop
      vertex -27.624652862548828 52.629844665527344 -7.299999237060547
      vertex -27.12635040283203 52.61741638183594 -2
      vertex -27.624652862548828 52.629844665527344 -2
    endloop
  endfacet
  facet normal -0.024933490989674702 -0.9996891121879181 0
    outer loop
      vertex -27.12635040283203 52.61741638183594 -2
      vertex -27.624652862548828 52.629844665527344 -7.299999237060547
      vertex -27.12635040283203 52.61741638183594 -7.299999237060547
    endloop
  endfacet
  facet normal -0.9888307951857476 0.1490424721088666 0
    outer loop
      vertex -22.599136352539062 46.64066696166992 -7.299999237060547
      vertex -22.524845123291016 47.1335563659668 -2
      vertex -22.524845123291016 47.1335563659668 -7.299999237060547
    endloop
  endfacet
  facet normal -0.9888307951857476 0.1490424721088666 0
    outer loop
      vertex -22.524845123291016 47.1335563659668 -2
      vertex -22.599136352539062 46.64066696166992 -7.299999237060547
      vertex -22.599136352539062 46.64066696166992 -2
    endloop
  endfacet
  facet normal -0.8532909139011633 0.5214351505736046 0
    outer loop
      vertex -23.368804931640625 44.814796447753906 -7.299999237060547
      vertex -23.108890533447266 45.24012756347656 -2
      vertex -23.108890533447266 45.24012756347656 -7.299999237060547
    endloop
  endfacet
  facet normal -0.8532909139011633 0.5214351505736046 0
    outer loop
      vertex -23.108890533447266 45.24012756347656 -2
      vertex -23.368804931640625 44.814796447753906 -7.299999237060547
      vertex -23.368804931640625 44.814796447753906 -2
    endloop
  endfacet
  facet normal -0.12434555707507525 0.9922389744591216 0
    outer loop
      vertex -26.631759643554688 42.707359313964844 -7.299999237060547
      vertex -27.12635040283203 42.64537811279297 -2
      vertex -26.631759643554688 42.707359313964844 -2
    endloop
  endfacet
  facet normal -0.12434555707507525 0.9922389744591216 0
    outer loop
      vertex -27.12635040283203 42.64537811279297 -2
      vertex -26.631759643554688 42.707359313964844 -7.299999237060547
      vertex -27.12635040283203 42.64537811279297 -7.299999237060547
    endloop
  endfacet
  facet normal -0.4112871222449548 0.9115058436869529 0
    outer loop
      vertex -25.21894645690918 43.182037353515625 -7.299999237060547
      vertex -25.673294067382812 42.977027893066406 -2
      vertex -25.21894645690918 43.182037353515625 -2
    endloop
  endfacet
  facet normal -0.4112871222449548 0.9115058436869529 0
    outer loop
      vertex -25.673294067382812 42.977027893066406 -2
      vertex -25.21894645690918 43.182037353515625 -7.299999237060547
      vertex -25.673294067382812 42.977027893066406 -7.299999237060547
    endloop
  endfacet
  facet normal 0.8262402954720164 0.5633178269310454 0
    outer loop
      vertex -31.48566246032715 44.61237335205078 -2
      vertex -31.76645278930664 45.02421951293945 -7.299999237060547
      vertex -31.76645278930664 45.02421951293945 -2
    endloop
  endfacet
  facet normal 0.8262402954720164 0.5633178269310454 0
    outer loop
      vertex -31.76645278930664 45.02421951293945 -7.299999237060547
      vertex -31.48566246032715 44.61237335205078 -2
      vertex -31.48566246032715 44.61237335205078 -7.299999237060547
    endloop
  endfacet
  facet normal -0.9009698154307721 -0.4338817715491634 0
    outer loop
      vertex -22.89261817932129 49.573570251464844 -7.299999237060547
      vertex -23.108890533447266 50.022666931152344 -2
      vertex -23.108890533447266 50.022666931152344 -7.299999237060547
    endloop
  endfacet
  facet normal -0.9009698154307721 -0.4338817715491634 0
    outer loop
      vertex -23.108890533447266 50.022666931152344 -2
      vertex -22.89261817932129 49.573570251464844 -7.299999237060547
      vertex -22.89261817932129 49.573570251464844 -2
    endloop
  endfacet
  facet normal 0.9214756824485849 0.38843605220926003 0
    outer loop
      vertex -32.004844665527344 45.461978912353516 -2
      vertex -32.198463439941406 45.921295166015625 -7.299999237060547
      vertex -32.198463439941406 45.921295166015625 -2
    endloop
  endfacet
  facet normal 0.9214756824485849 0.38843605220926003 0
    outer loop
      vertex -32.198463439941406 45.921295166015625 -7.299999237060547
      vertex -32.004844665527344 45.461978912353516 -2
      vertex -32.004844665527344 45.461978912353516 -7.299999237060547
    endloop
  endfacet
  facet normal -0.5000010188802897 -0.8660248155328298 0
    outer loop
      vertex -25.21894645690918 52.08075714111328 -7.299999237060547
      vertex -24.787269592285156 51.83152770996094 -2
      vertex -25.21894645690918 52.08075714111328 -2
    endloop
  endfacet
  facet normal -0.5000010188802897 -0.8660248155328298 0
    outer loop
      vertex -24.787269592285156 51.83152770996094 -2
      vertex -25.21894645690918 52.08075714111328 -7.299999237060547
      vertex -24.787269592285156 51.83152770996094 -7.299999237060547
    endloop
  endfacet
  facet normal 0.6982374899936905 0.7158661938989095 0
    outer loop
      vertex -30.808429718017578 43.88249206542969 -7.299999237060547
      vertex -31.165258407592773 44.230533599853516 -2
      vertex -30.808429718017578 43.88249206542969 -2
    endloop
  endfacet
  facet normal 0.6982374899936905 0.7158661938989095 0
    outer loop
      vertex -31.165258407592773 44.230533599853516 -2
      vertex -30.808429718017578 43.88249206542969 -7.299999237060547
      vertex -31.165258407592773 44.230533599853516 -7.299999237060547
    endloop
  endfacet
  facet normal -0.5000010188802897 0.8660248155328298 0
    outer loop
      vertex -24.787269592285156 43.43126678466797 -7.299999237060547
      vertex -25.21894645690918 43.182037353515625 -2
      vertex -24.787269592285156 43.43126678466797 -2
    endloop
  endfacet
  facet normal -0.5000010188802897 0.8660248155328298 0
    outer loop
      vertex -25.21894645690918 43.182037353515625 -2
      vertex -24.787269592285156 43.43126678466797 -7.299999237060547
      vertex -25.21894645690918 43.182037353515625 -7.299999237060547
    endloop
  endfacet
  facet normal 1 0 0
    outer loop
      vertex -32.49378204345703 47.38216781616211 -2
      vertex -32.49378204345703 47.8806266784668 -7.299999237060547
      vertex -32.49378204345703 47.8806266784668 -2
    endloop
  endfacet
  facet normal 1 0 0
    outer loop
      vertex -32.49378204345703 47.8806266784668 -7.299999237060547
      vertex -32.49378204345703 47.38216781616211 -2
      vertex -32.49378204345703 47.38216781616211 -7.299999237060547
    endloop
  endfacet
  facet normal -0.31848602630504974 0.9479275558018234 0
    outer loop
      vertex -25.673294067382812 42.977027893066406 -7.299999237060547
      vertex -26.145797729492188 42.818275451660156 -2
      vertex -25.673294067382812 42.977027893066406 -2
    endloop
  endfacet
  facet normal -0.31848602630504974 0.9479275558018234 0
    outer loop
      vertex -26.145797729492188 42.818275451660156 -2
      vertex -25.673294067382812 42.977027893066406 -7.299999237060547
      vertex -26.145797729492188 42.818275451660156 -7.299999237060547
    endloop
  endfacet
  facet normal -0.9009698154307721 0.4338817715491634 0
    outer loop
      vertex -23.108890533447266 45.24012756347656 -7.299999237060547
      vertex -22.89261817932129 45.68922424316406 -2
      vertex -22.89261817932129 45.68922424316406 -7.299999237060547
    endloop
  endfacet
  facet normal -0.9009698154307721 0.4338817715491634 0
    outer loop
      vertex -22.89261817932129 45.68922424316406 -2
      vertex -23.108890533447266 45.24012756347656 -7.299999237060547
      vertex -23.108890533447266 45.24012756347656 -2
    endloop
  endfacet
  facet normal 0.1736467177490909 0.9848080104339969 0
    outer loop
      vertex -28.121719360351562 42.67020034790039 -7.299999237060547
      vertex -28.61260414123535 42.75675582885742 -2
      vertex -28.121719360351562 42.67020034790039 -2
    endloop
  endfacet
  facet normal 0.1736467177490909 0.9848080104339969 0
    outer loop
      vertex -28.61260414123535 42.75675582885742 -2
      vertex -28.121719360351562 42.67020034790039 -7.299999237060547
      vertex -28.61260414123535 42.75675582885742 -7.299999237060547
    endloop
  endfacet
  facet normal -0.9888309651852852 -0.1490413442328586 0
    outer loop
      vertex -22.524845123291016 48.129234313964844 -7.299999237060547
      vertex -22.599136352539062 48.622127532958984 -2
      vertex -22.599136352539062 48.622127532958984 -7.299999237060547
    endloop
  endfacet
  facet normal -0.9888309651852852 -0.1490413442328586 0
    outer loop
      vertex -22.599136352539062 48.622127532958984 -2
      vertex -22.524845123291016 48.129234313964844 -7.299999237060547
      vertex -22.524845123291016 48.129234313964844 -2
    endloop
  endfacet
  facet normal -0.66168668516126 0.7497804549868606 0
    outer loop
      vertex -24.00881576538086 44.05206298828125 -7.299999237060547
      vertex -24.382549285888672 43.72224044799805 -2
      vertex -24.00881576538086 44.05206298828125 -2
    endloop
  endfacet
  facet normal -0.66168668516126 0.7497804549868606 0
    outer loop
      vertex -24.382549285888672 43.72224044799805 -2
      vertex -24.00881576538086 44.05206298828125 -7.299999237060547
      vertex -24.382549285888672 43.72224044799805 -7.299999237060547
    endloop
  endfacet
  facet normal 0.6234884913495241 0.7818325275624532 0
    outer loop
      vertex -30.418718338012695 43.57170867919922 -7.299999237060547
      vertex -30.808429718017578 43.88249206542969 -2
      vertex -30.418718338012695 43.57170867919922 -2
    endloop
  endfacet
  facet normal 0.6234884913495241 0.7818325275624532 0
    outer loop
      vertex -30.808429718017578 43.88249206542969 -2
      vertex -30.418718338012695 43.57170867919922 -7.299999237060547
      vertex -30.808429718017578 43.88249206542969 -7.299999237060547
    endloop
  endfacet
  facet normal 0.5425493394484558 0.8400239367208795 0
    outer loop
      vertex -30 43.30126953125 -7.299999237060547
      vertex -30.418718338012695 43.57170867919922 -2
      vertex -30 43.30126953125 -2
    endloop
  endfacet
  facet normal 0.5425493394484558 0.8400239367208795 0
    outer loop
      vertex -30.418718338012695 43.57170867919922 -2
      vertex -30 43.30126953125 -7.299999237060547
      vertex -30.418718338012695 43.57170867919922 -7.299999237060547
    endloop
  endfacet
  facet normal 0 0 -1
    outer loop
      vertex -22.524845123291016 47.1335563659668 -2
      vertex -22.524845123291016 48.129234313964844 -2
      vertex -22.5 47.63139724731445 -2
    endloop
  endfacet
  facet normal 0 0 -1
    outer loop
      vertex -22.599136352539062 46.64066696166992 -2
      vertex -22.524845123291016 48.129234313964844 -2
      vertex -22.524845123291016 47.1335563659668 -2
    endloop
  endfacet
  facet normal 0 0 -1
    outer loop
      vertex -22.599136352539062 46.64066696166992 -2
      vertex -22.599136352539062 48.622127532958984 -2
      vertex -22.524845123291016 48.129234313964844 -2
    endloop
  endfacet
  facet normal 0 0 -1
    outer loop
      vertex -22.722135543823242 46.15761947631836 -2
      vertex -22.599136352539062 48.622127532958984 -2
      vertex -22.599136352539062 46.64066696166992 -2
    endloop
  endfacet
  facet normal 0 0 -1
    outer loop
      vertex -22.722135543823242 46.15761947631836 -2
      vertex -22.722135543823242 49.10517120361328 -2
      vertex -22.599136352539062 48.622127532958984 -2
    endloop
  endfacet
  facet normal 0 0 -1
    outer loop
      vertex -22.89261817932129 45.68922424316406 -2
      vertex -22.722135543823242 49.10517120361328 -2
      vertex -22.722135543823242 46.15761947631836 -2
    endloop
  endfacet
  facet normal 0 0 -1
    outer loop
      vertex -22.89261817932129 45.68922424316406 -2
      vertex -22.89261817932129 49.573570251464844 -2
      vertex -22.722135543823242 49.10517120361328 -2
    endloop
  endfacet
  facet normal 0 0 -1
    outer loop
      vertex -23.108890533447266 45.24012756347656 -2
      vertex -22.89261817932129 49.573570251464844 -2
      vertex -22.89261817932129 45.68922424316406 -2
    endloop
  endfacet
  facet normal 0 0 -1
    outer loop
      vertex -23.108890533447266 45.24012756347656 -2
      vertex -23.108890533447266 50.022666931152344 -2
      vertex -22.89261817932129 49.573570251464844 -2
    endloop
  endfacet
  facet normal 0 0 -1
    outer loop
      vertex -23.368804931640625 44.814796447753906 -2
      vertex -23.108890533447266 50.022666931152344 -2
      vertex -23.108890533447266 45.24012756347656 -2
    endloop
  endfacet
  facet normal 0 0 -1
    outer loop
      vertex -23.368804931640625 44.814796447753906 -2
      vertex -23.368804931640625 50.447998046875 -2
      vertex -23.108890533447266 50.022666931152344 -2
    endloop
  endfacet
  facet normal 0 0 -1
    outer loop
      vertex -23.669776916503906 44.417457580566406 -2
      vertex -23.368804931640625 50.447998046875 -2
      vertex -23.368804931640625 44.814796447753906 -2
    endloop
  endfacet
  facet normal 0 0 -1
    outer loop
      vertex -23.669776916503906 44.417457580566406 -2
      vertex -23.669776916503906 50.8453369140625 -2
      vertex -23.368804931640625 50.447998046875 -2
    endloop
  endfacet
  facet normal 0 0 -1
    outer loop
      vertex -24.00881576538086 44.05206298828125 -2
      vertex -23.669776916503906 50.8453369140625 -2
      vertex -23.669776916503906 44.417457580566406 -2
    endloop
  endfacet
  facet normal 0 0 -1
    outer loop
      vertex -24.00881576538086 44.05206298828125 -2
      vertex -24.00881576538086 51.210731506347656 -2
      vertex -23.669776916503906 50.8453369140625 -2
    endloop
  endfacet
  facet normal 0 0 -1
    outer loop
      vertex -24.382549285888672 43.72224044799805 -2
      vertex -24.00881576538086 51.210731506347656 -2
      vertex -24.00881576538086 44.05206298828125 -2
    endloop
  endfacet
  facet normal 0 0 -1
    outer loop
      vertex -24.382549285888672 43.72224044799805 -2
      vertex -24.382549285888672 51.54055404663086 -2
      vertex -24.00881576538086 51.210731506347656 -2
    endloop
  endfacet
  facet normal 0 0 -1
    outer loop
      vertex -24.787269592285156 43.43126678466797 -2
      vertex -24.382549285888672 51.54055404663086 -2
      vertex -24.382549285888672 43.72224044799805 -2
    endloop
  endfacet
  facet normal 0 0 -1
    outer loop
      vertex -24.787269592285156 43.43126678466797 -2
      vertex -24.787269592285156 51.83152770996094 -2
      vertex -24.382549285888672 51.54055404663086 -2
    endloop
  endfacet
  facet normal 0 0 -1
    outer loop
      vertex -25.21894645690918 43.182037353515625 -2
      vertex -24.787269592285156 51.83152770996094 -2
      vertex -24.787269592285156 43.43126678466797 -2
    endloop
  endfacet
  facet normal 0 0 -1
    outer loop
      vertex -25.21894645690918 43.182037353515625 -2
      vertex -25.21894645690918 52.08075714111328 -2
      vertex -24.787269592285156 51.83152770996094 -2
    endloop
  endfacet
  facet normal 0 0 -1
    outer loop
      vertex -25.673294067382812 42.977027893066406 -2
      vertex -25.21894645690918 52.08075714111328 -2
      vertex -25.21894645690918 43.182037353515625 -2
    endloop
  endfacet
  facet normal 0 0 -1
    outer loop
      vertex -25.673294067382812 42.977027893066406 -2
      vertex -25.673294067382812 52.2857666015625 -2
      vertex -25.21894645690918 52.08075714111328 -2
    endloop
  endfacet
  facet normal 0 0 -1
    outer loop
      vertex -26.145797729492188 42.818275451660156 -2
      vertex -25.673294067382812 52.2857666015625 -2
      vertex -25.673294067382812 42.977027893066406 -2
    endloop
  endfacet
  facet normal 0 0 -1
    outer loop
      vertex -26.145797729492188 42.818275451660156 -2
      vertex -26.145797729492188 52.44451904296875 -2
      vertex -25.673294067382812 52.2857666015625 -2
    endloop
  endfacet
  facet normal 0 0 -1
    outer loop
      vertex -26.631759643554688 42.707359313964844 -2
      vertex -26.145797729492188 52.44451904296875 -2
      vertex -26.145797729492188 42.818275451660156 -2
    endloop
  endfacet
  facet normal 0 0 -1
    outer loop
      vertex -26.631759643554688 42.707359313964844 -2
      vertex -26.631759643554688 52.55543518066406 -2
      vertex -26.145797729492188 52.44451904296875 -2
    endloop
  endfacet
  facet normal 0 0 -1
    outer loop
      vertex -27.12635040283203 42.64537811279297 -2
      vertex -26.631759643554688 52.55543518066406 -2
      vertex -26.631759643554688 42.707359313964844 -2
    endloop
  endfacet
  facet normal 0 0 -1
    outer loop
      vertex -27.12635040283203 42.64537811279297 -2
      vertex -27.12635040283203 52.61741638183594 -2
      vertex -26.631759643554688 52.55543518066406 -2
    endloop
  endfacet
  facet normal 0 0 -1
    outer loop
      vertex -27.624652862548828 42.63294982910156 -2
      vertex -27.12635040283203 52.61741638183594 -2
      vertex -27.12635040283203 42.64537811279297 -2
    endloop
  endfacet
  facet normal 0 0 -1
    outer loop
      vertex -27.624652862548828 42.63294982910156 -2
      vertex -27.624652862548828 52.629844665527344 -2
      vertex -27.12635040283203 52.61741638183594 -2
    endloop
  endfacet
  facet normal 0 0 -1
    outer loop
      vertex -28.121719360351562 42.67020034790039 -2
      vertex -27.624652862548828 52.629844665527344 -2
      vertex -27.624652862548828 42.63294982910156 -2
    endloop
  endfacet
  facet normal 0 0 -1
    outer loop
      vertex -28.121719360351562 42.67020034790039 -2
      vertex -28.121719360351562 52.592594146728516 -2
      vertex -27.624652862548828 52.629844665527344 -2
    endloop
  endfacet
  facet normal 0 0 -1
    outer loop
      vertex -28.61260414123535 42.75675582885742 -2
      vertex -28.121719360351562 52.592594146728516 -2
      vertex -28.121719360351562 42.67020034790039 -2
    endloop
  endfacet
  facet normal 0 0 -1
    outer loop
      vertex -28.61260414123535 42.75675582885742 -2
      vertex -28.61260414123535 52.50603485107422 -2
      vertex -28.121719360351562 52.592594146728516 -2
    endloop
  endfacet
  facet normal 0 0 -1
    outer loop
      vertex -29.09243392944336 42.891761779785156 -2
      vertex -28.61260414123535 52.50603485107422 -2
      vertex -28.61260414123535 42.75675582885742 -2
    endloop
  endfacet
  facet normal 0 0 -1
    outer loop
      vertex -29.09243392944336 42.891761779785156 -2
      vertex -29.09243392944336 52.37103271484375 -2
      vertex -28.61260414123535 52.50603485107422 -2
    endloop
  endfacet
  facet normal 0 0 -1
    outer loop
      vertex -29.556434631347656 43.07386779785156 -2
      vertex -29.09243392944336 52.37103271484375 -2
      vertex -29.09243392944336 42.891761779785156 -2
    endloop
  endfacet
  facet normal 0 0 -1
    outer loop
      vertex -29.556434631347656 43.07386779785156 -2
      vertex -29.556434631347656 52.188926696777344 -2
      vertex -29.09243392944336 52.37103271484375 -2
    endloop
  endfacet
  facet normal 0 0 -1
    outer loop
      vertex -30 43.30126953125 -2
      vertex -29.556434631347656 52.188926696777344 -2
      vertex -29.556434631347656 43.07386779785156 -2
    endloop
  endfacet
  facet normal 0 0 -1
    outer loop
      vertex -30 43.30126953125 -2
      vertex -30 51.961524963378906 -2
      vertex -29.556434631347656 52.188926696777344 -2
    endloop
  endfacet
  facet normal 0 0 -1
    outer loop
      vertex -30.418718338012695 43.57170867919922 -2
      vertex -30 51.961524963378906 -2
      vertex -30 43.30126953125 -2
    endloop
  endfacet
  facet normal 0 0 -1
    outer loop
      vertex -30.418718338012695 43.57170867919922 -2
      vertex -30.418718338012695 51.69108581542969 -2
      vertex -30 51.961524963378906 -2
    endloop
  endfacet
  facet normal 0 0 -1
    outer loop
      vertex -30.808429718017578 43.88249206542969 -2
      vertex -30.418718338012695 51.69108581542969 -2
      vertex -30.418718338012695 43.57170867919922 -2
    endloop
  endfacet
  facet normal 0 0 -1
    outer loop
      vertex -30.808429718017578 43.88249206542969 -2
      vertex -30.808429718017578 51.38030242919922 -2
      vertex -30.418718338012695 51.69108581542969 -2
    endloop
  endfacet
  facet normal 0 0 -1
    outer loop
      vertex -31.165258407592773 44.230533599853516 -2
      vertex -30.808429718017578 51.38030242919922 -2
      vertex -30.808429718017578 43.88249206542969 -2
    endloop
  endfacet
  facet normal 0 0 -1
    outer loop
      vertex -31.165258407592773 44.230533599853516 -2
      vertex -31.165258407592773 51.03226089477539 -2
      vertex -30.808429718017578 51.38030242919922 -2
    endloop
  endfacet
  facet normal 0 0 -1
    outer loop
      vertex -31.48566246032715 44.61237335205078 -2
      vertex -31.165258407592773 51.03226089477539 -2
      vertex -31.165258407592773 44.230533599853516 -2
    endloop
  endfacet
  facet normal 0 0 -1
    outer loop
      vertex -31.48566246032715 44.61237335205078 -2
      vertex -31.48566246032715 50.650421142578125 -2
      vertex -31.165258407592773 51.03226089477539 -2
    endloop
  endfacet
  facet normal 0 0 -1
    outer loop
      vertex -31.76645278930664 45.02421951293945 -2
      vertex -31.48566246032715 50.650421142578125 -2
      vertex -31.48566246032715 44.61237335205078 -2
    endloop
  endfacet
  facet normal 0 0 -1
    outer loop
      vertex -31.76645278930664 45.02421951293945 -2
      vertex -31.76645278930664 50.23857116699219 -2
      vertex -31.48566246032715 50.650421142578125 -2
    endloop
  endfacet
  facet normal 0 0 -1
    outer loop
      vertex -32.004844665527344 45.461978912353516 -2
      vertex -31.76645278930664 50.23857116699219 -2
      vertex -31.76645278930664 45.02421951293945 -2
    endloop
  endfacet
  facet normal 0 0 -1
    outer loop
      vertex -32.004844665527344 45.461978912353516 -2
      vertex -32.004844665527344 49.80081558227539 -2
      vertex -31.76645278930664 50.23857116699219 -2
    endloop
  endfacet
  facet normal 0 0 -1
    outer loop
      vertex -32.198463439941406 45.921295166015625 -2
      vertex -32.004844665527344 49.80081558227539 -2
      vertex -32.004844665527344 45.461978912353516 -2
    endloop
  endfacet
  facet normal 0 0 -1
    outer loop
      vertex -32.198463439941406 45.921295166015625 -2
      vertex -32.198463439941406 49.34149932861328 -2
      vertex -32.004844665527344 49.80081558227539 -2
    endloop
  endfacet
  facet normal 0 0 -1
    outer loop
      vertex -32.34538650512695 46.39760971069336 -2
      vertex -32.198463439941406 49.34149932861328 -2
      vertex -32.198463439941406 45.921295166015625 -2
    endloop
  endfacet
  facet normal 0 0 -1
    outer loop
      vertex -32.34538650512695 46.39760971069336 -2
      vertex -32.34538650512695 48.86518478393555 -2
      vertex -32.198463439941406 49.34149932861328 -2
    endloop
  endfacet
  facet normal 0 0 -1
    outer loop
      vertex -32.44415283203125 46.88618469238281 -2
      vertex -32.34538650512695 48.86518478393555 -2
      vertex -32.34538650512695 46.39760971069336 -2
    endloop
  endfacet
  facet normal 0 0 -1
    outer loop
      vertex -32.44415283203125 46.88618469238281 -2
      vertex -32.44415283203125 48.376609802246094 -2
      vertex -32.34538650512695 48.86518478393555 -2
    endloop
  endfacet
  facet normal 0 0 -1
    outer loop
      vertex -32.49378204345703 47.38216781616211 -2
      vertex -32.44415283203125 48.376609802246094 -2
      vertex -32.44415283203125 46.88618469238281 -2
    endloop
  endfacet
  facet normal 0 0 -1
    outer loop
      vertex -32.44415283203125 48.376609802246094 -2
      vertex -32.49378204345703 47.38216781616211 -2
      vertex -32.49378204345703 47.8806266784668 -2
    endloop
  endfacet
  facet normal 0.9801729696092123 0.19814376005178225 0
    outer loop
      vertex -32.34538650512695 46.39760971069336 -2
      vertex -32.44415283203125 46.88618469238281 -7.299999237060547
      vertex -32.44415283203125 46.88618469238281 -2
    endloop
  endfacet
  facet normal 0.9801729696092123 0.19814376005178225 0
    outer loop
      vertex -32.44415283203125 46.88618469238281 -7.299999237060547
      vertex -32.34538650512695 46.39760971069336 -2
      vertex -32.34538650512695 46.39760971069336 -7.299999237060547
    endloop
  endfacet
  facet normal -0.7330496577140617 0.6801751240124095 0
    outer loop
      vertex -24.00881576538086 44.05206298828125 -7.299999237060547
      vertex -23.669776916503906 44.417457580566406 -2
      vertex -23.669776916503906 44.417457580566406 -7.299999237060547
    endloop
  endfacet
  facet normal -0.7330496577140617 0.6801751240124095 0
    outer loop
      vertex -23.669776916503906 44.417457580566406 -2
      vertex -24.00881576538086 44.05206298828125 -7.299999237060547
      vertex -24.00881576538086 44.05206298828125 -2
    endloop
  endfacet
  facet normal -1 0 0
    outer loop
      vertex 32.49378204345703 47.38216781616211 -7.299999237060547
      vertex 32.49378204345703 47.8806266784668 -2
      vertex 32.49378204345703 47.8806266784668 -7.299999237060547
    endloop
  endfacet
  facet normal -1 0 0
    outer loop
      vertex 32.49378204345703 47.8806266784668 -2
      vertex 32.49378204345703 47.38216781616211 -7.299999237060547
      vertex 32.49378204345703 47.38216781616211 -2
    endloop
  endfacet
  facet normal 0.9396930564451077 -0.34201894635948393 0
    outer loop
      vertex 22.722135543823242 49.10517120361328 -2
      vertex 22.89261817932129 49.573570251464844 -7.299999237060547
      vertex 22.89261817932129 49.573570251464844 -2
    endloop
  endfacet
  facet normal 0.9396930564451077 -0.34201894635948393 0
    outer loop
      vertex 22.89261817932129 49.573570251464844 -7.299999237060547
      vertex 22.722135543823242 49.10517120361328 -2
      vertex 22.722135543823242 49.10517120361328 -7.299999237060547
    endloop
  endfacet
  facet normal -0.5425493394484558 -0.8400239367208795 0
    outer loop
      vertex 30 51.961524963378906 -7.299999237060547
      vertex 30.418718338012695 51.69108581542969 -2
      vertex 30 51.961524963378906 -2
    endloop
  endfacet
  facet normal -0.5425493394484558 -0.8400239367208795 0
    outer loop
      vertex 30.418718338012695 51.69108581542969 -2
      vertex 30 51.961524963378906 -7.299999237060547
      vertex 30.418718338012695 51.69108581542969 -7.299999237060547
    endloop
  endfacet
  facet normal 0.7330496577140617 0.6801751240124095 0
    outer loop
      vertex 24.00881576538086 44.05206298828125 -2
      vertex 23.669776916503906 44.417457580566406 -7.299999237060547
      vertex 23.669776916503906 44.417457580566406 -2
    endloop
  endfacet
  facet normal 0.7330496577140617 0.6801751240124095 0
    outer loop
      vertex 23.669776916503906 44.417457580566406 -7.299999237060547
      vertex 24.00881576538086 44.05206298828125 -2
      vertex 24.00881576538086 44.05206298828125 -7.299999237060547
    endloop
  endfacet
  facet normal -0.8782191376969197 -0.4782584512404131 0
    outer loop
      vertex 32.004844665527344 49.80081558227539 -7.299999237060547
      vertex 31.76645278930664 50.23857116699219 -2
      vertex 31.76645278930664 50.23857116699219 -7.299999237060547
    endloop
  endfacet
  facet normal -0.8782191376969197 -0.4782584512404131 0
    outer loop
      vertex 31.76645278930664 50.23857116699219 -2
      vertex 32.004844665527344 49.80081558227539 -7.299999237060547
      vertex 32.004844665527344 49.80081558227539 -2
    endloop
  endfacet
  facet normal 0.5837431152142402 0.8119384061860693 0
    outer loop
      vertex 24.787269592285156 43.43126678466797 -7.299999237060547
      vertex 24.382549285888672 43.72224044799805 -2
      vertex 24.787269592285156 43.43126678466797 -2
    endloop
  endfacet
  facet normal 0.5837431152142402 0.8119384061860693 0
    outer loop
      vertex 24.382549285888672 43.72224044799805 -2
      vertex 24.787269592285156 43.43126678466797 -7.299999237060547
      vertex 24.382549285888672 43.72224044799805 -7.299999237060547
    endloop
  endfacet
  facet normal 0.5000010188802897 0.8660248155328298 0
    outer loop
      vertex 25.21894645690918 43.182037353515625 -7.299999237060547
      vertex 24.787269592285156 43.43126678466797 -2
      vertex 25.21894645690918 43.182037353515625 -2
    endloop
  endfacet
  facet normal 0.5000010188802897 0.8660248155328298 0
    outer loop
      vertex 24.787269592285156 43.43126678466797 -2
      vertex 25.21894645690918 43.182037353515625 -7.299999237060547
      vertex 24.787269592285156 43.43126678466797 -7.299999237060547
    endloop
  endfacet
  facet normal 0.7330496577140617 -0.6801751240124095 0
    outer loop
      vertex 23.669776916503906 50.8453369140625 -2
      vertex 24.00881576538086 51.210731506347656 -7.299999237060547
      vertex 24.00881576538086 51.210731506347656 -2
    endloop
  endfacet
  facet normal 0.7330496577140617 -0.6801751240124095 0
    outer loop
      vertex 24.00881576538086 51.210731506347656 -7.299999237060547
      vertex 23.669776916503906 50.8453369140625 -2
      vertex 23.669776916503906 50.8453369140625 -7.299999237060547
    endloop
  endfacet
  facet normal -0.07473115967644123 -0.9972037172882049 0
    outer loop
      vertex 27.624652862548828 52.629844665527344 -7.299999237060547
      vertex 28.121719360351562 52.592594146728516 -2
      vertex 27.624652862548828 52.629844665527344 -2
    endloop
  endfacet
  facet normal -0.07473115967644123 -0.9972037172882049 0
    outer loop
      vertex 28.121719360351562 52.592594146728516 -2
      vertex 27.624652862548828 52.629844665527344 -7.299999237060547
      vertex 28.121719360351562 52.592594146728516 -7.299999237060547
    endloop
  endfacet
  facet normal -0.27084563867408074 0.9626227921731487 0
    outer loop
      vertex 29.09243392944336 42.891761779785156 -7.299999237060547
      vertex 28.61260414123535 42.75675582885742 -2
      vertex 29.09243392944336 42.891761779785156 -2
    endloop
  endfacet
  facet normal -0.27084563867408074 0.9626227921731487 0
    outer loop
      vertex 28.61260414123535 42.75675582885742 -2
      vertex 29.09243392944336 42.891761779785156 -7.299999237060547
      vertex 28.61260414123535 42.75675582885742 -7.299999237060547
    endloop
  endfacet
  facet normal -0.9801729696092123 0.19814376005178225 0
    outer loop
      vertex 32.34538650512695 46.39760971069336 -7.299999237060547
      vertex 32.44415283203125 46.88618469238281 -2
      vertex 32.44415283203125 46.88618469238281 -7.299999237060547
    endloop
  endfacet
  facet normal -0.9801729696092123 0.19814376005178225 0
    outer loop
      vertex 32.44415283203125 46.88618469238281 -2
      vertex 32.34538650512695 46.39760971069336 -7.299999237060547
      vertex 32.34538650512695 46.39760971069336 -2
    endloop
  endfacet
  facet normal 0.12434555707507525 -0.9922389744591216 0
    outer loop
      vertex 26.631759643554688 52.55543518066406 -7.299999237060547
      vertex 27.12635040283203 52.61741638183594 -2
      vertex 26.631759643554688 52.55543518066406 -2
    endloop
  endfacet
  facet normal 0.12434555707507525 -0.9922389744591216 0
    outer loop
      vertex 27.12635040283203 52.61741638183594 -2
      vertex 26.631759643554688 52.55543518066406 -7.299999237060547
      vertex 27.12635040283203 52.61741638183594 -7.299999237060547
    endloop
  endfacet
  facet normal 0.9690771961063885 0.24675775162409844 0
    outer loop
      vertex 22.722135543823242 46.15761947631836 -2
      vertex 22.599136352539062 46.64066696166992 -7.299999237060547
      vertex 22.599136352539062 46.64066696166992 -2
    endloop
  endfacet
  facet normal 0.9690771961063885 0.24675775162409844 0
    outer loop
      vertex 22.599136352539062 46.64066696166992 -7.299999237060547
      vertex 22.722135543823242 46.15761947631836 -2
      vertex 22.722135543823242 46.15761947631836 -7.299999237060547
    endloop
  endfacet
  facet normal 0.22251807751640043 0.9749285641411914 0
    outer loop
      vertex 26.631759643554688 42.707359313964844 -7.299999237060547
      vertex 26.145797729492188 42.818275451660156 -2
      vertex 26.631759643554688 42.707359313964844 -2
    endloop
  endfacet
  facet normal 0.22251807751640043 0.9749285641411914 0
    outer loop
      vertex 26.145797729492188 42.818275451660156 -2
      vertex 26.631759643554688 42.707359313964844 -7.299999237060547
      vertex 26.145797729492188 42.818275451660156 -7.299999237060547
    endloop
  endfacet
  facet normal -0.5425493394484558 0.8400239367208795 0
    outer loop
      vertex 30.418718338012695 43.57170867919922 -7.299999237060547
      vertex 30 43.30126953125 -2
      vertex 30.418718338012695 43.57170867919922 -2
    endloop
  endfacet
  facet normal -0.5425493394484558 0.8400239367208795 0
    outer loop
      vertex 30 43.30126953125 -2
      vertex 30.418718338012695 43.57170867919922 -7.299999237060547
      vertex 30 43.30126953125 -7.299999237060547
    endloop
  endfacet
  facet normal -0.6982374899936905 -0.7158661938989095 0
    outer loop
      vertex 30.808429718017578 51.38030242919922 -7.299999237060547
      vertex 31.165258407592773 51.03226089477539 -2
      vertex 30.808429718017578 51.38030242919922 -2
    endloop
  endfacet
  facet normal -0.6982374899936905 -0.7158661938989095 0
    outer loop
      vertex 31.165258407592773 51.03226089477539 -2
      vertex 30.808429718017578 51.38030242919922 -7.299999237060547
      vertex 31.165258407592773 51.03226089477539 -7.299999237060547
    endloop
  endfacet
  facet normal -0.8262427239507182 -0.5633142649698278 0
    outer loop
      vertex 31.76645278930664 50.23857116699219 -7.299999237060547
      vertex 31.48566246032715 50.650421142578125 -2
      vertex 31.48566246032715 50.650421142578125 -7.299999237060547
    endloop
  endfacet
  facet normal -0.8262427239507182 -0.5633142649698278 0
    outer loop
      vertex 31.48566246032715 50.650421142578125 -2
      vertex 31.76645278930664 50.23857116699219 -7.299999237060547
      vertex 31.76645278930664 50.23857116699219 -2
    endloop
  endfacet
  facet normal 0.4112871222449548 0.9115058436869529 0
    outer loop
      vertex 25.673294067382812 42.977027893066406 -7.299999237060547
      vertex 25.21894645690918 43.182037353515625 -2
      vertex 25.673294067382812 42.977027893066406 -2
    endloop
  endfacet
  facet normal 0.4112871222449548 0.9115058436869529 0
    outer loop
      vertex 25.21894645690918 43.182037353515625 -2
      vertex 25.673294067382812 42.977027893066406 -7.299999237060547
      vertex 25.21894645690918 43.182037353515625 -7.299999237060547
    endloop
  endfacet
  facet normal -0.9214756824485849 -0.38843605220926003 0
    outer loop
      vertex 32.198463439941406 49.34149932861328 -7.299999237060547
      vertex 32.004844665527344 49.80081558227539 -2
      vertex 32.004844665527344 49.80081558227539 -7.299999237060547
    endloop
  endfacet
  facet normal -0.9214756824485849 -0.38843605220926003 0
    outer loop
      vertex 32.004844665527344 49.80081558227539 -2
      vertex 32.198463439941406 49.34149932861328 -7.299999237060547
      vertex 32.198463439941406 49.34149932861328 -2
    endloop
  endfacet
  facet normal 0.024933490989674702 -0.9996891121879181 0
    outer loop
      vertex 27.12635040283203 52.61741638183594 -7.299999237060547
      vertex 27.624652862548828 52.629844665527344 -2
      vertex 27.12635040283203 52.61741638183594 -2
    endloop
  endfacet
  facet normal 0.024933490989674702 -0.9996891121879181 0
    outer loop
      vertex 27.624652862548828 52.629844665527344 -2
      vertex 27.12635040283203 52.61741638183594 -7.299999237060547
      vertex 27.624652862548828 52.629844665527344 -7.299999237060547
    endloop
  endfacet
  facet normal -0.7660420154645999 -0.6427905028412707 0
    outer loop
      vertex 31.48566246032715 50.650421142578125 -7.299999237060547
      vertex 31.165258407592773 51.03226089477539 -2
      vertex 31.165258407592773 51.03226089477539 -7.299999237060547
    endloop
  endfacet
  facet normal -0.7660420154645999 -0.6427905028412707 0
    outer loop
      vertex 31.165258407592773 51.03226089477539 -2
      vertex 31.48566246032715 50.650421142578125 -7.299999237060547
      vertex 31.48566246032715 50.650421142578125 -2
    endloop
  endfacet
  facet normal 0.5000010188802897 -0.8660248155328298 0
    outer loop
      vertex 24.787269592285156 51.83152770996094 -7.299999237060547
      vertex 25.21894645690918 52.08075714111328 -2
      vertex 24.787269592285156 51.83152770996094 -2
    endloop
  endfacet
  facet normal 0.5000010188802897 -0.8660248155328298 0
    outer loop
      vertex 25.21894645690918 52.08075714111328 -2
      vertex 24.787269592285156 51.83152770996094 -7.299999237060547
      vertex 25.21894645690918 52.08075714111328 -7.299999237060547
    endloop
  endfacet
  facet normal 0.8532909139011633 -0.5214351505736046 0
    outer loop
      vertex 23.108890533447266 50.022666931152344 -2
      vertex 23.368804931640625 50.447998046875 -7.299999237060547
      vertex 23.368804931640625 50.447998046875 -2
    endloop
  endfacet
  facet normal 0.8532909139011633 -0.5214351505736046 0
    outer loop
      vertex 23.368804931640625 50.447998046875 -7.299999237060547
      vertex 23.108890533447266 50.022666931152344 -2
      vertex 23.108890533447266 50.022666931152344 -7.299999237060547
    endloop
  endfacet
  facet normal -0.36533956760961217 -0.9308743203777949 0
    outer loop
      vertex 29.09243392944336 52.37103271484375 -7.299999237060547
      vertex 29.556434631347656 52.188926696777344 -2
      vertex 29.09243392944336 52.37103271484375 -2
    endloop
  endfacet
  facet normal -0.36533956760961217 -0.9308743203777949 0
    outer loop
      vertex 29.556434631347656 52.188926696777344 -2
      vertex 29.09243392944336 52.37103271484375 -7.299999237060547
      vertex 29.556434631347656 52.188926696777344 -7.299999237060547
    endloop
  endfacet
  facet normal 0.4112871222449548 -0.9115058436869529 0
    outer loop
      vertex 25.21894645690918 52.08075714111328 -7.299999237060547
      vertex 25.673294067382812 52.2857666015625 -2
      vertex 25.21894645690918 52.08075714111328 -2
    endloop
  endfacet
  facet normal 0.4112871222449548 -0.9115058436869529 0
    outer loop
      vertex 25.673294067382812 52.2857666015625 -2
      vertex 25.21894645690918 52.08075714111328 -7.299999237060547
      vertex 25.673294067382812 52.2857666015625 -7.299999237060547
    endloop
  endfacet
  facet normal 0.5837431152142402 -0.8119384061860693 0
    outer loop
      vertex 24.382549285888672 51.54055404663086 -7.299999237060547
      vertex 24.787269592285156 51.83152770996094 -2
      vertex 24.382549285888672 51.54055404663086 -2
    endloop
  endfacet
  facet normal 0.5837431152142402 -0.8119384061860693 0
    outer loop
      vertex 24.787269592285156 51.83152770996094 -2
      vertex 24.382549285888672 51.54055404663086 -7.299999237060547
      vertex 24.787269592285156 51.83152770996094 -7.299999237060547
    endloop
  endfacet
  facet normal -0.9555730961634106 -0.2947542330292701 0
    outer loop
      vertex 32.34538650512695 48.86518478393555 -7.299999237060547
      vertex 32.198463439941406 49.34149932861328 -2
      vertex 32.198463439941406 49.34149932861328 -7.299999237060547
    endloop
  endfacet
  facet normal -0.9555730961634106 -0.2947542330292701 0
    outer loop
      vertex 32.198463439941406 49.34149932861328 -2
      vertex 32.34538650512695 48.86518478393555 -7.299999237060547
      vertex 32.34538650512695 48.86518478393555 -2
    endloop
  endfacet
  facet normal 0.024933490989674702 0.9996891121879181 0
    outer loop
      vertex 27.624652862548828 42.63294982910156 -7.299999237060547
      vertex 27.12635040283203 42.64537811279297 -2
      vertex 27.624652862548828 42.63294982910156 -2
    endloop
  endfacet
  facet normal 0.024933490989674702 0.9996891121879181 0
    outer loop
      vertex 27.12635040283203 42.64537811279297 -2
      vertex 27.624652862548828 42.63294982910156 -7.299999237060547
      vertex 27.12635040283203 42.64537811279297 -7.299999237060547
    endloop
  endfacet
  facet normal -0.9801729696092123 -0.19814376005178225 0
    outer loop
      vertex 32.44415283203125 48.376609802246094 -7.299999237060547
      vertex 32.34538650512695 48.86518478393555 -2
      vertex 32.34538650512695 48.86518478393555 -7.299999237060547
    endloop
  endfacet
  facet normal -0.9801729696092123 -0.19814376005178225 0
    outer loop
      vertex 32.34538650512695 48.86518478393555 -2
      vertex 32.44415283203125 48.376609802246094 -7.299999237060547
      vertex 32.44415283203125 48.376609802246094 -2
    endloop
  endfacet
  facet normal 0.9987570292965721 0.04984372007270604 0
    outer loop
      vertex 22.524845123291016 47.1335563659668 -2
      vertex 22.5 47.63139724731445 -7.299999237060547
      vertex 22.5 47.63139724731445 -2
    endloop
  endfacet
  facet normal 0.9987570292965721 0.04984372007270604 0
    outer loop
      vertex 22.5 47.63139724731445 -7.299999237060547
      vertex 22.524845123291016 47.1335563659668 -2
      vertex 22.524845123291016 47.1335563659668 -7.299999237060547
    endloop
  endfacet
  facet normal 0 0 -1
    outer loop
      vertex 32.44415283203125 46.88618469238281 -2
      vertex 32.49378204345703 47.8806266784668 -2
      vertex 32.49378204345703 47.38216781616211 -2
    endloop
  endfacet
  facet normal 0 0 -1
    outer loop
      vertex 32.44415283203125 46.88618469238281 -2
      vertex 32.44415283203125 48.376609802246094 -2
      vertex 32.49378204345703 47.8806266784668 -2
    endloop
  endfacet
  facet normal 0 0 -1
    outer loop
      vertex 32.34538650512695 46.39760971069336 -2
      vertex 32.44415283203125 48.376609802246094 -2
      vertex 32.44415283203125 46.88618469238281 -2
    endloop
  endfacet
  facet normal 0 0 -1
    outer loop
      vertex 32.34538650512695 46.39760971069336 -2
      vertex 32.34538650512695 48.86518478393555 -2
      vertex 32.44415283203125 48.376609802246094 -2
    endloop
  endfacet
  facet normal 0 0 -1
    outer loop
      vertex 32.198463439941406 45.921295166015625 -2
      vertex 32.34538650512695 48.86518478393555 -2
      vertex 32.34538650512695 46.39760971069336 -2
    endloop
  endfacet
  facet normal 0 0 -1
    outer loop
      vertex 32.198463439941406 45.921295166015625 -2
      vertex 32.198463439941406 49.34149932861328 -2
      vertex 32.34538650512695 48.86518478393555 -2
    endloop
  endfacet
  facet normal 0 0 -1
    outer loop
      vertex 32.004844665527344 45.461978912353516 -2
      vertex 32.198463439941406 49.34149932861328 -2
      vertex 32.198463439941406 45.921295166015625 -2
    endloop
  endfacet
  facet normal 0 0 -1
    outer loop
      vertex 32.004844665527344 45.461978912353516 -2
      vertex 32.004844665527344 49.80081558227539 -2
      vertex 32.198463439941406 49.34149932861328 -2
    endloop
  endfacet
  facet normal 0 0 -1
    outer loop
      vertex 31.76645278930664 45.02421951293945 -2
      vertex 32.004844665527344 49.80081558227539 -2
      vertex 32.004844665527344 45.461978912353516 -2
    endloop
  endfacet
  facet normal 0 0 -1
    outer loop
      vertex 31.76645278930664 45.02421951293945 -2
      vertex 31.76645278930664 50.23857116699219 -2
      vertex 32.004844665527344 49.80081558227539 -2
    endloop
  endfacet
  facet normal 0 0 -1
    outer loop
      vertex 31.48566246032715 44.61237335205078 -2
      vertex 31.76645278930664 50.23857116699219 -2
      vertex 31.76645278930664 45.02421951293945 -2
    endloop
  endfacet
  facet normal 0 0 -1
    outer loop
      vertex 31.48566246032715 44.61237335205078 -2
      vertex 31.48566246032715 50.650421142578125 -2
      vertex 31.76645278930664 50.23857116699219 -2
    endloop
  endfacet
  facet normal 0 0 -1
    outer loop
      vertex 31.165258407592773 44.230533599853516 -2
      vertex 31.48566246032715 50.650421142578125 -2
      vertex 31.48566246032715 44.61237335205078 -2
    endloop
  endfacet
  facet normal 0 0 -1
    outer loop
      vertex 31.165258407592773 44.230533599853516 -2
      vertex 31.165258407592773 51.03226089477539 -2
      vertex 31.48566246032715 50.650421142578125 -2
    endloop
  endfacet
  facet normal 0 0 -1
    outer loop
      vertex 30.808429718017578 43.88249206542969 -2
      vertex 31.165258407592773 51.03226089477539 -2
      vertex 31.165258407592773 44.230533599853516 -2
    endloop
  endfacet
  facet normal 0 0 -1
    outer loop
      vertex 30.808429718017578 43.88249206542969 -2
      vertex 30.808429718017578 51.38030242919922 -2
      vertex 31.165258407592773 51.03226089477539 -2
    endloop
  endfacet
  facet normal 0 0 -1
    outer loop
      vertex 30.418718338012695 43.57170867919922 -2
      vertex 30.808429718017578 51.38030242919922 -2
      vertex 30.808429718017578 43.88249206542969 -2
    endloop
  endfacet
  facet normal 0 0 -1
    outer loop
      vertex 30.418718338012695 43.57170867919922 -2
      vertex 30.418718338012695 51.69108581542969 -2
      vertex 30.808429718017578 51.38030242919922 -2
    endloop
  endfacet
  facet normal 0 0 -1
    outer loop
      vertex 30 43.30126953125 -2
      vertex 30.418718338012695 51.69108581542969 -2
      vertex 30.418718338012695 43.57170867919922 -2
    endloop
  endfacet
  facet normal 0 0 -1
    outer loop
      vertex 30 43.30126953125 -2
      vertex 30 51.961524963378906 -2
      vertex 30.418718338012695 51.69108581542969 -2
    endloop
  endfacet
  facet normal 0 0 -1
    outer loop
      vertex 29.556434631347656 43.07386779785156 -2
      vertex 30 51.961524963378906 -2
      vertex 30 43.30126953125 -2
    endloop
  endfacet
  facet normal 0 0 -1
    outer loop
      vertex 29.556434631347656 43.07386779785156 -2
      vertex 29.556434631347656 52.188926696777344 -2
      vertex 30 51.961524963378906 -2
    endloop
  endfacet
  facet normal 0 0 -1
    outer loop
      vertex 29.09243392944336 42.891761779785156 -2
      vertex 29.556434631347656 52.188926696777344 -2
      vertex 29.556434631347656 43.07386779785156 -2
    endloop
  endfacet
  facet normal 0 0 -1
    outer loop
      vertex 29.09243392944336 42.891761779785156 -2
      vertex 29.09243392944336 52.37103271484375 -2
      vertex 29.556434631347656 52.188926696777344 -2
    endloop
  endfacet
  facet normal 0 0 -1
    outer loop
      vertex 28.61260414123535 42.75675582885742 -2
      vertex 29.09243392944336 52.37103271484375 -2
      vertex 29.09243392944336 42.891761779785156 -2
    endloop
  endfacet
  facet normal 0 0 -1
    outer loop
      vertex 28.61260414123535 42.75675582885742 -2
      vertex 28.61260414123535 52.50603485107422 -2
      vertex 29.09243392944336 52.37103271484375 -2
    endloop
  endfacet
  facet normal 0 0 -1
    outer loop
      vertex 28.121719360351562 42.67020034790039 -2
      vertex 28.61260414123535 52.50603485107422 -2
      vertex 28.61260414123535 42.75675582885742 -2
    endloop
  endfacet
  facet normal 0 0 -1
    outer loop
      vertex 28.121719360351562 42.67020034790039 -2
      vertex 28.121719360351562 52.592594146728516 -2
      vertex 28.61260414123535 52.50603485107422 -2
    endloop
  endfacet
  facet normal 0 0 -1
    outer loop
      vertex 27.624652862548828 42.63294982910156 -2
      vertex 28.121719360351562 52.592594146728516 -2
      vertex 28.121719360351562 42.67020034790039 -2
    endloop
  endfacet
  facet normal 0 0 -1
    outer loop
      vertex 27.624652862548828 42.63294982910156 -2
      vertex 27.624652862548828 52.629844665527344 -2
      vertex 28.121719360351562 52.592594146728516 -2
    endloop
  endfacet
  facet normal 0 0 -1
    outer loop
      vertex 27.12635040283203 42.64537811279297 -2
      vertex 27.624652862548828 52.629844665527344 -2
      vertex 27.624652862548828 42.63294982910156 -2
    endloop
  endfacet
  facet normal 0 0 -1
    outer loop
      vertex 27.12635040283203 42.64537811279297 -2
      vertex 27.12635040283203 52.61741638183594 -2
      vertex 27.624652862548828 52.629844665527344 -2
    endloop
  endfacet
  facet normal 0 0 -1
    outer loop
      vertex 26.631759643554688 42.707359313964844 -2
      vertex 27.12635040283203 52.61741638183594 -2
      vertex 27.12635040283203 42.64537811279297 -2
    endloop
  endfacet
  facet normal 0 0 -1
    outer loop
      vertex 26.631759643554688 42.707359313964844 -2
      vertex 26.631759643554688 52.55543518066406 -2
      vertex 27.12635040283203 52.61741638183594 -2
    endloop
  endfacet
  facet normal 0 0 -1
    outer loop
      vertex 26.145797729492188 42.818275451660156 -2
      vertex 26.631759643554688 52.55543518066406 -2
      vertex 26.631759643554688 42.707359313964844 -2
    endloop
  endfacet
  facet normal 0 0 -1
    outer loop
      vertex 26.145797729492188 42.818275451660156 -2
      vertex 26.145797729492188 52.44451904296875 -2
      vertex 26.631759643554688 52.55543518066406 -2
    endloop
  endfacet
  facet normal 0 0 -1
    outer loop
      vertex 25.673294067382812 42.977027893066406 -2
      vertex 26.145797729492188 52.44451904296875 -2
      vertex 26.145797729492188 42.818275451660156 -2
    endloop
  endfacet
  facet normal 0 0 -1
    outer loop
      vertex 25.673294067382812 42.977027893066406 -2
      vertex 25.673294067382812 52.2857666015625 -2
      vertex 26.145797729492188 52.44451904296875 -2
    endloop
  endfacet
  facet normal 0 0 -1
    outer loop
      vertex 25.21894645690918 43.182037353515625 -2
      vertex 25.673294067382812 52.2857666015625 -2
      vertex 25.673294067382812 42.977027893066406 -2
    endloop
  endfacet
  facet normal 0 0 -1
    outer loop
      vertex 25.21894645690918 43.182037353515625 -2
      vertex 25.21894645690918 52.08075714111328 -2
      vertex 25.673294067382812 52.2857666015625 -2
    endloop
  endfacet
  facet normal 0 0 -1
    outer loop
      vertex 24.787269592285156 43.43126678466797 -2
      vertex 25.21894645690918 52.08075714111328 -2
      vertex 25.21894645690918 43.182037353515625 -2
    endloop
  endfacet
  facet normal 0 0 -1
    outer loop
      vertex 24.787269592285156 43.43126678466797 -2
      vertex 24.787269592285156 51.83152770996094 -2
      vertex 25.21894645690918 52.08075714111328 -2
    endloop
  endfacet
  facet normal 0 0 -1
    outer loop
      vertex 24.382549285888672 43.72224044799805 -2
      vertex 24.787269592285156 51.83152770996094 -2
      vertex 24.787269592285156 43.43126678466797 -2
    endloop
  endfacet
  facet normal 0 0 -1
    outer loop
      vertex 24.382549285888672 43.72224044799805 -2
      vertex 24.382549285888672 51.54055404663086 -2
      vertex 24.787269592285156 51.83152770996094 -2
    endloop
  endfacet
  facet normal 0 0 -1
    outer loop
      vertex 24.00881576538086 44.05206298828125 -2
      vertex 24.382549285888672 51.54055404663086 -2
      vertex 24.382549285888672 43.72224044799805 -2
    endloop
  endfacet
  facet normal 0 0 -1
    outer loop
      vertex 24.00881576538086 44.05206298828125 -2
      vertex 24.00881576538086 51.210731506347656 -2
      vertex 24.382549285888672 51.54055404663086 -2
    endloop
  endfacet
  facet normal 0 0 -1
    outer loop
      vertex 23.669776916503906 44.417457580566406 -2
      vertex 24.00881576538086 51.210731506347656 -2
      vertex 24.00881576538086 44.05206298828125 -2
    endloop
  endfacet
  facet normal 0 0 -1
    outer loop
      vertex 23.669776916503906 44.417457580566406 -2
      vertex 23.669776916503906 50.8453369140625 -2
      vertex 24.00881576538086 51.210731506347656 -2
    endloop
  endfacet
  facet normal 0 0 -1
    outer loop
      vertex 23.368804931640625 44.814796447753906 -2
      vertex 23.669776916503906 50.8453369140625 -2
      vertex 23.669776916503906 44.417457580566406 -2
    endloop
  endfacet
  facet normal 0 0 -1
    outer loop
      vertex 23.368804931640625 44.814796447753906 -2
      vertex 23.368804931640625 50.447998046875 -2
      vertex 23.669776916503906 50.8453369140625 -2
    endloop
  endfacet
  facet normal 0 0 -1
    outer loop
      vertex 23.108890533447266 45.24012756347656 -2
      vertex 23.368804931640625 50.447998046875 -2
      vertex 23.368804931640625 44.814796447753906 -2
    endloop
  endfacet
  facet normal 0 0 -1
    outer loop
      vertex 23.108890533447266 45.24012756347656 -2
      vertex 23.108890533447266 50.022666931152344 -2
      vertex 23.368804931640625 50.447998046875 -2
    endloop
  endfacet
  facet normal 0 0 -1
    outer loop
      vertex 22.89261817932129 45.68922424316406 -2
      vertex 23.108890533447266 50.022666931152344 -2
      vertex 23.108890533447266 45.24012756347656 -2
    endloop
  endfacet
  facet normal 0 0 -1
    outer loop
      vertex 22.89261817932129 45.68922424316406 -2
      vertex 22.89261817932129 49.573570251464844 -2
      vertex 23.108890533447266 50.022666931152344 -2
    endloop
  endfacet
  facet normal 0 0 -1
    outer loop
      vertex 22.722135543823242 46.15761947631836 -2
      vertex 22.89261817932129 49.573570251464844 -2
      vertex 22.89261817932129 45.68922424316406 -2
    endloop
  endfacet
  facet normal 0 0 -1
    outer loop
      vertex 22.722135543823242 46.15761947631836 -2
      vertex 22.722135543823242 49.10517120361328 -2
      vertex 22.89261817932129 49.573570251464844 -2
    endloop
  endfacet
  facet normal 0 0 -1
    outer loop
      vertex 22.599136352539062 46.64066696166992 -2
      vertex 22.722135543823242 49.10517120361328 -2
      vertex 22.722135543823242 46.15761947631836 -2
    endloop
  endfacet
  facet normal 0 0 -1
    outer loop
      vertex 22.599136352539062 46.64066696166992 -2
      vertex 22.599136352539062 48.622127532958984 -2
      vertex 22.722135543823242 49.10517120361328 -2
    endloop
  endfacet
  facet normal 0 0 -1
    outer loop
      vertex 22.524845123291016 47.1335563659668 -2
      vertex 22.599136352539062 48.622127532958984 -2
      vertex 22.599136352539062 46.64066696166992 -2
    endloop
  endfacet
  facet normal 0 0 -1
    outer loop
      vertex 22.524845123291016 47.1335563659668 -2
      vertex 22.524845123291016 48.129234313964844 -2
      vertex 22.599136352539062 48.622127532958984 -2
    endloop
  endfacet
  facet normal 0 0 -1
    outer loop
      vertex 22.524845123291016 48.129234313964844 -2
      vertex 22.524845123291016 47.1335563659668 -2
      vertex 22.5 47.63139724731445 -2
    endloop
  endfacet
  facet normal 0.8532909139011633 0.5214351505736046 0
    outer loop
      vertex 23.368804931640625 44.814796447753906 -2
      vertex 23.108890533447266 45.24012756347656 -7.299999237060547
      vertex 23.108890533447266 45.24012756347656 -2
    endloop
  endfacet
  facet normal 0.8532909139011633 0.5214351505736046 0
    outer loop
      vertex 23.108890533447266 45.24012756347656 -7.299999237060547
      vertex 23.368804931640625 44.814796447753906 -2
      vertex 23.368804931640625 44.814796447753906 -7.299999237060547
    endloop
  endfacet
  facet normal 0.9888309651852852 -0.1490413442328586 0
    outer loop
      vertex 22.524845123291016 48.129234313964844 -2
      vertex 22.599136352539062 48.622127532958984 -7.299999237060547
      vertex 22.599136352539062 48.622127532958984 -2
    endloop
  endfacet
  facet normal 0.9888309651852852 -0.1490413442328586 0
    outer loop
      vertex 22.599136352539062 48.622127532958984 -7.299999237060547
      vertex 22.524845123291016 48.129234313964844 -2
      vertex 22.524845123291016 48.129234313964844 -7.299999237060547
    endloop
  endfacet
  facet normal -0.7660420154645999 0.6427905028412707 0
    outer loop
      vertex 31.165258407592773 44.230533599853516 -7.299999237060547
      vertex 31.48566246032715 44.61237335205078 -2
      vertex 31.48566246032715 44.61237335205078 -7.299999237060547
    endloop
  endfacet
  facet normal -0.7660420154645999 0.6427905028412707 0
    outer loop
      vertex 31.48566246032715 44.61237335205078 -2
      vertex 31.165258407592773 44.230533599853516 -7.299999237060547
      vertex 31.165258407592773 44.230533599853516 -2
    endloop
  endfacet
  facet normal -0.9950310507895475 0.09956509410756899 0
    outer loop
      vertex 32.44415283203125 46.88618469238281 -7.299999237060547
      vertex 32.49378204345703 47.38216781616211 -2
      vertex 32.49378204345703 47.38216781616211 -7.299999237060547
    endloop
  endfacet
  facet normal -0.9950310507895475 0.09956509410756899 0
    outer loop
      vertex 32.49378204345703 47.38216781616211 -2
      vertex 32.44415283203125 46.88618469238281 -7.299999237060547
      vertex 32.44415283203125 46.88618469238281 -2
    endloop
  endfacet
  facet normal -0.8262402954720164 0.5633178269310454 0
    outer loop
      vertex 31.48566246032715 44.61237335205078 -7.299999237060547
      vertex 31.76645278930664 45.02421951293945 -2
      vertex 31.76645278930664 45.02421951293945 -7.299999237060547
    endloop
  endfacet
  facet normal -0.8262402954720164 0.5633178269310454 0
    outer loop
      vertex 31.76645278930664 45.02421951293945 -2
      vertex 31.48566246032715 44.61237335205078 -7.299999237060547
      vertex 31.48566246032715 44.61237335205078 -2
    endloop
  endfacet
  facet normal 0.31848602630504974 -0.9479275558018234 0
    outer loop
      vertex 25.673294067382812 52.2857666015625 -7.299999237060547
      vertex 26.145797729492188 52.44451904296875 -2
      vertex 25.673294067382812 52.2857666015625 -2
    endloop
  endfacet
  facet normal 0.31848602630504974 -0.9479275558018234 0
    outer loop
      vertex 26.145797729492188 52.44451904296875 -2
      vertex 25.673294067382812 52.2857666015625 -7.299999237060547
      vertex 26.145797729492188 52.44451904296875 -7.299999237060547
    endloop
  endfacet
  facet normal -0.9950310507895475 -0.09956509410756899 0
    outer loop
      vertex 32.49378204345703 47.8806266784668 -7.299999237060547
      vertex 32.44415283203125 48.376609802246094 -2
      vertex 32.44415283203125 48.376609802246094 -7.299999237060547
    endloop
  endfacet
  facet normal -0.9950310507895475 -0.09956509410756899 0
    outer loop
      vertex 32.44415283203125 48.376609802246094 -2
      vertex 32.49378204345703 47.8806266784668 -7.299999237060547
      vertex 32.49378204345703 47.8806266784668 -2
    endloop
  endfacet
  facet normal -0.4562091281375018 0.8898725927929348 0
    outer loop
      vertex 30 43.30126953125 -7.299999237060547
      vertex 29.556434631347656 43.07386779785156 -2
      vertex 30 43.30126953125 -2
    endloop
  endfacet
  facet normal -0.4562091281375018 0.8898725927929348 0
    outer loop
      vertex 29.556434631347656 43.07386779785156 -2
      vertex 30 43.30126953125 -7.299999237060547
      vertex 29.556434631347656 43.07386779785156 -7.299999237060547
    endloop
  endfacet
  facet normal -0.07473115967644123 0.9972037172882049 0
    outer loop
      vertex 28.121719360351562 42.67020034790039 -7.299999237060547
      vertex 27.624652862548828 42.63294982910156 -2
      vertex 28.121719360351562 42.67020034790039 -2
    endloop
  endfacet
  facet normal -0.07473115967644123 0.9972037172882049 0
    outer loop
      vertex 27.624652862548828 42.63294982910156 -2
      vertex 28.121719360351562 42.67020034790039 -7.299999237060547
      vertex 27.624652862548828 42.63294982910156 -7.299999237060547
    endloop
  endfacet
  facet normal -0.9214756824485849 0.38843605220926003 0
    outer loop
      vertex 32.004844665527344 45.461978912353516 -7.299999237060547
      vertex 32.198463439941406 45.921295166015625 -2
      vertex 32.198463439941406 45.921295166015625 -7.299999237060547
    endloop
  endfacet
  facet normal -0.9214756824485849 0.38843605220926003 0
    outer loop
      vertex 32.198463439941406 45.921295166015625 -2
      vertex 32.004844665527344 45.461978912353516 -7.299999237060547
      vertex 32.004844665527344 45.461978912353516 -2
    endloop
  endfacet
  facet normal -0.6234884913495241 -0.7818325275624532 0
    outer loop
      vertex 30.418718338012695 51.69108581542969 -7.299999237060547
      vertex 30.808429718017578 51.38030242919922 -2
      vertex 30.418718338012695 51.69108581542969 -2
    endloop
  endfacet
  facet normal -0.6234884913495241 -0.7818325275624532 0
    outer loop
      vertex 30.808429718017578 51.38030242919922 -2
      vertex 30.418718338012695 51.69108581542969 -7.299999237060547
      vertex 30.808429718017578 51.38030242919922 -7.299999237060547
    endloop
  endfacet
  facet normal -0.6982374899936905 0.7158661938989095 0
    outer loop
      vertex 31.165258407592773 44.230533599853516 -7.299999237060547
      vertex 30.808429718017578 43.88249206542969 -2
      vertex 31.165258407592773 44.230533599853516 -2
    endloop
  endfacet
  facet normal -0.6982374899936905 0.7158661938989095 0
    outer loop
      vertex 30.808429718017578 43.88249206542969 -2
      vertex 31.165258407592773 44.230533599853516 -7.299999237060547
      vertex 30.808429718017578 43.88249206542969 -7.299999237060547
    endloop
  endfacet
  facet normal -0.9555730961634106 0.2947542330292701 0
    outer loop
      vertex 32.198463439941406 45.921295166015625 -7.299999237060547
      vertex 32.34538650512695 46.39760971069336 -2
      vertex 32.34538650512695 46.39760971069336 -7.299999237060547
    endloop
  endfacet
  facet normal -0.9555730961634106 0.2947542330292701 0
    outer loop
      vertex 32.34538650512695 46.39760971069336 -2
      vertex 32.198463439941406 45.921295166015625 -7.299999237060547
      vertex 32.198463439941406 45.921295166015625 -2
    endloop
  endfacet
  facet normal -0.17365413997830434 -0.9848067016772354 0
    outer loop
      vertex 28.121719360351562 52.592594146728516 -7.299999237060547
      vertex 28.61260414123535 52.50603485107422 -2
      vertex 28.121719360351562 52.592594146728516 -2
    endloop
  endfacet
  facet normal -0.17365413997830434 -0.9848067016772354 0
    outer loop
      vertex 28.61260414123535 52.50603485107422 -2
      vertex 28.121719360351562 52.592594146728516 -7.299999237060547
      vertex 28.61260414123535 52.50603485107422 -7.299999237060547
    endloop
  endfacet
  facet normal -0.36533956760961217 0.9308743203777949 0
    outer loop
      vertex 29.556434631347656 43.07386779785156 -7.299999237060547
      vertex 29.09243392944336 42.891761779785156 -2
      vertex 29.556434631347656 43.07386779785156 -2
    endloop
  endfacet
  facet normal -0.36533956760961217 0.9308743203777949 0
    outer loop
      vertex 29.09243392944336 42.891761779785156 -2
      vertex 29.556434631347656 43.07386779785156 -7.299999237060547
      vertex 29.09243392944336 42.891761779785156 -7.299999237060547
    endloop
  endfacet
  facet normal 0.9009698154307721 0.4338817715491634 0
    outer loop
      vertex 23.108890533447266 45.24012756347656 -2
      vertex 22.89261817932129 45.68922424316406 -7.299999237060547
      vertex 22.89261817932129 45.68922424316406 -2
    endloop
  endfacet
  facet normal 0.9009698154307721 0.4338817715491634 0
    outer loop
      vertex 22.89261817932129 45.68922424316406 -7.299999237060547
      vertex 23.108890533447266 45.24012756347656 -2
      vertex 23.108890533447266 45.24012756347656 -7.299999237060547
    endloop
  endfacet
  facet normal -0.2708385471000089 -0.9626247874456362 0
    outer loop
      vertex 28.61260414123535 52.50603485107422 -7.299999237060547
      vertex 29.09243392944336 52.37103271484375 -2
      vertex 28.61260414123535 52.50603485107422 -2
    endloop
  endfacet
  facet normal -0.2708385471000089 -0.9626247874456362 0
    outer loop
      vertex 29.09243392944336 52.37103271484375 -2
      vertex 28.61260414123535 52.50603485107422 -7.299999237060547
      vertex 29.09243392944336 52.37103271484375 -7.299999237060547
    endloop
  endfacet
  facet normal 0.7971330008480418 0.603803758649278 0
    outer loop
      vertex 23.669776916503906 44.417457580566406 -2
      vertex 23.368804931640625 44.814796447753906 -7.299999237060547
      vertex 23.368804931640625 44.814796447753906 -2
    endloop
  endfacet
  facet normal 0.7971330008480418 0.603803758649278 0
    outer loop
      vertex 23.368804931640625 44.814796447753906 -7.299999237060547
      vertex 23.669776916503906 44.417457580566406 -2
      vertex 23.669776916503906 44.417457580566406 -7.299999237060547
    endloop
  endfacet
  facet normal -0.4562091281375018 -0.8898725927929348 0
    outer loop
      vertex 29.556434631347656 52.188926696777344 -7.299999237060547
      vertex 30 51.961524963378906 -2
      vertex 29.556434631347656 52.188926696777344 -2
    endloop
  endfacet
  facet normal -0.4562091281375018 -0.8898725927929348 0
    outer loop
      vertex 30 51.961524963378906 -2
      vertex 29.556434631347656 52.188926696777344 -7.299999237060547
      vertex 30 51.961524963378906 -7.299999237060547
    endloop
  endfacet
  facet normal 0.66168668516126 -0.7497804549868606 0
    outer loop
      vertex 24.00881576538086 51.210731506347656 -7.299999237060547
      vertex 24.382549285888672 51.54055404663086 -2
      vertex 24.00881576538086 51.210731506347656 -2
    endloop
  endfacet
  facet normal 0.66168668516126 -0.7497804549868606 0
    outer loop
      vertex 24.382549285888672 51.54055404663086 -2
      vertex 24.00881576538086 51.210731506347656 -7.299999237060547
      vertex 24.382549285888672 51.54055404663086 -7.299999237060547
    endloop
  endfacet
  facet normal -0.1736467177490909 0.9848080104339969 0
    outer loop
      vertex 28.61260414123535 42.75675582885742 -7.299999237060547
      vertex 28.121719360351562 42.67020034790039 -2
      vertex 28.61260414123535 42.75675582885742 -2
    endloop
  endfacet
  facet normal -0.1736467177490909 0.9848080104339969 0
    outer loop
      vertex 28.121719360351562 42.67020034790039 -2
      vertex 28.61260414123535 42.75675582885742 -7.299999237060547
      vertex 28.121719360351562 42.67020034790039 -7.299999237060547
    endloop
  endfacet
  facet normal 0.9888307951857476 0.1490424721088666 0
    outer loop
      vertex 22.599136352539062 46.64066696166992 -2
      vertex 22.524845123291016 47.1335563659668 -7.299999237060547
      vertex 22.524845123291016 47.1335563659668 -2
    endloop
  endfacet
  facet normal 0.9888307951857476 0.1490424721088666 0
    outer loop
      vertex 22.524845123291016 47.1335563659668 -7.299999237060547
      vertex 22.599136352539062 46.64066696166992 -2
      vertex 22.599136352539062 46.64066696166992 -7.299999237060547
    endloop
  endfacet
  facet normal 0.12434555707507525 0.9922389744591216 0
    outer loop
      vertex 27.12635040283203 42.64537811279297 -7.299999237060547
      vertex 26.631759643554688 42.707359313964844 -2
      vertex 27.12635040283203 42.64537811279297 -2
    endloop
  endfacet
  facet normal 0.12434555707507525 0.9922389744591216 0
    outer loop
      vertex 26.631759643554688 42.707359313964844 -2
      vertex 27.12635040283203 42.64537811279297 -7.299999237060547
      vertex 26.631759643554688 42.707359313964844 -7.299999237060547
    endloop
  endfacet
  facet normal -0.8782208881569856 0.47825523688168375 0
    outer loop
      vertex 31.76645278930664 45.02421951293945 -7.299999237060547
      vertex 32.004844665527344 45.461978912353516 -2
      vertex 32.004844665527344 45.461978912353516 -7.299999237060547
    endloop
  endfacet
  facet normal -0.8782208881569856 0.47825523688168375 0
    outer loop
      vertex 32.004844665527344 45.461978912353516 -2
      vertex 31.76645278930664 45.02421951293945 -7.299999237060547
      vertex 31.76645278930664 45.02421951293945 -2
    endloop
  endfacet
  facet normal -0.6234884913495241 0.7818325275624532 0
    outer loop
      vertex 30.808429718017578 43.88249206542969 -7.299999237060547
      vertex 30.418718338012695 43.57170867919922 -2
      vertex 30.808429718017578 43.88249206542969 -2
    endloop
  endfacet
  facet normal -0.6234884913495241 0.7818325275624532 0
    outer loop
      vertex 30.418718338012695 43.57170867919922 -2
      vertex 30.808429718017578 43.88249206542969 -7.299999237060547
      vertex 30.418718338012695 43.57170867919922 -7.299999237060547
    endloop
  endfacet
  facet normal 0.93969216121412 0.3420214059861405 0
    outer loop
      vertex 22.89261817932129 45.68922424316406 -2
      vertex 22.722135543823242 46.15761947631836 -7.299999237060547
      vertex 22.722135543823242 46.15761947631836 -2
    endloop
  endfacet
  facet normal 0.93969216121412 0.3420214059861405 0
    outer loop
      vertex 22.722135543823242 46.15761947631836 -7.299999237060547
      vertex 22.89261817932129 45.68922424316406 -2
      vertex 22.89261817932129 45.68922424316406 -7.299999237060547
    endloop
  endfacet
  facet normal 0.31848602630504974 0.9479275558018234 0
    outer loop
      vertex 26.145797729492188 42.818275451660156 -7.299999237060547
      vertex 25.673294067382812 42.977027893066406 -2
      vertex 26.145797729492188 42.818275451660156 -2
    endloop
  endfacet
  facet normal 0.31848602630504974 0.9479275558018234 0
    outer loop
      vertex 25.673294067382812 42.977027893066406 -2
      vertex 26.145797729492188 42.818275451660156 -7.299999237060547
      vertex 25.673294067382812 42.977027893066406 -7.299999237060547
    endloop
  endfacet
  facet normal 0.66168668516126 0.7497804549868606 0
    outer loop
      vertex 24.382549285888672 43.72224044799805 -7.299999237060547
      vertex 24.00881576538086 44.05206298828125 -2
      vertex 24.382549285888672 43.72224044799805 -2
    endloop
  endfacet
  facet normal 0.66168668516126 0.7497804549868606 0
    outer loop
      vertex 24.00881576538086 44.05206298828125 -2
      vertex 24.382549285888672 43.72224044799805 -7.299999237060547
      vertex 24.00881576538086 44.05206298828125 -7.299999237060547
    endloop
  endfacet
  facet normal 0.22251807751640043 -0.9749285641411914 0
    outer loop
      vertex 26.145797729492188 52.44451904296875 -7.299999237060547
      vertex 26.631759643554688 52.55543518066406 -2
      vertex 26.145797729492188 52.44451904296875 -2
    endloop
  endfacet
  facet normal 0.22251807751640043 -0.9749285641411914 0
    outer loop
      vertex 26.631759643554688 52.55543518066406 -2
      vertex 26.145797729492188 52.44451904296875 -7.299999237060547
      vertex 26.631759643554688 52.55543518066406 -7.299999237060547
    endloop
  endfacet
  facet normal 0.7971330008480418 -0.603803758649278 0
    outer loop
      vertex 23.368804931640625 50.447998046875 -2
      vertex 23.669776916503906 50.8453369140625 -7.299999237060547
      vertex 23.669776916503906 50.8453369140625 -2
    endloop
  endfacet
  facet normal 0.7971330008480418 -0.603803758649278 0
    outer loop
      vertex 23.669776916503906 50.8453369140625 -7.299999237060547
      vertex 23.368804931640625 50.447998046875 -2
      vertex 23.368804931640625 50.447998046875 -7.299999237060547
    endloop
  endfacet
  facet normal 0.9690767301180304 -0.2467595816655272 0
    outer loop
      vertex 22.599136352539062 48.622127532958984 -2
      vertex 22.722135543823242 49.10517120361328 -7.299999237060547
      vertex 22.722135543823242 49.10517120361328 -2
    endloop
  endfacet
  facet normal 0.9690767301180304 -0.2467595816655272 0
    outer loop
      vertex 22.722135543823242 49.10517120361328 -7.299999237060547
      vertex 22.599136352539062 48.622127532958984 -2
      vertex 22.599136352539062 48.622127532958984 -7.299999237060547
    endloop
  endfacet
  facet normal 0.9987570102833708 -0.04984410105341247 0
    outer loop
      vertex 22.5 47.63139724731445 -2
      vertex 22.524845123291016 48.129234313964844 -7.299999237060547
      vertex 22.524845123291016 48.129234313964844 -2
    endloop
  endfacet
  facet normal 0.9987570102833708 -0.04984410105341247 0
    outer loop
      vertex 22.524845123291016 48.129234313964844 -7.299999237060547
      vertex 22.5 47.63139724731445 -2
      vertex 22.5 47.63139724731445 -7.299999237060547
    endloop
  endfacet
  facet normal 0.9009698154307721 -0.4338817715491634 0
    outer loop
      vertex 22.89261817932129 49.573570251464844 -2
      vertex 23.108890533447266 50.022666931152344 -7.299999237060547
      vertex 23.108890533447266 50.022666931152344 -2
    endloop
  endfacet
  facet normal 0.9009698154307721 -0.4338817715491634 0
    outer loop
      vertex 23.108890533447266 50.022666931152344 -7.299999237060547
      vertex 22.89261817932129 49.573570251464844 -2
      vertex 22.89261817932129 49.573570251464844 -7.299999237060547
    endloop
  endfacet
  facet normal 0 0 1
    outer loop
      vertex 32.44415283203125 48.376609802246094 -7.299999237060547
      vertex 32.49378204345703 47.38216781616211 -7.299999237060547
      vertex 32.49378204345703 47.8806266784668 -7.299999237060547
    endloop
  endfacet
  facet normal 0 0 1
    outer loop
      vertex 32.44415283203125 48.376609802246094 -7.299999237060547
      vertex 32.44415283203125 46.88618469238281 -7.299999237060547
      vertex 32.49378204345703 47.38216781616211 -7.299999237060547
    endloop
  endfacet
  facet normal 0 0 1
    outer loop
      vertex 32.34538650512695 48.86518478393555 -7.299999237060547
      vertex 32.44415283203125 46.88618469238281 -7.299999237060547
      vertex 32.44415283203125 48.376609802246094 -7.299999237060547
    endloop
  endfacet
  facet normal 0 0 1
    outer loop
      vertex 32.34538650512695 48.86518478393555 -7.299999237060547
      vertex 32.34538650512695 46.39760971069336 -7.299999237060547
      vertex 32.44415283203125 46.88618469238281 -7.299999237060547
    endloop
  endfacet
  facet normal 0 0 1
    outer loop
      vertex 32.198463439941406 49.34149932861328 -7.299999237060547
      vertex 32.34538650512695 46.39760971069336 -7.299999237060547
      vertex 32.34538650512695 48.86518478393555 -7.299999237060547
    endloop
  endfacet
  facet normal 0 0 1
    outer loop
      vertex 32.198463439941406 49.34149932861328 -7.299999237060547
      vertex 32.198463439941406 45.921295166015625 -7.299999237060547
      vertex 32.34538650512695 46.39760971069336 -7.299999237060547
    endloop
  endfacet
  facet normal 0 0 1
    outer loop
      vertex 32.004844665527344 49.80081558227539 -7.299999237060547
      vertex 32.198463439941406 45.921295166015625 -7.299999237060547
      vertex 32.198463439941406 49.34149932861328 -7.299999237060547
    endloop
  endfacet
  facet normal 0 0 1
    outer loop
      vertex 32.004844665527344 49.80081558227539 -7.299999237060547
      vertex 32.004844665527344 45.461978912353516 -7.299999237060547
      vertex 32.198463439941406 45.921295166015625 -7.299999237060547
    endloop
  endfacet
  facet normal 0 0 1
    outer loop
      vertex 31.76645278930664 50.23857116699219 -7.299999237060547
      vertex 32.004844665527344 45.461978912353516 -7.299999237060547
      vertex 32.004844665527344 49.80081558227539 -7.299999237060547
    endloop
  endfacet
  facet normal 0 0 1
    outer loop
      vertex 31.76645278930664 50.23857116699219 -7.299999237060547
      vertex 31.76645278930664 45.02421951293945 -7.299999237060547
      vertex 32.004844665527344 45.461978912353516 -7.299999237060547
    endloop
  endfacet
  facet normal 0 0 1
    outer loop
      vertex 31.48566246032715 50.650421142578125 -7.299999237060547
      vertex 31.76645278930664 45.02421951293945 -7.299999237060547
      vertex 31.76645278930664 50.23857116699219 -7.299999237060547
    endloop
  endfacet
  facet normal 0 0 1
    outer loop
      vertex 31.48566246032715 50.650421142578125 -7.299999237060547
      vertex 31.48566246032715 44.61237335205078 -7.299999237060547
      vertex 31.76645278930664 45.02421951293945 -7.299999237060547
    endloop
  endfacet
  facet normal 0 0 1
    outer loop
      vertex 31.165258407592773 51.03226089477539 -7.299999237060547
      vertex 31.48566246032715 44.61237335205078 -7.299999237060547
      vertex 31.48566246032715 50.650421142578125 -7.299999237060547
    endloop
  endfacet
  facet normal 0 0 1
    outer loop
      vertex 31.165258407592773 51.03226089477539 -7.299999237060547
      vertex 31.165258407592773 44.230533599853516 -7.299999237060547
      vertex 31.48566246032715 44.61237335205078 -7.299999237060547
    endloop
  endfacet
  facet normal 0 0 1
    outer loop
      vertex 30.808429718017578 51.38030242919922 -7.299999237060547
      vertex 31.165258407592773 44.230533599853516 -7.299999237060547
      vertex 31.165258407592773 51.03226089477539 -7.299999237060547
    endloop
  endfacet
  facet normal 0 0 1
    outer loop
      vertex 30.808429718017578 51.38030242919922 -7.299999237060547
      vertex 30.808429718017578 43.88249206542969 -7.299999237060547
      vertex 31.165258407592773 44.230533599853516 -7.299999237060547
    endloop
  endfacet
  facet normal 0 0 1
    outer loop
      vertex 30.418718338012695 51.69108581542969 -7.299999237060547
      vertex 30.808429718017578 43.88249206542969 -7.299999237060547
      vertex 30.808429718017578 51.38030242919922 -7.299999237060547
    endloop
  endfacet
  facet normal 0 0 1
    outer loop
      vertex 30.418718338012695 51.69108581542969 -7.299999237060547
      vertex 30.418718338012695 43.57170867919922 -7.299999237060547
      vertex 30.808429718017578 43.88249206542969 -7.299999237060547
    endloop
  endfacet
  facet normal 0 0 1
    outer loop
      vertex 30 51.961524963378906 -7.299999237060547
      vertex 30.418718338012695 43.57170867919922 -7.299999237060547
      vertex 30.418718338012695 51.69108581542969 -7.299999237060547
    endloop
  endfacet
  facet normal 0 0 1
    outer loop
      vertex 30 51.961524963378906 -7.299999237060547
      vertex 30 43.30126953125 -7.299999237060547
      vertex 30.418718338012695 43.57170867919922 -7.299999237060547
    endloop
  endfacet
  facet normal 0 0 1
    outer loop
      vertex 29.556434631347656 52.188926696777344 -7.299999237060547
      vertex 30 43.30126953125 -7.299999237060547
      vertex 30 51.961524963378906 -7.299999237060547
    endloop
  endfacet
  facet normal 0 0 1
    outer loop
      vertex 29.556434631347656 52.188926696777344 -7.299999237060547
      vertex 29.556434631347656 43.07386779785156 -7.299999237060547
      vertex 30 43.30126953125 -7.299999237060547
    endloop
  endfacet
  facet normal 0 0 1
    outer loop
      vertex 29.09243392944336 52.37103271484375 -7.299999237060547
      vertex 29.556434631347656 43.07386779785156 -7.299999237060547
      vertex 29.556434631347656 52.188926696777344 -7.299999237060547
    endloop
  endfacet
  facet normal 0 0 1
    outer loop
      vertex 29.09243392944336 52.37103271484375 -7.299999237060547
      vertex 29.09243392944336 42.891761779785156 -7.299999237060547
      vertex 29.556434631347656 43.07386779785156 -7.299999237060547
    endloop
  endfacet
  facet normal 0 0 1
    outer loop
      vertex 28.61260414123535 52.50603485107422 -7.299999237060547
      vertex 29.09243392944336 42.891761779785156 -7.299999237060547
      vertex 29.09243392944336 52.37103271484375 -7.299999237060547
    endloop
  endfacet
  facet normal 0 0 1
    outer loop
      vertex 28.61260414123535 52.50603485107422 -7.299999237060547
      vertex 28.61260414123535 42.75675582885742 -7.299999237060547
      vertex 29.09243392944336 42.891761779785156 -7.299999237060547
    endloop
  endfacet
  facet normal 0 0 1
    outer loop
      vertex 28.121719360351562 52.592594146728516 -7.299999237060547
      vertex 28.61260414123535 42.75675582885742 -7.299999237060547
      vertex 28.61260414123535 52.50603485107422 -7.299999237060547
    endloop
  endfacet
  facet normal 0 0 1
    outer loop
      vertex 28.121719360351562 52.592594146728516 -7.299999237060547
      vertex 28.121719360351562 42.67020034790039 -7.299999237060547
      vertex 28.61260414123535 42.75675582885742 -7.299999237060547
    endloop
  endfacet
  facet normal 0 0 1
    outer loop
      vertex 27.624652862548828 52.629844665527344 -7.299999237060547
      vertex 28.121719360351562 42.67020034790039 -7.299999237060547
      vertex 28.121719360351562 52.592594146728516 -7.299999237060547
    endloop
  endfacet
  facet normal 0 0 1
    outer loop
      vertex 27.624652862548828 52.629844665527344 -7.299999237060547
      vertex 27.624652862548828 42.63294982910156 -7.299999237060547
      vertex 28.121719360351562 42.67020034790039 -7.299999237060547
    endloop
  endfacet
  facet normal 0 0 1
    outer loop
      vertex 27.12635040283203 52.61741638183594 -7.299999237060547
      vertex 27.624652862548828 42.63294982910156 -7.299999237060547
      vertex 27.624652862548828 52.629844665527344 -7.299999237060547
    endloop
  endfacet
  facet normal 0 0 1
    outer loop
      vertex 27.12635040283203 52.61741638183594 -7.299999237060547
      vertex 27.12635040283203 42.64537811279297 -7.299999237060547
      vertex 27.624652862548828 42.63294982910156 -7.299999237060547
    endloop
  endfacet
  facet normal 0 0 1
    outer loop
      vertex 26.631759643554688 52.55543518066406 -7.299999237060547
      vertex 27.12635040283203 42.64537811279297 -7.299999237060547
      vertex 27.12635040283203 52.61741638183594 -7.299999237060547
    endloop
  endfacet
  facet normal 0 0 1
    outer loop
      vertex 26.631759643554688 52.55543518066406 -7.299999237060547
      vertex 26.631759643554688 42.707359313964844 -7.299999237060547
      vertex 27.12635040283203 42.64537811279297 -7.299999237060547
    endloop
  endfacet
  facet normal 0 0 1
    outer loop
      vertex 26.145797729492188 52.44451904296875 -7.299999237060547
      vertex 26.631759643554688 42.707359313964844 -7.299999237060547
      vertex 26.631759643554688 52.55543518066406 -7.299999237060547
    endloop
  endfacet
  facet normal 0 0 1
    outer loop
      vertex 26.145797729492188 52.44451904296875 -7.299999237060547
      vertex 26.145797729492188 42.818275451660156 -7.299999237060547
      vertex 26.631759643554688 42.707359313964844 -7.299999237060547
    endloop
  endfacet
  facet normal 0 0 1
    outer loop
      vertex 25.673294067382812 52.2857666015625 -7.299999237060547
      vertex 26.145797729492188 42.818275451660156 -7.299999237060547
      vertex 26.145797729492188 52.44451904296875 -7.299999237060547
    endloop
  endfacet
  facet normal 0 0 1
    outer loop
      vertex 25.673294067382812 52.2857666015625 -7.299999237060547
      vertex 25.673294067382812 42.977027893066406 -7.299999237060547
      vertex 26.145797729492188 42.818275451660156 -7.299999237060547
    endloop
  endfacet
  facet normal 0 0 1
    outer loop
      vertex 25.21894645690918 52.08075714111328 -7.299999237060547
      vertex 25.673294067382812 42.977027893066406 -7.299999237060547
      vertex 25.673294067382812 52.2857666015625 -7.299999237060547
    endloop
  endfacet
  facet normal 0 0 1
    outer loop
      vertex 25.21894645690918 52.08075714111328 -7.299999237060547
      vertex 25.21894645690918 43.182037353515625 -7.299999237060547
      vertex 25.673294067382812 42.977027893066406 -7.299999237060547
    endloop
  endfacet
  facet normal 0 0 1
    outer loop
      vertex 24.787269592285156 51.83152770996094 -7.299999237060547
      vertex 25.21894645690918 43.182037353515625 -7.299999237060547
      vertex 25.21894645690918 52.08075714111328 -7.299999237060547
    endloop
  endfacet
  facet normal 0 0 1
    outer loop
      vertex 24.787269592285156 51.83152770996094 -7.299999237060547
      vertex 24.787269592285156 43.43126678466797 -7.299999237060547
      vertex 25.21894645690918 43.182037353515625 -7.299999237060547
    endloop
  endfacet
  facet normal 0 0 1
    outer loop
      vertex 24.382549285888672 51.54055404663086 -7.299999237060547
      vertex 24.787269592285156 43.43126678466797 -7.299999237060547
      vertex 24.787269592285156 51.83152770996094 -7.299999237060547
    endloop
  endfacet
  facet normal 0 0 1
    outer loop
      vertex 24.382549285888672 51.54055404663086 -7.299999237060547
      vertex 24.382549285888672 43.72224044799805 -7.299999237060547
      vertex 24.787269592285156 43.43126678466797 -7.299999237060547
    endloop
  endfacet
  facet normal 0 0 1
    outer loop
      vertex 24.00881576538086 51.210731506347656 -7.299999237060547
      vertex 24.382549285888672 43.72224044799805 -7.299999237060547
      vertex 24.382549285888672 51.54055404663086 -7.299999237060547
    endloop
  endfacet
  facet normal 0 0 1
    outer loop
      vertex 24.00881576538086 51.210731506347656 -7.299999237060547
      vertex 24.00881576538086 44.05206298828125 -7.299999237060547
      vertex 24.382549285888672 43.72224044799805 -7.299999237060547
    endloop
  endfacet
  facet normal 0 0 1
    outer loop
      vertex 23.669776916503906 50.8453369140625 -7.299999237060547
      vertex 24.00881576538086 44.05206298828125 -7.299999237060547
      vertex 24.00881576538086 51.210731506347656 -7.299999237060547
    endloop
  endfacet
  facet normal 0 0 1
    outer loop
      vertex 23.669776916503906 50.8453369140625 -7.299999237060547
      vertex 23.669776916503906 44.417457580566406 -7.299999237060547
      vertex 24.00881576538086 44.05206298828125 -7.299999237060547
    endloop
  endfacet
  facet normal 0 0 1
    outer loop
      vertex 23.368804931640625 50.447998046875 -7.299999237060547
      vertex 23.669776916503906 44.417457580566406 -7.299999237060547
      vertex 23.669776916503906 50.8453369140625 -7.299999237060547
    endloop
  endfacet
  facet normal 0 0 1
    outer loop
      vertex 23.368804931640625 50.447998046875 -7.299999237060547
      vertex 23.368804931640625 44.814796447753906 -7.299999237060547
      vertex 23.669776916503906 44.417457580566406 -7.299999237060547
    endloop
  endfacet
  facet normal 0 0 1
    outer loop
      vertex 23.108890533447266 50.022666931152344 -7.299999237060547
      vertex 23.368804931640625 44.814796447753906 -7.299999237060547
      vertex 23.368804931640625 50.447998046875 -7.299999237060547
    endloop
  endfacet
  facet normal 0 0 1
    outer loop
      vertex 23.108890533447266 50.022666931152344 -7.299999237060547
      vertex 23.108890533447266 45.24012756347656 -7.299999237060547
      vertex 23.368804931640625 44.814796447753906 -7.299999237060547
    endloop
  endfacet
  facet normal 0 0 1
    outer loop
      vertex 22.89261817932129 49.573570251464844 -7.299999237060547
      vertex 23.108890533447266 45.24012756347656 -7.299999237060547
      vertex 23.108890533447266 50.022666931152344 -7.299999237060547
    endloop
  endfacet
  facet normal 0 0 1
    outer loop
      vertex 22.89261817932129 49.573570251464844 -7.299999237060547
      vertex 22.89261817932129 45.68922424316406 -7.299999237060547
      vertex 23.108890533447266 45.24012756347656 -7.299999237060547
    endloop
  endfacet
  facet normal 0 0 1
    outer loop
      vertex 22.722135543823242 49.10517120361328 -7.299999237060547
      vertex 22.89261817932129 45.68922424316406 -7.299999237060547
      vertex 22.89261817932129 49.573570251464844 -7.299999237060547
    endloop
  endfacet
  facet normal 0 0 1
    outer loop
      vertex 22.722135543823242 49.10517120361328 -7.299999237060547
      vertex 22.722135543823242 46.15761947631836 -7.299999237060547
      vertex 22.89261817932129 45.68922424316406 -7.299999237060547
    endloop
  endfacet
  facet normal 0 0 1
    outer loop
      vertex 22.599136352539062 48.622127532958984 -7.299999237060547
      vertex 22.722135543823242 46.15761947631836 -7.299999237060547
      vertex 22.722135543823242 49.10517120361328 -7.299999237060547
    endloop
  endfacet
  facet normal 0 0 1
    outer loop
      vertex 22.599136352539062 48.622127532958984 -7.299999237060547
      vertex 22.599136352539062 46.64066696166992 -7.299999237060547
      vertex 22.722135543823242 46.15761947631836 -7.299999237060547
    endloop
  endfacet
  facet normal 0 0 1
    outer loop
      vertex 22.524845123291016 48.129234313964844 -7.299999237060547
      vertex 22.599136352539062 46.64066696166992 -7.299999237060547
      vertex 22.599136352539062 48.622127532958984 -7.299999237060547
    endloop
  endfacet
  facet normal 0 0 1
    outer loop
      vertex 22.524845123291016 48.129234313964844 -7.299999237060547
      vertex 22.524845123291016 47.1335563659668 -7.299999237060547
      vertex 22.599136352539062 46.64066696166992 -7.299999237060547
    endloop
  endfacet
  facet normal 0 0 1
    outer loop
      vertex 22.524845123291016 47.1335563659668 -7.299999237060547
      vertex 22.524845123291016 48.129234313964844 -7.299999237060547
      vertex 22.5 47.63139724731445 -7.299999237060547
    endloop
  endfacet
  facet normal 0.8870122890993691 -0.46174581642576595 0
    outer loop
      vertex 61.06217956542969 -3.5 0
      vertex 61.344154357910156 -2.958327293395996 -7.899999618530273
      vertex 61.344154357910156 -2.958327293395996 0
    endloop
  endfacet
  facet normal 0.8870122890993691 -0.46174581642576595 0
    outer loop
      vertex 61.344154357910156 -2.958327293395996 -7.899999618530273
      vertex 61.06217956542969 -3.5 0
      vertex 61.06217956542969 -3.5 -7.899999618530273
    endloop
  endfacet
  facet normal 0.8433879558589209 0.5373050864379668 0
    outer loop
      vertex 33.56217956542969 51.13139724731445 0
      vertex 33.23406219482422 51.64643096923828 -7.899999618530273
      vertex 33.23406219482422 51.64643096923828 0
    endloop
  endfacet
  facet normal 0.8433879558589209 0.5373050864379668 0
    outer loop
      vertex 33.23406219482422 51.64643096923828 -7.899999618530273
      vertex 33.56217956542969 51.13139724731445 0
      vertex 33.56217956542969 51.13139724731445 -7.899999618530273
    endloop
  endfacet
  facet normal -0.04362101927551812 -0.999048150329785 0
    outer loop
      vertex -28.110088348388672 -54.604759216308594 -7.899999618530273
      vertex -27.5 -54.63139724731445 0
      vertex -28.110088348388672 -54.604759216308594 0
    endloop
  endfacet
  facet normal -0.04362101927551812 -0.999048150329785 0
    outer loop
      vertex -27.5 -54.63139724731445 0
      vertex -28.110088348388672 -54.604759216308594 -7.899999618530273
      vertex -27.5 -54.63139724731445 -7.899999618530273
    endloop
  endfacet
  facet normal 0.46175137090330803 -0.8870093976215334 0
    outer loop
      vertex 30.458328247070312 -53.97555160522461 -7.899999618530273
      vertex 31 -53.693572998046875 0
      vertex 30.458328247070312 -53.97555160522461 0
    endloop
  endfacet
  facet normal 0.46175137090330803 -0.8870093976215334 0
    outer loop
      vertex 31 -53.693572998046875 0
      vertex 30.458328247070312 -53.97555160522461 -7.899999618530273
      vertex 31 -53.693572998046875 -7.899999618530273
    endloop
  endfacet
  facet normal -0.130524803568642 -0.9914450441922475 0
    outer loop
      vertex -28.715538024902344 -54.52505111694336 -7.899999618530273
      vertex -28.110088348388672 -54.604759216308594 0
      vertex -28.715538024902344 -54.52505111694336 0
    endloop
  endfacet
  facet normal -0.130524803568642 -0.9914450441922475 0
    outer loop
      vertex -28.110088348388672 -54.604759216308594 0
      vertex -28.715538024902344 -54.52505111694336 -7.899999618530273
      vertex -28.110088348388672 -54.604759216308594 -7.899999618530273
    endloop
  endfacet
  facet normal 0.9762966572816569 -0.21643668122724274 0
    outer loop
      vertex 61.76148223876953 -1.8117332458496094 0
      vertex 61.893653869628906 -1.2155370712280273 -7.899999618530273
      vertex 61.893653869628906 -1.2155370712280273 0
    endloop
  endfacet
  facet normal 0.9762966572816569 -0.21643668122724274 0
    outer loop
      vertex 61.893653869628906 -1.2155370712280273 -7.899999618530273
      vertex 61.76148223876953 -1.8117332458496094 0
      vertex 61.76148223876953 -1.8117332458496094 -7.899999618530273
    endloop
  endfacet
  facet normal 0.04362101927551812 -0.999048150329785 0
    outer loop
      vertex 27.5 -54.63139724731445 -7.899999618530273
      vertex 28.110088348388672 -54.604759216308594 0
      vertex 27.5 -54.63139724731445 0
    endloop
  endfacet
  facet normal 0.04362101927551812 -0.999048150329785 0
    outer loop
      vertex 28.110088348388672 -54.604759216308594 0
      vertex 27.5 -54.63139724731445 -7.899999618530273
      vertex 28.110088348388672 -54.604759216308594 -7.899999618530273
    endloop
  endfacet
  facet normal 0 1 0
    outer loop
      vertex 27.5 54.63139724731445 -7.899999618530273
      vertex -27.5 54.63139724731445 0
      vertex 27.5 54.63139724731445 0
    endloop
  endfacet
  facet normal 0 1 0
    outer loop
      vertex -27.5 54.63139724731445 0
      vertex 27.5 54.63139724731445 -7.899999618530273
      vertex -27.5 54.63139724731445 -7.899999618530273
    endloop
  endfacet
  facet normal 0.30070531686997 0.9537171029221038 0
    outer loop
      vertex 29.894140243530273 54.20924377441406 -7.899999618530273
      vertex 29.31173324584961 54.39287567138672 0
      vertex 29.894140243530273 54.20924377441406 0
    endloop
  endfacet
  facet normal 0.30070531686997 0.9537171029221038 0
    outer loop
      vertex 29.31173324584961 54.39287567138672 0
      vertex 29.894140243530273 54.20924377441406 -7.899999618530273
      vertex 29.31173324584961 54.39287567138672 -7.899999618530273
    endloop
  endfacet
  facet normal -0.21644296531974033 0.976295264130477 0
    outer loop
      vertex -28.715538024902344 54.52505111694336 -7.899999618530273
      vertex -29.31173324584961 54.39287567138672 0
      vertex -28.715538024902344 54.52505111694336 0
    endloop
  endfacet
  facet normal -0.21644296531974033 0.976295264130477 0
    outer loop
      vertex -29.31173324584961 54.39287567138672 0
      vertex -28.715538024902344 54.52505111694336 -7.899999618530273
      vertex -29.31173324584961 54.39287567138672 -7.899999618530273
    endloop
  endfacet
  facet normal 0 -1 0
    outer loop
      vertex -27.5 -54.63139724731445 -7.899999618530273
      vertex 27.5 -54.63139724731445 0
      vertex -27.5 -54.63139724731445 0
    endloop
  endfacet
  facet normal 0 -1 0
    outer loop
      vertex 27.5 -54.63139724731445 0
      vertex -27.5 -54.63139724731445 -7.899999618530273
      vertex 27.5 -54.63139724731445 -7.899999618530273
    endloop
  endfacet
  facet normal 0.21644296531974033 -0.976295264130477 0
    outer loop
      vertex 28.715538024902344 -54.52505111694336 -7.899999618530273
      vertex 29.31173324584961 -54.39287567138672 0
      vertex 28.715538024902344 -54.52505111694336 0
    endloop
  endfacet
  facet normal 0.21644296531974033 -0.976295264130477 0
    outer loop
      vertex 29.31173324584961 -54.39287567138672 0
      vertex 28.715538024902344 -54.52505111694336 -7.899999618530273
      vertex 29.31173324584961 -54.39287567138672 -7.899999618530273
    endloop
  endfacet
  facet normal 0.9990481533013443 -0.04362095121812208 0
    outer loop
      vertex 61.97336196899414 -0.6100893020629883 0
      vertex 62 0 -7.899999618530273
      vertex 62 0 0
    endloop
  endfacet
  facet normal 0.9990481533013443 -0.04362095121812208 0
    outer loop
      vertex 62 0 -7.899999618530273
      vertex 61.97336196899414 -0.6100893020629883 0
      vertex 61.97336196899414 -0.6100893020629883 -7.899999618530273
    endloop
  endfacet
  facet normal 0.8870122890993691 0.46174581642576595 0
    outer loop
      vertex 61.344154357910156 2.958327293395996 0
      vertex 61.06217956542969 3.5 -7.899999618530273
      vertex 61.06217956542969 3.5 0
    endloop
  endfacet
  facet normal 0.8870122890993691 0.46174581642576595 0
    outer loop
      vertex 61.06217956542969 3.5 -7.899999618530273
      vertex 61.344154357910156 2.958327293395996 0
      vertex 61.344154357910156 2.958327293395996 -7.899999618530273
    endloop
  endfacet
  facet normal 0.8660254039624856 -0.49999999969161363 0
    outer loop
      vertex 33.56217956542969 -51.13139724731445 0
      vertex 61.06217956542969 -3.5 -7.899999618530273
      vertex 61.06217956542969 -3.5 0
    endloop
  endfacet
  facet normal 0.8660254039624856 -0.49999999969161363 0
    outer loop
      vertex 61.06217956542969 -3.5 -7.899999618530273
      vertex 33.56217956542969 -51.13139724731445 0
      vertex 33.56217956542969 -51.13139724731445 -7.899999618530273
    endloop
  endfacet
  facet normal 0.3826804222082353 -0.9238807793533356 0
    outer loop
      vertex 29.894140243530273 -54.20924377441406 -7.899999618530273
      vertex 30.458328247070312 -53.97555160522461 0
      vertex 29.894140243530273 -54.20924377441406 0
    endloop
  endfacet
  facet normal 0.3826804222082353 -0.9238807793533356 0
    outer loop
      vertex 30.458328247070312 -53.97555160522461 0
      vertex 29.894140243530273 -54.20924377441406 -7.899999618530273
      vertex 30.458328247070312 -53.97555160522461 -7.899999618530273
    endloop
  endfacet
  facet normal -0.30070531686997 -0.9537171029221038 0
    outer loop
      vertex -29.894140243530273 -54.20924377441406 -7.899999618530273
      vertex -29.31173324584961 -54.39287567138672 0
      vertex -29.894140243530273 -54.20924377441406 0
    endloop
  endfacet
  facet normal -0.30070531686997 -0.9537171029221038 0
    outer loop
      vertex -29.31173324584961 -54.39287567138672 0
      vertex -29.894140243530273 -54.20924377441406 -7.899999618530273
      vertex -29.31173324584961 -54.39287567138672 -7.899999618530273
    endloop
  endfacet
  facet normal -0.8660254039624856 0.49999999969161363 0
    outer loop
      vertex -61.06217956542969 3.5 -7.899999618530273
      vertex -33.56217956542969 51.13139724731445 0
      vertex -33.56217956542969 51.13139724731445 -7.899999618530273
    endloop
  endfacet
  facet normal -0.8660254039624856 0.49999999969161363 0
    outer loop
      vertex -33.56217956542969 51.13139724731445 0
      vertex -61.06217956542969 3.5 -7.899999618530273
      vertex -61.06217956542969 3.5 0
    endloop
  endfacet
  facet normal -0.9990481533013443 -0.04362095121812208 0
    outer loop
      vertex -61.97336196899414 -0.6100893020629883 -7.899999618530273
      vertex -62 0 0
      vertex -62 0 -7.899999618530273
    endloop
  endfacet
  facet normal -0.9990481533013443 -0.04362095121812208 0
    outer loop
      vertex -62 0 0
      vertex -61.97336196899414 -0.6100893020629883 -7.899999618530273
      vertex -61.97336196899414 -0.6100893020629883 0
    endloop
  endfacet
  facet normal -0.46175137090330803 0.8870093976215334 0
    outer loop
      vertex -30.458328247070312 53.97555160522461 -7.899999618530273
      vertex -31 53.693572998046875 0
      vertex -30.458328247070312 53.97555160522461 0
    endloop
  endfacet
  facet normal -0.46175137090330803 0.8870093976215334 0
    outer loop
      vertex -31 53.693572998046875 0
      vertex -30.458328247070312 53.97555160522461 -7.899999618530273
      vertex -31 53.693572998046875 -7.899999618530273
    endloop
  endfacet
  facet normal -0.8870122890993691 0.46174581642576595 0
    outer loop
      vertex -61.344154357910156 2.958327293395996 -7.899999618530273
      vertex -61.06217956542969 3.5 0
      vertex -61.06217956542969 3.5 -7.899999618530273
    endloop
  endfacet
  facet normal -0.8870122890993691 0.46174581642576595 0
    outer loop
      vertex -61.06217956542969 3.5 0
      vertex -61.344154357910156 2.958327293395996 -7.899999618530273
      vertex -61.344154357910156 2.958327293395996 0
    endloop
  endfacet
  facet normal -0.9238805506536328 0.3826809743427809 0
    outer loop
      vertex -61.57784652709961 2.3941402435302734 -7.899999618530273
      vertex -61.344154357910156 2.958327293395996 0
      vertex -61.344154357910156 2.958327293395996 -7.899999618530273
    endloop
  endfacet
  facet normal -0.9238805506536328 0.3826809743427809 0
    outer loop
      vertex -61.344154357910156 2.958327293395996 0
      vertex -61.57784652709961 2.3941402435302734 -7.899999618530273
      vertex -61.57784652709961 2.3941402435302734 0
    endloop
  endfacet
  facet normal -0.46175137090330803 -0.8870093976215334 0
    outer loop
      vertex -31 -53.693572998046875 -7.899999618530273
      vertex -30.458328247070312 -53.97555160522461 0
      vertex -31 -53.693572998046875 0
    endloop
  endfacet
  facet normal -0.46175137090330803 -0.8870093976215334 0
    outer loop
      vertex -30.458328247070312 -53.97555160522461 0
      vertex -31 -53.693572998046875 -7.899999618530273
      vertex -30.458328247070312 -53.97555160522461 -7.899999618530273
    endloop
  endfacet
  facet normal -0.30070531686997 0.9537171029221038 0
    outer loop
      vertex -29.31173324584961 54.39287567138672 -7.899999618530273
      vertex -29.894140243530273 54.20924377441406 0
      vertex -29.31173324584961 54.39287567138672 0
    endloop
  endfacet
  facet normal -0.30070531686997 0.9537171029221038 0
    outer loop
      vertex -29.894140243530273 54.20924377441406 0
      vertex -29.31173324584961 54.39287567138672 -7.899999618530273
      vertex -29.894140243530273 54.20924377441406 -7.899999618530273
    endloop
  endfacet
  facet normal -0.8433879558589209 0.5373050864379668 0
    outer loop
      vertex -33.56217956542969 51.13139724731445 -7.899999618530273
      vertex -33.23406219482422 51.64643096923828 0
      vertex -33.23406219482422 51.64643096923828 -7.899999618530273
    endloop
  endfacet
  facet normal -0.8433879558589209 0.5373050864379668 0
    outer loop
      vertex -33.23406219482422 51.64643096923828 0
      vertex -33.56217956542969 51.13139724731445 -7.899999618530273
      vertex -33.56217956542969 51.13139724731445 0
    endloop
  endfacet
  facet normal -0.5372961997288411 0.8433936173323493 0
    outer loop
      vertex -31 53.693572998046875 -7.899999618530273
      vertex -31.515033721923828 53.36546325683594 0
      vertex -31 53.693572998046875 0
    endloop
  endfacet
  facet normal -0.5372961997288411 0.8433936173323493 0
    outer loop
      vertex -31.515033721923828 53.36546325683594 0
      vertex -31 53.693572998046875 -7.899999618530273
      vertex -31.515033721923828 53.36546325683594 -7.899999618530273
    endloop
  endfacet
  facet normal -0.8660254039624856 -0.49999999969161363 0
    outer loop
      vertex -33.56217956542969 -51.13139724731445 -7.899999618530273
      vertex -61.06217956542969 -3.5 0
      vertex -61.06217956542969 -3.5 -7.899999618530273
    endloop
  endfacet
  facet normal -0.8660254039624856 -0.49999999969161363 0
    outer loop
      vertex -61.06217956542969 -3.5 0
      vertex -33.56217956542969 -51.13139724731445 -7.899999618530273
      vertex -33.56217956542969 -51.13139724731445 0
    endloop
  endfacet
  facet normal 0.7933558427050131 -0.6087581677857132 0
    outer loop
      vertex 32.86231231689453 -52.13090896606445 0
      vertex 33.23406219482422 -51.64643096923828 -7.899999618530273
      vertex 33.23406219482422 -51.64643096923828 0
    endloop
  endfacet
  facet normal 0.7933558427050131 -0.6087581677857132 0
    outer loop
      vertex 33.23406219482422 -51.64643096923828 -7.899999618530273
      vertex 32.86231231689453 -52.13090896606445 0
      vertex 32.86231231689453 -52.13090896606445 -7.899999618530273
    endloop
  endfacet
  facet normal -0.130524803568642 0.9914450441922475 0
    outer loop
      vertex -28.110088348388672 54.604759216308594 -7.899999618530273
      vertex -28.715538024902344 54.52505111694336 0
      vertex -28.110088348388672 54.604759216308594 0
    endloop
  endfacet
  facet normal -0.130524803568642 0.9914450441922475 0
    outer loop
      vertex -28.715538024902344 54.52505111694336 0
      vertex -28.110088348388672 54.604759216308594 -7.899999618530273
      vertex -28.715538024902344 54.52505111694336 -7.899999618530273
    endloop
  endfacet
  facet normal 0.8660254039624856 0.49999999969161363 0
    outer loop
      vertex 61.06217956542969 3.5 0
      vertex 33.56217956542969 51.13139724731445 -7.899999618530273
      vertex 33.56217956542969 51.13139724731445 0
    endloop
  endfacet
  facet normal 0.8660254039624856 0.49999999969161363 0
    outer loop
      vertex 33.56217956542969 51.13139724731445 -7.899999618530273
      vertex 61.06217956542969 3.5 0
      vertex 61.06217956542969 3.5 -7.899999618530273
    endloop
  endfacet
  facet normal 0.30070531686997 -0.9537171029221038 0
    outer loop
      vertex 29.31173324584961 -54.39287567138672 -7.899999618530273
      vertex 29.894140243530273 -54.20924377441406 0
      vertex 29.31173324584961 -54.39287567138672 0
    endloop
  endfacet
  facet normal 0.30070531686997 -0.9537171029221038 0
    outer loop
      vertex 29.894140243530273 -54.20924377441406 0
      vertex 29.31173324584961 -54.39287567138672 -7.899999618530273
      vertex 29.894140243530273 -54.20924377441406 -7.899999618530273
    endloop
  endfacet
  facet normal 0.9537153114212081 0.300710998735909 0
    outer loop
      vertex 61.76148223876953 1.8117332458496094 0
      vertex 61.57784652709961 2.3941402435302734 -7.899999618530273
      vertex 61.57784652709961 2.3941402435302734 0
    endloop
  endfacet
  facet normal 0.9537153114212081 0.300710998735909 0
    outer loop
      vertex 61.57784652709961 2.3941402435302734 -7.899999618530273
      vertex 61.76148223876953 1.8117332458496094 0
      vertex 61.76148223876953 1.8117332458496094 -7.899999618530273
    endloop
  endfacet
  facet normal -0.7372767751169436 0.6755908205956915 0
    outer loop
      vertex -32.86231231689453 52.13090896606445 -7.899999618530273
      vertex -32.449745178222656 52.581146240234375 0
      vertex -32.449745178222656 52.581146240234375 -7.899999618530273
    endloop
  endfacet
  facet normal -0.7372767751169436 0.6755908205956915 0
    outer loop
      vertex -32.449745178222656 52.581146240234375 0
      vertex -32.86231231689453 52.13090896606445 -7.899999618530273
      vertex -32.86231231689453 52.13090896606445 0
    endloop
  endfacet
  facet normal -0.3826804222082353 -0.9238807793533356 0
    outer loop
      vertex -30.458328247070312 -53.97555160522461 -7.899999618530273
      vertex -29.894140243530273 -54.20924377441406 0
      vertex -30.458328247070312 -53.97555160522461 0
    endloop
  endfacet
  facet normal -0.3826804222082353 -0.9238807793533356 0
    outer loop
      vertex -29.894140243530273 -54.20924377441406 0
      vertex -30.458328247070312 -53.97555160522461 -7.899999618530273
      vertex -29.894140243530273 -54.20924377441406 -7.899999618530273
    endloop
  endfacet
  facet normal 0.6087660312720181 0.7933498088291925 0
    outer loop
      vertex 31.99951171875 52.99370574951172 -7.899999618530273
      vertex 31.515033721923828 53.36546325683594 0
      vertex 31.99951171875 52.99370574951172 0
    endloop
  endfacet
  facet normal 0.6087660312720181 0.7933498088291925 0
    outer loop
      vertex 31.515033721923828 53.36546325683594 0
      vertex 31.99951171875 52.99370574951172 -7.899999618530273
      vertex 31.515033721923828 53.36546325683594 -7.899999618530273
    endloop
  endfacet
  facet normal -0.8433879558589209 -0.5373050864379668 0
    outer loop
      vertex -33.23406219482422 -51.64643096923828 -7.899999618530273
      vertex -33.56217956542969 -51.13139724731445 0
      vertex -33.56217956542969 -51.13139724731445 -7.899999618530273
    endloop
  endfacet
  facet normal -0.8433879558589209 -0.5373050864379668 0
    outer loop
      vertex -33.56217956542969 -51.13139724731445 0
      vertex -33.23406219482422 -51.64643096923828 -7.899999618530273
      vertex -33.23406219482422 -51.64643096923828 0
    endloop
  endfacet
  facet normal -0.3826804222082353 0.9238807793533356 0
    outer loop
      vertex -29.894140243530273 54.20924377441406 -7.899999618530273
      vertex -30.458328247070312 53.97555160522461 0
      vertex -29.894140243530273 54.20924377441406 0
    endloop
  endfacet
  facet normal -0.3826804222082353 0.9238807793533356 0
    outer loop
      vertex -30.458328247070312 53.97555160522461 0
      vertex -29.894140243530273 54.20924377441406 -7.899999618530273
      vertex -30.458328247070312 53.97555160522461 -7.899999618530273
    endloop
  endfacet
  facet normal 0.9238805506536328 0.3826809743427809 0
    outer loop
      vertex 61.57784652709961 2.3941402435302734 0
      vertex 61.344154357910156 2.958327293395996 -7.899999618530273
      vertex 61.344154357910156 2.958327293395996 0
    endloop
  endfacet
  facet normal 0.9238805506536328 0.3826809743427809 0
    outer loop
      vertex 61.344154357910156 2.958327293395996 -7.899999618530273
      vertex 61.57784652709961 2.3941402435302734 0
      vertex 61.57784652709961 2.3941402435302734 -7.899999618530273
    endloop
  endfacet
  facet normal -0.8870122890993691 -0.46174581642576595 0
    outer loop
      vertex -61.06217956542969 -3.5 -7.899999618530273
      vertex -61.344154357910156 -2.958327293395996 0
      vertex -61.344154357910156 -2.958327293395996 -7.899999618530273
    endloop
  endfacet
  facet normal -0.8870122890993691 -0.46174581642576595 0
    outer loop
      vertex -61.344154357910156 -2.958327293395996 0
      vertex -61.06217956542969 -3.5 -7.899999618530273
      vertex -61.06217956542969 -3.5 0
    endloop
  endfacet
  facet normal -0.6087660312720181 -0.7933498088291925 0
    outer loop
      vertex -31.99951171875 -52.99370574951172 -7.899999618530273
      vertex -31.515033721923828 -53.36546325683594 0
      vertex -31.99951171875 -52.99370574951172 0
    endloop
  endfacet
  facet normal -0.6087660312720181 -0.7933498088291925 0
    outer loop
      vertex -31.515033721923828 -53.36546325683594 0
      vertex -31.99951171875 -52.99370574951172 -7.899999618530273
      vertex -31.515033721923828 -53.36546325683594 -7.899999618530273
    endloop
  endfacet
  facet normal -0.9762966572816569 -0.21643668122724274 0
    outer loop
      vertex -61.76148223876953 -1.8117332458496094 -7.899999618530273
      vertex -61.893653869628906 -1.2155370712280273 0
      vertex -61.893653869628906 -1.2155370712280273 -7.899999618530273
    endloop
  endfacet
  facet normal -0.9762966572816569 -0.21643668122724274 0
    outer loop
      vertex -61.893653869628906 -1.2155370712280273 0
      vertex -61.76148223876953 -1.8117332458496094 -7.899999618530273
      vertex -61.76148223876953 -1.8117332458496094 0
    endloop
  endfacet
  facet normal 0.8433879558589209 -0.5373050864379668 0
    outer loop
      vertex 33.23406219482422 -51.64643096923828 0
      vertex 33.56217956542969 -51.13139724731445 -7.899999618530273
      vertex 33.56217956542969 -51.13139724731445 0
    endloop
  endfacet
  facet normal 0.8433879558589209 -0.5373050864379668 0
    outer loop
      vertex 33.56217956542969 -51.13139724731445 -7.899999618530273
      vertex 33.23406219482422 -51.64643096923828 0
      vertex 33.23406219482422 -51.64643096923828 -7.899999618530273
    endloop
  endfacet
  facet normal 0.9537153114212081 -0.300710998735909 0
    outer loop
      vertex 61.57784652709961 -2.3941402435302734 0
      vertex 61.76148223876953 -1.8117332458496094 -7.899999618530273
      vertex 61.76148223876953 -1.8117332458496094 0
    endloop
  endfacet
  facet normal 0.9537153114212081 -0.300710998735909 0
    outer loop
      vertex 61.76148223876953 -1.8117332458496094 -7.899999618530273
      vertex 61.57784652709961 -2.3941402435302734 0
      vertex 61.57784652709961 -2.3941402435302734 -7.899999618530273
    endloop
  endfacet
  facet normal 0.46175137090330803 0.8870093976215334 0
    outer loop
      vertex 31 53.693572998046875 -7.899999618530273
      vertex 30.458328247070312 53.97555160522461 0
      vertex 31 53.693572998046875 0
    endloop
  endfacet
  facet normal 0.46175137090330803 0.8870093976215334 0
    outer loop
      vertex 30.458328247070312 53.97555160522461 0
      vertex 31 53.693572998046875 -7.899999618530273
      vertex 30.458328247070312 53.97555160522461 -7.899999618530273
    endloop
  endfacet
  facet normal -0.9914449909803443 -0.1305252077569113 0
    outer loop
      vertex -61.893653869628906 -1.2155370712280273 -7.899999618530273
      vertex -61.97336196899414 -0.6100893020629883 0
      vertex -61.97336196899414 -0.6100893020629883 -7.899999618530273
    endloop
  endfacet
  facet normal -0.9914449909803443 -0.1305252077569113 0
    outer loop
      vertex -61.97336196899414 -0.6100893020629883 0
      vertex -61.893653869628906 -1.2155370712280273 -7.899999618530273
      vertex -61.893653869628906 -1.2155370712280273 0
    endloop
  endfacet
  facet normal -0.9990481533013443 0.04362095121812208 0
    outer loop
      vertex -62 0 -7.899999618530273
      vertex -61.97336196899414 0.6100893020629883 0
      vertex -61.97336196899414 0.6100893020629883 -7.899999618530273
    endloop
  endfacet
  facet normal -0.9990481533013443 0.04362095121812208 0
    outer loop
      vertex -61.97336196899414 0.6100893020629883 0
      vertex -62 0 -7.899999618530273
      vertex -62 0 0
    endloop
  endfacet
  facet normal -0.5372961997288411 -0.8433936173323493 0
    outer loop
      vertex -31.515033721923828 -53.36546325683594 -7.899999618530273
      vertex -31 -53.693572998046875 0
      vertex -31.515033721923828 -53.36546325683594 0
    endloop
  endfacet
  facet normal -0.5372961997288411 -0.8433936173323493 0
    outer loop
      vertex -31 -53.693572998046875 0
      vertex -31.515033721923828 -53.36546325683594 -7.899999618530273
      vertex -31 -53.693572998046875 -7.899999618530273
    endloop
  endfacet
  facet normal 0.7372767751169436 -0.6755908205956915 0
    outer loop
      vertex 32.449745178222656 -52.581146240234375 0
      vertex 32.86231231689453 -52.13090896606445 -7.899999618530273
      vertex 32.86231231689453 -52.13090896606445 0
    endloop
  endfacet
  facet normal 0.7372767751169436 -0.6755908205956915 0
    outer loop
      vertex 32.86231231689453 -52.13090896606445 -7.899999618530273
      vertex 32.449745178222656 -52.581146240234375 0
      vertex 32.449745178222656 -52.581146240234375 -7.899999618530273
    endloop
  endfacet
  facet normal -0.21644296531974033 -0.976295264130477 0
    outer loop
      vertex -29.31173324584961 -54.39287567138672 -7.899999618530273
      vertex -28.715538024902344 -54.52505111694336 0
      vertex -29.31173324584961 -54.39287567138672 0
    endloop
  endfacet
  facet normal -0.21644296531974033 -0.976295264130477 0
    outer loop
      vertex -28.715538024902344 -54.52505111694336 0
      vertex -29.31173324584961 -54.39287567138672 -7.899999618530273
      vertex -28.715538024902344 -54.52505111694336 -7.899999618530273
    endloop
  endfacet
  facet normal 0.3826804222082353 0.9238807793533356 0
    outer loop
      vertex 30.458328247070312 53.97555160522461 -7.899999618530273
      vertex 29.894140243530273 54.20924377441406 0
      vertex 30.458328247070312 53.97555160522461 0
    endloop
  endfacet
  facet normal 0.3826804222082353 0.9238807793533356 0
    outer loop
      vertex 29.894140243530273 54.20924377441406 0
      vertex 30.458328247070312 53.97555160522461 -7.899999618530273
      vertex 29.894140243530273 54.20924377441406 -7.899999618530273
    endloop
  endfacet
  facet normal 0.5372961997288411 -0.8433936173323493 0
    outer loop
      vertex 31 -53.693572998046875 -7.899999618530273
      vertex 31.515033721923828 -53.36546325683594 0
      vertex 31 -53.693572998046875 0
    endloop
  endfacet
  facet normal 0.5372961997288411 -0.8433936173323493 0
    outer loop
      vertex 31.515033721923828 -53.36546325683594 0
      vertex 31 -53.693572998046875 -7.899999618530273
      vertex 31.515033721923828 -53.36546325683594 -7.899999618530273
    endloop
  endfacet
  facet normal 0.9914449909803443 -0.1305252077569113 0
    outer loop
      vertex 61.893653869628906 -1.2155370712280273 0
      vertex 61.97336196899414 -0.6100893020629883 -7.899999618530273
      vertex 61.97336196899414 -0.6100893020629883 0
    endloop
  endfacet
  facet normal 0.9914449909803443 -0.1305252077569113 0
    outer loop
      vertex 61.97336196899414 -0.6100893020629883 -7.899999618530273
      vertex 61.893653869628906 -1.2155370712280273 0
      vertex 61.893653869628906 -1.2155370712280273 -7.899999618530273
    endloop
  endfacet
  facet normal -0.9537153114212081 0.300710998735909 0
    outer loop
      vertex -61.76148223876953 1.8117332458496094 -7.899999618530273
      vertex -61.57784652709961 2.3941402435302734 0
      vertex -61.57784652709961 2.3941402435302734 -7.899999618530273
    endloop
  endfacet
  facet normal -0.9537153114212081 0.300710998735909 0
    outer loop
      vertex -61.57784652709961 2.3941402435302734 0
      vertex -61.76148223876953 1.8117332458496094 -7.899999618530273
      vertex -61.76148223876953 1.8117332458496094 0
    endloop
  endfacet
  facet normal 0.9914449909803443 0.1305252077569113 0
    outer loop
      vertex 61.97336196899414 0.6100893020629883 0
      vertex 61.893653869628906 1.2155370712280273 -7.899999618530273
      vertex 61.893653869628906 1.2155370712280273 0
    endloop
  endfacet
  facet normal 0.9914449909803443 0.1305252077569113 0
    outer loop
      vertex 61.893653869628906 1.2155370712280273 -7.899999618530273
      vertex 61.97336196899414 0.6100893020629883 0
      vertex 61.97336196899414 0.6100893020629883 -7.899999618530273
    endloop
  endfacet
  facet normal -0.6755871408914108 -0.7372801469334226 0
    outer loop
      vertex -32.449745178222656 -52.581146240234375 -7.899999618530273
      vertex -31.99951171875 -52.99370574951172 0
      vertex -32.449745178222656 -52.581146240234375 0
    endloop
  endfacet
  facet normal -0.6755871408914108 -0.7372801469334226 0
    outer loop
      vertex -31.99951171875 -52.99370574951172 0
      vertex -32.449745178222656 -52.581146240234375 -7.899999618530273
      vertex -31.99951171875 -52.99370574951172 -7.899999618530273
    endloop
  endfacet
  facet normal 0.9990481533013443 0.04362095121812208 0
    outer loop
      vertex 62 0 0
      vertex 61.97336196899414 0.6100893020629883 -7.899999618530273
      vertex 61.97336196899414 0.6100893020629883 0
    endloop
  endfacet
  facet normal 0.9990481533013443 0.04362095121812208 0
    outer loop
      vertex 61.97336196899414 0.6100893020629883 -7.899999618530273
      vertex 62 0 0
      vertex 62 0 -7.899999618530273
    endloop
  endfacet
  facet normal -0.9762966572816569 0.21643668122724274 0
    outer loop
      vertex -61.893653869628906 1.2155370712280273 -7.899999618530273
      vertex -61.76148223876953 1.8117332458496094 0
      vertex -61.76148223876953 1.8117332458496094 -7.899999618530273
    endloop
  endfacet
  facet normal -0.9762966572816569 0.21643668122724274 0
    outer loop
      vertex -61.76148223876953 1.8117332458496094 0
      vertex -61.893653869628906 1.2155370712280273 -7.899999618530273
      vertex -61.893653869628906 1.2155370712280273 0
    endloop
  endfacet
  facet normal 0.130524803568642 0.9914450441922475 0
    outer loop
      vertex 28.715538024902344 54.52505111694336 -7.899999618530273
      vertex 28.110088348388672 54.604759216308594 0
      vertex 28.715538024902344 54.52505111694336 0
    endloop
  endfacet
  facet normal 0.130524803568642 0.9914450441922475 0
    outer loop
      vertex 28.110088348388672 54.604759216308594 0
      vertex 28.715538024902344 54.52505111694336 -7.899999618530273
      vertex 28.110088348388672 54.604759216308594 -7.899999618530273
    endloop
  endfacet
  facet normal -0.7372767751169436 -0.6755908205956915 0
    outer loop
      vertex -32.449745178222656 -52.581146240234375 -7.899999618530273
      vertex -32.86231231689453 -52.13090896606445 0
      vertex -32.86231231689453 -52.13090896606445 -7.899999618530273
    endloop
  endfacet
  facet normal -0.7372767751169436 -0.6755908205956915 0
    outer loop
      vertex -32.86231231689453 -52.13090896606445 0
      vertex -32.449745178222656 -52.581146240234375 -7.899999618530273
      vertex -32.449745178222656 -52.581146240234375 0
    endloop
  endfacet
  facet normal 0.130524803568642 -0.9914450441922475 0
    outer loop
      vertex 28.110088348388672 -54.604759216308594 -7.899999618530273
      vertex 28.715538024902344 -54.52505111694336 0
      vertex 28.110088348388672 -54.604759216308594 0
    endloop
  endfacet
  facet normal 0.130524803568642 -0.9914450441922475 0
    outer loop
      vertex 28.715538024902344 -54.52505111694336 0
      vertex 28.110088348388672 -54.604759216308594 -7.899999618530273
      vertex 28.715538024902344 -54.52505111694336 -7.899999618530273
    endloop
  endfacet
  facet normal 0.21644296531974033 0.976295264130477 0
    outer loop
      vertex 29.31173324584961 54.39287567138672 -7.899999618530273
      vertex 28.715538024902344 54.52505111694336 0
      vertex 29.31173324584961 54.39287567138672 0
    endloop
  endfacet
  facet normal 0.21644296531974033 0.976295264130477 0
    outer loop
      vertex 28.715538024902344 54.52505111694336 0
      vertex 29.31173324584961 54.39287567138672 -7.899999618530273
      vertex 28.715538024902344 54.52505111694336 -7.899999618530273
    endloop
  endfacet
  facet normal 0.9238805506536328 -0.3826809743427809 0
    outer loop
      vertex 61.344154357910156 -2.958327293395996 0
      vertex 61.57784652709961 -2.3941402435302734 -7.899999618530273
      vertex 61.57784652709961 -2.3941402435302734 0
    endloop
  endfacet
  facet normal 0.9238805506536328 -0.3826809743427809 0
    outer loop
      vertex 61.57784652709961 -2.3941402435302734 -7.899999618530273
      vertex 61.344154357910156 -2.958327293395996 0
      vertex 61.344154357910156 -2.958327293395996 -7.899999618530273
    endloop
  endfacet
  facet normal -0.9238805506536328 -0.3826809743427809 0
    outer loop
      vertex -61.344154357910156 -2.958327293395996 -7.899999618530273
      vertex -61.57784652709961 -2.3941402435302734 0
      vertex -61.57784652709961 -2.3941402435302734 -7.899999618530273
    endloop
  endfacet
  facet normal -0.9238805506536328 -0.3826809743427809 0
    outer loop
      vertex -61.57784652709961 -2.3941402435302734 0
      vertex -61.344154357910156 -2.958327293395996 -7.899999618530273
      vertex -61.344154357910156 -2.958327293395996 0
    endloop
  endfacet
  facet normal 0.7933558427050131 0.6087581677857132 0
    outer loop
      vertex 33.23406219482422 51.64643096923828 0
      vertex 32.86231231689453 52.13090896606445 -7.899999618530273
      vertex 32.86231231689453 52.13090896606445 0
    endloop
  endfacet
  facet normal 0.7933558427050131 0.6087581677857132 0
    outer loop
      vertex 32.86231231689453 52.13090896606445 -7.899999618530273
      vertex 33.23406219482422 51.64643096923828 0
      vertex 33.23406219482422 51.64643096923828 -7.899999618530273
    endloop
  endfacet
  facet normal -0.6755871408914108 0.7372801469334226 0
    outer loop
      vertex -31.99951171875 52.99370574951172 -7.899999618530273
      vertex -32.449745178222656 52.581146240234375 0
      vertex -31.99951171875 52.99370574951172 0
    endloop
  endfacet
  facet normal -0.6755871408914108 0.7372801469334226 0
    outer loop
      vertex -32.449745178222656 52.581146240234375 0
      vertex -31.99951171875 52.99370574951172 -7.899999618530273
      vertex -32.449745178222656 52.581146240234375 -7.899999618530273
    endloop
  endfacet
  facet normal -0.6087660312720181 0.7933498088291925 0
    outer loop
      vertex -31.515033721923828 53.36546325683594 -7.899999618530273
      vertex -31.99951171875 52.99370574951172 0
      vertex -31.515033721923828 53.36546325683594 0
    endloop
  endfacet
  facet normal -0.6087660312720181 0.7933498088291925 0
    outer loop
      vertex -31.99951171875 52.99370574951172 0
      vertex -31.515033721923828 53.36546325683594 -7.899999618530273
      vertex -31.99951171875 52.99370574951172 -7.899999618530273
    endloop
  endfacet
  facet normal -0.04362101927551812 0.999048150329785 0
    outer loop
      vertex -27.5 54.63139724731445 -7.899999618530273
      vertex -28.110088348388672 54.604759216308594 0
      vertex -27.5 54.63139724731445 0
    endloop
  endfacet
  facet normal -0.04362101927551812 0.999048150329785 0
    outer loop
      vertex -28.110088348388672 54.604759216308594 0
      vertex -27.5 54.63139724731445 -7.899999618530273
      vertex -28.110088348388672 54.604759216308594 -7.899999618530273
    endloop
  endfacet
  facet normal 0.6755871408914108 0.7372801469334226 0
    outer loop
      vertex 32.449745178222656 52.581146240234375 -7.899999618530273
      vertex 31.99951171875 52.99370574951172 0
      vertex 32.449745178222656 52.581146240234375 0
    endloop
  endfacet
  facet normal 0.6755871408914108 0.7372801469334226 0
    outer loop
      vertex 31.99951171875 52.99370574951172 0
      vertex 32.449745178222656 52.581146240234375 -7.899999618530273
      vertex 31.99951171875 52.99370574951172 -7.899999618530273
    endloop
  endfacet
  facet normal 0.6087660312720181 -0.7933498088291925 0
    outer loop
      vertex 31.515033721923828 -53.36546325683594 -7.899999618530273
      vertex 31.99951171875 -52.99370574951172 0
      vertex 31.515033721923828 -53.36546325683594 0
    endloop
  endfacet
  facet normal 0.6087660312720181 -0.7933498088291925 0
    outer loop
      vertex 31.99951171875 -52.99370574951172 0
      vertex 31.515033721923828 -53.36546325683594 -7.899999618530273
      vertex 31.99951171875 -52.99370574951172 -7.899999618530273
    endloop
  endfacet
  facet normal 0.04362101927551812 0.999048150329785 0
    outer loop
      vertex 28.110088348388672 54.604759216308594 -7.899999618530273
      vertex 27.5 54.63139724731445 0
      vertex 28.110088348388672 54.604759216308594 0
    endloop
  endfacet
  facet normal 0.04362101927551812 0.999048150329785 0
    outer loop
      vertex 27.5 54.63139724731445 0
      vertex 28.110088348388672 54.604759216308594 -7.899999618530273
      vertex 27.5 54.63139724731445 -7.899999618530273
    endloop
  endfacet
  facet normal -0.9537153114212081 -0.300710998735909 0
    outer loop
      vertex -61.57784652709961 -2.3941402435302734 -7.899999618530273
      vertex -61.76148223876953 -1.8117332458496094 0
      vertex -61.76148223876953 -1.8117332458496094 -7.899999618530273
    endloop
  endfacet
  facet normal -0.9537153114212081 -0.300710998735909 0
    outer loop
      vertex -61.76148223876953 -1.8117332458496094 0
      vertex -61.57784652709961 -2.3941402435302734 -7.899999618530273
      vertex -61.57784652709961 -2.3941402435302734 0
    endloop
  endfacet
  facet normal 0.6755871408914108 -0.7372801469334226 0
    outer loop
      vertex 31.99951171875 -52.99370574951172 -7.899999618530273
      vertex 32.449745178222656 -52.581146240234375 0
      vertex 31.99951171875 -52.99370574951172 0
    endloop
  endfacet
  facet normal 0.6755871408914108 -0.7372801469334226 0
    outer loop
      vertex 32.449745178222656 -52.581146240234375 0
      vertex 31.99951171875 -52.99370574951172 -7.899999618530273
      vertex 32.449745178222656 -52.581146240234375 -7.899999618530273
    endloop
  endfacet
  facet normal -0.7933558427050131 0.6087581677857132 0
    outer loop
      vertex -33.23406219482422 51.64643096923828 -7.899999618530273
      vertex -32.86231231689453 52.13090896606445 0
      vertex -32.86231231689453 52.13090896606445 -7.899999618530273
    endloop
  endfacet
  facet normal -0.7933558427050131 0.6087581677857132 0
    outer loop
      vertex -32.86231231689453 52.13090896606445 0
      vertex -33.23406219482422 51.64643096923828 -7.899999618530273
      vertex -33.23406219482422 51.64643096923828 0
    endloop
  endfacet
  facet normal 0.5372961997288411 0.8433936173323493 0
    outer loop
      vertex 31.515033721923828 53.36546325683594 -7.899999618530273
      vertex 31 53.693572998046875 0
      vertex 31.515033721923828 53.36546325683594 0
    endloop
  endfacet
  facet normal 0.5372961997288411 0.8433936173323493 0
    outer loop
      vertex 31 53.693572998046875 0
      vertex 31.515033721923828 53.36546325683594 -7.899999618530273
      vertex 31 53.693572998046875 -7.899999618530273
    endloop
  endfacet
  facet normal 0.9762966572816569 0.21643668122724274 0
    outer loop
      vertex 61.893653869628906 1.2155370712280273 0
      vertex 61.76148223876953 1.8117332458496094 -7.899999618530273
      vertex 61.76148223876953 1.8117332458496094 0
    endloop
  endfacet
  facet normal 0.9762966572816569 0.21643668122724274 0
    outer loop
      vertex 61.76148223876953 1.8117332458496094 -7.899999618530273
      vertex 61.893653869628906 1.2155370712280273 0
      vertex 61.893653869628906 1.2155370712280273 -7.899999618530273
    endloop
  endfacet
  facet normal 0 0 1
    outer loop
      vertex 37 0 0
      vertex 43.5 0 0
      vertex 43.334468841552734 3.791274070739746 0
    endloop
  endfacet
  facet normal 0 0 1
    outer loop
      vertex 36.85920333862305 3.224761962890625 0
      vertex 43.334468841552734 3.791274070739746 0
      vertex 42.83913803100586 7.5536956787109375 0
    endloop
  endfacet
  facet normal 0 0 1
    outer loop
      vertex 43.5 0 0
      vertex 37 0 0
      vertex 43.334468841552734 -3.791274070739746 0
    endloop
  endfacet
  facet normal 0 0 1
    outer loop
      vertex 36.43788528442383 6.424982070922852 0
      vertex 42.83913803100586 7.5536956787109375 0
      vertex 42.01777267456055 11.258627891540527 0
    endloop
  endfacet
  facet normal 0 0 1
    outer loop
      vertex 36.85920333862305 -3.224761962890625 0
      vertex 43.334468841552734 -3.791274070739746 0
      vertex 37 0 0
    endloop
  endfacet
  facet normal 0 0 1
    outer loop
      vertex 35.739253997802734 9.57630443572998 0
      vertex 42.01777267456055 11.258627891540527 0
      vertex 40.87662887573242 14.877875328063965 0
    endloop
  endfacet
  facet normal 0 0 1
    outer loop
      vertex 43.334468841552734 -3.791274070739746 0
      vertex 36.85920333862305 -3.224761962890625 0
      vertex 42.83913803100586 -7.5536956787109375 0
    endloop
  endfacet
  facet normal 0 0 1
    outer loop
      vertex 34.76862716674805 12.654745101928711 0
      vertex 40.87662887573242 14.877875328063965 0
      vertex 39.42438888549805 18.383893966674805 0
    endloop
  endfacet
  facet normal 0 0 1
    outer loop
      vertex 36.43788528442383 -6.424982070922852 0
      vertex 42.83913803100586 -7.5536956787109375 0
      vertex 36.85920333862305 -3.224761962890625 0
    endloop
  endfacet
  facet normal 0 0 1
    outer loop
      vertex 33.53338623046875 15.63687515258789 0
      vertex 39.42438888549805 18.383893966674805 0
      vertex 37.67210388183594 21.75 0
    endloop
  endfacet
  facet normal 0 0 1
    outer loop
      vertex 42.83913803100586 -7.5536956787109375 0
      vertex 36.43788528442383 -6.424982070922852 0
      vertex 42.01777267456055 -11.258627891540527 0
    endloop
  endfacet
  facet normal 0 0 1
    outer loop
      vertex 35.739253997802734 -9.57630443572998 0
      vertex 42.01777267456055 -11.258627891540527 0
      vertex 36.43788528442383 -6.424982070922852 0
    endloop
  endfacet
  facet normal 0 0 1
    outer loop
      vertex 43.334468841552734 3.791274070739746 0
      vertex 36.85920333862305 3.224761962890625 0
      vertex 37 0 0
    endloop
  endfacet
  facet normal 0 0 1
    outer loop
      vertex 42.83913803100586 7.5536956787109375 0
      vertex 36.43788528442383 6.424982070922852 0
      vertex 36.85920333862305 3.224761962890625 0
    endloop
  endfacet
  facet normal 0 0 1
    outer loop
      vertex 42.01777267456055 11.258627891540527 0
      vertex 35.739253997802734 9.57630443572998 0
      vertex 36.43788528442383 6.424982070922852 0
    endloop
  endfacet
  facet normal 0 0 1
    outer loop
      vertex 32.042938232421875 18.5 0
      vertex 37.67210388183594 21.75 0
      vertex 35.633113861083984 24.95057487487793 0
    endloop
  endfacet
  facet normal 0 0 1
    outer loop
      vertex 40.87662887573242 14.877875328063965 0
      vertex 34.76862716674805 12.654745101928711 0
      vertex 35.739253997802734 9.57630443572998 0
    endloop
  endfacet
  facet normal 0 0 1
    outer loop
      vertex 39.42438888549805 18.383893966674805 0
      vertex 33.53338623046875 15.63687515258789 0
      vertex 34.76862716674805 12.654745101928711 0
    endloop
  endfacet
  facet normal 0 0 1
    outer loop
      vertex 30.308624267578125 21.222328186035156 0
      vertex 35.633113861083984 24.95057487487793 0
      vertex 33.322933197021484 27.961261749267578 0
    endloop
  endfacet
  facet normal 0 0 1
    outer loop
      vertex 37.67210388183594 21.75 0
      vertex 32.042938232421875 18.5 0
      vertex 33.53338623046875 15.63687515258789 0
    endloop
  endfacet
  facet normal 0 0 1
    outer loop
      vertex 28.343643188476562 23.78314208984375 0
      vertex 33.322933197021484 27.961261749267578 0
      vertex 30.759143829345703 30.759143829345703 0
    endloop
  endfacet
  facet normal 0 0 1
    outer loop
      vertex 35.633113861083984 24.95057487487793 0
      vertex 30.308624267578125 21.222328186035156 0
      vertex 32.042938232421875 18.5 0
    endloop
  endfacet
  facet normal 0 0 1
    outer loop
      vertex 33.322933197021484 27.961261749267578 0
      vertex 28.343643188476562 23.78314208984375 0
      vertex 30.308624267578125 21.222328186035156 0
    endloop
  endfacet
  facet normal 0 0 1
    outer loop
      vertex 26.16295051574707 26.16295051574707 0
      vertex 30.759143829345703 30.759143829345703 0
      vertex 27.961261749267578 33.322933197021484 0
    endloop
  endfacet
  facet normal 0 0 1
    outer loop
      vertex 30.759143829345703 30.759143829345703 0
      vertex 26.16295051574707 26.16295051574707 0
      vertex 28.343643188476562 23.78314208984375 0
    endloop
  endfacet
  facet normal 0 0 1
    outer loop
      vertex 23.78314208984375 28.343643188476562 0
      vertex 27.961261749267578 33.322933197021484 0
      vertex 24.95057487487793 35.633113861083984 0
    endloop
  endfacet
  facet normal 0 0 1
    outer loop
      vertex 27.961261749267578 33.322933197021484 0
      vertex 23.78314208984375 28.343643188476562 0
      vertex 26.16295051574707 26.16295051574707 0
    endloop
  endfacet
  facet normal 0 0 1
    outer loop
      vertex 21.222328186035156 30.308624267578125 0
      vertex 24.95057487487793 35.633113861083984 0
      vertex 21.75 37.67210388183594 0
    endloop
  endfacet
  facet normal 0 0 1
    outer loop
      vertex 24.95057487487793 35.633113861083984 0
      vertex 21.222328186035156 30.308624267578125 0
      vertex 23.78314208984375 28.343643188476562 0
    endloop
  endfacet
  facet normal 0 0 1
    outer loop
      vertex 21.75 37.67210388183594 0
      vertex 18.5 32.042938232421875 0
      vertex 21.222328186035156 30.308624267578125 0
    endloop
  endfacet
  facet normal 0 0 1
    outer loop
      vertex 18.383893966674805 39.42438888549805 0
      vertex 18.5 32.042938232421875 0
      vertex 21.75 37.67210388183594 0
    endloop
  endfacet
  facet normal 0 0 1
    outer loop
      vertex 18.383893966674805 39.42438888549805 0
      vertex 15.63687515258789 33.53338623046875 0
      vertex 18.5 32.042938232421875 0
    endloop
  endfacet
  facet normal 0 0 1
    outer loop
      vertex 14.877875328063965 40.87662887573242 0
      vertex 15.63687515258789 33.53338623046875 0
      vertex 18.383893966674805 39.42438888549805 0
    endloop
  endfacet
  facet normal 0 0 1
    outer loop
      vertex 14.877875328063965 40.87662887573242 0
      vertex 12.654745101928711 34.76862716674805 0
      vertex 15.63687515258789 33.53338623046875 0
    endloop
  endfacet
  facet normal 0 0 1
    outer loop
      vertex 11.258627891540527 42.01777267456055 0
      vertex 12.654745101928711 34.76862716674805 0
      vertex 14.877875328063965 40.87662887573242 0
    endloop
  endfacet
  facet normal 0 0 1
    outer loop
      vertex 11.258627891540527 42.01777267456055 0
      vertex 9.57630443572998 35.739253997802734 0
      vertex 12.654745101928711 34.76862716674805 0
    endloop
  endfacet
  facet normal 0 0 1
    outer loop
      vertex 7.5536956787109375 42.83913803100586 0
      vertex 9.57630443572998 35.739253997802734 0
      vertex 11.258627891540527 42.01777267456055 0
    endloop
  endfacet
  facet normal 0 0 1
    outer loop
      vertex 7.5536956787109375 42.83913803100586 0
      vertex 6.424982070922852 36.43788528442383 0
      vertex 9.57630443572998 35.739253997802734 0
    endloop
  endfacet
  facet normal 0 0 1
    outer loop
      vertex 3.791274070739746 43.334468841552734 0
      vertex 6.424982070922852 36.43788528442383 0
      vertex 7.5536956787109375 42.83913803100586 0
    endloop
  endfacet
  facet normal 0 0 1
    outer loop
      vertex 3.791274070739746 43.334468841552734 0
      vertex 3.224761962890625 36.85920333862305 0
      vertex 6.424982070922852 36.43788528442383 0
    endloop
  endfacet
  facet normal 0 0 1
    outer loop
      vertex 0 43.5 0
      vertex 3.224761962890625 36.85920333862305 0
      vertex 3.791274070739746 43.334468841552734 0
    endloop
  endfacet
  facet normal 0 0 1
    outer loop
      vertex 0 43.5 0
      vertex 0 37 0
      vertex 3.224761962890625 36.85920333862305 0
    endloop
  endfacet
  facet normal 0 0 1
    outer loop
      vertex 0 43.5 0
      vertex -3.224761962890625 36.85920333862305 0
      vertex 0 37 0
    endloop
  endfacet
  facet normal 0 0 1
    outer loop
      vertex -3.791274070739746 43.334468841552734 0
      vertex -3.224761962890625 36.85920333862305 0
      vertex 0 43.5 0
    endloop
  endfacet
  facet normal 0 0 1
    outer loop
      vertex -3.791274070739746 43.334468841552734 0
      vertex -6.424982070922852 36.43788528442383 0
      vertex -3.224761962890625 36.85920333862305 0
    endloop
  endfacet
  facet normal 0 0 1
    outer loop
      vertex -7.5536956787109375 42.83913803100586 0
      vertex -6.424982070922852 36.43788528442383 0
      vertex -3.791274070739746 43.334468841552734 0
    endloop
  endfacet
  facet normal 0 0 1
    outer loop
      vertex -7.5536956787109375 42.83913803100586 0
      vertex -9.57630443572998 35.739253997802734 0
      vertex -6.424982070922852 36.43788528442383 0
    endloop
  endfacet
  facet normal 0 0 1
    outer loop
      vertex -11.258627891540527 42.01777267456055 0
      vertex -9.57630443572998 35.739253997802734 0
      vertex -7.5536956787109375 42.83913803100586 0
    endloop
  endfacet
  facet normal 0 0 1
    outer loop
      vertex -11.258627891540527 42.01777267456055 0
      vertex -12.654745101928711 34.76862716674805 0
      vertex -9.57630443572998 35.739253997802734 0
    endloop
  endfacet
  facet normal 0 0 1
    outer loop
      vertex -14.877875328063965 40.87662887573242 0
      vertex -12.654745101928711 34.76862716674805 0
      vertex -11.258627891540527 42.01777267456055 0
    endloop
  endfacet
  facet normal 0 0 1
    outer loop
      vertex -14.877875328063965 40.87662887573242 0
      vertex -15.63687515258789 33.53338623046875 0
      vertex -12.654745101928711 34.76862716674805 0
    endloop
  endfacet
  facet normal 0 0 1
    outer loop
      vertex -18.383893966674805 39.42438888549805 0
      vertex -15.63687515258789 33.53338623046875 0
      vertex -14.877875328063965 40.87662887573242 0
    endloop
  endfacet
  facet normal 0 0 1
    outer loop
      vertex -18.383893966674805 39.42438888549805 0
      vertex -18.5 32.042938232421875 0
      vertex -15.63687515258789 33.53338623046875 0
    endloop
  endfacet
  facet normal 0 0 1
    outer loop
      vertex -21.75 37.67210388183594 0
      vertex -18.5 32.042938232421875 0
      vertex -18.383893966674805 39.42438888549805 0
    endloop
  endfacet
  facet normal 0 0 1
    outer loop
      vertex -18.5 32.042938232421875 0
      vertex -21.75 37.67210388183594 0
      vertex -21.222328186035156 30.308624267578125 0
    endloop
  endfacet
  facet normal 0 0 1
    outer loop
      vertex -24.95057487487793 35.633113861083984 0
      vertex -21.222328186035156 30.308624267578125 0
      vertex -21.75 37.67210388183594 0
    endloop
  endfacet
  facet normal 0 0 1
    outer loop
      vertex -21.222328186035156 30.308624267578125 0
      vertex -24.95057487487793 35.633113861083984 0
      vertex -23.78314208984375 28.343643188476562 0
    endloop
  endfacet
  facet normal 0 0 1
    outer loop
      vertex -27.961261749267578 33.322933197021484 0
      vertex -23.78314208984375 28.343643188476562 0
      vertex -24.95057487487793 35.633113861083984 0
    endloop
  endfacet
  facet normal 0 0 1
    outer loop
      vertex -23.78314208984375 28.343643188476562 0
      vertex -27.961261749267578 33.322933197021484 0
      vertex -26.16295051574707 26.16295051574707 0
    endloop
  endfacet
  facet normal 0 0 1
    outer loop
      vertex -30.759143829345703 30.759143829345703 0
      vertex -26.16295051574707 26.16295051574707 0
      vertex -27.961261749267578 33.322933197021484 0
    endloop
  endfacet
  facet normal 0 0 1
    outer loop
      vertex -26.16295051574707 26.16295051574707 0
      vertex -30.759143829345703 30.759143829345703 0
      vertex -28.343643188476562 23.78314208984375 0
    endloop
  endfacet
  facet normal 0 0 1
    outer loop
      vertex -33.322933197021484 27.961261749267578 0
      vertex -28.343643188476562 23.78314208984375 0
      vertex -30.759143829345703 30.759143829345703 0
    endloop
  endfacet
  facet normal 0 0 1
    outer loop
      vertex -28.343643188476562 23.78314208984375 0
      vertex -33.322933197021484 27.961261749267578 0
      vertex -30.308624267578125 21.222328186035156 0
    endloop
  endfacet
  facet normal 0 0 1
    outer loop
      vertex -35.633113861083984 24.95057487487793 0
      vertex -30.308624267578125 21.222328186035156 0
      vertex -33.322933197021484 27.961261749267578 0
    endloop
  endfacet
  facet normal 0 0 1
    outer loop
      vertex -30.308624267578125 21.222328186035156 0
      vertex -35.633113861083984 24.95057487487793 0
      vertex -32.042938232421875 18.5 0
    endloop
  endfacet
  facet normal 0 0 1
    outer loop
      vertex -37.67210388183594 21.75 0
      vertex -32.042938232421875 18.5 0
      vertex -35.633113861083984 24.95057487487793 0
    endloop
  endfacet
  facet normal 0 0 1
    outer loop
      vertex -32.042938232421875 18.5 0
      vertex -37.67210388183594 21.75 0
      vertex -33.53338623046875 15.63687515258789 0
    endloop
  endfacet
  facet normal 0 0 1
    outer loop
      vertex -39.42438888549805 18.383893966674805 0
      vertex -33.53338623046875 15.63687515258789 0
      vertex -37.67210388183594 21.75 0
    endloop
  endfacet
  facet normal 0 0 1
    outer loop
      vertex -33.53338623046875 15.63687515258789 0
      vertex -39.42438888549805 18.383893966674805 0
      vertex -34.76862716674805 12.654745101928711 0
    endloop
  endfacet
  facet normal 0 0 1
    outer loop
      vertex -40.87662887573242 14.877875328063965 0
      vertex -34.76862716674805 12.654745101928711 0
      vertex -39.42438888549805 18.383893966674805 0
    endloop
  endfacet
  facet normal 0 0 1
    outer loop
      vertex -42.01777267456055 11.258627891540527 0
      vertex -35.739253997802734 9.57630443572998 0
      vertex -40.87662887573242 14.877875328063965 0
    endloop
  endfacet
  facet normal 0 0 1
    outer loop
      vertex -34.76862716674805 12.654745101928711 0
      vertex -40.87662887573242 14.877875328063965 0
      vertex -35.739253997802734 9.57630443572998 0
    endloop
  endfacet
  facet normal 0 0 1
    outer loop
      vertex 42.01777267456055 -11.258627891540527 0
      vertex 35.739253997802734 -9.57630443572998 0
      vertex 40.87662887573242 -14.877875328063965 0
    endloop
  endfacet
  facet normal 0 0 1
    outer loop
      vertex 34.76862716674805 -12.654745101928711 0
      vertex 40.87662887573242 -14.877875328063965 0
      vertex 35.739253997802734 -9.57630443572998 0
    endloop
  endfacet
  facet normal 0 0 1
    outer loop
      vertex 40.87662887573242 -14.877875328063965 0
      vertex 34.76862716674805 -12.654745101928711 0
      vertex 39.42438888549805 -18.383893966674805 0
    endloop
  endfacet
  facet normal 0 0 1
    outer loop
      vertex 33.53338623046875 -15.63687515258789 0
      vertex 39.42438888549805 -18.383893966674805 0
      vertex 34.76862716674805 -12.654745101928711 0
    endloop
  endfacet
  facet normal 0 0 1
    outer loop
      vertex 39.42438888549805 -18.383893966674805 0
      vertex 33.53338623046875 -15.63687515258789 0
      vertex 37.67210388183594 -21.75 0
    endloop
  endfacet
  facet normal 0 0 1
    outer loop
      vertex 32.042938232421875 -18.5 0
      vertex 37.67210388183594 -21.75 0
      vertex 33.53338623046875 -15.63687515258789 0
    endloop
  endfacet
  facet normal 0 0 1
    outer loop
      vertex 37.67210388183594 -21.75 0
      vertex 32.042938232421875 -18.5 0
      vertex 35.633113861083984 -24.95057487487793 0
    endloop
  endfacet
  facet normal 0 0 1
    outer loop
      vertex 30.308624267578125 -21.222328186035156 0
      vertex 35.633113861083984 -24.95057487487793 0
      vertex 32.042938232421875 -18.5 0
    endloop
  endfacet
  facet normal 0 0 1
    outer loop
      vertex 35.633113861083984 -24.95057487487793 0
      vertex 30.308624267578125 -21.222328186035156 0
      vertex 33.322933197021484 -27.961261749267578 0
    endloop
  endfacet
  facet normal 0 0 1
    outer loop
      vertex 28.343643188476562 -23.78314208984375 0
      vertex 33.322933197021484 -27.961261749267578 0
      vertex 30.308624267578125 -21.222328186035156 0
    endloop
  endfacet
  facet normal 0 0 1
    outer loop
      vertex 33.322933197021484 -27.961261749267578 0
      vertex 28.343643188476562 -23.78314208984375 0
      vertex 30.759143829345703 -30.759143829345703 0
    endloop
  endfacet
  facet normal 0 0 1
    outer loop
      vertex 26.16295051574707 -26.16295051574707 0
      vertex 30.759143829345703 -30.759143829345703 0
      vertex 28.343643188476562 -23.78314208984375 0
    endloop
  endfacet
  facet normal 0 0 1
    outer loop
      vertex 30.759143829345703 -30.759143829345703 0
      vertex 26.16295051574707 -26.16295051574707 0
      vertex 27.961261749267578 -33.322933197021484 0
    endloop
  endfacet
  facet normal 0 0 1
    outer loop
      vertex 23.78314208984375 -28.343643188476562 0
      vertex 27.961261749267578 -33.322933197021484 0
      vertex 26.16295051574707 -26.16295051574707 0
    endloop
  endfacet
  facet normal 0 0 1
    outer loop
      vertex 27.961261749267578 -33.322933197021484 0
      vertex 23.78314208984375 -28.343643188476562 0
      vertex 24.95057487487793 -35.633113861083984 0
    endloop
  endfacet
  facet normal 0 0 1
    outer loop
      vertex 21.222328186035156 -30.308624267578125 0
      vertex 24.95057487487793 -35.633113861083984 0
      vertex 23.78314208984375 -28.343643188476562 0
    endloop
  endfacet
  facet normal 0 0 1
    outer loop
      vertex 24.95057487487793 -35.633113861083984 0
      vertex 21.222328186035156 -30.308624267578125 0
      vertex 21.75 -37.67210388183594 0
    endloop
  endfacet
  facet normal 0 0 1
    outer loop
      vertex 18.5 -32.042938232421875 0
      vertex 21.75 -37.67210388183594 0
      vertex 21.222328186035156 -30.308624267578125 0
    endloop
  endfacet
  facet normal 0 0 1
    outer loop
      vertex 18.5 -32.042938232421875 0
      vertex 18.383893966674805 -39.42438888549805 0
      vertex 21.75 -37.67210388183594 0
    endloop
  endfacet
  facet normal 0 0 1
    outer loop
      vertex 15.63687515258789 -33.53338623046875 0
      vertex 18.383893966674805 -39.42438888549805 0
      vertex 18.5 -32.042938232421875 0
    endloop
  endfacet
  facet normal 0 0 1
    outer loop
      vertex 15.63687515258789 -33.53338623046875 0
      vertex 14.877875328063965 -40.87662887573242 0
      vertex 18.383893966674805 -39.42438888549805 0
    endloop
  endfacet
  facet normal 0 0 1
    outer loop
      vertex 12.654745101928711 -34.76862716674805 0
      vertex 14.877875328063965 -40.87662887573242 0
      vertex 15.63687515258789 -33.53338623046875 0
    endloop
  endfacet
  facet normal 0 0 1
    outer loop
      vertex 12.654745101928711 -34.76862716674805 0
      vertex 11.258627891540527 -42.01777267456055 0
      vertex 14.877875328063965 -40.87662887573242 0
    endloop
  endfacet
  facet normal 0 0 1
    outer loop
      vertex 9.57630443572998 -35.739253997802734 0
      vertex 11.258627891540527 -42.01777267456055 0
      vertex 12.654745101928711 -34.76862716674805 0
    endloop
  endfacet
  facet normal 0 0 1
    outer loop
      vertex 9.57630443572998 -35.739253997802734 0
      vertex 7.5536956787109375 -42.83913803100586 0
      vertex 11.258627891540527 -42.01777267456055 0
    endloop
  endfacet
  facet normal 0 0 1
    outer loop
      vertex 6.424982070922852 -36.43788528442383 0
      vertex 7.5536956787109375 -42.83913803100586 0
      vertex 9.57630443572998 -35.739253997802734 0
    endloop
  endfacet
  facet normal 0 0 1
    outer loop
      vertex 6.424982070922852 -36.43788528442383 0
      vertex 3.791274070739746 -43.334468841552734 0
      vertex 7.5536956787109375 -42.83913803100586 0
    endloop
  endfacet
  facet normal 0 0 1
    outer loop
      vertex 3.224761962890625 -36.85920333862305 0
      vertex 3.791274070739746 -43.334468841552734 0
      vertex 6.424982070922852 -36.43788528442383 0
    endloop
  endfacet
  facet normal 0 0 1
    outer loop
      vertex 0 -37 0
      vertex 3.791274070739746 -43.334468841552734 0
      vertex 3.224761962890625 -36.85920333862305 0
    endloop
  endfacet
  facet normal 0 0 1
    outer loop
      vertex 0 -37 0
      vertex 0 -43.5 0
      vertex 3.791274070739746 -43.334468841552734 0
    endloop
  endfacet
  facet normal 0 0 1
    outer loop
      vertex -3.224761962890625 -36.85920333862305 0
      vertex 0 -43.5 0
      vertex 0 -37 0
    endloop
  endfacet
  facet normal 0 0 1
    outer loop
      vertex -3.224761962890625 -36.85920333862305 0
      vertex -3.791274070739746 -43.334468841552734 0
      vertex 0 -43.5 0
    endloop
  endfacet
  facet normal 0 0 1
    outer loop
      vertex -6.424982070922852 -36.43788528442383 0
      vertex -3.791274070739746 -43.334468841552734 0
      vertex -3.224761962890625 -36.85920333862305 0
    endloop
  endfacet
  facet normal 0 0 1
    outer loop
      vertex -6.424982070922852 -36.43788528442383 0
      vertex -7.5536956787109375 -42.83913803100586 0
      vertex -3.791274070739746 -43.334468841552734 0
    endloop
  endfacet
  facet normal 0 0 1
    outer loop
      vertex -9.57630443572998 -35.739253997802734 0
      vertex -7.5536956787109375 -42.83913803100586 0
      vertex -6.424982070922852 -36.43788528442383 0
    endloop
  endfacet
  facet normal 0 0 1
    outer loop
      vertex -9.57630443572998 -35.739253997802734 0
      vertex -11.258627891540527 -42.01777267456055 0
      vertex -7.5536956787109375 -42.83913803100586 0
    endloop
  endfacet
  facet normal 0 0 1
    outer loop
      vertex -12.654745101928711 -34.76862716674805 0
      vertex -11.258627891540527 -42.01777267456055 0
      vertex -9.57630443572998 -35.739253997802734 0
    endloop
  endfacet
  facet normal 0 0 1
    outer loop
      vertex -12.654745101928711 -34.76862716674805 0
      vertex -14.877875328063965 -40.87662887573242 0
      vertex -11.258627891540527 -42.01777267456055 0
    endloop
  endfacet
  facet normal 0 0 1
    outer loop
      vertex -15.63687515258789 -33.53338623046875 0
      vertex -14.877875328063965 -40.87662887573242 0
      vertex -12.654745101928711 -34.76862716674805 0
    endloop
  endfacet
  facet normal 0 0 1
    outer loop
      vertex -15.63687515258789 -33.53338623046875 0
      vertex -18.383893966674805 -39.42438888549805 0
      vertex -14.877875328063965 -40.87662887573242 0
    endloop
  endfacet
  facet normal 0 0 1
    outer loop
      vertex -18.5 -32.042938232421875 0
      vertex -18.383893966674805 -39.42438888549805 0
      vertex -15.63687515258789 -33.53338623046875 0
    endloop
  endfacet
  facet normal 0 0 1
    outer loop
      vertex -21.75 -37.67210388183594 0
      vertex -18.5 -32.042938232421875 0
      vertex -21.222328186035156 -30.308624267578125 0
    endloop
  endfacet
  facet normal 0 0 1
    outer loop
      vertex -18.5 -32.042938232421875 0
      vertex -21.75 -37.67210388183594 0
      vertex -18.383893966674805 -39.42438888549805 0
    endloop
  endfacet
  facet normal 0 0 1
    outer loop
      vertex -24.95057487487793 -35.633113861083984 0
      vertex -21.222328186035156 -30.308624267578125 0
      vertex -23.78314208984375 -28.343643188476562 0
    endloop
  endfacet
  facet normal 0 0 1
    outer loop
      vertex -21.222328186035156 -30.308624267578125 0
      vertex -24.95057487487793 -35.633113861083984 0
      vertex -21.75 -37.67210388183594 0
    endloop
  endfacet
  facet normal 0 0 1
    outer loop
      vertex -27.961261749267578 -33.322933197021484 0
      vertex -23.78314208984375 -28.343643188476562 0
      vertex -26.16295051574707 -26.16295051574707 0
    endloop
  endfacet
  facet normal 0 0 1
    outer loop
      vertex -23.78314208984375 -28.343643188476562 0
      vertex -27.961261749267578 -33.322933197021484 0
      vertex -24.95057487487793 -35.633113861083984 0
    endloop
  endfacet
  facet normal 0 0 1
    outer loop
      vertex -30.759143829345703 -30.759143829345703 0
      vertex -26.16295051574707 -26.16295051574707 0
      vertex -28.343643188476562 -23.78314208984375 0
    endloop
  endfacet
  facet normal 0 0 1
    outer loop
      vertex -33.322933197021484 -27.961261749267578 0
      vertex -28.343643188476562 -23.78314208984375 0
      vertex -30.308624267578125 -21.222328186035156 0
    endloop
  endfacet
  facet normal 0 0 1
    outer loop
      vertex -26.16295051574707 -26.16295051574707 0
      vertex -30.759143829345703 -30.759143829345703 0
      vertex -27.961261749267578 -33.322933197021484 0
    endloop
  endfacet
  facet normal 0 0 1
    outer loop
      vertex -35.633113861083984 -24.95057487487793 0
      vertex -30.308624267578125 -21.222328186035156 0
      vertex -32.042938232421875 -18.5 0
    endloop
  endfacet
  facet normal 0 0 1
    outer loop
      vertex -28.343643188476562 -23.78314208984375 0
      vertex -33.322933197021484 -27.961261749267578 0
      vertex -30.759143829345703 -30.759143829345703 0
    endloop
  endfacet
  facet normal 0 0 1
    outer loop
      vertex -37.67210388183594 -21.75 0
      vertex -32.042938232421875 -18.5 0
      vertex -33.53338623046875 -15.63687515258789 0
    endloop
  endfacet
  facet normal 0 0 1
    outer loop
      vertex -39.42438888549805 -18.383893966674805 0
      vertex -33.53338623046875 -15.63687515258789 0
      vertex -34.76862716674805 -12.654745101928711 0
    endloop
  endfacet
  facet normal 0 0 1
    outer loop
      vertex -30.308624267578125 -21.222328186035156 0
      vertex -35.633113861083984 -24.95057487487793 0
      vertex -33.322933197021484 -27.961261749267578 0
    endloop
  endfacet
  facet normal 0 0 1
    outer loop
      vertex -40.87662887573242 -14.877875328063965 0
      vertex -34.76862716674805 -12.654745101928711 0
      vertex -35.739253997802734 -9.57630443572998 0
    endloop
  endfacet
  facet normal 0 0 1
    outer loop
      vertex -42.01777267456055 -11.258627891540527 0
      vertex -35.739253997802734 -9.57630443572998 0
      vertex -36.43788528442383 -6.424982070922852 0
    endloop
  endfacet
  facet normal 0 0 1
    outer loop
      vertex -42.83913803100586 -7.5536956787109375 0
      vertex -36.43788528442383 -6.424982070922852 0
      vertex -36.85920333862305 -3.224761962890625 0
    endloop
  endfacet
  facet normal 0 0 1
    outer loop
      vertex -32.042938232421875 -18.5 0
      vertex -37.67210388183594 -21.75 0
      vertex -35.633113861083984 -24.95057487487793 0
    endloop
  endfacet
  facet normal 0 0 1
    outer loop
      vertex -43.334468841552734 -3.791274070739746 0
      vertex -36.85920333862305 -3.224761962890625 0
      vertex -37 0 0
    endloop
  endfacet
  facet normal 0 0 1
    outer loop
      vertex -35.739253997802734 9.57630443572998 0
      vertex -42.01777267456055 11.258627891540527 0
      vertex -36.43788528442383 6.424982070922852 0
    endloop
  endfacet
  facet normal 0 0 1
    outer loop
      vertex -42.83913803100586 7.5536956787109375 0
      vertex -36.43788528442383 6.424982070922852 0
      vertex -42.01777267456055 11.258627891540527 0
    endloop
  endfacet
  facet normal 0 0 1
    outer loop
      vertex -33.53338623046875 -15.63687515258789 0
      vertex -39.42438888549805 -18.383893966674805 0
      vertex -37.67210388183594 -21.75 0
    endloop
  endfacet
  facet normal 0 0 1
    outer loop
      vertex -36.43788528442383 6.424982070922852 0
      vertex -42.83913803100586 7.5536956787109375 0
      vertex -36.85920333862305 3.224761962890625 0
    endloop
  endfacet
  facet normal 0 0 1
    outer loop
      vertex -34.76862716674805 -12.654745101928711 0
      vertex -40.87662887573242 -14.877875328063965 0
      vertex -39.42438888549805 -18.383893966674805 0
    endloop
  endfacet
  facet normal 0 0 1
    outer loop
      vertex -43.334468841552734 3.791274070739746 0
      vertex -36.85920333862305 3.224761962890625 0
      vertex -42.83913803100586 7.5536956787109375 0
    endloop
  endfacet
  facet normal 0 0 1
    outer loop
      vertex -35.739253997802734 -9.57630443572998 0
      vertex -42.01777267456055 -11.258627891540527 0
      vertex -40.87662887573242 -14.877875328063965 0
    endloop
  endfacet
  facet normal 0 0 1
    outer loop
      vertex -36.85920333862305 3.224761962890625 0
      vertex -43.334468841552734 3.791274070739746 0
      vertex -37 0 0
    endloop
  endfacet
  facet normal 0 0 1
    outer loop
      vertex -36.43788528442383 -6.424982070922852 0
      vertex -42.83913803100586 -7.5536956787109375 0
      vertex -42.01777267456055 -11.258627891540527 0
    endloop
  endfacet
  facet normal 0 0 1
    outer loop
      vertex -43.5 0 0
      vertex -37 0 0
      vertex -43.334468841552734 3.791274070739746 0
    endloop
  endfacet
  facet normal 0 0 1
    outer loop
      vertex -36.85920333862305 -3.224761962890625 0
      vertex -43.334468841552734 -3.791274070739746 0
      vertex -42.83913803100586 -7.5536956787109375 0
    endloop
  endfacet
  facet normal 0 0 1
    outer loop
      vertex -37 0 0
      vertex -43.5 0 0
      vertex -43.334468841552734 -3.791274070739746 0
    endloop
  endfacet
  facet normal 0 0 1
    outer loop
      vertex 61.97336196899414 0.6100893020629883 0
      vertex 61.97336196899414 -0.6100893020629883 0
      vertex 62 0 0
    endloop
  endfacet
  facet normal 0 0 1
    outer loop
      vertex 61.893653869628906 1.2155370712280273 0
      vertex 61.97336196899414 -0.6100893020629883 0
      vertex 61.97336196899414 0.6100893020629883 0
    endloop
  endfacet
  facet normal 0 0 1
    outer loop
      vertex 61.893653869628906 1.2155370712280273 0
      vertex 61.893653869628906 -1.2155370712280273 0
      vertex 61.97336196899414 -0.6100893020629883 0
    endloop
  endfacet
  facet normal 0 0 1
    outer loop
      vertex 61.76148223876953 1.8117332458496094 0
      vertex 61.893653869628906 -1.2155370712280273 0
      vertex 61.893653869628906 1.2155370712280273 0
    endloop
  endfacet
  facet normal 0 0 1
    outer loop
      vertex 61.76148223876953 1.8117332458496094 0
      vertex 61.76148223876953 -1.8117332458496094 0
      vertex 61.893653869628906 -1.2155370712280273 0
    endloop
  endfacet
  facet normal 0 0 1
    outer loop
      vertex 61.57784652709961 2.3941402435302734 0
      vertex 61.76148223876953 -1.8117332458496094 0
      vertex 61.76148223876953 1.8117332458496094 0
    endloop
  endfacet
  facet normal 0 0 1
    outer loop
      vertex 61.57784652709961 2.3941402435302734 0
      vertex 61.57784652709961 -2.3941402435302734 0
      vertex 61.76148223876953 -1.8117332458496094 0
    endloop
  endfacet
  facet normal 0 0 1
    outer loop
      vertex 61.344154357910156 2.958327293395996 0
      vertex 61.57784652709961 -2.3941402435302734 0
      vertex 61.57784652709961 2.3941402435302734 0
    endloop
  endfacet
  facet normal 0 0 1
    outer loop
      vertex 61.344154357910156 2.958327293395996 0
      vertex 61.344154357910156 -2.958327293395996 0
      vertex 61.57784652709961 -2.3941402435302734 0
    endloop
  endfacet
  facet normal 0 0 1
    outer loop
      vertex 61.06217956542969 3.5 0
      vertex 61.344154357910156 -2.958327293395996 0
      vertex 61.344154357910156 2.958327293395996 0
    endloop
  endfacet
  facet normal 0 0 1
    outer loop
      vertex 61.06217956542969 3.5 0
      vertex 61.06217956542969 -3.5 0
      vertex 61.344154357910156 -2.958327293395996 0
    endloop
  endfacet
  facet normal 0 0 1
    outer loop
      vertex 61.06217956542969 3.5 0
      vertex 45 0 0
      vertex 61.06217956542969 -3.5 0
    endloop
  endfacet
  facet normal 0 0 1
    outer loop
      vertex 61.06217956542969 3.5 0
      vertex 44.82876205444336 3.9220075607299805 0
      vertex 45 0 0
    endloop
  endfacet
  facet normal 0 0 1
    outer loop
      vertex 61.06217956542969 3.5 0
      vertex 44.316349029541016 7.8141679763793945 0
      vertex 44.82876205444336 3.9220075607299805 0
    endloop
  endfacet
  facet normal 0 0 1
    outer loop
      vertex 61.06217956542969 3.5 0
      vertex 43.46665954589844 11.646856307983398 0
      vertex 44.316349029541016 7.8141679763793945 0
    endloop
  endfacet
  facet normal 0 0 1
    outer loop
      vertex 61.06217956542969 3.5 0
      vertex 42.28616714477539 15.39090633392334 0
      vertex 43.46665954589844 11.646856307983398 0
    endloop
  endfacet
  facet normal 0 0 1
    outer loop
      vertex 61.06217956542969 3.5 0
      vertex 40.783851623535156 19.017822265625 0
      vertex 42.28616714477539 15.39090633392334 0
    endloop
  endfacet
  facet normal 0 0 1
    outer loop
      vertex 61.06217956542969 3.5 0
      vertex 38.97114181518555 22.5 0
      vertex 40.783851623535156 19.017822265625 0
    endloop
  endfacet
  facet normal 0 0 1
    outer loop
      vertex 33.56217956542969 51.13139724731445 0
      vertex 38.97114181518555 22.5 0
      vertex 61.06217956542969 3.5 0
    endloop
  endfacet
  facet normal 0 0 1
    outer loop
      vertex 38.97114181518555 22.5 0
      vertex 33.56217956542969 51.13139724731445 0
      vertex 36.861839294433594 25.81093978881836 0
    endloop
  endfacet
  facet normal 0 0 1
    outer loop
      vertex 36.861839294433594 25.81093978881836 0
      vertex 33.56217956542969 51.13139724731445 0
      vertex 34.47200012207031 28.92544174194336 0
    endloop
  endfacet
  facet normal 0 0 1
    outer loop
      vertex 27.5 54.63139724731445 0
      vertex 33.56217956542969 51.13139724731445 0
      vertex 33.23406219482422 51.64643096923828 0
    endloop
  endfacet
  facet normal 0 0 1
    outer loop
      vertex 27.5 54.63139724731445 0
      vertex 33.23406219482422 51.64643096923828 0
      vertex 32.86231231689453 52.13090896606445 0
    endloop
  endfacet
  facet normal 0 0 1
    outer loop
      vertex 27.5 54.63139724731445 0
      vertex 32.86231231689453 52.13090896606445 0
      vertex 32.449745178222656 52.581146240234375 0
    endloop
  endfacet
  facet normal 0 0 1
    outer loop
      vertex 27.5 54.63139724731445 0
      vertex 32.449745178222656 52.581146240234375 0
      vertex 31.99951171875 52.99370574951172 0
    endloop
  endfacet
  facet normal 0 0 1
    outer loop
      vertex 33.56217956542969 51.13139724731445 0
      vertex 31.819805145263672 31.819805145263672 0
      vertex 34.47200012207031 28.92544174194336 0
    endloop
  endfacet
  facet normal 0 0 1
    outer loop
      vertex 27.5 54.63139724731445 0
      vertex 31.99951171875 52.99370574951172 0
      vertex 31.515033721923828 53.36546325683594 0
    endloop
  endfacet
  facet normal 0 0 1
    outer loop
      vertex 27.5 54.63139724731445 0
      vertex 31.515033721923828 53.36546325683594 0
      vertex 31 53.693572998046875 0
    endloop
  endfacet
  facet normal 0 0 1
    outer loop
      vertex 27.5 54.63139724731445 0
      vertex 31 53.693572998046875 0
      vertex 30.458328247070312 53.97555160522461 0
    endloop
  endfacet
  facet normal 0 0 1
    outer loop
      vertex 27.5 54.63139724731445 0
      vertex 30.458328247070312 53.97555160522461 0
      vertex 29.894140243530273 54.20924377441406 0
    endloop
  endfacet
  facet normal 0 0 1
    outer loop
      vertex 27.5 54.63139724731445 0
      vertex 29.894140243530273 54.20924377441406 0
      vertex 29.31173324584961 54.39287567138672 0
    endloop
  endfacet
  facet normal 0 0 1
    outer loop
      vertex 33.56217956542969 51.13139724731445 0
      vertex 28.92544174194336 34.47200012207031 0
      vertex 31.819805145263672 31.819805145263672 0
    endloop
  endfacet
  facet normal 0 0 1
    outer loop
      vertex 27.5 54.63139724731445 0
      vertex 29.31173324584961 54.39287567138672 0
      vertex 28.715538024902344 54.52505111694336 0
    endloop
  endfacet
  facet normal 0 0 1
    outer loop
      vertex 27.5 54.63139724731445 0
      vertex 28.715538024902344 54.52505111694336 0
      vertex 28.110088348388672 54.604759216308594 0
    endloop
  endfacet
  facet normal 0 0 1
    outer loop
      vertex 33.56217956542969 51.13139724731445 0
      vertex 27.5 54.63139724731445 0
      vertex 22.5 38.97114181518555 0
    endloop
  endfacet
  facet normal 0 0 1
    outer loop
      vertex 33.56217956542969 51.13139724731445 0
      vertex 25.81093978881836 36.861839294433594 0
      vertex 28.92544174194336 34.47200012207031 0
    endloop
  endfacet
  facet normal 0 0 1
    outer loop
      vertex 33.56217956542969 51.13139724731445 0
      vertex 22.5 38.97114181518555 0
      vertex 25.81093978881836 36.861839294433594 0
    endloop
  endfacet
  facet normal 0 0 1
    outer loop
      vertex 27.5 54.63139724731445 0
      vertex 19.017822265625 40.783851623535156 0
      vertex 22.5 38.97114181518555 0
    endloop
  endfacet
  facet normal 0 0 1
    outer loop
      vertex 27.5 54.63139724731445 0
      vertex 15.39090633392334 42.28616714477539 0
      vertex 19.017822265625 40.783851623535156 0
    endloop
  endfacet
  facet normal 0 0 1
    outer loop
      vertex 27.5 54.63139724731445 0
      vertex 11.646856307983398 43.46665954589844 0
      vertex 15.39090633392334 42.28616714477539 0
    endloop
  endfacet
  facet normal 0 0 1
    outer loop
      vertex 27.5 54.63139724731445 0
      vertex 7.8141679763793945 44.316349029541016 0
      vertex 11.646856307983398 43.46665954589844 0
    endloop
  endfacet
  facet normal 0 0 1
    outer loop
      vertex 27.5 54.63139724731445 0
      vertex 3.9220075607299805 44.82876205444336 0
      vertex 7.8141679763793945 44.316349029541016 0
    endloop
  endfacet
  facet normal 0 0 1
    outer loop
      vertex 27.5 54.63139724731445 0
      vertex 0 45 0
      vertex 3.9220075607299805 44.82876205444336 0
    endloop
  endfacet
  facet normal 0 0 1
    outer loop
      vertex -27.5 54.63139724731445 0
      vertex 0 45 0
      vertex 27.5 54.63139724731445 0
    endloop
  endfacet
  facet normal 0 0 1
    outer loop
      vertex 0 45 0
      vertex -27.5 54.63139724731445 0
      vertex -3.9220075607299805 44.82876205444336 0
    endloop
  endfacet
  facet normal 0 0 1
    outer loop
      vertex -3.9220075607299805 44.82876205444336 0
      vertex -27.5 54.63139724731445 0
      vertex -7.8141679763793945 44.316349029541016 0
    endloop
  endfacet
  facet normal 0 0 1
    outer loop
      vertex -7.8141679763793945 44.316349029541016 0
      vertex -27.5 54.63139724731445 0
      vertex -11.646856307983398 43.46665954589844 0
    endloop
  endfacet
  facet normal 0 0 1
    outer loop
      vertex -27.5 54.63139724731445 0
      vertex -15.39090633392334 42.28616714477539 0
      vertex -11.646856307983398 43.46665954589844 0
    endloop
  endfacet
  facet normal 0 0 1
    outer loop
      vertex -27.5 54.63139724731445 0
      vertex -19.017822265625 40.783851623535156 0
      vertex -15.39090633392334 42.28616714477539 0
    endloop
  endfacet
  facet normal 0 0 1
    outer loop
      vertex -27.5 54.63139724731445 0
      vertex -22.5 38.97114181518555 0
      vertex -19.017822265625 40.783851623535156 0
    endloop
  endfacet
  facet normal 0 0 1
    outer loop
      vertex -33.56217956542969 51.13139724731445 0
      vertex -22.5 38.97114181518555 0
      vertex -27.5 54.63139724731445 0
    endloop
  endfacet
  facet normal 0 0 1
    outer loop
      vertex -33.56217956542969 51.13139724731445 0
      vertex -27.5 54.63139724731445 0
      vertex -28.110088348388672 54.604759216308594 0
    endloop
  endfacet
  facet normal 0 0 1
    outer loop
      vertex -33.56217956542969 51.13139724731445 0
      vertex -28.110088348388672 54.604759216308594 0
      vertex -28.715538024902344 54.52505111694336 0
    endloop
  endfacet
  facet normal 0 0 1
    outer loop
      vertex -22.5 38.97114181518555 0
      vertex -33.56217956542969 51.13139724731445 0
      vertex -25.81093978881836 36.861839294433594 0
    endloop
  endfacet
  facet normal 0 0 1
    outer loop
      vertex -33.56217956542969 51.13139724731445 0
      vertex -28.715538024902344 54.52505111694336 0
      vertex -29.31173324584961 54.39287567138672 0
    endloop
  endfacet
  facet normal 0 0 1
    outer loop
      vertex -33.56217956542969 51.13139724731445 0
      vertex -29.31173324584961 54.39287567138672 0
      vertex -29.894140243530273 54.20924377441406 0
    endloop
  endfacet
  facet normal 0 0 1
    outer loop
      vertex -33.56217956542969 51.13139724731445 0
      vertex -29.894140243530273 54.20924377441406 0
      vertex -30.458328247070312 53.97555160522461 0
    endloop
  endfacet
  facet normal 0 0 1
    outer loop
      vertex -33.56217956542969 51.13139724731445 0
      vertex -30.458328247070312 53.97555160522461 0
      vertex -31 53.693572998046875 0
    endloop
  endfacet
  facet normal 0 0 1
    outer loop
      vertex -33.56217956542969 51.13139724731445 0
      vertex -31 53.693572998046875 0
      vertex -31.515033721923828 53.36546325683594 0
    endloop
  endfacet
  facet normal 0 0 1
    outer loop
      vertex -25.81093978881836 36.861839294433594 0
      vertex -33.56217956542969 51.13139724731445 0
      vertex -28.92544174194336 34.47200012207031 0
    endloop
  endfacet
  facet normal 0 0 1
    outer loop
      vertex -33.56217956542969 51.13139724731445 0
      vertex -31.515033721923828 53.36546325683594 0
      vertex -31.99951171875 52.99370574951172 0
    endloop
  endfacet
  facet normal 0 0 1
    outer loop
      vertex -33.56217956542969 51.13139724731445 0
      vertex -31.99951171875 52.99370574951172 0
      vertex -32.449745178222656 52.581146240234375 0
    endloop
  endfacet
  facet normal 0 0 1
    outer loop
      vertex -33.56217956542969 51.13139724731445 0
      vertex -32.449745178222656 52.581146240234375 0
      vertex -32.86231231689453 52.13090896606445 0
    endloop
  endfacet
  facet normal 0 0 1
    outer loop
      vertex -33.56217956542969 51.13139724731445 0
      vertex -32.86231231689453 52.13090896606445 0
      vertex -33.23406219482422 51.64643096923828 0
    endloop
  endfacet
  facet normal 0 0 1
    outer loop
      vertex -28.92544174194336 34.47200012207031 0
      vertex -33.56217956542969 51.13139724731445 0
      vertex -31.819805145263672 31.819805145263672 0
    endloop
  endfacet
  facet normal 0 0 1
    outer loop
      vertex -33.56217956542969 51.13139724731445 0
      vertex -34.47200012207031 28.92544174194336 0
      vertex -31.819805145263672 31.819805145263672 0
    endloop
  endfacet
  facet normal 0 0 1
    outer loop
      vertex -33.56217956542969 51.13139724731445 0
      vertex -36.861839294433594 25.81093978881836 0
      vertex -34.47200012207031 28.92544174194336 0
    endloop
  endfacet
  facet normal 0 0 1
    outer loop
      vertex -33.56217956542969 51.13139724731445 0
      vertex -38.97114181518555 22.5 0
      vertex -36.861839294433594 25.81093978881836 0
    endloop
  endfacet
  facet normal 0 0 1
    outer loop
      vertex -61.06217956542969 3.5 0
      vertex -38.97114181518555 22.5 0
      vertex -33.56217956542969 51.13139724731445 0
    endloop
  endfacet
  facet normal 0 0 1
    outer loop
      vertex -38.97114181518555 22.5 0
      vertex -61.06217956542969 3.5 0
      vertex -40.783851623535156 19.017822265625 0
    endloop
  endfacet
  facet normal 0 0 1
    outer loop
      vertex -40.783851623535156 19.017822265625 0
      vertex -61.06217956542969 3.5 0
      vertex -42.28616714477539 15.39090633392334 0
    endloop
  endfacet
  facet normal 0 0 1
    outer loop
      vertex -44.82876205444336 3.9220075607299805 0
      vertex -61.06217956542969 3.5 0
      vertex -45 0 0
    endloop
  endfacet
  facet normal 0 0 1
    outer loop
      vertex -44.316349029541016 7.8141679763793945 0
      vertex -61.06217956542969 3.5 0
      vertex -44.82876205444336 3.9220075607299805 0
    endloop
  endfacet
  facet normal 0 0 1
    outer loop
      vertex -43.46665954589844 11.646856307983398 0
      vertex -61.06217956542969 3.5 0
      vertex -44.316349029541016 7.8141679763793945 0
    endloop
  endfacet
  facet normal 0 0 1
    outer loop
      vertex -42.28616714477539 15.39090633392334 0
      vertex -61.06217956542969 3.5 0
      vertex -43.46665954589844 11.646856307983398 0
    endloop
  endfacet
  facet normal 0 0 1
    outer loop
      vertex 44.82876205444336 -3.9220075607299805 0
      vertex 61.06217956542969 -3.5 0
      vertex 45 0 0
    endloop
  endfacet
  facet normal 0 0 1
    outer loop
      vertex 44.316349029541016 -7.8141679763793945 0
      vertex 61.06217956542969 -3.5 0
      vertex 44.82876205444336 -3.9220075607299805 0
    endloop
  endfacet
  facet normal 0 0 1
    outer loop
      vertex 43.46665954589844 -11.646856307983398 0
      vertex 61.06217956542969 -3.5 0
      vertex 44.316349029541016 -7.8141679763793945 0
    endloop
  endfacet
  facet normal 0 0 1
    outer loop
      vertex 42.28616714477539 -15.39090633392334 0
      vertex 61.06217956542969 -3.5 0
      vertex 43.46665954589844 -11.646856307983398 0
    endloop
  endfacet
  facet normal 0 0 1
    outer loop
      vertex 40.783851623535156 -19.017822265625 0
      vertex 61.06217956542969 -3.5 0
      vertex 42.28616714477539 -15.39090633392334 0
    endloop
  endfacet
  facet normal 0 0 1
    outer loop
      vertex 38.97114181518555 -22.5 0
      vertex 61.06217956542969 -3.5 0
      vertex 40.783851623535156 -19.017822265625 0
    endloop
  endfacet
  facet normal 0 0 1
    outer loop
      vertex 33.56217956542969 -51.13139724731445 0
      vertex 38.97114181518555 -22.5 0
      vertex 36.861839294433594 -25.81093978881836 0
    endloop
  endfacet
  facet normal 0 0 1
    outer loop
      vertex 33.56217956542969 -51.13139724731445 0
      vertex 36.861839294433594 -25.81093978881836 0
      vertex 34.47200012207031 -28.92544174194336 0
    endloop
  endfacet
  facet normal 0 0 1
    outer loop
      vertex 38.97114181518555 -22.5 0
      vertex 33.56217956542969 -51.13139724731445 0
      vertex 61.06217956542969 -3.5 0
    endloop
  endfacet
  facet normal 0 0 1
    outer loop
      vertex 31.819805145263672 -31.819805145263672 0
      vertex 33.56217956542969 -51.13139724731445 0
      vertex 34.47200012207031 -28.92544174194336 0
    endloop
  endfacet
  facet normal 0 0 1
    outer loop
      vertex 28.92544174194336 -34.47200012207031 0
      vertex 33.56217956542969 -51.13139724731445 0
      vertex 31.819805145263672 -31.819805145263672 0
    endloop
  endfacet
  facet normal 0 0 1
    outer loop
      vertex 25.81093978881836 -36.861839294433594 0
      vertex 33.56217956542969 -51.13139724731445 0
      vertex 28.92544174194336 -34.47200012207031 0
    endloop
  endfacet
  facet normal 0 0 1
    outer loop
      vertex 22.5 -38.97114181518555 0
      vertex 33.56217956542969 -51.13139724731445 0
      vertex 25.81093978881836 -36.861839294433594 0
    endloop
  endfacet
  facet normal 0 0 1
    outer loop
      vertex 27.5 -54.63139724731445 0
      vertex 33.56217956542969 -51.13139724731445 0
      vertex 22.5 -38.97114181518555 0
    endloop
  endfacet
  facet normal 0 0 1
    outer loop
      vertex 33.56217956542969 -51.13139724731445 0
      vertex 27.5 -54.63139724731445 0
      vertex 33.23406219482422 -51.64643096923828 0
    endloop
  endfacet
  facet normal 0 0 1
    outer loop
      vertex 33.23406219482422 -51.64643096923828 0
      vertex 27.5 -54.63139724731445 0
      vertex 32.86231231689453 -52.13090896606445 0
    endloop
  endfacet
  facet normal 0 0 1
    outer loop
      vertex 32.86231231689453 -52.13090896606445 0
      vertex 27.5 -54.63139724731445 0
      vertex 32.449745178222656 -52.581146240234375 0
    endloop
  endfacet
  facet normal 0 0 1
    outer loop
      vertex 32.449745178222656 -52.581146240234375 0
      vertex 27.5 -54.63139724731445 0
      vertex 31.99951171875 -52.99370574951172 0
    endloop
  endfacet
  facet normal 0 0 1
    outer loop
      vertex 31.99951171875 -52.99370574951172 0
      vertex 27.5 -54.63139724731445 0
      vertex 31.515033721923828 -53.36546325683594 0
    endloop
  endfacet
  facet normal 0 0 1
    outer loop
      vertex 31.515033721923828 -53.36546325683594 0
      vertex 27.5 -54.63139724731445 0
      vertex 31 -53.693572998046875 0
    endloop
  endfacet
  facet normal 0 0 1
    outer loop
      vertex 31 -53.693572998046875 0
      vertex 27.5 -54.63139724731445 0
      vertex 30.458328247070312 -53.97555160522461 0
    endloop
  endfacet
  facet normal 0 0 1
    outer loop
      vertex 30.458328247070312 -53.97555160522461 0
      vertex 27.5 -54.63139724731445 0
      vertex 29.894140243530273 -54.20924377441406 0
    endloop
  endfacet
  facet normal 0 0 1
    outer loop
      vertex 29.894140243530273 -54.20924377441406 0
      vertex 27.5 -54.63139724731445 0
      vertex 29.31173324584961 -54.39287567138672 0
    endloop
  endfacet
  facet normal 0 0 1
    outer loop
      vertex 29.31173324584961 -54.39287567138672 0
      vertex 27.5 -54.63139724731445 0
      vertex 28.715538024902344 -54.52505111694336 0
    endloop
  endfacet
  facet normal 0 0 1
    outer loop
      vertex 28.715538024902344 -54.52505111694336 0
      vertex 27.5 -54.63139724731445 0
      vertex 28.110088348388672 -54.604759216308594 0
    endloop
  endfacet
  facet normal 0 0 1
    outer loop
      vertex 19.017822265625 -40.783851623535156 0
      vertex 27.5 -54.63139724731445 0
      vertex 22.5 -38.97114181518555 0
    endloop
  endfacet
  facet normal 0 0 1
    outer loop
      vertex 15.39090633392334 -42.28616714477539 0
      vertex 27.5 -54.63139724731445 0
      vertex 19.017822265625 -40.783851623535156 0
    endloop
  endfacet
  facet normal 0 0 1
    outer loop
      vertex 11.646856307983398 -43.46665954589844 0
      vertex 27.5 -54.63139724731445 0
      vertex 15.39090633392334 -42.28616714477539 0
    endloop
  endfacet
  facet normal 0 0 1
    outer loop
      vertex 7.8141679763793945 -44.316349029541016 0
      vertex 27.5 -54.63139724731445 0
      vertex 11.646856307983398 -43.46665954589844 0
    endloop
  endfacet
  facet normal 0 0 1
    outer loop
      vertex 3.9220075607299805 -44.82876205444336 0
      vertex 27.5 -54.63139724731445 0
      vertex 7.8141679763793945 -44.316349029541016 0
    endloop
  endfacet
  facet normal 0 0 1
    outer loop
      vertex 0 -45 0
      vertex 27.5 -54.63139724731445 0
      vertex 3.9220075607299805 -44.82876205444336 0
    endloop
  endfacet
  facet normal 0 0 1
    outer loop
      vertex -27.5 -54.63139724731445 0
      vertex 0 -45 0
      vertex -3.9220075607299805 -44.82876205444336 0
    endloop
  endfacet
  facet normal 0 0 1
    outer loop
      vertex -27.5 -54.63139724731445 0
      vertex -3.9220075607299805 -44.82876205444336 0
      vertex -7.8141679763793945 -44.316349029541016 0
    endloop
  endfacet
  facet normal 0 0 1
    outer loop
      vertex -27.5 -54.63139724731445 0
      vertex -7.8141679763793945 -44.316349029541016 0
      vertex -11.646856307983398 -43.46665954589844 0
    endloop
  endfacet
  facet normal 0 0 1
    outer loop
      vertex 0 -45 0
      vertex -27.5 -54.63139724731445 0
      vertex 27.5 -54.63139724731445 0
    endloop
  endfacet
  facet normal 0 0 1
    outer loop
      vertex -15.39090633392334 -42.28616714477539 0
      vertex -27.5 -54.63139724731445 0
      vertex -11.646856307983398 -43.46665954589844 0
    endloop
  endfacet
  facet normal 0 0 1
    outer loop
      vertex -19.017822265625 -40.783851623535156 0
      vertex -27.5 -54.63139724731445 0
      vertex -15.39090633392334 -42.28616714477539 0
    endloop
  endfacet
  facet normal 0 0 1
    outer loop
      vertex -22.5 -38.97114181518555 0
      vertex -27.5 -54.63139724731445 0
      vertex -19.017822265625 -40.783851623535156 0
    endloop
  endfacet
  facet normal 0 0 1
    outer loop
      vertex -33.56217956542969 -51.13139724731445 0
      vertex -22.5 -38.97114181518555 0
      vertex -25.81093978881836 -36.861839294433594 0
    endloop
  endfacet
  facet normal 0 0 1
    outer loop
      vertex -22.5 -38.97114181518555 0
      vertex -33.56217956542969 -51.13139724731445 0
      vertex -27.5 -54.63139724731445 0
    endloop
  endfacet
  facet normal 0 0 1
    outer loop
      vertex -27.5 -54.63139724731445 0
      vertex -33.56217956542969 -51.13139724731445 0
      vertex -28.110088348388672 -54.604759216308594 0
    endloop
  endfacet
  facet normal 0 0 1
    outer loop
      vertex -33.56217956542969 -51.13139724731445 0
      vertex -25.81093978881836 -36.861839294433594 0
      vertex -28.92544174194336 -34.47200012207031 0
    endloop
  endfacet
  facet normal 0 0 1
    outer loop
      vertex -28.110088348388672 -54.604759216308594 0
      vertex -33.56217956542969 -51.13139724731445 0
      vertex -28.715538024902344 -54.52505111694336 0
    endloop
  endfacet
  facet normal 0 0 1
    outer loop
      vertex -28.715538024902344 -54.52505111694336 0
      vertex -33.56217956542969 -51.13139724731445 0
      vertex -29.31173324584961 -54.39287567138672 0
    endloop
  endfacet
  facet normal 0 0 1
    outer loop
      vertex -29.31173324584961 -54.39287567138672 0
      vertex -33.56217956542969 -51.13139724731445 0
      vertex -29.894140243530273 -54.20924377441406 0
    endloop
  endfacet
  facet normal 0 0 1
    outer loop
      vertex -29.894140243530273 -54.20924377441406 0
      vertex -33.56217956542969 -51.13139724731445 0
      vertex -30.458328247070312 -53.97555160522461 0
    endloop
  endfacet
  facet normal 0 0 1
    outer loop
      vertex -30.458328247070312 -53.97555160522461 0
      vertex -33.56217956542969 -51.13139724731445 0
      vertex -31 -53.693572998046875 0
    endloop
  endfacet
  facet normal 0 0 1
    outer loop
      vertex -33.56217956542969 -51.13139724731445 0
      vertex -28.92544174194336 -34.47200012207031 0
      vertex -31.819805145263672 -31.819805145263672 0
    endloop
  endfacet
  facet normal 0 0 1
    outer loop
      vertex -31 -53.693572998046875 0
      vertex -33.56217956542969 -51.13139724731445 0
      vertex -31.515033721923828 -53.36546325683594 0
    endloop
  endfacet
  facet normal 0 0 1
    outer loop
      vertex -31.515033721923828 -53.36546325683594 0
      vertex -33.56217956542969 -51.13139724731445 0
      vertex -31.99951171875 -52.99370574951172 0
    endloop
  endfacet
  facet normal 0 0 1
    outer loop
      vertex -31.99951171875 -52.99370574951172 0
      vertex -33.56217956542969 -51.13139724731445 0
      vertex -32.449745178222656 -52.581146240234375 0
    endloop
  endfacet
  facet normal 0 0 1
    outer loop
      vertex -32.449745178222656 -52.581146240234375 0
      vertex -33.56217956542969 -51.13139724731445 0
      vertex -32.86231231689453 -52.13090896606445 0
    endloop
  endfacet
  facet normal 0 0 1
    outer loop
      vertex -32.86231231689453 -52.13090896606445 0
      vertex -33.56217956542969 -51.13139724731445 0
      vertex -33.23406219482422 -51.64643096923828 0
    endloop
  endfacet
  facet normal 0 0 1
    outer loop
      vertex -34.47200012207031 -28.92544174194336 0
      vertex -33.56217956542969 -51.13139724731445 0
      vertex -31.819805145263672 -31.819805145263672 0
    endloop
  endfacet
  facet normal 0 0 1
    outer loop
      vertex -36.861839294433594 -25.81093978881836 0
      vertex -33.56217956542969 -51.13139724731445 0
      vertex -34.47200012207031 -28.92544174194336 0
    endloop
  endfacet
  facet normal 0 0 1
    outer loop
      vertex -38.97114181518555 -22.5 0
      vertex -33.56217956542969 -51.13139724731445 0
      vertex -36.861839294433594 -25.81093978881836 0
    endloop
  endfacet
  facet normal 0 0 1
    outer loop
      vertex -61.06217956542969 -3.5 0
      vertex -38.97114181518555 -22.5 0
      vertex -40.783851623535156 -19.017822265625 0
    endloop
  endfacet
  facet normal 0 0 1
    outer loop
      vertex -61.06217956542969 -3.5 0
      vertex -40.783851623535156 -19.017822265625 0
      vertex -42.28616714477539 -15.39090633392334 0
    endloop
  endfacet
  facet normal 0 0 1
    outer loop
      vertex -61.06217956542969 -3.5 0
      vertex -42.28616714477539 -15.39090633392334 0
      vertex -43.46665954589844 -11.646856307983398 0
    endloop
  endfacet
  facet normal 0 0 1
    outer loop
      vertex -61.06217956542969 -3.5 0
      vertex -45 0 0
      vertex -61.06217956542969 3.5 0
    endloop
  endfacet
  facet normal 0 0 1
    outer loop
      vertex -45 0 0
      vertex -61.06217956542969 -3.5 0
      vertex -44.82876205444336 -3.9220075607299805 0
    endloop
  endfacet
  facet normal 0 0 1
    outer loop
      vertex -44.82876205444336 -3.9220075607299805 0
      vertex -61.06217956542969 -3.5 0
      vertex -44.316349029541016 -7.8141679763793945 0
    endloop
  endfacet
  facet normal 0 0 1
    outer loop
      vertex -44.316349029541016 -7.8141679763793945 0
      vertex -61.06217956542969 -3.5 0
      vertex -43.46665954589844 -11.646856307983398 0
    endloop
  endfacet
  facet normal 0 0 1
    outer loop
      vertex -38.97114181518555 -22.5 0
      vertex -61.06217956542969 -3.5 0
      vertex -33.56217956542969 -51.13139724731445 0
    endloop
  endfacet
  facet normal 0 0 1
    outer loop
      vertex -61.344154357910156 2.958327293395996 0
      vertex -61.06217956542969 -3.5 0
      vertex -61.06217956542969 3.5 0
    endloop
  endfacet
  facet normal 0 0 1
    outer loop
      vertex -61.344154357910156 2.958327293395996 0
      vertex -61.344154357910156 -2.958327293395996 0
      vertex -61.06217956542969 -3.5 0
    endloop
  endfacet
  facet normal 0 0 1
    outer loop
      vertex -61.57784652709961 2.3941402435302734 0
      vertex -61.344154357910156 -2.958327293395996 0
      vertex -61.344154357910156 2.958327293395996 0
    endloop
  endfacet
  facet normal 0 0 1
    outer loop
      vertex -61.57784652709961 2.3941402435302734 0
      vertex -61.57784652709961 -2.3941402435302734 0
      vertex -61.344154357910156 -2.958327293395996 0
    endloop
  endfacet
  facet normal 0 0 1
    outer loop
      vertex -61.76148223876953 1.8117332458496094 0
      vertex -61.57784652709961 -2.3941402435302734 0
      vertex -61.57784652709961 2.3941402435302734 0
    endloop
  endfacet
  facet normal 0 0 1
    outer loop
      vertex -61.76148223876953 1.8117332458496094 0
      vertex -61.76148223876953 -1.8117332458496094 0
      vertex -61.57784652709961 -2.3941402435302734 0
    endloop
  endfacet
  facet normal 0 0 1
    outer loop
      vertex -61.893653869628906 1.2155370712280273 0
      vertex -61.76148223876953 -1.8117332458496094 0
      vertex -61.76148223876953 1.8117332458496094 0
    endloop
  endfacet
  facet normal 0 0 1
    outer loop
      vertex -61.893653869628906 1.2155370712280273 0
      vertex -61.893653869628906 -1.2155370712280273 0
      vertex -61.76148223876953 -1.8117332458496094 0
    endloop
  endfacet
  facet normal 0 0 1
    outer loop
      vertex -61.97336196899414 0.6100893020629883 0
      vertex -61.893653869628906 -1.2155370712280273 0
      vertex -61.893653869628906 1.2155370712280273 0
    endloop
  endfacet
  facet normal 0 0 1
    outer loop
      vertex -61.97336196899414 0.6100893020629883 0
      vertex -61.97336196899414 -0.6100893020629883 0
      vertex -61.893653869628906 -1.2155370712280273 0
    endloop
  endfacet
  facet normal 0 0 1
    outer loop
      vertex -61.97336196899414 -0.6100893020629883 0
      vertex -61.97336196899414 0.6100893020629883 0
      vertex -62 0 0
    endloop
  endfacet
  facet normal -0.9914449909803443 0.1305252077569113 0
    outer loop
      vertex -61.97336196899414 0.6100893020629883 -7.899999618530273
      vertex -61.893653869628906 1.2155370712280273 0
      vertex -61.893653869628906 1.2155370712280273 -7.899999618530273
    endloop
  endfacet
  facet normal -0.9914449909803443 0.1305252077569113 0
    outer loop
      vertex -61.893653869628906 1.2155370712280273 0
      vertex -61.97336196899414 0.6100893020629883 -7.899999618530273
      vertex -61.97336196899414 0.6100893020629883 0
    endloop
  endfacet
  facet normal -0.7933558427050131 -0.6087581677857132 0
    outer loop
      vertex -32.86231231689453 -52.13090896606445 -7.899999618530273
      vertex -33.23406219482422 -51.64643096923828 0
      vertex -33.23406219482422 -51.64643096923828 -7.899999618530273
    endloop
  endfacet
  facet normal -0.7933558427050131 -0.6087581677857132 0
    outer loop
      vertex -33.23406219482422 -51.64643096923828 0
      vertex -32.86231231689453 -52.13090896606445 -7.899999618530273
      vertex -32.86231231689453 -52.13090896606445 0
    endloop
  endfacet
  facet normal 0 0 -1
    outer loop
      vertex 61.97336196899414 -0.6100893020629883 -7.899999618530273
      vertex 61.97336196899414 0.6100893020629883 -7.899999618530273
      vertex 62 0 -7.899999618530273
    endloop
  endfacet
  facet normal 0 0 -1
    outer loop
      vertex 61.893653869628906 -1.2155370712280273 -7.899999618530273
      vertex 61.97336196899414 0.6100893020629883 -7.899999618530273
      vertex 61.97336196899414 -0.6100893020629883 -7.899999618530273
    endloop
  endfacet
  facet normal 0 0 -1
    outer loop
      vertex 61.893653869628906 -1.2155370712280273 -7.899999618530273
      vertex 61.893653869628906 1.2155370712280273 -7.899999618530273
      vertex 61.97336196899414 0.6100893020629883 -7.899999618530273
    endloop
  endfacet
  facet normal 0 0 -1
    outer loop
      vertex 61.76148223876953 -1.8117332458496094 -7.899999618530273
      vertex 61.893653869628906 1.2155370712280273 -7.899999618530273
      vertex 61.893653869628906 -1.2155370712280273 -7.899999618530273
    endloop
  endfacet
  facet normal 0 0 -1
    outer loop
      vertex 61.76148223876953 -1.8117332458496094 -7.899999618530273
      vertex 61.76148223876953 1.8117332458496094 -7.899999618530273
      vertex 61.893653869628906 1.2155370712280273 -7.899999618530273
    endloop
  endfacet
  facet normal 0 0 -1
    outer loop
      vertex 61.57784652709961 -2.3941402435302734 -7.899999618530273
      vertex 61.76148223876953 1.8117332458496094 -7.899999618530273
      vertex 61.76148223876953 -1.8117332458496094 -7.899999618530273
    endloop
  endfacet
  facet normal 0 0 -1
    outer loop
      vertex 61.57784652709961 -2.3941402435302734 -7.899999618530273
      vertex 61.57784652709961 2.3941402435302734 -7.899999618530273
      vertex 61.76148223876953 1.8117332458496094 -7.899999618530273
    endloop
  endfacet
  facet normal 0 0 -1
    outer loop
      vertex 61.344154357910156 -2.958327293395996 -7.899999618530273
      vertex 61.57784652709961 2.3941402435302734 -7.899999618530273
      vertex 61.57784652709961 -2.3941402435302734 -7.899999618530273
    endloop
  endfacet
  facet normal 0 0 -1
    outer loop
      vertex 61.344154357910156 -2.958327293395996 -7.899999618530273
      vertex 61.344154357910156 2.958327293395996 -7.899999618530273
      vertex 61.57784652709961 2.3941402435302734 -7.899999618530273
    endloop
  endfacet
  facet normal 0 0 -1
    outer loop
      vertex 61.06217956542969 -3.5 -7.899999618530273
      vertex 61.344154357910156 2.958327293395996 -7.899999618530273
      vertex 61.344154357910156 -2.958327293395996 -7.899999618530273
    endloop
  endfacet
  facet normal 0 0 -1
    outer loop
      vertex 61.06217956542969 -3.5 -7.899999618530273
      vertex 61.06217956542969 3.5 -7.899999618530273
      vertex 61.344154357910156 2.958327293395996 -7.899999618530273
    endloop
  endfacet
  facet normal 0 0 -1
    outer loop
      vertex 61.06217956542969 -3.5 -7.899999618530273
      vertex 39.94303894042969 0 -7.899999618530273
      vertex 61.06217956542969 3.5 -7.899999618530273
    endloop
  endfacet
  facet normal 0 0 -1
    outer loop
      vertex 61.06217956542969 -3.5 -7.899999618530273
      vertex 39.79275131225586 -3.4420993328094482 -7.899999618530273
      vertex 39.94303894042969 0 -7.899999618530273
    endloop
  endfacet
  facet normal 0 0 -1
    outer loop
      vertex 61.06217956542969 -3.5 -7.899999618530273
      vertex 39.79104232788086 -3.481264352798462 -7.899999618530273
      vertex 39.79275131225586 -3.4420993328094482 -7.899999618530273
    endloop
  endfacet
  facet normal 0 0 -1
    outer loop
      vertex 61.06217956542969 -3.5 -7.899999618530273
      vertex 39.785926818847656 -3.5201313495635986 -7.899999618530273
      vertex 39.79104232788086 -3.481264352798462 -7.899999618530273
    endloop
  endfacet
  facet normal 0 0 -1
    outer loop
      vertex 61.06217956542969 -3.5 -7.899999618530273
      vertex 39.336212158203125 -6.93603515625 -7.899999618530273
      vertex 39.785926818847656 -3.5201313495635986 -7.899999618530273
    endloop
  endfacet
  facet normal 0 0 -1
    outer loop
      vertex 61.06217956542969 -3.5 -7.899999618530273
      vertex 39.327728271484375 -6.974308490753174 -7.899999618530273
      vertex 39.336212158203125 -6.93603515625 -7.899999618530273
    endloop
  endfacet
  facet normal 0 0 -1
    outer loop
      vertex 61.06217956542969 -3.5 -7.899999618530273
      vertex 38.58201217651367 -10.338018417358398 -7.899999618530273
      vertex 39.327728271484375 -6.974308490753174 -7.899999618530273
    endloop
  endfacet
  facet normal 0 0 -1
    outer loop
      vertex 61.06217956542969 -3.5 -7.899999618530273
      vertex 38.570220947265625 -10.375406265258789 -7.899999618530273
      vertex 38.58201217651367 -10.338018417358398 -7.899999618530273
    endloop
  endfacet
  facet normal 0 0 -1
    outer loop
      vertex 61.06217956542969 -3.5 -7.899999618530273
      vertex 37.534175872802734 -13.661322593688965 -7.899999618530273
      vertex 38.570220947265625 -10.375406265258789 -7.899999618530273
    endloop
  endfacet
  facet normal 0 0 -1
    outer loop
      vertex 61.06217956542969 -3.5 -7.899999618530273
      vertex 37.5191764831543 -13.697541236877441 -7.899999618530273
      vertex 37.534175872802734 -13.661322593688965 -7.899999618530273
    endloop
  endfacet
  facet normal 0 0 -1
    outer loop
      vertex 61.06217956542969 -3.5 -7.899999618530273
      vertex 36.20068359375 -16.880657196044922 -7.899999618530273
      vertex 37.5191764831543 -13.697541236877441 -7.899999618530273
    endloop
  endfacet
  facet normal 0 0 -1
    outer loop
      vertex 61.06217956542969 -3.5 -7.899999618530273
      vertex 34.60978698730469 -19.93674659729004 -7.899999618530273
      vertex 36.20068359375 -16.880657196044922 -7.899999618530273
    endloop
  endfacet
  facet normal 0 0 -1
    outer loop
      vertex 61.06217956542969 -3.5 -7.899999618530273
      vertex 34.5916862487793 -19.971519470214844 -7.899999618530273
      vertex 34.60978698730469 -19.93674659729004 -7.899999618530273
    endloop
  endfacet
  facet normal 0 0 -1
    outer loop
      vertex 33.56217956542969 -51.13139724731445 -7.899999618530273
      vertex 34.5916862487793 -19.971519470214844 -7.899999618530273
      vertex 61.06217956542969 -3.5 -7.899999618530273
    endloop
  endfacet
  facet normal 0 0 -1
    outer loop
      vertex 34.5916862487793 -19.971519470214844 -7.899999618530273
      vertex 33.56217956542969 -51.13139724731445 -7.899999618530273
      vertex 34.570621490478516 -20.004581451416016 -7.899999618530273
    endloop
  endfacet
  facet normal 0 0 -1
    outer loop
      vertex 27.5 -54.63139724731445 -7.899999618530273
      vertex 33.56217956542969 -51.13139724731445 -7.899999618530273
      vertex 33.23406219482422 -51.64643096923828 -7.899999618530273
    endloop
  endfacet
  facet normal 0 0 -1
    outer loop
      vertex 27.5 -54.63139724731445 -7.899999618530273
      vertex 33.23406219482422 -51.64643096923828 -7.899999618530273
      vertex 32.86231231689453 -52.13090896606445 -7.899999618530273
    endloop
  endfacet
  facet normal 0 0 -1
    outer loop
      vertex 33.56217956542969 -51.13139724731445 -7.899999618530273
      vertex 32.71942138671875 -22.910385131835938 -7.899999618530273
      vertex 34.570621490478516 -20.004581451416016 -7.899999618530273
    endloop
  endfacet
  facet normal 0 0 -1
    outer loop
      vertex 27.5 -54.63139724731445 -7.899999618530273
      vertex 32.86231231689453 -52.13090896606445 -7.899999618530273
      vertex 32.449745178222656 -52.581146240234375 -7.899999618530273
    endloop
  endfacet
  facet normal 0 0 -1
    outer loop
      vertex 27.5 -54.63139724731445 -7.899999618530273
      vertex 32.449745178222656 -52.581146240234375 -7.899999618530273
      vertex 31.99951171875 -52.99370574951172 -7.899999618530273
    endloop
  endfacet
  facet normal 0 0 -1
    outer loop
      vertex 27.5 -54.63139724731445 -7.899999618530273
      vertex 31.99951171875 -52.99370574951172 -7.899999618530273
      vertex 31.515033721923828 -53.36546325683594 -7.899999618530273
    endloop
  endfacet
  facet normal 0 0 -1
    outer loop
      vertex 27.5 -54.63139724731445 -7.899999618530273
      vertex 31.515033721923828 -53.36546325683594 -7.899999618530273
      vertex 31 -53.693572998046875 -7.899999618530273
    endloop
  endfacet
  facet normal 0 0 -1
    outer loop
      vertex 33.56217956542969 -51.13139724731445 -7.899999618530273
      vertex 30.622005462646484 -25.643787384033203 -7.899999618530273
      vertex 32.71942138671875 -22.910385131835938 -7.899999618530273
    endloop
  endfacet
  facet normal 0 0 -1
    outer loop
      vertex 33.56217956542969 -51.13139724731445 -7.899999618530273
      vertex 30.598140716552734 -25.674888610839844 -7.899999618530273
      vertex 30.622005462646484 -25.643787384033203 -7.899999618530273
    endloop
  endfacet
  facet normal 0 0 -1
    outer loop
      vertex 27.5 -54.63139724731445 -7.899999618530273
      vertex 31 -53.693572998046875 -7.899999618530273
      vertex 30.458328247070312 -53.97555160522461 -7.899999618530273
    endloop
  endfacet
  facet normal 0 0 -1
    outer loop
      vertex 27.5 -54.63139724731445 -7.899999618530273
      vertex 30.458328247070312 -53.97555160522461 -7.899999618530273
      vertex 29.894140243530273 -54.20924377441406 -7.899999618530273
    endloop
  endfacet
  facet normal 0 0 -1
    outer loop
      vertex 27.5 -54.63139724731445 -7.899999618530273
      vertex 29.894140243530273 -54.20924377441406 -7.899999618530273
      vertex 29.31173324584961 -54.39287567138672 -7.899999618530273
    endloop
  endfacet
  facet normal 0 0 -1
    outer loop
      vertex 27.5 -54.63139724731445 -7.899999618530273
      vertex 29.31173324584961 -54.39287567138672 -7.899999618530273
      vertex 28.715538024902344 -54.52505111694336 -7.899999618530273
    endloop
  endfacet
  facet normal 0 0 -1
    outer loop
      vertex 33.56217956542969 -51.13139724731445 -7.899999618530273
      vertex 28.270477294921875 -28.215089797973633 -7.899999618530273
      vertex 30.598140716552734 -25.674888610839844 -7.899999618530273
    endloop
  endfacet
  facet normal 0 0 -1
    outer loop
      vertex 33.56217956542969 -51.13139724731445 -7.899999618530273
      vertex 28.243993759155273 -28.243993759155273 -7.899999618530273
      vertex 28.270477294921875 -28.215089797973633 -7.899999618530273
    endloop
  endfacet
  facet normal 0 0 -1
    outer loop
      vertex 33.56217956542969 -51.13139724731445 -7.899999618530273
      vertex 28.215089797973633 -28.270477294921875 -7.899999618530273
      vertex 28.243993759155273 -28.243993759155273 -7.899999618530273
    endloop
  endfacet
  facet normal 0 0 -1
    outer loop
      vertex 27.5 -54.63139724731445 -7.899999618530273
      vertex 28.715538024902344 -54.52505111694336 -7.899999618530273
      vertex 28.110088348388672 -54.604759216308594 -7.899999618530273
    endloop
  endfacet
  facet normal 0 0 -1
    outer loop
      vertex 33.56217956542969 -51.13139724731445 -7.899999618530273
      vertex 27.5 -54.63139724731445 -7.899999618530273
      vertex 19.971519470214844 -34.5916862487793 -7.899999618530273
    endloop
  endfacet
  facet normal 0 0 -1
    outer loop
      vertex 33.56217956542969 -51.13139724731445 -7.899999618530273
      vertex 25.674888610839844 -30.598140716552734 -7.899999618530273
      vertex 28.215089797973633 -28.270477294921875 -7.899999618530273
    endloop
  endfacet
  facet normal 0 0 -1
    outer loop
      vertex 33.56217956542969 -51.13139724731445 -7.899999618530273
      vertex 25.643787384033203 -30.622005462646484 -7.899999618530273
      vertex 25.674888610839844 -30.598140716552734 -7.899999618530273
    endloop
  endfacet
  facet normal 0 0 -1
    outer loop
      vertex 33.56217956542969 -51.13139724731445 -7.899999618530273
      vertex 22.910385131835938 -32.71942138671875 -7.899999618530273
      vertex 25.643787384033203 -30.622005462646484 -7.899999618530273
    endloop
  endfacet
  facet normal 0 0 -1
    outer loop
      vertex 33.56217956542969 -51.13139724731445 -7.899999618530273
      vertex 20.004581451416016 -34.570621490478516 -7.899999618530273
      vertex 22.910385131835938 -32.71942138671875 -7.899999618530273
    endloop
  endfacet
  facet normal 0 0 -1
    outer loop
      vertex 33.56217956542969 -51.13139724731445 -7.899999618530273
      vertex 19.971519470214844 -34.5916862487793 -7.899999618530273
      vertex 20.004581451416016 -34.570621490478516 -7.899999618530273
    endloop
  endfacet
  facet normal 0 0 -1
    outer loop
      vertex 27.5 -54.63139724731445 -7.899999618530273
      vertex 19.93674659729004 -34.60978698730469 -7.899999618530273
      vertex 19.971519470214844 -34.5916862487793 -7.899999618530273
    endloop
  endfacet
  facet normal 0 0 -1
    outer loop
      vertex 27.5 -54.63139724731445 -7.899999618530273
      vertex 16.880657196044922 -36.20068359375 -7.899999618530273
      vertex 19.93674659729004 -34.60978698730469 -7.899999618530273
    endloop
  endfacet
  facet normal 0 0 -1
    outer loop
      vertex 27.5 -54.63139724731445 -7.899999618530273
      vertex 13.697541236877441 -37.5191764831543 -7.899999618530273
      vertex 16.880657196044922 -36.20068359375 -7.899999618530273
    endloop
  endfacet
  facet normal 0 0 -1
    outer loop
      vertex 27.5 -54.63139724731445 -7.899999618530273
      vertex 13.661322593688965 -37.534175872802734 -7.899999618530273
      vertex 13.697541236877441 -37.5191764831543 -7.899999618530273
    endloop
  endfacet
  facet normal 0 0 -1
    outer loop
      vertex 27.5 -54.63139724731445 -7.899999618530273
      vertex 10.375406265258789 -38.570220947265625 -7.899999618530273
      vertex 13.661322593688965 -37.534175872802734 -7.899999618530273
    endloop
  endfacet
  facet normal 0 0 -1
    outer loop
      vertex 27.5 -54.63139724731445 -7.899999618530273
      vertex 10.338018417358398 -38.58201217651367 -7.899999618530273
      vertex 10.375406265258789 -38.570220947265625 -7.899999618530273
    endloop
  endfacet
  facet normal 0 0 -1
    outer loop
      vertex 27.5 -54.63139724731445 -7.899999618530273
      vertex 6.974308490753174 -39.327728271484375 -7.899999618530273
      vertex 10.338018417358398 -38.58201217651367 -7.899999618530273
    endloop
  endfacet
  facet normal 0 0 -1
    outer loop
      vertex 27.5 -54.63139724731445 -7.899999618530273
      vertex 6.93603515625 -39.336212158203125 -7.899999618530273
      vertex 6.974308490753174 -39.327728271484375 -7.899999618530273
    endloop
  endfacet
  facet normal 0 0 -1
    outer loop
      vertex 27.5 -54.63139724731445 -7.899999618530273
      vertex 3.5201313495635986 -39.785926818847656 -7.899999618530273
      vertex 6.93603515625 -39.336212158203125 -7.899999618530273
    endloop
  endfacet
  facet normal 0 0 -1
    outer loop
      vertex 27.5 -54.63139724731445 -7.899999618530273
      vertex 3.481264352798462 -39.79104232788086 -7.899999618530273
      vertex 3.5201313495635986 -39.785926818847656 -7.899999618530273
    endloop
  endfacet
  facet normal 0 0 -1
    outer loop
      vertex 27.5 -54.63139724731445 -7.899999618530273
      vertex 3.4420993328094482 -39.79275131225586 -7.899999618530273
      vertex 3.481264352798462 -39.79104232788086 -7.899999618530273
    endloop
  endfacet
  facet normal 0 0 -1
    outer loop
      vertex 27.5 -54.63139724731445 -7.899999618530273
      vertex 0 -39.94303894042969 -7.899999618530273
      vertex 3.4420993328094482 -39.79275131225586 -7.899999618530273
    endloop
  endfacet
  facet normal 0 0 -1
    outer loop
      vertex -27.5 -54.63139724731445 -7.899999618530273
      vertex 0 -39.94303894042969 -7.899999618530273
      vertex 27.5 -54.63139724731445 -7.899999618530273
    endloop
  endfacet
  facet normal 0 0 -1
    outer loop
      vertex 0 -39.94303894042969 -7.899999618530273
      vertex -27.5 -54.63139724731445 -7.899999618530273
      vertex -3.4420993328094482 -39.79275131225586 -7.899999618530273
    endloop
  endfacet
  facet normal 0 0 -1
    outer loop
      vertex -3.4420993328094482 -39.79275131225586 -7.899999618530273
      vertex -27.5 -54.63139724731445 -7.899999618530273
      vertex -3.481264352798462 -39.79104232788086 -7.899999618530273
    endloop
  endfacet
  facet normal 0 0 -1
    outer loop
      vertex -3.481264352798462 -39.79104232788086 -7.899999618530273
      vertex -27.5 -54.63139724731445 -7.899999618530273
      vertex -3.5201313495635986 -39.785926818847656 -7.899999618530273
    endloop
  endfacet
  facet normal 0 0 -1
    outer loop
      vertex -3.5201313495635986 -39.785926818847656 -7.899999618530273
      vertex -27.5 -54.63139724731445 -7.899999618530273
      vertex -6.93603515625 -39.336212158203125 -7.899999618530273
    endloop
  endfacet
  facet normal 0 0 -1
    outer loop
      vertex -6.93603515625 -39.336212158203125 -7.899999618530273
      vertex -27.5 -54.63139724731445 -7.899999618530273
      vertex -6.974308490753174 -39.327728271484375 -7.899999618530273
    endloop
  endfacet
  facet normal 0 0 -1
    outer loop
      vertex -6.974308490753174 -39.327728271484375 -7.899999618530273
      vertex -27.5 -54.63139724731445 -7.899999618530273
      vertex -10.338018417358398 -38.58201217651367 -7.899999618530273
    endloop
  endfacet
  facet normal 0 0 -1
    outer loop
      vertex -10.338018417358398 -38.58201217651367 -7.899999618530273
      vertex -27.5 -54.63139724731445 -7.899999618530273
      vertex -10.375406265258789 -38.570220947265625 -7.899999618530273
    endloop
  endfacet
  facet normal 0 0 -1
    outer loop
      vertex -10.375406265258789 -38.570220947265625 -7.899999618530273
      vertex -27.5 -54.63139724731445 -7.899999618530273
      vertex -13.661322593688965 -37.534175872802734 -7.899999618530273
    endloop
  endfacet
  facet normal 0 0 -1
    outer loop
      vertex -13.661322593688965 -37.534175872802734 -7.899999618530273
      vertex -27.5 -54.63139724731445 -7.899999618530273
      vertex -13.697541236877441 -37.5191764831543 -7.899999618530273
    endloop
  endfacet
  facet normal 0 0 -1
    outer loop
      vertex -27.5 -54.63139724731445 -7.899999618530273
      vertex -19.93674659729004 -34.60978698730469 -7.899999618530273
      vertex -16.880657196044922 -36.20068359375 -7.899999618530273
    endloop
  endfacet
  facet normal 0 0 -1
    outer loop
      vertex -33.56217956542969 -51.13139724731445 -7.899999618530273
      vertex -20.004581451416016 -34.570621490478516 -7.899999618530273
      vertex -19.971519470214844 -34.5916862487793 -7.899999618530273
    endloop
  endfacet
  facet normal 0 0 -1
    outer loop
      vertex -33.56217956542969 -51.13139724731445 -7.899999618530273
      vertex -25.643787384033203 -30.622005462646484 -7.899999618530273
      vertex -22.910385131835938 -32.71942138671875 -7.899999618530273
    endloop
  endfacet
  facet normal 0 0 -1
    outer loop
      vertex -13.697541236877441 -37.5191764831543 -7.899999618530273
      vertex -27.5 -54.63139724731445 -7.899999618530273
      vertex -16.880657196044922 -36.20068359375 -7.899999618530273
    endloop
  endfacet
  facet normal 0 0 -1
    outer loop
      vertex -19.93674659729004 -34.60978698730469 -7.899999618530273
      vertex -27.5 -54.63139724731445 -7.899999618530273
      vertex -19.971519470214844 -34.5916862487793 -7.899999618530273
    endloop
  endfacet
  facet normal 0 0 -1
    outer loop
      vertex -33.56217956542969 -51.13139724731445 -7.899999618530273
      vertex -19.971519470214844 -34.5916862487793 -7.899999618530273
      vertex -27.5 -54.63139724731445 -7.899999618530273
    endloop
  endfacet
  facet normal 0 0 -1
    outer loop
      vertex -20.004581451416016 -34.570621490478516 -7.899999618530273
      vertex -33.56217956542969 -51.13139724731445 -7.899999618530273
      vertex -22.910385131835938 -32.71942138671875 -7.899999618530273
    endloop
  endfacet
  facet normal 0 0 -1
    outer loop
      vertex -33.56217956542969 -51.13139724731445 -7.899999618530273
      vertex -27.5 -54.63139724731445 -7.899999618530273
      vertex -28.110088348388672 -54.604759216308594 -7.899999618530273
    endloop
  endfacet
  facet normal 0 0 -1
    outer loop
      vertex -25.643787384033203 -30.622005462646484 -7.899999618530273
      vertex -33.56217956542969 -51.13139724731445 -7.899999618530273
      vertex -25.674888610839844 -30.598140716552734 -7.899999618530273
    endloop
  endfacet
  facet normal 0 0 -1
    outer loop
      vertex -25.674888610839844 -30.598140716552734 -7.899999618530273
      vertex -33.56217956542969 -51.13139724731445 -7.899999618530273
      vertex -28.215089797973633 -28.270477294921875 -7.899999618530273
    endloop
  endfacet
  facet normal 0 0 -1
    outer loop
      vertex -28.215089797973633 -28.270477294921875 -7.899999618530273
      vertex -33.56217956542969 -51.13139724731445 -7.899999618530273
      vertex -28.243993759155273 -28.243993759155273 -7.899999618530273
    endloop
  endfacet
  facet normal 0 0 -1
    outer loop
      vertex -33.56217956542969 -51.13139724731445 -7.899999618530273
      vertex -28.110088348388672 -54.604759216308594 -7.899999618530273
      vertex -28.715538024902344 -54.52505111694336 -7.899999618530273
    endloop
  endfacet
  facet normal 0 0 -1
    outer loop
      vertex -33.56217956542969 -51.13139724731445 -7.899999618530273
      vertex -28.715538024902344 -54.52505111694336 -7.899999618530273
      vertex -29.31173324584961 -54.39287567138672 -7.899999618530273
    endloop
  endfacet
  facet normal 0 0 -1
    outer loop
      vertex -33.56217956542969 -51.13139724731445 -7.899999618530273
      vertex -29.31173324584961 -54.39287567138672 -7.899999618530273
      vertex -29.894140243530273 -54.20924377441406 -7.899999618530273
    endloop
  endfacet
  facet normal 0 0 -1
    outer loop
      vertex -33.56217956542969 -51.13139724731445 -7.899999618530273
      vertex -29.894140243530273 -54.20924377441406 -7.899999618530273
      vertex -30.458328247070312 -53.97555160522461 -7.899999618530273
    endloop
  endfacet
  facet normal 0 0 -1
    outer loop
      vertex -28.243993759155273 -28.243993759155273 -7.899999618530273
      vertex -33.56217956542969 -51.13139724731445 -7.899999618530273
      vertex -28.270477294921875 -28.215089797973633 -7.899999618530273
    endloop
  endfacet
  facet normal 0 0 -1
    outer loop
      vertex -28.270477294921875 -28.215089797973633 -7.899999618530273
      vertex -33.56217956542969 -51.13139724731445 -7.899999618530273
      vertex -30.598140716552734 -25.674888610839844 -7.899999618530273
    endloop
  endfacet
  facet normal 0 0 -1
    outer loop
      vertex -33.56217956542969 -51.13139724731445 -7.899999618530273
      vertex -30.458328247070312 -53.97555160522461 -7.899999618530273
      vertex -31 -53.693572998046875 -7.899999618530273
    endloop
  endfacet
  facet normal 0 0 -1
    outer loop
      vertex -33.56217956542969 -51.13139724731445 -7.899999618530273
      vertex -31 -53.693572998046875 -7.899999618530273
      vertex -31.515033721923828 -53.36546325683594 -7.899999618530273
    endloop
  endfacet
  facet normal 0 0 -1
    outer loop
      vertex -33.56217956542969 -51.13139724731445 -7.899999618530273
      vertex -31.515033721923828 -53.36546325683594 -7.899999618530273
      vertex -31.99951171875 -52.99370574951172 -7.899999618530273
    endloop
  endfacet
  facet normal 0 0 -1
    outer loop
      vertex -33.56217956542969 -51.13139724731445 -7.899999618530273
      vertex -31.99951171875 -52.99370574951172 -7.899999618530273
      vertex -32.449745178222656 -52.581146240234375 -7.899999618530273
    endloop
  endfacet
  facet normal 0 0 -1
    outer loop
      vertex -30.598140716552734 -25.674888610839844 -7.899999618530273
      vertex -33.56217956542969 -51.13139724731445 -7.899999618530273
      vertex -30.622005462646484 -25.643787384033203 -7.899999618530273
    endloop
  endfacet
  facet normal 0 0 -1
    outer loop
      vertex -33.56217956542969 -51.13139724731445 -7.899999618530273
      vertex -32.449745178222656 -52.581146240234375 -7.899999618530273
      vertex -32.86231231689453 -52.13090896606445 -7.899999618530273
    endloop
  endfacet
  facet normal 0 0 -1
    outer loop
      vertex -33.56217956542969 -51.13139724731445 -7.899999618530273
      vertex -32.86231231689453 -52.13090896606445 -7.899999618530273
      vertex -33.23406219482422 -51.64643096923828 -7.899999618530273
    endloop
  endfacet
  facet normal 0 0 -1
    outer loop
      vertex -30.622005462646484 -25.643787384033203 -7.899999618530273
      vertex -33.56217956542969 -51.13139724731445 -7.899999618530273
      vertex -32.71942138671875 -22.910385131835938 -7.899999618530273
    endloop
  endfacet
  facet normal 0 0 -1
    outer loop
      vertex -33.56217956542969 -51.13139724731445 -7.899999618530273
      vertex -34.570621490478516 -20.004581451416016 -7.899999618530273
      vertex -32.71942138671875 -22.910385131835938 -7.899999618530273
    endloop
  endfacet
  facet normal 0 0 -1
    outer loop
      vertex -33.56217956542969 -51.13139724731445 -7.899999618530273
      vertex -34.5916862487793 -19.971519470214844 -7.899999618530273
      vertex -34.570621490478516 -20.004581451416016 -7.899999618530273
    endloop
  endfacet
  facet normal 0 0 -1
    outer loop
      vertex -61.06217956542969 -3.5 -7.899999618530273
      vertex -34.5916862487793 -19.971519470214844 -7.899999618530273
      vertex -33.56217956542969 -51.13139724731445 -7.899999618530273
    endloop
  endfacet
  facet normal 0 0 -1
    outer loop
      vertex -34.5916862487793 -19.971519470214844 -7.899999618530273
      vertex -61.06217956542969 -3.5 -7.899999618530273
      vertex -34.60978698730469 -19.93674659729004 -7.899999618530273
    endloop
  endfacet
  facet normal 0 0 -1
    outer loop
      vertex -34.60978698730469 -19.93674659729004 -7.899999618530273
      vertex -61.06217956542969 -3.5 -7.899999618530273
      vertex -36.20068359375 -16.880657196044922 -7.899999618530273
    endloop
  endfacet
  facet normal 0 0 -1
    outer loop
      vertex -36.20068359375 -16.880657196044922 -7.899999618530273
      vertex -61.06217956542969 -3.5 -7.899999618530273
      vertex -37.5191764831543 -13.697541236877441 -7.899999618530273
    endloop
  endfacet
  facet normal 0 0 -1
    outer loop
      vertex -37.5191764831543 -13.697541236877441 -7.899999618530273
      vertex -61.06217956542969 -3.5 -7.899999618530273
      vertex -37.534175872802734 -13.661322593688965 -7.899999618530273
    endloop
  endfacet
  facet normal 0 0 -1
    outer loop
      vertex -37.534175872802734 -13.661322593688965 -7.899999618530273
      vertex -61.06217956542969 -3.5 -7.899999618530273
      vertex -38.570220947265625 -10.375406265258789 -7.899999618530273
    endloop
  endfacet
  facet normal 0 0 -1
    outer loop
      vertex -38.570220947265625 -10.375406265258789 -7.899999618530273
      vertex -61.06217956542969 -3.5 -7.899999618530273
      vertex -38.58201217651367 -10.338018417358398 -7.899999618530273
    endloop
  endfacet
  facet normal 0 0 -1
    outer loop
      vertex -38.58201217651367 -10.338018417358398 -7.899999618530273
      vertex -61.06217956542969 -3.5 -7.899999618530273
      vertex -39.327728271484375 -6.974308490753174 -7.899999618530273
    endloop
  endfacet
  facet normal 0 0 -1
    outer loop
      vertex -39.327728271484375 -6.974308490753174 -7.899999618530273
      vertex -61.06217956542969 -3.5 -7.899999618530273
      vertex -39.336212158203125 -6.93603515625 -7.899999618530273
    endloop
  endfacet
  facet normal 0 0 -1
    outer loop
      vertex -39.336212158203125 -6.93603515625 -7.899999618530273
      vertex -61.06217956542969 -3.5 -7.899999618530273
      vertex -39.785926818847656 -3.5201313495635986 -7.899999618530273
    endloop
  endfacet
  facet normal 0 0 -1
    outer loop
      vertex -61.06217956542969 -3.5 -7.899999618530273
      vertex -39.79275131225586 -3.4420993328094482 -7.899999618530273
      vertex -39.79104232788086 -3.481264352798462 -7.899999618530273
    endloop
  endfacet
  facet normal 0 0 -1
    outer loop
      vertex -39.79275131225586 -3.4420993328094482 -7.899999618530273
      vertex -61.06217956542969 -3.5 -7.899999618530273
      vertex -39.94303894042969 0 -7.899999618530273
    endloop
  endfacet
  facet normal 0 0 -1
    outer loop
      vertex -39.785926818847656 -3.5201313495635986 -7.899999618530273
      vertex -61.06217956542969 -3.5 -7.899999618530273
      vertex -39.79104232788086 -3.481264352798462 -7.899999618530273
    endloop
  endfacet
  facet normal 0 0 -1
    outer loop
      vertex 39.79275131225586 3.4420993328094482 -7.899999618530273
      vertex 61.06217956542969 3.5 -7.899999618530273
      vertex 39.94303894042969 0 -7.899999618530273
    endloop
  endfacet
  facet normal 0 0 -1
    outer loop
      vertex 39.79104232788086 3.481264352798462 -7.899999618530273
      vertex 61.06217956542969 3.5 -7.899999618530273
      vertex 39.79275131225586 3.4420993328094482 -7.899999618530273
    endloop
  endfacet
  facet normal 0 0 -1
    outer loop
      vertex 39.785926818847656 3.5201313495635986 -7.899999618530273
      vertex 61.06217956542969 3.5 -7.899999618530273
      vertex 39.79104232788086 3.481264352798462 -7.899999618530273
    endloop
  endfacet
  facet normal 0 0 -1
    outer loop
      vertex 39.336212158203125 6.93603515625 -7.899999618530273
      vertex 61.06217956542969 3.5 -7.899999618530273
      vertex 39.785926818847656 3.5201313495635986 -7.899999618530273
    endloop
  endfacet
  facet normal 0 0 -1
    outer loop
      vertex 39.327728271484375 6.974308490753174 -7.899999618530273
      vertex 61.06217956542969 3.5 -7.899999618530273
      vertex 39.336212158203125 6.93603515625 -7.899999618530273
    endloop
  endfacet
  facet normal 0 0 -1
    outer loop
      vertex 38.58201217651367 10.338018417358398 -7.899999618530273
      vertex 61.06217956542969 3.5 -7.899999618530273
      vertex 39.327728271484375 6.974308490753174 -7.899999618530273
    endloop
  endfacet
  facet normal 0 0 -1
    outer loop
      vertex 38.570220947265625 10.375406265258789 -7.899999618530273
      vertex 61.06217956542969 3.5 -7.899999618530273
      vertex 38.58201217651367 10.338018417358398 -7.899999618530273
    endloop
  endfacet
  facet normal 0 0 -1
    outer loop
      vertex 37.534175872802734 13.661322593688965 -7.899999618530273
      vertex 61.06217956542969 3.5 -7.899999618530273
      vertex 38.570220947265625 10.375406265258789 -7.899999618530273
    endloop
  endfacet
  facet normal 0 0 -1
    outer loop
      vertex 37.5191764831543 13.697541236877441 -7.899999618530273
      vertex 61.06217956542969 3.5 -7.899999618530273
      vertex 37.534175872802734 13.661322593688965 -7.899999618530273
    endloop
  endfacet
  facet normal 0 0 -1
    outer loop
      vertex 36.20068359375 16.880657196044922 -7.899999618530273
      vertex 61.06217956542969 3.5 -7.899999618530273
      vertex 37.5191764831543 13.697541236877441 -7.899999618530273
    endloop
  endfacet
  facet normal 0 0 -1
    outer loop
      vertex 34.60978698730469 19.93674659729004 -7.899999618530273
      vertex 61.06217956542969 3.5 -7.899999618530273
      vertex 36.20068359375 16.880657196044922 -7.899999618530273
    endloop
  endfacet
  facet normal 0 0 -1
    outer loop
      vertex 34.5916862487793 19.971519470214844 -7.899999618530273
      vertex 61.06217956542969 3.5 -7.899999618530273
      vertex 34.60978698730469 19.93674659729004 -7.899999618530273
    endloop
  endfacet
  facet normal 0 0 -1
    outer loop
      vertex 33.56217956542969 51.13139724731445 -7.899999618530273
      vertex 34.5916862487793 19.971519470214844 -7.899999618530273
      vertex 34.570621490478516 20.004581451416016 -7.899999618530273
    endloop
  endfacet
  facet normal 0 0 -1
    outer loop
      vertex 34.5916862487793 19.971519470214844 -7.899999618530273
      vertex 33.56217956542969 51.13139724731445 -7.899999618530273
      vertex 61.06217956542969 3.5 -7.899999618530273
    endloop
  endfacet
  facet normal 0 0 -1
    outer loop
      vertex 32.71942138671875 22.910385131835938 -7.899999618530273
      vertex 33.56217956542969 51.13139724731445 -7.899999618530273
      vertex 34.570621490478516 20.004581451416016 -7.899999618530273
    endloop
  endfacet
  facet normal 0 0 -1
    outer loop
      vertex 30.622005462646484 25.643787384033203 -7.899999618530273
      vertex 33.56217956542969 51.13139724731445 -7.899999618530273
      vertex 32.71942138671875 22.910385131835938 -7.899999618530273
    endloop
  endfacet
  facet normal 0 0 -1
    outer loop
      vertex 30.598140716552734 25.674888610839844 -7.899999618530273
      vertex 33.56217956542969 51.13139724731445 -7.899999618530273
      vertex 30.622005462646484 25.643787384033203 -7.899999618530273
    endloop
  endfacet
  facet normal 0 0 -1
    outer loop
      vertex 28.270477294921875 28.215089797973633 -7.899999618530273
      vertex 33.56217956542969 51.13139724731445 -7.899999618530273
      vertex 30.598140716552734 25.674888610839844 -7.899999618530273
    endloop
  endfacet
  facet normal 0 0 -1
    outer loop
      vertex 28.243993759155273 28.243993759155273 -7.899999618530273
      vertex 33.56217956542969 51.13139724731445 -7.899999618530273
      vertex 28.270477294921875 28.215089797973633 -7.899999618530273
    endloop
  endfacet
  facet normal 0 0 -1
    outer loop
      vertex 28.215089797973633 28.270477294921875 -7.899999618530273
      vertex 33.56217956542969 51.13139724731445 -7.899999618530273
      vertex 28.243993759155273 28.243993759155273 -7.899999618530273
    endloop
  endfacet
  facet normal 0 0 -1
    outer loop
      vertex 25.674888610839844 30.598140716552734 -7.899999618530273
      vertex 33.56217956542969 51.13139724731445 -7.899999618530273
      vertex 28.215089797973633 28.270477294921875 -7.899999618530273
    endloop
  endfacet
  facet normal 0 0 -1
    outer loop
      vertex 25.643787384033203 30.622005462646484 -7.899999618530273
      vertex 33.56217956542969 51.13139724731445 -7.899999618530273
      vertex 25.674888610839844 30.598140716552734 -7.899999618530273
    endloop
  endfacet
  facet normal 0 0 -1
    outer loop
      vertex 22.910385131835938 32.71942138671875 -7.899999618530273
      vertex 33.56217956542969 51.13139724731445 -7.899999618530273
      vertex 25.643787384033203 30.622005462646484 -7.899999618530273
    endloop
  endfacet
  facet normal 0 0 -1
    outer loop
      vertex 20.004581451416016 34.570621490478516 -7.899999618530273
      vertex 33.56217956542969 51.13139724731445 -7.899999618530273
      vertex 22.910385131835938 32.71942138671875 -7.899999618530273
    endloop
  endfacet
  facet normal 0 0 -1
    outer loop
      vertex 19.971519470214844 34.5916862487793 -7.899999618530273
      vertex 33.56217956542969 51.13139724731445 -7.899999618530273
      vertex 20.004581451416016 34.570621490478516 -7.899999618530273
    endloop
  endfacet
  facet normal 0 0 -1
    outer loop
      vertex 27.5 54.63139724731445 -7.899999618530273
      vertex 33.56217956542969 51.13139724731445 -7.899999618530273
      vertex 19.971519470214844 34.5916862487793 -7.899999618530273
    endloop
  endfacet
  facet normal 0 0 -1
    outer loop
      vertex 33.56217956542969 51.13139724731445 -7.899999618530273
      vertex 27.5 54.63139724731445 -7.899999618530273
      vertex 33.23406219482422 51.64643096923828 -7.899999618530273
    endloop
  endfacet
  facet normal 0 0 -1
    outer loop
      vertex 32.86231231689453 52.13090896606445 -7.899999618530273
      vertex 27.5 54.63139724731445 -7.899999618530273
      vertex 32.449745178222656 52.581146240234375 -7.899999618530273
    endloop
  endfacet
  facet normal 0 0 -1
    outer loop
      vertex 32.449745178222656 52.581146240234375 -7.899999618530273
      vertex 27.5 54.63139724731445 -7.899999618530273
      vertex 31.99951171875 52.99370574951172 -7.899999618530273
    endloop
  endfacet
  facet normal 0 0 -1
    outer loop
      vertex 31.99951171875 52.99370574951172 -7.899999618530273
      vertex 27.5 54.63139724731445 -7.899999618530273
      vertex 31.515033721923828 53.36546325683594 -7.899999618530273
    endloop
  endfacet
  facet normal 0 0 -1
    outer loop
      vertex 31.515033721923828 53.36546325683594 -7.899999618530273
      vertex 27.5 54.63139724731445 -7.899999618530273
      vertex 31 53.693572998046875 -7.899999618530273
    endloop
  endfacet
  facet normal 0 0 -1
    outer loop
      vertex 31 53.693572998046875 -7.899999618530273
      vertex 27.5 54.63139724731445 -7.899999618530273
      vertex 30.458328247070312 53.97555160522461 -7.899999618530273
    endloop
  endfacet
  facet normal 0 0 -1
    outer loop
      vertex 30.458328247070312 53.97555160522461 -7.899999618530273
      vertex 27.5 54.63139724731445 -7.899999618530273
      vertex 29.894140243530273 54.20924377441406 -7.899999618530273
    endloop
  endfacet
  facet normal 0 0 -1
    outer loop
      vertex 29.894140243530273 54.20924377441406 -7.899999618530273
      vertex 27.5 54.63139724731445 -7.899999618530273
      vertex 29.31173324584961 54.39287567138672 -7.899999618530273
    endloop
  endfacet
  facet normal 0 0 -1
    outer loop
      vertex 29.31173324584961 54.39287567138672 -7.899999618530273
      vertex 27.5 54.63139724731445 -7.899999618530273
      vertex 28.715538024902344 54.52505111694336 -7.899999618530273
    endloop
  endfacet
  facet normal 0 0 -1
    outer loop
      vertex 28.715538024902344 54.52505111694336 -7.899999618530273
      vertex 27.5 54.63139724731445 -7.899999618530273
      vertex 28.110088348388672 54.604759216308594 -7.899999618530273
    endloop
  endfacet
  facet normal 0 0 -1
    outer loop
      vertex 33.23406219482422 51.64643096923828 -7.899999618530273
      vertex 27.5 54.63139724731445 -7.899999618530273
      vertex 32.86231231689453 52.13090896606445 -7.899999618530273
    endloop
  endfacet
  facet normal 0 0 -1
    outer loop
      vertex 19.93674659729004 34.60978698730469 -7.899999618530273
      vertex 27.5 54.63139724731445 -7.899999618530273
      vertex 19.971519470214844 34.5916862487793 -7.899999618530273
    endloop
  endfacet
  facet normal 0 0 -1
    outer loop
      vertex 16.880657196044922 36.20068359375 -7.899999618530273
      vertex 27.5 54.63139724731445 -7.899999618530273
      vertex 19.93674659729004 34.60978698730469 -7.899999618530273
    endloop
  endfacet
  facet normal 0 0 -1
    outer loop
      vertex 13.697541236877441 37.5191764831543 -7.899999618530273
      vertex 27.5 54.63139724731445 -7.899999618530273
      vertex 16.880657196044922 36.20068359375 -7.899999618530273
    endloop
  endfacet
  facet normal 0 0 -1
    outer loop
      vertex 13.661322593688965 37.534175872802734 -7.899999618530273
      vertex 27.5 54.63139724731445 -7.899999618530273
      vertex 13.697541236877441 37.5191764831543 -7.899999618530273
    endloop
  endfacet
  facet normal 0 0 -1
    outer loop
      vertex 10.375406265258789 38.570220947265625 -7.899999618530273
      vertex 27.5 54.63139724731445 -7.899999618530273
      vertex 13.661322593688965 37.534175872802734 -7.899999618530273
    endloop
  endfacet
  facet normal 0 0 -1
    outer loop
      vertex 10.338018417358398 38.58201217651367 -7.899999618530273
      vertex 27.5 54.63139724731445 -7.899999618530273
      vertex 10.375406265258789 38.570220947265625 -7.899999618530273
    endloop
  endfacet
  facet normal 0 0 -1
    outer loop
      vertex 6.974308490753174 39.327728271484375 -7.899999618530273
      vertex 27.5 54.63139724731445 -7.899999618530273
      vertex 10.338018417358398 38.58201217651367 -7.899999618530273
    endloop
  endfacet
  facet normal 0 0 -1
    outer loop
      vertex 6.93603515625 39.336212158203125 -7.899999618530273
      vertex 27.5 54.63139724731445 -7.899999618530273
      vertex 6.974308490753174 39.327728271484375 -7.899999618530273
    endloop
  endfacet
  facet normal 0 0 -1
    outer loop
      vertex 3.5201313495635986 39.785926818847656 -7.899999618530273
      vertex 27.5 54.63139724731445 -7.899999618530273
      vertex 6.93603515625 39.336212158203125 -7.899999618530273
    endloop
  endfacet
  facet normal 0 0 -1
    outer loop
      vertex 3.481264352798462 39.79104232788086 -7.899999618530273
      vertex 27.5 54.63139724731445 -7.899999618530273
      vertex 3.5201313495635986 39.785926818847656 -7.899999618530273
    endloop
  endfacet
  facet normal 0 0 -1
    outer loop
      vertex 3.4420993328094482 39.79275131225586 -7.899999618530273
      vertex 27.5 54.63139724731445 -7.899999618530273
      vertex 3.481264352798462 39.79104232788086 -7.899999618530273
    endloop
  endfacet
  facet normal 0 0 -1
    outer loop
      vertex 0 39.94303894042969 -7.899999618530273
      vertex 27.5 54.63139724731445 -7.899999618530273
      vertex 3.4420993328094482 39.79275131225586 -7.899999618530273
    endloop
  endfacet
  facet normal 0 0 -1
    outer loop
      vertex -27.5 54.63139724731445 -7.899999618530273
      vertex 0 39.94303894042969 -7.899999618530273
      vertex -3.4420993328094482 39.79275131225586 -7.899999618530273
    endloop
  endfacet
  facet normal 0 0 -1
    outer loop
      vertex -27.5 54.63139724731445 -7.899999618530273
      vertex -3.4420993328094482 39.79275131225586 -7.899999618530273
      vertex -3.481264352798462 39.79104232788086 -7.899999618530273
    endloop
  endfacet
  facet normal 0 0 -1
    outer loop
      vertex -27.5 54.63139724731445 -7.899999618530273
      vertex -3.481264352798462 39.79104232788086 -7.899999618530273
      vertex -3.5201313495635986 39.785926818847656 -7.899999618530273
    endloop
  endfacet
  facet normal 0 0 -1
    outer loop
      vertex -27.5 54.63139724731445 -7.899999618530273
      vertex -3.5201313495635986 39.785926818847656 -7.899999618530273
      vertex -6.93603515625 39.336212158203125 -7.899999618530273
    endloop
  endfacet
  facet normal 0 0 -1
    outer loop
      vertex -27.5 54.63139724731445 -7.899999618530273
      vertex -6.93603515625 39.336212158203125 -7.899999618530273
      vertex -6.974308490753174 39.327728271484375 -7.899999618530273
    endloop
  endfacet
  facet normal 0 0 -1
    outer loop
      vertex -27.5 54.63139724731445 -7.899999618530273
      vertex -6.974308490753174 39.327728271484375 -7.899999618530273
      vertex -10.338018417358398 38.58201217651367 -7.899999618530273
    endloop
  endfacet
  facet normal 0 0 -1
    outer loop
      vertex -27.5 54.63139724731445 -7.899999618530273
      vertex -10.338018417358398 38.58201217651367 -7.899999618530273
      vertex -10.375406265258789 38.570220947265625 -7.899999618530273
    endloop
  endfacet
  facet normal 0 0 -1
    outer loop
      vertex -27.5 54.63139724731445 -7.899999618530273
      vertex -10.375406265258789 38.570220947265625 -7.899999618530273
      vertex -13.661322593688965 37.534175872802734 -7.899999618530273
    endloop
  endfacet
  facet normal 0 0 -1
    outer loop
      vertex -27.5 54.63139724731445 -7.899999618530273
      vertex -13.661322593688965 37.534175872802734 -7.899999618530273
      vertex -13.697541236877441 37.5191764831543 -7.899999618530273
    endloop
  endfacet
  facet normal 0 0 -1
    outer loop
      vertex -27.5 54.63139724731445 -7.899999618530273
      vertex -13.697541236877441 37.5191764831543 -7.899999618530273
      vertex -16.880657196044922 36.20068359375 -7.899999618530273
    endloop
  endfacet
  facet normal 0 0 -1
    outer loop
      vertex -27.5 54.63139724731445 -7.899999618530273
      vertex -19.93674659729004 34.60978698730469 -7.899999618530273
      vertex -19.971519470214844 34.5916862487793 -7.899999618530273
    endloop
  endfacet
  facet normal 0 0 -1
    outer loop
      vertex -33.56217956542969 51.13139724731445 -7.899999618530273
      vertex -20.004581451416016 34.570621490478516 -7.899999618530273
      vertex -22.910385131835938 32.71942138671875 -7.899999618530273
    endloop
  endfacet
  facet normal 0 0 -1
    outer loop
      vertex -33.56217956542969 51.13139724731445 -7.899999618530273
      vertex -25.643787384033203 30.622005462646484 -7.899999618530273
      vertex -25.674888610839844 30.598140716552734 -7.899999618530273
    endloop
  endfacet
  facet normal 0 0 -1
    outer loop
      vertex 0 39.94303894042969 -7.899999618530273
      vertex -27.5 54.63139724731445 -7.899999618530273
      vertex 27.5 54.63139724731445 -7.899999618530273
    endloop
  endfacet
  facet normal 0 0 -1
    outer loop
      vertex -19.93674659729004 34.60978698730469 -7.899999618530273
      vertex -27.5 54.63139724731445 -7.899999618530273
      vertex -16.880657196044922 36.20068359375 -7.899999618530273
    endloop
  endfacet
  facet normal 0 0 -1
    outer loop
      vertex -20.004581451416016 34.570621490478516 -7.899999618530273
      vertex -33.56217956542969 51.13139724731445 -7.899999618530273
      vertex -19.971519470214844 34.5916862487793 -7.899999618530273
    endloop
  endfacet
  facet normal 0 0 -1
    outer loop
      vertex -25.643787384033203 30.622005462646484 -7.899999618530273
      vertex -33.56217956542969 51.13139724731445 -7.899999618530273
      vertex -22.910385131835938 32.71942138671875 -7.899999618530273
    endloop
  endfacet
  facet normal 0 0 -1
    outer loop
      vertex -19.971519470214844 34.5916862487793 -7.899999618530273
      vertex -33.56217956542969 51.13139724731445 -7.899999618530273
      vertex -27.5 54.63139724731445 -7.899999618530273
    endloop
  endfacet
  facet normal 0 0 -1
    outer loop
      vertex -33.56217956542969 51.13139724731445 -7.899999618530273
      vertex -25.674888610839844 30.598140716552734 -7.899999618530273
      vertex -28.215089797973633 28.270477294921875 -7.899999618530273
    endloop
  endfacet
  facet normal 0 0 -1
    outer loop
      vertex -33.56217956542969 51.13139724731445 -7.899999618530273
      vertex -28.215089797973633 28.270477294921875 -7.899999618530273
      vertex -28.243993759155273 28.243993759155273 -7.899999618530273
    endloop
  endfacet
  facet normal 0 0 -1
    outer loop
      vertex -33.56217956542969 51.13139724731445 -7.899999618530273
      vertex -28.243993759155273 28.243993759155273 -7.899999618530273
      vertex -28.270477294921875 28.215089797973633 -7.899999618530273
    endloop
  endfacet
  facet normal 0 0 -1
    outer loop
      vertex -27.5 54.63139724731445 -7.899999618530273
      vertex -33.56217956542969 51.13139724731445 -7.899999618530273
      vertex -28.110088348388672 54.604759216308594 -7.899999618530273
    endloop
  endfacet
  facet normal 0 0 -1
    outer loop
      vertex -28.110088348388672 54.604759216308594 -7.899999618530273
      vertex -33.56217956542969 51.13139724731445 -7.899999618530273
      vertex -28.715538024902344 54.52505111694336 -7.899999618530273
    endloop
  endfacet
  facet normal 0 0 -1
    outer loop
      vertex -28.715538024902344 54.52505111694336 -7.899999618530273
      vertex -33.56217956542969 51.13139724731445 -7.899999618530273
      vertex -29.31173324584961 54.39287567138672 -7.899999618530273
    endloop
  endfacet
  facet normal 0 0 -1
    outer loop
      vertex -29.31173324584961 54.39287567138672 -7.899999618530273
      vertex -33.56217956542969 51.13139724731445 -7.899999618530273
      vertex -29.894140243530273 54.20924377441406 -7.899999618530273
    endloop
  endfacet
  facet normal 0 0 -1
    outer loop
      vertex -33.56217956542969 51.13139724731445 -7.899999618530273
      vertex -28.270477294921875 28.215089797973633 -7.899999618530273
      vertex -30.598140716552734 25.674888610839844 -7.899999618530273
    endloop
  endfacet
  facet normal 0 0 -1
    outer loop
      vertex -33.56217956542969 51.13139724731445 -7.899999618530273
      vertex -30.598140716552734 25.674888610839844 -7.899999618530273
      vertex -30.622005462646484 25.643787384033203 -7.899999618530273
    endloop
  endfacet
  facet normal 0 0 -1
    outer loop
      vertex -29.894140243530273 54.20924377441406 -7.899999618530273
      vertex -33.56217956542969 51.13139724731445 -7.899999618530273
      vertex -30.458328247070312 53.97555160522461 -7.899999618530273
    endloop
  endfacet
  facet normal 0 0 -1
    outer loop
      vertex -30.458328247070312 53.97555160522461 -7.899999618530273
      vertex -33.56217956542969 51.13139724731445 -7.899999618530273
      vertex -31 53.693572998046875 -7.899999618530273
    endloop
  endfacet
  facet normal 0 0 -1
    outer loop
      vertex -31 53.693572998046875 -7.899999618530273
      vertex -33.56217956542969 51.13139724731445 -7.899999618530273
      vertex -31.515033721923828 53.36546325683594 -7.899999618530273
    endloop
  endfacet
  facet normal 0 0 -1
    outer loop
      vertex -31.515033721923828 53.36546325683594 -7.899999618530273
      vertex -33.56217956542969 51.13139724731445 -7.899999618530273
      vertex -31.99951171875 52.99370574951172 -7.899999618530273
    endloop
  endfacet
  facet normal 0 0 -1
    outer loop
      vertex -33.56217956542969 51.13139724731445 -7.899999618530273
      vertex -30.622005462646484 25.643787384033203 -7.899999618530273
      vertex -32.71942138671875 22.910385131835938 -7.899999618530273
    endloop
  endfacet
  facet normal 0 0 -1
    outer loop
      vertex -31.99951171875 52.99370574951172 -7.899999618530273
      vertex -33.56217956542969 51.13139724731445 -7.899999618530273
      vertex -32.449745178222656 52.581146240234375 -7.899999618530273
    endloop
  endfacet
  facet normal 0 0 -1
    outer loop
      vertex -32.449745178222656 52.581146240234375 -7.899999618530273
      vertex -33.56217956542969 51.13139724731445 -7.899999618530273
      vertex -32.86231231689453 52.13090896606445 -7.899999618530273
    endloop
  endfacet
  facet normal 0 0 -1
    outer loop
      vertex -32.86231231689453 52.13090896606445 -7.899999618530273
      vertex -33.56217956542969 51.13139724731445 -7.899999618530273
      vertex -33.23406219482422 51.64643096923828 -7.899999618530273
    endloop
  endfacet
  facet normal 0 0 -1
    outer loop
      vertex -34.570621490478516 20.004581451416016 -7.899999618530273
      vertex -33.56217956542969 51.13139724731445 -7.899999618530273
      vertex -32.71942138671875 22.910385131835938 -7.899999618530273
    endloop
  endfacet
  facet normal 0 0 -1
    outer loop
      vertex -34.5916862487793 19.971519470214844 -7.899999618530273
      vertex -33.56217956542969 51.13139724731445 -7.899999618530273
      vertex -34.570621490478516 20.004581451416016 -7.899999618530273
    endloop
  endfacet
  facet normal 0 0 -1
    outer loop
      vertex -61.06217956542969 3.5 -7.899999618530273
      vertex -34.5916862487793 19.971519470214844 -7.899999618530273
      vertex -34.60978698730469 19.93674659729004 -7.899999618530273
    endloop
  endfacet
  facet normal 0 0 -1
    outer loop
      vertex -61.06217956542969 3.5 -7.899999618530273
      vertex -34.60978698730469 19.93674659729004 -7.899999618530273
      vertex -36.20068359375 16.880657196044922 -7.899999618530273
    endloop
  endfacet
  facet normal 0 0 -1
    outer loop
      vertex -61.06217956542969 3.5 -7.899999618530273
      vertex -36.20068359375 16.880657196044922 -7.899999618530273
      vertex -37.5191764831543 13.697541236877441 -7.899999618530273
    endloop
  endfacet
  facet normal 0 0 -1
    outer loop
      vertex -61.06217956542969 3.5 -7.899999618530273
      vertex -37.5191764831543 13.697541236877441 -7.899999618530273
      vertex -37.534175872802734 13.661322593688965 -7.899999618530273
    endloop
  endfacet
  facet normal 0 0 -1
    outer loop
      vertex -61.06217956542969 3.5 -7.899999618530273
      vertex -37.534175872802734 13.661322593688965 -7.899999618530273
      vertex -38.570220947265625 10.375406265258789 -7.899999618530273
    endloop
  endfacet
  facet normal 0 0 -1
    outer loop
      vertex -61.06217956542969 3.5 -7.899999618530273
      vertex -38.570220947265625 10.375406265258789 -7.899999618530273
      vertex -38.58201217651367 10.338018417358398 -7.899999618530273
    endloop
  endfacet
  facet normal 0 0 -1
    outer loop
      vertex -61.06217956542969 3.5 -7.899999618530273
      vertex -38.58201217651367 10.338018417358398 -7.899999618530273
      vertex -39.327728271484375 6.974308490753174 -7.899999618530273
    endloop
  endfacet
  facet normal 0 0 -1
    outer loop
      vertex -61.06217956542969 3.5 -7.899999618530273
      vertex -39.327728271484375 6.974308490753174 -7.899999618530273
      vertex -39.336212158203125 6.93603515625 -7.899999618530273
    endloop
  endfacet
  facet normal 0 0 -1
    outer loop
      vertex -61.06217956542969 3.5 -7.899999618530273
      vertex -39.336212158203125 6.93603515625 -7.899999618530273
      vertex -39.785926818847656 3.5201313495635986 -7.899999618530273
    endloop
  endfacet
  facet normal 0 0 -1
    outer loop
      vertex -61.06217956542969 3.5 -7.899999618530273
      vertex -39.785926818847656 3.5201313495635986 -7.899999618530273
      vertex -39.79104232788086 3.481264352798462 -7.899999618530273
    endloop
  endfacet
  facet normal 0 0 -1
    outer loop
      vertex -61.06217956542969 3.5 -7.899999618530273
      vertex -39.79275131225586 3.4420993328094482 -7.899999618530273
      vertex -39.94303894042969 0 -7.899999618530273
    endloop
  endfacet
  facet normal 0 0 -1
    outer loop
      vertex -61.06217956542969 3.5 -7.899999618530273
      vertex -39.94303894042969 0 -7.899999618530273
      vertex -61.06217956542969 -3.5 -7.899999618530273
    endloop
  endfacet
  facet normal 0 0 -1
    outer loop
      vertex -39.79275131225586 3.4420993328094482 -7.899999618530273
      vertex -61.06217956542969 3.5 -7.899999618530273
      vertex -39.79104232788086 3.481264352798462 -7.899999618530273
    endloop
  endfacet
  facet normal 0 0 -1
    outer loop
      vertex -34.5916862487793 19.971519470214844 -7.899999618530273
      vertex -61.06217956542969 3.5 -7.899999618530273
      vertex -33.56217956542969 51.13139724731445 -7.899999618530273
    endloop
  endfacet
  facet normal 0 0 -1
    outer loop
      vertex -61.344154357910156 -2.958327293395996 -7.899999618530273
      vertex -61.06217956542969 3.5 -7.899999618530273
      vertex -61.06217956542969 -3.5 -7.899999618530273
    endloop
  endfacet
  facet normal 0 0 -1
    outer loop
      vertex -61.344154357910156 -2.958327293395996 -7.899999618530273
      vertex -61.344154357910156 2.958327293395996 -7.899999618530273
      vertex -61.06217956542969 3.5 -7.899999618530273
    endloop
  endfacet
  facet normal 0 0 -1
    outer loop
      vertex -61.57784652709961 -2.3941402435302734 -7.899999618530273
      vertex -61.344154357910156 2.958327293395996 -7.899999618530273
      vertex -61.344154357910156 -2.958327293395996 -7.899999618530273
    endloop
  endfacet
  facet normal 0 0 -1
    outer loop
      vertex -61.57784652709961 -2.3941402435302734 -7.899999618530273
      vertex -61.57784652709961 2.3941402435302734 -7.899999618530273
      vertex -61.344154357910156 2.958327293395996 -7.899999618530273
    endloop
  endfacet
  facet normal 0 0 -1
    outer loop
      vertex -61.76148223876953 -1.8117332458496094 -7.899999618530273
      vertex -61.57784652709961 2.3941402435302734 -7.899999618530273
      vertex -61.57784652709961 -2.3941402435302734 -7.899999618530273
    endloop
  endfacet
  facet normal 0 0 -1
    outer loop
      vertex -61.76148223876953 -1.8117332458496094 -7.899999618530273
      vertex -61.76148223876953 1.8117332458496094 -7.899999618530273
      vertex -61.57784652709961 2.3941402435302734 -7.899999618530273
    endloop
  endfacet
  facet normal 0 0 -1
    outer loop
      vertex -61.893653869628906 -1.2155370712280273 -7.899999618530273
      vertex -61.76148223876953 1.8117332458496094 -7.899999618530273
      vertex -61.76148223876953 -1.8117332458496094 -7.899999618530273
    endloop
  endfacet
  facet normal 0 0 -1
    outer loop
      vertex -61.893653869628906 -1.2155370712280273 -7.899999618530273
      vertex -61.893653869628906 1.2155370712280273 -7.899999618530273
      vertex -61.76148223876953 1.8117332458496094 -7.899999618530273
    endloop
  endfacet
  facet normal 0 0 -1
    outer loop
      vertex -61.97336196899414 -0.6100893020629883 -7.899999618530273
      vertex -61.893653869628906 1.2155370712280273 -7.899999618530273
      vertex -61.893653869628906 -1.2155370712280273 -7.899999618530273
    endloop
  endfacet
  facet normal 0 0 -1
    outer loop
      vertex -61.97336196899414 -0.6100893020629883 -7.899999618530273
      vertex -61.97336196899414 0.6100893020629883 -7.899999618530273
      vertex -61.893653869628906 1.2155370712280273 -7.899999618530273
    endloop
  endfacet
  facet normal 0 0 -1
    outer loop
      vertex -61.97336196899414 0.6100893020629883 -7.899999618530273
      vertex -61.97336196899414 -0.6100893020629883 -7.899999618530273
      vertex -62 0 -7.899999618530273
    endloop
  endfacet
  facet normal 0.7372767751169436 0.6755908205956915 0
    outer loop
      vertex 32.86231231689453 52.13090896606445 0
      vertex 32.449745178222656 52.581146240234375 -7.899999618530273
      vertex 32.449745178222656 52.581146240234375 0
    endloop
  endfacet
  facet normal 0.7372767751169436 0.6755908205956915 0
    outer loop
      vertex 32.449745178222656 52.581146240234375 -7.899999618530273
      vertex 32.86231231689453 52.13090896606445 0
      vertex 32.86231231689453 52.13090896606445 -7.899999618530273
    endloop
  endfacet
  facet normal 0.9914448486768973 0.1305262886626449 0
    outer loop
      vertex 44.82876205444336 3.9220075607299805 24
      vertex 44.316349029541016 7.8141679763793945 0
      vertex 44.316349029541016 7.8141679763793945 24
    endloop
  endfacet
  facet normal 0.9914448486768973 0.1305262886626449 0
    outer loop
      vertex 44.316349029541016 7.8141679763793945 0
      vertex 44.82876205444336 3.9220075607299805 24
      vertex 44.82876205444336 3.9220075607299805 0
    endloop
  endfacet
  facet normal 0.9990482282714649 0.04361923414787252 0
    outer loop
      vertex 45 0 24
      vertex 44.82876205444336 3.9220075607299805 0
      vertex 44.82876205444336 3.9220075607299805 24
    endloop
  endfacet
  facet normal 0.9990482282714649 0.04361923414787252 0
    outer loop
      vertex 44.82876205444336 3.9220075607299805 0
      vertex 45 0 24
      vertex 45 0 0
    endloop
  endfacet
  facet normal 0.5372998341054233 0.8433913019887535 0
    outer loop
      vertex 25.81093978881836 36.861839294433594 0
      vertex 22.5 38.97114181518555 24
      vertex 25.81093978881836 36.861839294433594 24
    endloop
  endfacet
  facet normal 0.5372998341054233 0.8433913019887535 0
    outer loop
      vertex 22.5 38.97114181518555 24
      vertex 25.81093978881836 36.861839294433594 0
      vertex 22.5 38.97114181518555 0
    endloop
  endfacet
  facet normal 0.7372773924583998 0.6755901468862189 0
    outer loop
      vertex 34.47200012207031 28.92544174194336 24
      vertex 31.819805145263672 31.819805145263672 0
      vertex 31.819805145263672 31.819805145263672 24
    endloop
  endfacet
  facet normal 0.7372773924583998 0.6755901468862189 0
    outer loop
      vertex 31.819805145263672 31.819805145263672 0
      vertex 34.47200012207031 28.92544174194336 24
      vertex 34.47200012207031 28.92544174194336 0
    endloop
  endfacet
  facet normal -0.9238797348996542 0.3826829437559826 0
    outer loop
      vertex -42.28616714477539 15.39090633392334 0
      vertex -40.783851623535156 19.017822265625 24
      vertex -40.783851623535156 19.017822265625 0
    endloop
  endfacet
  facet normal -0.9238797348996542 0.3826829437559826 0
    outer loop
      vertex -40.783851623535156 19.017822265625 24
      vertex -42.28616714477539 15.39090633392334 0
      vertex -42.28616714477539 15.39090633392334 24
    endloop
  endfacet
  facet normal 0.6755901468862189 -0.7372773924583998 0
    outer loop
      vertex 28.92544174194336 -34.47200012207031 0
      vertex 31.819805145263672 -31.819805145263672 24
      vertex 28.92544174194336 -34.47200012207031 24
    endloop
  endfacet
  facet normal 0.6755901468862189 -0.7372773924583998 0
    outer loop
      vertex 31.819805145263672 -31.819805145263672 24
      vertex 28.92544174194336 -34.47200012207031 0
      vertex 31.819805145263672 -31.819805145263672 0
    endloop
  endfacet
  facet normal -0.5372998341054233 -0.8433913019887535 0
    outer loop
      vertex -25.81093978881836 -36.861839294433594 0
      vertex -22.5 -38.97114181518555 24
      vertex -25.81093978881836 -36.861839294433594 24
    endloop
  endfacet
  facet normal -0.5372998341054233 -0.8433913019887535 0
    outer loop
      vertex -22.5 -38.97114181518555 24
      vertex -25.81093978881836 -36.861839294433594 0
      vertex -22.5 -38.97114181518555 0
    endloop
  endfacet
  facet normal -0.9914448486768973 0.1305262886626449 0
    outer loop
      vertex -44.82876205444336 3.9220075607299805 0
      vertex -44.316349029541016 7.8141679763793945 24
      vertex -44.316349029541016 7.8141679763793945 0
    endloop
  endfacet
  facet normal -0.9914448486768973 0.1305262886626449 0
    outer loop
      vertex -44.316349029541016 7.8141679763793945 24
      vertex -44.82876205444336 3.9220075607299805 0
      vertex -44.82876205444336 3.9220075607299805 24
    endloop
  endfacet
  facet normal 0.9762958490337988 0.21644032701734184 0
    outer loop
      vertex 44.316349029541016 7.8141679763793945 24
      vertex 43.46665954589844 11.646856307983398 0
      vertex 43.46665954589844 11.646856307983398 24
    endloop
  endfacet
  facet normal 0.9762958490337988 0.21644032701734184 0
    outer loop
      vertex 43.46665954589844 11.646856307983398 0
      vertex 44.316349029541016 7.8141679763793945 24
      vertex 44.316349029541016 7.8141679763793945 0
    endloop
  endfacet
  facet normal 0.608761071414104 -0.7933536146831073 0
    outer loop
      vertex 25.81093978881836 -36.861839294433594 0
      vertex 28.92544174194336 -34.47200012207031 24
      vertex 25.81093978881836 -36.861839294433594 24
    endloop
  endfacet
  facet normal 0.608761071414104 -0.7933536146831073 0
    outer loop
      vertex 28.92544174194336 -34.47200012207031 24
      vertex 25.81093978881836 -36.861839294433594 0
      vertex 28.92544174194336 -34.47200012207031 0
    endloop
  endfacet
  facet normal -0.30070532741191114 -0.9537170995982485 0
    outer loop
      vertex -15.39090633392334 -42.28616714477539 0
      vertex -11.646856307983398 -43.46665954589844 24
      vertex -15.39090633392334 -42.28616714477539 24
    endloop
  endfacet
  facet normal -0.30070532741191114 -0.9537170995982485 0
    outer loop
      vertex -11.646856307983398 -43.46665954589844 24
      vertex -15.39090633392334 -42.28616714477539 0
      vertex -11.646856307983398 -43.46665954589844 0
    endloop
  endfacet
  facet normal 0.8433913019887535 0.5372998341054233 0
    outer loop
      vertex 38.97114181518555 22.5 24
      vertex 36.861839294433594 25.81093978881836 0
      vertex 36.861839294433594 25.81093978881836 24
    endloop
  endfacet
  facet normal 0.8433913019887535 0.5372998341054233 0
    outer loop
      vertex 36.861839294433594 25.81093978881836 0
      vertex 38.97114181518555 22.5 24
      vertex 38.97114181518555 22.5 0
    endloop
  endfacet
  facet normal 0.608761071414104 0.7933536146831073 0
    outer loop
      vertex 28.92544174194336 34.47200012207031 0
      vertex 25.81093978881836 36.861839294433594 24
      vertex 28.92544174194336 34.47200012207031 24
    endloop
  endfacet
  facet normal 0.608761071414104 0.7933536146831073 0
    outer loop
      vertex 25.81093978881836 36.861839294433594 24
      vertex 28.92544174194336 34.47200012207031 0
      vertex 25.81093978881836 36.861839294433594 0
    endloop
  endfacet
  facet normal 0.8433913019887535 -0.5372998341054233 0
    outer loop
      vertex 36.861839294433594 -25.81093978881836 24
      vertex 38.97114181518555 -22.5 0
      vertex 38.97114181518555 -22.5 24
    endloop
  endfacet
  facet normal 0.8433913019887535 -0.5372998341054233 0
    outer loop
      vertex 38.97114181518555 -22.5 0
      vertex 36.861839294433594 -25.81093978881836 24
      vertex 36.861839294433594 -25.81093978881836 0
    endloop
  endfacet
  facet normal -0.7372773924583998 0.6755901468862189 0
    outer loop
      vertex -34.47200012207031 28.92544174194336 0
      vertex -31.819805145263672 31.819805145263672 24
      vertex -31.819805145263672 31.819805145263672 0
    endloop
  endfacet
  facet normal -0.7372773924583998 0.6755901468862189 0
    outer loop
      vertex -31.819805145263672 31.819805145263672 24
      vertex -34.47200012207031 28.92544174194336 0
      vertex -34.47200012207031 28.92544174194336 24
    endloop
  endfacet
  facet normal 0.9990482282714649 -0.04361923414787252 0
    outer loop
      vertex 44.82876205444336 -3.9220075607299805 24
      vertex 45 0 0
      vertex 45 0 24
    endloop
  endfacet
  facet normal 0.9990482282714649 -0.04361923414787252 0
    outer loop
      vertex 45 0 0
      vertex 44.82876205444336 -3.9220075607299805 24
      vertex 44.82876205444336 -3.9220075607299805 0
    endloop
  endfacet
  facet normal -0.4617491775443623 -0.8870105394171508 0
    outer loop
      vertex -22.5 -38.97114181518555 0
      vertex -19.017822265625 -40.783851623535156 24
      vertex -22.5 -38.97114181518555 24
    endloop
  endfacet
  facet normal -0.4617491775443623 -0.8870105394171508 0
    outer loop
      vertex -19.017822265625 -40.783851623535156 24
      vertex -22.5 -38.97114181518555 0
      vertex -19.017822265625 -40.783851623535156 0
    endloop
  endfacet
  facet normal 0.6755901468862189 0.7372773924583998 0
    outer loop
      vertex 31.819805145263672 31.819805145263672 0
      vertex 28.92544174194336 34.47200012207031 24
      vertex 31.819805145263672 31.819805145263672 24
    endloop
  endfacet
  facet normal 0.6755901468862189 0.7372773924583998 0
    outer loop
      vertex 28.92544174194336 34.47200012207031 24
      vertex 31.819805145263672 31.819805145263672 0
      vertex 28.92544174194336 34.47200012207031 0
    endloop
  endfacet
  facet normal 0.8870105394171508 -0.4617491775443623 0
    outer loop
      vertex 38.97114181518555 -22.5 24
      vertex 40.783851623535156 -19.017822265625 0
      vertex 40.783851623535156 -19.017822265625 24
    endloop
  endfacet
  facet normal 0.8870105394171508 -0.4617491775443623 0
    outer loop
      vertex 40.783851623535156 -19.017822265625 0
      vertex 38.97114181518555 -22.5 24
      vertex 38.97114181518555 -22.5 0
    endloop
  endfacet
  facet normal -0.9914448486768973 -0.1305262886626449 0
    outer loop
      vertex -44.316349029541016 -7.8141679763793945 0
      vertex -44.82876205444336 -3.9220075607299805 24
      vertex -44.82876205444336 -3.9220075607299805 0
    endloop
  endfacet
  facet normal -0.9914448486768973 -0.1305262886626449 0
    outer loop
      vertex -44.82876205444336 -3.9220075607299805 24
      vertex -44.316349029541016 -7.8141679763793945 0
      vertex -44.316349029541016 -7.8141679763793945 24
    endloop
  endfacet
  facet normal -0.9537170995982485 -0.30070532741191114 0
    outer loop
      vertex -42.28616714477539 -15.39090633392334 0
      vertex -43.46665954589844 -11.646856307983398 24
      vertex -43.46665954589844 -11.646856307983398 0
    endloop
  endfacet
  facet normal -0.9537170995982485 -0.30070532741191114 0
    outer loop
      vertex -43.46665954589844 -11.646856307983398 24
      vertex -42.28616714477539 -15.39090633392334 0
      vertex -42.28616714477539 -15.39090633392334 24
    endloop
  endfacet
  facet normal -0.1305262886626449 0.9914448486768973 0
    outer loop
      vertex -3.9220075607299805 44.82876205444336 0
      vertex -7.8141679763793945 44.316349029541016 24
      vertex -3.9220075607299805 44.82876205444336 24
    endloop
  endfacet
  facet normal -0.1305262886626449 0.9914448486768973 0
    outer loop
      vertex -7.8141679763793945 44.316349029541016 24
      vertex -3.9220075607299805 44.82876205444336 0
      vertex -7.8141679763793945 44.316349029541016 0
    endloop
  endfacet
  facet normal -0.8870105394171508 -0.4617491775443623 0
    outer loop
      vertex -38.97114181518555 -22.5 0
      vertex -40.783851623535156 -19.017822265625 24
      vertex -40.783851623535156 -19.017822265625 0
    endloop
  endfacet
  facet normal -0.8870105394171508 -0.4617491775443623 0
    outer loop
      vertex -40.783851623535156 -19.017822265625 24
      vertex -38.97114181518555 -22.5 0
      vertex -38.97114181518555 -22.5 24
    endloop
  endfacet
  facet normal -0.04361923414787252 -0.9990482282714649 0
    outer loop
      vertex -3.9220075607299805 -44.82876205444336 0
      vertex 0 -45 24
      vertex -3.9220075607299805 -44.82876205444336 24
    endloop
  endfacet
  facet normal -0.04361923414787252 -0.9990482282714649 0
    outer loop
      vertex 0 -45 24
      vertex -3.9220075607299805 -44.82876205444336 0
      vertex 0 -45 0
    endloop
  endfacet
  facet normal 0.04361923414787252 0.9990482282714649 0
    outer loop
      vertex 3.9220075607299805 44.82876205444336 0
      vertex 0 45 24
      vertex 3.9220075607299805 44.82876205444336 24
    endloop
  endfacet
  facet normal 0.04361923414787252 0.9990482282714649 0
    outer loop
      vertex 0 45 24
      vertex 3.9220075607299805 44.82876205444336 0
      vertex 0 45 0
    endloop
  endfacet
  facet normal -0.9238797348996542 -0.3826829437559826 0
    outer loop
      vertex -40.783851623535156 -19.017822265625 0
      vertex -42.28616714477539 -15.39090633392334 24
      vertex -42.28616714477539 -15.39090633392334 0
    endloop
  endfacet
  facet normal -0.9238797348996542 -0.3826829437559826 0
    outer loop
      vertex -42.28616714477539 -15.39090633392334 24
      vertex -40.783851623535156 -19.017822265625 0
      vertex -40.783851623535156 -19.017822265625 24
    endloop
  endfacet
  facet normal 0.9762958490337988 -0.21644032701734184 0
    outer loop
      vertex 43.46665954589844 -11.646856307983398 24
      vertex 44.316349029541016 -7.8141679763793945 0
      vertex 44.316349029541016 -7.8141679763793945 24
    endloop
  endfacet
  facet normal 0.9762958490337988 -0.21644032701734184 0
    outer loop
      vertex 44.316349029541016 -7.8141679763793945 0
      vertex 43.46665954589844 -11.646856307983398 24
      vertex 43.46665954589844 -11.646856307983398 0
    endloop
  endfacet
  facet normal 0.9914448486768973 -0.1305262886626449 0
    outer loop
      vertex 44.316349029541016 -7.8141679763793945 24
      vertex 44.82876205444336 -3.9220075607299805 0
      vertex 44.82876205444336 -3.9220075607299805 24
    endloop
  endfacet
  facet normal 0.9914448486768973 -0.1305262886626449 0
    outer loop
      vertex 44.82876205444336 -3.9220075607299805 0
      vertex 44.316349029541016 -7.8141679763793945 24
      vertex 44.316349029541016 -7.8141679763793945 0
    endloop
  endfacet
  facet normal 0.8870105394171508 0.4617491775443623 0
    outer loop
      vertex 40.783851623535156 19.017822265625 24
      vertex 38.97114181518555 22.5 0
      vertex 38.97114181518555 22.5 24
    endloop
  endfacet
  facet normal 0.8870105394171508 0.4617491775443623 0
    outer loop
      vertex 38.97114181518555 22.5 0
      vertex 40.783851623535156 19.017822265625 24
      vertex 40.783851623535156 19.017822265625 0
    endloop
  endfacet
  facet normal -0.4617491775443623 0.8870105394171508 0
    outer loop
      vertex -19.017822265625 40.783851623535156 0
      vertex -22.5 38.97114181518555 24
      vertex -19.017822265625 40.783851623535156 24
    endloop
  endfacet
  facet normal -0.4617491775443623 0.8870105394171508 0
    outer loop
      vertex -22.5 38.97114181518555 24
      vertex -19.017822265625 40.783851623535156 0
      vertex -22.5 38.97114181518555 0
    endloop
  endfacet
  facet normal 0.4617491775443623 0.8870105394171508 0
    outer loop
      vertex 22.5 38.97114181518555 0
      vertex 19.017822265625 40.783851623535156 24
      vertex 22.5 38.97114181518555 24
    endloop
  endfacet
  facet normal 0.4617491775443623 0.8870105394171508 0
    outer loop
      vertex 19.017822265625 40.783851623535156 24
      vertex 22.5 38.97114181518555 0
      vertex 19.017822265625 40.783851623535156 0
    endloop
  endfacet
  facet normal 0.3826829437559826 -0.9238797348996542 0
    outer loop
      vertex 15.39090633392334 -42.28616714477539 0
      vertex 19.017822265625 -40.783851623535156 24
      vertex 15.39090633392334 -42.28616714477539 24
    endloop
  endfacet
  facet normal 0.3826829437559826 -0.9238797348996542 0
    outer loop
      vertex 19.017822265625 -40.783851623535156 24
      vertex 15.39090633392334 -42.28616714477539 0
      vertex 19.017822265625 -40.783851623535156 0
    endloop
  endfacet
  facet normal 0.9238797348996542 0.3826829437559826 0
    outer loop
      vertex 42.28616714477539 15.39090633392334 24
      vertex 40.783851623535156 19.017822265625 0
      vertex 40.783851623535156 19.017822265625 24
    endloop
  endfacet
  facet normal 0.9238797348996542 0.3826829437559826 0
    outer loop
      vertex 40.783851623535156 19.017822265625 0
      vertex 42.28616714477539 15.39090633392334 24
      vertex 42.28616714477539 15.39090633392334 0
    endloop
  endfacet
  facet normal 0.7933536146831073 0.608761071414104 0
    outer loop
      vertex 36.861839294433594 25.81093978881836 24
      vertex 34.47200012207031 28.92544174194336 0
      vertex 34.47200012207031 28.92544174194336 24
    endloop
  endfacet
  facet normal 0.7933536146831073 0.608761071414104 0
    outer loop
      vertex 34.47200012207031 28.92544174194336 0
      vertex 36.861839294433594 25.81093978881836 24
      vertex 36.861839294433594 25.81093978881836 0
    endloop
  endfacet
  facet normal -0.9990482282714649 -0.04361923414787252 0
    outer loop
      vertex -44.82876205444336 -3.9220075607299805 0
      vertex -45 0 24
      vertex -45 0 0
    endloop
  endfacet
  facet normal -0.9990482282714649 -0.04361923414787252 0
    outer loop
      vertex -45 0 24
      vertex -44.82876205444336 -3.9220075607299805 0
      vertex -44.82876205444336 -3.9220075607299805 24
    endloop
  endfacet
  facet normal 0.7933536146831073 -0.608761071414104 0
    outer loop
      vertex 34.47200012207031 -28.92544174194336 24
      vertex 36.861839294433594 -25.81093978881836 0
      vertex 36.861839294433594 -25.81093978881836 24
    endloop
  endfacet
  facet normal 0.7933536146831073 -0.608761071414104 0
    outer loop
      vertex 36.861839294433594 -25.81093978881836 0
      vertex 34.47200012207031 -28.92544174194336 24
      vertex 34.47200012207031 -28.92544174194336 0
    endloop
  endfacet
  facet normal -0.6755901468862189 -0.7372773924583998 0
    outer loop
      vertex -31.819805145263672 -31.819805145263672 0
      vertex -28.92544174194336 -34.47200012207031 24
      vertex -31.819805145263672 -31.819805145263672 24
    endloop
  endfacet
  facet normal -0.6755901468862189 -0.7372773924583998 0
    outer loop
      vertex -28.92544174194336 -34.47200012207031 24
      vertex -31.819805145263672 -31.819805145263672 0
      vertex -28.92544174194336 -34.47200012207031 0
    endloop
  endfacet
  facet normal -0.9990482282714649 0.04361923414787252 0
    outer loop
      vertex -45 0 0
      vertex -44.82876205444336 3.9220075607299805 24
      vertex -44.82876205444336 3.9220075607299805 0
    endloop
  endfacet
  facet normal -0.9990482282714649 0.04361923414787252 0
    outer loop
      vertex -44.82876205444336 3.9220075607299805 24
      vertex -45 0 0
      vertex -45 0 24
    endloop
  endfacet
  facet normal -0.9762958490337988 0.21644032701734184 0
    outer loop
      vertex -44.316349029541016 7.8141679763793945 0
      vertex -43.46665954589844 11.646856307983398 24
      vertex -43.46665954589844 11.646856307983398 0
    endloop
  endfacet
  facet normal -0.9762958490337988 0.21644032701734184 0
    outer loop
      vertex -43.46665954589844 11.646856307983398 24
      vertex -44.316349029541016 7.8141679763793945 0
      vertex -44.316349029541016 7.8141679763793945 24
    endloop
  endfacet
  facet normal -0.608761071414104 0.7933536146831073 0
    outer loop
      vertex -25.81093978881836 36.861839294433594 0
      vertex -28.92544174194336 34.47200012207031 24
      vertex -25.81093978881836 36.861839294433594 24
    endloop
  endfacet
  facet normal -0.608761071414104 0.7933536146831073 0
    outer loop
      vertex -28.92544174194336 34.47200012207031 24
      vertex -25.81093978881836 36.861839294433594 0
      vertex -28.92544174194336 34.47200012207031 0
    endloop
  endfacet
  facet normal 0.5372998341054233 -0.8433913019887535 0
    outer loop
      vertex 22.5 -38.97114181518555 0
      vertex 25.81093978881836 -36.861839294433594 24
      vertex 22.5 -38.97114181518555 24
    endloop
  endfacet
  facet normal 0.5372998341054233 -0.8433913019887535 0
    outer loop
      vertex 25.81093978881836 -36.861839294433594 24
      vertex 22.5 -38.97114181518555 0
      vertex 25.81093978881836 -36.861839294433594 0
    endloop
  endfacet
  facet normal 0.30070532741191114 0.9537170995982485 0
    outer loop
      vertex 15.39090633392334 42.28616714477539 0
      vertex 11.646856307983398 43.46665954589844 24
      vertex 15.39090633392334 42.28616714477539 24
    endloop
  endfacet
  facet normal 0.30070532741191114 0.9537170995982485 0
    outer loop
      vertex 11.646856307983398 43.46665954589844 24
      vertex 15.39090633392334 42.28616714477539 0
      vertex 11.646856307983398 43.46665954589844 0
    endloop
  endfacet
  facet normal -0.3826829437559826 0.9238797348996542 0
    outer loop
      vertex -15.39090633392334 42.28616714477539 0
      vertex -19.017822265625 40.783851623535156 24
      vertex -15.39090633392334 42.28616714477539 24
    endloop
  endfacet
  facet normal -0.3826829437559826 0.9238797348996542 0
    outer loop
      vertex -19.017822265625 40.783851623535156 24
      vertex -15.39090633392334 42.28616714477539 0
      vertex -19.017822265625 40.783851623535156 0
    endloop
  endfacet
  facet normal 0.04361923414787252 -0.9990482282714649 0
    outer loop
      vertex 0 -45 0
      vertex 3.9220075607299805 -44.82876205444336 24
      vertex 0 -45 24
    endloop
  endfacet
  facet normal 0.04361923414787252 -0.9990482282714649 0
    outer loop
      vertex 3.9220075607299805 -44.82876205444336 24
      vertex 0 -45 0
      vertex 3.9220075607299805 -44.82876205444336 0
    endloop
  endfacet
  facet normal 0.9238797348996542 -0.3826829437559826 0
    outer loop
      vertex 40.783851623535156 -19.017822265625 24
      vertex 42.28616714477539 -15.39090633392334 0
      vertex 42.28616714477539 -15.39090633392334 24
    endloop
  endfacet
  facet normal 0.9238797348996542 -0.3826829437559826 0
    outer loop
      vertex 42.28616714477539 -15.39090633392334 0
      vertex 40.783851623535156 -19.017822265625 24
      vertex 40.783851623535156 -19.017822265625 0
    endloop
  endfacet
  facet normal -0.7372773924583998 -0.6755901468862189 0
    outer loop
      vertex -31.819805145263672 -31.819805145263672 0
      vertex -34.47200012207031 -28.92544174194336 24
      vertex -34.47200012207031 -28.92544174194336 0
    endloop
  endfacet
  facet normal -0.7372773924583998 -0.6755901468862189 0
    outer loop
      vertex -34.47200012207031 -28.92544174194336 24
      vertex -31.819805145263672 -31.819805145263672 0
      vertex -31.819805145263672 -31.819805145263672 24
    endloop
  endfacet
  facet normal 0.9537170995982485 -0.30070532741191114 0
    outer loop
      vertex 42.28616714477539 -15.39090633392334 24
      vertex 43.46665954589844 -11.646856307983398 0
      vertex 43.46665954589844 -11.646856307983398 24
    endloop
  endfacet
  facet normal 0.9537170995982485 -0.30070532741191114 0
    outer loop
      vertex 43.46665954589844 -11.646856307983398 0
      vertex 42.28616714477539 -15.39090633392334 24
      vertex 42.28616714477539 -15.39090633392334 0
    endloop
  endfacet
  facet normal 0 0 1
    outer loop
      vertex 43.5 0 24
      vertex 45 0 24
      vertex 44.82876205444336 3.9220075607299805 24
    endloop
  endfacet
  facet normal 0 0 1
    outer loop
      vertex 43.334468841552734 3.791274070739746 24
      vertex 44.82876205444336 3.9220075607299805 24
      vertex 44.316349029541016 7.8141679763793945 24
    endloop
  endfacet
  facet normal 0 0 1
    outer loop
      vertex 45 0 24
      vertex 43.5 0 24
      vertex 44.82876205444336 -3.9220075607299805 24
    endloop
  endfacet
  facet normal 0 0 1
    outer loop
      vertex 43.334468841552734 -3.791274070739746 24
      vertex 44.82876205444336 -3.9220075607299805 24
      vertex 43.5 0 24
    endloop
  endfacet
  facet normal 0 0 1
    outer loop
      vertex 42.83913803100586 7.5536956787109375 24
      vertex 44.316349029541016 7.8141679763793945 24
      vertex 43.46665954589844 11.646856307983398 24
    endloop
  endfacet
  facet normal 0 0 1
    outer loop
      vertex 44.82876205444336 3.9220075607299805 24
      vertex 43.334468841552734 3.791274070739746 24
      vertex 43.5 0 24
    endloop
  endfacet
  facet normal 0 0 1
    outer loop
      vertex 44.316349029541016 7.8141679763793945 24
      vertex 42.83913803100586 7.5536956787109375 24
      vertex 43.334468841552734 3.791274070739746 24
    endloop
  endfacet
  facet normal 0 0 1
    outer loop
      vertex 42.01777267456055 11.258627891540527 24
      vertex 43.46665954589844 11.646856307983398 24
      vertex 42.28616714477539 15.39090633392334 24
    endloop
  endfacet
  facet normal 0 0 1
    outer loop
      vertex 43.46665954589844 11.646856307983398 24
      vertex 42.01777267456055 11.258627891540527 24
      vertex 42.83913803100586 7.5536956787109375 24
    endloop
  endfacet
  facet normal 0 0 1
    outer loop
      vertex 42.28616714477539 15.39090633392334 24
      vertex 40.87662887573242 14.877875328063965 24
      vertex 42.01777267456055 11.258627891540527 24
    endloop
  endfacet
  facet normal 0 0 1
    outer loop
      vertex 40.783851623535156 19.017822265625 24
      vertex 40.87662887573242 14.877875328063965 24
      vertex 42.28616714477539 15.39090633392334 24
    endloop
  endfacet
  facet normal 0 0 1
    outer loop
      vertex 40.783851623535156 19.017822265625 24
      vertex 39.42438888549805 18.383893966674805 24
      vertex 40.87662887573242 14.877875328063965 24
    endloop
  endfacet
  facet normal 0 0 1
    outer loop
      vertex 38.97114181518555 22.5 24
      vertex 39.42438888549805 18.383893966674805 24
      vertex 40.783851623535156 19.017822265625 24
    endloop
  endfacet
  facet normal 0 0 1
    outer loop
      vertex 38.97114181518555 22.5 24
      vertex 37.67210388183594 21.75 24
      vertex 39.42438888549805 18.383893966674805 24
    endloop
  endfacet
  facet normal 0 0 1
    outer loop
      vertex 36.861839294433594 25.81093978881836 24
      vertex 37.67210388183594 21.75 24
      vertex 38.97114181518555 22.5 24
    endloop
  endfacet
  facet normal 0 0 1
    outer loop
      vertex 36.861839294433594 25.81093978881836 24
      vertex 35.633113861083984 24.95057487487793 24
      vertex 37.67210388183594 21.75 24
    endloop
  endfacet
  facet normal 0 0 1
    outer loop
      vertex 34.47200012207031 28.92544174194336 24
      vertex 35.633113861083984 24.95057487487793 24
      vertex 36.861839294433594 25.81093978881836 24
    endloop
  endfacet
  facet normal 0 0 1
    outer loop
      vertex 34.47200012207031 28.92544174194336 24
      vertex 33.322933197021484 27.961261749267578 24
      vertex 35.633113861083984 24.95057487487793 24
    endloop
  endfacet
  facet normal 0 0 1
    outer loop
      vertex 31.819805145263672 31.819805145263672 24
      vertex 33.322933197021484 27.961261749267578 24
      vertex 34.47200012207031 28.92544174194336 24
    endloop
  endfacet
  facet normal 0 0 1
    outer loop
      vertex 31.819805145263672 31.819805145263672 24
      vertex 30.759143829345703 30.759143829345703 24
      vertex 33.322933197021484 27.961261749267578 24
    endloop
  endfacet
  facet normal 0 0 1
    outer loop
      vertex 28.92544174194336 34.47200012207031 24
      vertex 30.759143829345703 30.759143829345703 24
      vertex 31.819805145263672 31.819805145263672 24
    endloop
  endfacet
  facet normal 0 0 1
    outer loop
      vertex 28.92544174194336 34.47200012207031 24
      vertex 27.961261749267578 33.322933197021484 24
      vertex 30.759143829345703 30.759143829345703 24
    endloop
  endfacet
  facet normal 0 0 1
    outer loop
      vertex 25.81093978881836 36.861839294433594 24
      vertex 27.961261749267578 33.322933197021484 24
      vertex 28.92544174194336 34.47200012207031 24
    endloop
  endfacet
  facet normal 0 0 1
    outer loop
      vertex 25.81093978881836 36.861839294433594 24
      vertex 24.95057487487793 35.633113861083984 24
      vertex 27.961261749267578 33.322933197021484 24
    endloop
  endfacet
  facet normal 0 0 1
    outer loop
      vertex 22.5 38.97114181518555 24
      vertex 24.95057487487793 35.633113861083984 24
      vertex 25.81093978881836 36.861839294433594 24
    endloop
  endfacet
  facet normal 0 0 1
    outer loop
      vertex 22.5 38.97114181518555 24
      vertex 21.75 37.67210388183594 24
      vertex 24.95057487487793 35.633113861083984 24
    endloop
  endfacet
  facet normal 0 0 1
    outer loop
      vertex 19.017822265625 40.783851623535156 24
      vertex 21.75 37.67210388183594 24
      vertex 22.5 38.97114181518555 24
    endloop
  endfacet
  facet normal 0 0 1
    outer loop
      vertex 19.017822265625 40.783851623535156 24
      vertex 18.383893966674805 39.42438888549805 24
      vertex 21.75 37.67210388183594 24
    endloop
  endfacet
  facet normal 0 0 1
    outer loop
      vertex 15.39090633392334 42.28616714477539 24
      vertex 18.383893966674805 39.42438888549805 24
      vertex 19.017822265625 40.783851623535156 24
    endloop
  endfacet
  facet normal 0 0 1
    outer loop
      vertex 15.39090633392334 42.28616714477539 24
      vertex 14.877875328063965 40.87662887573242 24
      vertex 18.383893966674805 39.42438888549805 24
    endloop
  endfacet
  facet normal 0 0 1
    outer loop
      vertex 11.646856307983398 43.46665954589844 24
      vertex 14.877875328063965 40.87662887573242 24
      vertex 15.39090633392334 42.28616714477539 24
    endloop
  endfacet
  facet normal 0 0 1
    outer loop
      vertex 11.646856307983398 43.46665954589844 24
      vertex 11.258627891540527 42.01777267456055 24
      vertex 14.877875328063965 40.87662887573242 24
    endloop
  endfacet
  facet normal 0 0 1
    outer loop
      vertex 7.8141679763793945 44.316349029541016 24
      vertex 11.258627891540527 42.01777267456055 24
      vertex 11.646856307983398 43.46665954589844 24
    endloop
  endfacet
  facet normal 0 0 1
    outer loop
      vertex 7.8141679763793945 44.316349029541016 24
      vertex 7.5536956787109375 42.83913803100586 24
      vertex 11.258627891540527 42.01777267456055 24
    endloop
  endfacet
  facet normal 0 0 1
    outer loop
      vertex 3.9220075607299805 44.82876205444336 24
      vertex 7.5536956787109375 42.83913803100586 24
      vertex 7.8141679763793945 44.316349029541016 24
    endloop
  endfacet
  facet normal 0 0 1
    outer loop
      vertex 3.9220075607299805 44.82876205444336 24
      vertex 3.791274070739746 43.334468841552734 24
      vertex 7.5536956787109375 42.83913803100586 24
    endloop
  endfacet
  facet normal 0 0 1
    outer loop
      vertex 0 45 24
      vertex 3.791274070739746 43.334468841552734 24
      vertex 3.9220075607299805 44.82876205444336 24
    endloop
  endfacet
  facet normal 0 0 1
    outer loop
      vertex 0 45 24
      vertex 0 43.5 24
      vertex 3.791274070739746 43.334468841552734 24
    endloop
  endfacet
  facet normal 0 0 1
    outer loop
      vertex 0 45 24
      vertex -3.791274070739746 43.334468841552734 24
      vertex 0 43.5 24
    endloop
  endfacet
  facet normal 0 0 1
    outer loop
      vertex -3.9220075607299805 44.82876205444336 24
      vertex -3.791274070739746 43.334468841552734 24
      vertex 0 45 24
    endloop
  endfacet
  facet normal 0 0 1
    outer loop
      vertex -3.9220075607299805 44.82876205444336 24
      vertex -7.5536956787109375 42.83913803100586 24
      vertex -3.791274070739746 43.334468841552734 24
    endloop
  endfacet
  facet normal 0 0 1
    outer loop
      vertex -7.8141679763793945 44.316349029541016 24
      vertex -7.5536956787109375 42.83913803100586 24
      vertex -3.9220075607299805 44.82876205444336 24
    endloop
  endfacet
  facet normal 0 0 1
    outer loop
      vertex -7.8141679763793945 44.316349029541016 24
      vertex -11.258627891540527 42.01777267456055 24
      vertex -7.5536956787109375 42.83913803100586 24
    endloop
  endfacet
  facet normal 0 0 1
    outer loop
      vertex -11.646856307983398 43.46665954589844 24
      vertex -11.258627891540527 42.01777267456055 24
      vertex -7.8141679763793945 44.316349029541016 24
    endloop
  endfacet
  facet normal 0 0 1
    outer loop
      vertex -11.646856307983398 43.46665954589844 24
      vertex -14.877875328063965 40.87662887573242 24
      vertex -11.258627891540527 42.01777267456055 24
    endloop
  endfacet
  facet normal 0 0 1
    outer loop
      vertex -15.39090633392334 42.28616714477539 24
      vertex -14.877875328063965 40.87662887573242 24
      vertex -11.646856307983398 43.46665954589844 24
    endloop
  endfacet
  facet normal 0 0 1
    outer loop
      vertex -15.39090633392334 42.28616714477539 24
      vertex -18.383893966674805 39.42438888549805 24
      vertex -14.877875328063965 40.87662887573242 24
    endloop
  endfacet
  facet normal 0 0 1
    outer loop
      vertex -19.017822265625 40.783851623535156 24
      vertex -18.383893966674805 39.42438888549805 24
      vertex -15.39090633392334 42.28616714477539 24
    endloop
  endfacet
  facet normal 0 0 1
    outer loop
      vertex -19.017822265625 40.783851623535156 24
      vertex -21.75 37.67210388183594 24
      vertex -18.383893966674805 39.42438888549805 24
    endloop
  endfacet
  facet normal 0 0 1
    outer loop
      vertex -22.5 38.97114181518555 24
      vertex -21.75 37.67210388183594 24
      vertex -19.017822265625 40.783851623535156 24
    endloop
  endfacet
  facet normal 0 0 1
    outer loop
      vertex -22.5 38.97114181518555 24
      vertex -24.95057487487793 35.633113861083984 24
      vertex -21.75 37.67210388183594 24
    endloop
  endfacet
  facet normal 0 0 1
    outer loop
      vertex -25.81093978881836 36.861839294433594 24
      vertex -24.95057487487793 35.633113861083984 24
      vertex -22.5 38.97114181518555 24
    endloop
  endfacet
  facet normal 0 0 1
    outer loop
      vertex -25.81093978881836 36.861839294433594 24
      vertex -27.961261749267578 33.322933197021484 24
      vertex -24.95057487487793 35.633113861083984 24
    endloop
  endfacet
  facet normal 0 0 1
    outer loop
      vertex -28.92544174194336 34.47200012207031 24
      vertex -27.961261749267578 33.322933197021484 24
      vertex -25.81093978881836 36.861839294433594 24
    endloop
  endfacet
  facet normal 0 0 1
    outer loop
      vertex -28.92544174194336 34.47200012207031 24
      vertex -30.759143829345703 30.759143829345703 24
      vertex -27.961261749267578 33.322933197021484 24
    endloop
  endfacet
  facet normal 0 0 1
    outer loop
      vertex -31.819805145263672 31.819805145263672 24
      vertex -30.759143829345703 30.759143829345703 24
      vertex -28.92544174194336 34.47200012207031 24
    endloop
  endfacet
  facet normal 0 0 1
    outer loop
      vertex -31.819805145263672 31.819805145263672 24
      vertex -33.322933197021484 27.961261749267578 24
      vertex -30.759143829345703 30.759143829345703 24
    endloop
  endfacet
  facet normal 0 0 1
    outer loop
      vertex -34.47200012207031 28.92544174194336 24
      vertex -33.322933197021484 27.961261749267578 24
      vertex -31.819805145263672 31.819805145263672 24
    endloop
  endfacet
  facet normal 0 0 1
    outer loop
      vertex -34.47200012207031 28.92544174194336 24
      vertex -35.633113861083984 24.95057487487793 24
      vertex -33.322933197021484 27.961261749267578 24
    endloop
  endfacet
  facet normal 0 0 1
    outer loop
      vertex -36.861839294433594 25.81093978881836 24
      vertex -35.633113861083984 24.95057487487793 24
      vertex -34.47200012207031 28.92544174194336 24
    endloop
  endfacet
  facet normal 0 0 1
    outer loop
      vertex -36.861839294433594 25.81093978881836 24
      vertex -37.67210388183594 21.75 24
      vertex -35.633113861083984 24.95057487487793 24
    endloop
  endfacet
  facet normal 0 0 1
    outer loop
      vertex -38.97114181518555 22.5 24
      vertex -37.67210388183594 21.75 24
      vertex -36.861839294433594 25.81093978881836 24
    endloop
  endfacet
  facet normal 0 0 1
    outer loop
      vertex -38.97114181518555 22.5 24
      vertex -39.42438888549805 18.383893966674805 24
      vertex -37.67210388183594 21.75 24
    endloop
  endfacet
  facet normal 0 0 1
    outer loop
      vertex -40.783851623535156 19.017822265625 24
      vertex -39.42438888549805 18.383893966674805 24
      vertex -38.97114181518555 22.5 24
    endloop
  endfacet
  facet normal 0 0 1
    outer loop
      vertex -40.783851623535156 19.017822265625 24
      vertex -40.87662887573242 14.877875328063965 24
      vertex -39.42438888549805 18.383893966674805 24
    endloop
  endfacet
  facet normal 0 0 1
    outer loop
      vertex -42.28616714477539 15.39090633392334 24
      vertex -40.87662887573242 14.877875328063965 24
      vertex -40.783851623535156 19.017822265625 24
    endloop
  endfacet
  facet normal 0 0 1
    outer loop
      vertex -40.87662887573242 14.877875328063965 24
      vertex -42.28616714477539 15.39090633392334 24
      vertex -42.01777267456055 11.258627891540527 24
    endloop
  endfacet
  facet normal 0 0 1
    outer loop
      vertex -43.46665954589844 11.646856307983398 24
      vertex -42.01777267456055 11.258627891540527 24
      vertex -42.28616714477539 15.39090633392334 24
    endloop
  endfacet
  facet normal 0 0 1
    outer loop
      vertex -42.01777267456055 11.258627891540527 24
      vertex -43.46665954589844 11.646856307983398 24
      vertex -42.83913803100586 7.5536956787109375 24
    endloop
  endfacet
  facet normal 0 0 1
    outer loop
      vertex -44.316349029541016 7.8141679763793945 24
      vertex -42.83913803100586 7.5536956787109375 24
      vertex -43.46665954589844 11.646856307983398 24
    endloop
  endfacet
  facet normal 0 0 1
    outer loop
      vertex -42.83913803100586 7.5536956787109375 24
      vertex -44.316349029541016 7.8141679763793945 24
      vertex -43.334468841552734 3.791274070739746 24
    endloop
  endfacet
  facet normal 0 0 1
    outer loop
      vertex -44.82876205444336 3.9220075607299805 24
      vertex -43.334468841552734 3.791274070739746 24
      vertex -44.316349029541016 7.8141679763793945 24
    endloop
  endfacet
  facet normal 0 0 1
    outer loop
      vertex 44.82876205444336 -3.9220075607299805 24
      vertex 43.334468841552734 -3.791274070739746 24
      vertex 44.316349029541016 -7.8141679763793945 24
    endloop
  endfacet
  facet normal 0 0 1
    outer loop
      vertex 42.83913803100586 -7.5536956787109375 24
      vertex 44.316349029541016 -7.8141679763793945 24
      vertex 43.334468841552734 -3.791274070739746 24
    endloop
  endfacet
  facet normal 0 0 1
    outer loop
      vertex 44.316349029541016 -7.8141679763793945 24
      vertex 42.83913803100586 -7.5536956787109375 24
      vertex 43.46665954589844 -11.646856307983398 24
    endloop
  endfacet
  facet normal 0 0 1
    outer loop
      vertex 42.01777267456055 -11.258627891540527 24
      vertex 43.46665954589844 -11.646856307983398 24
      vertex 42.83913803100586 -7.5536956787109375 24
    endloop
  endfacet
  facet normal 0 0 1
    outer loop
      vertex 43.46665954589844 -11.646856307983398 24
      vertex 42.01777267456055 -11.258627891540527 24
      vertex 42.28616714477539 -15.39090633392334 24
    endloop
  endfacet
  facet normal 0 0 1
    outer loop
      vertex 40.87662887573242 -14.877875328063965 24
      vertex 42.28616714477539 -15.39090633392334 24
      vertex 42.01777267456055 -11.258627891540527 24
    endloop
  endfacet
  facet normal 0 0 1
    outer loop
      vertex 40.87662887573242 -14.877875328063965 24
      vertex 40.783851623535156 -19.017822265625 24
      vertex 42.28616714477539 -15.39090633392334 24
    endloop
  endfacet
  facet normal 0 0 1
    outer loop
      vertex 39.42438888549805 -18.383893966674805 24
      vertex 40.783851623535156 -19.017822265625 24
      vertex 40.87662887573242 -14.877875328063965 24
    endloop
  endfacet
  facet normal 0 0 1
    outer loop
      vertex 39.42438888549805 -18.383893966674805 24
      vertex 38.97114181518555 -22.5 24
      vertex 40.783851623535156 -19.017822265625 24
    endloop
  endfacet
  facet normal 0 0 1
    outer loop
      vertex 37.67210388183594 -21.75 24
      vertex 38.97114181518555 -22.5 24
      vertex 39.42438888549805 -18.383893966674805 24
    endloop
  endfacet
  facet normal 0 0 1
    outer loop
      vertex 37.67210388183594 -21.75 24
      vertex 36.861839294433594 -25.81093978881836 24
      vertex 38.97114181518555 -22.5 24
    endloop
  endfacet
  facet normal 0 0 1
    outer loop
      vertex 35.633113861083984 -24.95057487487793 24
      vertex 36.861839294433594 -25.81093978881836 24
      vertex 37.67210388183594 -21.75 24
    endloop
  endfacet
  facet normal 0 0 1
    outer loop
      vertex 35.633113861083984 -24.95057487487793 24
      vertex 34.47200012207031 -28.92544174194336 24
      vertex 36.861839294433594 -25.81093978881836 24
    endloop
  endfacet
  facet normal 0 0 1
    outer loop
      vertex 33.322933197021484 -27.961261749267578 24
      vertex 34.47200012207031 -28.92544174194336 24
      vertex 35.633113861083984 -24.95057487487793 24
    endloop
  endfacet
  facet normal 0 0 1
    outer loop
      vertex 33.322933197021484 -27.961261749267578 24
      vertex 31.819805145263672 -31.819805145263672 24
      vertex 34.47200012207031 -28.92544174194336 24
    endloop
  endfacet
  facet normal 0 0 1
    outer loop
      vertex 30.759143829345703 -30.759143829345703 24
      vertex 31.819805145263672 -31.819805145263672 24
      vertex 33.322933197021484 -27.961261749267578 24
    endloop
  endfacet
  facet normal 0 0 1
    outer loop
      vertex 30.759143829345703 -30.759143829345703 24
      vertex 28.92544174194336 -34.47200012207031 24
      vertex 31.819805145263672 -31.819805145263672 24
    endloop
  endfacet
  facet normal 0 0 1
    outer loop
      vertex 27.961261749267578 -33.322933197021484 24
      vertex 28.92544174194336 -34.47200012207031 24
      vertex 30.759143829345703 -30.759143829345703 24
    endloop
  endfacet
  facet normal 0 0 1
    outer loop
      vertex 27.961261749267578 -33.322933197021484 24
      vertex 25.81093978881836 -36.861839294433594 24
      vertex 28.92544174194336 -34.47200012207031 24
    endloop
  endfacet
  facet normal 0 0 1
    outer loop
      vertex 24.95057487487793 -35.633113861083984 24
      vertex 25.81093978881836 -36.861839294433594 24
      vertex 27.961261749267578 -33.322933197021484 24
    endloop
  endfacet
  facet normal 0 0 1
    outer loop
      vertex 24.95057487487793 -35.633113861083984 24
      vertex 22.5 -38.97114181518555 24
      vertex 25.81093978881836 -36.861839294433594 24
    endloop
  endfacet
  facet normal 0 0 1
    outer loop
      vertex 21.75 -37.67210388183594 24
      vertex 22.5 -38.97114181518555 24
      vertex 24.95057487487793 -35.633113861083984 24
    endloop
  endfacet
  facet normal 0 0 1
    outer loop
      vertex 21.75 -37.67210388183594 24
      vertex 19.017822265625 -40.783851623535156 24
      vertex 22.5 -38.97114181518555 24
    endloop
  endfacet
  facet normal 0 0 1
    outer loop
      vertex 18.383893966674805 -39.42438888549805 24
      vertex 19.017822265625 -40.783851623535156 24
      vertex 21.75 -37.67210388183594 24
    endloop
  endfacet
  facet normal 0 0 1
    outer loop
      vertex 18.383893966674805 -39.42438888549805 24
      vertex 15.39090633392334 -42.28616714477539 24
      vertex 19.017822265625 -40.783851623535156 24
    endloop
  endfacet
  facet normal 0 0 1
    outer loop
      vertex 14.877875328063965 -40.87662887573242 24
      vertex 15.39090633392334 -42.28616714477539 24
      vertex 18.383893966674805 -39.42438888549805 24
    endloop
  endfacet
  facet normal 0 0 1
    outer loop
      vertex 14.877875328063965 -40.87662887573242 24
      vertex 11.646856307983398 -43.46665954589844 24
      vertex 15.39090633392334 -42.28616714477539 24
    endloop
  endfacet
  facet normal 0 0 1
    outer loop
      vertex 11.258627891540527 -42.01777267456055 24
      vertex 11.646856307983398 -43.46665954589844 24
      vertex 14.877875328063965 -40.87662887573242 24
    endloop
  endfacet
  facet normal 0 0 1
    outer loop
      vertex 11.258627891540527 -42.01777267456055 24
      vertex 7.8141679763793945 -44.316349029541016 24
      vertex 11.646856307983398 -43.46665954589844 24
    endloop
  endfacet
  facet normal 0 0 1
    outer loop
      vertex 7.5536956787109375 -42.83913803100586 24
      vertex 7.8141679763793945 -44.316349029541016 24
      vertex 11.258627891540527 -42.01777267456055 24
    endloop
  endfacet
  facet normal 0 0 1
    outer loop
      vertex 7.5536956787109375 -42.83913803100586 24
      vertex 3.9220075607299805 -44.82876205444336 24
      vertex 7.8141679763793945 -44.316349029541016 24
    endloop
  endfacet
  facet normal 0 0 1
    outer loop
      vertex 3.791274070739746 -43.334468841552734 24
      vertex 3.9220075607299805 -44.82876205444336 24
      vertex 7.5536956787109375 -42.83913803100586 24
    endloop
  endfacet
  facet normal 0 0 1
    outer loop
      vertex 0 -43.5 24
      vertex 3.9220075607299805 -44.82876205444336 24
      vertex 3.791274070739746 -43.334468841552734 24
    endloop
  endfacet
  facet normal 0 0 1
    outer loop
      vertex 0 -43.5 24
      vertex 0 -45 24
      vertex 3.9220075607299805 -44.82876205444336 24
    endloop
  endfacet
  facet normal 0 0 1
    outer loop
      vertex -3.791274070739746 -43.334468841552734 24
      vertex 0 -45 24
      vertex 0 -43.5 24
    endloop
  endfacet
  facet normal 0 0 1
    outer loop
      vertex -3.791274070739746 -43.334468841552734 24
      vertex -3.9220075607299805 -44.82876205444336 24
      vertex 0 -45 24
    endloop
  endfacet
  facet normal 0 0 1
    outer loop
      vertex -7.5536956787109375 -42.83913803100586 24
      vertex -3.9220075607299805 -44.82876205444336 24
      vertex -3.791274070739746 -43.334468841552734 24
    endloop
  endfacet
  facet normal 0 0 1
    outer loop
      vertex -7.5536956787109375 -42.83913803100586 24
      vertex -7.8141679763793945 -44.316349029541016 24
      vertex -3.9220075607299805 -44.82876205444336 24
    endloop
  endfacet
  facet normal 0 0 1
    outer loop
      vertex -11.258627891540527 -42.01777267456055 24
      vertex -7.8141679763793945 -44.316349029541016 24
      vertex -7.5536956787109375 -42.83913803100586 24
    endloop
  endfacet
  facet normal 0 0 1
    outer loop
      vertex -11.258627891540527 -42.01777267456055 24
      vertex -11.646856307983398 -43.46665954589844 24
      vertex -7.8141679763793945 -44.316349029541016 24
    endloop
  endfacet
  facet normal 0 0 1
    outer loop
      vertex -14.877875328063965 -40.87662887573242 24
      vertex -11.646856307983398 -43.46665954589844 24
      vertex -11.258627891540527 -42.01777267456055 24
    endloop
  endfacet
  facet normal 0 0 1
    outer loop
      vertex -14.877875328063965 -40.87662887573242 24
      vertex -15.39090633392334 -42.28616714477539 24
      vertex -11.646856307983398 -43.46665954589844 24
    endloop
  endfacet
  facet normal 0 0 1
    outer loop
      vertex -18.383893966674805 -39.42438888549805 24
      vertex -15.39090633392334 -42.28616714477539 24
      vertex -14.877875328063965 -40.87662887573242 24
    endloop
  endfacet
  facet normal 0 0 1
    outer loop
      vertex -18.383893966674805 -39.42438888549805 24
      vertex -19.017822265625 -40.783851623535156 24
      vertex -15.39090633392334 -42.28616714477539 24
    endloop
  endfacet
  facet normal 0 0 1
    outer loop
      vertex -21.75 -37.67210388183594 24
      vertex -19.017822265625 -40.783851623535156 24
      vertex -18.383893966674805 -39.42438888549805 24
    endloop
  endfacet
  facet normal 0 0 1
    outer loop
      vertex -21.75 -37.67210388183594 24
      vertex -22.5 -38.97114181518555 24
      vertex -19.017822265625 -40.783851623535156 24
    endloop
  endfacet
  facet normal 0 0 1
    outer loop
      vertex -24.95057487487793 -35.633113861083984 24
      vertex -22.5 -38.97114181518555 24
      vertex -21.75 -37.67210388183594 24
    endloop
  endfacet
  facet normal 0 0 1
    outer loop
      vertex -24.95057487487793 -35.633113861083984 24
      vertex -25.81093978881836 -36.861839294433594 24
      vertex -22.5 -38.97114181518555 24
    endloop
  endfacet
  facet normal 0 0 1
    outer loop
      vertex -27.961261749267578 -33.322933197021484 24
      vertex -25.81093978881836 -36.861839294433594 24
      vertex -24.95057487487793 -35.633113861083984 24
    endloop
  endfacet
  facet normal 0 0 1
    outer loop
      vertex -27.961261749267578 -33.322933197021484 24
      vertex -28.92544174194336 -34.47200012207031 24
      vertex -25.81093978881836 -36.861839294433594 24
    endloop
  endfacet
  facet normal 0 0 1
    outer loop
      vertex -30.759143829345703 -30.759143829345703 24
      vertex -28.92544174194336 -34.47200012207031 24
      vertex -27.961261749267578 -33.322933197021484 24
    endloop
  endfacet
  facet normal 0 0 1
    outer loop
      vertex -30.759143829345703 -30.759143829345703 24
      vertex -31.819805145263672 -31.819805145263672 24
      vertex -28.92544174194336 -34.47200012207031 24
    endloop
  endfacet
  facet normal 0 0 1
    outer loop
      vertex -33.322933197021484 -27.961261749267578 24
      vertex -31.819805145263672 -31.819805145263672 24
      vertex -30.759143829345703 -30.759143829345703 24
    endloop
  endfacet
  facet normal 0 0 1
    outer loop
      vertex -33.322933197021484 -27.961261749267578 24
      vertex -34.47200012207031 -28.92544174194336 24
      vertex -31.819805145263672 -31.819805145263672 24
    endloop
  endfacet
  facet normal 0 0 1
    outer loop
      vertex -35.633113861083984 -24.95057487487793 24
      vertex -34.47200012207031 -28.92544174194336 24
      vertex -33.322933197021484 -27.961261749267578 24
    endloop
  endfacet
  facet normal 0 0 1
    outer loop
      vertex -35.633113861083984 -24.95057487487793 24
      vertex -36.861839294433594 -25.81093978881836 24
      vertex -34.47200012207031 -28.92544174194336 24
    endloop
  endfacet
  facet normal 0 0 1
    outer loop
      vertex -37.67210388183594 -21.75 24
      vertex -36.861839294433594 -25.81093978881836 24
      vertex -35.633113861083984 -24.95057487487793 24
    endloop
  endfacet
  facet normal 0 0 1
    outer loop
      vertex -37.67210388183594 -21.75 24
      vertex -38.97114181518555 -22.5 24
      vertex -36.861839294433594 -25.81093978881836 24
    endloop
  endfacet
  facet normal 0 0 1
    outer loop
      vertex -39.42438888549805 -18.383893966674805 24
      vertex -38.97114181518555 -22.5 24
      vertex -37.67210388183594 -21.75 24
    endloop
  endfacet
  facet normal 0 0 1
    outer loop
      vertex -39.42438888549805 -18.383893966674805 24
      vertex -40.783851623535156 -19.017822265625 24
      vertex -38.97114181518555 -22.5 24
    endloop
  endfacet
  facet normal 0 0 1
    outer loop
      vertex -40.87662887573242 -14.877875328063965 24
      vertex -40.783851623535156 -19.017822265625 24
      vertex -39.42438888549805 -18.383893966674805 24
    endloop
  endfacet
  facet normal 0 0 1
    outer loop
      vertex -42.28616714477539 -15.39090633392334 24
      vertex -40.87662887573242 -14.877875328063965 24
      vertex -42.01777267456055 -11.258627891540527 24
    endloop
  endfacet
  facet normal 0 0 1
    outer loop
      vertex -40.87662887573242 -14.877875328063965 24
      vertex -42.28616714477539 -15.39090633392334 24
      vertex -40.783851623535156 -19.017822265625 24
    endloop
  endfacet
  facet normal 0 0 1
    outer loop
      vertex -43.46665954589844 -11.646856307983398 24
      vertex -42.01777267456055 -11.258627891540527 24
      vertex -42.83913803100586 -7.5536956787109375 24
    endloop
  endfacet
  facet normal 0 0 1
    outer loop
      vertex -44.316349029541016 -7.8141679763793945 24
      vertex -42.83913803100586 -7.5536956787109375 24
      vertex -43.334468841552734 -3.791274070739746 24
    endloop
  endfacet
  facet normal 0 0 1
    outer loop
      vertex -42.01777267456055 -11.258627891540527 24
      vertex -43.46665954589844 -11.646856307983398 24
      vertex -42.28616714477539 -15.39090633392334 24
    endloop
  endfacet
  facet normal 0 0 1
    outer loop
      vertex -44.82876205444336 -3.9220075607299805 24
      vertex -43.334468841552734 -3.791274070739746 24
      vertex -43.5 0 24
    endloop
  endfacet
  facet normal 0 0 1
    outer loop
      vertex -43.334468841552734 3.791274070739746 24
      vertex -44.82876205444336 3.9220075607299805 24
      vertex -43.5 0 24
    endloop
  endfacet
  facet normal 0 0 1
    outer loop
      vertex -42.83913803100586 -7.5536956787109375 24
      vertex -44.316349029541016 -7.8141679763793945 24
      vertex -43.46665954589844 -11.646856307983398 24
    endloop
  endfacet
  facet normal 0 0 1
    outer loop
      vertex -45 0 24
      vertex -43.5 0 24
      vertex -44.82876205444336 3.9220075607299805 24
    endloop
  endfacet
  facet normal 0 0 1
    outer loop
      vertex -43.334468841552734 -3.791274070739746 24
      vertex -44.82876205444336 -3.9220075607299805 24
      vertex -44.316349029541016 -7.8141679763793945 24
    endloop
  endfacet
  facet normal 0 0 1
    outer loop
      vertex -43.5 0 24
      vertex -45 0 24
      vertex -44.82876205444336 -3.9220075607299805 24
    endloop
  endfacet
  facet normal 0.3826829437559826 0.9238797348996542 0
    outer loop
      vertex 19.017822265625 40.783851623535156 0
      vertex 15.39090633392334 42.28616714477539 24
      vertex 19.017822265625 40.783851623535156 24
    endloop
  endfacet
  facet normal 0.3826829437559826 0.9238797348996542 0
    outer loop
      vertex 15.39090633392334 42.28616714477539 24
      vertex 19.017822265625 40.783851623535156 0
      vertex 15.39090633392334 42.28616714477539 0
    endloop
  endfacet
  facet normal 0.9537170995982485 0.30070532741191114 0
    outer loop
      vertex 43.46665954589844 11.646856307983398 24
      vertex 42.28616714477539 15.39090633392334 0
      vertex 42.28616714477539 15.39090633392334 24
    endloop
  endfacet
  facet normal 0.9537170995982485 0.30070532741191114 0
    outer loop
      vertex 42.28616714477539 15.39090633392334 0
      vertex 43.46665954589844 11.646856307983398 24
      vertex 43.46665954589844 11.646856307983398 0
    endloop
  endfacet
  facet normal 0.4617491775443623 -0.8870105394171508 0
    outer loop
      vertex 19.017822265625 -40.783851623535156 0
      vertex 22.5 -38.97114181518555 24
      vertex 19.017822265625 -40.783851623535156 24
    endloop
  endfacet
  facet normal 0.4617491775443623 -0.8870105394171508 0
    outer loop
      vertex 22.5 -38.97114181518555 24
      vertex 19.017822265625 -40.783851623535156 0
      vertex 22.5 -38.97114181518555 0
    endloop
  endfacet
  facet normal 0.30070532741191114 -0.9537170995982485 0
    outer loop
      vertex 11.646856307983398 -43.46665954589844 0
      vertex 15.39090633392334 -42.28616714477539 24
      vertex 11.646856307983398 -43.46665954589844 24
    endloop
  endfacet
  facet normal 0.30070532741191114 -0.9537170995982485 0
    outer loop
      vertex 15.39090633392334 -42.28616714477539 24
      vertex 11.646856307983398 -43.46665954589844 0
      vertex 15.39090633392334 -42.28616714477539 0
    endloop
  endfacet
  facet normal 0.1305262886626449 0.9914448486768973 0
    outer loop
      vertex 7.8141679763793945 44.316349029541016 0
      vertex 3.9220075607299805 44.82876205444336 24
      vertex 7.8141679763793945 44.316349029541016 24
    endloop
  endfacet
  facet normal 0.1305262886626449 0.9914448486768973 0
    outer loop
      vertex 3.9220075607299805 44.82876205444336 24
      vertex 7.8141679763793945 44.316349029541016 0
      vertex 3.9220075607299805 44.82876205444336 0
    endloop
  endfacet
  facet normal 0.21644032701734184 -0.9762958490337988 0
    outer loop
      vertex 7.8141679763793945 -44.316349029541016 0
      vertex 11.646856307983398 -43.46665954589844 24
      vertex 7.8141679763793945 -44.316349029541016 24
    endloop
  endfacet
  facet normal 0.21644032701734184 -0.9762958490337988 0
    outer loop
      vertex 11.646856307983398 -43.46665954589844 24
      vertex 7.8141679763793945 -44.316349029541016 0
      vertex 11.646856307983398 -43.46665954589844 0
    endloop
  endfacet
  facet normal -0.8433913019887535 0.5372998341054233 0
    outer loop
      vertex -38.97114181518555 22.5 0
      vertex -36.861839294433594 25.81093978881836 24
      vertex -36.861839294433594 25.81093978881836 0
    endloop
  endfacet
  facet normal -0.8433913019887535 0.5372998341054233 0
    outer loop
      vertex -36.861839294433594 25.81093978881836 24
      vertex -38.97114181518555 22.5 0
      vertex -38.97114181518555 22.5 24
    endloop
  endfacet
  facet normal -0.9762958490337988 -0.21644032701734184 0
    outer loop
      vertex -43.46665954589844 -11.646856307983398 0
      vertex -44.316349029541016 -7.8141679763793945 24
      vertex -44.316349029541016 -7.8141679763793945 0
    endloop
  endfacet
  facet normal -0.9762958490337988 -0.21644032701734184 0
    outer loop
      vertex -44.316349029541016 -7.8141679763793945 24
      vertex -43.46665954589844 -11.646856307983398 0
      vertex -43.46665954589844 -11.646856307983398 24
    endloop
  endfacet
  facet normal -0.04361923414787252 0.9990482282714649 0
    outer loop
      vertex 0 45 0
      vertex -3.9220075607299805 44.82876205444336 24
      vertex 0 45 24
    endloop
  endfacet
  facet normal -0.04361923414787252 0.9990482282714649 0
    outer loop
      vertex -3.9220075607299805 44.82876205444336 24
      vertex 0 45 0
      vertex -3.9220075607299805 44.82876205444336 0
    endloop
  endfacet
  facet normal 0.21644032701734184 0.9762958490337988 0
    outer loop
      vertex 11.646856307983398 43.46665954589844 0
      vertex 7.8141679763793945 44.316349029541016 24
      vertex 11.646856307983398 43.46665954589844 24
    endloop
  endfacet
  facet normal 0.21644032701734184 0.9762958490337988 0
    outer loop
      vertex 7.8141679763793945 44.316349029541016 24
      vertex 11.646856307983398 43.46665954589844 0
      vertex 7.8141679763793945 44.316349029541016 0
    endloop
  endfacet
  facet normal -0.21644032701734184 -0.9762958490337988 0
    outer loop
      vertex -11.646856307983398 -43.46665954589844 0
      vertex -7.8141679763793945 -44.316349029541016 24
      vertex -11.646856307983398 -43.46665954589844 24
    endloop
  endfacet
  facet normal -0.21644032701734184 -0.9762958490337988 0
    outer loop
      vertex -7.8141679763793945 -44.316349029541016 24
      vertex -11.646856307983398 -43.46665954589844 0
      vertex -7.8141679763793945 -44.316349029541016 0
    endloop
  endfacet
  facet normal -0.8433913019887535 -0.5372998341054233 0
    outer loop
      vertex -36.861839294433594 -25.81093978881836 0
      vertex -38.97114181518555 -22.5 24
      vertex -38.97114181518555 -22.5 0
    endloop
  endfacet
  facet normal -0.8433913019887535 -0.5372998341054233 0
    outer loop
      vertex -38.97114181518555 -22.5 24
      vertex -36.861839294433594 -25.81093978881836 0
      vertex -36.861839294433594 -25.81093978881836 24
    endloop
  endfacet
  facet normal 0.1305262886626449 -0.9914448486768973 0
    outer loop
      vertex 3.9220075607299805 -44.82876205444336 0
      vertex 7.8141679763793945 -44.316349029541016 24
      vertex 3.9220075607299805 -44.82876205444336 24
    endloop
  endfacet
  facet normal 0.1305262886626449 -0.9914448486768973 0
    outer loop
      vertex 7.8141679763793945 -44.316349029541016 24
      vertex 3.9220075607299805 -44.82876205444336 0
      vertex 7.8141679763793945 -44.316349029541016 0
    endloop
  endfacet
  facet normal -0.9537170995982485 0.30070532741191114 0
    outer loop
      vertex -43.46665954589844 11.646856307983398 0
      vertex -42.28616714477539 15.39090633392334 24
      vertex -42.28616714477539 15.39090633392334 0
    endloop
  endfacet
  facet normal -0.9537170995982485 0.30070532741191114 0
    outer loop
      vertex -42.28616714477539 15.39090633392334 24
      vertex -43.46665954589844 11.646856307983398 0
      vertex -43.46665954589844 11.646856307983398 24
    endloop
  endfacet
  facet normal -0.8870105394171508 0.4617491775443623 0
    outer loop
      vertex -40.783851623535156 19.017822265625 0
      vertex -38.97114181518555 22.5 24
      vertex -38.97114181518555 22.5 0
    endloop
  endfacet
  facet normal -0.8870105394171508 0.4617491775443623 0
    outer loop
      vertex -38.97114181518555 22.5 24
      vertex -40.783851623535156 19.017822265625 0
      vertex -40.783851623535156 19.017822265625 24
    endloop
  endfacet
  facet normal -0.5372998341054233 0.8433913019887535 0
    outer loop
      vertex -22.5 38.97114181518555 0
      vertex -25.81093978881836 36.861839294433594 24
      vertex -22.5 38.97114181518555 24
    endloop
  endfacet
  facet normal -0.5372998341054233 0.8433913019887535 0
    outer loop
      vertex -25.81093978881836 36.861839294433594 24
      vertex -22.5 38.97114181518555 0
      vertex -25.81093978881836 36.861839294433594 0
    endloop
  endfacet
  facet normal -0.1305262886626449 -0.9914448486768973 0
    outer loop
      vertex -7.8141679763793945 -44.316349029541016 0
      vertex -3.9220075607299805 -44.82876205444336 24
      vertex -7.8141679763793945 -44.316349029541016 24
    endloop
  endfacet
  facet normal -0.1305262886626449 -0.9914448486768973 0
    outer loop
      vertex -3.9220075607299805 -44.82876205444336 24
      vertex -7.8141679763793945 -44.316349029541016 0
      vertex -3.9220075607299805 -44.82876205444336 0
    endloop
  endfacet
  facet normal -0.6755901468862189 0.7372773924583998 0
    outer loop
      vertex -28.92544174194336 34.47200012207031 0
      vertex -31.819805145263672 31.819805145263672 24
      vertex -28.92544174194336 34.47200012207031 24
    endloop
  endfacet
  facet normal -0.6755901468862189 0.7372773924583998 0
    outer loop
      vertex -31.819805145263672 31.819805145263672 24
      vertex -28.92544174194336 34.47200012207031 0
      vertex -31.819805145263672 31.819805145263672 0
    endloop
  endfacet
  facet normal -0.30070532741191114 0.9537170995982485 0
    outer loop
      vertex -11.646856307983398 43.46665954589844 0
      vertex -15.39090633392334 42.28616714477539 24
      vertex -11.646856307983398 43.46665954589844 24
    endloop
  endfacet
  facet normal -0.30070532741191114 0.9537170995982485 0
    outer loop
      vertex -15.39090633392334 42.28616714477539 24
      vertex -11.646856307983398 43.46665954589844 0
      vertex -15.39090633392334 42.28616714477539 0
    endloop
  endfacet
  facet normal -0.21644032701734184 0.9762958490337988 0
    outer loop
      vertex -7.8141679763793945 44.316349029541016 0
      vertex -11.646856307983398 43.46665954589844 24
      vertex -7.8141679763793945 44.316349029541016 24
    endloop
  endfacet
  facet normal -0.21644032701734184 0.9762958490337988 0
    outer loop
      vertex -11.646856307983398 43.46665954589844 24
      vertex -7.8141679763793945 44.316349029541016 0
      vertex -11.646856307983398 43.46665954589844 0
    endloop
  endfacet
  facet normal -0.7933536146831073 -0.608761071414104 0
    outer loop
      vertex -34.47200012207031 -28.92544174194336 0
      vertex -36.861839294433594 -25.81093978881836 24
      vertex -36.861839294433594 -25.81093978881836 0
    endloop
  endfacet
  facet normal -0.7933536146831073 -0.608761071414104 0
    outer loop
      vertex -36.861839294433594 -25.81093978881836 24
      vertex -34.47200012207031 -28.92544174194336 0
      vertex -34.47200012207031 -28.92544174194336 24
    endloop
  endfacet
  facet normal -0.608761071414104 -0.7933536146831073 0
    outer loop
      vertex -28.92544174194336 -34.47200012207031 0
      vertex -25.81093978881836 -36.861839294433594 24
      vertex -28.92544174194336 -34.47200012207031 24
    endloop
  endfacet
  facet normal -0.608761071414104 -0.7933536146831073 0
    outer loop
      vertex -25.81093978881836 -36.861839294433594 24
      vertex -28.92544174194336 -34.47200012207031 0
      vertex -25.81093978881836 -36.861839294433594 0
    endloop
  endfacet
  facet normal 0.7372773924583998 -0.6755901468862189 0
    outer loop
      vertex 31.819805145263672 -31.819805145263672 24
      vertex 34.47200012207031 -28.92544174194336 0
      vertex 34.47200012207031 -28.92544174194336 24
    endloop
  endfacet
  facet normal 0.7372773924583998 -0.6755901468862189 0
    outer loop
      vertex 34.47200012207031 -28.92544174194336 0
      vertex 31.819805145263672 -31.819805145263672 24
      vertex 31.819805145263672 -31.819805145263672 0
    endloop
  endfacet
  facet normal -0.3826829437559826 -0.9238797348996542 0
    outer loop
      vertex -19.017822265625 -40.783851623535156 0
      vertex -15.39090633392334 -42.28616714477539 24
      vertex -19.017822265625 -40.783851623535156 24
    endloop
  endfacet
  facet normal -0.3826829437559826 -0.9238797348996542 0
    outer loop
      vertex -15.39090633392334 -42.28616714477539 24
      vertex -19.017822265625 -40.783851623535156 0
      vertex -15.39090633392334 -42.28616714477539 0
    endloop
  endfacet
  facet normal -0.7933536146831073 0.608761071414104 0
    outer loop
      vertex -36.861839294433594 25.81093978881836 0
      vertex -34.47200012207031 28.92544174194336 24
      vertex -34.47200012207031 28.92544174194336 0
    endloop
  endfacet
  facet normal -0.7933536146831073 0.608761071414104 0
    outer loop
      vertex -34.47200012207031 28.92544174194336 24
      vertex -36.861839294433594 25.81093978881836 0
      vertex -36.861839294433594 25.81093978881836 24
    endloop
  endfacet
  facet normal 0.5372994116258881 -0.8433915711379113 0
    outer loop
      vertex -24.95057487487793 35.633113861083984 0
      vertex -21.75 37.67210388183594 24
      vertex -24.95057487487793 35.633113861083984 24
    endloop
  endfacet
  facet normal 0.5372994116258881 -0.8433915711379113 0
    outer loop
      vertex -21.75 37.67210388183594 24
      vertex -24.95057487487793 35.633113861083984 0
      vertex -21.75 37.67210388183594 0
    endloop
  endfacet
  facet normal -0.9990482151776691 -0.04361953404512517 0
    outer loop
      vertex 43.5 0 0
      vertex 43.334468841552734 3.791274070739746 24
      vertex 43.334468841552734 3.791274070739746 0
    endloop
  endfacet
  facet normal -0.9990482151776691 -0.04361953404512517 0
    outer loop
      vertex 43.334468841552734 3.791274070739746 24
      vertex 43.5 0 0
      vertex 43.5 0 24
    endloop
  endfacet
  facet normal 0.9990482151776691 -0.04361953404512517 0
    outer loop
      vertex -43.5 0 24
      vertex -43.334468841552734 3.791274070739746 0
      vertex -43.334468841552734 3.791274070739746 24
    endloop
  endfacet
  facet normal 0.9990482151776691 -0.04361953404512517 0
    outer loop
      vertex -43.334468841552734 3.791274070739746 0
      vertex -43.5 0 24
      vertex -43.5 0 0
    endloop
  endfacet
  facet normal 0.21644003072797216 -0.9762959147197505 0
    outer loop
      vertex -11.258627891540527 42.01777267456055 0
      vertex -7.5536956787109375 42.83913803100586 24
      vertex -11.258627891540527 42.01777267456055 24
    endloop
  endfacet
  facet normal 0.21644003072797216 -0.9762959147197505 0
    outer loop
      vertex -7.5536956787109375 42.83913803100586 24
      vertex -11.258627891540527 42.01777267456055 0
      vertex -7.5536956787109375 42.83913803100586 0
    endloop
  endfacet
  facet normal -0.923879577213227 0.38268332444504166 0
    outer loop
      vertex 39.42438888549805 -18.383893966674805 0
      vertex 40.87662887573242 -14.877875328063965 24
      vertex 40.87662887573242 -14.877875328063965 0
    endloop
  endfacet
  facet normal -0.923879577213227 0.38268332444504166 0
    outer loop
      vertex 40.87662887573242 -14.877875328063965 24
      vertex 39.42438888549805 -18.383893966674805 0
      vertex 39.42438888549805 -18.383893966674805 24
    endloop
  endfacet
  facet normal -0.21644003072797216 0.9762959147197505 0
    outer loop
      vertex 11.258627891540527 -42.01777267456055 0
      vertex 7.5536956787109375 -42.83913803100586 24
      vertex 11.258627891540527 -42.01777267456055 24
    endloop
  endfacet
  facet normal -0.21644003072797216 0.9762959147197505 0
    outer loop
      vertex 7.5536956787109375 -42.83913803100586 24
      vertex 11.258627891540527 -42.01777267456055 0
      vertex 7.5536956787109375 -42.83913803100586 0
    endloop
  endfacet
  facet normal -0.1305258318882016 0.9914449088123318 0
    outer loop
      vertex 7.5536956787109375 -42.83913803100586 0
      vertex 3.791274070739746 -43.334468841552734 24
      vertex 7.5536956787109375 -42.83913803100586 24
    endloop
  endfacet
  facet normal -0.1305258318882016 0.9914449088123318 0
    outer loop
      vertex 3.791274070739746 -43.334468841552734 24
      vertex 7.5536956787109375 -42.83913803100586 0
      vertex 3.791274070739746 -43.334468841552734 0
    endloop
  endfacet
  facet normal -0.8433915711379113 0.5372994116258881 0
    outer loop
      vertex 35.633113861083984 -24.95057487487793 0
      vertex 37.67210388183594 -21.75 24
      vertex 37.67210388183594 -21.75 0
    endloop
  endfacet
  facet normal -0.8433915711379113 0.5372994116258881 0
    outer loop
      vertex 37.67210388183594 -21.75 24
      vertex 35.633113861083984 -24.95057487487793 0
      vertex 35.633113861083984 -24.95057487487793 24
    endloop
  endfacet
  facet normal -0.9537169911462202 -0.3007056713781772 0
    outer loop
      vertex 42.01777267456055 11.258627891540527 0
      vertex 40.87662887573242 14.877875328063965 24
      vertex 40.87662887573242 14.877875328063965 0
    endloop
  endfacet
  facet normal -0.9537169911462202 -0.3007056713781772 0
    outer loop
      vertex 40.87662887573242 14.877875328063965 24
      vertex 42.01777267456055 11.258627891540527 0
      vertex 42.01777267456055 11.258627891540527 24
    endloop
  endfacet
  facet normal 0.5372994116258881 0.8433915711379113 0
    outer loop
      vertex -21.75 -37.67210388183594 0
      vertex -24.95057487487793 -35.633113861083984 24
      vertex -21.75 -37.67210388183594 24
    endloop
  endfacet
  facet normal 0.5372994116258881 0.8433915711379113 0
    outer loop
      vertex -24.95057487487793 -35.633113861083984 24
      vertex -21.75 -37.67210388183594 0
      vertex -24.95057487487793 -35.633113861083984 0
    endloop
  endfacet
  facet normal 0.9990482151776691 0.04361953404512517 0
    outer loop
      vertex -43.334468841552734 -3.791274070739746 24
      vertex -43.5 0 0
      vertex -43.5 0 24
    endloop
  endfacet
  facet normal 0.9990482151776691 0.04361953404512517 0
    outer loop
      vertex -43.5 0 0
      vertex -43.334468841552734 -3.791274070739746 24
      vertex -43.334468841552734 -3.791274070739746 0
    endloop
  endfacet
  facet normal 0.04361953404512517 0.9990482151776691 0
    outer loop
      vertex 0 -43.5 0
      vertex -3.791274070739746 -43.334468841552734 24
      vertex 0 -43.5 24
    endloop
  endfacet
  facet normal 0.04361953404512517 0.9990482151776691 0
    outer loop
      vertex -3.791274070739746 -43.334468841552734 24
      vertex 0 -43.5 0
      vertex -3.791274070739746 -43.334468841552734 0
    endloop
  endfacet
  facet normal -0.9914449088123318 0.1305258318882016 0
    outer loop
      vertex 42.83913803100586 -7.5536956787109375 0
      vertex 43.334468841552734 -3.791274070739746 24
      vertex 43.334468841552734 -3.791274070739746 0
    endloop
  endfacet
  facet normal -0.9914449088123318 0.1305258318882016 0
    outer loop
      vertex 43.334468841552734 -3.791274070739746 24
      vertex 42.83913803100586 -7.5536956787109375 0
      vertex 42.83913803100586 -7.5536956787109375 24
    endloop
  endfacet
  facet normal 0.1305258318882016 -0.9914449088123318 0
    outer loop
      vertex -7.5536956787109375 42.83913803100586 0
      vertex -3.791274070739746 43.334468841552734 24
      vertex -7.5536956787109375 42.83913803100586 24
    endloop
  endfacet
  facet normal 0.1305258318882016 -0.9914449088123318 0
    outer loop
      vertex -3.791274070739746 43.334468841552734 24
      vertex -7.5536956787109375 42.83913803100586 0
      vertex -3.791274070739746 43.334468841552734 0
    endloop
  endfacet
  facet normal 0.9762959147197505 -0.21644003072797216 0
    outer loop
      vertex -42.83913803100586 7.5536956787109375 24
      vertex -42.01777267456055 11.258627891540527 0
      vertex -42.01777267456055 11.258627891540527 24
    endloop
  endfacet
  facet normal 0.9762959147197505 -0.21644003072797216 0
    outer loop
      vertex -42.01777267456055 11.258627891540527 0
      vertex -42.83913803100586 7.5536956787109375 24
      vertex -42.83913803100586 7.5536956787109375 0
    endloop
  endfacet
  facet normal 0.4617488442092003 -0.887010712940643 0
    outer loop
      vertex -21.75 37.67210388183594 0
      vertex -18.383893966674805 39.42438888549805 24
      vertex -21.75 37.67210388183594 24
    endloop
  endfacet
  facet normal 0.4617488442092003 -0.887010712940643 0
    outer loop
      vertex -18.383893966674805 39.42438888549805 24
      vertex -21.75 37.67210388183594 0
      vertex -18.383893966674805 39.42438888549805 0
    endloop
  endfacet
  facet normal 0.38268332444504166 -0.923879577213227 0
    outer loop
      vertex -18.383893966674805 39.42438888549805 0
      vertex -14.877875328063965 40.87662887573242 24
      vertex -18.383893966674805 39.42438888549805 24
    endloop
  endfacet
  facet normal 0.38268332444504166 -0.923879577213227 0
    outer loop
      vertex -14.877875328063965 40.87662887573242 24
      vertex -18.383893966674805 39.42438888549805 0
      vertex -14.877875328063965 40.87662887573242 0
    endloop
  endfacet
  facet normal -0.9914449088123318 -0.1305258318882016 0
    outer loop
      vertex 43.334468841552734 3.791274070739746 0
      vertex 42.83913803100586 7.5536956787109375 24
      vertex 42.83913803100586 7.5536956787109375 0
    endloop
  endfacet
  facet normal -0.9914449088123318 -0.1305258318882016 0
    outer loop
      vertex 42.83913803100586 7.5536956787109375 24
      vertex 43.334468841552734 3.791274070739746 0
      vertex 43.334468841552734 3.791274070739746 24
    endloop
  endfacet
  facet normal 0.4617488442092003 0.887010712940643 0
    outer loop
      vertex -18.383893966674805 -39.42438888549805 0
      vertex -21.75 -37.67210388183594 24
      vertex -18.383893966674805 -39.42438888549805 24
    endloop
  endfacet
  facet normal 0.4617488442092003 0.887010712940643 0
    outer loop
      vertex -21.75 -37.67210388183594 24
      vertex -18.383893966674805 -39.42438888549805 0
      vertex -21.75 -37.67210388183594 0
    endloop
  endfacet
  facet normal -0.8433915711379113 -0.5372994116258881 0
    outer loop
      vertex 37.67210388183594 21.75 0
      vertex 35.633113861083984 24.95057487487793 24
      vertex 35.633113861083984 24.95057487487793 0
    endloop
  endfacet
  facet normal -0.8433915711379113 -0.5372994116258881 0
    outer loop
      vertex 35.633113861083984 24.95057487487793 24
      vertex 37.67210388183594 21.75 0
      vertex 37.67210388183594 21.75 24
    endloop
  endfacet
  facet normal -0.7933534200888309 0.6087613250144551 0
    outer loop
      vertex 33.322933197021484 -27.961261749267578 0
      vertex 35.633113861083984 -24.95057487487793 24
      vertex 35.633113861083984 -24.95057487487793 0
    endloop
  endfacet
  facet normal -0.7933534200888309 0.6087613250144551 0
    outer loop
      vertex 35.633113861083984 -24.95057487487793 24
      vertex 33.322933197021484 -27.961261749267578 0
      vertex 33.322933197021484 -27.961261749267578 24
    endloop
  endfacet
  facet normal 0.21644003072797216 0.9762959147197505 0
    outer loop
      vertex -7.5536956787109375 -42.83913803100586 0
      vertex -11.258627891540527 -42.01777267456055 24
      vertex -7.5536956787109375 -42.83913803100586 24
    endloop
  endfacet
  facet normal 0.21644003072797216 0.9762959147197505 0
    outer loop
      vertex -11.258627891540527 -42.01777267456055 24
      vertex -7.5536956787109375 -42.83913803100586 0
      vertex -11.258627891540527 -42.01777267456055 0
    endloop
  endfacet
  facet normal 0.1305258318882016 0.9914449088123318 0
    outer loop
      vertex -3.791274070739746 -43.334468841552734 0
      vertex -7.5536956787109375 -42.83913803100586 24
      vertex -3.791274070739746 -43.334468841552734 24
    endloop
  endfacet
  facet normal 0.1305258318882016 0.9914449088123318 0
    outer loop
      vertex -7.5536956787109375 -42.83913803100586 24
      vertex -3.791274070739746 -43.334468841552734 0
      vertex -7.5536956787109375 -42.83913803100586 0
    endloop
  endfacet
  facet normal 0.8433915711379113 0.5372994116258881 0
    outer loop
      vertex -35.633113861083984 -24.95057487487793 24
      vertex -37.67210388183594 -21.75 0
      vertex -37.67210388183594 -21.75 24
    endloop
  endfacet
  facet normal 0.8433915711379113 0.5372994116258881 0
    outer loop
      vertex -37.67210388183594 -21.75 0
      vertex -35.633113861083984 -24.95057487487793 24
      vertex -35.633113861083984 -24.95057487487793 0
    endloop
  endfacet
  facet normal -0.7933534200888309 -0.6087613250144551 0
    outer loop
      vertex 35.633113861083984 24.95057487487793 0
      vertex 33.322933197021484 27.961261749267578 24
      vertex 33.322933197021484 27.961261749267578 0
    endloop
  endfacet
  facet normal -0.7933534200888309 -0.6087613250144551 0
    outer loop
      vertex 33.322933197021484 27.961261749267578 24
      vertex 35.633113861083984 24.95057487487793 0
      vertex 35.633113861083984 24.95057487487793 24
    endloop
  endfacet
  facet normal 0.04361953404512517 -0.9990482151776691 0
    outer loop
      vertex -3.791274070739746 43.334468841552734 0
      vertex 0 43.5 24
      vertex -3.791274070739746 43.334468841552734 24
    endloop
  endfacet
  facet normal 0.04361953404512517 -0.9990482151776691 0
    outer loop
      vertex 0 43.5 24
      vertex -3.791274070739746 43.334468841552734 0
      vertex 0 43.5 0
    endloop
  endfacet
  facet normal -0.6087613250144551 0.7933534200888309 0
    outer loop
      vertex 27.961261749267578 -33.322933197021484 0
      vertex 24.95057487487793 -35.633113861083984 24
      vertex 27.961261749267578 -33.322933197021484 24
    endloop
  endfacet
  facet normal -0.6087613250144551 0.7933534200888309 0
    outer loop
      vertex 24.95057487487793 -35.633113861083984 24
      vertex 27.961261749267578 -33.322933197021484 0
      vertex 24.95057487487793 -35.633113861083984 0
    endloop
  endfacet
  facet normal 0.6755906081815259 -0.7372769697589339 0
    outer loop
      vertex -30.759143829345703 30.759143829345703 0
      vertex -27.961261749267578 33.322933197021484 24
      vertex -30.759143829345703 30.759143829345703 24
    endloop
  endfacet
  facet normal 0.6755906081815259 -0.7372769697589339 0
    outer loop
      vertex -27.961261749267578 33.322933197021484 24
      vertex -30.759143829345703 30.759143829345703 0
      vertex -27.961261749267578 33.322933197021484 0
    endloop
  endfacet
  facet normal -0.887010712940643 -0.4617488442092003 0
    outer loop
      vertex 39.42438888549805 18.383893966674805 0
      vertex 37.67210388183594 21.75 24
      vertex 37.67210388183594 21.75 0
    endloop
  endfacet
  facet normal -0.887010712940643 -0.4617488442092003 0
    outer loop
      vertex 37.67210388183594 21.75 24
      vertex 39.42438888549805 18.383893966674805 0
      vertex 39.42438888549805 18.383893966674805 24
    endloop
  endfacet
  facet normal 0.7372769697589339 0.6755906081815259 0
    outer loop
      vertex -30.759143829345703 -30.759143829345703 24
      vertex -33.322933197021484 -27.961261749267578 0
      vertex -33.322933197021484 -27.961261749267578 24
    endloop
  endfacet
  facet normal 0.7372769697589339 0.6755906081815259 0
    outer loop
      vertex -33.322933197021484 -27.961261749267578 0
      vertex -30.759143829345703 -30.759143829345703 24
      vertex -30.759143829345703 -30.759143829345703 0
    endloop
  endfacet
  facet normal 0.7933534200888309 0.6087613250144551 0
    outer loop
      vertex -33.322933197021484 -27.961261749267578 24
      vertex -35.633113861083984 -24.95057487487793 0
      vertex -35.633113861083984 -24.95057487487793 24
    endloop
  endfacet
  facet normal 0.7933534200888309 0.6087613250144551 0
    outer loop
      vertex -35.633113861083984 -24.95057487487793 0
      vertex -33.322933197021484 -27.961261749267578 24
      vertex -33.322933197021484 -27.961261749267578 0
    endloop
  endfacet
  facet normal -0.21644003072797216 -0.9762959147197505 0
    outer loop
      vertex 7.5536956787109375 42.83913803100586 0
      vertex 11.258627891540527 42.01777267456055 24
      vertex 7.5536956787109375 42.83913803100586 24
    endloop
  endfacet
  facet normal -0.21644003072797216 -0.9762959147197505 0
    outer loop
      vertex 11.258627891540527 42.01777267456055 24
      vertex 7.5536956787109375 42.83913803100586 0
      vertex 11.258627891540527 42.01777267456055 0
    endloop
  endfacet
  facet normal 0.38268332444504166 0.923879577213227 0
    outer loop
      vertex -14.877875328063965 -40.87662887573242 0
      vertex -18.383893966674805 -39.42438888549805 24
      vertex -14.877875328063965 -40.87662887573242 24
    endloop
  endfacet
  facet normal 0.38268332444504166 0.923879577213227 0
    outer loop
      vertex -18.383893966674805 -39.42438888549805 24
      vertex -14.877875328063965 -40.87662887573242 0
      vertex -18.383893966674805 -39.42438888549805 0
    endloop
  endfacet
  facet normal -0.9762959147197505 -0.21644003072797216 0
    outer loop
      vertex 42.83913803100586 7.5536956787109375 0
      vertex 42.01777267456055 11.258627891540527 24
      vertex 42.01777267456055 11.258627891540527 0
    endloop
  endfacet
  facet normal -0.9762959147197505 -0.21644003072797216 0
    outer loop
      vertex 42.01777267456055 11.258627891540527 24
      vertex 42.83913803100586 7.5536956787109375 0
      vertex 42.83913803100586 7.5536956787109375 24
    endloop
  endfacet
  facet normal 0.3007056713781772 0.9537169911462202 0
    outer loop
      vertex -11.258627891540527 -42.01777267456055 0
      vertex -14.877875328063965 -40.87662887573242 24
      vertex -11.258627891540527 -42.01777267456055 24
    endloop
  endfacet
  facet normal 0.3007056713781772 0.9537169911462202 0
    outer loop
      vertex -14.877875328063965 -40.87662887573242 24
      vertex -11.258627891540527 -42.01777267456055 0
      vertex -14.877875328063965 -40.87662887573242 0
    endloop
  endfacet
  facet normal -0.1305258318882016 -0.9914449088123318 0
    outer loop
      vertex 3.791274070739746 43.334468841552734 0
      vertex 7.5536956787109375 42.83913803100586 24
      vertex 3.791274070739746 43.334468841552734 24
    endloop
  endfacet
  facet normal -0.1305258318882016 -0.9914449088123318 0
    outer loop
      vertex 7.5536956787109375 42.83913803100586 24
      vertex 3.791274070739746 43.334468841552734 0
      vertex 7.5536956787109375 42.83913803100586 0
    endloop
  endfacet
  facet normal 0.6087613250144551 -0.7933534200888309 0
    outer loop
      vertex -27.961261749267578 33.322933197021484 0
      vertex -24.95057487487793 35.633113861083984 24
      vertex -27.961261749267578 33.322933197021484 24
    endloop
  endfacet
  facet normal 0.6087613250144551 -0.7933534200888309 0
    outer loop
      vertex -24.95057487487793 35.633113861083984 24
      vertex -27.961261749267578 33.322933197021484 0
      vertex -24.95057487487793 35.633113861083984 0
    endloop
  endfacet
  facet normal 0.8433915711379113 -0.5372994116258881 0
    outer loop
      vertex -37.67210388183594 21.75 24
      vertex -35.633113861083984 24.95057487487793 0
      vertex -35.633113861083984 24.95057487487793 24
    endloop
  endfacet
  facet normal 0.8433915711379113 -0.5372994116258881 0
    outer loop
      vertex -35.633113861083984 24.95057487487793 0
      vertex -37.67210388183594 21.75 24
      vertex -37.67210388183594 21.75 0
    endloop
  endfacet
  facet normal -0.04361953404512517 -0.9990482151776691 0
    outer loop
      vertex 0 43.5 0
      vertex 3.791274070739746 43.334468841552734 24
      vertex 0 43.5 24
    endloop
  endfacet
  facet normal -0.04361953404512517 -0.9990482151776691 0
    outer loop
      vertex 3.791274070739746 43.334468841552734 24
      vertex 0 43.5 0
      vertex 3.791274070739746 43.334468841552734 0
    endloop
  endfacet
  facet normal 0.9914449088123318 -0.1305258318882016 0
    outer loop
      vertex -43.334468841552734 3.791274070739746 24
      vertex -42.83913803100586 7.5536956787109375 0
      vertex -42.83913803100586 7.5536956787109375 24
    endloop
  endfacet
  facet normal 0.9914449088123318 -0.1305258318882016 0
    outer loop
      vertex -42.83913803100586 7.5536956787109375 0
      vertex -43.334468841552734 3.791274070739746 24
      vertex -43.334468841552734 3.791274070739746 0
    endloop
  endfacet
  facet normal -0.4617488442092003 0.887010712940643 0
    outer loop
      vertex 21.75 -37.67210388183594 0
      vertex 18.383893966674805 -39.42438888549805 24
      vertex 21.75 -37.67210388183594 24
    endloop
  endfacet
  facet normal -0.4617488442092003 0.887010712940643 0
    outer loop
      vertex 18.383893966674805 -39.42438888549805 24
      vertex 21.75 -37.67210388183594 0
      vertex 18.383893966674805 -39.42438888549805 0
    endloop
  endfacet
  facet normal -0.923879577213227 -0.38268332444504166 0
    outer loop
      vertex 40.87662887573242 14.877875328063965 0
      vertex 39.42438888549805 18.383893966674805 24
      vertex 39.42438888549805 18.383893966674805 0
    endloop
  endfacet
  facet normal -0.923879577213227 -0.38268332444504166 0
    outer loop
      vertex 39.42438888549805 18.383893966674805 24
      vertex 40.87662887573242 14.877875328063965 0
      vertex 40.87662887573242 14.877875328063965 24
    endloop
  endfacet
  facet normal -0.38268332444504166 -0.923879577213227 0
    outer loop
      vertex 14.877875328063965 40.87662887573242 0
      vertex 18.383893966674805 39.42438888549805 24
      vertex 14.877875328063965 40.87662887573242 24
    endloop
  endfacet
  facet normal -0.38268332444504166 -0.923879577213227 0
    outer loop
      vertex 18.383893966674805 39.42438888549805 24
      vertex 14.877875328063965 40.87662887573242 0
      vertex 18.383893966674805 39.42438888549805 0
    endloop
  endfacet
  facet normal 0.923879577213227 -0.38268332444504166 0
    outer loop
      vertex -40.87662887573242 14.877875328063965 24
      vertex -39.42438888549805 18.383893966674805 0
      vertex -39.42438888549805 18.383893966674805 24
    endloop
  endfacet
  facet normal 0.923879577213227 -0.38268332444504166 0
    outer loop
      vertex -39.42438888549805 18.383893966674805 0
      vertex -40.87662887573242 14.877875328063965 24
      vertex -40.87662887573242 14.877875328063965 0
    endloop
  endfacet
  facet normal 0.9762959147197505 0.21644003072797216 0
    outer loop
      vertex -42.01777267456055 -11.258627891540527 24
      vertex -42.83913803100586 -7.5536956787109375 0
      vertex -42.83913803100586 -7.5536956787109375 24
    endloop
  endfacet
  facet normal 0.9762959147197505 0.21644003072797216 0
    outer loop
      vertex -42.83913803100586 -7.5536956787109375 0
      vertex -42.01777267456055 -11.258627891540527 24
      vertex -42.01777267456055 -11.258627891540527 0
    endloop
  endfacet
  facet normal -0.6087613250144551 -0.7933534200888309 0
    outer loop
      vertex 24.95057487487793 35.633113861083984 0
      vertex 27.961261749267578 33.322933197021484 24
      vertex 24.95057487487793 35.633113861083984 24
    endloop
  endfacet
  facet normal -0.6087613250144551 -0.7933534200888309 0
    outer loop
      vertex 27.961261749267578 33.322933197021484 24
      vertex 24.95057487487793 35.633113861083984 0
      vertex 27.961261749267578 33.322933197021484 0
    endloop
  endfacet
  facet normal -0.7372769697589339 -0.6755906081815259 0
    outer loop
      vertex 33.322933197021484 27.961261749267578 0
      vertex 30.759143829345703 30.759143829345703 24
      vertex 30.759143829345703 30.759143829345703 0
    endloop
  endfacet
  facet normal -0.7372769697589339 -0.6755906081815259 0
    outer loop
      vertex 30.759143829345703 30.759143829345703 24
      vertex 33.322933197021484 27.961261749267578 0
      vertex 33.322933197021484 27.961261749267578 24
    endloop
  endfacet
  facet normal -0.4617488442092003 -0.887010712940643 0
    outer loop
      vertex 18.383893966674805 39.42438888549805 0
      vertex 21.75 37.67210388183594 24
      vertex 18.383893966674805 39.42438888549805 24
    endloop
  endfacet
  facet normal -0.4617488442092003 -0.887010712940643 0
    outer loop
      vertex 21.75 37.67210388183594 24
      vertex 18.383893966674805 39.42438888549805 0
      vertex 21.75 37.67210388183594 0
    endloop
  endfacet
  facet normal 0.3007056713781772 -0.9537169911462202 0
    outer loop
      vertex -14.877875328063965 40.87662887573242 0
      vertex -11.258627891540527 42.01777267456055 24
      vertex -14.877875328063965 40.87662887573242 24
    endloop
  endfacet
  facet normal 0.3007056713781772 -0.9537169911462202 0
    outer loop
      vertex -11.258627891540527 42.01777267456055 24
      vertex -14.877875328063965 40.87662887573242 0
      vertex -11.258627891540527 42.01777267456055 0
    endloop
  endfacet
  facet normal 0.887010712940643 -0.4617488442092003 0
    outer loop
      vertex -39.42438888549805 18.383893966674805 24
      vertex -37.67210388183594 21.75 0
      vertex -37.67210388183594 21.75 24
    endloop
  endfacet
  facet normal 0.887010712940643 -0.4617488442092003 0
    outer loop
      vertex -37.67210388183594 21.75 0
      vertex -39.42438888549805 18.383893966674805 24
      vertex -39.42438888549805 18.383893966674805 0
    endloop
  endfacet
  facet normal -0.6755906081815259 0.7372769697589339 0
    outer loop
      vertex 30.759143829345703 -30.759143829345703 0
      vertex 27.961261749267578 -33.322933197021484 24
      vertex 30.759143829345703 -30.759143829345703 24
    endloop
  endfacet
  facet normal -0.6755906081815259 0.7372769697589339 0
    outer loop
      vertex 27.961261749267578 -33.322933197021484 24
      vertex 30.759143829345703 -30.759143829345703 0
      vertex 27.961261749267578 -33.322933197021484 0
    endloop
  endfacet
  facet normal 0.887010712940643 0.4617488442092003 0
    outer loop
      vertex -37.67210388183594 -21.75 24
      vertex -39.42438888549805 -18.383893966674805 0
      vertex -39.42438888549805 -18.383893966674805 24
    endloop
  endfacet
  facet normal 0.887010712940643 0.4617488442092003 0
    outer loop
      vertex -39.42438888549805 -18.383893966674805 0
      vertex -37.67210388183594 -21.75 24
      vertex -37.67210388183594 -21.75 0
    endloop
  endfacet
  facet normal -0.7372769697589339 0.6755906081815259 0
    outer loop
      vertex 30.759143829345703 -30.759143829345703 0
      vertex 33.322933197021484 -27.961261749267578 24
      vertex 33.322933197021484 -27.961261749267578 0
    endloop
  endfacet
  facet normal -0.7372769697589339 0.6755906081815259 0
    outer loop
      vertex 33.322933197021484 -27.961261749267578 24
      vertex 30.759143829345703 -30.759143829345703 0
      vertex 30.759143829345703 -30.759143829345703 24
    endloop
  endfacet
  facet normal -0.5372994116258881 0.8433915711379113 0
    outer loop
      vertex 24.95057487487793 -35.633113861083984 0
      vertex 21.75 -37.67210388183594 24
      vertex 24.95057487487793 -35.633113861083984 24
    endloop
  endfacet
  facet normal -0.5372994116258881 0.8433915711379113 0
    outer loop
      vertex 21.75 -37.67210388183594 24
      vertex 24.95057487487793 -35.633113861083984 0
      vertex 21.75 -37.67210388183594 0
    endloop
  endfacet
  facet normal -0.3007056713781772 0.9537169911462202 0
    outer loop
      vertex 14.877875328063965 -40.87662887573242 0
      vertex 11.258627891540527 -42.01777267456055 24
      vertex 14.877875328063965 -40.87662887573242 24
    endloop
  endfacet
  facet normal -0.3007056713781772 0.9537169911462202 0
    outer loop
      vertex 11.258627891540527 -42.01777267456055 24
      vertex 14.877875328063965 -40.87662887573242 0
      vertex 11.258627891540527 -42.01777267456055 0
    endloop
  endfacet
  facet normal -0.887010712940643 0.4617488442092003 0
    outer loop
      vertex 37.67210388183594 -21.75 0
      vertex 39.42438888549805 -18.383893966674805 24
      vertex 39.42438888549805 -18.383893966674805 0
    endloop
  endfacet
  facet normal -0.887010712940643 0.4617488442092003 0
    outer loop
      vertex 39.42438888549805 -18.383893966674805 24
      vertex 37.67210388183594 -21.75 0
      vertex 37.67210388183594 -21.75 24
    endloop
  endfacet
  facet normal -0.9537169911462202 0.3007056713781772 0
    outer loop
      vertex 40.87662887573242 -14.877875328063965 0
      vertex 42.01777267456055 -11.258627891540527 24
      vertex 42.01777267456055 -11.258627891540527 0
    endloop
  endfacet
  facet normal -0.9537169911462202 0.3007056713781772 0
    outer loop
      vertex 42.01777267456055 -11.258627891540527 24
      vertex 40.87662887573242 -14.877875328063965 0
      vertex 40.87662887573242 -14.877875328063965 24
    endloop
  endfacet
  facet normal 0.9914449088123318 0.1305258318882016 0
    outer loop
      vertex -42.83913803100586 -7.5536956787109375 24
      vertex -43.334468841552734 -3.791274070739746 0
      vertex -43.334468841552734 -3.791274070739746 24
    endloop
  endfacet
  facet normal 0.9914449088123318 0.1305258318882016 0
    outer loop
      vertex -43.334468841552734 -3.791274070739746 0
      vertex -42.83913803100586 -7.5536956787109375 24
      vertex -42.83913803100586 -7.5536956787109375 0
    endloop
  endfacet
  facet normal -0.9762959147197505 0.21644003072797216 0
    outer loop
      vertex 42.01777267456055 -11.258627891540527 0
      vertex 42.83913803100586 -7.5536956787109375 24
      vertex 42.83913803100586 -7.5536956787109375 0
    endloop
  endfacet
  facet normal -0.9762959147197505 0.21644003072797216 0
    outer loop
      vertex 42.83913803100586 -7.5536956787109375 24
      vertex 42.01777267456055 -11.258627891540527 0
      vertex 42.01777267456055 -11.258627891540527 24
    endloop
  endfacet
  facet normal -0.9990482151776691 0.04361953404512517 0
    outer loop
      vertex 43.334468841552734 -3.791274070739746 0
      vertex 43.5 0 24
      vertex 43.5 0 0
    endloop
  endfacet
  facet normal -0.9990482151776691 0.04361953404512517 0
    outer loop
      vertex 43.5 0 24
      vertex 43.334468841552734 -3.791274070739746 0
      vertex 43.334468841552734 -3.791274070739746 24
    endloop
  endfacet
  facet normal 0.7372769697589339 -0.6755906081815259 0
    outer loop
      vertex -33.322933197021484 27.961261749267578 24
      vertex -30.759143829345703 30.759143829345703 0
      vertex -30.759143829345703 30.759143829345703 24
    endloop
  endfacet
  facet normal 0.7372769697589339 -0.6755906081815259 0
    outer loop
      vertex -30.759143829345703 30.759143829345703 0
      vertex -33.322933197021484 27.961261749267578 24
      vertex -33.322933197021484 27.961261749267578 0
    endloop
  endfacet
  facet normal 0.7933534200888309 -0.6087613250144551 0
    outer loop
      vertex -35.633113861083984 24.95057487487793 24
      vertex -33.322933197021484 27.961261749267578 0
      vertex -33.322933197021484 27.961261749267578 24
    endloop
  endfacet
  facet normal 0.7933534200888309 -0.6087613250144551 0
    outer loop
      vertex -33.322933197021484 27.961261749267578 0
      vertex -35.633113861083984 24.95057487487793 24
      vertex -35.633113861083984 24.95057487487793 0
    endloop
  endfacet
  facet normal 0.9537169911462202 -0.3007056713781772 0
    outer loop
      vertex -42.01777267456055 11.258627891540527 24
      vertex -40.87662887573242 14.877875328063965 0
      vertex -40.87662887573242 14.877875328063965 24
    endloop
  endfacet
  facet normal 0.9537169911462202 -0.3007056713781772 0
    outer loop
      vertex -40.87662887573242 14.877875328063965 0
      vertex -42.01777267456055 11.258627891540527 24
      vertex -42.01777267456055 11.258627891540527 0
    endloop
  endfacet
  facet normal -0.5372994116258881 -0.8433915711379113 0
    outer loop
      vertex 21.75 37.67210388183594 0
      vertex 24.95057487487793 35.633113861083984 24
      vertex 21.75 37.67210388183594 24
    endloop
  endfacet
  facet normal -0.5372994116258881 -0.8433915711379113 0
    outer loop
      vertex 24.95057487487793 35.633113861083984 24
      vertex 21.75 37.67210388183594 0
      vertex 24.95057487487793 35.633113861083984 0
    endloop
  endfacet
  facet normal -0.3007056713781772 -0.9537169911462202 0
    outer loop
      vertex 11.258627891540527 42.01777267456055 0
      vertex 14.877875328063965 40.87662887573242 24
      vertex 11.258627891540527 42.01777267456055 24
    endloop
  endfacet
  facet normal -0.3007056713781772 -0.9537169911462202 0
    outer loop
      vertex 14.877875328063965 40.87662887573242 24
      vertex 11.258627891540527 42.01777267456055 0
      vertex 14.877875328063965 40.87662887573242 0
    endloop
  endfacet
  facet normal -0.6755906081815259 -0.7372769697589339 0
    outer loop
      vertex 27.961261749267578 33.322933197021484 0
      vertex 30.759143829345703 30.759143829345703 24
      vertex 27.961261749267578 33.322933197021484 24
    endloop
  endfacet
  facet normal -0.6755906081815259 -0.7372769697589339 0
    outer loop
      vertex 30.759143829345703 30.759143829345703 24
      vertex 27.961261749267578 33.322933197021484 0
      vertex 30.759143829345703 30.759143829345703 0
    endloop
  endfacet
  facet normal -0.38268332444504166 0.923879577213227 0
    outer loop
      vertex 18.383893966674805 -39.42438888549805 0
      vertex 14.877875328063965 -40.87662887573242 24
      vertex 18.383893966674805 -39.42438888549805 24
    endloop
  endfacet
  facet normal -0.38268332444504166 0.923879577213227 0
    outer loop
      vertex 14.877875328063965 -40.87662887573242 24
      vertex 18.383893966674805 -39.42438888549805 0
      vertex 14.877875328063965 -40.87662887573242 0
    endloop
  endfacet
  facet normal 0.6755906081815259 0.7372769697589339 0
    outer loop
      vertex -27.961261749267578 -33.322933197021484 0
      vertex -30.759143829345703 -30.759143829345703 24
      vertex -27.961261749267578 -33.322933197021484 24
    endloop
  endfacet
  facet normal 0.6755906081815259 0.7372769697589339 0
    outer loop
      vertex -30.759143829345703 -30.759143829345703 24
      vertex -27.961261749267578 -33.322933197021484 0
      vertex -30.759143829345703 -30.759143829345703 0
    endloop
  endfacet
  facet normal 0.6087613250144551 0.7933534200888309 0
    outer loop
      vertex -24.95057487487793 -35.633113861083984 0
      vertex -27.961261749267578 -33.322933197021484 24
      vertex -24.95057487487793 -35.633113861083984 24
    endloop
  endfacet
  facet normal 0.6087613250144551 0.7933534200888309 0
    outer loop
      vertex -27.961261749267578 -33.322933197021484 24
      vertex -24.95057487487793 -35.633113861083984 0
      vertex -27.961261749267578 -33.322933197021484 0
    endloop
  endfacet
  facet normal 0.9537169911462202 0.3007056713781772 0
    outer loop
      vertex -40.87662887573242 -14.877875328063965 24
      vertex -42.01777267456055 -11.258627891540527 0
      vertex -42.01777267456055 -11.258627891540527 24
    endloop
  endfacet
  facet normal 0.9537169911462202 0.3007056713781772 0
    outer loop
      vertex -42.01777267456055 -11.258627891540527 0
      vertex -40.87662887573242 -14.877875328063965 24
      vertex -40.87662887573242 -14.877875328063965 0
    endloop
  endfacet
  facet normal -0.04361953404512517 0.9990482151776691 0
    outer loop
      vertex 3.791274070739746 -43.334468841552734 0
      vertex 0 -43.5 24
      vertex 3.791274070739746 -43.334468841552734 24
    endloop
  endfacet
  facet normal -0.04361953404512517 0.9990482151776691 0
    outer loop
      vertex 0 -43.5 24
      vertex 3.791274070739746 -43.334468841552734 0
      vertex 0 -43.5 0
    endloop
  endfacet
  facet normal 0.923879577213227 0.38268332444504166 0
    outer loop
      vertex -39.42438888549805 -18.383893966674805 24
      vertex -40.87662887573242 -14.877875328063965 0
      vertex -40.87662887573242 -14.877875328063965 24
    endloop
  endfacet
  facet normal 0.923879577213227 0.38268332444504166 0
    outer loop
      vertex -40.87662887573242 -14.877875328063965 0
      vertex -39.42438888549805 -18.383893966674805 24
      vertex -39.42438888549805 -18.383893966674805 0
    endloop
  endfacet
  facet normal 0.5372995284334335 0.8433914967233247 0
    outer loop
      vertex 21.222328186035156 30.308624267578125 0
      vertex 18.5 32.042938232421875 45.099998474121094
      vertex 21.222328186035156 30.308624267578125 45.099998474121094
    endloop
  endfacet
  facet normal 0.5372995284334335 0.8433914967233247 0
    outer loop
      vertex 18.5 32.042938232421875 45.099998474121094
      vertex 21.222328186035156 30.308624267578125 0
      vertex 18.5 32.042938232421875 0
    endloop
  endfacet
  facet normal 0.21643959565244744 0.9762960111737654 0
    outer loop
      vertex 9.57630443572998 35.739253997802734 0
      vertex 6.424982070922852 36.43788528442383 45.099998474121094
      vertex 9.57630443572998 35.739253997802734 45.099998474121094
    endloop
  endfacet
  facet normal 0.21643959565244744 0.9762960111737654 0
    outer loop
      vertex 6.424982070922852 36.43788528442383 45.099998474121094
      vertex 9.57630443572998 35.739253997802734 0
      vertex 6.424982070922852 36.43788528442383 0
    endloop
  endfacet
  facet normal 0.9990482146503172 0.0436195461234238 0
    outer loop
      vertex 37 0 45.099998474121094
      vertex 36.85920333862305 3.224761962890625 0
      vertex 36.85920333862305 3.224761962890625 45.099998474121094
    endloop
  endfacet
  facet normal 0.9990482146503172 0.0436195461234238 0
    outer loop
      vertex 36.85920333862305 3.224761962890625 0
      vertex 37 0 45.099998474121094
      vertex 37 0 0
    endloop
  endfacet
  facet normal 0.21643959565244744 -0.9762960111737654 0
    outer loop
      vertex 6.424982070922852 -36.43788528442383 0
      vertex 9.57630443572998 -35.739253997802734 45.099998474121094
      vertex 6.424982070922852 -36.43788528442383 45.099998474121094
    endloop
  endfacet
  facet normal 0.21643959565244744 -0.9762960111737654 0
    outer loop
      vertex 9.57630443572998 -35.739253997802734 45.099998474121094
      vertex 6.424982070922852 -36.43788528442383 0
      vertex 9.57630443572998 -35.739253997802734 0
    endloop
  endfacet
  facet normal -0.30070529717335504 -0.9537171091324116 0
    outer loop
      vertex -12.654745101928711 -34.76862716674805 0
      vertex -9.57630443572998 -35.739253997802734 45.099998474121094
      vertex -12.654745101928711 -34.76862716674805 45.099998474121094
    endloop
  endfacet
  facet normal -0.30070529717335504 -0.9537171091324116 0
    outer loop
      vertex -9.57630443572998 -35.739253997802734 45.099998474121094
      vertex -12.654745101928711 -34.76862716674805 0
      vertex -9.57630443572998 -35.739253997802734 0
    endloop
  endfacet
  facet normal 0.9238792888517516 -0.38268402061071455 0
    outer loop
      vertex 33.53338623046875 -15.63687515258789 45.099998474121094
      vertex 34.76862716674805 -12.654745101928711 0
      vertex 34.76862716674805 -12.654745101928711 45.099998474121094
    endloop
  endfacet
  facet normal 0.9238792888517516 -0.38268402061071455 0
    outer loop
      vertex 34.76862716674805 -12.654745101928711 0
      vertex 33.53338623046875 -15.63687515258789 45.099998474121094
      vertex 33.53338623046875 -15.63687515258789 0
    endloop
  endfacet
  facet normal 0.30070529717335504 -0.9537171091324116 0
    outer loop
      vertex 9.57630443572998 -35.739253997802734 0
      vertex 12.654745101928711 -34.76862716674805 45.099998474121094
      vertex 9.57630443572998 -35.739253997802734 45.099998474121094
    endloop
  endfacet
  facet normal 0.30070529717335504 -0.9537171091324116 0
    outer loop
      vertex 12.654745101928711 -34.76862716674805 45.099998474121094
      vertex 9.57630443572998 -35.739253997802734 0
      vertex 12.654745101928711 -34.76862716674805 0
    endloop
  endfacet
  facet normal 0.13052652237221013 0.9914448179083982 0
    outer loop
      vertex 6.424982070922852 36.43788528442383 0
      vertex 3.224761962890625 36.85920333862305 45.099998474121094
      vertex 6.424982070922852 36.43788528442383 45.099998474121094
    endloop
  endfacet
  facet normal 0.13052652237221013 0.9914448179083982 0
    outer loop
      vertex 3.224761962890625 36.85920333862305 45.099998474121094
      vertex 6.424982070922852 36.43788528442383 0
      vertex 3.224761962890625 36.85920333862305 0
    endloop
  endfacet
  facet normal -0.9537171091324116 -0.30070529717335504 0
    outer loop
      vertex -34.76862716674805 -12.654745101928711 0
      vertex -35.739253997802734 -9.57630443572998 45.099998474121094
      vertex -35.739253997802734 -9.57630443572998 0
    endloop
  endfacet
  facet normal -0.9537171091324116 -0.30070529717335504 0
    outer loop
      vertex -35.739253997802734 -9.57630443572998 45.099998474121094
      vertex -34.76862716674805 -12.654745101928711 0
      vertex -34.76862716674805 -12.654745101928711 45.099998474121094
    endloop
  endfacet
  facet normal -0.6087613236176853 -0.7933534211606098 0
    outer loop
      vertex -23.78314208984375 -28.343643188476562 0
      vertex -21.222328186035156 -30.308624267578125 45.099998474121094
      vertex -23.78314208984375 -28.343643188476562 45.099998474121094
    endloop
  endfacet
  facet normal -0.6087613236176853 -0.7933534211606098 0
    outer loop
      vertex -21.222328186035156 -30.308624267578125 45.099998474121094
      vertex -23.78314208984375 -28.343643188476562 0
      vertex -21.222328186035156 -30.308624267578125 0
    endloop
  endfacet
  facet normal 0.9914448179083982 0.13052652237221013 0
    outer loop
      vertex 36.85920333862305 3.224761962890625 45.099998474121094
      vertex 36.43788528442383 6.424982070922852 0
      vertex 36.43788528442383 6.424982070922852 45.099998474121094
    endloop
  endfacet
  facet normal 0.9914448179083982 0.13052652237221013 0
    outer loop
      vertex 36.43788528442383 6.424982070922852 0
      vertex 36.85920333862305 3.224761962890625 45.099998474121094
      vertex 36.85920333862305 3.224761962890625 0
    endloop
  endfacet
  facet normal -0.6755902116379645 -0.7372773331243612 0
    outer loop
      vertex -26.16295051574707 -26.16295051574707 0
      vertex -23.78314208984375 -28.343643188476562 45.099998474121094
      vertex -26.16295051574707 -26.16295051574707 45.099998474121094
    endloop
  endfacet
  facet normal -0.6755902116379645 -0.7372773331243612 0
    outer loop
      vertex -23.78314208984375 -28.343643188476562 45.099998474121094
      vertex -26.16295051574707 -26.16295051574707 0
      vertex -23.78314208984375 -28.343643188476562 0
    endloop
  endfacet
  facet normal 0.9914448179083982 -0.13052652237221013 0
    outer loop
      vertex 36.43788528442383 -6.424982070922852 45.099998474121094
      vertex 36.85920333862305 -3.224761962890625 0
      vertex 36.85920333862305 -3.224761962890625 45.099998474121094
    endloop
  endfacet
  facet normal 0.9914448179083982 -0.13052652237221013 0
    outer loop
      vertex 36.85920333862305 -3.224761962890625 0
      vertex 36.43788528442383 -6.424982070922852 45.099998474121094
      vertex 36.43788528442383 -6.424982070922852 0
    endloop
  endfacet
  facet normal 0.9238792888517516 0.38268402061071455 0
    outer loop
      vertex 34.76862716674805 12.654745101928711 45.099998474121094
      vertex 33.53338623046875 15.63687515258789 0
      vertex 33.53338623046875 15.63687515258789 45.099998474121094
    endloop
  endfacet
  facet normal 0.9238792888517516 0.38268402061071455 0
    outer loop
      vertex 33.53338623046875 15.63687515258789 0
      vertex 34.76862716674805 12.654745101928711 45.099998474121094
      vertex 34.76862716674805 12.654745101928711 0
    endloop
  endfacet
  facet normal -0.30070529717335504 0.9537171091324116 0
    outer loop
      vertex -9.57630443572998 35.739253997802734 0
      vertex -12.654745101928711 34.76862716674805 45.099998474121094
      vertex -9.57630443572998 35.739253997802734 45.099998474121094
    endloop
  endfacet
  facet normal -0.30070529717335504 0.9537171091324116 0
    outer loop
      vertex -12.654745101928711 34.76862716674805 45.099998474121094
      vertex -9.57630443572998 35.739253997802734 0
      vertex -12.654745101928711 34.76862716674805 0
    endloop
  endfacet
  facet normal 0.9762960111737654 0.21643959565244744 0
    outer loop
      vertex 36.43788528442383 6.424982070922852 45.099998474121094
      vertex 35.739253997802734 9.57630443572998 0
      vertex 35.739253997802734 9.57630443572998 45.099998474121094
    endloop
  endfacet
  facet normal 0.9762960111737654 0.21643959565244744 0
    outer loop
      vertex 35.739253997802734 9.57630443572998 0
      vertex 36.43788528442383 6.424982070922852 45.099998474121094
      vertex 36.43788528442383 6.424982070922852 0
    endloop
  endfacet
  facet normal -0.9990482146503172 -0.0436195461234238 0
    outer loop
      vertex -36.85920333862305 -3.224761962890625 0
      vertex -37 0 45.099998474121094
      vertex -37 0 0
    endloop
  endfacet
  facet normal -0.9990482146503172 -0.0436195461234238 0
    outer loop
      vertex -37 0 45.099998474121094
      vertex -36.85920333862305 -3.224761962890625 0
      vertex -36.85920333862305 -3.224761962890625 45.099998474121094
    endloop
  endfacet
  facet normal 0.6087613236176853 0.7933534211606098 0
    outer loop
      vertex 23.78314208984375 28.343643188476562 0
      vertex 21.222328186035156 30.308624267578125 45.099998474121094
      vertex 23.78314208984375 28.343643188476562 45.099998474121094
    endloop
  endfacet
  facet normal 0.6087613236176853 0.7933534211606098 0
    outer loop
      vertex 21.222328186035156 30.308624267578125 45.099998474121094
      vertex 23.78314208984375 28.343643188476562 0
      vertex 21.222328186035156 30.308624267578125 0
    endloop
  endfacet
  facet normal 0.7372773331243612 0.6755902116379645 0
    outer loop
      vertex 28.343643188476562 23.78314208984375 45.099998474121094
      vertex 26.16295051574707 26.16295051574707 0
      vertex 26.16295051574707 26.16295051574707 45.099998474121094
    endloop
  endfacet
  facet normal 0.7372773331243612 0.6755902116379645 0
    outer loop
      vertex 26.16295051574707 26.16295051574707 0
      vertex 28.343643188476562 23.78314208984375 45.099998474121094
      vertex 28.343643188476562 23.78314208984375 0
    endloop
  endfacet
  facet normal 0.9537171091324116 0.30070529717335504 0
    outer loop
      vertex 35.739253997802734 9.57630443572998 45.099998474121094
      vertex 34.76862716674805 12.654745101928711 0
      vertex 34.76862716674805 12.654745101928711 45.099998474121094
    endloop
  endfacet
  facet normal 0.9537171091324116 0.30070529717335504 0
    outer loop
      vertex 34.76862716674805 12.654745101928711 0
      vertex 35.739253997802734 9.57630443572998 45.099998474121094
      vertex 35.739253997802734 9.57630443572998 0
    endloop
  endfacet
  facet normal 0.7933534211606098 -0.6087613236176853 0
    outer loop
      vertex 28.343643188476562 -23.78314208984375 45.099998474121094
      vertex 30.308624267578125 -21.222328186035156 0
      vertex 30.308624267578125 -21.222328186035156 45.099998474121094
    endloop
  endfacet
  facet normal 0.7933534211606098 -0.6087613236176853 0
    outer loop
      vertex 30.308624267578125 -21.222328186035156 0
      vertex 28.343643188476562 -23.78314208984375 45.099998474121094
      vertex 28.343643188476562 -23.78314208984375 0
    endloop
  endfacet
  facet normal 0.46174850132115103 0.8870108914368927 0
    outer loop
      vertex 18.5 32.042938232421875 0
      vertex 15.63687515258789 33.53338623046875 45.099998474121094
      vertex 18.5 32.042938232421875 45.099998474121094
    endloop
  endfacet
  facet normal 0.46174850132115103 0.8870108914368927 0
    outer loop
      vertex 15.63687515258789 33.53338623046875 45.099998474121094
      vertex 18.5 32.042938232421875 0
      vertex 15.63687515258789 33.53338623046875 0
    endloop
  endfacet
  facet normal -0.7372773331243612 0.6755902116379645 0
    outer loop
      vertex -28.343643188476562 23.78314208984375 0
      vertex -26.16295051574707 26.16295051574707 45.099998474121094
      vertex -26.16295051574707 26.16295051574707 0
    endloop
  endfacet
  facet normal -0.7372773331243612 0.6755902116379645 0
    outer loop
      vertex -26.16295051574707 26.16295051574707 45.099998474121094
      vertex -28.343643188476562 23.78314208984375 0
      vertex -28.343643188476562 23.78314208984375 45.099998474121094
    endloop
  endfacet
  facet normal -0.7933534211606098 0.6087613236176853 0
    outer loop
      vertex -30.308624267578125 21.222328186035156 0
      vertex -28.343643188476562 23.78314208984375 45.099998474121094
      vertex -28.343643188476562 23.78314208984375 0
    endloop
  endfacet
  facet normal -0.7933534211606098 0.6087613236176853 0
    outer loop
      vertex -28.343643188476562 23.78314208984375 45.099998474121094
      vertex -30.308624267578125 21.222328186035156 0
      vertex -30.308624267578125 21.222328186035156 45.099998474121094
    endloop
  endfacet
  facet normal -0.9238792888517516 -0.38268402061071455 0
    outer loop
      vertex -33.53338623046875 -15.63687515258789 0
      vertex -34.76862716674805 -12.654745101928711 45.099998474121094
      vertex -34.76862716674805 -12.654745101928711 0
    endloop
  endfacet
  facet normal -0.9238792888517516 -0.38268402061071455 0
    outer loop
      vertex -34.76862716674805 -12.654745101928711 45.099998474121094
      vertex -33.53338623046875 -15.63687515258789 0
      vertex -33.53338623046875 -15.63687515258789 45.099998474121094
    endloop
  endfacet
  facet normal 0.9990482146503172 -0.0436195461234238 0
    outer loop
      vertex 36.85920333862305 -3.224761962890625 45.099998474121094
      vertex 37 0 0
      vertex 37 0 45.099998474121094
    endloop
  endfacet
  facet normal 0.9990482146503172 -0.0436195461234238 0
    outer loop
      vertex 37 0 0
      vertex 36.85920333862305 -3.224761962890625 45.099998474121094
      vertex 36.85920333862305 -3.224761962890625 0
    endloop
  endfacet
  facet normal -0.7372773331243612 -0.6755902116379645 0
    outer loop
      vertex -26.16295051574707 -26.16295051574707 0
      vertex -28.343643188476562 -23.78314208984375 45.099998474121094
      vertex -28.343643188476562 -23.78314208984375 0
    endloop
  endfacet
  facet normal -0.7372773331243612 -0.6755902116379645 0
    outer loop
      vertex -28.343643188476562 -23.78314208984375 45.099998474121094
      vertex -26.16295051574707 -26.16295051574707 0
      vertex -26.16295051574707 -26.16295051574707 45.099998474121094
    endloop
  endfacet
  facet normal 0.6087613236176853 -0.7933534211606098 0
    outer loop
      vertex 21.222328186035156 -30.308624267578125 0
      vertex 23.78314208984375 -28.343643188476562 45.099998474121094
      vertex 21.222328186035156 -30.308624267578125 45.099998474121094
    endloop
  endfacet
  facet normal 0.6087613236176853 -0.7933534211606098 0
    outer loop
      vertex 23.78314208984375 -28.343643188476562 45.099998474121094
      vertex 21.222328186035156 -30.308624267578125 0
      vertex 23.78314208984375 -28.343643188476562 0
    endloop
  endfacet
  facet normal 0.5372995284334335 -0.8433914967233247 0
    outer loop
      vertex 18.5 -32.042938232421875 0
      vertex 21.222328186035156 -30.308624267578125 45.099998474121094
      vertex 18.5 -32.042938232421875 45.099998474121094
    endloop
  endfacet
  facet normal 0.5372995284334335 -0.8433914967233247 0
    outer loop
      vertex 21.222328186035156 -30.308624267578125 45.099998474121094
      vertex 18.5 -32.042938232421875 0
      vertex 21.222328186035156 -30.308624267578125 0
    endloop
  endfacet
  facet normal -0.21643959565244744 0.9762960111737654 0
    outer loop
      vertex -6.424982070922852 36.43788528442383 0
      vertex -9.57630443572998 35.739253997802734 45.099998474121094
      vertex -6.424982070922852 36.43788528442383 45.099998474121094
    endloop
  endfacet
  facet normal -0.21643959565244744 0.9762960111737654 0
    outer loop
      vertex -9.57630443572998 35.739253997802734 45.099998474121094
      vertex -6.424982070922852 36.43788528442383 0
      vertex -9.57630443572998 35.739253997802734 0
    endloop
  endfacet
  facet normal 0.6755902116379645 -0.7372773331243612 0
    outer loop
      vertex 23.78314208984375 -28.343643188476562 0
      vertex 26.16295051574707 -26.16295051574707 45.099998474121094
      vertex 23.78314208984375 -28.343643188476562 45.099998474121094
    endloop
  endfacet
  facet normal 0.6755902116379645 -0.7372773331243612 0
    outer loop
      vertex 26.16295051574707 -26.16295051574707 45.099998474121094
      vertex 23.78314208984375 -28.343643188476562 0
      vertex 26.16295051574707 -26.16295051574707 0
    endloop
  endfacet
  facet normal 0.13052652237221013 -0.9914448179083982 0
    outer loop
      vertex 3.224761962890625 -36.85920333862305 0
      vertex 6.424982070922852 -36.43788528442383 45.099998474121094
      vertex 3.224761962890625 -36.85920333862305 45.099998474121094
    endloop
  endfacet
  facet normal 0.13052652237221013 -0.9914448179083982 0
    outer loop
      vertex 6.424982070922852 -36.43788528442383 45.099998474121094
      vertex 3.224761962890625 -36.85920333862305 0
      vertex 6.424982070922852 -36.43788528442383 0
    endloop
  endfacet
  facet normal 0.8433914967233247 0.5372995284334335 0
    outer loop
      vertex 32.042938232421875 18.5 45.099998474121094
      vertex 30.308624267578125 21.222328186035156 0
      vertex 30.308624267578125 21.222328186035156 45.099998474121094
    endloop
  endfacet
  facet normal 0.8433914967233247 0.5372995284334335 0
    outer loop
      vertex 30.308624267578125 21.222328186035156 0
      vertex 32.042938232421875 18.5 45.099998474121094
      vertex 32.042938232421875 18.5 0
    endloop
  endfacet
  facet normal -0.6087613236176853 0.7933534211606098 0
    outer loop
      vertex -21.222328186035156 30.308624267578125 0
      vertex -23.78314208984375 28.343643188476562 45.099998474121094
      vertex -21.222328186035156 30.308624267578125 45.099998474121094
    endloop
  endfacet
  facet normal -0.6087613236176853 0.7933534211606098 0
    outer loop
      vertex -23.78314208984375 28.343643188476562 45.099998474121094
      vertex -21.222328186035156 30.308624267578125 0
      vertex -23.78314208984375 28.343643188476562 0
    endloop
  endfacet
  facet normal 0.8870108914368927 0.46174850132115103 0
    outer loop
      vertex 33.53338623046875 15.63687515258789 45.099998474121094
      vertex 32.042938232421875 18.5 0
      vertex 32.042938232421875 18.5 45.099998474121094
    endloop
  endfacet
  facet normal 0.8870108914368927 0.46174850132115103 0
    outer loop
      vertex 32.042938232421875 18.5 0
      vertex 33.53338623046875 15.63687515258789 45.099998474121094
      vertex 33.53338623046875 15.63687515258789 0
    endloop
  endfacet
  facet normal -0.8433914967233247 0.5372995284334335 0
    outer loop
      vertex -32.042938232421875 18.5 0
      vertex -30.308624267578125 21.222328186035156 45.099998474121094
      vertex -30.308624267578125 21.222328186035156 0
    endloop
  endfacet
  facet normal -0.8433914967233247 0.5372995284334335 0
    outer loop
      vertex -30.308624267578125 21.222328186035156 45.099998474121094
      vertex -32.042938232421875 18.5 0
      vertex -32.042938232421875 18.5 45.099998474121094
    endloop
  endfacet
  facet normal -0.8870108914368927 0.46174850132115103 0
    outer loop
      vertex -33.53338623046875 15.63687515258789 0
      vertex -32.042938232421875 18.5 45.099998474121094
      vertex -32.042938232421875 18.5 0
    endloop
  endfacet
  facet normal -0.8870108914368927 0.46174850132115103 0
    outer loop
      vertex -32.042938232421875 18.5 45.099998474121094
      vertex -33.53338623046875 15.63687515258789 0
      vertex -33.53338623046875 15.63687515258789 45.099998474121094
    endloop
  endfacet
  facet normal 0.0436195461234238 0.9990482146503172 0
    outer loop
      vertex 3.224761962890625 36.85920333862305 0
      vertex 0 37 45.099998474121094
      vertex 3.224761962890625 36.85920333862305 45.099998474121094
    endloop
  endfacet
  facet normal 0.0436195461234238 0.9990482146503172 0
    outer loop
      vertex 0 37 45.099998474121094
      vertex 3.224761962890625 36.85920333862305 0
      vertex 0 37 0
    endloop
  endfacet
  facet normal -0.9238792888517516 0.38268402061071455 0
    outer loop
      vertex -34.76862716674805 12.654745101928711 0
      vertex -33.53338623046875 15.63687515258789 45.099998474121094
      vertex -33.53338623046875 15.63687515258789 0
    endloop
  endfacet
  facet normal -0.9238792888517516 0.38268402061071455 0
    outer loop
      vertex -33.53338623046875 15.63687515258789 45.099998474121094
      vertex -34.76862716674805 12.654745101928711 0
      vertex -34.76862716674805 12.654745101928711 45.099998474121094
    endloop
  endfacet
  facet normal 0.9537171091324116 -0.30070529717335504 0
    outer loop
      vertex 34.76862716674805 -12.654745101928711 45.099998474121094
      vertex 35.739253997802734 -9.57630443572998 0
      vertex 35.739253997802734 -9.57630443572998 45.099998474121094
    endloop
  endfacet
  facet normal 0.9537171091324116 -0.30070529717335504 0
    outer loop
      vertex 35.739253997802734 -9.57630443572998 0
      vertex 34.76862716674805 -12.654745101928711 45.099998474121094
      vertex 34.76862716674805 -12.654745101928711 0
    endloop
  endfacet
  facet normal -0.9914448179083982 0.13052652237221013 0
    outer loop
      vertex -36.85920333862305 3.224761962890625 0
      vertex -36.43788528442383 6.424982070922852 45.099998474121094
      vertex -36.43788528442383 6.424982070922852 0
    endloop
  endfacet
  facet normal -0.9914448179083982 0.13052652237221013 0
    outer loop
      vertex -36.43788528442383 6.424982070922852 45.099998474121094
      vertex -36.85920333862305 3.224761962890625 0
      vertex -36.85920333862305 3.224761962890625 45.099998474121094
    endloop
  endfacet
  facet normal 0.30070529717335504 0.9537171091324116 0
    outer loop
      vertex 12.654745101928711 34.76862716674805 0
      vertex 9.57630443572998 35.739253997802734 45.099998474121094
      vertex 12.654745101928711 34.76862716674805 45.099998474121094
    endloop
  endfacet
  facet normal 0.30070529717335504 0.9537171091324116 0
    outer loop
      vertex 9.57630443572998 35.739253997802734 45.099998474121094
      vertex 12.654745101928711 34.76862716674805 0
      vertex 9.57630443572998 35.739253997802734 0
    endloop
  endfacet
  facet normal 0.7372773331243612 -0.6755902116379645 0
    outer loop
      vertex 26.16295051574707 -26.16295051574707 45.099998474121094
      vertex 28.343643188476562 -23.78314208984375 0
      vertex 28.343643188476562 -23.78314208984375 45.099998474121094
    endloop
  endfacet
  facet normal 0.7372773331243612 -0.6755902116379645 0
    outer loop
      vertex 28.343643188476562 -23.78314208984375 0
      vertex 26.16295051574707 -26.16295051574707 45.099998474121094
      vertex 26.16295051574707 -26.16295051574707 0
    endloop
  endfacet
  facet normal -0.9990482146503172 0.0436195461234238 0
    outer loop
      vertex -37 0 0
      vertex -36.85920333862305 3.224761962890625 45.099998474121094
      vertex -36.85920333862305 3.224761962890625 0
    endloop
  endfacet
  facet normal -0.9990482146503172 0.0436195461234238 0
    outer loop
      vertex -36.85920333862305 3.224761962890625 45.099998474121094
      vertex -37 0 0
      vertex -37 0 45.099998474121094
    endloop
  endfacet
  facet normal 0.46174850132115103 -0.8870108914368927 0
    outer loop
      vertex 15.63687515258789 -33.53338623046875 0
      vertex 18.5 -32.042938232421875 45.099998474121094
      vertex 15.63687515258789 -33.53338623046875 45.099998474121094
    endloop
  endfacet
  facet normal 0.46174850132115103 -0.8870108914368927 0
    outer loop
      vertex 18.5 -32.042938232421875 45.099998474121094
      vertex 15.63687515258789 -33.53338623046875 0
      vertex 18.5 -32.042938232421875 0
    endloop
  endfacet
  facet normal -0.46174850132115103 0.8870108914368927 0
    outer loop
      vertex -15.63687515258789 33.53338623046875 0
      vertex -18.5 32.042938232421875 45.099998474121094
      vertex -15.63687515258789 33.53338623046875 45.099998474121094
    endloop
  endfacet
  facet normal -0.46174850132115103 0.8870108914368927 0
    outer loop
      vertex -18.5 32.042938232421875 45.099998474121094
      vertex -15.63687515258789 33.53338623046875 0
      vertex -18.5 32.042938232421875 0
    endloop
  endfacet
  facet normal 0.6755902116379645 0.7372773331243612 0
    outer loop
      vertex 26.16295051574707 26.16295051574707 0
      vertex 23.78314208984375 28.343643188476562 45.099998474121094
      vertex 26.16295051574707 26.16295051574707 45.099998474121094
    endloop
  endfacet
  facet normal 0.6755902116379645 0.7372773331243612 0
    outer loop
      vertex 23.78314208984375 28.343643188476562 45.099998474121094
      vertex 26.16295051574707 26.16295051574707 0
      vertex 23.78314208984375 28.343643188476562 0
    endloop
  endfacet
  facet normal 0.7933534211606098 0.6087613236176853 0
    outer loop
      vertex 30.308624267578125 21.222328186035156 45.099998474121094
      vertex 28.343643188476562 23.78314208984375 0
      vertex 28.343643188476562 23.78314208984375 45.099998474121094
    endloop
  endfacet
  facet normal 0.7933534211606098 0.6087613236176853 0
    outer loop
      vertex 28.343643188476562 23.78314208984375 0
      vertex 30.308624267578125 21.222328186035156 45.099998474121094
      vertex 30.308624267578125 21.222328186035156 0
    endloop
  endfacet
  facet normal -0.9537171091324116 0.30070529717335504 0
    outer loop
      vertex -35.739253997802734 9.57630443572998 0
      vertex -34.76862716674805 12.654745101928711 45.099998474121094
      vertex -34.76862716674805 12.654745101928711 0
    endloop
  endfacet
  facet normal -0.9537171091324116 0.30070529717335504 0
    outer loop
      vertex -34.76862716674805 12.654745101928711 45.099998474121094
      vertex -35.739253997802734 9.57630443572998 0
      vertex -35.739253997802734 9.57630443572998 45.099998474121094
    endloop
  endfacet
  facet normal 0.9762960111737654 -0.21643959565244744 0
    outer loop
      vertex 35.739253997802734 -9.57630443572998 45.099998474121094
      vertex 36.43788528442383 -6.424982070922852 0
      vertex 36.43788528442383 -6.424982070922852 45.099998474121094
    endloop
  endfacet
  facet normal 0.9762960111737654 -0.21643959565244744 0
    outer loop
      vertex 36.43788528442383 -6.424982070922852 0
      vertex 35.739253997802734 -9.57630443572998 45.099998474121094
      vertex 35.739253997802734 -9.57630443572998 0
    endloop
  endfacet
  facet normal -0.9762960111737654 -0.21643959565244744 0
    outer loop
      vertex -35.739253997802734 -9.57630443572998 0
      vertex -36.43788528442383 -6.424982070922852 45.099998474121094
      vertex -36.43788528442383 -6.424982070922852 0
    endloop
  endfacet
  facet normal -0.9762960111737654 -0.21643959565244744 0
    outer loop
      vertex -36.43788528442383 -6.424982070922852 45.099998474121094
      vertex -35.739253997802734 -9.57630443572998 0
      vertex -35.739253997802734 -9.57630443572998 45.099998474121094
    endloop
  endfacet
  facet normal -0.13052652237221013 -0.9914448179083982 0
    outer loop
      vertex -6.424982070922852 -36.43788528442383 0
      vertex -3.224761962890625 -36.85920333862305 45.099998474121094
      vertex -6.424982070922852 -36.43788528442383 45.099998474121094
    endloop
  endfacet
  facet normal -0.13052652237221013 -0.9914448179083982 0
    outer loop
      vertex -3.224761962890625 -36.85920333862305 45.099998474121094
      vertex -6.424982070922852 -36.43788528442383 0
      vertex -3.224761962890625 -36.85920333862305 0
    endloop
  endfacet
  facet normal 0.38268402061071455 0.9238792888517516 0
    outer loop
      vertex 15.63687515258789 33.53338623046875 0
      vertex 12.654745101928711 34.76862716674805 45.099998474121094
      vertex 15.63687515258789 33.53338623046875 45.099998474121094
    endloop
  endfacet
  facet normal 0.38268402061071455 0.9238792888517516 0
    outer loop
      vertex 12.654745101928711 34.76862716674805 45.099998474121094
      vertex 15.63687515258789 33.53338623046875 0
      vertex 12.654745101928711 34.76862716674805 0
    endloop
  endfacet
  facet normal 0.8433914967233247 -0.5372995284334335 0
    outer loop
      vertex 30.308624267578125 -21.222328186035156 45.099998474121094
      vertex 32.042938232421875 -18.5 0
      vertex 32.042938232421875 -18.5 45.099998474121094
    endloop
  endfacet
  facet normal 0.8433914967233247 -0.5372995284334335 0
    outer loop
      vertex 32.042938232421875 -18.5 0
      vertex 30.308624267578125 -21.222328186035156 45.099998474121094
      vertex 30.308624267578125 -21.222328186035156 0
    endloop
  endfacet
  facet normal -0.9762960111737654 0.21643959565244744 0
    outer loop
      vertex -36.43788528442383 6.424982070922852 0
      vertex -35.739253997802734 9.57630443572998 45.099998474121094
      vertex -35.739253997802734 9.57630443572998 0
    endloop
  endfacet
  facet normal -0.9762960111737654 0.21643959565244744 0
    outer loop
      vertex -35.739253997802734 9.57630443572998 45.099998474121094
      vertex -36.43788528442383 6.424982070922852 0
      vertex -36.43788528442383 6.424982070922852 45.099998474121094
    endloop
  endfacet
  facet normal -0.13052652237221013 0.9914448179083982 0
    outer loop
      vertex -3.224761962890625 36.85920333862305 0
      vertex -6.424982070922852 36.43788528442383 45.099998474121094
      vertex -3.224761962890625 36.85920333862305 45.099998474121094
    endloop
  endfacet
  facet normal -0.13052652237221013 0.9914448179083982 0
    outer loop
      vertex -6.424982070922852 36.43788528442383 45.099998474121094
      vertex -3.224761962890625 36.85920333862305 0
      vertex -6.424982070922852 36.43788528442383 0
    endloop
  endfacet
  facet normal -0.0436195461234238 0.9990482146503172 0
    outer loop
      vertex 0 37 0
      vertex -3.224761962890625 36.85920333862305 45.099998474121094
      vertex 0 37 45.099998474121094
    endloop
  endfacet
  facet normal -0.0436195461234238 0.9990482146503172 0
    outer loop
      vertex -3.224761962890625 36.85920333862305 45.099998474121094
      vertex 0 37 0
      vertex -3.224761962890625 36.85920333862305 0
    endloop
  endfacet
  facet normal -0.6755902116379645 0.7372773331243612 0
    outer loop
      vertex -23.78314208984375 28.343643188476562 0
      vertex -26.16295051574707 26.16295051574707 45.099998474121094
      vertex -23.78314208984375 28.343643188476562 45.099998474121094
    endloop
  endfacet
  facet normal -0.6755902116379645 0.7372773331243612 0
    outer loop
      vertex -26.16295051574707 26.16295051574707 45.099998474121094
      vertex -23.78314208984375 28.343643188476562 0
      vertex -26.16295051574707 26.16295051574707 0
    endloop
  endfacet
  facet normal 0.8870108914368927 -0.46174850132115103 0
    outer loop
      vertex 32.042938232421875 -18.5 45.099998474121094
      vertex 33.53338623046875 -15.63687515258789 0
      vertex 33.53338623046875 -15.63687515258789 45.099998474121094
    endloop
  endfacet
  facet normal 0.8870108914368927 -0.46174850132115103 0
    outer loop
      vertex 33.53338623046875 -15.63687515258789 0
      vertex 32.042938232421875 -18.5 45.099998474121094
      vertex 32.042938232421875 -18.5 0
    endloop
  endfacet
  facet normal -0.8433914967233247 -0.5372995284334335 0
    outer loop
      vertex -30.308624267578125 -21.222328186035156 0
      vertex -32.042938232421875 -18.5 45.099998474121094
      vertex -32.042938232421875 -18.5 0
    endloop
  endfacet
  facet normal -0.8433914967233247 -0.5372995284334335 0
    outer loop
      vertex -32.042938232421875 -18.5 45.099998474121094
      vertex -30.308624267578125 -21.222328186035156 0
      vertex -30.308624267578125 -21.222328186035156 45.099998474121094
    endloop
  endfacet
  facet normal -0.38268402061071455 -0.9238792888517516 0
    outer loop
      vertex -15.63687515258789 -33.53338623046875 0
      vertex -12.654745101928711 -34.76862716674805 45.099998474121094
      vertex -15.63687515258789 -33.53338623046875 45.099998474121094
    endloop
  endfacet
  facet normal -0.38268402061071455 -0.9238792888517516 0
    outer loop
      vertex -12.654745101928711 -34.76862716674805 45.099998474121094
      vertex -15.63687515258789 -33.53338623046875 0
      vertex -12.654745101928711 -34.76862716674805 0
    endloop
  endfacet
  facet normal -0.21643959565244744 -0.9762960111737654 0
    outer loop
      vertex -9.57630443572998 -35.739253997802734 0
      vertex -6.424982070922852 -36.43788528442383 45.099998474121094
      vertex -9.57630443572998 -35.739253997802734 45.099998474121094
    endloop
  endfacet
  facet normal -0.21643959565244744 -0.9762960111737654 0
    outer loop
      vertex -6.424982070922852 -36.43788528442383 45.099998474121094
      vertex -9.57630443572998 -35.739253997802734 0
      vertex -6.424982070922852 -36.43788528442383 0
    endloop
  endfacet
  facet normal -0.38268402061071455 0.9238792888517516 0
    outer loop
      vertex -12.654745101928711 34.76862716674805 0
      vertex -15.63687515258789 33.53338623046875 45.099998474121094
      vertex -12.654745101928711 34.76862716674805 45.099998474121094
    endloop
  endfacet
  facet normal -0.38268402061071455 0.9238792888517516 0
    outer loop
      vertex -15.63687515258789 33.53338623046875 45.099998474121094
      vertex -12.654745101928711 34.76862716674805 0
      vertex -15.63687515258789 33.53338623046875 0
    endloop
  endfacet
  facet normal -0.7933534211606098 -0.6087613236176853 0
    outer loop
      vertex -28.343643188476562 -23.78314208984375 0
      vertex -30.308624267578125 -21.222328186035156 45.099998474121094
      vertex -30.308624267578125 -21.222328186035156 0
    endloop
  endfacet
  facet normal -0.7933534211606098 -0.6087613236176853 0
    outer loop
      vertex -30.308624267578125 -21.222328186035156 45.099998474121094
      vertex -28.343643188476562 -23.78314208984375 0
      vertex -28.343643188476562 -23.78314208984375 45.099998474121094
    endloop
  endfacet
  facet normal 0.38268402061071455 -0.9238792888517516 0
    outer loop
      vertex 12.654745101928711 -34.76862716674805 0
      vertex 15.63687515258789 -33.53338623046875 45.099998474121094
      vertex 12.654745101928711 -34.76862716674805 45.099998474121094
    endloop
  endfacet
  facet normal 0.38268402061071455 -0.9238792888517516 0
    outer loop
      vertex 15.63687515258789 -33.53338623046875 45.099998474121094
      vertex 12.654745101928711 -34.76862716674805 0
      vertex 15.63687515258789 -33.53338623046875 0
    endloop
  endfacet
  facet normal -0.0436195461234238 -0.9990482146503172 0
    outer loop
      vertex -3.224761962890625 -36.85920333862305 0
      vertex 0 -37 45.099998474121094
      vertex -3.224761962890625 -36.85920333862305 45.099998474121094
    endloop
  endfacet
  facet normal -0.0436195461234238 -0.9990482146503172 0
    outer loop
      vertex 0 -37 45.099998474121094
      vertex -3.224761962890625 -36.85920333862305 0
      vertex 0 -37 0
    endloop
  endfacet
  facet normal -0.5372995284334335 -0.8433914967233247 0
    outer loop
      vertex -21.222328186035156 -30.308624267578125 0
      vertex -18.5 -32.042938232421875 45.099998474121094
      vertex -21.222328186035156 -30.308624267578125 45.099998474121094
    endloop
  endfacet
  facet normal -0.5372995284334335 -0.8433914967233247 0
    outer loop
      vertex -18.5 -32.042938232421875 45.099998474121094
      vertex -21.222328186035156 -30.308624267578125 0
      vertex -18.5 -32.042938232421875 0
    endloop
  endfacet
  facet normal -0.8870108914368927 -0.46174850132115103 0
    outer loop
      vertex -32.042938232421875 -18.5 0
      vertex -33.53338623046875 -15.63687515258789 45.099998474121094
      vertex -33.53338623046875 -15.63687515258789 0
    endloop
  endfacet
  facet normal -0.8870108914368927 -0.46174850132115103 0
    outer loop
      vertex -33.53338623046875 -15.63687515258789 45.099998474121094
      vertex -32.042938232421875 -18.5 0
      vertex -32.042938232421875 -18.5 45.099998474121094
    endloop
  endfacet
  facet normal 0 0 1
    outer loop
      vertex 36.82056427001953 3.1172704696655273 45.099998474121094
      vertex 37 0 45.099998474121094
      vertex 36.85920333862305 3.224761962890625 45.099998474121094
    endloop
  endfacet
  facet normal 0 0 1
    outer loop
      vertex 37 0 45.099998474121094
      vertex 36.82056427001953 3.1172704696655273 45.099998474121094
      vertex 36.9566650390625 0 45.099998474121094
    endloop
  endfacet
  facet normal 0 0 1
    outer loop
      vertex 36.85920333862305 3.224761962890625 45.099998474121094
      vertex 36.816036224365234 3.220985174179077 45.099998474121094
      vertex 36.82056427001953 3.1172704696655273 45.099998474121094
    endloop
  endfacet
  facet normal 0 0 1
    outer loop
      vertex 36.85920333862305 3.224761962890625 45.099998474121094
      vertex 36.802486419677734 3.323910713195801 45.099998474121094
      vertex 36.816036224365234 3.220985174179077 45.099998474121094
    endloop
  endfacet
  facet normal 0 0 1
    outer loop
      vertex 36.43788528442383 6.424982070922852 45.099998474121094
      vertex 36.802486419677734 3.323910713195801 45.099998474121094
      vertex 36.85920333862305 3.224761962890625 45.099998474121094
    endloop
  endfacet
  facet normal 0 0 1
    outer loop
      vertex 36.43788528442383 6.424982070922852 45.099998474121094
      vertex 36.39521026611328 6.417457580566406 45.099998474121094
      vertex 36.802486419677734 3.323910713195801 45.099998474121094
    endloop
  endfacet
  facet normal 0 0 1
    outer loop
      vertex 36.43788528442383 6.424982070922852 45.099998474121094
      vertex 36.37274169921875 6.518810272216797 45.099998474121094
      vertex 36.39521026611328 6.417457580566406 45.099998474121094
    endloop
  endfacet
  facet normal 0 0 1
    outer loop
      vertex 35.739253997802734 9.57630443572998 45.099998474121094
      vertex 36.37274169921875 6.518810272216797 45.099998474121094
      vertex 36.43788528442383 6.424982070922852 45.099998474121094
    endloop
  endfacet
  facet normal 0 0 1
    outer loop
      vertex 35.739253997802734 9.57630443572998 45.099998474121094
      vertex 35.6973991394043 9.565089225769043 45.099998474121094
      vertex 36.37274169921875 6.518810272216797 45.099998474121094
    endloop
  endfacet
  facet normal 0 0 1
    outer loop
      vertex 34.759124755859375 12.540915489196777 45.099998474121094
      vertex 35.739253997802734 9.57630443572998 45.099998474121094
      vertex 34.76862716674805 12.654745101928711 45.099998474121094
    endloop
  endfacet
  facet normal 0 0 1
    outer loop
      vertex 35.739253997802734 9.57630443572998 45.099998474121094
      vertex 34.759124755859375 12.540915489196777 45.099998474121094
      vertex 35.6973991394043 9.565089225769043 45.099998474121094
    endloop
  endfacet
  facet normal 0 0 1
    outer loop
      vertex 34.76862716674805 12.654745101928711 45.099998474121094
      vertex 34.7279052734375 12.639924049377441 45.099998474121094
      vertex 34.759124755859375 12.540915489196777 45.099998474121094
    endloop
  endfacet
  facet normal 0 0 1
    outer loop
      vertex 34.76862716674805 12.654745101928711 45.099998474121094
      vertex 34.68817901611328 12.735835075378418 45.099998474121094
      vertex 34.7279052734375 12.639924049377441 45.099998474121094
    endloop
  endfacet
  facet normal 0 0 1
    outer loop
      vertex 33.53338623046875 15.63687515258789 45.099998474121094
      vertex 34.68817901611328 12.735835075378418 45.099998474121094
      vertex 34.76862716674805 12.654745101928711 45.099998474121094
    endloop
  endfacet
  facet normal 0 0 1
    outer loop
      vertex 33.53338623046875 15.63687515258789 45.099998474121094
      vertex 33.49411392211914 15.618561744689941 45.099998474121094
      vertex 34.68817901611328 12.735835075378418 45.099998474121094
    endloop
  endfacet
  facet normal 0 0 1
    outer loop
      vertex 33.53338623046875 15.63687515258789 45.099998474121094
      vertex 33.4461784362793 15.71064567565918 45.099998474121094
      vertex 33.49411392211914 15.618561744689941 45.099998474121094
    endloop
  endfacet
  facet normal 0 0 1
    outer loop
      vertex 32.042938232421875 18.5 45.099998474121094
      vertex 33.4461784362793 15.71064567565918 45.099998474121094
      vertex 33.53338623046875 15.63687515258789 45.099998474121094
    endloop
  endfacet
  facet normal 0 0 1
    outer loop
      vertex 32.042938232421875 18.5 45.099998474121094
      vertex 32.00541305541992 18.47833251953125 45.099998474121094
      vertex 33.4461784362793 15.71064567565918 45.099998474121094
    endloop
  endfacet
  facet normal 0 0 1
    outer loop
      vertex 32.042938232421875 18.5 45.099998474121094
      vertex 31.94963264465332 18.565889358520508 45.099998474121094
      vertex 32.00541305541992 18.47833251953125 45.099998474121094
    endloop
  endfacet
  facet normal 0 0 1
    outer loop
      vertex 30.308624267578125 21.222328186035156 45.099998474121094
      vertex 31.94963264465332 18.565889358520508 45.099998474121094
      vertex 32.042938232421875 18.5 45.099998474121094
    endloop
  endfacet
  facet normal 0 0 1
    outer loop
      vertex 30.308624267578125 21.222328186035156 45.099998474121094
      vertex 30.273128509521484 21.197471618652344 45.099998474121094
      vertex 31.94963264465332 18.565889358520508 45.099998474121094
    endloop
  endfacet
  facet normal 0 0 1
    outer loop
      vertex 30.308624267578125 21.222328186035156 45.099998474121094
      vertex 28.373647689819336 23.67292594909668 45.099998474121094
      vertex 30.273128509521484 21.197471618652344 45.099998474121094
    endloop
  endfacet
  facet normal 0 0 1
    outer loop
      vertex 28.343643188476562 23.78314208984375 45.099998474121094
      vertex 28.373647689819336 23.67292594909668 45.099998474121094
      vertex 30.308624267578125 21.222328186035156 45.099998474121094
    endloop
  endfacet
  facet normal 0 0 1
    outer loop
      vertex 28.343643188476562 23.78314208984375 45.099998474121094
      vertex 28.310449600219727 23.755287170410156 45.099998474121094
      vertex 28.373647689819336 23.67292594909668 45.099998474121094
    endloop
  endfacet
  facet normal 0 0 1
    outer loop
      vertex 28.343643188476562 23.78314208984375 45.099998474121094
      vertex 26.202444076538086 26.055770874023438 45.099998474121094
      vertex 28.310449600219727 23.755287170410156 45.099998474121094
    endloop
  endfacet
  facet normal 0 0 1
    outer loop
      vertex 26.16295051574707 26.16295051574707 45.099998474121094
      vertex 26.202444076538086 26.055770874023438 45.099998474121094
      vertex 28.343643188476562 23.78314208984375 45.099998474121094
    endloop
  endfacet
  facet normal 0 0 1
    outer loop
      vertex 26.16295051574707 26.16295051574707 45.099998474121094
      vertex 26.132308959960938 26.132308959960938 45.099998474121094
      vertex 26.202444076538086 26.055770874023438 45.099998474121094
    endloop
  endfacet
  facet normal 0 0 1
    outer loop
      vertex 26.16295051574707 26.16295051574707 45.099998474121094
      vertex 26.055770874023438 26.202444076538086 45.099998474121094
      vertex 26.132308959960938 26.132308959960938 45.099998474121094
    endloop
  endfacet
  facet normal 0 0 1
    outer loop
      vertex 23.78314208984375 28.343643188476562 45.099998474121094
      vertex 26.055770874023438 26.202444076538086 45.099998474121094
      vertex 26.16295051574707 26.16295051574707 45.099998474121094
    endloop
  endfacet
  facet normal 0 0 1
    outer loop
      vertex 23.78314208984375 28.343643188476562 45.099998474121094
      vertex 23.755287170410156 28.310449600219727 45.099998474121094
      vertex 26.055770874023438 26.202444076538086 45.099998474121094
    endloop
  endfacet
  facet normal 0 0 1
    outer loop
      vertex 23.78314208984375 28.343643188476562 45.099998474121094
      vertex 23.67292594909668 28.373647689819336 45.099998474121094
      vertex 23.755287170410156 28.310449600219727 45.099998474121094
    endloop
  endfacet
  facet normal 0 0 1
    outer loop
      vertex 21.222328186035156 30.308624267578125 45.099998474121094
      vertex 23.67292594909668 28.373647689819336 45.099998474121094
      vertex 23.78314208984375 28.343643188476562 45.099998474121094
    endloop
  endfacet
  facet normal 0 0 1
    outer loop
      vertex 21.222328186035156 30.308624267578125 45.099998474121094
      vertex 21.197471618652344 30.273128509521484 45.099998474121094
      vertex 23.67292594909668 28.373647689819336 45.099998474121094
    endloop
  endfacet
  facet normal 0 0 1
    outer loop
      vertex 21.222328186035156 30.308624267578125 45.099998474121094
      vertex 18.565889358520508 31.94963264465332 45.099998474121094
      vertex 21.197471618652344 30.273128509521484 45.099998474121094
    endloop
  endfacet
  facet normal 0 0 1
    outer loop
      vertex 18.5 32.042938232421875 45.099998474121094
      vertex 18.565889358520508 31.94963264465332 45.099998474121094
      vertex 21.222328186035156 30.308624267578125 45.099998474121094
    endloop
  endfacet
  facet normal 0 0 1
    outer loop
      vertex 18.5 32.042938232421875 45.099998474121094
      vertex 18.47833251953125 32.00541305541992 45.099998474121094
      vertex 18.565889358520508 31.94963264465332 45.099998474121094
    endloop
  endfacet
  facet normal 0 0 1
    outer loop
      vertex 18.5 32.042938232421875 45.099998474121094
      vertex 15.71064567565918 33.4461784362793 45.099998474121094
      vertex 18.47833251953125 32.00541305541992 45.099998474121094
    endloop
  endfacet
  facet normal 0 0 1
    outer loop
      vertex 15.63687515258789 33.53338623046875 45.099998474121094
      vertex 15.71064567565918 33.4461784362793 45.099998474121094
      vertex 18.5 32.042938232421875 45.099998474121094
    endloop
  endfacet
  facet normal 0 0 1
    outer loop
      vertex 15.63687515258789 33.53338623046875 45.099998474121094
      vertex 15.618561744689941 33.49411392211914 45.099998474121094
      vertex 15.71064567565918 33.4461784362793 45.099998474121094
    endloop
  endfacet
  facet normal 0 0 1
    outer loop
      vertex 15.63687515258789 33.53338623046875 45.099998474121094
      vertex 12.735835075378418 34.68817901611328 45.099998474121094
      vertex 15.618561744689941 33.49411392211914 45.099998474121094
    endloop
  endfacet
  facet normal 0 0 1
    outer loop
      vertex 12.654745101928711 34.76862716674805 45.099998474121094
      vertex 12.735835075378418 34.68817901611328 45.099998474121094
      vertex 15.63687515258789 33.53338623046875 45.099998474121094
    endloop
  endfacet
  facet normal 0 0 1
    outer loop
      vertex 12.654745101928711 34.76862716674805 45.099998474121094
      vertex 12.639924049377441 34.7279052734375 45.099998474121094
      vertex 12.735835075378418 34.68817901611328 45.099998474121094
    endloop
  endfacet
  facet normal 0 0 1
    outer loop
      vertex 12.654745101928711 34.76862716674805 45.099998474121094
      vertex 12.540915489196777 34.759124755859375 45.099998474121094
      vertex 12.639924049377441 34.7279052734375 45.099998474121094
    endloop
  endfacet
  facet normal 0 0 1
    outer loop
      vertex 9.57630443572998 35.739253997802734 45.099998474121094
      vertex 12.540915489196777 34.759124755859375 45.099998474121094
      vertex 12.654745101928711 34.76862716674805 45.099998474121094
    endloop
  endfacet
  facet normal 0 0 1
    outer loop
      vertex 9.57630443572998 35.739253997802734 45.099998474121094
      vertex 9.565089225769043 35.6973991394043 45.099998474121094
      vertex 12.540915489196777 34.759124755859375 45.099998474121094
    endloop
  endfacet
  facet normal 0 0 1
    outer loop
      vertex 9.57630443572998 35.739253997802734 45.099998474121094
      vertex 6.518810272216797 36.37274169921875 45.099998474121094
      vertex 9.565089225769043 35.6973991394043 45.099998474121094
    endloop
  endfacet
  facet normal 0 0 1
    outer loop
      vertex 6.424982070922852 36.43788528442383 45.099998474121094
      vertex 6.518810272216797 36.37274169921875 45.099998474121094
      vertex 9.57630443572998 35.739253997802734 45.099998474121094
    endloop
  endfacet
  facet normal 0 0 1
    outer loop
      vertex 6.424982070922852 36.43788528442383 45.099998474121094
      vertex 6.417457580566406 36.39521026611328 45.099998474121094
      vertex 6.518810272216797 36.37274169921875 45.099998474121094
    endloop
  endfacet
  facet normal 0 0 1
    outer loop
      vertex 6.424982070922852 36.43788528442383 45.099998474121094
      vertex 3.323910713195801 36.802486419677734 45.099998474121094
      vertex 6.417457580566406 36.39521026611328 45.099998474121094
    endloop
  endfacet
  facet normal 0 0 1
    outer loop
      vertex 3.224761962890625 36.85920333862305 45.099998474121094
      vertex 3.323910713195801 36.802486419677734 45.099998474121094
      vertex 6.424982070922852 36.43788528442383 45.099998474121094
    endloop
  endfacet
  facet normal 0 0 1
    outer loop
      vertex 3.224761962890625 36.85920333862305 45.099998474121094
      vertex 3.220985174179077 36.816036224365234 45.099998474121094
      vertex 3.323910713195801 36.802486419677734 45.099998474121094
    endloop
  endfacet
  facet normal 0 0 1
    outer loop
      vertex 3.224761962890625 36.85920333862305 45.099998474121094
      vertex 3.1172704696655273 36.82056427001953 45.099998474121094
      vertex 3.220985174179077 36.816036224365234 45.099998474121094
    endloop
  endfacet
  facet normal 0 0 1
    outer loop
      vertex 0 37 45.099998474121094
      vertex 3.1172704696655273 36.82056427001953 45.099998474121094
      vertex 3.224761962890625 36.85920333862305 45.099998474121094
    endloop
  endfacet
  facet normal 0 0 1
    outer loop
      vertex 0 37 45.099998474121094
      vertex 0 36.9566650390625 45.099998474121094
      vertex 3.1172704696655273 36.82056427001953 45.099998474121094
    endloop
  endfacet
  facet normal 0 0 1
    outer loop
      vertex 0 37 45.099998474121094
      vertex -3.1172704696655273 36.82056427001953 45.099998474121094
      vertex 0 36.9566650390625 45.099998474121094
    endloop
  endfacet
  facet normal 0 0 1
    outer loop
      vertex -3.224761962890625 36.85920333862305 45.099998474121094
      vertex -3.1172704696655273 36.82056427001953 45.099998474121094
      vertex 0 37 45.099998474121094
    endloop
  endfacet
  facet normal 0 0 1
    outer loop
      vertex -3.1172704696655273 36.82056427001953 45.099998474121094
      vertex -3.224761962890625 36.85920333862305 45.099998474121094
      vertex -3.220985174179077 36.816036224365234 45.099998474121094
    endloop
  endfacet
  facet normal 0 0 1
    outer loop
      vertex -3.224761962890625 36.85920333862305 45.099998474121094
      vertex -3.323910713195801 36.802486419677734 45.099998474121094
      vertex -3.220985174179077 36.816036224365234 45.099998474121094
    endloop
  endfacet
  facet normal 0 0 1
    outer loop
      vertex -6.424982070922852 36.43788528442383 45.099998474121094
      vertex -3.323910713195801 36.802486419677734 45.099998474121094
      vertex -3.224761962890625 36.85920333862305 45.099998474121094
    endloop
  endfacet
  facet normal 0 0 1
    outer loop
      vertex -3.323910713195801 36.802486419677734 45.099998474121094
      vertex -6.424982070922852 36.43788528442383 45.099998474121094
      vertex -6.417457580566406 36.39521026611328 45.099998474121094
    endloop
  endfacet
  facet normal 0 0 1
    outer loop
      vertex -6.424982070922852 36.43788528442383 45.099998474121094
      vertex -6.518810272216797 36.37274169921875 45.099998474121094
      vertex -6.417457580566406 36.39521026611328 45.099998474121094
    endloop
  endfacet
  facet normal 0 0 1
    outer loop
      vertex -9.57630443572998 35.739253997802734 45.099998474121094
      vertex -6.518810272216797 36.37274169921875 45.099998474121094
      vertex -6.424982070922852 36.43788528442383 45.099998474121094
    endloop
  endfacet
  facet normal 0 0 1
    outer loop
      vertex -6.518810272216797 36.37274169921875 45.099998474121094
      vertex -9.57630443572998 35.739253997802734 45.099998474121094
      vertex -9.565089225769043 35.6973991394043 45.099998474121094
    endloop
  endfacet
  facet normal 0 0 1
    outer loop
      vertex -9.57630443572998 35.739253997802734 45.099998474121094
      vertex -12.540915489196777 34.759124755859375 45.099998474121094
      vertex -9.565089225769043 35.6973991394043 45.099998474121094
    endloop
  endfacet
  facet normal 0 0 1
    outer loop
      vertex -12.654745101928711 34.76862716674805 45.099998474121094
      vertex -12.540915489196777 34.759124755859375 45.099998474121094
      vertex -9.57630443572998 35.739253997802734 45.099998474121094
    endloop
  endfacet
  facet normal 0 0 1
    outer loop
      vertex -12.540915489196777 34.759124755859375 45.099998474121094
      vertex -12.654745101928711 34.76862716674805 45.099998474121094
      vertex -12.639924049377441 34.7279052734375 45.099998474121094
    endloop
  endfacet
  facet normal 0 0 1
    outer loop
      vertex -12.654745101928711 34.76862716674805 45.099998474121094
      vertex -12.735835075378418 34.68817901611328 45.099998474121094
      vertex -12.639924049377441 34.7279052734375 45.099998474121094
    endloop
  endfacet
  facet normal 0 0 1
    outer loop
      vertex -15.63687515258789 33.53338623046875 45.099998474121094
      vertex -12.735835075378418 34.68817901611328 45.099998474121094
      vertex -12.654745101928711 34.76862716674805 45.099998474121094
    endloop
  endfacet
  facet normal 0 0 1
    outer loop
      vertex -12.735835075378418 34.68817901611328 45.099998474121094
      vertex -15.63687515258789 33.53338623046875 45.099998474121094
      vertex -15.618561744689941 33.49411392211914 45.099998474121094
    endloop
  endfacet
  facet normal 0 0 1
    outer loop
      vertex -15.63687515258789 33.53338623046875 45.099998474121094
      vertex -15.71064567565918 33.4461784362793 45.099998474121094
      vertex -15.618561744689941 33.49411392211914 45.099998474121094
    endloop
  endfacet
  facet normal 0 0 1
    outer loop
      vertex -18.5 32.042938232421875 45.099998474121094
      vertex -15.71064567565918 33.4461784362793 45.099998474121094
      vertex -15.63687515258789 33.53338623046875 45.099998474121094
    endloop
  endfacet
  facet normal 0 0 1
    outer loop
      vertex -15.71064567565918 33.4461784362793 45.099998474121094
      vertex -18.5 32.042938232421875 45.099998474121094
      vertex -18.47833251953125 32.00541305541992 45.099998474121094
    endloop
  endfacet
  facet normal 0 0 1
    outer loop
      vertex -18.5 32.042938232421875 45.099998474121094
      vertex -18.565889358520508 31.94963264465332 45.099998474121094
      vertex -18.47833251953125 32.00541305541992 45.099998474121094
    endloop
  endfacet
  facet normal 0 0 1
    outer loop
      vertex -21.222328186035156 30.308624267578125 45.099998474121094
      vertex -18.565889358520508 31.94963264465332 45.099998474121094
      vertex -18.5 32.042938232421875 45.099998474121094
    endloop
  endfacet
  facet normal 0 0 1
    outer loop
      vertex -18.565889358520508 31.94963264465332 45.099998474121094
      vertex -21.222328186035156 30.308624267578125 45.099998474121094
      vertex -21.197471618652344 30.273128509521484 45.099998474121094
    endloop
  endfacet
  facet normal 0 0 1
    outer loop
      vertex -21.222328186035156 30.308624267578125 45.099998474121094
      vertex -23.67292594909668 28.373647689819336 45.099998474121094
      vertex -21.197471618652344 30.273128509521484 45.099998474121094
    endloop
  endfacet
  facet normal 0 0 1
    outer loop
      vertex -23.78314208984375 28.343643188476562 45.099998474121094
      vertex -23.67292594909668 28.373647689819336 45.099998474121094
      vertex -21.222328186035156 30.308624267578125 45.099998474121094
    endloop
  endfacet
  facet normal 0 0 1
    outer loop
      vertex -23.67292594909668 28.373647689819336 45.099998474121094
      vertex -23.78314208984375 28.343643188476562 45.099998474121094
      vertex -23.755287170410156 28.310449600219727 45.099998474121094
    endloop
  endfacet
  facet normal 0 0 1
    outer loop
      vertex -23.78314208984375 28.343643188476562 45.099998474121094
      vertex -26.055770874023438 26.202444076538086 45.099998474121094
      vertex -23.755287170410156 28.310449600219727 45.099998474121094
    endloop
  endfacet
  facet normal 0 0 1
    outer loop
      vertex -26.16295051574707 26.16295051574707 45.099998474121094
      vertex -26.055770874023438 26.202444076538086 45.099998474121094
      vertex -23.78314208984375 28.343643188476562 45.099998474121094
    endloop
  endfacet
  facet normal 0 0 1
    outer loop
      vertex -26.055770874023438 26.202444076538086 45.099998474121094
      vertex -26.16295051574707 26.16295051574707 45.099998474121094
      vertex -26.132308959960938 26.132308959960938 45.099998474121094
    endloop
  endfacet
  facet normal 0 0 1
    outer loop
      vertex -26.16295051574707 26.16295051574707 45.099998474121094
      vertex -26.202444076538086 26.055770874023438 45.099998474121094
      vertex -26.132308959960938 26.132308959960938 45.099998474121094
    endloop
  endfacet
  facet normal 0 0 1
    outer loop
      vertex -28.343643188476562 23.78314208984375 45.099998474121094
      vertex -26.202444076538086 26.055770874023438 45.099998474121094
      vertex -26.16295051574707 26.16295051574707 45.099998474121094
    endloop
  endfacet
  facet normal 0 0 1
    outer loop
      vertex -26.202444076538086 26.055770874023438 45.099998474121094
      vertex -28.343643188476562 23.78314208984375 45.099998474121094
      vertex -28.310449600219727 23.755287170410156 45.099998474121094
    endloop
  endfacet
  facet normal 0 0 1
    outer loop
      vertex -28.343643188476562 23.78314208984375 45.099998474121094
      vertex -28.373647689819336 23.67292594909668 45.099998474121094
      vertex -28.310449600219727 23.755287170410156 45.099998474121094
    endloop
  endfacet
  facet normal 0 0 1
    outer loop
      vertex -30.308624267578125 21.222328186035156 45.099998474121094
      vertex -28.373647689819336 23.67292594909668 45.099998474121094
      vertex -28.343643188476562 23.78314208984375 45.099998474121094
    endloop
  endfacet
  facet normal 0 0 1
    outer loop
      vertex -28.373647689819336 23.67292594909668 45.099998474121094
      vertex -30.308624267578125 21.222328186035156 45.099998474121094
      vertex -30.273128509521484 21.197471618652344 45.099998474121094
    endloop
  endfacet
  facet normal 0 0 1
    outer loop
      vertex -30.308624267578125 21.222328186035156 45.099998474121094
      vertex -31.94963264465332 18.565889358520508 45.099998474121094
      vertex -30.273128509521484 21.197471618652344 45.099998474121094
    endloop
  endfacet
  facet normal 0 0 1
    outer loop
      vertex -32.042938232421875 18.5 45.099998474121094
      vertex -31.94963264465332 18.565889358520508 45.099998474121094
      vertex -30.308624267578125 21.222328186035156 45.099998474121094
    endloop
  endfacet
  facet normal 0 0 1
    outer loop
      vertex -31.94963264465332 18.565889358520508 45.099998474121094
      vertex -32.042938232421875 18.5 45.099998474121094
      vertex -32.00541305541992 18.47833251953125 45.099998474121094
    endloop
  endfacet
  facet normal 0 0 1
    outer loop
      vertex -32.042938232421875 18.5 45.099998474121094
      vertex -33.4461784362793 15.71064567565918 45.099998474121094
      vertex -32.00541305541992 18.47833251953125 45.099998474121094
    endloop
  endfacet
  facet normal 0 0 1
    outer loop
      vertex -33.53338623046875 15.63687515258789 45.099998474121094
      vertex -33.4461784362793 15.71064567565918 45.099998474121094
      vertex -32.042938232421875 18.5 45.099998474121094
    endloop
  endfacet
  facet normal 0 0 1
    outer loop
      vertex -33.4461784362793 15.71064567565918 45.099998474121094
      vertex -33.53338623046875 15.63687515258789 45.099998474121094
      vertex -33.49411392211914 15.618561744689941 45.099998474121094
    endloop
  endfacet
  facet normal 0 0 1
    outer loop
      vertex -33.53338623046875 15.63687515258789 45.099998474121094
      vertex -34.68817901611328 12.735835075378418 45.099998474121094
      vertex -33.49411392211914 15.618561744689941 45.099998474121094
    endloop
  endfacet
  facet normal 0 0 1
    outer loop
      vertex -34.76862716674805 12.654745101928711 45.099998474121094
      vertex -34.68817901611328 12.735835075378418 45.099998474121094
      vertex -33.53338623046875 15.63687515258789 45.099998474121094
    endloop
  endfacet
  facet normal 0 0 1
    outer loop
      vertex -34.68817901611328 12.735835075378418 45.099998474121094
      vertex -34.76862716674805 12.654745101928711 45.099998474121094
      vertex -34.7279052734375 12.639924049377441 45.099998474121094
    endloop
  endfacet
  facet normal 0 0 1
    outer loop
      vertex -34.76862716674805 12.654745101928711 45.099998474121094
      vertex -34.759124755859375 12.540915489196777 45.099998474121094
      vertex -34.7279052734375 12.639924049377441 45.099998474121094
    endloop
  endfacet
  facet normal 0 0 1
    outer loop
      vertex -35.739253997802734 9.57630443572998 45.099998474121094
      vertex -34.759124755859375 12.540915489196777 45.099998474121094
      vertex -34.76862716674805 12.654745101928711 45.099998474121094
    endloop
  endfacet
  facet normal 0 0 1
    outer loop
      vertex -34.759124755859375 12.540915489196777 45.099998474121094
      vertex -35.739253997802734 9.57630443572998 45.099998474121094
      vertex -35.6973991394043 9.565089225769043 45.099998474121094
    endloop
  endfacet
  facet normal 0 0 1
    outer loop
      vertex -35.739253997802734 9.57630443572998 45.099998474121094
      vertex -36.37274169921875 6.518810272216797 45.099998474121094
      vertex -35.6973991394043 9.565089225769043 45.099998474121094
    endloop
  endfacet
  facet normal 0 0 1
    outer loop
      vertex -36.43788528442383 6.424982070922852 45.099998474121094
      vertex -36.37274169921875 6.518810272216797 45.099998474121094
      vertex -35.739253997802734 9.57630443572998 45.099998474121094
    endloop
  endfacet
  facet normal 0 0 1
    outer loop
      vertex -36.37274169921875 6.518810272216797 45.099998474121094
      vertex -36.43788528442383 6.424982070922852 45.099998474121094
      vertex -36.39521026611328 6.417457580566406 45.099998474121094
    endloop
  endfacet
  facet normal 0 0 1
    outer loop
      vertex -36.43788528442383 6.424982070922852 45.099998474121094
      vertex -36.802486419677734 3.323910713195801 45.099998474121094
      vertex -36.39521026611328 6.417457580566406 45.099998474121094
    endloop
  endfacet
  facet normal 0 0 1
    outer loop
      vertex -36.85920333862305 3.224761962890625 45.099998474121094
      vertex -36.802486419677734 3.323910713195801 45.099998474121094
      vertex -36.43788528442383 6.424982070922852 45.099998474121094
    endloop
  endfacet
  facet normal 0 0 1
    outer loop
      vertex -36.802486419677734 3.323910713195801 45.099998474121094
      vertex -36.85920333862305 3.224761962890625 45.099998474121094
      vertex -36.816036224365234 3.220985174179077 45.099998474121094
    endloop
  endfacet
  facet normal 0 0 1
    outer loop
      vertex -36.85920333862305 3.224761962890625 45.099998474121094
      vertex -36.82056427001953 3.1172704696655273 45.099998474121094
      vertex -36.816036224365234 3.220985174179077 45.099998474121094
    endloop
  endfacet
  facet normal 0 0 1
    outer loop
      vertex -37 0 45.099998474121094
      vertex -36.82056427001953 3.1172704696655273 45.099998474121094
      vertex -36.85920333862305 3.224761962890625 45.099998474121094
    endloop
  endfacet
  facet normal 0 0 1
    outer loop
      vertex -36.82056427001953 3.1172704696655273 45.099998474121094
      vertex -37 0 45.099998474121094
      vertex -36.9566650390625 0 45.099998474121094
    endloop
  endfacet
  facet normal 0 0 1
    outer loop
      vertex 36.82056427001953 -3.1172704696655273 45.099998474121094
      vertex 37 0 45.099998474121094
      vertex 36.9566650390625 0 45.099998474121094
    endloop
  endfacet
  facet normal 0 0 1
    outer loop
      vertex 37 0 45.099998474121094
      vertex 36.82056427001953 -3.1172704696655273 45.099998474121094
      vertex 36.85920333862305 -3.224761962890625 45.099998474121094
    endloop
  endfacet
  facet normal 0 0 1
    outer loop
      vertex 36.816036224365234 -3.220985174179077 45.099998474121094
      vertex 36.85920333862305 -3.224761962890625 45.099998474121094
      vertex 36.82056427001953 -3.1172704696655273 45.099998474121094
    endloop
  endfacet
  facet normal 0 0 1
    outer loop
      vertex 36.802486419677734 -3.323910713195801 45.099998474121094
      vertex 36.85920333862305 -3.224761962890625 45.099998474121094
      vertex 36.816036224365234 -3.220985174179077 45.099998474121094
    endloop
  endfacet
  facet normal 0 0 1
    outer loop
      vertex 36.802486419677734 -3.323910713195801 45.099998474121094
      vertex 36.43788528442383 -6.424982070922852 45.099998474121094
      vertex 36.85920333862305 -3.224761962890625 45.099998474121094
    endloop
  endfacet
  facet normal 0 0 1
    outer loop
      vertex 36.39521026611328 -6.417457580566406 45.099998474121094
      vertex 36.43788528442383 -6.424982070922852 45.099998474121094
      vertex 36.802486419677734 -3.323910713195801 45.099998474121094
    endloop
  endfacet
  facet normal 0 0 1
    outer loop
      vertex 36.37274169921875 -6.518810272216797 45.099998474121094
      vertex 36.43788528442383 -6.424982070922852 45.099998474121094
      vertex 36.39521026611328 -6.417457580566406 45.099998474121094
    endloop
  endfacet
  facet normal 0 0 1
    outer loop
      vertex 36.37274169921875 -6.518810272216797 45.099998474121094
      vertex 35.739253997802734 -9.57630443572998 45.099998474121094
      vertex 36.43788528442383 -6.424982070922852 45.099998474121094
    endloop
  endfacet
  facet normal 0 0 1
    outer loop
      vertex 35.6973991394043 -9.565089225769043 45.099998474121094
      vertex 35.739253997802734 -9.57630443572998 45.099998474121094
      vertex 36.37274169921875 -6.518810272216797 45.099998474121094
    endloop
  endfacet
  facet normal 0 0 1
    outer loop
      vertex 34.759124755859375 -12.540915489196777 45.099998474121094
      vertex 35.739253997802734 -9.57630443572998 45.099998474121094
      vertex 35.6973991394043 -9.565089225769043 45.099998474121094
    endloop
  endfacet
  facet normal 0 0 1
    outer loop
      vertex 35.739253997802734 -9.57630443572998 45.099998474121094
      vertex 34.759124755859375 -12.540915489196777 45.099998474121094
      vertex 34.76862716674805 -12.654745101928711 45.099998474121094
    endloop
  endfacet
  facet normal 0 0 1
    outer loop
      vertex 34.7279052734375 -12.639924049377441 45.099998474121094
      vertex 34.76862716674805 -12.654745101928711 45.099998474121094
      vertex 34.759124755859375 -12.540915489196777 45.099998474121094
    endloop
  endfacet
  facet normal 0 0 1
    outer loop
      vertex 34.68817901611328 -12.735835075378418 45.099998474121094
      vertex 34.76862716674805 -12.654745101928711 45.099998474121094
      vertex 34.7279052734375 -12.639924049377441 45.099998474121094
    endloop
  endfacet
  facet normal 0 0 1
    outer loop
      vertex 34.68817901611328 -12.735835075378418 45.099998474121094
      vertex 33.53338623046875 -15.63687515258789 45.099998474121094
      vertex 34.76862716674805 -12.654745101928711 45.099998474121094
    endloop
  endfacet
  facet normal 0 0 1
    outer loop
      vertex 33.49411392211914 -15.618561744689941 45.099998474121094
      vertex 33.53338623046875 -15.63687515258789 45.099998474121094
      vertex 34.68817901611328 -12.735835075378418 45.099998474121094
    endloop
  endfacet
  facet normal 0 0 1
    outer loop
      vertex 33.4461784362793 -15.71064567565918 45.099998474121094
      vertex 33.53338623046875 -15.63687515258789 45.099998474121094
      vertex 33.49411392211914 -15.618561744689941 45.099998474121094
    endloop
  endfacet
  facet normal 0 0 1
    outer loop
      vertex 33.4461784362793 -15.71064567565918 45.099998474121094
      vertex 32.042938232421875 -18.5 45.099998474121094
      vertex 33.53338623046875 -15.63687515258789 45.099998474121094
    endloop
  endfacet
  facet normal 0 0 1
    outer loop
      vertex 32.00541305541992 -18.47833251953125 45.099998474121094
      vertex 32.042938232421875 -18.5 45.099998474121094
      vertex 33.4461784362793 -15.71064567565918 45.099998474121094
    endloop
  endfacet
  facet normal 0 0 1
    outer loop
      vertex 31.94963264465332 -18.565889358520508 45.099998474121094
      vertex 32.042938232421875 -18.5 45.099998474121094
      vertex 32.00541305541992 -18.47833251953125 45.099998474121094
    endloop
  endfacet
  facet normal 0 0 1
    outer loop
      vertex 31.94963264465332 -18.565889358520508 45.099998474121094
      vertex 30.308624267578125 -21.222328186035156 45.099998474121094
      vertex 32.042938232421875 -18.5 45.099998474121094
    endloop
  endfacet
  facet normal 0 0 1
    outer loop
      vertex 30.273128509521484 -21.197471618652344 45.099998474121094
      vertex 30.308624267578125 -21.222328186035156 45.099998474121094
      vertex 31.94963264465332 -18.565889358520508 45.099998474121094
    endloop
  endfacet
  facet normal 0 0 1
    outer loop
      vertex 28.373647689819336 -23.67292594909668 45.099998474121094
      vertex 30.308624267578125 -21.222328186035156 45.099998474121094
      vertex 30.273128509521484 -21.197471618652344 45.099998474121094
    endloop
  endfacet
  facet normal 0 0 1
    outer loop
      vertex 28.373647689819336 -23.67292594909668 45.099998474121094
      vertex 28.343643188476562 -23.78314208984375 45.099998474121094
      vertex 30.308624267578125 -21.222328186035156 45.099998474121094
    endloop
  endfacet
  facet normal 0 0 1
    outer loop
      vertex 28.310449600219727 -23.755287170410156 45.099998474121094
      vertex 28.343643188476562 -23.78314208984375 45.099998474121094
      vertex 28.373647689819336 -23.67292594909668 45.099998474121094
    endloop
  endfacet
  facet normal 0 0 1
    outer loop
      vertex 26.202444076538086 -26.055770874023438 45.099998474121094
      vertex 28.343643188476562 -23.78314208984375 45.099998474121094
      vertex 28.310449600219727 -23.755287170410156 45.099998474121094
    endloop
  endfacet
  facet normal 0 0 1
    outer loop
      vertex 26.202444076538086 -26.055770874023438 45.099998474121094
      vertex 26.16295051574707 -26.16295051574707 45.099998474121094
      vertex 28.343643188476562 -23.78314208984375 45.099998474121094
    endloop
  endfacet
  facet normal 0 0 1
    outer loop
      vertex 26.132308959960938 -26.132308959960938 45.099998474121094
      vertex 26.16295051574707 -26.16295051574707 45.099998474121094
      vertex 26.202444076538086 -26.055770874023438 45.099998474121094
    endloop
  endfacet
  facet normal 0 0 1
    outer loop
      vertex 26.055770874023438 -26.202444076538086 45.099998474121094
      vertex 26.16295051574707 -26.16295051574707 45.099998474121094
      vertex 26.132308959960938 -26.132308959960938 45.099998474121094
    endloop
  endfacet
  facet normal 0 0 1
    outer loop
      vertex 26.055770874023438 -26.202444076538086 45.099998474121094
      vertex 23.78314208984375 -28.343643188476562 45.099998474121094
      vertex 26.16295051574707 -26.16295051574707 45.099998474121094
    endloop
  endfacet
  facet normal 0 0 1
    outer loop
      vertex 23.755287170410156 -28.310449600219727 45.099998474121094
      vertex 23.78314208984375 -28.343643188476562 45.099998474121094
      vertex 26.055770874023438 -26.202444076538086 45.099998474121094
    endloop
  endfacet
  facet normal 0 0 1
    outer loop
      vertex 23.67292594909668 -28.373647689819336 45.099998474121094
      vertex 23.78314208984375 -28.343643188476562 45.099998474121094
      vertex 23.755287170410156 -28.310449600219727 45.099998474121094
    endloop
  endfacet
  facet normal 0 0 1
    outer loop
      vertex 23.67292594909668 -28.373647689819336 45.099998474121094
      vertex 21.222328186035156 -30.308624267578125 45.099998474121094
      vertex 23.78314208984375 -28.343643188476562 45.099998474121094
    endloop
  endfacet
  facet normal 0 0 1
    outer loop
      vertex 21.197471618652344 -30.273128509521484 45.099998474121094
      vertex 21.222328186035156 -30.308624267578125 45.099998474121094
      vertex 23.67292594909668 -28.373647689819336 45.099998474121094
    endloop
  endfacet
  facet normal 0 0 1
    outer loop
      vertex 18.565889358520508 -31.94963264465332 45.099998474121094
      vertex 21.222328186035156 -30.308624267578125 45.099998474121094
      vertex 21.197471618652344 -30.273128509521484 45.099998474121094
    endloop
  endfacet
  facet normal 0 0 1
    outer loop
      vertex 18.565889358520508 -31.94963264465332 45.099998474121094
      vertex 18.5 -32.042938232421875 45.099998474121094
      vertex 21.222328186035156 -30.308624267578125 45.099998474121094
    endloop
  endfacet
  facet normal 0 0 1
    outer loop
      vertex 18.47833251953125 -32.00541305541992 45.099998474121094
      vertex 18.5 -32.042938232421875 45.099998474121094
      vertex 18.565889358520508 -31.94963264465332 45.099998474121094
    endloop
  endfacet
  facet normal 0 0 1
    outer loop
      vertex 15.71064567565918 -33.4461784362793 45.099998474121094
      vertex 18.5 -32.042938232421875 45.099998474121094
      vertex 18.47833251953125 -32.00541305541992 45.099998474121094
    endloop
  endfacet
  facet normal 0 0 1
    outer loop
      vertex 15.71064567565918 -33.4461784362793 45.099998474121094
      vertex 15.63687515258789 -33.53338623046875 45.099998474121094
      vertex 18.5 -32.042938232421875 45.099998474121094
    endloop
  endfacet
  facet normal 0 0 1
    outer loop
      vertex 15.618561744689941 -33.49411392211914 45.099998474121094
      vertex 15.63687515258789 -33.53338623046875 45.099998474121094
      vertex 15.71064567565918 -33.4461784362793 45.099998474121094
    endloop
  endfacet
  facet normal 0 0 1
    outer loop
      vertex 12.735835075378418 -34.68817901611328 45.099998474121094
      vertex 15.63687515258789 -33.53338623046875 45.099998474121094
      vertex 15.618561744689941 -33.49411392211914 45.099998474121094
    endloop
  endfacet
  facet normal 0 0 1
    outer loop
      vertex 12.735835075378418 -34.68817901611328 45.099998474121094
      vertex 12.654745101928711 -34.76862716674805 45.099998474121094
      vertex 15.63687515258789 -33.53338623046875 45.099998474121094
    endloop
  endfacet
  facet normal 0 0 1
    outer loop
      vertex 12.639924049377441 -34.7279052734375 45.099998474121094
      vertex 12.654745101928711 -34.76862716674805 45.099998474121094
      vertex 12.735835075378418 -34.68817901611328 45.099998474121094
    endloop
  endfacet
  facet normal 0 0 1
    outer loop
      vertex 12.540915489196777 -34.759124755859375 45.099998474121094
      vertex 12.654745101928711 -34.76862716674805 45.099998474121094
      vertex 12.639924049377441 -34.7279052734375 45.099998474121094
    endloop
  endfacet
  facet normal 0 0 1
    outer loop
      vertex 12.540915489196777 -34.759124755859375 45.099998474121094
      vertex 9.57630443572998 -35.739253997802734 45.099998474121094
      vertex 12.654745101928711 -34.76862716674805 45.099998474121094
    endloop
  endfacet
  facet normal 0 0 1
    outer loop
      vertex 9.565089225769043 -35.6973991394043 45.099998474121094
      vertex 9.57630443572998 -35.739253997802734 45.099998474121094
      vertex 12.540915489196777 -34.759124755859375 45.099998474121094
    endloop
  endfacet
  facet normal 0 0 1
    outer loop
      vertex 6.518810272216797 -36.37274169921875 45.099998474121094
      vertex 9.57630443572998 -35.739253997802734 45.099998474121094
      vertex 9.565089225769043 -35.6973991394043 45.099998474121094
    endloop
  endfacet
  facet normal 0 0 1
    outer loop
      vertex 6.518810272216797 -36.37274169921875 45.099998474121094
      vertex 6.424982070922852 -36.43788528442383 45.099998474121094
      vertex 9.57630443572998 -35.739253997802734 45.099998474121094
    endloop
  endfacet
  facet normal 0 0 1
    outer loop
      vertex 6.417457580566406 -36.39521026611328 45.099998474121094
      vertex 6.424982070922852 -36.43788528442383 45.099998474121094
      vertex 6.518810272216797 -36.37274169921875 45.099998474121094
    endloop
  endfacet
  facet normal 0 0 1
    outer loop
      vertex 3.323910713195801 -36.802486419677734 45.099998474121094
      vertex 6.424982070922852 -36.43788528442383 45.099998474121094
      vertex 6.417457580566406 -36.39521026611328 45.099998474121094
    endloop
  endfacet
  facet normal 0 0 1
    outer loop
      vertex 3.323910713195801 -36.802486419677734 45.099998474121094
      vertex 3.224761962890625 -36.85920333862305 45.099998474121094
      vertex 6.424982070922852 -36.43788528442383 45.099998474121094
    endloop
  endfacet
  facet normal 0 0 1
    outer loop
      vertex 3.220985174179077 -36.816036224365234 45.099998474121094
      vertex 3.224761962890625 -36.85920333862305 45.099998474121094
      vertex 3.323910713195801 -36.802486419677734 45.099998474121094
    endloop
  endfacet
  facet normal 0 0 1
    outer loop
      vertex 3.1172704696655273 -36.82056427001953 45.099998474121094
      vertex 3.224761962890625 -36.85920333862305 45.099998474121094
      vertex 3.220985174179077 -36.816036224365234 45.099998474121094
    endloop
  endfacet
  facet normal 0 0 1
    outer loop
      vertex 0 -37 45.099998474121094
      vertex 3.1172704696655273 -36.82056427001953 45.099998474121094
      vertex 0 -36.9566650390625 45.099998474121094
    endloop
  endfacet
  facet normal 0 0 1
    outer loop
      vertex 3.1172704696655273 -36.82056427001953 45.099998474121094
      vertex 0 -37 45.099998474121094
      vertex 3.224761962890625 -36.85920333862305 45.099998474121094
    endloop
  endfacet
  facet normal 0 0 1
    outer loop
      vertex -3.1172704696655273 -36.82056427001953 45.099998474121094
      vertex 0 -37 45.099998474121094
      vertex 0 -36.9566650390625 45.099998474121094
    endloop
  endfacet
  facet normal 0 0 1
    outer loop
      vertex -3.224761962890625 -36.85920333862305 45.099998474121094
      vertex -3.1172704696655273 -36.82056427001953 45.099998474121094
      vertex -3.220985174179077 -36.816036224365234 45.099998474121094
    endloop
  endfacet
  facet normal 0 0 1
    outer loop
      vertex -3.1172704696655273 -36.82056427001953 45.099998474121094
      vertex -3.224761962890625 -36.85920333862305 45.099998474121094
      vertex 0 -37 45.099998474121094
    endloop
  endfacet
  facet normal 0 0 1
    outer loop
      vertex -3.323910713195801 -36.802486419677734 45.099998474121094
      vertex -3.224761962890625 -36.85920333862305 45.099998474121094
      vertex -3.220985174179077 -36.816036224365234 45.099998474121094
    endloop
  endfacet
  facet normal 0 0 1
    outer loop
      vertex -6.424982070922852 -36.43788528442383 45.099998474121094
      vertex -3.323910713195801 -36.802486419677734 45.099998474121094
      vertex -6.417457580566406 -36.39521026611328 45.099998474121094
    endloop
  endfacet
  facet normal 0 0 1
    outer loop
      vertex -3.323910713195801 -36.802486419677734 45.099998474121094
      vertex -6.424982070922852 -36.43788528442383 45.099998474121094
      vertex -3.224761962890625 -36.85920333862305 45.099998474121094
    endloop
  endfacet
  facet normal 0 0 1
    outer loop
      vertex -6.518810272216797 -36.37274169921875 45.099998474121094
      vertex -6.424982070922852 -36.43788528442383 45.099998474121094
      vertex -6.417457580566406 -36.39521026611328 45.099998474121094
    endloop
  endfacet
  facet normal 0 0 1
    outer loop
      vertex -9.57630443572998 -35.739253997802734 45.099998474121094
      vertex -6.518810272216797 -36.37274169921875 45.099998474121094
      vertex -9.565089225769043 -35.6973991394043 45.099998474121094
    endloop
  endfacet
  facet normal 0 0 1
    outer loop
      vertex -6.518810272216797 -36.37274169921875 45.099998474121094
      vertex -9.57630443572998 -35.739253997802734 45.099998474121094
      vertex -6.424982070922852 -36.43788528442383 45.099998474121094
    endloop
  endfacet
  facet normal 0 0 1
    outer loop
      vertex -12.540915489196777 -34.759124755859375 45.099998474121094
      vertex -9.57630443572998 -35.739253997802734 45.099998474121094
      vertex -9.565089225769043 -35.6973991394043 45.099998474121094
    endloop
  endfacet
  facet normal 0 0 1
    outer loop
      vertex -12.654745101928711 -34.76862716674805 45.099998474121094
      vertex -12.540915489196777 -34.759124755859375 45.099998474121094
      vertex -12.639924049377441 -34.7279052734375 45.099998474121094
    endloop
  endfacet
  facet normal 0 0 1
    outer loop
      vertex -12.540915489196777 -34.759124755859375 45.099998474121094
      vertex -12.654745101928711 -34.76862716674805 45.099998474121094
      vertex -9.57630443572998 -35.739253997802734 45.099998474121094
    endloop
  endfacet
  facet normal 0 0 1
    outer loop
      vertex -12.735835075378418 -34.68817901611328 45.099998474121094
      vertex -12.654745101928711 -34.76862716674805 45.099998474121094
      vertex -12.639924049377441 -34.7279052734375 45.099998474121094
    endloop
  endfacet
  facet normal 0 0 1
    outer loop
      vertex -15.63687515258789 -33.53338623046875 45.099998474121094
      vertex -12.735835075378418 -34.68817901611328 45.099998474121094
      vertex -15.618561744689941 -33.49411392211914 45.099998474121094
    endloop
  endfacet
  facet normal 0 0 1
    outer loop
      vertex -12.735835075378418 -34.68817901611328 45.099998474121094
      vertex -15.63687515258789 -33.53338623046875 45.099998474121094
      vertex -12.654745101928711 -34.76862716674805 45.099998474121094
    endloop
  endfacet
  facet normal 0 0 1
    outer loop
      vertex -15.71064567565918 -33.4461784362793 45.099998474121094
      vertex -15.63687515258789 -33.53338623046875 45.099998474121094
      vertex -15.618561744689941 -33.49411392211914 45.099998474121094
    endloop
  endfacet
  facet normal 0 0 1
    outer loop
      vertex -18.5 -32.042938232421875 45.099998474121094
      vertex -15.71064567565918 -33.4461784362793 45.099998474121094
      vertex -18.47833251953125 -32.00541305541992 45.099998474121094
    endloop
  endfacet
  facet normal 0 0 1
    outer loop
      vertex -15.71064567565918 -33.4461784362793 45.099998474121094
      vertex -18.5 -32.042938232421875 45.099998474121094
      vertex -15.63687515258789 -33.53338623046875 45.099998474121094
    endloop
  endfacet
  facet normal 0 0 1
    outer loop
      vertex -18.565889358520508 -31.94963264465332 45.099998474121094
      vertex -18.5 -32.042938232421875 45.099998474121094
      vertex -18.47833251953125 -32.00541305541992 45.099998474121094
    endloop
  endfacet
  facet normal 0 0 1
    outer loop
      vertex -21.222328186035156 -30.308624267578125 45.099998474121094
      vertex -18.565889358520508 -31.94963264465332 45.099998474121094
      vertex -21.197471618652344 -30.273128509521484 45.099998474121094
    endloop
  endfacet
  facet normal 0 0 1
    outer loop
      vertex -18.565889358520508 -31.94963264465332 45.099998474121094
      vertex -21.222328186035156 -30.308624267578125 45.099998474121094
      vertex -18.5 -32.042938232421875 45.099998474121094
    endloop
  endfacet
  facet normal 0 0 1
    outer loop
      vertex -23.67292594909668 -28.373647689819336 45.099998474121094
      vertex -21.222328186035156 -30.308624267578125 45.099998474121094
      vertex -21.197471618652344 -30.273128509521484 45.099998474121094
    endloop
  endfacet
  facet normal 0 0 1
    outer loop
      vertex -23.78314208984375 -28.343643188476562 45.099998474121094
      vertex -23.67292594909668 -28.373647689819336 45.099998474121094
      vertex -23.755287170410156 -28.310449600219727 45.099998474121094
    endloop
  endfacet
  facet normal 0 0 1
    outer loop
      vertex -23.67292594909668 -28.373647689819336 45.099998474121094
      vertex -23.78314208984375 -28.343643188476562 45.099998474121094
      vertex -21.222328186035156 -30.308624267578125 45.099998474121094
    endloop
  endfacet
  facet normal 0 0 1
    outer loop
      vertex -26.055770874023438 -26.202444076538086 45.099998474121094
      vertex -23.78314208984375 -28.343643188476562 45.099998474121094
      vertex -23.755287170410156 -28.310449600219727 45.099998474121094
    endloop
  endfacet
  facet normal 0 0 1
    outer loop
      vertex -26.16295051574707 -26.16295051574707 45.099998474121094
      vertex -26.055770874023438 -26.202444076538086 45.099998474121094
      vertex -26.132308959960938 -26.132308959960938 45.099998474121094
    endloop
  endfacet
  facet normal 0 0 1
    outer loop
      vertex -26.055770874023438 -26.202444076538086 45.099998474121094
      vertex -26.16295051574707 -26.16295051574707 45.099998474121094
      vertex -23.78314208984375 -28.343643188476562 45.099998474121094
    endloop
  endfacet
  facet normal 0 0 1
    outer loop
      vertex -26.202444076538086 -26.055770874023438 45.099998474121094
      vertex -26.16295051574707 -26.16295051574707 45.099998474121094
      vertex -26.132308959960938 -26.132308959960938 45.099998474121094
    endloop
  endfacet
  facet normal 0 0 1
    outer loop
      vertex -28.343643188476562 -23.78314208984375 45.099998474121094
      vertex -26.202444076538086 -26.055770874023438 45.099998474121094
      vertex -28.310449600219727 -23.755287170410156 45.099998474121094
    endloop
  endfacet
  facet normal 0 0 1
    outer loop
      vertex -26.202444076538086 -26.055770874023438 45.099998474121094
      vertex -28.343643188476562 -23.78314208984375 45.099998474121094
      vertex -26.16295051574707 -26.16295051574707 45.099998474121094
    endloop
  endfacet
  facet normal 0 0 1
    outer loop
      vertex -28.373647689819336 -23.67292594909668 45.099998474121094
      vertex -28.343643188476562 -23.78314208984375 45.099998474121094
      vertex -28.310449600219727 -23.755287170410156 45.099998474121094
    endloop
  endfacet
  facet normal 0 0 1
    outer loop
      vertex -30.308624267578125 -21.222328186035156 45.099998474121094
      vertex -28.373647689819336 -23.67292594909668 45.099998474121094
      vertex -30.273128509521484 -21.197471618652344 45.099998474121094
    endloop
  endfacet
  facet normal 0 0 1
    outer loop
      vertex -28.373647689819336 -23.67292594909668 45.099998474121094
      vertex -30.308624267578125 -21.222328186035156 45.099998474121094
      vertex -28.343643188476562 -23.78314208984375 45.099998474121094
    endloop
  endfacet
  facet normal 0 0 1
    outer loop
      vertex -31.94963264465332 -18.565889358520508 45.099998474121094
      vertex -30.308624267578125 -21.222328186035156 45.099998474121094
      vertex -30.273128509521484 -21.197471618652344 45.099998474121094
    endloop
  endfacet
  facet normal 0 0 1
    outer loop
      vertex -32.042938232421875 -18.5 45.099998474121094
      vertex -31.94963264465332 -18.565889358520508 45.099998474121094
      vertex -32.00541305541992 -18.47833251953125 45.099998474121094
    endloop
  endfacet
  facet normal 0 0 1
    outer loop
      vertex -31.94963264465332 -18.565889358520508 45.099998474121094
      vertex -32.042938232421875 -18.5 45.099998474121094
      vertex -30.308624267578125 -21.222328186035156 45.099998474121094
    endloop
  endfacet
  facet normal 0 0 1
    outer loop
      vertex -33.4461784362793 -15.71064567565918 45.099998474121094
      vertex -32.042938232421875 -18.5 45.099998474121094
      vertex -32.00541305541992 -18.47833251953125 45.099998474121094
    endloop
  endfacet
  facet normal 0 0 1
    outer loop
      vertex -33.53338623046875 -15.63687515258789 45.099998474121094
      vertex -33.4461784362793 -15.71064567565918 45.099998474121094
      vertex -33.49411392211914 -15.618561744689941 45.099998474121094
    endloop
  endfacet
  facet normal 0 0 1
    outer loop
      vertex -33.4461784362793 -15.71064567565918 45.099998474121094
      vertex -33.53338623046875 -15.63687515258789 45.099998474121094
      vertex -32.042938232421875 -18.5 45.099998474121094
    endloop
  endfacet
  facet normal 0 0 1
    outer loop
      vertex -34.68817901611328 -12.735835075378418 45.099998474121094
      vertex -33.53338623046875 -15.63687515258789 45.099998474121094
      vertex -33.49411392211914 -15.618561744689941 45.099998474121094
    endloop
  endfacet
  facet normal 0 0 1
    outer loop
      vertex -34.76862716674805 -12.654745101928711 45.099998474121094
      vertex -34.68817901611328 -12.735835075378418 45.099998474121094
      vertex -34.7279052734375 -12.639924049377441 45.099998474121094
    endloop
  endfacet
  facet normal 0 0 1
    outer loop
      vertex -34.68817901611328 -12.735835075378418 45.099998474121094
      vertex -34.76862716674805 -12.654745101928711 45.099998474121094
      vertex -33.53338623046875 -15.63687515258789 45.099998474121094
    endloop
  endfacet
  facet normal 0 0 1
    outer loop
      vertex -34.759124755859375 -12.540915489196777 45.099998474121094
      vertex -34.76862716674805 -12.654745101928711 45.099998474121094
      vertex -34.7279052734375 -12.639924049377441 45.099998474121094
    endloop
  endfacet
  facet normal 0 0 1
    outer loop
      vertex -35.739253997802734 -9.57630443572998 45.099998474121094
      vertex -34.759124755859375 -12.540915489196777 45.099998474121094
      vertex -35.6973991394043 -9.565089225769043 45.099998474121094
    endloop
  endfacet
  facet normal 0 0 1
    outer loop
      vertex -34.759124755859375 -12.540915489196777 45.099998474121094
      vertex -35.739253997802734 -9.57630443572998 45.099998474121094
      vertex -34.76862716674805 -12.654745101928711 45.099998474121094
    endloop
  endfacet
  facet normal 0 0 1
    outer loop
      vertex -36.37274169921875 -6.518810272216797 45.099998474121094
      vertex -35.739253997802734 -9.57630443572998 45.099998474121094
      vertex -35.6973991394043 -9.565089225769043 45.099998474121094
    endloop
  endfacet
  facet normal 0 0 1
    outer loop
      vertex -36.43788528442383 -6.424982070922852 45.099998474121094
      vertex -36.37274169921875 -6.518810272216797 45.099998474121094
      vertex -36.39521026611328 -6.417457580566406 45.099998474121094
    endloop
  endfacet
  facet normal 0 0 1
    outer loop
      vertex -36.37274169921875 -6.518810272216797 45.099998474121094
      vertex -36.43788528442383 -6.424982070922852 45.099998474121094
      vertex -35.739253997802734 -9.57630443572998 45.099998474121094
    endloop
  endfacet
  facet normal 0 0 1
    outer loop
      vertex -36.802486419677734 -3.323910713195801 45.099998474121094
      vertex -36.43788528442383 -6.424982070922852 45.099998474121094
      vertex -36.39521026611328 -6.417457580566406 45.099998474121094
    endloop
  endfacet
  facet normal 0 0 1
    outer loop
      vertex -36.85920333862305 -3.224761962890625 45.099998474121094
      vertex -36.802486419677734 -3.323910713195801 45.099998474121094
      vertex -36.816036224365234 -3.220985174179077 45.099998474121094
    endloop
  endfacet
  facet normal 0 0 1
    outer loop
      vertex -36.802486419677734 -3.323910713195801 45.099998474121094
      vertex -36.85920333862305 -3.224761962890625 45.099998474121094
      vertex -36.43788528442383 -6.424982070922852 45.099998474121094
    endloop
  endfacet
  facet normal 0 0 1
    outer loop
      vertex -36.82056427001953 -3.1172704696655273 45.099998474121094
      vertex -36.85920333862305 -3.224761962890625 45.099998474121094
      vertex -36.816036224365234 -3.220985174179077 45.099998474121094
    endloop
  endfacet
  facet normal 0 0 1
    outer loop
      vertex -37 0 45.099998474121094
      vertex -36.82056427001953 -3.1172704696655273 45.099998474121094
      vertex -36.9566650390625 0 45.099998474121094
    endloop
  endfacet
  facet normal 0 0 1
    outer loop
      vertex -36.82056427001953 -3.1172704696655273 45.099998474121094
      vertex -37 0 45.099998474121094
      vertex -36.85920333862305 -3.224761962890625 45.099998474121094
    endloop
  endfacet
  facet normal 0.0436195461234238 -0.9990482146503172 0
    outer loop
      vertex 0 -37 0
      vertex 3.224761962890625 -36.85920333862305 45.099998474121094
      vertex 0 -37 45.099998474121094
    endloop
  endfacet
  facet normal 0.0436195461234238 -0.9990482146503172 0
    outer loop
      vertex 3.224761962890625 -36.85920333862305 45.099998474121094
      vertex 0 -37 0
      vertex 3.224761962890625 -36.85920333862305 0
    endloop
  endfacet
  facet normal -0.9914448179083982 -0.13052652237221013 0
    outer loop
      vertex -36.43788528442383 -6.424982070922852 0
      vertex -36.85920333862305 -3.224761962890625 45.099998474121094
      vertex -36.85920333862305 -3.224761962890625 0
    endloop
  endfacet
  facet normal -0.9914448179083982 -0.13052652237221013 0
    outer loop
      vertex -36.85920333862305 -3.224761962890625 45.099998474121094
      vertex -36.43788528442383 -6.424982070922852 0
      vertex -36.43788528442383 -6.424982070922852 45.099998474121094
    endloop
  endfacet
  facet normal -0.46174850132115103 -0.8870108914368927 0
    outer loop
      vertex -18.5 -32.042938232421875 0
      vertex -15.63687515258789 -33.53338623046875 45.099998474121094
      vertex -18.5 -32.042938232421875 45.099998474121094
    endloop
  endfacet
  facet normal -0.46174850132115103 -0.8870108914368927 0
    outer loop
      vertex -15.63687515258789 -33.53338623046875 45.099998474121094
      vertex -18.5 -32.042938232421875 0
      vertex -15.63687515258789 -33.53338623046875 0
    endloop
  endfacet
  facet normal -0.5372995284334335 0.8433914967233247 0
    outer loop
      vertex -18.5 32.042938232421875 0
      vertex -21.222328186035156 30.308624267578125 45.099998474121094
      vertex -18.5 32.042938232421875 45.099998474121094
    endloop
  endfacet
  facet normal -0.5372995284334335 0.8433914967233247 0
    outer loop
      vertex -21.222328186035156 30.308624267578125 45.099998474121094
      vertex -18.5 32.042938232421875 0
      vertex -21.222328186035156 30.308624267578125 0
    endloop
  endfacet
  facet normal 0.9168205878706255 0.04002860460709632 0.3972879566130459
    outer loop
      vertex 36.82056427001953 3.1172704696655273 45.099998474121094
      vertex 35.70000076293945 0 48
      vertex 36.9566650390625 0 45.099998474121094
    endloop
  endfacet
  facet normal 0.9098429948729029 0.11978397974437598 0.3972877079363341
    outer loop
      vertex 36.39521026611328 6.417457580566406 45.099998474121094
      vertex 35.15763854980469 6.199239730834961 48
      vertex 36.802486419677734 3.323910713195801 45.099998474121094
    endloop
  endfacet
  facet normal -0.4237434585576243 -0.8140042861990837 0.3972889419290989
    outer loop
      vertex -17.849998474121094 -30.91710662841797 48
      vertex -18.47833251953125 -32.00541305541992 45.099998474121094
      vertex -15.71064567565918 -33.4461784362793 45.099998474121094
    endloop
  endfacet
  facet normal 0.9168199804832784 0.04002713740419995 0.3972895061008612
    outer loop
      vertex 35.56414794921875 3.111459732055664 48
      vertex 36.82056427001953 3.1172704696655273 45.099998474121094
      vertex 36.816036224365234 3.220985174179077 45.099998474121094
    endloop
  endfacet
  facet normal 0.9168198632232369 0.040030265155197156 0.39728946156540546
    outer loop
      vertex 36.82056427001953 3.1172704696655273 45.099998474121094
      vertex 35.56414794921875 3.111459732055664 48
      vertex 35.70000076293945 0 48
    endloop
  endfacet
  facet normal 0.9168205878706255 -0.04002860460709632 0.3972879566130459
    outer loop
      vertex 36.9566650390625 0 45.099998474121094
      vertex 35.70000076293945 0 48
      vertex 36.82056427001953 -3.1172704696655273 45.099998474121094
    endloop
  endfacet
  facet normal 0.11978168934194061 0.9098424417815438 0.3972896651454562
    outer loop
      vertex 3.323910713195801 36.802486419677734 45.099998474121094
      vertex 3.111459732055664 35.56414794921875 48
      vertex 6.199239730834961 35.15763854980469 48
    endloop
  endfacet
  facet normal 0.11977780022643864 0.9098429781734548 0.3972896092793941
    outer loop
      vertex 3.111459732055664 35.56414794921875 48
      vertex 3.323910713195801 36.802486419677734 45.099998474121094
      vertex 3.220985174179077 36.816036224365234 45.099998474121094
    endloop
  endfacet
  facet normal 0.8959406471495369 0.1986248992011127 0.39728894548252497
    outer loop
      vertex 35.6973991394043 9.565089225769043 45.099998474121094
      vertex 34.483551025390625 9.239839553833008 48
      vertex 36.37274169921875 6.518810272216797 45.099998474121094
    endloop
  endfacet
  facet normal -0.04002860460709632 0.9168205878706255 0.3972879566130459
    outer loop
      vertex 0 36.9566650390625 45.099998474121094
      vertex -3.1172704696655273 36.82056427001953 45.099998474121094
      vertex 0 35.70000076293945 48
    endloop
  endfacet
  facet normal -0.27595534156278534 0.8752202575964275 0.39728849738673455
    outer loop
      vertex -12.540915489196777 34.759124755859375 45.099998474121094
      vertex -12.210118293762207 33.547027587890625 48
      vertex -9.239839553833008 34.483551025390625 48
    endloop
  endfacet
  facet normal -0.2759735888152994 0.8752146274323911 0.3972882256055231
    outer loop
      vertex -12.210118293762207 33.547027587890625 48
      vertex -12.540915489196777 34.759124755859375 45.099998474121094
      vertex -12.639924049377441 34.7279052734375 45.099998474121094
    endloop
  endfacet
  facet normal 0.7280557518127586 0.5586562107950227 0.3972883844167934
    outer loop
      vertex 30.273128509521484 21.197471618652344 45.099998474121094
      vertex 28.373647689819336 23.67292594909668 45.099998474121094
      vertex 29.243728637695312 20.47667694091797 48
    endloop
  endfacet
  facet normal 0.35118630420295377 -0.8478383047245933 0.397288797705143
    outer loop
      vertex 15.087471008300781 -32.355186462402344 48
      vertex 12.735835075378418 -34.68817901611328 45.099998474121094
      vertex 15.618561744689941 -33.49411392211914 45.099998474121094
    endloop
  endfacet
  facet normal 0.35118630420295377 0.8478383047245933 0.397288797705143
    outer loop
      vertex 15.618561744689941 33.49411392211914 45.099998474121094
      vertex 12.735835075378418 34.68817901611328 45.099998474121094
      vertex 15.087471008300781 32.355186462402344 48
    endloop
  endfacet
  facet normal -0.1986248992011127 0.8959406471495369 0.39728894548252497
    outer loop
      vertex -6.518810272216797 36.37274169921875 45.099998474121094
      vertex -9.565089225769043 35.6973991394043 45.099998474121094
      vertex -9.239839553833008 34.483551025390625 48
    endloop
  endfacet
  facet normal -0.8478429760890148 -0.3511757682406682 0.3972881419034537
    outer loop
      vertex -34.68817901611328 -12.735835075378418 45.099998474121094
      vertex -33.547027587890625 -12.210118293762207 48
      vertex -34.7279052734375 -12.639924049377441 45.099998474121094
    endloop
  endfacet
  facet normal -0.8478382902414077 -0.3511868868100955 0.3972883136126206
    outer loop
      vertex -33.547027587890625 -12.210118293762207 48
      vertex -34.68817901611328 -12.735835075378418 45.099998474121094
      vertex -32.355186462402344 -15.087471008300781 48
    endloop
  endfacet
  facet normal 0.6199849267705492 -0.6765946315124183 0.39728880576463715
    outer loop
      vertex 26.055770874023438 -26.202444076538086 45.099998474121094
      vertex 22.94751739501953 -27.34778594970703 48
      vertex 23.755287170410156 -28.310449600219727 45.099998474121094
    endloop
  endfacet
  facet normal 0.3511868868100955 0.8478382902414077 0.3972883136126206
    outer loop
      vertex 12.735835075378418 34.68817901611328 45.099998474121094
      vertex 12.210118293762207 33.547027587890625 48
      vertex 15.087471008300781 32.355186462402344 48
    endloop
  endfacet
  facet normal 0.3511757682406682 0.8478429760890148 0.3972881419034537
    outer loop
      vertex 12.210118293762207 33.547027587890625 48
      vertex 12.735835075378418 34.68817901611328 45.099998474121094
      vertex 12.639924049377441 34.7279052734375 45.099998474121094
    endloop
  endfacet
  facet normal 0.7739750543049193 0.4930762701312314 0.39728882081826844
    outer loop
      vertex 30.91710662841797 17.849998474121094 48
      vertex 31.94963264465332 18.565889358520508 45.099998474121094
      vertex 29.243728637695312 20.47667694091797 48
    endloop
  endfacet
  facet normal 0.7739727192052633 0.4930798861378483 0.3972888820647982
    outer loop
      vertex 31.94963264465332 18.565889358520508 45.099998474121094
      vertex 30.91710662841797 17.849998474121094 48
      vertex 32.00541305541992 18.47833251953125 45.099998474121094
    endloop
  endfacet
  facet normal 0.6199848930549694 -0.67659469936065 0.39728874283157056
    outer loop
      vertex 26.055770874023438 -26.202444076538086 45.099998474121094
      vertex 25.243711471557617 -25.243711471557617 48
      vertex 22.94751739501953 -27.34778594970703 48
    endloop
  endfacet
  facet normal 0.6199891146752411 -0.6765908785099147 0.3972886618082534
    outer loop
      vertex 25.243711471557617 -25.243711471557617 48
      vertex 26.055770874023438 -26.202444076538086 45.099998474121094
      vertex 26.132308959960938 -26.132308959960938 45.099998474121094
    endloop
  endfacet
  facet normal 0.7280548648087157 0.5586570457046384 0.3972888358775368
    outer loop
      vertex 27.34778594970703 22.94751739501953 48
      vertex 28.373647689819336 23.67292594909668 45.099998474121094
      vertex 28.310449600219727 23.755287170410156 45.099998474121094
    endloop
  endfacet
  facet normal 0.7280552780216796 0.558656500271037 0.39728884561448685
    outer loop
      vertex 28.373647689819336 23.67292594909668 45.099998474121094
      vertex 27.34778594970703 22.94751739501953 48
      vertex 29.243728637695312 20.47667694091797 48
    endloop
  endfacet
  facet normal -0.6199891146752411 -0.6765908785099147 0.3972886618082534
    outer loop
      vertex -26.055770874023438 -26.202444076538086 45.099998474121094
      vertex -25.243711471557617 -25.243711471557617 48
      vertex -26.132308959960938 -26.132308959960938 45.099998474121094
    endloop
  endfacet
  facet normal -0.6199848930549694 -0.67659469936065 0.39728874283157056
    outer loop
      vertex -25.243711471557617 -25.243711471557617 48
      vertex -26.055770874023438 -26.202444076538086 45.099998474121094
      vertex -22.94751739501953 -27.34778594970703 48
    endloop
  endfacet
  facet normal 0.4237434585576243 -0.8140042861990837 0.3972889419290989
    outer loop
      vertex 17.849998474121094 -30.91710662841797 48
      vertex 15.71064567565918 -33.4461784362793 45.099998474121094
      vertex 18.47833251953125 -32.00541305541992 45.099998474121094
    endloop
  endfacet
  facet normal 0.11978397974437595 0.9098429948729028 0.39728770793633406
    outer loop
      vertex 6.417457580566406 36.39521026611328 45.099998474121094
      vertex 3.323910713195801 36.802486419677734 45.099998474121094
      vertex 6.199239730834961 35.15763854980469 48
    endloop
  endfacet
  facet normal 0.7739749445282833 0.49307681338644344 0.3972883604425271
    outer loop
      vertex 30.273128509521484 21.197471618652344 45.099998474121094
      vertex 29.243728637695312 20.47667694091797 48
      vertex 31.94963264465332 18.565889358520508 45.099998474121094
    endloop
  endfacet
  facet normal 0.7739749445282833 -0.49307681338644344 0.3972883604425271
    outer loop
      vertex 31.94963264465332 -18.565889358520508 45.099998474121094
      vertex 29.243728637695312 -20.47667694091797 48
      vertex 30.273128509521484 -21.197471618652344 45.099998474121094
    endloop
  endfacet
  facet normal 0.67659469936065 -0.6199848930549694 0.39728874283157056
    outer loop
      vertex 25.243711471557617 -25.243711471557617 48
      vertex 26.202444076538086 -26.055770874023438 45.099998474121094
      vertex 27.34778594970703 -22.94751739501953 48
    endloop
  endfacet
  facet normal 0.6765908785099147 -0.6199891146752411 0.3972886618082534
    outer loop
      vertex 26.202444076538086 -26.055770874023438 45.099998474121094
      vertex 25.243711471557617 -25.243711471557617 48
      vertex 26.132308959960938 -26.132308959960938 45.099998474121094
    endloop
  endfacet
  facet normal 0.5586570457046384 0.7280548648087157 0.3972888358775368
    outer loop
      vertex 23.67292594909668 28.373647689819336 45.099998474121094
      vertex 22.94751739501953 27.34778594970703 48
      vertex 23.755287170410156 28.310449600219727 45.099998474121094
    endloop
  endfacet
  facet normal 0.558656500271037 0.7280552780216796 0.39728884561448685
    outer loop
      vertex 22.94751739501953 27.34778594970703 48
      vertex 23.67292594909668 28.373647689819336 45.099998474121094
      vertex 20.47667694091797 29.243728637695312 48
    endloop
  endfacet
  facet normal -0.3511757682406682 0.8478429760890148 0.3972881419034537
    outer loop
      vertex -12.735835075378418 34.68817901611328 45.099998474121094
      vertex -12.210118293762207 33.547027587890625 48
      vertex -12.639924049377441 34.7279052734375 45.099998474121094
    endloop
  endfacet
  facet normal -0.3511868868100955 0.8478382902414077 0.3972883136126206
    outer loop
      vertex -12.210118293762207 33.547027587890625 48
      vertex -12.735835075378418 34.68817901611328 45.099998474121094
      vertex -15.087471008300781 32.355186462402344 48
    endloop
  endfacet
  facet normal -0.49307681338644344 -0.7739749445282833 0.3972883604425271
    outer loop
      vertex -20.47667694091797 -29.243728637695312 48
      vertex -21.197471618652344 -30.273128509521484 45.099998474121094
      vertex -18.565889358520508 -31.94963264465332 45.099998474121094
    endloop
  endfacet
  facet normal 0.7739727192052633 -0.4930798861378483 0.3972888820647982
    outer loop
      vertex 30.91710662841797 -17.849998474121094 48
      vertex 31.94963264465332 -18.565889358520508 45.099998474121094
      vertex 32.00541305541992 -18.47833251953125 45.099998474121094
    endloop
  endfacet
  facet normal 0.7739750543049193 -0.4930762701312314 0.39728882081826844
    outer loop
      vertex 31.94963264465332 -18.565889358520508 45.099998474121094
      vertex 30.91710662841797 -17.849998474121094 48
      vertex 29.243728637695312 -20.47667694091797 48
    endloop
  endfacet
  facet normal 0.4237435290095235 0.8140042782667612 0.39728888303848137
    outer loop
      vertex 15.71064567565918 33.4461784362793 45.099998474121094
      vertex 15.087471008300781 32.355186462402344 48
      vertex 17.849998474121094 30.91710662841797 48
    endloop
  endfacet
  facet normal 0.4237411500805754 0.8140055353400071 0.39728884475180004
    outer loop
      vertex 15.087471008300781 32.355186462402344 48
      vertex 15.71064567565918 33.4461784362793 45.099998474121094
      vertex 15.618561744689941 33.49411392211914 45.099998474121094
    endloop
  endfacet
  facet normal 0.8752146274323911 0.2759735888152994 0.3972882256055231
    outer loop
      vertex 33.547027587890625 12.210118293762207 48
      vertex 34.759124755859375 12.540915489196777 45.099998474121094
      vertex 34.7279052734375 12.639924049377441 45.099998474121094
    endloop
  endfacet
  facet normal 0.8752202575964275 0.27595534156278534 0.39728849738673455
    outer loop
      vertex 34.759124755859375 12.540915489196777 45.099998474121094
      vertex 33.547027587890625 12.210118293762207 48
      vertex 34.483551025390625 9.239839553833008 48
    endloop
  endfacet
  facet normal 0.6765946315124183 0.6199849267705492 0.39728880576463715
    outer loop
      vertex 28.310449600219727 23.755287170410156 45.099998474121094
      vertex 26.202444076538086 26.055770874023438 45.099998474121094
      vertex 27.34778594970703 22.94751739501953 48
    endloop
  endfacet
  facet normal -0.11978397974437595 -0.9098429948729028 0.39728770793633406
    outer loop
      vertex -6.199239730834961 -35.15763854980469 48
      vertex -6.417457580566406 -36.39521026611328 45.099998474121094
      vertex -3.323910713195801 -36.802486419677734 45.099998474121094
    endloop
  endfacet
  facet normal -0.9168205878706255 -0.04002860460709632 0.3972879566130459
    outer loop
      vertex -35.70000076293945 0 48
      vertex -36.9566650390625 0 45.099998474121094
      vertex -36.82056427001953 -3.1172704696655273 45.099998474121094
    endloop
  endfacet
  facet normal -0.9098429948729029 -0.11978397974437598 0.3972877079363341
    outer loop
      vertex -35.15763854980469 -6.199239730834961 48
      vertex -36.802486419677734 -3.323910713195801 45.099998474121094
      vertex -36.39521026611328 -6.417457580566406 45.099998474121094
    endloop
  endfacet
  facet normal 0.8959408308256557 0.1986261171577831 0.3972879223463208
    outer loop
      vertex 35.15763854980469 6.199239730834961 48
      vertex 36.37274169921875 6.518810272216797 45.099998474121094
      vertex 34.483551025390625 9.239839553833008 48
    endloop
  endfacet
  facet normal 0.8959425131695824 0.19861874374529867 0.397287814724303
    outer loop
      vertex 36.37274169921875 6.518810272216797 45.099998474121094
      vertex 35.15763854980469 6.199239730834961 48
      vertex 36.39521026611328 6.417457580566406 45.099998474121094
    endloop
  endfacet
  facet normal 0.04002860460709632 0.9168205878706255 0.3972879566130459
    outer loop
      vertex 0 36.9566650390625 45.099998474121094
      vertex 0 35.70000076293945 48
      vertex 3.1172704696655273 36.82056427001953 45.099998474121094
    endloop
  endfacet
  facet normal 0.1986248992011127 -0.8959406471495369 0.39728894548252497
    outer loop
      vertex 9.239839553833008 -34.483551025390625 48
      vertex 6.518810272216797 -36.37274169921875 45.099998474121094
      vertex 9.565089225769043 -35.6973991394043 45.099998474121094
    endloop
  endfacet
  facet normal -0.35118630420295377 0.8478383047245933 0.397288797705143
    outer loop
      vertex -12.735835075378418 34.68817901611328 45.099998474121094
      vertex -15.618561744689941 33.49411392211914 45.099998474121094
      vertex -15.087471008300781 32.355186462402344 48
    endloop
  endfacet
  facet normal 0.9098429948729029 -0.11978397974437598 0.3972877079363341
    outer loop
      vertex 36.802486419677734 -3.323910713195801 45.099998474121094
      vertex 35.15763854980469 -6.199239730834961 48
      vertex 36.39521026611328 -6.417457580566406 45.099998474121094
    endloop
  endfacet
  facet normal -0.7280548648087157 0.5586570457046384 0.3972888358775368
    outer loop
      vertex -28.373647689819336 23.67292594909668 45.099998474121094
      vertex -27.34778594970703 22.94751739501953 48
      vertex -28.310449600219727 23.755287170410156 45.099998474121094
    endloop
  endfacet
  facet normal -0.7280552780216796 0.558656500271037 0.39728884561448685
    outer loop
      vertex -27.34778594970703 22.94751739501953 48
      vertex -28.373647689819336 23.67292594909668 45.099998474121094
      vertex -29.243728637695312 20.47667694091797 48
    endloop
  endfacet
  facet normal -0.9098429948729029 0.11978397974437598 0.3972877079363341
    outer loop
      vertex -36.39521026611328 6.417457580566406 45.099998474121094
      vertex -36.802486419677734 3.323910713195801 45.099998474121094
      vertex -35.15763854980469 6.199239730834961 48
    endloop
  endfacet
  facet normal 0.04002713740419995 0.9168199804832784 0.3972895061008612
    outer loop
      vertex 3.1172704696655273 36.82056427001953 45.099998474121094
      vertex 3.111459732055664 35.56414794921875 48
      vertex 3.220985174179077 36.816036224365234 45.099998474121094
    endloop
  endfacet
  facet normal 0.040030265155197156 0.9168198632232369 0.39728946156540546
    outer loop
      vertex 3.111459732055664 35.56414794921875 48
      vertex 3.1172704696655273 36.82056427001953 45.099998474121094
      vertex 0 35.70000076293945 48
    endloop
  endfacet
  facet normal -0.4237411500805754 0.8140055353400071 0.39728884475180004
    outer loop
      vertex -15.71064567565918 33.4461784362793 45.099998474121094
      vertex -15.087471008300781 32.355186462402344 48
      vertex -15.618561744689941 33.49411392211914 45.099998474121094
    endloop
  endfacet
  facet normal -0.4237435290095235 0.8140042782667612 0.39728888303848137
    outer loop
      vertex -15.087471008300781 32.355186462402344 48
      vertex -15.71064567565918 33.4461784362793 45.099998474121094
      vertex -17.849998474121094 30.91710662841797 48
    endloop
  endfacet
  facet normal -0.6199849267705492 0.6765946315124183 0.39728880576463715
    outer loop
      vertex -23.755287170410156 28.310449600219727 45.099998474121094
      vertex -26.055770874023438 26.202444076538086 45.099998474121094
      vertex -22.94751739501953 27.34778594970703 48
    endloop
  endfacet
  facet normal 0.2759557697642568 -0.8752199160615536 0.39728895235461015
    outer loop
      vertex 12.540915489196777 -34.759124755859375 45.099998474121094
      vertex 9.239839553833008 -34.483551025390625 48
      vertex 9.565089225769043 -35.6973991394043 45.099998474121094
    endloop
  endfacet
  facet normal 0.4930762701312314 0.7739750543049193 0.39728882081826844
    outer loop
      vertex 18.565889358520508 31.94963264465332 45.099998474121094
      vertex 17.849998474121094 30.91710662841797 48
      vertex 20.47667694091797 29.243728637695312 48
    endloop
  endfacet
  facet normal 0.4930798861378483 0.7739727192052633 0.3972888820647982
    outer loop
      vertex 17.849998474121094 30.91710662841797 48
      vertex 18.565889358520508 31.94963264465332 45.099998474121094
      vertex 18.47833251953125 32.00541305541992 45.099998474121094
    endloop
  endfacet
  facet normal -0.040030265155197156 0.9168198632232369 0.39728946156540546
    outer loop
      vertex -3.1172704696655273 36.82056427001953 45.099998474121094
      vertex -3.111459732055664 35.56414794921875 48
      vertex 0 35.70000076293945 48
    endloop
  endfacet
  facet normal -0.04002713740419995 0.9168199804832784 0.3972895061008612
    outer loop
      vertex -3.111459732055664 35.56414794921875 48
      vertex -3.1172704696655273 36.82056427001953 45.099998474121094
      vertex -3.220985174179077 36.816036224365234 45.099998474121094
    endloop
  endfacet
  facet normal 0.4237434585576243 0.8140042861990837 0.3972889419290989
    outer loop
      vertex 18.47833251953125 32.00541305541992 45.099998474121094
      vertex 15.71064567565918 33.4461784362793 45.099998474121094
      vertex 17.849998474121094 30.91710662841797 48
    endloop
  endfacet
  facet normal -0.2759557697642568 -0.8752199160615536 0.39728895235461015
    outer loop
      vertex -9.239839553833008 -34.483551025390625 48
      vertex -12.540915489196777 -34.759124755859375 45.099998474121094
      vertex -9.565089225769043 -35.6973991394043 45.099998474121094
    endloop
  endfacet
  facet normal -0.6765946315124183 -0.6199849267705492 0.39728880576463715
    outer loop
      vertex -27.34778594970703 -22.94751739501953 48
      vertex -28.310449600219727 -23.755287170410156 45.099998474121094
      vertex -26.202444076538086 -26.055770874023438 45.099998474121094
    endloop
  endfacet
  facet normal -0.7739749445282833 -0.49307681338644344 0.3972883604425271
    outer loop
      vertex -29.243728637695312 -20.47667694091797 48
      vertex -31.94963264465332 -18.565889358520508 45.099998474121094
      vertex -30.273128509521484 -21.197471618652344 45.099998474121094
    endloop
  endfacet
  facet normal -0.6765908785099147 0.6199891146752411 0.3972886618082534
    outer loop
      vertex -26.202444076538086 26.055770874023438 45.099998474121094
      vertex -25.243711471557617 25.243711471557617 48
      vertex -26.132308959960938 26.132308959960938 45.099998474121094
    endloop
  endfacet
  facet normal -0.67659469936065 0.6199848930549694 0.39728874283157056
    outer loop
      vertex -25.243711471557617 25.243711471557617 48
      vertex -26.202444076538086 26.055770874023438 45.099998474121094
      vertex -27.34778594970703 22.94751739501953 48
    endloop
  endfacet
  facet normal 0.8140042861990837 -0.4237434585576243 0.3972889419290989
    outer loop
      vertex 33.4461784362793 -15.71064567565918 45.099998474121094
      vertex 30.91710662841797 -17.849998474121094 48
      vertex 32.00541305541992 -18.47833251953125 45.099998474121094
    endloop
  endfacet
  facet normal 0.04002860460709632 -0.9168205878706255 0.3972879566130459
    outer loop
      vertex 0 -35.70000076293945 48
      vertex 0 -36.9566650390625 45.099998474121094
      vertex 3.1172704696655273 -36.82056427001953 45.099998474121094
    endloop
  endfacet
  facet normal -0.8140042861990837 0.4237434585576243 0.3972889419290989
    outer loop
      vertex -32.00541305541992 18.47833251953125 45.099998474121094
      vertex -33.4461784362793 15.71064567565918 45.099998474121094
      vertex -30.91710662841797 17.849998474121094 48
    endloop
  endfacet
  facet normal 0.5586562107950227 -0.7280557518127586 0.3972883844167934
    outer loop
      vertex 23.67292594909668 -28.373647689819336 45.099998474121094
      vertex 20.47667694091797 -29.243728637695312 48
      vertex 21.197471618652344 -30.273128509521484 45.099998474121094
    endloop
  endfacet
  facet normal -0.6199848930549694 0.67659469936065 0.39728874283157056
    outer loop
      vertex -26.055770874023438 26.202444076538086 45.099998474121094
      vertex -25.243711471557617 25.243711471557617 48
      vertex -22.94751739501953 27.34778594970703 48
    endloop
  endfacet
  facet normal -0.6199891146752411 0.6765908785099147 0.3972886618082534
    outer loop
      vertex -25.243711471557617 25.243711471557617 48
      vertex -26.055770874023438 26.202444076538086 45.099998474121094
      vertex -26.132308959960938 26.132308959960938 45.099998474121094
    endloop
  endfacet
  facet normal -0.8478383047245933 -0.35118630420295377 0.397288797705143
    outer loop
      vertex -32.355186462402344 -15.087471008300781 48
      vertex -34.68817901611328 -12.735835075378418 45.099998474121094
      vertex -33.49411392211914 -15.618561744689941 45.099998474121094
    endloop
  endfacet
  facet normal -0.2759557697642568 0.8752199160615536 0.39728895235461015
    outer loop
      vertex -9.565089225769043 35.6973991394043 45.099998474121094
      vertex -12.540915489196777 34.759124755859375 45.099998474121094
      vertex -9.239839553833008 34.483551025390625 48
    endloop
  endfacet
  facet normal 0.6199849267705492 0.6765946315124183 0.39728880576463715
    outer loop
      vertex 23.755287170410156 28.310449600219727 45.099998474121094
      vertex 22.94751739501953 27.34778594970703 48
      vertex 26.055770874023438 26.202444076538086 45.099998474121094
    endloop
  endfacet
  facet normal -0.11977780022643864 0.9098429781734548 0.3972896092793941
    outer loop
      vertex -3.323910713195801 36.802486419677734 45.099998474121094
      vertex -3.111459732055664 35.56414794921875 48
      vertex -3.220985174179077 36.816036224365234 45.099998474121094
    endloop
  endfacet
  facet normal -0.11978168934194061 0.9098424417815438 0.3972896651454562
    outer loop
      vertex -3.111459732055664 35.56414794921875 48
      vertex -3.323910713195801 36.802486419677734 45.099998474121094
      vertex -6.199239730834961 35.15763854980469 48
    endloop
  endfacet
  facet normal 0.8752199160615536 0.2759557697642568 0.39728895235461015
    outer loop
      vertex 34.759124755859375 12.540915489196777 45.099998474121094
      vertex 34.483551025390625 9.239839553833008 48
      vertex 35.6973991394043 9.565089225769043 45.099998474121094
    endloop
  endfacet
  facet normal 0.8478383047245933 0.35118630420295377 0.397288797705143
    outer loop
      vertex 33.49411392211914 15.618561744689941 45.099998474121094
      vertex 32.355186462402344 15.087471008300781 48
      vertex 34.68817901611328 12.735835075378418 45.099998474121094
    endloop
  endfacet
  facet normal 0.5586562107950227 0.7280557518127586 0.3972883844167934
    outer loop
      vertex 21.197471618652344 30.273128509521484 45.099998474121094
      vertex 20.47667694091797 29.243728637695312 48
      vertex 23.67292594909668 28.373647689819336 45.099998474121094
    endloop
  endfacet
  facet normal -0.8752199160615536 -0.2759557697642568 0.39728895235461015
    outer loop
      vertex -34.483551025390625 -9.239839553833008 48
      vertex -35.6973991394043 -9.565089225769043 45.099998474121094
      vertex -34.759124755859375 -12.540915489196777 45.099998474121094
    endloop
  endfacet
  facet normal -0.9098429781734548 -0.11977780022643864 0.3972896092793941
    outer loop
      vertex -36.802486419677734 -3.323910713195801 45.099998474121094
      vertex -35.56414794921875 -3.111459732055664 48
      vertex -36.816036224365234 -3.220985174179077 45.099998474121094
    endloop
  endfacet
  facet normal -0.9098424417815438 -0.11978168934194061 0.3972896651454562
    outer loop
      vertex -35.56414794921875 -3.111459732055664 48
      vertex -36.802486419677734 -3.323910713195801 45.099998474121094
      vertex -35.15763854980469 -6.199239730834961 48
    endloop
  endfacet
  facet normal 0.9098424417815438 0.11978168934194061 0.3972896651454562
    outer loop
      vertex 35.56414794921875 3.111459732055664 48
      vertex 36.802486419677734 3.323910713195801 45.099998474121094
      vertex 35.15763854980469 6.199239730834961 48
    endloop
  endfacet
  facet normal 0.9098429781734548 0.11977780022643864 0.3972896092793941
    outer loop
      vertex 36.802486419677734 3.323910713195801 45.099998474121094
      vertex 35.56414794921875 3.111459732055664 48
      vertex 36.816036224365234 3.220985174179077 45.099998474121094
    endloop
  endfacet
  facet normal -0.04002713740419995 -0.9168199804832784 0.3972895061008612
    outer loop
      vertex -3.1172704696655273 -36.82056427001953 45.099998474121094
      vertex -3.111459732055664 -35.56414794921875 48
      vertex -3.220985174179077 -36.816036224365234 45.099998474121094
    endloop
  endfacet
  facet normal -0.040030265155197156 -0.9168198632232369 0.39728946156540546
    outer loop
      vertex -3.111459732055664 -35.56414794921875 48
      vertex -3.1172704696655273 -36.82056427001953 45.099998474121094
      vertex 0 -35.70000076293945 48
    endloop
  endfacet
  facet normal 0.49307681338644344 0.7739749445282833 0.3972883604425271
    outer loop
      vertex 21.197471618652344 30.273128509521484 45.099998474121094
      vertex 18.565889358520508 31.94963264465332 45.099998474121094
      vertex 20.47667694091797 29.243728637695312 48
    endloop
  endfacet
  facet normal -0.9168205878706255 0.04002860460709632 0.3972879566130459
    outer loop
      vertex -36.82056427001953 3.1172704696655273 45.099998474121094
      vertex -36.9566650390625 0 45.099998474121094
      vertex -35.70000076293945 0 48
    endloop
  endfacet
  facet normal 0.19861874374529864 -0.8959425131695823 0.39728781472430297
    outer loop
      vertex 6.518810272216797 -36.37274169921875 45.099998474121094
      vertex 6.199239730834961 -35.15763854980469 48
      vertex 6.417457580566406 -36.39521026611328 45.099998474121094
    endloop
  endfacet
  facet normal 0.1986261171577831 -0.8959408308256557 0.3972879223463208
    outer loop
      vertex 6.199239730834961 -35.15763854980469 48
      vertex 6.518810272216797 -36.37274169921875 45.099998474121094
      vertex 9.239839553833008 -34.483551025390625 48
    endloop
  endfacet
  facet normal -0.8478429760890148 0.3511757682406682 0.3972881419034537
    outer loop
      vertex -33.547027587890625 12.210118293762207 48
      vertex -34.68817901611328 12.735835075378418 45.099998474121094
      vertex -34.7279052734375 12.639924049377441 45.099998474121094
    endloop
  endfacet
  facet normal -0.8478382902414077 0.3511868868100955 0.3972883136126206
    outer loop
      vertex -34.68817901611328 12.735835075378418 45.099998474121094
      vertex -33.547027587890625 12.210118293762207 48
      vertex -32.355186462402344 15.087471008300781 48
    endloop
  endfacet
  facet normal 0.11978397974437595 -0.9098429948729028 0.39728770793633406
    outer loop
      vertex 6.199239730834961 -35.15763854980469 48
      vertex 3.323910713195801 -36.802486419677734 45.099998474121094
      vertex 6.417457580566406 -36.39521026611328 45.099998474121094
    endloop
  endfacet
  facet normal -0.67659469936065 -0.6199848930549694 0.39728874283157056
    outer loop
      vertex -26.202444076538086 -26.055770874023438 45.099998474121094
      vertex -25.243711471557617 -25.243711471557617 48
      vertex -27.34778594970703 -22.94751739501953 48
    endloop
  endfacet
  facet normal -0.6765908785099147 -0.6199891146752411 0.3972886618082534
    outer loop
      vertex -25.243711471557617 -25.243711471557617 48
      vertex -26.202444076538086 -26.055770874023438 45.099998474121094
      vertex -26.132308959960938 -26.132308959960938 45.099998474121094
    endloop
  endfacet
  facet normal 0.3511757682406682 -0.8478429760890148 0.3972881419034537
    outer loop
      vertex 12.735835075378418 -34.68817901611328 45.099998474121094
      vertex 12.210118293762207 -33.547027587890625 48
      vertex 12.639924049377441 -34.7279052734375 45.099998474121094
    endloop
  endfacet
  facet normal 0.3511868868100955 -0.8478382902414077 0.3972883136126206
    outer loop
      vertex 12.210118293762207 -33.547027587890625 48
      vertex 12.735835075378418 -34.68817901611328 45.099998474121094
      vertex 15.087471008300781 -32.355186462402344 48
    endloop
  endfacet
  facet normal -0.8752202575964275 -0.27595534156278534 0.39728849738673455
    outer loop
      vertex -34.759124755859375 -12.540915489196777 45.099998474121094
      vertex -33.547027587890625 -12.210118293762207 48
      vertex -34.483551025390625 -9.239839553833008 48
    endloop
  endfacet
  facet normal -0.8752146274323911 -0.2759735888152994 0.3972882256055231
    outer loop
      vertex -33.547027587890625 -12.210118293762207 48
      vertex -34.759124755859375 -12.540915489196777 45.099998474121094
      vertex -34.7279052734375 -12.639924049377441 45.099998474121094
    endloop
  endfacet
  facet normal -0.7280557518127586 -0.5586562107950227 0.3972883844167934
    outer loop
      vertex -29.243728637695312 -20.47667694091797 48
      vertex -30.273128509521484 -21.197471618652344 45.099998474121094
      vertex -28.373647689819336 -23.67292594909668 45.099998474121094
    endloop
  endfacet
  facet normal -0.7280557518127586 0.5586562107950227 0.3972883844167934
    outer loop
      vertex -28.373647689819336 23.67292594909668 45.099998474121094
      vertex -30.273128509521484 21.197471618652344 45.099998474121094
      vertex -29.243728637695312 20.47667694091797 48
    endloop
  endfacet
  facet normal 0.27595534156278534 -0.8752202575964275 0.39728849738673455
    outer loop
      vertex 12.540915489196777 -34.759124755859375 45.099998474121094
      vertex 12.210118293762207 -33.547027587890625 48
      vertex 9.239839553833008 -34.483551025390625 48
    endloop
  endfacet
  facet normal 0.2759735888152994 -0.8752146274323911 0.3972882256055231
    outer loop
      vertex 12.210118293762207 -33.547027587890625 48
      vertex 12.540915489196777 -34.759124755859375 45.099998474121094
      vertex 12.639924049377441 -34.7279052734375 45.099998474121094
    endloop
  endfacet
  facet normal -0.04002860460709632 -0.9168205878706255 0.3972879566130459
    outer loop
      vertex 0 -35.70000076293945 48
      vertex -3.1172704696655273 -36.82056427001953 45.099998474121094
      vertex 0 -36.9566650390625 45.099998474121094
    endloop
  endfacet
  facet normal -0.8478383047245933 0.35118630420295377 0.397288797705143
    outer loop
      vertex -33.49411392211914 15.618561744689941 45.099998474121094
      vertex -34.68817901611328 12.735835075378418 45.099998474121094
      vertex -32.355186462402344 15.087471008300781 48
    endloop
  endfacet
  facet normal 0.1986261171577831 0.8959408308256557 0.3972879223463208
    outer loop
      vertex 6.518810272216797 36.37274169921875 45.099998474121094
      vertex 6.199239730834961 35.15763854980469 48
      vertex 9.239839553833008 34.483551025390625 48
    endloop
  endfacet
  facet normal 0.19861874374529864 0.8959425131695823 0.39728781472430297
    outer loop
      vertex 6.199239730834961 35.15763854980469 48
      vertex 6.518810272216797 36.37274169921875 45.099998474121094
      vertex 6.417457580566406 36.39521026611328 45.099998474121094
    endloop
  endfacet
  facet normal -0.5586562107950227 -0.7280557518127586 0.3972883844167934
    outer loop
      vertex -20.47667694091797 -29.243728637695312 48
      vertex -23.67292594909668 -28.373647689819336 45.099998474121094
      vertex -21.197471618652344 -30.273128509521484 45.099998474121094
    endloop
  endfacet
  facet normal -0.3511868868100955 -0.8478382902414077 0.3972883136126206
    outer loop
      vertex -12.735835075378418 -34.68817901611328 45.099998474121094
      vertex -12.210118293762207 -33.547027587890625 48
      vertex -15.087471008300781 -32.355186462402344 48
    endloop
  endfacet
  facet normal -0.3511757682406682 -0.8478429760890148 0.3972881419034537
    outer loop
      vertex -12.210118293762207 -33.547027587890625 48
      vertex -12.735835075378418 -34.68817901611328 45.099998474121094
      vertex -12.639924049377441 -34.7279052734375 45.099998474121094
    endloop
  endfacet
  facet normal -0.8752199160615536 0.2759557697642568 0.39728895235461015
    outer loop
      vertex -34.759124755859375 12.540915489196777 45.099998474121094
      vertex -35.6973991394043 9.565089225769043 45.099998474121094
      vertex -34.483551025390625 9.239839553833008 48
    endloop
  endfacet
  facet normal 0.2759557697642568 0.8752199160615536 0.39728895235461015
    outer loop
      vertex 9.565089225769043 35.6973991394043 45.099998474121094
      vertex 9.239839553833008 34.483551025390625 48
      vertex 12.540915489196777 34.759124755859375 45.099998474121094
    endloop
  endfacet
  facet normal -0.5586570457046384 -0.7280548648087157 0.3972888358775368
    outer loop
      vertex -23.67292594909668 -28.373647689819336 45.099998474121094
      vertex -22.94751739501953 -27.34778594970703 48
      vertex -23.755287170410156 -28.310449600219727 45.099998474121094
    endloop
  endfacet
  facet normal -0.558656500271037 -0.7280552780216796 0.39728884561448685
    outer loop
      vertex -22.94751739501953 -27.34778594970703 48
      vertex -23.67292594909668 -28.373647689819336 45.099998474121094
      vertex -20.47667694091797 -29.243728637695312 48
    endloop
  endfacet
  facet normal -0.11978397974437595 0.9098429948729028 0.39728770793633406
    outer loop
      vertex -3.323910713195801 36.802486419677734 45.099998474121094
      vertex -6.417457580566406 36.39521026611328 45.099998474121094
      vertex -6.199239730834961 35.15763854980469 48
    endloop
  endfacet
  facet normal 0.8478382902414077 0.3511868868100955 0.3972883136126206
    outer loop
      vertex 33.547027587890625 12.210118293762207 48
      vertex 34.68817901611328 12.735835075378418 45.099998474121094
      vertex 32.355186462402344 15.087471008300781 48
    endloop
  endfacet
  facet normal 0.8478429760890148 0.3511757682406682 0.3972881419034537
    outer loop
      vertex 34.68817901611328 12.735835075378418 45.099998474121094
      vertex 33.547027587890625 12.210118293762207 48
      vertex 34.7279052734375 12.639924049377441 45.099998474121094
    endloop
  endfacet
  facet normal 0.8140042861990837 0.4237434585576243 0.3972889419290989
    outer loop
      vertex 32.00541305541992 18.47833251953125 45.099998474121094
      vertex 30.91710662841797 17.849998474121094 48
      vertex 33.4461784362793 15.71064567565918 45.099998474121094
    endloop
  endfacet
  facet normal 0.6765946315124183 -0.6199849267705492 0.39728880576463715
    outer loop
      vertex 27.34778594970703 -22.94751739501953 48
      vertex 26.202444076538086 -26.055770874023438 45.099998474121094
      vertex 28.310449600219727 -23.755287170410156 45.099998474121094
    endloop
  endfacet
  facet normal -0.8140055353400071 -0.4237411500805754 0.39728884475180004
    outer loop
      vertex -33.4461784362793 -15.71064567565918 45.099998474121094
      vertex -32.355186462402344 -15.087471008300781 48
      vertex -33.49411392211914 -15.618561744689941 45.099998474121094
    endloop
  endfacet
  facet normal -0.8140042782667612 -0.4237435290095235 0.39728888303848137
    outer loop
      vertex -32.355186462402344 -15.087471008300781 48
      vertex -33.4461784362793 -15.71064567565918 45.099998474121094
      vertex -30.91710662841797 -17.849998474121094 48
    endloop
  endfacet
  facet normal -0.8959406471495369 -0.1986248992011127 0.39728894548252497
    outer loop
      vertex -34.483551025390625 -9.239839553833008 48
      vertex -36.37274169921875 -6.518810272216797 45.099998474121094
      vertex -35.6973991394043 -9.565089225769043 45.099998474121094
    endloop
  endfacet
  facet normal 0.6765908785099147 0.6199891146752411 0.3972886618082534
    outer loop
      vertex 25.243711471557617 25.243711471557617 48
      vertex 26.202444076538086 26.055770874023438 45.099998474121094
      vertex 26.132308959960938 26.132308959960938 45.099998474121094
    endloop
  endfacet
  facet normal 0.67659469936065 0.6199848930549694 0.39728874283157056
    outer loop
      vertex 26.202444076538086 26.055770874023438 45.099998474121094
      vertex 25.243711471557617 25.243711471557617 48
      vertex 27.34778594970703 22.94751739501953 48
    endloop
  endfacet
  facet normal -0.9168198632232369 -0.040030265155197156 0.39728946156540546
    outer loop
      vertex -36.82056427001953 -3.1172704696655273 45.099998474121094
      vertex -35.56414794921875 -3.111459732055664 48
      vertex -35.70000076293945 0 48
    endloop
  endfacet
  facet normal -0.9168199804832784 -0.04002713740419995 0.3972895061008612
    outer loop
      vertex -35.56414794921875 -3.111459732055664 48
      vertex -36.82056427001953 -3.1172704696655273 45.099998474121094
      vertex -36.816036224365234 -3.220985174179077 45.099998474121094
    endloop
  endfacet
  facet normal 0.6199891146752411 0.6765908785099147 0.3972886618082534
    outer loop
      vertex 26.055770874023438 26.202444076538086 45.099998474121094
      vertex 25.243711471557617 25.243711471557617 48
      vertex 26.132308959960938 26.132308959960938 45.099998474121094
    endloop
  endfacet
  facet normal 0.6199848930549694 0.67659469936065 0.39728874283157056
    outer loop
      vertex 25.243711471557617 25.243711471557617 48
      vertex 26.055770874023438 26.202444076538086 45.099998474121094
      vertex 22.94751739501953 27.34778594970703 48
    endloop
  endfacet
  facet normal 0.040030265155197156 -0.9168198632232369 0.39728946156540546
    outer loop
      vertex 3.1172704696655273 -36.82056427001953 45.099998474121094
      vertex 3.111459732055664 -35.56414794921875 48
      vertex 0 -35.70000076293945 48
    endloop
  endfacet
  facet normal 0.04002713740419995 -0.9168199804832784 0.3972895061008612
    outer loop
      vertex 3.111459732055664 -35.56414794921875 48
      vertex 3.1172704696655273 -36.82056427001953 45.099998474121094
      vertex 3.220985174179077 -36.816036224365234 45.099998474121094
    endloop
  endfacet
  facet normal -0.6765946315124183 0.6199849267705492 0.39728880576463715
    outer loop
      vertex -26.202444076538086 26.055770874023438 45.099998474121094
      vertex -28.310449600219727 23.755287170410156 45.099998474121094
      vertex -27.34778594970703 22.94751739501953 48
    endloop
  endfacet
  facet normal 0.2759735888152994 0.8752146274323911 0.3972882256055231
    outer loop
      vertex 12.540915489196777 34.759124755859375 45.099998474121094
      vertex 12.210118293762207 33.547027587890625 48
      vertex 12.639924049377441 34.7279052734375 45.099998474121094
    endloop
  endfacet
  facet normal 0.27595534156278534 0.8752202575964275 0.39728849738673455
    outer loop
      vertex 12.210118293762207 33.547027587890625 48
      vertex 12.540915489196777 34.759124755859375 45.099998474121094
      vertex 9.239839553833008 34.483551025390625 48
    endloop
  endfacet
  facet normal 0.1986248992011127 0.8959406471495369 0.39728894548252497
    outer loop
      vertex 9.565089225769043 35.6973991394043 45.099998474121094
      vertex 6.518810272216797 36.37274169921875 45.099998474121094
      vertex 9.239839553833008 34.483551025390625 48
    endloop
  endfacet
  facet normal 0.11977780022643864 -0.9098429781734548 0.3972896092793941
    outer loop
      vertex 3.323910713195801 -36.802486419677734 45.099998474121094
      vertex 3.111459732055664 -35.56414794921875 48
      vertex 3.220985174179077 -36.816036224365234 45.099998474121094
    endloop
  endfacet
  facet normal 0.11978168934194061 -0.9098424417815438 0.3972896651454562
    outer loop
      vertex 3.111459732055664 -35.56414794921875 48
      vertex 3.323910713195801 -36.802486419677734 45.099998474121094
      vertex 6.199239730834961 -35.15763854980469 48
    endloop
  endfacet
  facet normal -0.8140055353400071 0.4237411500805754 0.39728884475180004
    outer loop
      vertex -32.355186462402344 15.087471008300781 48
      vertex -33.4461784362793 15.71064567565918 45.099998474121094
      vertex -33.49411392211914 15.618561744689941 45.099998474121094
    endloop
  endfacet
  facet normal -0.8140042782667612 0.4237435290095235 0.39728888303848137
    outer loop
      vertex -33.4461784362793 15.71064567565918 45.099998474121094
      vertex -32.355186462402344 15.087471008300781 48
      vertex -30.91710662841797 17.849998474121094 48
    endloop
  endfacet
  facet normal -0.1986261171577831 -0.8959408308256557 0.3972879223463208
    outer loop
      vertex -6.518810272216797 -36.37274169921875 45.099998474121094
      vertex -6.199239730834961 -35.15763854980469 48
      vertex -9.239839553833008 -34.483551025390625 48
    endloop
  endfacet
  facet normal -0.19861874374529864 -0.8959425131695823 0.39728781472430297
    outer loop
      vertex -6.199239730834961 -35.15763854980469 48
      vertex -6.518810272216797 -36.37274169921875 45.099998474121094
      vertex -6.417457580566406 -36.39521026611328 45.099998474121094
    endloop
  endfacet
  facet normal -0.19861874374529864 0.8959425131695823 0.39728781472430297
    outer loop
      vertex -6.518810272216797 36.37274169921875 45.099998474121094
      vertex -6.199239730834961 35.15763854980469 48
      vertex -6.417457580566406 36.39521026611328 45.099998474121094
    endloop
  endfacet
  facet normal -0.1986261171577831 0.8959408308256557 0.3972879223463208
    outer loop
      vertex -6.199239730834961 35.15763854980469 48
      vertex -6.518810272216797 36.37274169921875 45.099998474121094
      vertex -9.239839553833008 34.483551025390625 48
    endloop
  endfacet
  facet normal 0.9098429781734548 -0.11977780022643864 0.3972896092793941
    outer loop
      vertex 35.56414794921875 -3.111459732055664 48
      vertex 36.802486419677734 -3.323910713195801 45.099998474121094
      vertex 36.816036224365234 -3.220985174179077 45.099998474121094
    endloop
  endfacet
  facet normal 0.9098424417815438 -0.11978168934194061 0.3972896651454562
    outer loop
      vertex 36.802486419677734 -3.323910713195801 45.099998474121094
      vertex 35.56414794921875 -3.111459732055664 48
      vertex 35.15763854980469 -6.199239730834961 48
    endloop
  endfacet
  facet normal 0.8140042782667612 0.4237435290095235 0.39728888303848137
    outer loop
      vertex 32.355186462402344 15.087471008300781 48
      vertex 33.4461784362793 15.71064567565918 45.099998474121094
      vertex 30.91710662841797 17.849998474121094 48
    endloop
  endfacet
  facet normal 0.8140055353400071 0.4237411500805754 0.39728884475180004
    outer loop
      vertex 33.4461784362793 15.71064567565918 45.099998474121094
      vertex 32.355186462402344 15.087471008300781 48
      vertex 33.49411392211914 15.618561744689941 45.099998474121094
    endloop
  endfacet
  facet normal -0.6199849267705492 -0.6765946315124183 0.39728880576463715
    outer loop
      vertex -22.94751739501953 -27.34778594970703 48
      vertex -26.055770874023438 -26.202444076538086 45.099998474121094
      vertex -23.755287170410156 -28.310449600219727 45.099998474121094
    endloop
  endfacet
  facet normal 0.8752202575964275 -0.27595534156278534 0.39728849738673455
    outer loop
      vertex 33.547027587890625 -12.210118293762207 48
      vertex 34.759124755859375 -12.540915489196777 45.099998474121094
      vertex 34.483551025390625 -9.239839553833008 48
    endloop
  endfacet
  facet normal 0.8752146274323911 -0.2759735888152994 0.3972882256055231
    outer loop
      vertex 34.759124755859375 -12.540915489196777 45.099998474121094
      vertex 33.547027587890625 -12.210118293762207 48
      vertex 34.7279052734375 -12.639924049377441 45.099998474121094
    endloop
  endfacet
  facet normal 0.8752199160615536 -0.2759557697642568 0.39728895235461015
    outer loop
      vertex 35.6973991394043 -9.565089225769043 45.099998474121094
      vertex 34.483551025390625 -9.239839553833008 48
      vertex 34.759124755859375 -12.540915489196777 45.099998474121094
    endloop
  endfacet
  facet normal -0.7739727192052633 0.4930798861378483 0.3972888820647982
    outer loop
      vertex -30.91710662841797 17.849998474121094 48
      vertex -31.94963264465332 18.565889358520508 45.099998474121094
      vertex -32.00541305541992 18.47833251953125 45.099998474121094
    endloop
  endfacet
  facet normal -0.7739750543049193 0.4930762701312314 0.39728882081826844
    outer loop
      vertex -31.94963264465332 18.565889358520508 45.099998474121094
      vertex -30.91710662841797 17.849998474121094 48
      vertex -29.243728637695312 20.47667694091797 48
    endloop
  endfacet
  facet normal -0.4930762701312314 -0.7739750543049193 0.39728882081826844
    outer loop
      vertex -18.565889358520508 -31.94963264465332 45.099998474121094
      vertex -17.849998474121094 -30.91710662841797 48
      vertex -20.47667694091797 -29.243728637695312 48
    endloop
  endfacet
  facet normal -0.4930798861378483 -0.7739727192052633 0.3972888820647982
    outer loop
      vertex -17.849998474121094 -30.91710662841797 48
      vertex -18.565889358520508 -31.94963264465332 45.099998474121094
      vertex -18.47833251953125 -32.00541305541992 45.099998474121094
    endloop
  endfacet
  facet normal 0.8959406471495369 -0.1986248992011127 0.39728894548252497
    outer loop
      vertex 36.37274169921875 -6.518810272216797 45.099998474121094
      vertex 34.483551025390625 -9.239839553833008 48
      vertex 35.6973991394043 -9.565089225769043 45.099998474121094
    endloop
  endfacet
  facet normal 0.8959425131695824 -0.19861874374529867 0.397287814724303
    outer loop
      vertex 35.15763854980469 -6.199239730834961 48
      vertex 36.37274169921875 -6.518810272216797 45.099998474121094
      vertex 36.39521026611328 -6.417457580566406 45.099998474121094
    endloop
  endfacet
  facet normal 0.8959408308256557 -0.1986261171577831 0.3972879223463208
    outer loop
      vertex 36.37274169921875 -6.518810272216797 45.099998474121094
      vertex 35.15763854980469 -6.199239730834961 48
      vertex 34.483551025390625 -9.239839553833008 48
    endloop
  endfacet
  facet normal -0.8959425131695824 -0.19861874374529867 0.397287814724303
    outer loop
      vertex -36.37274169921875 -6.518810272216797 45.099998474121094
      vertex -35.15763854980469 -6.199239730834961 48
      vertex -36.39521026611328 -6.417457580566406 45.099998474121094
    endloop
  endfacet
  facet normal -0.8959408308256557 -0.1986261171577831 0.3972879223463208
    outer loop
      vertex -35.15763854980469 -6.199239730834961 48
      vertex -36.37274169921875 -6.518810272216797 45.099998474121094
      vertex -34.483551025390625 -9.239839553833008 48
    endloop
  endfacet
  facet normal -0.7739727192052633 -0.4930798861378483 0.3972888820647982
    outer loop
      vertex -31.94963264465332 -18.565889358520508 45.099998474121094
      vertex -30.91710662841797 -17.849998474121094 48
      vertex -32.00541305541992 -18.47833251953125 45.099998474121094
    endloop
  endfacet
  facet normal -0.7739750543049193 -0.4930762701312314 0.39728882081826844
    outer loop
      vertex -30.91710662841797 -17.849998474121094 48
      vertex -31.94963264465332 -18.565889358520508 45.099998474121094
      vertex -29.243728637695312 -20.47667694091797 48
    endloop
  endfacet
  facet normal 0.9168198632232369 -0.040030265155197156 0.39728946156540546
    outer loop
      vertex 35.56414794921875 -3.111459732055664 48
      vertex 36.82056427001953 -3.1172704696655273 45.099998474121094
      vertex 35.70000076293945 0 48
    endloop
  endfacet
  facet normal 0.9168199804832784 -0.04002713740419995 0.3972895061008612
    outer loop
      vertex 36.82056427001953 -3.1172704696655273 45.099998474121094
      vertex 35.56414794921875 -3.111459732055664 48
      vertex 36.816036224365234 -3.220985174179077 45.099998474121094
    endloop
  endfacet
  facet normal 0.8140055353400071 -0.4237411500805754 0.39728884475180004
    outer loop
      vertex 32.355186462402344 -15.087471008300781 48
      vertex 33.4461784362793 -15.71064567565918 45.099998474121094
      vertex 33.49411392211914 -15.618561744689941 45.099998474121094
    endloop
  endfacet
  facet normal 0.8140042782667612 -0.4237435290095235 0.39728888303848137
    outer loop
      vertex 33.4461784362793 -15.71064567565918 45.099998474121094
      vertex 32.355186462402344 -15.087471008300781 48
      vertex 30.91710662841797 -17.849998474121094 48
    endloop
  endfacet
  facet normal 0.8478429760890148 -0.3511757682406682 0.3972881419034537
    outer loop
      vertex 33.547027587890625 -12.210118293762207 48
      vertex 34.68817901611328 -12.735835075378418 45.099998474121094
      vertex 34.7279052734375 -12.639924049377441 45.099998474121094
    endloop
  endfacet
  facet normal 0.8478382902414077 -0.3511868868100955 0.3972883136126206
    outer loop
      vertex 34.68817901611328 -12.735835075378418 45.099998474121094
      vertex 33.547027587890625 -12.210118293762207 48
      vertex 32.355186462402344 -15.087471008300781 48
    endloop
  endfacet
  facet normal -0.4237435290095235 -0.8140042782667612 0.39728888303848137
    outer loop
      vertex -15.71064567565918 -33.4461784362793 45.099998474121094
      vertex -15.087471008300781 -32.355186462402344 48
      vertex -17.849998474121094 -30.91710662841797 48
    endloop
  endfacet
  facet normal -0.4237411500805754 -0.8140055353400071 0.39728884475180004
    outer loop
      vertex -15.087471008300781 -32.355186462402344 48
      vertex -15.71064567565918 -33.4461784362793 45.099998474121094
      vertex -15.618561744689941 -33.49411392211914 45.099998474121094
    endloop
  endfacet
  facet normal -0.8959425131695824 0.19861874374529867 0.397287814724303
    outer loop
      vertex -35.15763854980469 6.199239730834961 48
      vertex -36.37274169921875 6.518810272216797 45.099998474121094
      vertex -36.39521026611328 6.417457580566406 45.099998474121094
    endloop
  endfacet
  facet normal -0.8959408308256557 0.1986261171577831 0.3972879223463208
    outer loop
      vertex -36.37274169921875 6.518810272216797 45.099998474121094
      vertex -35.15763854980469 6.199239730834961 48
      vertex -34.483551025390625 9.239839553833008 48
    endloop
  endfacet
  facet normal 0.8478383047245933 -0.35118630420295377 0.397288797705143
    outer loop
      vertex 34.68817901611328 -12.735835075378418 45.099998474121094
      vertex 32.355186462402344 -15.087471008300781 48
      vertex 33.49411392211914 -15.618561744689941 45.099998474121094
    endloop
  endfacet
  facet normal 0.7280552780216796 -0.558656500271037 0.39728884561448685
    outer loop
      vertex 27.34778594970703 -22.94751739501953 48
      vertex 28.373647689819336 -23.67292594909668 45.099998474121094
      vertex 29.243728637695312 -20.47667694091797 48
    endloop
  endfacet
  facet normal 0.7280548648087157 -0.5586570457046384 0.3972888358775368
    outer loop
      vertex 28.373647689819336 -23.67292594909668 45.099998474121094
      vertex 27.34778594970703 -22.94751739501953 48
      vertex 28.310449600219727 -23.755287170410156 45.099998474121094
    endloop
  endfacet
  facet normal 0.7280557518127586 -0.5586562107950227 0.3972883844167934
    outer loop
      vertex 29.243728637695312 -20.47667694091797 48
      vertex 28.373647689819336 -23.67292594909668 45.099998474121094
      vertex 30.273128509521484 -21.197471618652344 45.099998474121094
    endloop
  endfacet
  facet normal -0.8752146274323911 0.2759735888152994 0.3972882256055231
    outer loop
      vertex -34.759124755859375 12.540915489196777 45.099998474121094
      vertex -33.547027587890625 12.210118293762207 48
      vertex -34.7279052734375 12.639924049377441 45.099998474121094
    endloop
  endfacet
  facet normal -0.8752202575964275 0.27595534156278534 0.39728849738673455
    outer loop
      vertex -33.547027587890625 12.210118293762207 48
      vertex -34.759124755859375 12.540915489196777 45.099998474121094
      vertex -34.483551025390625 9.239839553833008 48
    endloop
  endfacet
  facet normal -0.8959406471495369 0.1986248992011127 0.39728894548252497
    outer loop
      vertex -35.6973991394043 9.565089225769043 45.099998474121094
      vertex -36.37274169921875 6.518810272216797 45.099998474121094
      vertex -34.483551025390625 9.239839553833008 48
    endloop
  endfacet
  facet normal -0.4930798861378483 0.7739727192052633 0.3972888820647982
    outer loop
      vertex -18.565889358520508 31.94963264465332 45.099998474121094
      vertex -17.849998474121094 30.91710662841797 48
      vertex -18.47833251953125 32.00541305541992 45.099998474121094
    endloop
  endfacet
  facet normal -0.4930762701312314 0.7739750543049193 0.39728882081826844
    outer loop
      vertex -17.849998474121094 30.91710662841797 48
      vertex -18.565889358520508 31.94963264465332 45.099998474121094
      vertex -20.47667694091797 29.243728637695312 48
    endloop
  endfacet
  facet normal -0.35118630420295377 -0.8478383047245933 0.397288797705143
    outer loop
      vertex -15.087471008300781 -32.355186462402344 48
      vertex -15.618561744689941 -33.49411392211914 45.099998474121094
      vertex -12.735835075378418 -34.68817901611328 45.099998474121094
    endloop
  endfacet
  facet normal -0.7739749445282833 0.49307681338644344 0.3972883604425271
    outer loop
      vertex -30.273128509521484 21.197471618652344 45.099998474121094
      vertex -31.94963264465332 18.565889358520508 45.099998474121094
      vertex -29.243728637695312 20.47667694091797 48
    endloop
  endfacet
  facet normal -0.7280552780216796 -0.558656500271037 0.39728884561448685
    outer loop
      vertex -28.373647689819336 -23.67292594909668 45.099998474121094
      vertex -27.34778594970703 -22.94751739501953 48
      vertex -29.243728637695312 -20.47667694091797 48
    endloop
  endfacet
  facet normal -0.7280548648087157 -0.5586570457046384 0.3972888358775368
    outer loop
      vertex -27.34778594970703 -22.94751739501953 48
      vertex -28.373647689819336 -23.67292594909668 45.099998474121094
      vertex -28.310449600219727 -23.755287170410156 45.099998474121094
    endloop
  endfacet
  facet normal 0.4237411500805754 -0.8140055353400071 0.39728884475180004
    outer loop
      vertex 15.71064567565918 -33.4461784362793 45.099998474121094
      vertex 15.087471008300781 -32.355186462402344 48
      vertex 15.618561744689941 -33.49411392211914 45.099998474121094
    endloop
  endfacet
  facet normal 0.4237435290095235 -0.8140042782667612 0.39728888303848137
    outer loop
      vertex 15.087471008300781 -32.355186462402344 48
      vertex 15.71064567565918 -33.4461784362793 45.099998474121094
      vertex 17.849998474121094 -30.91710662841797 48
    endloop
  endfacet
  facet normal -0.9098429781734548 0.11977780022643864 0.3972896092793941
    outer loop
      vertex -35.56414794921875 3.111459732055664 48
      vertex -36.802486419677734 3.323910713195801 45.099998474121094
      vertex -36.816036224365234 3.220985174179077 45.099998474121094
    endloop
  endfacet
  facet normal -0.9098424417815438 0.11978168934194061 0.3972896651454562
    outer loop
      vertex -36.802486419677734 3.323910713195801 45.099998474121094
      vertex -35.56414794921875 3.111459732055664 48
      vertex -35.15763854980469 6.199239730834961 48
    endloop
  endfacet
  facet normal -0.9168199804832784 0.04002713740419995 0.3972895061008612
    outer loop
      vertex -36.82056427001953 3.1172704696655273 45.099998474121094
      vertex -35.56414794921875 3.111459732055664 48
      vertex -36.816036224365234 3.220985174179077 45.099998474121094
    endloop
  endfacet
  facet normal -0.9168198632232369 0.040030265155197156 0.39728946156540546
    outer loop
      vertex -35.56414794921875 3.111459732055664 48
      vertex -36.82056427001953 3.1172704696655273 45.099998474121094
      vertex -35.70000076293945 0 48
    endloop
  endfacet
  facet normal -0.4237434585576243 0.8140042861990837 0.3972889419290989
    outer loop
      vertex -15.71064567565918 33.4461784362793 45.099998474121094
      vertex -18.47833251953125 32.00541305541992 45.099998474121094
      vertex -17.849998474121094 30.91710662841797 48
    endloop
  endfacet
  facet normal 0 0 1
    outer loop
      vertex 35.5 0 48
      vertex 35.70000076293945 0 48
      vertex 35.56414794921875 3.111459732055664 48
    endloop
  endfacet
  facet normal 0 0 1
    outer loop
      vertex 35.70000076293945 0 48
      vertex 35.5 0 48
      vertex 35.56414794921875 -3.111459732055664 48
    endloop
  endfacet
  facet normal 0 0 1
    outer loop
      vertex 35.56414794921875 3.111459732055664 48
      vertex 35.36491012573242 3.0940284729003906 48
      vertex 35.5 0 48
    endloop
  endfacet
  facet normal 0 0 1
    outer loop
      vertex 35.15763854980469 6.199239730834961 48
      vertex 35.36491012573242 3.0940284729003906 48
      vertex 35.56414794921875 3.111459732055664 48
    endloop
  endfacet
  facet normal 0 0 1
    outer loop
      vertex 35.15763854980469 6.199239730834961 48
      vertex 34.96067428588867 6.1645097732543945 48
      vertex 35.36491012573242 3.0940284729003906 48
    endloop
  endfacet
  facet normal 0 0 1
    outer loop
      vertex 34.483551025390625 9.239839553833008 48
      vertex 34.96067428588867 6.1645097732543945 48
      vertex 35.15763854980469 6.199239730834961 48
    endloop
  endfacet
  facet normal 0 0 1
    outer loop
      vertex 34.483551025390625 9.239839553833008 48
      vertex 34.290367126464844 9.18807601928711 48
      vertex 34.96067428588867 6.1645097732543945 48
    endloop
  endfacet
  facet normal 0 0 1
    outer loop
      vertex 33.547027587890625 12.210118293762207 48
      vertex 34.290367126464844 9.18807601928711 48
      vertex 34.483551025390625 9.239839553833008 48
    endloop
  endfacet
  facet normal 0 0 1
    outer loop
      vertex 33.547027587890625 12.210118293762207 48
      vertex 33.35908889770508 12.141715049743652 48
      vertex 34.290367126464844 9.18807601928711 48
    endloop
  endfacet
  facet normal 0 0 1
    outer loop
      vertex 32.355186462402344 15.087471008300781 48
      vertex 33.35908889770508 12.141715049743652 48
      vertex 33.547027587890625 12.210118293762207 48
    endloop
  endfacet
  facet normal 0 0 1
    outer loop
      vertex 32.355186462402344 15.087471008300781 48
      vertex 32.173927307128906 15.002947807312012 48
      vertex 33.35908889770508 12.141715049743652 48
    endloop
  endfacet
  facet normal 0 0 1
    outer loop
      vertex 30.91710662841797 17.849998474121094 48
      vertex 32.173927307128906 15.002947807312012 48
      vertex 32.355186462402344 15.087471008300781 48
    endloop
  endfacet
  facet normal 0 0 1
    outer loop
      vertex 30.91710662841797 17.849998474121094 48
      vertex 30.743900299072266 17.75 48
      vertex 32.173927307128906 15.002947807312012 48
    endloop
  endfacet
  facet normal 0 0 1
    outer loop
      vertex 29.243728637695312 20.47667694091797 48
      vertex 30.743900299072266 17.75 48
      vertex 30.91710662841797 17.849998474121094 48
    endloop
  endfacet
  facet normal 0 0 1
    outer loop
      vertex 29.243728637695312 20.47667694091797 48
      vertex 29.079896926879883 20.361963272094727 48
      vertex 30.743900299072266 17.75 48
    endloop
  endfacet
  facet normal 0 0 1
    outer loop
      vertex 27.34778594970703 22.94751739501953 48
      vertex 29.079896926879883 20.361963272094727 48
      vertex 29.243728637695312 20.47667694091797 48
    endloop
  endfacet
  facet normal 0 0 1
    outer loop
      vertex 27.34778594970703 22.94751739501953 48
      vertex 27.194576263427734 22.818958282470703 48
      vertex 29.079896926879883 20.361963272094727 48
    endloop
  endfacet
  facet normal 0 0 1
    outer loop
      vertex 25.243711471557617 25.243711471557617 48
      vertex 27.194576263427734 22.818958282470703 48
      vertex 27.34778594970703 22.94751739501953 48
    endloop
  endfacet
  facet normal 0 0 1
    outer loop
      vertex 25.243711471557617 25.243711471557617 48
      vertex 25.102291107177734 25.102291107177734 48
      vertex 27.194576263427734 22.818958282470703 48
    endloop
  endfacet
  facet normal 0 0 1
    outer loop
      vertex 22.94751739501953 27.34778594970703 48
      vertex 25.102291107177734 25.102291107177734 48
      vertex 25.243711471557617 25.243711471557617 48
    endloop
  endfacet
  facet normal 0 0 1
    outer loop
      vertex 22.94751739501953 27.34778594970703 48
      vertex 22.818958282470703 27.194576263427734 48
      vertex 25.102291107177734 25.102291107177734 48
    endloop
  endfacet
  facet normal 0 0 1
    outer loop
      vertex 20.47667694091797 29.243728637695312 48
      vertex 22.818958282470703 27.194576263427734 48
      vertex 22.94751739501953 27.34778594970703 48
    endloop
  endfacet
  facet normal 0 0 1
    outer loop
      vertex 20.47667694091797 29.243728637695312 48
      vertex 20.361963272094727 29.079896926879883 48
      vertex 22.818958282470703 27.194576263427734 48
    endloop
  endfacet
  facet normal 0 0 1
    outer loop
      vertex 17.849998474121094 30.91710662841797 48
      vertex 20.361963272094727 29.079896926879883 48
      vertex 20.47667694091797 29.243728637695312 48
    endloop
  endfacet
  facet normal 0 0 1
    outer loop
      vertex 17.849998474121094 30.91710662841797 48
      vertex 17.75 30.743900299072266 48
      vertex 20.361963272094727 29.079896926879883 48
    endloop
  endfacet
  facet normal 0 0 1
    outer loop
      vertex 15.087471008300781 32.355186462402344 48
      vertex 17.75 30.743900299072266 48
      vertex 17.849998474121094 30.91710662841797 48
    endloop
  endfacet
  facet normal 0 0 1
    outer loop
      vertex 15.087471008300781 32.355186462402344 48
      vertex 15.002947807312012 32.173927307128906 48
      vertex 17.75 30.743900299072266 48
    endloop
  endfacet
  facet normal 0 0 1
    outer loop
      vertex 12.210118293762207 33.547027587890625 48
      vertex 15.002947807312012 32.173927307128906 48
      vertex 15.087471008300781 32.355186462402344 48
    endloop
  endfacet
  facet normal 0 0 1
    outer loop
      vertex 12.210118293762207 33.547027587890625 48
      vertex 12.141715049743652 33.35908889770508 48
      vertex 15.002947807312012 32.173927307128906 48
    endloop
  endfacet
  facet normal 0 0 1
    outer loop
      vertex 9.239839553833008 34.483551025390625 48
      vertex 12.141715049743652 33.35908889770508 48
      vertex 12.210118293762207 33.547027587890625 48
    endloop
  endfacet
  facet normal 0 0 1
    outer loop
      vertex 9.239839553833008 34.483551025390625 48
      vertex 9.18807601928711 34.290367126464844 48
      vertex 12.141715049743652 33.35908889770508 48
    endloop
  endfacet
  facet normal 0 0 1
    outer loop
      vertex 6.199239730834961 35.15763854980469 48
      vertex 9.18807601928711 34.290367126464844 48
      vertex 9.239839553833008 34.483551025390625 48
    endloop
  endfacet
  facet normal 0 0 1
    outer loop
      vertex 6.199239730834961 35.15763854980469 48
      vertex 6.1645097732543945 34.96067428588867 48
      vertex 9.18807601928711 34.290367126464844 48
    endloop
  endfacet
  facet normal 0 0 1
    outer loop
      vertex 3.111459732055664 35.56414794921875 48
      vertex 6.1645097732543945 34.96067428588867 48
      vertex 6.199239730834961 35.15763854980469 48
    endloop
  endfacet
  facet normal 0 0 1
    outer loop
      vertex 3.111459732055664 35.56414794921875 48
      vertex 3.0940284729003906 35.36491012573242 48
      vertex 6.1645097732543945 34.96067428588867 48
    endloop
  endfacet
  facet normal 0 0 1
    outer loop
      vertex 0 35.70000076293945 48
      vertex 3.0940284729003906 35.36491012573242 48
      vertex 3.111459732055664 35.56414794921875 48
    endloop
  endfacet
  facet normal 0 0 1
    outer loop
      vertex 0 35.70000076293945 48
      vertex 0 35.5 48
      vertex 3.0940284729003906 35.36491012573242 48
    endloop
  endfacet
  facet normal 0 0 1
    outer loop
      vertex 0 35.70000076293945 48
      vertex -3.0940284729003906 35.36491012573242 48
      vertex 0 35.5 48
    endloop
  endfacet
  facet normal 0 0 1
    outer loop
      vertex -3.111459732055664 35.56414794921875 48
      vertex -3.0940284729003906 35.36491012573242 48
      vertex 0 35.70000076293945 48
    endloop
  endfacet
  facet normal 0 0 1
    outer loop
      vertex -3.111459732055664 35.56414794921875 48
      vertex -6.1645097732543945 34.96067428588867 48
      vertex -3.0940284729003906 35.36491012573242 48
    endloop
  endfacet
  facet normal 0 0 1
    outer loop
      vertex -6.199239730834961 35.15763854980469 48
      vertex -6.1645097732543945 34.96067428588867 48
      vertex -3.111459732055664 35.56414794921875 48
    endloop
  endfacet
  facet normal 0 0 1
    outer loop
      vertex -6.199239730834961 35.15763854980469 48
      vertex -9.18807601928711 34.290367126464844 48
      vertex -6.1645097732543945 34.96067428588867 48
    endloop
  endfacet
  facet normal 0 0 1
    outer loop
      vertex -9.239839553833008 34.483551025390625 48
      vertex -9.18807601928711 34.290367126464844 48
      vertex -6.199239730834961 35.15763854980469 48
    endloop
  endfacet
  facet normal 0 0 1
    outer loop
      vertex -9.239839553833008 34.483551025390625 48
      vertex -12.141715049743652 33.35908889770508 48
      vertex -9.18807601928711 34.290367126464844 48
    endloop
  endfacet
  facet normal 0 0 1
    outer loop
      vertex -12.210118293762207 33.547027587890625 48
      vertex -12.141715049743652 33.35908889770508 48
      vertex -9.239839553833008 34.483551025390625 48
    endloop
  endfacet
  facet normal 0 0 1
    outer loop
      vertex -12.210118293762207 33.547027587890625 48
      vertex -15.002947807312012 32.173927307128906 48
      vertex -12.141715049743652 33.35908889770508 48
    endloop
  endfacet
  facet normal 0 0 1
    outer loop
      vertex -15.087471008300781 32.355186462402344 48
      vertex -15.002947807312012 32.173927307128906 48
      vertex -12.210118293762207 33.547027587890625 48
    endloop
  endfacet
  facet normal 0 0 1
    outer loop
      vertex -15.087471008300781 32.355186462402344 48
      vertex -17.75 30.743900299072266 48
      vertex -15.002947807312012 32.173927307128906 48
    endloop
  endfacet
  facet normal 0 0 1
    outer loop
      vertex -17.849998474121094 30.91710662841797 48
      vertex -17.75 30.743900299072266 48
      vertex -15.087471008300781 32.355186462402344 48
    endloop
  endfacet
  facet normal 0 0 1
    outer loop
      vertex -17.849998474121094 30.91710662841797 48
      vertex -20.361963272094727 29.079896926879883 48
      vertex -17.75 30.743900299072266 48
    endloop
  endfacet
  facet normal 0 0 1
    outer loop
      vertex -20.47667694091797 29.243728637695312 48
      vertex -20.361963272094727 29.079896926879883 48
      vertex -17.849998474121094 30.91710662841797 48
    endloop
  endfacet
  facet normal 0 0 1
    outer loop
      vertex -20.47667694091797 29.243728637695312 48
      vertex -22.818958282470703 27.194576263427734 48
      vertex -20.361963272094727 29.079896926879883 48
    endloop
  endfacet
  facet normal 0 0 1
    outer loop
      vertex -22.94751739501953 27.34778594970703 48
      vertex -22.818958282470703 27.194576263427734 48
      vertex -20.47667694091797 29.243728637695312 48
    endloop
  endfacet
  facet normal 0 0 1
    outer loop
      vertex -22.94751739501953 27.34778594970703 48
      vertex -25.102291107177734 25.102291107177734 48
      vertex -22.818958282470703 27.194576263427734 48
    endloop
  endfacet
  facet normal 0 0 1
    outer loop
      vertex -25.243711471557617 25.243711471557617 48
      vertex -25.102291107177734 25.102291107177734 48
      vertex -22.94751739501953 27.34778594970703 48
    endloop
  endfacet
  facet normal 0 0 1
    outer loop
      vertex -25.243711471557617 25.243711471557617 48
      vertex -27.194576263427734 22.818958282470703 48
      vertex -25.102291107177734 25.102291107177734 48
    endloop
  endfacet
  facet normal 0 0 1
    outer loop
      vertex -27.34778594970703 22.94751739501953 48
      vertex -27.194576263427734 22.818958282470703 48
      vertex -25.243711471557617 25.243711471557617 48
    endloop
  endfacet
  facet normal 0 0 1
    outer loop
      vertex -27.34778594970703 22.94751739501953 48
      vertex -29.079896926879883 20.361963272094727 48
      vertex -27.194576263427734 22.818958282470703 48
    endloop
  endfacet
  facet normal 0 0 1
    outer loop
      vertex -29.243728637695312 20.47667694091797 48
      vertex -29.079896926879883 20.361963272094727 48
      vertex -27.34778594970703 22.94751739501953 48
    endloop
  endfacet
  facet normal 0 0 1
    outer loop
      vertex -29.243728637695312 20.47667694091797 48
      vertex -30.743900299072266 17.75 48
      vertex -29.079896926879883 20.361963272094727 48
    endloop
  endfacet
  facet normal 0 0 1
    outer loop
      vertex -30.91710662841797 17.849998474121094 48
      vertex -30.743900299072266 17.75 48
      vertex -29.243728637695312 20.47667694091797 48
    endloop
  endfacet
  facet normal 0 0 1
    outer loop
      vertex -30.91710662841797 17.849998474121094 48
      vertex -32.173927307128906 15.002947807312012 48
      vertex -30.743900299072266 17.75 48
    endloop
  endfacet
  facet normal 0 0 1
    outer loop
      vertex -32.355186462402344 15.087471008300781 48
      vertex -32.173927307128906 15.002947807312012 48
      vertex -30.91710662841797 17.849998474121094 48
    endloop
  endfacet
  facet normal 0 0 1
    outer loop
      vertex -32.355186462402344 15.087471008300781 48
      vertex -33.35908889770508 12.141715049743652 48
      vertex -32.173927307128906 15.002947807312012 48
    endloop
  endfacet
  facet normal 0 0 1
    outer loop
      vertex -33.547027587890625 12.210118293762207 48
      vertex -33.35908889770508 12.141715049743652 48
      vertex -32.355186462402344 15.087471008300781 48
    endloop
  endfacet
  facet normal 0 0 1
    outer loop
      vertex -33.547027587890625 12.210118293762207 48
      vertex -34.290367126464844 9.18807601928711 48
      vertex -33.35908889770508 12.141715049743652 48
    endloop
  endfacet
  facet normal 0 0 1
    outer loop
      vertex -34.483551025390625 9.239839553833008 48
      vertex -34.290367126464844 9.18807601928711 48
      vertex -33.547027587890625 12.210118293762207 48
    endloop
  endfacet
  facet normal 0 0 1
    outer loop
      vertex -34.483551025390625 9.239839553833008 48
      vertex -34.96067428588867 6.1645097732543945 48
      vertex -34.290367126464844 9.18807601928711 48
    endloop
  endfacet
  facet normal 0 0 1
    outer loop
      vertex -35.15763854980469 6.199239730834961 48
      vertex -34.96067428588867 6.1645097732543945 48
      vertex -34.483551025390625 9.239839553833008 48
    endloop
  endfacet
  facet normal 0 0 1
    outer loop
      vertex -35.15763854980469 6.199239730834961 48
      vertex -35.36491012573242 3.0940284729003906 48
      vertex -34.96067428588867 6.1645097732543945 48
    endloop
  endfacet
  facet normal 0 0 1
    outer loop
      vertex -35.36491012573242 3.0940284729003906 48
      vertex -35.56414794921875 3.111459732055664 48
      vertex -35.5 0 48
    endloop
  endfacet
  facet normal 0 0 1
    outer loop
      vertex -35.56414794921875 3.111459732055664 48
      vertex -35.36491012573242 3.0940284729003906 48
      vertex -35.15763854980469 6.199239730834961 48
    endloop
  endfacet
  facet normal 0 0 1
    outer loop
      vertex 35.36491012573242 -3.0940284729003906 48
      vertex 35.56414794921875 -3.111459732055664 48
      vertex 35.5 0 48
    endloop
  endfacet
  facet normal 0 0 1
    outer loop
      vertex 35.36491012573242 -3.0940284729003906 48
      vertex 35.15763854980469 -6.199239730834961 48
      vertex 35.56414794921875 -3.111459732055664 48
    endloop
  endfacet
  facet normal 0 0 1
    outer loop
      vertex 34.96067428588867 -6.1645097732543945 48
      vertex 35.15763854980469 -6.199239730834961 48
      vertex 35.36491012573242 -3.0940284729003906 48
    endloop
  endfacet
  facet normal 0 0 1
    outer loop
      vertex 34.96067428588867 -6.1645097732543945 48
      vertex 34.483551025390625 -9.239839553833008 48
      vertex 35.15763854980469 -6.199239730834961 48
    endloop
  endfacet
  facet normal 0 0 1
    outer loop
      vertex 34.290367126464844 -9.18807601928711 48
      vertex 34.483551025390625 -9.239839553833008 48
      vertex 34.96067428588867 -6.1645097732543945 48
    endloop
  endfacet
  facet normal 0 0 1
    outer loop
      vertex 34.290367126464844 -9.18807601928711 48
      vertex 33.547027587890625 -12.210118293762207 48
      vertex 34.483551025390625 -9.239839553833008 48
    endloop
  endfacet
  facet normal 0 0 1
    outer loop
      vertex 33.35908889770508 -12.141715049743652 48
      vertex 33.547027587890625 -12.210118293762207 48
      vertex 34.290367126464844 -9.18807601928711 48
    endloop
  endfacet
  facet normal 0 0 1
    outer loop
      vertex 33.35908889770508 -12.141715049743652 48
      vertex 32.355186462402344 -15.087471008300781 48
      vertex 33.547027587890625 -12.210118293762207 48
    endloop
  endfacet
  facet normal 0 0 1
    outer loop
      vertex 32.173927307128906 -15.002947807312012 48
      vertex 32.355186462402344 -15.087471008300781 48
      vertex 33.35908889770508 -12.141715049743652 48
    endloop
  endfacet
  facet normal 0 0 1
    outer loop
      vertex 32.173927307128906 -15.002947807312012 48
      vertex 30.91710662841797 -17.849998474121094 48
      vertex 32.355186462402344 -15.087471008300781 48
    endloop
  endfacet
  facet normal 0 0 1
    outer loop
      vertex 30.743900299072266 -17.75 48
      vertex 30.91710662841797 -17.849998474121094 48
      vertex 32.173927307128906 -15.002947807312012 48
    endloop
  endfacet
  facet normal 0 0 1
    outer loop
      vertex 30.743900299072266 -17.75 48
      vertex 29.243728637695312 -20.47667694091797 48
      vertex 30.91710662841797 -17.849998474121094 48
    endloop
  endfacet
  facet normal 0 0 1
    outer loop
      vertex 29.079896926879883 -20.361963272094727 48
      vertex 29.243728637695312 -20.47667694091797 48
      vertex 30.743900299072266 -17.75 48
    endloop
  endfacet
  facet normal 0 0 1
    outer loop
      vertex 29.079896926879883 -20.361963272094727 48
      vertex 27.34778594970703 -22.94751739501953 48
      vertex 29.243728637695312 -20.47667694091797 48
    endloop
  endfacet
  facet normal 0 0 1
    outer loop
      vertex 27.194576263427734 -22.818958282470703 48
      vertex 27.34778594970703 -22.94751739501953 48
      vertex 29.079896926879883 -20.361963272094727 48
    endloop
  endfacet
  facet normal 0 0 1
    outer loop
      vertex 27.194576263427734 -22.818958282470703 48
      vertex 25.243711471557617 -25.243711471557617 48
      vertex 27.34778594970703 -22.94751739501953 48
    endloop
  endfacet
  facet normal 0 0 1
    outer loop
      vertex 25.102291107177734 -25.102291107177734 48
      vertex 25.243711471557617 -25.243711471557617 48
      vertex 27.194576263427734 -22.818958282470703 48
    endloop
  endfacet
  facet normal 0 0 1
    outer loop
      vertex 25.102291107177734 -25.102291107177734 48
      vertex 22.94751739501953 -27.34778594970703 48
      vertex 25.243711471557617 -25.243711471557617 48
    endloop
  endfacet
  facet normal 0 0 1
    outer loop
      vertex 22.818958282470703 -27.194576263427734 48
      vertex 22.94751739501953 -27.34778594970703 48
      vertex 25.102291107177734 -25.102291107177734 48
    endloop
  endfacet
  facet normal 0 0 1
    outer loop
      vertex 22.818958282470703 -27.194576263427734 48
      vertex 20.47667694091797 -29.243728637695312 48
      vertex 22.94751739501953 -27.34778594970703 48
    endloop
  endfacet
  facet normal 0 0 1
    outer loop
      vertex 20.361963272094727 -29.079896926879883 48
      vertex 20.47667694091797 -29.243728637695312 48
      vertex 22.818958282470703 -27.194576263427734 48
    endloop
  endfacet
  facet normal 0 0 1
    outer loop
      vertex 20.361963272094727 -29.079896926879883 48
      vertex 17.849998474121094 -30.91710662841797 48
      vertex 20.47667694091797 -29.243728637695312 48
    endloop
  endfacet
  facet normal 0 0 1
    outer loop
      vertex 17.75 -30.743900299072266 48
      vertex 17.849998474121094 -30.91710662841797 48
      vertex 20.361963272094727 -29.079896926879883 48
    endloop
  endfacet
  facet normal 0 0 1
    outer loop
      vertex 17.75 -30.743900299072266 48
      vertex 15.087471008300781 -32.355186462402344 48
      vertex 17.849998474121094 -30.91710662841797 48
    endloop
  endfacet
  facet normal 0 0 1
    outer loop
      vertex 15.002947807312012 -32.173927307128906 48
      vertex 15.087471008300781 -32.355186462402344 48
      vertex 17.75 -30.743900299072266 48
    endloop
  endfacet
  facet normal 0 0 1
    outer loop
      vertex 15.002947807312012 -32.173927307128906 48
      vertex 12.210118293762207 -33.547027587890625 48
      vertex 15.087471008300781 -32.355186462402344 48
    endloop
  endfacet
  facet normal 0 0 1
    outer loop
      vertex 12.141715049743652 -33.35908889770508 48
      vertex 12.210118293762207 -33.547027587890625 48
      vertex 15.002947807312012 -32.173927307128906 48
    endloop
  endfacet
  facet normal 0 0 1
    outer loop
      vertex 12.141715049743652 -33.35908889770508 48
      vertex 9.239839553833008 -34.483551025390625 48
      vertex 12.210118293762207 -33.547027587890625 48
    endloop
  endfacet
  facet normal 0 0 1
    outer loop
      vertex 9.18807601928711 -34.290367126464844 48
      vertex 9.239839553833008 -34.483551025390625 48
      vertex 12.141715049743652 -33.35908889770508 48
    endloop
  endfacet
  facet normal 0 0 1
    outer loop
      vertex 9.18807601928711 -34.290367126464844 48
      vertex 6.199239730834961 -35.15763854980469 48
      vertex 9.239839553833008 -34.483551025390625 48
    endloop
  endfacet
  facet normal 0 0 1
    outer loop
      vertex 6.1645097732543945 -34.96067428588867 48
      vertex 6.199239730834961 -35.15763854980469 48
      vertex 9.18807601928711 -34.290367126464844 48
    endloop
  endfacet
  facet normal 0 0 1
    outer loop
      vertex 6.1645097732543945 -34.96067428588867 48
      vertex 3.111459732055664 -35.56414794921875 48
      vertex 6.199239730834961 -35.15763854980469 48
    endloop
  endfacet
  facet normal 0 0 1
    outer loop
      vertex 3.0940284729003906 -35.36491012573242 48
      vertex 3.111459732055664 -35.56414794921875 48
      vertex 6.1645097732543945 -34.96067428588867 48
    endloop
  endfacet
  facet normal 0 0 1
    outer loop
      vertex 0 -35.5 48
      vertex 3.111459732055664 -35.56414794921875 48
      vertex 3.0940284729003906 -35.36491012573242 48
    endloop
  endfacet
  facet normal 0 0 1
    outer loop
      vertex 0 -35.5 48
      vertex 0 -35.70000076293945 48
      vertex 3.111459732055664 -35.56414794921875 48
    endloop
  endfacet
  facet normal 0 0 1
    outer loop
      vertex -3.0940284729003906 -35.36491012573242 48
      vertex 0 -35.70000076293945 48
      vertex 0 -35.5 48
    endloop
  endfacet
  facet normal 0 0 1
    outer loop
      vertex -3.0940284729003906 -35.36491012573242 48
      vertex -3.111459732055664 -35.56414794921875 48
      vertex 0 -35.70000076293945 48
    endloop
  endfacet
  facet normal 0 0 1
    outer loop
      vertex -6.1645097732543945 -34.96067428588867 48
      vertex -3.111459732055664 -35.56414794921875 48
      vertex -3.0940284729003906 -35.36491012573242 48
    endloop
  endfacet
  facet normal 0 0 1
    outer loop
      vertex -6.1645097732543945 -34.96067428588867 48
      vertex -6.199239730834961 -35.15763854980469 48
      vertex -3.111459732055664 -35.56414794921875 48
    endloop
  endfacet
  facet normal 0 0 1
    outer loop
      vertex -9.18807601928711 -34.290367126464844 48
      vertex -6.199239730834961 -35.15763854980469 48
      vertex -6.1645097732543945 -34.96067428588867 48
    endloop
  endfacet
  facet normal 0 0 1
    outer loop
      vertex -9.18807601928711 -34.290367126464844 48
      vertex -9.239839553833008 -34.483551025390625 48
      vertex -6.199239730834961 -35.15763854980469 48
    endloop
  endfacet
  facet normal 0 0 1
    outer loop
      vertex -12.141715049743652 -33.35908889770508 48
      vertex -9.239839553833008 -34.483551025390625 48
      vertex -9.18807601928711 -34.290367126464844 48
    endloop
  endfacet
  facet normal 0 0 1
    outer loop
      vertex -12.141715049743652 -33.35908889770508 48
      vertex -12.210118293762207 -33.547027587890625 48
      vertex -9.239839553833008 -34.483551025390625 48
    endloop
  endfacet
  facet normal 0 0 1
    outer loop
      vertex -15.002947807312012 -32.173927307128906 48
      vertex -12.210118293762207 -33.547027587890625 48
      vertex -12.141715049743652 -33.35908889770508 48
    endloop
  endfacet
  facet normal 0 0 1
    outer loop
      vertex -15.002947807312012 -32.173927307128906 48
      vertex -15.087471008300781 -32.355186462402344 48
      vertex -12.210118293762207 -33.547027587890625 48
    endloop
  endfacet
  facet normal 0 0 1
    outer loop
      vertex -17.75 -30.743900299072266 48
      vertex -15.087471008300781 -32.355186462402344 48
      vertex -15.002947807312012 -32.173927307128906 48
    endloop
  endfacet
  facet normal 0 0 1
    outer loop
      vertex -17.75 -30.743900299072266 48
      vertex -17.849998474121094 -30.91710662841797 48
      vertex -15.087471008300781 -32.355186462402344 48
    endloop
  endfacet
  facet normal 0 0 1
    outer loop
      vertex -20.361963272094727 -29.079896926879883 48
      vertex -17.849998474121094 -30.91710662841797 48
      vertex -17.75 -30.743900299072266 48
    endloop
  endfacet
  facet normal 0 0 1
    outer loop
      vertex -20.361963272094727 -29.079896926879883 48
      vertex -20.47667694091797 -29.243728637695312 48
      vertex -17.849998474121094 -30.91710662841797 48
    endloop
  endfacet
  facet normal 0 0 1
    outer loop
      vertex -22.818958282470703 -27.194576263427734 48
      vertex -20.47667694091797 -29.243728637695312 48
      vertex -20.361963272094727 -29.079896926879883 48
    endloop
  endfacet
  facet normal 0 0 1
    outer loop
      vertex -22.818958282470703 -27.194576263427734 48
      vertex -22.94751739501953 -27.34778594970703 48
      vertex -20.47667694091797 -29.243728637695312 48
    endloop
  endfacet
  facet normal 0 0 1
    outer loop
      vertex -25.102291107177734 -25.102291107177734 48
      vertex -22.94751739501953 -27.34778594970703 48
      vertex -22.818958282470703 -27.194576263427734 48
    endloop
  endfacet
  facet normal 0 0 1
    outer loop
      vertex -25.102291107177734 -25.102291107177734 48
      vertex -25.243711471557617 -25.243711471557617 48
      vertex -22.94751739501953 -27.34778594970703 48
    endloop
  endfacet
  facet normal 0 0 1
    outer loop
      vertex -27.194576263427734 -22.818958282470703 48
      vertex -25.243711471557617 -25.243711471557617 48
      vertex -25.102291107177734 -25.102291107177734 48
    endloop
  endfacet
  facet normal 0 0 1
    outer loop
      vertex -27.194576263427734 -22.818958282470703 48
      vertex -27.34778594970703 -22.94751739501953 48
      vertex -25.243711471557617 -25.243711471557617 48
    endloop
  endfacet
  facet normal 0 0 1
    outer loop
      vertex -29.079896926879883 -20.361963272094727 48
      vertex -27.34778594970703 -22.94751739501953 48
      vertex -27.194576263427734 -22.818958282470703 48
    endloop
  endfacet
  facet normal 0 0 1
    outer loop
      vertex -29.079896926879883 -20.361963272094727 48
      vertex -29.243728637695312 -20.47667694091797 48
      vertex -27.34778594970703 -22.94751739501953 48
    endloop
  endfacet
  facet normal 0 0 1
    outer loop
      vertex -30.743900299072266 -17.75 48
      vertex -29.243728637695312 -20.47667694091797 48
      vertex -29.079896926879883 -20.361963272094727 48
    endloop
  endfacet
  facet normal 0 0 1
    outer loop
      vertex -30.743900299072266 -17.75 48
      vertex -30.91710662841797 -17.849998474121094 48
      vertex -29.243728637695312 -20.47667694091797 48
    endloop
  endfacet
  facet normal 0 0 1
    outer loop
      vertex -32.173927307128906 -15.002947807312012 48
      vertex -30.91710662841797 -17.849998474121094 48
      vertex -30.743900299072266 -17.75 48
    endloop
  endfacet
  facet normal 0 0 1
    outer loop
      vertex -32.173927307128906 -15.002947807312012 48
      vertex -32.355186462402344 -15.087471008300781 48
      vertex -30.91710662841797 -17.849998474121094 48
    endloop
  endfacet
  facet normal 0 0 1
    outer loop
      vertex -33.35908889770508 -12.141715049743652 48
      vertex -32.355186462402344 -15.087471008300781 48
      vertex -32.173927307128906 -15.002947807312012 48
    endloop
  endfacet
  facet normal 0 0 1
    outer loop
      vertex -33.35908889770508 -12.141715049743652 48
      vertex -33.547027587890625 -12.210118293762207 48
      vertex -32.355186462402344 -15.087471008300781 48
    endloop
  endfacet
  facet normal 0 0 1
    outer loop
      vertex -34.290367126464844 -9.18807601928711 48
      vertex -33.547027587890625 -12.210118293762207 48
      vertex -33.35908889770508 -12.141715049743652 48
    endloop
  endfacet
  facet normal 0 0 1
    outer loop
      vertex -34.290367126464844 -9.18807601928711 48
      vertex -34.483551025390625 -9.239839553833008 48
      vertex -33.547027587890625 -12.210118293762207 48
    endloop
  endfacet
  facet normal 0 0 1
    outer loop
      vertex -34.96067428588867 -6.1645097732543945 48
      vertex -34.483551025390625 -9.239839553833008 48
      vertex -34.290367126464844 -9.18807601928711 48
    endloop
  endfacet
  facet normal 0 0 1
    outer loop
      vertex -34.96067428588867 -6.1645097732543945 48
      vertex -35.15763854980469 -6.199239730834961 48
      vertex -34.483551025390625 -9.239839553833008 48
    endloop
  endfacet
  facet normal 0 0 1
    outer loop
      vertex -35.36491012573242 -3.0940284729003906 48
      vertex -35.15763854980469 -6.199239730834961 48
      vertex -34.96067428588867 -6.1645097732543945 48
    endloop
  endfacet
  facet normal 0 0 1
    outer loop
      vertex -35.36491012573242 -3.0940284729003906 48
      vertex -35.56414794921875 -3.111459732055664 48
      vertex -35.15763854980469 -6.199239730834961 48
    endloop
  endfacet
  facet normal 0 0 1
    outer loop
      vertex -35.5 0 48
      vertex -35.56414794921875 -3.111459732055664 48
      vertex -35.36491012573242 -3.0940284729003906 48
    endloop
  endfacet
  facet normal 0 0 1
    outer loop
      vertex -35.70000076293945 0 48
      vertex -35.5 0 48
      vertex -35.56414794921875 3.111459732055664 48
    endloop
  endfacet
  facet normal 0 0 1
    outer loop
      vertex -35.5 0 48
      vertex -35.70000076293945 0 48
      vertex -35.56414794921875 -3.111459732055664 48
    endloop
  endfacet
  facet normal -0.11978168934194061 -0.9098424417815438 0.3972896651454562
    outer loop
      vertex -3.323910713195801 -36.802486419677734 45.099998474121094
      vertex -3.111459732055664 -35.56414794921875 48
      vertex -6.199239730834961 -35.15763854980469 48
    endloop
  endfacet
  facet normal -0.11977780022643864 -0.9098429781734548 0.3972896092793941
    outer loop
      vertex -3.111459732055664 -35.56414794921875 48
      vertex -3.323910713195801 -36.802486419677734 45.099998474121094
      vertex -3.220985174179077 -36.816036224365234 45.099998474121094
    endloop
  endfacet
  facet normal -0.2759735888152994 -0.8752146274323911 0.3972882256055231
    outer loop
      vertex -12.540915489196777 -34.759124755859375 45.099998474121094
      vertex -12.210118293762207 -33.547027587890625 48
      vertex -12.639924049377441 -34.7279052734375 45.099998474121094
    endloop
  endfacet
  facet normal -0.27595534156278534 -0.8752202575964275 0.39728849738673455
    outer loop
      vertex -12.210118293762207 -33.547027587890625 48
      vertex -12.540915489196777 -34.759124755859375 45.099998474121094
      vertex -9.239839553833008 -34.483551025390625 48
    endloop
  endfacet
  facet normal -0.1986248992011127 -0.8959406471495369 0.39728894548252497
    outer loop
      vertex -9.239839553833008 -34.483551025390625 48
      vertex -9.565089225769043 -35.6973991394043 45.099998474121094
      vertex -6.518810272216797 -36.37274169921875 45.099998474121094
    endloop
  endfacet
  facet normal -0.49307681338644344 0.7739749445282833 0.3972883604425271
    outer loop
      vertex -18.565889358520508 31.94963264465332 45.099998474121094
      vertex -21.197471618652344 30.273128509521484 45.099998474121094
      vertex -20.47667694091797 29.243728637695312 48
    endloop
  endfacet
  facet normal -0.8140042861990837 -0.4237434585576243 0.3972889419290989
    outer loop
      vertex -30.91710662841797 -17.849998474121094 48
      vertex -33.4461784362793 -15.71064567565918 45.099998474121094
      vertex -32.00541305541992 -18.47833251953125 45.099998474121094
    endloop
  endfacet
  facet normal 0.4930798861378483 -0.7739727192052633 0.3972888820647982
    outer loop
      vertex 18.565889358520508 -31.94963264465332 45.099998474121094
      vertex 17.849998474121094 -30.91710662841797 48
      vertex 18.47833251953125 -32.00541305541992 45.099998474121094
    endloop
  endfacet
  facet normal 0.4930762701312314 -0.7739750543049193 0.39728882081826844
    outer loop
      vertex 17.849998474121094 -30.91710662841797 48
      vertex 18.565889358520508 -31.94963264465332 45.099998474121094
      vertex 20.47667694091797 -29.243728637695312 48
    endloop
  endfacet
  facet normal 0.558656500271037 -0.7280552780216796 0.39728884561448685
    outer loop
      vertex 23.67292594909668 -28.373647689819336 45.099998474121094
      vertex 22.94751739501953 -27.34778594970703 48
      vertex 20.47667694091797 -29.243728637695312 48
    endloop
  endfacet
  facet normal 0.5586570457046384 -0.7280548648087157 0.3972888358775368
    outer loop
      vertex 22.94751739501953 -27.34778594970703 48
      vertex 23.67292594909668 -28.373647689819336 45.099998474121094
      vertex 23.755287170410156 -28.310449600219727 45.099998474121094
    endloop
  endfacet
  facet normal -0.5586562107950227 0.7280557518127586 0.3972883844167934
    outer loop
      vertex -21.197471618652344 30.273128509521484 45.099998474121094
      vertex -23.67292594909668 28.373647689819336 45.099998474121094
      vertex -20.47667694091797 29.243728637695312 48
    endloop
  endfacet
  facet normal -0.558656500271037 0.7280552780216796 0.39728884561448685
    outer loop
      vertex -23.67292594909668 28.373647689819336 45.099998474121094
      vertex -22.94751739501953 27.34778594970703 48
      vertex -20.47667694091797 29.243728637695312 48
    endloop
  endfacet
  facet normal -0.5586570457046384 0.7280548648087157 0.3972888358775368
    outer loop
      vertex -22.94751739501953 27.34778594970703 48
      vertex -23.67292594909668 28.373647689819336 45.099998474121094
      vertex -23.755287170410156 28.310449600219727 45.099998474121094
    endloop
  endfacet
  facet normal 0.49307681338644344 -0.7739749445282833 0.3972883604425271
    outer loop
      vertex 20.47667694091797 -29.243728637695312 48
      vertex 18.565889358520508 -31.94963264465332 45.099998474121094
      vertex 21.197471618652344 -30.273128509521484 45.099998474121094
    endloop
  endfacet
  facet normal -0.9914448902955213 -0.1305259725376598 0
    outer loop
      vertex 35.36491012573242 3.0940284729003906 -0.09999942779541016
      vertex 34.96067428588867 6.1645097732543945 48
      vertex 34.96067428588867 6.1645097732543945 -0.09999942779541016
    endloop
  endfacet
  facet normal -0.9914448902955213 -0.1305259725376598 0
    outer loop
      vertex 34.96067428588867 6.1645097732543945 48
      vertex 35.36491012573242 3.0940284729003906 -0.09999942779541016
      vertex 35.36491012573242 3.0940284729003906 48
    endloop
  endfacet
  facet normal -0.9990481980301334 -0.04361992678516833 0
    outer loop
      vertex 35.5 0 -0.09999942779541016
      vertex 35.36491012573242 3.0940284729003906 48
      vertex 35.36491012573242 3.0940284729003906 -0.09999942779541016
    endloop
  endfacet
  facet normal -0.9990481980301334 -0.04361992678516833 0
    outer loop
      vertex 35.36491012573242 3.0940284729003906 48
      vertex 35.5 0 -0.09999942779541016
      vertex 35.5 0 48
    endloop
  endfacet
  facet normal -0.9537170044882035 -0.3007056290627899 0
    outer loop
      vertex 34.290367126464844 9.18807601928711 -0.09999942779541016
      vertex 33.35908889770508 12.141715049743652 48
      vertex 33.35908889770508 12.141715049743652 -0.09999942779541016
    endloop
  endfacet
  facet normal -0.9537170044882035 -0.3007056290627899 0
    outer loop
      vertex 33.35908889770508 12.141715049743652 48
      vertex 34.290367126464844 9.18807601928711 -0.09999942779541016
      vertex 34.290367126464844 9.18807601928711 48
    endloop
  endfacet
  facet normal -0.9914448902955213 0.1305259725376598 0
    outer loop
      vertex 34.96067428588867 -6.1645097732543945 -0.09999942779541016
      vertex 35.36491012573242 -3.0940284729003906 48
      vertex 35.36491012573242 -3.0940284729003906 -0.09999942779541016
    endloop
  endfacet
  facet normal -0.9914448902955213 0.1305259725376598 0
    outer loop
      vertex 35.36491012573242 -3.0940284729003906 48
      vertex 34.96067428588867 -6.1645097732543945 -0.09999942779541016
      vertex 34.96067428588867 -6.1645097732543945 48
    endloop
  endfacet
  facet normal -0.6087618522753311 -0.7933530155071623 0
    outer loop
      vertex 20.361963272094727 29.079896926879883 -0.09999942779541016
      vertex 22.818958282470703 27.194576263427734 48
      vertex 20.361963272094727 29.079896926879883 48
    endloop
  endfacet
  facet normal -0.6087618522753311 -0.7933530155071623 0
    outer loop
      vertex 22.818958282470703 27.194576263427734 48
      vertex 20.361963272094727 29.079896926879883 -0.09999942779541016
      vertex 22.818958282470703 27.194576263427734 -0.09999942779541016
    endloop
  endfacet
  facet normal 0.5372994359085624 -0.8433915556681489 0
    outer loop
      vertex -20.361963272094727 29.079896926879883 -0.09999942779541016
      vertex -17.75 30.743900299072266 48
      vertex -20.361963272094727 29.079896926879883 48
    endloop
  endfacet
  facet normal 0.5372994359085624 -0.8433915556681489 0
    outer loop
      vertex -17.75 30.743900299072266 48
      vertex -20.361963272094727 29.079896926879883 -0.09999942779541016
      vertex -17.75 30.743900299072266 -0.09999942779541016
    endloop
  endfacet
  facet normal -0.9238795122722597 -0.38268348122642 0
    outer loop
      vertex 33.35908889770508 12.141715049743652 -0.09999942779541016
      vertex 32.173927307128906 15.002947807312012 48
      vertex 32.173927307128906 15.002947807312012 -0.09999942779541016
    endloop
  endfacet
  facet normal -0.9238795122722597 -0.38268348122642 0
    outer loop
      vertex 32.173927307128906 15.002947807312012 48
      vertex 33.35908889770508 12.141715049743652 -0.09999942779541016
      vertex 33.35908889770508 12.141715049743652 48
    endloop
  endfacet
  facet normal -0.5372994359085624 -0.8433915556681489 0
    outer loop
      vertex 17.75 30.743900299072266 -0.09999942779541016
      vertex 20.361963272094727 29.079896926879883 48
      vertex 17.75 30.743900299072266 48
    endloop
  endfacet
  facet normal -0.5372994359085624 -0.8433915556681489 0
    outer loop
      vertex 20.361963272094727 29.079896926879883 48
      vertex 17.75 30.743900299072266 -0.09999942779541016
      vertex 20.361963272094727 29.079896926879883 -0.09999942779541016
    endloop
  endfacet
  facet normal 0.8433915556681489 -0.5372994359085624 0
    outer loop
      vertex -30.743900299072266 17.75 48
      vertex -29.079896926879883 20.361963272094727 -0.09999942779541016
      vertex -29.079896926879883 20.361963272094727 48
    endloop
  endfacet
  facet normal 0.8433915556681489 -0.5372994359085624 0
    outer loop
      vertex -29.079896926879883 20.361963272094727 -0.09999942779541016
      vertex -30.743900299072266 17.75 48
      vertex -30.743900299072266 17.75 -0.09999942779541016
    endloop
  endfacet
  facet normal 0.9914448902955213 -0.1305259725376598 0
    outer loop
      vertex -35.36491012573242 3.0940284729003906 48
      vertex -34.96067428588867 6.1645097732543945 -0.09999942779541016
      vertex -34.96067428588867 6.1645097732543945 48
    endloop
  endfacet
  facet normal 0.9914448902955213 -0.1305259725376598 0
    outer loop
      vertex -34.96067428588867 6.1645097732543945 -0.09999942779541016
      vertex -35.36491012573242 3.0940284729003906 48
      vertex -35.36491012573242 3.0940284729003906 -0.09999942779541016
    endloop
  endfacet
  facet normal -0.9762960985128578 -0.21643920169084954 0
    outer loop
      vertex 34.96067428588867 6.1645097732543945 -0.09999942779541016
      vertex 34.290367126464844 9.18807601928711 48
      vertex 34.290367126464844 9.18807601928711 -0.09999942779541016
    endloop
  endfacet
  facet normal -0.9762960985128578 -0.21643920169084954 0
    outer loop
      vertex 34.290367126464844 9.18807601928711 48
      vertex 34.96067428588867 6.1645097732543945 -0.09999942779541016
      vertex 34.96067428588867 6.1645097732543945 48
    endloop
  endfacet
  facet normal 0.9762960985128578 -0.21643920169084954 0
    outer loop
      vertex -34.96067428588867 6.1645097732543945 48
      vertex -34.290367126464844 9.18807601928711 -0.09999942779541016
      vertex -34.290367126464844 9.18807601928711 48
    endloop
  endfacet
  facet normal 0.9762960985128578 -0.21643920169084954 0
    outer loop
      vertex -34.290367126464844 9.18807601928711 -0.09999942779541016
      vertex -34.96067428588867 6.1645097732543945 48
      vertex -34.96067428588867 6.1645097732543945 -0.09999942779541016
    endloop
  endfacet
  facet normal -0.04361992678516833 -0.9990481980301334 0
    outer loop
      vertex 0 35.5 -0.09999942779541016
      vertex 3.0940284729003906 35.36491012573242 48
      vertex 0 35.5 48
    endloop
  endfacet
  facet normal -0.04361992678516833 -0.9990481980301334 0
    outer loop
      vertex 3.0940284729003906 35.36491012573242 48
      vertex 0 35.5 -0.09999942779541016
      vertex 3.0940284729003906 35.36491012573242 -0.09999942779541016
    endloop
  endfacet
  facet normal -0.6087618522753311 0.7933530155071623 0
    outer loop
      vertex 22.818958282470703 -27.194576263427734 -0.09999942779541016
      vertex 20.361963272094727 -29.079896926879883 48
      vertex 22.818958282470703 -27.194576263427734 48
    endloop
  endfacet
  facet normal -0.6087618522753311 0.7933530155071623 0
    outer loop
      vertex 20.361963272094727 -29.079896926879883 48
      vertex 22.818958282470703 -27.194576263427734 -0.09999942779541016
      vertex 20.361963272094727 -29.079896926879883 -0.09999942779541016
    endloop
  endfacet
  facet normal 0.675589524551006 0.7372779627229785 0
    outer loop
      vertex -22.818958282470703 -27.194576263427734 -0.09999942779541016
      vertex -25.102291107177734 -25.102291107177734 48
      vertex -22.818958282470703 -27.194576263427734 48
    endloop
  endfacet
  facet normal 0.675589524551006 0.7372779627229785 0
    outer loop
      vertex -25.102291107177734 -25.102291107177734 48
      vertex -22.818958282470703 -27.194576263427734 -0.09999942779541016
      vertex -25.102291107177734 -25.102291107177734 -0.09999942779541016
    endloop
  endfacet
  facet normal -0.38268348122642 -0.9238795122722597 0
    outer loop
      vertex 12.141715049743652 33.35908889770508 -0.09999942779541016
      vertex 15.002947807312012 32.173927307128906 48
      vertex 12.141715049743652 33.35908889770508 48
    endloop
  endfacet
  facet normal -0.38268348122642 -0.9238795122722597 0
    outer loop
      vertex 15.002947807312012 32.173927307128906 48
      vertex 12.141715049743652 33.35908889770508 -0.09999942779541016
      vertex 15.002947807312012 32.173927307128906 -0.09999942779541016
    endloop
  endfacet
  facet normal -0.9990481980301334 0.04361992678516833 0
    outer loop
      vertex 35.36491012573242 -3.0940284729003906 -0.09999942779541016
      vertex 35.5 0 48
      vertex 35.5 0 -0.09999942779541016
    endloop
  endfacet
  facet normal -0.9990481980301334 0.04361992678516833 0
    outer loop
      vertex 35.5 0 48
      vertex 35.36491012573242 -3.0940284729003906 -0.09999942779541016
      vertex 35.36491012573242 -3.0940284729003906 48
    endloop
  endfacet
  facet normal -0.9537170044882035 0.3007056290627899 0
    outer loop
      vertex 33.35908889770508 -12.141715049743652 -0.09999942779541016
      vertex 34.290367126464844 -9.18807601928711 48
      vertex 34.290367126464844 -9.18807601928711 -0.09999942779541016
    endloop
  endfacet
  facet normal -0.9537170044882035 0.3007056290627899 0
    outer loop
      vertex 34.290367126464844 -9.18807601928711 48
      vertex 33.35908889770508 -12.141715049743652 -0.09999942779541016
      vertex 33.35908889770508 -12.141715049743652 48
    endloop
  endfacet
  facet normal -0.1305259725376598 -0.9914448902955213 0
    outer loop
      vertex 3.0940284729003906 35.36491012573242 -0.09999942779541016
      vertex 6.1645097732543945 34.96067428588867 48
      vertex 3.0940284729003906 35.36491012573242 48
    endloop
  endfacet
  facet normal -0.1305259725376598 -0.9914448902955213 0
    outer loop
      vertex 6.1645097732543945 34.96067428588867 48
      vertex 3.0940284729003906 35.36491012573242 -0.09999942779541016
      vertex 6.1645097732543945 34.96067428588867 -0.09999942779541016
    endloop
  endfacet
  facet normal 0.675589524551006 -0.7372779627229785 0
    outer loop
      vertex -25.102291107177734 25.102291107177734 -0.09999942779541016
      vertex -22.818958282470703 27.194576263427734 48
      vertex -25.102291107177734 25.102291107177734 48
    endloop
  endfacet
  facet normal 0.675589524551006 -0.7372779627229785 0
    outer loop
      vertex -22.818958282470703 27.194576263427734 48
      vertex -25.102291107177734 25.102291107177734 -0.09999942779541016
      vertex -22.818958282470703 27.194576263427734 -0.09999942779541016
    endloop
  endfacet
  facet normal -0.675589524551006 -0.7372779627229785 0
    outer loop
      vertex 22.818958282470703 27.194576263427734 -0.09999942779541016
      vertex 25.102291107177734 25.102291107177734 48
      vertex 22.818958282470703 27.194576263427734 48
    endloop
  endfacet
  facet normal -0.675589524551006 -0.7372779627229785 0
    outer loop
      vertex 25.102291107177734 25.102291107177734 48
      vertex 22.818958282470703 27.194576263427734 -0.09999942779541016
      vertex 25.102291107177734 25.102291107177734 -0.09999942779541016
    endloop
  endfacet
  facet normal -0.8433915556681489 0.5372994359085624 0
    outer loop
      vertex 29.079896926879883 -20.361963272094727 -0.09999942779541016
      vertex 30.743900299072266 -17.75 48
      vertex 30.743900299072266 -17.75 -0.09999942779541016
    endloop
  endfacet
  facet normal -0.8433915556681489 0.5372994359085624 0
    outer loop
      vertex 30.743900299072266 -17.75 48
      vertex 29.079896926879883 -20.361963272094727 -0.09999942779541016
      vertex 29.079896926879883 -20.361963272094727 48
    endloop
  endfacet
  facet normal -0.21643920169084954 -0.9762960985128578 0
    outer loop
      vertex 6.1645097732543945 34.96067428588867 -0.09999942779541016
      vertex 9.18807601928711 34.290367126464844 48
      vertex 6.1645097732543945 34.96067428588867 48
    endloop
  endfacet
  facet normal -0.21643920169084954 -0.9762960985128578 0
    outer loop
      vertex 9.18807601928711 34.290367126464844 48
      vertex 6.1645097732543945 34.96067428588867 -0.09999942779541016
      vertex 9.18807601928711 34.290367126464844 -0.09999942779541016
    endloop
  endfacet
  facet normal -0.8433915556681489 -0.5372994359085624 0
    outer loop
      vertex 30.743900299072266 17.75 -0.09999942779541016
      vertex 29.079896926879883 20.361963272094727 48
      vertex 29.079896926879883 20.361963272094727 -0.09999942779541016
    endloop
  endfacet
  facet normal -0.8433915556681489 -0.5372994359085624 0
    outer loop
      vertex 29.079896926879883 20.361963272094727 48
      vertex 30.743900299072266 17.75 -0.09999942779541016
      vertex 30.743900299072266 17.75 48
    endloop
  endfacet
  facet normal 0.3007056290627899 0.9537170044882035 0
    outer loop
      vertex -9.18807601928711 -34.290367126464844 -0.09999942779541016
      vertex -12.141715049743652 -33.35908889770508 48
      vertex -9.18807601928711 -34.290367126464844 48
    endloop
  endfacet
  facet normal 0.3007056290627899 0.9537170044882035 0
    outer loop
      vertex -12.141715049743652 -33.35908889770508 48
      vertex -9.18807601928711 -34.290367126464844 -0.09999942779541016
      vertex -12.141715049743652 -33.35908889770508 -0.09999942779541016
    endloop
  endfacet
  facet normal 0.7933530155071623 0.6087618522753311 0
    outer loop
      vertex -27.194576263427734 -22.818958282470703 48
      vertex -29.079896926879883 -20.361963272094727 -0.09999942779541016
      vertex -29.079896926879883 -20.361963272094727 48
    endloop
  endfacet
  facet normal 0.7933530155071623 0.6087618522753311 0
    outer loop
      vertex -29.079896926879883 -20.361963272094727 -0.09999942779541016
      vertex -27.194576263427734 -22.818958282470703 48
      vertex -27.194576263427734 -22.818958282470703 -0.09999942779541016
    endloop
  endfacet
  facet normal 0.1305259725376598 -0.9914448902955213 0
    outer loop
      vertex -6.1645097732543945 34.96067428588867 -0.09999942779541016
      vertex -3.0940284729003906 35.36491012573242 48
      vertex -6.1645097732543945 34.96067428588867 48
    endloop
  endfacet
  facet normal 0.1305259725376598 -0.9914448902955213 0
    outer loop
      vertex -3.0940284729003906 35.36491012573242 48
      vertex -6.1645097732543945 34.96067428588867 -0.09999942779541016
      vertex -3.0940284729003906 35.36491012573242 -0.09999942779541016
    endloop
  endfacet
  facet normal 0.8433915556681489 0.5372994359085624 0
    outer loop
      vertex -29.079896926879883 -20.361963272094727 48
      vertex -30.743900299072266 -17.75 -0.09999942779541016
      vertex -30.743900299072266 -17.75 48
    endloop
  endfacet
  facet normal 0.8433915556681489 0.5372994359085624 0
    outer loop
      vertex -30.743900299072266 -17.75 -0.09999942779541016
      vertex -29.079896926879883 -20.361963272094727 48
      vertex -29.079896926879883 -20.361963272094727 -0.09999942779541016
    endloop
  endfacet
  facet normal -0.9762960985128578 0.21643920169084954 0
    outer loop
      vertex 34.290367126464844 -9.18807601928711 -0.09999942779541016
      vertex 34.96067428588867 -6.1645097732543945 48
      vertex 34.96067428588867 -6.1645097732543945 -0.09999942779541016
    endloop
  endfacet
  facet normal -0.9762960985128578 0.21643920169084954 0
    outer loop
      vertex 34.96067428588867 -6.1645097732543945 48
      vertex 34.290367126464844 -9.18807601928711 -0.09999942779541016
      vertex 34.290367126464844 -9.18807601928711 48
    endloop
  endfacet
  facet normal 0.6087618522753311 -0.7933530155071623 0
    outer loop
      vertex -22.818958282470703 27.194576263427734 -0.09999942779541016
      vertex -20.361963272094727 29.079896926879883 48
      vertex -22.818958282470703 27.194576263427734 48
    endloop
  endfacet
  facet normal 0.6087618522753311 -0.7933530155071623 0
    outer loop
      vertex -20.361963272094727 29.079896926879883 48
      vertex -22.818958282470703 27.194576263427734 -0.09999942779541016
      vertex -20.361963272094727 29.079896926879883 -0.09999942779541016
    endloop
  endfacet
  facet normal -0.7372779627229785 -0.675589524551006 0
    outer loop
      vertex 27.194576263427734 22.818958282470703 -0.09999942779541016
      vertex 25.102291107177734 25.102291107177734 48
      vertex 25.102291107177734 25.102291107177734 -0.09999942779541016
    endloop
  endfacet
  facet normal -0.7372779627229785 -0.675589524551006 0
    outer loop
      vertex 25.102291107177734 25.102291107177734 48
      vertex 27.194576263427734 22.818958282470703 -0.09999942779541016
      vertex 27.194576263427734 22.818958282470703 48
    endloop
  endfacet
  facet normal 0.21643920169084954 0.9762960985128578 0
    outer loop
      vertex -6.1645097732543945 -34.96067428588867 -0.09999942779541016
      vertex -9.18807601928711 -34.290367126464844 48
      vertex -6.1645097732543945 -34.96067428588867 48
    endloop
  endfacet
  facet normal 0.21643920169084954 0.9762960985128578 0
    outer loop
      vertex -9.18807601928711 -34.290367126464844 48
      vertex -6.1645097732543945 -34.96067428588867 -0.09999942779541016
      vertex -9.18807601928711 -34.290367126464844 -0.09999942779541016
    endloop
  endfacet
  facet normal 0.9990481980301334 -0.04361992678516833 0
    outer loop
      vertex -35.5 0 48
      vertex -35.36491012573242 3.0940284729003906 -0.09999942779541016
      vertex -35.36491012573242 3.0940284729003906 48
    endloop
  endfacet
  facet normal 0.9990481980301334 -0.04361992678516833 0
    outer loop
      vertex -35.36491012573242 3.0940284729003906 -0.09999942779541016
      vertex -35.5 0 48
      vertex -35.5 0 -0.09999942779541016
    endloop
  endfacet
  facet normal 0.3007056290627899 -0.9537170044882035 0
    outer loop
      vertex -12.141715049743652 33.35908889770508 -0.09999942779541016
      vertex -9.18807601928711 34.290367126464844 48
      vertex -12.141715049743652 33.35908889770508 48
    endloop
  endfacet
  facet normal 0.3007056290627899 -0.9537170044882035 0
    outer loop
      vertex -9.18807601928711 34.290367126464844 48
      vertex -12.141715049743652 33.35908889770508 -0.09999942779541016
      vertex -9.18807601928711 34.290367126464844 -0.09999942779541016
    endloop
  endfacet
  facet normal -0.7933530155071623 -0.6087618522753311 0
    outer loop
      vertex 29.079896926879883 20.361963272094727 -0.09999942779541016
      vertex 27.194576263427734 22.818958282470703 48
      vertex 27.194576263427734 22.818958282470703 -0.09999942779541016
    endloop
  endfacet
  facet normal -0.7933530155071623 -0.6087618522753311 0
    outer loop
      vertex 27.194576263427734 22.818958282470703 48
      vertex 29.079896926879883 20.361963272094727 -0.09999942779541016
      vertex 29.079896926879883 20.361963272094727 48
    endloop
  endfacet
  facet normal -0.21643920169084954 0.9762960985128578 0
    outer loop
      vertex 9.18807601928711 -34.290367126464844 -0.09999942779541016
      vertex 6.1645097732543945 -34.96067428588867 48
      vertex 9.18807601928711 -34.290367126464844 48
    endloop
  endfacet
  facet normal -0.21643920169084954 0.9762960985128578 0
    outer loop
      vertex 6.1645097732543945 -34.96067428588867 48
      vertex 9.18807601928711 -34.290367126464844 -0.09999942779541016
      vertex 6.1645097732543945 -34.96067428588867 -0.09999942779541016
    endloop
  endfacet
  facet normal 0.21643920169084954 -0.9762960985128578 0
    outer loop
      vertex -9.18807601928711 34.290367126464844 -0.09999942779541016
      vertex -6.1645097732543945 34.96067428588867 48
      vertex -9.18807601928711 34.290367126464844 48
    endloop
  endfacet
  facet normal 0.21643920169084954 -0.9762960985128578 0
    outer loop
      vertex -6.1645097732543945 34.96067428588867 48
      vertex -9.18807601928711 34.290367126464844 -0.09999942779541016
      vertex -6.1645097732543945 34.96067428588867 -0.09999942779541016
    endloop
  endfacet
  facet normal 0.9238795122722597 -0.38268348122642 0
    outer loop
      vertex -33.35908889770508 12.141715049743652 48
      vertex -32.173927307128906 15.002947807312012 -0.09999942779541016
      vertex -32.173927307128906 15.002947807312012 48
    endloop
  endfacet
  facet normal 0.9238795122722597 -0.38268348122642 0
    outer loop
      vertex -32.173927307128906 15.002947807312012 -0.09999942779541016
      vertex -33.35908889770508 12.141715049743652 48
      vertex -33.35908889770508 12.141715049743652 -0.09999942779541016
    endloop
  endfacet
  facet normal 0.9990481980301334 0.04361992678516833 0
    outer loop
      vertex -35.36491012573242 -3.0940284729003906 48
      vertex -35.5 0 -0.09999942779541016
      vertex -35.5 0 48
    endloop
  endfacet
  facet normal 0.9990481980301334 0.04361992678516833 0
    outer loop
      vertex -35.5 0 -0.09999942779541016
      vertex -35.36491012573242 -3.0940284729003906 48
      vertex -35.36491012573242 -3.0940284729003906 -0.09999942779541016
    endloop
  endfacet
  facet normal -0.8870105487875348 0.46174915954404966 0
    outer loop
      vertex 30.743900299072266 -17.75 -0.09999942779541016
      vertex 32.173927307128906 -15.002947807312012 48
      vertex 32.173927307128906 -15.002947807312012 -0.09999942779541016
    endloop
  endfacet
  facet normal -0.8870105487875348 0.46174915954404966 0
    outer loop
      vertex 32.173927307128906 -15.002947807312012 48
      vertex 30.743900299072266 -17.75 -0.09999942779541016
      vertex 30.743900299072266 -17.75 48
    endloop
  endfacet
  facet normal -0.3007056290627899 -0.9537170044882035 0
    outer loop
      vertex 9.18807601928711 34.290367126464844 -0.09999942779541016
      vertex 12.141715049743652 33.35908889770508 48
      vertex 9.18807601928711 34.290367126464844 48
    endloop
  endfacet
  facet normal -0.3007056290627899 -0.9537170044882035 0
    outer loop
      vertex 12.141715049743652 33.35908889770508 48
      vertex 9.18807601928711 34.290367126464844 -0.09999942779541016
      vertex 12.141715049743652 33.35908889770508 -0.09999942779541016
    endloop
  endfacet
  facet normal -0.04361992678516833 0.9990481980301334 0
    outer loop
      vertex 3.0940284729003906 -35.36491012573242 -0.09999942779541016
      vertex 0 -35.5 48
      vertex 3.0940284729003906 -35.36491012573242 48
    endloop
  endfacet
  facet normal -0.04361992678516833 0.9990481980301334 0
    outer loop
      vertex 0 -35.5 48
      vertex 3.0940284729003906 -35.36491012573242 -0.09999942779541016
      vertex 0 -35.5 -0.09999942779541016
    endloop
  endfacet
  facet normal 0.04361992678516833 -0.9990481980301334 0
    outer loop
      vertex -3.0940284729003906 35.36491012573242 -0.09999942779541016
      vertex 0 35.5 48
      vertex -3.0940284729003906 35.36491012573242 48
    endloop
  endfacet
  facet normal 0.04361992678516833 -0.9990481980301334 0
    outer loop
      vertex 0 35.5 48
      vertex -3.0940284729003906 35.36491012573242 -0.09999942779541016
      vertex 0 35.5 -0.09999942779541016
    endloop
  endfacet
  facet normal -0.675589524551006 0.7372779627229785 0
    outer loop
      vertex 25.102291107177734 -25.102291107177734 -0.09999942779541016
      vertex 22.818958282470703 -27.194576263427734 48
      vertex 25.102291107177734 -25.102291107177734 48
    endloop
  endfacet
  facet normal -0.675589524551006 0.7372779627229785 0
    outer loop
      vertex 22.818958282470703 -27.194576263427734 48
      vertex 25.102291107177734 -25.102291107177734 -0.09999942779541016
      vertex 22.818958282470703 -27.194576263427734 -0.09999942779541016
    endloop
  endfacet
  facet normal 0.9537170044882035 -0.3007056290627899 0
    outer loop
      vertex -34.290367126464844 9.18807601928711 48
      vertex -33.35908889770508 12.141715049743652 -0.09999942779541016
      vertex -33.35908889770508 12.141715049743652 48
    endloop
  endfacet
  facet normal 0.9537170044882035 -0.3007056290627899 0
    outer loop
      vertex -33.35908889770508 12.141715049743652 -0.09999942779541016
      vertex -34.290367126464844 9.18807601928711 48
      vertex -34.290367126464844 9.18807601928711 -0.09999942779541016
    endloop
  endfacet
  facet normal -0.9238795122722597 0.38268348122642 0
    outer loop
      vertex 32.173927307128906 -15.002947807312012 -0.09999942779541016
      vertex 33.35908889770508 -12.141715049743652 48
      vertex 33.35908889770508 -12.141715049743652 -0.09999942779541016
    endloop
  endfacet
  facet normal -0.9238795122722597 0.38268348122642 0
    outer loop
      vertex 33.35908889770508 -12.141715049743652 48
      vertex 32.173927307128906 -15.002947807312012 -0.09999942779541016
      vertex 32.173927307128906 -15.002947807312012 48
    endloop
  endfacet
  facet normal -0.8870105487875348 -0.46174915954404966 0
    outer loop
      vertex 32.173927307128906 15.002947807312012 -0.09999942779541016
      vertex 30.743900299072266 17.75 48
      vertex 30.743900299072266 17.75 -0.09999942779541016
    endloop
  endfacet
  facet normal -0.8870105487875348 -0.46174915954404966 0
    outer loop
      vertex 30.743900299072266 17.75 48
      vertex 32.173927307128906 15.002947807312012 -0.09999942779541016
      vertex 32.173927307128906 15.002947807312012 48
    endloop
  endfacet
  facet normal 0.8870105487875348 -0.46174915954404966 0
    outer loop
      vertex -32.173927307128906 15.002947807312012 48
      vertex -30.743900299072266 17.75 -0.09999942779541016
      vertex -30.743900299072266 17.75 48
    endloop
  endfacet
  facet normal 0.8870105487875348 -0.46174915954404966 0
    outer loop
      vertex -30.743900299072266 17.75 -0.09999942779541016
      vertex -32.173927307128906 15.002947807312012 48
      vertex -32.173927307128906 15.002947807312012 -0.09999942779541016
    endloop
  endfacet
  facet normal -0.38268348122642 0.9238795122722597 0
    outer loop
      vertex 15.002947807312012 -32.173927307128906 -0.09999942779541016
      vertex 12.141715049743652 -33.35908889770508 48
      vertex 15.002947807312012 -32.173927307128906 48
    endloop
  endfacet
  facet normal -0.38268348122642 0.9238795122722597 0
    outer loop
      vertex 12.141715049743652 -33.35908889770508 48
      vertex 15.002947807312012 -32.173927307128906 -0.09999942779541016
      vertex 12.141715049743652 -33.35908889770508 -0.09999942779541016
    endloop
  endfacet
  facet normal -0.46174915954404966 0.8870105487875348 0
    outer loop
      vertex 17.75 -30.743900299072266 -0.09999942779541016
      vertex 15.002947807312012 -32.173927307128906 48
      vertex 17.75 -30.743900299072266 48
    endloop
  endfacet
  facet normal -0.46174915954404966 0.8870105487875348 0
    outer loop
      vertex 15.002947807312012 -32.173927307128906 48
      vertex 17.75 -30.743900299072266 -0.09999942779541016
      vertex 15.002947807312012 -32.173927307128906 -0.09999942779541016
    endloop
  endfacet
  facet normal -0.5372994359085624 0.8433915556681489 0
    outer loop
      vertex 20.361963272094727 -29.079896926879883 -0.09999942779541016
      vertex 17.75 -30.743900299072266 48
      vertex 20.361963272094727 -29.079896926879883 48
    endloop
  endfacet
  facet normal -0.5372994359085624 0.8433915556681489 0
    outer loop
      vertex 17.75 -30.743900299072266 48
      vertex 20.361963272094727 -29.079896926879883 -0.09999942779541016
      vertex 17.75 -30.743900299072266 -0.09999942779541016
    endloop
  endfacet
  facet normal 0.9537170044882035 0.3007056290627899 0
    outer loop
      vertex -33.35908889770508 -12.141715049743652 48
      vertex -34.290367126464844 -9.18807601928711 -0.09999942779541016
      vertex -34.290367126464844 -9.18807601928711 48
    endloop
  endfacet
  facet normal 0.9537170044882035 0.3007056290627899 0
    outer loop
      vertex -34.290367126464844 -9.18807601928711 -0.09999942779541016
      vertex -33.35908889770508 -12.141715049743652 48
      vertex -33.35908889770508 -12.141715049743652 -0.09999942779541016
    endloop
  endfacet
  facet normal -0.3007056290627899 0.9537170044882035 0
    outer loop
      vertex 12.141715049743652 -33.35908889770508 -0.09999942779541016
      vertex 9.18807601928711 -34.290367126464844 48
      vertex 12.141715049743652 -33.35908889770508 48
    endloop
  endfacet
  facet normal -0.3007056290627899 0.9537170044882035 0
    outer loop
      vertex 9.18807601928711 -34.290367126464844 48
      vertex 12.141715049743652 -33.35908889770508 -0.09999942779541016
      vertex 9.18807601928711 -34.290367126464844 -0.09999942779541016
    endloop
  endfacet
  facet normal 0.5372994359085624 0.8433915556681489 0
    outer loop
      vertex -17.75 -30.743900299072266 -0.09999942779541016
      vertex -20.361963272094727 -29.079896926879883 48
      vertex -17.75 -30.743900299072266 48
    endloop
  endfacet
  facet normal 0.5372994359085624 0.8433915556681489 0
    outer loop
      vertex -20.361963272094727 -29.079896926879883 48
      vertex -17.75 -30.743900299072266 -0.09999942779541016
      vertex -20.361963272094727 -29.079896926879883 -0.09999942779541016
    endloop
  endfacet
  facet normal 0.9762960985128578 0.21643920169084954 0
    outer loop
      vertex -34.290367126464844 -9.18807601928711 48
      vertex -34.96067428588867 -6.1645097732543945 -0.09999942779541016
      vertex -34.96067428588867 -6.1645097732543945 48
    endloop
  endfacet
  facet normal 0.9762960985128578 0.21643920169084954 0
    outer loop
      vertex -34.96067428588867 -6.1645097732543945 -0.09999942779541016
      vertex -34.290367126464844 -9.18807601928711 48
      vertex -34.290367126464844 -9.18807601928711 -0.09999942779541016
    endloop
  endfacet
  facet normal 0.8870105487875348 0.46174915954404966 0
    outer loop
      vertex -30.743900299072266 -17.75 48
      vertex -32.173927307128906 -15.002947807312012 -0.09999942779541016
      vertex -32.173927307128906 -15.002947807312012 48
    endloop
  endfacet
  facet normal 0.8870105487875348 0.46174915954404966 0
    outer loop
      vertex -32.173927307128906 -15.002947807312012 -0.09999942779541016
      vertex -30.743900299072266 -17.75 48
      vertex -30.743900299072266 -17.75 -0.09999942779541016
    endloop
  endfacet
  facet normal 0.46174915954404966 -0.8870105487875348 0
    outer loop
      vertex -17.75 30.743900299072266 -0.09999942779541016
      vertex -15.002947807312012 32.173927307128906 48
      vertex -17.75 30.743900299072266 48
    endloop
  endfacet
  facet normal 0.46174915954404966 -0.8870105487875348 0
    outer loop
      vertex -15.002947807312012 32.173927307128906 48
      vertex -17.75 30.743900299072266 -0.09999942779541016
      vertex -15.002947807312012 32.173927307128906 -0.09999942779541016
    endloop
  endfacet
  facet normal 0.46174915954404966 0.8870105487875348 0
    outer loop
      vertex -15.002947807312012 -32.173927307128906 -0.09999942779541016
      vertex -17.75 -30.743900299072266 48
      vertex -15.002947807312012 -32.173927307128906 48
    endloop
  endfacet
  facet normal 0.46174915954404966 0.8870105487875348 0
    outer loop
      vertex -17.75 -30.743900299072266 48
      vertex -15.002947807312012 -32.173927307128906 -0.09999942779541016
      vertex -17.75 -30.743900299072266 -0.09999942779541016
    endloop
  endfacet
  facet normal 0.7372779627229785 -0.675589524551006 0
    outer loop
      vertex -27.194576263427734 22.818958282470703 48
      vertex -25.102291107177734 25.102291107177734 -0.09999942779541016
      vertex -25.102291107177734 25.102291107177734 48
    endloop
  endfacet
  facet normal 0.7372779627229785 -0.675589524551006 0
    outer loop
      vertex -25.102291107177734 25.102291107177734 -0.09999942779541016
      vertex -27.194576263427734 22.818958282470703 48
      vertex -27.194576263427734 22.818958282470703 -0.09999942779541016
    endloop
  endfacet
  facet normal 0.6087618522753311 0.7933530155071623 0
    outer loop
      vertex -20.361963272094727 -29.079896926879883 -0.09999942779541016
      vertex -22.818958282470703 -27.194576263427734 48
      vertex -20.361963272094727 -29.079896926879883 48
    endloop
  endfacet
  facet normal 0.6087618522753311 0.7933530155071623 0
    outer loop
      vertex -22.818958282470703 -27.194576263427734 48
      vertex -20.361963272094727 -29.079896926879883 -0.09999942779541016
      vertex -22.818958282470703 -27.194576263427734 -0.09999942779541016
    endloop
  endfacet
  facet normal -0.1305259725376598 0.9914448902955213 0
    outer loop
      vertex 6.1645097732543945 -34.96067428588867 -0.09999942779541016
      vertex 3.0940284729003906 -35.36491012573242 48
      vertex 6.1645097732543945 -34.96067428588867 48
    endloop
  endfacet
  facet normal -0.1305259725376598 0.9914448902955213 0
    outer loop
      vertex 3.0940284729003906 -35.36491012573242 48
      vertex 6.1645097732543945 -34.96067428588867 -0.09999942779541016
      vertex 3.0940284729003906 -35.36491012573242 -0.09999942779541016
    endloop
  endfacet
  facet normal 0.04361992678516833 0.9990481980301334 0
    outer loop
      vertex 0 -35.5 -0.09999942779541016
      vertex -3.0940284729003906 -35.36491012573242 48
      vertex 0 -35.5 48
    endloop
  endfacet
  facet normal 0.04361992678516833 0.9990481980301334 0
    outer loop
      vertex -3.0940284729003906 -35.36491012573242 48
      vertex 0 -35.5 -0.09999942779541016
      vertex -3.0940284729003906 -35.36491012573242 -0.09999942779541016
    endloop
  endfacet
  facet normal 0.7372779627229785 0.675589524551006 0
    outer loop
      vertex -25.102291107177734 -25.102291107177734 48
      vertex -27.194576263427734 -22.818958282470703 -0.09999942779541016
      vertex -27.194576263427734 -22.818958282470703 48
    endloop
  endfacet
  facet normal 0.7372779627229785 0.675589524551006 0
    outer loop
      vertex -27.194576263427734 -22.818958282470703 -0.09999942779541016
      vertex -25.102291107177734 -25.102291107177734 48
      vertex -25.102291107177734 -25.102291107177734 -0.09999942779541016
    endloop
  endfacet
  facet normal 0.9238795122722597 0.38268348122642 0
    outer loop
      vertex -32.173927307128906 -15.002947807312012 48
      vertex -33.35908889770508 -12.141715049743652 -0.09999942779541016
      vertex -33.35908889770508 -12.141715049743652 48
    endloop
  endfacet
  facet normal 0.9238795122722597 0.38268348122642 0
    outer loop
      vertex -33.35908889770508 -12.141715049743652 -0.09999942779541016
      vertex -32.173927307128906 -15.002947807312012 48
      vertex -32.173927307128906 -15.002947807312012 -0.09999942779541016
    endloop
  endfacet
  facet normal 0.38268348122642 -0.9238795122722597 0
    outer loop
      vertex -15.002947807312012 32.173927307128906 -0.09999942779541016
      vertex -12.141715049743652 33.35908889770508 48
      vertex -15.002947807312012 32.173927307128906 48
    endloop
  endfacet
  facet normal 0.38268348122642 -0.9238795122722597 0
    outer loop
      vertex -12.141715049743652 33.35908889770508 48
      vertex -15.002947807312012 32.173927307128906 -0.09999942779541016
      vertex -12.141715049743652 33.35908889770508 -0.09999942779541016
    endloop
  endfacet
  facet normal -0.46174915954404966 -0.8870105487875348 0
    outer loop
      vertex 15.002947807312012 32.173927307128906 -0.09999942779541016
      vertex 17.75 30.743900299072266 48
      vertex 15.002947807312012 32.173927307128906 48
    endloop
  endfacet
  facet normal -0.46174915954404966 -0.8870105487875348 0
    outer loop
      vertex 17.75 30.743900299072266 48
      vertex 15.002947807312012 32.173927307128906 -0.09999942779541016
      vertex 17.75 30.743900299072266 -0.09999942779541016
    endloop
  endfacet
  facet normal 0.9914448902955213 0.1305259725376598 0
    outer loop
      vertex -34.96067428588867 -6.1645097732543945 48
      vertex -35.36491012573242 -3.0940284729003906 -0.09999942779541016
      vertex -35.36491012573242 -3.0940284729003906 48
    endloop
  endfacet
  facet normal 0.9914448902955213 0.1305259725376598 0
    outer loop
      vertex -35.36491012573242 -3.0940284729003906 -0.09999942779541016
      vertex -34.96067428588867 -6.1645097732543945 48
      vertex -34.96067428588867 -6.1645097732543945 -0.09999942779541016
    endloop
  endfacet
  facet normal -0.7933530155071623 0.6087618522753311 0
    outer loop
      vertex 27.194576263427734 -22.818958282470703 -0.09999942779541016
      vertex 29.079896926879883 -20.361963272094727 48
      vertex 29.079896926879883 -20.361963272094727 -0.09999942779541016
    endloop
  endfacet
  facet normal -0.7933530155071623 0.6087618522753311 0
    outer loop
      vertex 29.079896926879883 -20.361963272094727 48
      vertex 27.194576263427734 -22.818958282470703 -0.09999942779541016
      vertex 27.194576263427734 -22.818958282470703 48
    endloop
  endfacet
  facet normal 0.1305259725376598 0.9914448902955213 0
    outer loop
      vertex -3.0940284729003906 -35.36491012573242 -0.09999942779541016
      vertex -6.1645097732543945 -34.96067428588867 48
      vertex -3.0940284729003906 -35.36491012573242 48
    endloop
  endfacet
  facet normal 0.1305259725376598 0.9914448902955213 0
    outer loop
      vertex -6.1645097732543945 -34.96067428588867 48
      vertex -3.0940284729003906 -35.36491012573242 -0.09999942779541016
      vertex -6.1645097732543945 -34.96067428588867 -0.09999942779541016
    endloop
  endfacet
  facet normal -0.7372779627229785 0.675589524551006 0
    outer loop
      vertex 25.102291107177734 -25.102291107177734 -0.09999942779541016
      vertex 27.194576263427734 -22.818958282470703 48
      vertex 27.194576263427734 -22.818958282470703 -0.09999942779541016
    endloop
  endfacet
  facet normal -0.7372779627229785 0.675589524551006 0
    outer loop
      vertex 27.194576263427734 -22.818958282470703 48
      vertex 25.102291107177734 -25.102291107177734 -0.09999942779541016
      vertex 25.102291107177734 -25.102291107177734 48
    endloop
  endfacet
  facet normal 0.38268348122642 0.9238795122722597 0
    outer loop
      vertex -12.141715049743652 -33.35908889770508 -0.09999942779541016
      vertex -15.002947807312012 -32.173927307128906 48
      vertex -12.141715049743652 -33.35908889770508 48
    endloop
  endfacet
  facet normal 0.38268348122642 0.9238795122722597 0
    outer loop
      vertex -15.002947807312012 -32.173927307128906 48
      vertex -12.141715049743652 -33.35908889770508 -0.09999942779541016
      vertex -15.002947807312012 -32.173927307128906 -0.09999942779541016
    endloop
  endfacet
  facet normal 0.7933530155071623 -0.6087618522753311 0
    outer loop
      vertex -29.079896926879883 20.361963272094727 48
      vertex -27.194576263427734 22.818958282470703 -0.09999942779541016
      vertex -27.194576263427734 22.818958282470703 48
    endloop
  endfacet
  facet normal 0.7933530155071623 -0.6087618522753311 0
    outer loop
      vertex -27.194576263427734 22.818958282470703 -0.09999942779541016
      vertex -29.079896926879883 20.361963272094727 48
      vertex -29.079896926879883 20.361963272094727 -0.09999942779541016
    endloop
  endfacet
  facet normal -0.8682944995766102 -0.03791114325316125 -0.4945982280823926
    outer loop
      vertex 39.79275131225586 3.4420993328094482 -7.899999618530273
      vertex 39.94303894042969 0 -7.899999618530273
      vertex 35.5 0 -0.09999942779541016
    endloop
  endfacet
  facet normal -0.8616862525913979 -0.11344375093574587 -0.4945981373485167
    outer loop
      vertex 39.336212158203125 6.93603515625 -7.899999618530273
      vertex 39.785926818847656 3.5201313495635986 -7.899999618530273
      vertex 34.96067428588867 6.1645097732543945 -0.09999942779541016
    endloop
  endfacet
  facet normal 0.8682945255935435 0.03791102742493555 -0.49459819128649174
    outer loop
      vertex -35.36491012573242 -3.0940284729003906 -0.09999942779541016
      vertex -39.79275131225586 -3.4420993328094482 -7.899999618530273
      vertex -35.5 0 -0.09999942779541016
    endloop
  endfacet
  facet normal 0.8682957014221317 0.03788849812987058 -0.4945978534135699
    outer loop
      vertex -39.79275131225586 -3.4420993328094482 -7.899999618530273
      vertex -35.36491012573242 -3.0940284729003906 -0.09999942779541016
      vertex -39.79104232788086 -3.481264352798462 -7.899999618530273
    endloop
  endfacet
  facet normal -0.8682957014221317 -0.03788849812987058 -0.4945978534135699
    outer loop
      vertex 39.79275131225586 3.4420993328094482 -7.899999618530273
      vertex 35.36491012573242 3.0940284729003906 -0.09999942779541016
      vertex 39.79104232788086 3.481264352798462 -7.899999618530273
    endloop
  endfacet
  facet normal -0.8682945255935435 -0.03791102742493555 -0.49459819128649174
    outer loop
      vertex 35.36491012573242 3.0940284729003906 -0.09999942779541016
      vertex 39.79275131225586 3.4420993328094482 -7.899999618530273
      vertex 35.5 0 -0.09999942779541016
    endloop
  endfacet
  facet normal -0.8682944995766102 0.03791114325316125 -0.4945982280823926
    outer loop
      vertex 39.94303894042969 0 -7.899999618530273
      vertex 39.79275131225586 -3.4420993328094482 -7.899999618530273
      vertex 35.5 0 -0.09999942779541016
    endloop
  endfacet
  facet normal 0.7329957737753088 -0.46701311443258975 -0.4945866421321032
    outer loop
      vertex -29.079896926879883 20.361963272094727 -0.09999942779541016
      vertex -34.5916862487793 19.971519470214844 -7.899999618530273
      vertex -34.570621490478516 20.004581451416016 -7.899999618530273
    endloop
  endfacet
  facet normal 0.7330098802493756 -0.46697858488917543 -0.4945983387676299
    outer loop
      vertex -34.5916862487793 19.971519470214844 -7.899999618530273
      vertex -29.079896926879883 20.361963272094727 -0.09999942779541016
      vertex -30.743900299072266 17.75 -0.09999942779541016
    endloop
  endfacet
  facet normal -0.2613499209561644 -0.8288963423227549 -0.49459788970452045
    outer loop
      vertex 13.661322593688965 37.534175872802734 -7.899999618530273
      vertex 12.141715049743652 33.35908889770508 -0.09999942779541016
      vertex 10.375406265258789 38.570220947265625 -7.899999618530273
    endloop
  endfacet
  facet normal 0.5290869127853915 -0.689521355489018 -0.49459815915934285
    outer loop
      vertex -25.643787384033203 30.622005462646484 -7.899999618530273
      vertex -22.818958282470703 27.194576263427734 -0.09999942779541016
      vertex -25.674888610839844 30.598140716552734 -7.899999618530273
    endloop
  endfacet
  facet normal 0.5290881737159953 -0.6895203707621872 -0.4945981831121591
    outer loop
      vertex -22.818958282470703 27.194576263427734 -0.09999942779541016
      vertex -25.643787384033203 30.622005462646484 -7.899999618530273
      vertex -20.361963272094727 29.079896926879883 -0.09999942779541016
    endloop
  endfacet
  facet normal 0.8029636794252302 0.3325992252098075 -0.494597902253671
    outer loop
      vertex -32.173927307128906 -15.002947807312012 -0.09999942779541016
      vertex -36.20068359375 -16.880657196044922 -7.899999618530273
      vertex -37.5191764831543 -13.697541236877441 -7.899999618530273
    endloop
  endfacet
  facet normal -0.7709208471815212 0.4013152753709832 -0.494597914608258
    outer loop
      vertex 36.20068359375 -16.880657196044922 -7.899999618530273
      vertex 34.60978698730469 -19.93674659729004 -7.899999618530273
      vertex 32.173927307128906 -15.002947807312012 -0.09999942779541016
    endloop
  endfacet
  facet normal 0.2613498527499922 -0.8288963511092414 -0.4945979110199946
    outer loop
      vertex -10.375406265258789 38.570220947265625 -7.899999618530273
      vertex -9.18807601928711 34.290367126464844 -0.09999942779541016
      vertex -12.141715049743652 33.35908889770508 -0.09999942779541016
    endloop
  endfacet
  facet normal 0.26140835522333644 -0.8288784501921451 -0.4945969941543293
    outer loop
      vertex -9.18807601928711 34.290367126464844 -0.09999942779541016
      vertex -10.375406265258789 38.570220947265625 -7.899999618530273
      vertex -10.338018417358398 38.58201217651367 -7.899999618530273
    endloop
  endfacet
  facet normal -0.5290869127853915 0.689521355489018 -0.49459815915934285
    outer loop
      vertex 25.643787384033203 -30.622005462646484 -7.899999618530273
      vertex 22.818958282470703 -27.194576263427734 -0.09999942779541016
      vertex 25.674888610839844 -30.598140716552734 -7.899999618530273
    endloop
  endfacet
  facet normal -0.5290881737159953 0.6895203707621872 -0.4945981831121591
    outer loop
      vertex 22.818958282470703 -27.194576263427734 -0.09999942779541016
      vertex 25.643787384033203 -30.622005462646484 -7.899999618530273
      vertex 20.361963272094727 -29.079896926879883 -0.09999942779541016
    endloop
  endfacet
  facet normal -0.8029636794252302 -0.3325992252098075 -0.494597902253671
    outer loop
      vertex 36.20068359375 16.880657196044922 -7.899999618530273
      vertex 37.5191764831543 13.697541236877441 -7.899999618530273
      vertex 32.173927307128906 15.002947807312012 -0.09999942779541016
    endloop
  endfacet
  facet normal 0.4013005770781882 -0.7709284321087934 -0.49459801799339087
    outer loop
      vertex -19.93674659729004 34.60978698730469 -7.899999618530273
      vertex -17.75 30.743900299072266 -0.09999942779541016
      vertex -19.971519470214844 34.5916862487793 -7.899999618530273
    endloop
  endfacet
  facet normal 0.40131621685927416 -0.7709201205805841 -0.49459828322566757
    outer loop
      vertex -17.75 30.743900299072266 -0.09999942779541016
      vertex -19.93674659729004 34.60978698730469 -7.899999618530273
      vertex -15.002947807312012 32.173927307128906 -0.09999942779541016
    endloop
  endfacet
  facet normal -0.8485250747464144 -0.18808893203623253 -0.4945985757885494
    outer loop
      vertex 34.96067428588867 6.1645097732543945 -0.09999942779541016
      vertex 39.327728271484375 6.974308490753174 -7.899999618530273
      vertex 39.336212158203125 6.93603515625 -7.899999618530273
    endloop
  endfacet
  facet normal -0.8485201634765751 -0.1881120154850648 -0.49459822260480596
    outer loop
      vertex 39.327728271484375 6.974308490753174 -7.899999618530273
      vertex 34.96067428588867 6.1645097732543945 -0.09999942779541016
      vertex 34.290367126464844 9.18807601928711 -0.09999942779541016
    endloop
  endfacet
  facet normal -0.6407840402284065 0.5871698584974884 -0.49459819152580764
    outer loop
      vertex 30.598140716552734 -25.674888610839844 -7.899999618530273
      vertex 28.270477294921875 -28.215089797973633 -7.899999618530273
      vertex 27.194576263427734 -22.818958282470703 -0.09999942779541016
    endloop
  endfacet
  facet normal 0.7330098802493756 0.46697858488917543 -0.4945983387676299
    outer loop
      vertex -29.079896926879883 -20.361963272094727 -0.09999942779541016
      vertex -34.5916862487793 -19.971519470214844 -7.899999618530273
      vertex -30.743900299072266 -17.75 -0.09999942779541016
    endloop
  endfacet
  facet normal 0.7329957737753088 0.46701311443258975 -0.4945866421321032
    outer loop
      vertex -34.5916862487793 -19.971519470214844 -7.899999618530273
      vertex -29.079896926879883 -20.361963272094727 -0.09999942779541016
      vertex -34.570621490478516 -20.004581451416016 -7.899999618530273
    endloop
  endfacet
  facet normal -0.8485201527710814 -0.1881122774064511 -0.49459814135346203
    outer loop
      vertex 38.58201217651367 10.338018417358398 -7.899999618530273
      vertex 39.327728271484375 6.974308490753174 -7.899999618530273
      vertex 34.290367126464844 9.18807601928711 -0.09999942779541016
    endloop
  endfacet
  facet normal 0.03788849812987058 -0.8682957014221317 -0.4945978534135699
    outer loop
      vertex -3.4420993328094482 39.79275131225586 -7.899999618530273
      vertex -3.0940284729003906 35.36491012573242 -0.09999942779541016
      vertex -3.481264352798462 39.79104232788086 -7.899999618530273
    endloop
  endfacet
  facet normal 0.03791102742493555 -0.8682945255935435 -0.49459819128649174
    outer loop
      vertex -3.0940284729003906 35.36491012573242 -0.09999942779541016
      vertex -3.4420993328094482 39.79275131225586 -7.899999618530273
      vertex 0 35.5 -0.09999942779541016
    endloop
  endfacet
  facet normal -0.46697859359887545 -0.7330099610522848 -0.49459821079189553
    outer loop
      vertex 22.910385131835938 32.71942138671875 -7.899999618530273
      vertex 20.361963272094727 29.079896926879883 -0.09999942779541016
      vertex 20.004581451416016 34.570621490478516 -7.899999618530273
    endloop
  endfacet
  facet normal -0.11344294814115716 0.8616862153021625 -0.4945983864462942
    outer loop
      vertex 3.5201313495635986 -39.785926818847656 -7.899999618530273
      vertex 3.0940284729003906 -35.36491012573242 -0.09999942779541016
      vertex 6.1645097732543945 -34.96067428588867 -0.09999942779541016
    endloop
  endfacet
  facet normal -0.11341198102943169 0.8616900236492334 -0.4945988533168707
    outer loop
      vertex 3.0940284729003906 -35.36491012573242 -0.09999942779541016
      vertex 3.5201313495635986 -39.785926818847656 -7.899999618530273
      vertex 3.481264352798462 -39.79104232788086 -7.899999618530273
    endloop
  endfacet
  facet normal 0.1881122774064511 0.8485201527710814 -0.49459814135346203
    outer loop
      vertex -9.18807601928711 -34.290367126464844 -0.09999942779541016
      vertex -6.974308490753174 -39.327728271484375 -7.899999618530273
      vertex -10.338018417358398 -38.58201217651367 -7.899999618530273
    endloop
  endfacet
  facet normal -0.26140835522333644 -0.8288784501921451 -0.4945969941543293
    outer loop
      vertex 10.375406265258789 38.570220947265625 -7.899999618530273
      vertex 9.18807601928711 34.290367126464844 -0.09999942779541016
      vertex 10.338018417358398 38.58201217651367 -7.899999618530273
    endloop
  endfacet
  facet normal -0.2613498527499922 -0.8288963511092414 -0.4945979110199946
    outer loop
      vertex 9.18807601928711 34.290367126464844 -0.09999942779541016
      vertex 10.375406265258789 38.570220947265625 -7.899999618530273
      vertex 12.141715049743652 33.35908889770508 -0.09999942779541016
    endloop
  endfacet
  facet normal -0.7330099610522848 -0.46697859359887545 -0.49459821079189553
    outer loop
      vertex 32.71942138671875 22.910385131835938 -7.899999618530273
      vertex 34.570621490478516 20.004581451416016 -7.899999618530273
      vertex 29.079896926879883 20.361963272094727 -0.09999942779541016
    endloop
  endfacet
  facet normal -0.11344375093574587 0.8616862525913979 -0.4945981373485167
    outer loop
      vertex 6.1645097732543945 -34.96067428588867 -0.09999942779541016
      vertex 6.93603515625 -39.336212158203125 -7.899999618530273
      vertex 3.5201313495635986 -39.785926818847656 -7.899999618530273
    endloop
  endfacet
  facet normal 0.03791114325316125 -0.8682944995766102 -0.4945982280823926
    outer loop
      vertex 0 39.94303894042969 -7.899999618530273
      vertex 0 35.5 -0.09999942779541016
      vertex -3.4420993328094482 39.79275131225586 -7.899999618530273
    endloop
  endfacet
  facet normal 0.7709208471815212 -0.4013152753709832 -0.494597914608258
    outer loop
      vertex -34.60978698730469 19.93674659729004 -7.899999618530273
      vertex -32.173927307128906 15.002947807312012 -0.09999942779541016
      vertex -36.20068359375 16.880657196044922 -7.899999618530273
    endloop
  endfacet
  facet normal -0.8288963423227549 -0.2613499209561644 -0.49459788970452045
    outer loop
      vertex 37.534175872802734 13.661322593688965 -7.899999618530273
      vertex 38.570220947265625 10.375406265258789 -7.899999618530273
      vertex 33.35908889770508 12.141715049743652 -0.09999942779541016
    endloop
  endfacet
  facet normal -0.18808893203623253 -0.8485250747464144 -0.4945985757885494
    outer loop
      vertex 6.974308490753174 39.327728271484375 -7.899999618530273
      vertex 6.1645097732543945 34.96067428588867 -0.09999942779541016
      vertex 6.93603515625 39.336212158203125 -7.899999618530273
    endloop
  endfacet
  facet normal -0.1881120154850648 -0.8485201634765751 -0.49459822260480596
    outer loop
      vertex 6.1645097732543945 34.96067428588867 -0.09999942779541016
      vertex 6.974308490753174 39.327728271484375 -7.899999618530273
      vertex 9.18807601928711 34.290367126464844 -0.09999942779541016
    endloop
  endfacet
  facet normal 0.1881122774064511 -0.8485201527710814 -0.49459814135346203
    outer loop
      vertex -6.974308490753174 39.327728271484375 -7.899999618530273
      vertex -9.18807601928711 34.290367126464844 -0.09999942779541016
      vertex -10.338018417358398 38.58201217651367 -7.899999618530273
    endloop
  endfacet
  facet normal -0.6407840402284065 -0.5871698584974884 -0.49459819152580764
    outer loop
      vertex 28.270477294921875 28.215089797973633 -7.899999618530273
      vertex 30.598140716552734 25.674888610839844 -7.899999618530273
      vertex 27.194576263427734 22.818958282470703 -0.09999942779541016
    endloop
  endfacet
  facet normal -0.8288784501921451 -0.26140835522333644 -0.4945969941543293
    outer loop
      vertex 34.290367126464844 9.18807601928711 -0.09999942779541016
      vertex 38.570220947265625 10.375406265258789 -7.899999618530273
      vertex 38.58201217651367 10.338018417358398 -7.899999618530273
    endloop
  endfacet
  facet normal -0.8288963511092414 -0.2613498527499922 -0.4945979110199946
    outer loop
      vertex 38.570220947265625 10.375406265258789 -7.899999618530273
      vertex 34.290367126464844 9.18807601928711 -0.09999942779541016
      vertex 33.35908889770508 12.141715049743652 -0.09999942779541016
    endloop
  endfacet
  facet normal -0.03791114325316125 -0.8682944995766102 -0.4945982280823926
    outer loop
      vertex 0 39.94303894042969 -7.899999618530273
      vertex 3.4420993328094482 39.79275131225586 -7.899999618530273
      vertex 0 35.5 -0.09999942779541016
    endloop
  endfacet
  facet normal 0.46701311443258975 -0.7329957737753088 -0.4945866421321032
    outer loop
      vertex -19.971519470214844 34.5916862487793 -7.899999618530273
      vertex -20.361963272094727 29.079896926879883 -0.09999942779541016
      vertex -20.004581451416016 34.570621490478516 -7.899999618530273
    endloop
  endfacet
  facet normal 0.46697858488917543 -0.7330098802493756 -0.4945983387676299
    outer loop
      vertex -20.361963272094727 29.079896926879883 -0.09999942779541016
      vertex -19.971519470214844 34.5916862487793 -7.899999618530273
      vertex -17.75 30.743900299072266 -0.09999942779541016
    endloop
  endfacet
  facet normal -0.689521355489018 -0.5290869127853915 -0.49459815915934285
    outer loop
      vertex 30.622005462646484 25.643787384033203 -7.899999618530273
      vertex 27.194576263427734 22.818958282470703 -0.09999942779541016
      vertex 30.598140716552734 25.674888610839844 -7.899999618530273
    endloop
  endfacet
  facet normal -0.6895203707621872 -0.5290881737159953 -0.4945981831121591
    outer loop
      vertex 27.194576263427734 22.818958282470703 -0.09999942779541016
      vertex 30.622005462646484 25.643787384033203 -7.899999618530273
      vertex 29.079896926879883 20.361963272094727 -0.09999942779541016
    endloop
  endfacet
  facet normal 0.8288963511092414 -0.2613498527499922 -0.4945979110199946
    outer loop
      vertex -34.290367126464844 9.18807601928711 -0.09999942779541016
      vertex -38.570220947265625 10.375406265258789 -7.899999618530273
      vertex -33.35908889770508 12.141715049743652 -0.09999942779541016
    endloop
  endfacet
  facet normal 0.8288784501921451 -0.26140835522333644 -0.4945969941543293
    outer loop
      vertex -38.570220947265625 10.375406265258789 -7.899999618530273
      vertex -34.290367126464844 9.18807601928711 -0.09999942779541016
      vertex -38.58201217651367 10.338018417358398 -7.899999618530273
    endloop
  endfacet
  facet normal 0.3325992252098075 -0.8029636794252302 -0.494597902253671
    outer loop
      vertex -13.697541236877441 37.5191764831543 -7.899999618530273
      vertex -15.002947807312012 32.173927307128906 -0.09999942779541016
      vertex -16.880657196044922 36.20068359375 -7.899999618530273
    endloop
  endfacet
  facet normal -0.46697858488917543 -0.7330098802493756 -0.4945983387676299
    outer loop
      vertex 19.971519470214844 34.5916862487793 -7.899999618530273
      vertex 20.361963272094727 29.079896926879883 -0.09999942779541016
      vertex 17.75 30.743900299072266 -0.09999942779541016
    endloop
  endfacet
  facet normal -0.46701311443258975 -0.7329957737753088 -0.4945866421321032
    outer loop
      vertex 20.361963272094727 29.079896926879883 -0.09999942779541016
      vertex 19.971519470214844 34.5916862487793 -7.899999618530273
      vertex 20.004581451416016 34.570621490478516 -7.899999618530273
    endloop
  endfacet
  facet normal -0.8029765693694358 0.33254029920065525 -0.4946165974279781
    outer loop
      vertex 32.173927307128906 -15.002947807312012 -0.09999942779541016
      vertex 37.534175872802734 -13.661322593688965 -7.899999618530273
      vertex 37.5191764831543 -13.697541236877441 -7.899999618530273
    endloop
  endfacet
  facet normal -0.8029639428963025 0.3325986049967695 -0.49459789158732403
    outer loop
      vertex 37.534175872802734 -13.661322593688965 -7.899999618530273
      vertex 32.173927307128906 -15.002947807312012 -0.09999942779541016
      vertex 33.35908889770508 -12.141715049743652 -0.09999942779541016
    endloop
  endfacet
  facet normal 0.3325992252098075 0.8029636794252302 -0.494597902253671
    outer loop
      vertex -15.002947807312012 -32.173927307128906 -0.09999942779541016
      vertex -13.697541236877441 -37.5191764831543 -7.899999618530273
      vertex -16.880657196044922 -36.20068359375 -7.899999618530273
    endloop
  endfacet
  facet normal 0.8288963423227549 -0.2613499209561644 -0.49459788970452045
    outer loop
      vertex -37.534175872802734 13.661322593688965 -7.899999618530273
      vertex -33.35908889770508 12.141715049743652 -0.09999942779541016
      vertex -38.570220947265625 10.375406265258789 -7.899999618530273
    endloop
  endfacet
  facet normal -0.1881120154850648 0.8485201634765751 -0.49459822260480596
    outer loop
      vertex 6.974308490753174 -39.327728271484375 -7.899999618530273
      vertex 6.1645097732543945 -34.96067428588867 -0.09999942779541016
      vertex 9.18807601928711 -34.290367126464844 -0.09999942779541016
    endloop
  endfacet
  facet normal -0.18808893203623253 0.8485250747464144 -0.4945985757885494
    outer loop
      vertex 6.1645097732543945 -34.96067428588867 -0.09999942779541016
      vertex 6.974308490753174 -39.327728271484375 -7.899999618530273
      vertex 6.93603515625 -39.336212158203125 -7.899999618530273
    endloop
  endfacet
  facet normal 0.5871696046374777 0.6407843729780811 -0.49459806180064597
    outer loop
      vertex -28.215089797973633 -28.270477294921875 -7.899999618530273
      vertex -25.102291107177734 -25.102291107177734 -0.09999942779541016
      vertex -22.818958282470703 -27.194576263427734 -0.09999942779541016
    endloop
  endfacet
  facet normal 0.58714550282176 0.6408068382975118 -0.49459756823839035
    outer loop
      vertex -25.102291107177734 -25.102291107177734 -0.09999942779541016
      vertex -28.215089797973633 -28.270477294921875 -7.899999618530273
      vertex -28.243993759155273 -28.243993759155273 -7.899999618530273
    endloop
  endfacet
  facet normal 0.46697858488917543 0.7330098802493756 -0.4945983387676299
    outer loop
      vertex -19.971519470214844 -34.5916862487793 -7.899999618530273
      vertex -20.361963272094727 -29.079896926879883 -0.09999942779541016
      vertex -17.75 -30.743900299072266 -0.09999942779541016
    endloop
  endfacet
  facet normal 0.46701311443258975 0.7329957737753088 -0.4945866421321032
    outer loop
      vertex -20.361963272094727 -29.079896926879883 -0.09999942779541016
      vertex -19.971519470214844 -34.5916862487793 -7.899999618530273
      vertex -20.004581451416016 -34.570621490478516 -7.899999618530273
    endloop
  endfacet
  facet normal 0.4013152753709832 0.7709208471815212 -0.494597914608258
    outer loop
      vertex -15.002947807312012 -32.173927307128906 -0.09999942779541016
      vertex -16.880657196044922 -36.20068359375 -7.899999618530273
      vertex -19.93674659729004 -34.60978698730469 -7.899999618530273
    endloop
  endfacet
  facet normal -0.1881122774064511 -0.8485201527710814 -0.49459814135346203
    outer loop
      vertex 10.338018417358398 38.58201217651367 -7.899999618530273
      vertex 9.18807601928711 34.290367126464844 -0.09999942779541016
      vertex 6.974308490753174 39.327728271484375 -7.899999618530273
    endloop
  endfacet
  facet normal -0.2613498527499922 0.8288963511092414 -0.4945979110199946
    outer loop
      vertex 10.375406265258789 -38.570220947265625 -7.899999618530273
      vertex 9.18807601928711 -34.290367126464844 -0.09999942779541016
      vertex 12.141715049743652 -33.35908889770508 -0.09999942779541016
    endloop
  endfacet
  facet normal -0.26140835522333644 0.8288784501921451 -0.4945969941543293
    outer loop
      vertex 9.18807601928711 -34.290367126464844 -0.09999942779541016
      vertex 10.375406265258789 -38.570220947265625 -7.899999618530273
      vertex 10.338018417358398 -38.58201217651367 -7.899999618530273
    endloop
  endfacet
  facet normal -0.8029636794252302 0.3325992252098075 -0.494597902253671
    outer loop
      vertex 37.5191764831543 -13.697541236877441 -7.899999618530273
      vertex 36.20068359375 -16.880657196044922 -7.899999618530273
      vertex 32.173927307128906 -15.002947807312012 -0.09999942779541016
    endloop
  endfacet
  facet normal -0.6408068382975118 -0.58714550282176 -0.49459756823839035
    outer loop
      vertex 28.270477294921875 28.215089797973633 -7.899999618530273
      vertex 25.102291107177734 25.102291107177734 -0.09999942779541016
      vertex 28.243993759155273 28.243993759155273 -7.899999618530273
    endloop
  endfacet
  facet normal -0.6407843729780811 -0.5871696046374777 -0.4945980618006459
    outer loop
      vertex 25.102291107177734 25.102291107177734 -0.09999942779541016
      vertex 28.270477294921875 28.215089797973633 -7.899999618530273
      vertex 27.194576263427734 22.818958282470703 -0.09999942779541016
    endloop
  endfacet
  facet normal -0.4013005770781882 0.7709284321087934 -0.49459801799339087
    outer loop
      vertex 19.93674659729004 -34.60978698730469 -7.899999618530273
      vertex 17.75 -30.743900299072266 -0.09999942779541016
      vertex 19.971519470214844 -34.5916862487793 -7.899999618530273
    endloop
  endfacet
  facet normal -0.40131621685927416 0.7709201205805841 -0.49459828322566757
    outer loop
      vertex 17.75 -30.743900299072266 -0.09999942779541016
      vertex 19.93674659729004 -34.60978698730469 -7.899999618530273
      vertex 15.002947807312012 -32.173927307128906 -0.09999942779541016
    endloop
  endfacet
  facet normal -0.7329957737753088 -0.46701311443258975 -0.4945866421321032
    outer loop
      vertex 34.5916862487793 19.971519470214844 -7.899999618530273
      vertex 29.079896926879883 20.361963272094727 -0.09999942779541016
      vertex 34.570621490478516 20.004581451416016 -7.899999618530273
    endloop
  endfacet
  facet normal -0.7330098802493756 -0.46697858488917543 -0.4945983387676299
    outer loop
      vertex 29.079896926879883 20.361963272094727 -0.09999942779541016
      vertex 34.5916862487793 19.971519470214844 -7.899999618530273
      vertex 30.743900299072266 17.75 -0.09999942779541016
    endloop
  endfacet
  facet normal -0.7709284321087934 -0.4013005770781882 -0.49459801799339087
    outer loop
      vertex 34.60978698730469 19.93674659729004 -7.899999618530273
      vertex 30.743900299072266 17.75 -0.09999942779541016
      vertex 34.5916862487793 19.971519470214844 -7.899999618530273
    endloop
  endfacet
  facet normal -0.7709201205805841 -0.40131621685927416 -0.49459828322566757
    outer loop
      vertex 30.743900299072266 17.75 -0.09999942779541016
      vertex 34.60978698730469 19.93674659729004 -7.899999618530273
      vertex 32.173927307128906 15.002947807312012 -0.09999942779541016
    endloop
  endfacet
  facet normal -0.2613499209561644 0.8288963423227549 -0.49459788970452045
    outer loop
      vertex 12.141715049743652 -33.35908889770508 -0.09999942779541016
      vertex 13.661322593688965 -37.534175872802734 -7.899999618530273
      vertex 10.375406265258789 -38.570220947265625 -7.899999618530273
    endloop
  endfacet
  facet normal -0.11344375093574587 -0.8616862525913979 -0.4945981373485167
    outer loop
      vertex 6.93603515625 39.336212158203125 -7.899999618530273
      vertex 6.1645097732543945 34.96067428588867 -0.09999942779541016
      vertex 3.5201313495635986 39.785926818847656 -7.899999618530273
    endloop
  endfacet
  facet normal -0.03791114325316125 0.8682944995766102 -0.4945982280823926
    outer loop
      vertex 0 -35.5 -0.09999942779541016
      vertex 3.4420993328094482 -39.79275131225586 -7.899999618530273
      vertex 0 -39.94303894042969 -7.899999618530273
    endloop
  endfacet
  facet normal -0.6895203271798592 -0.5290882134292558 -0.4945982013877711
    outer loop
      vertex 30.622005462646484 25.643787384033203 -7.899999618530273
      vertex 32.71942138671875 22.910385131835938 -7.899999618530273
      vertex 29.079896926879883 20.361963272094727 -0.09999942779541016
    endloop
  endfacet
  facet normal 0.6895203707621872 0.5290881737159953 -0.4945981831121591
    outer loop
      vertex -27.194576263427734 -22.818958282470703 -0.09999942779541016
      vertex -30.622005462646484 -25.643787384033203 -7.899999618530273
      vertex -29.079896926879883 -20.361963272094727 -0.09999942779541016
    endloop
  endfacet
  facet normal 0.689521355489018 0.5290869127853915 -0.49459815915934285
    outer loop
      vertex -30.622005462646484 -25.643787384033203 -7.899999618530273
      vertex -27.194576263427734 -22.818958282470703 -0.09999942779541016
      vertex -30.598140716552734 -25.674888610839844 -7.899999618530273
    endloop
  endfacet
  facet normal 0.4013152753709832 -0.7709208471815212 -0.494597914608258
    outer loop
      vertex -16.880657196044922 36.20068359375 -7.899999618530273
      vertex -15.002947807312012 32.173927307128906 -0.09999942779541016
      vertex -19.93674659729004 34.60978698730469 -7.899999618530273
    endloop
  endfacet
  facet normal -0.3325992252098075 0.8029636794252302 -0.494597902253671
    outer loop
      vertex 15.002947807312012 -32.173927307128906 -0.09999942779541016
      vertex 16.880657196044922 -36.20068359375 -7.899999618530273
      vertex 13.697541236877441 -37.5191764831543 -7.899999618530273
    endloop
  endfacet
  facet normal -0.8029765693694358 -0.33254029920065525 -0.4946165974279781
    outer loop
      vertex 37.534175872802734 13.661322593688965 -7.899999618530273
      vertex 32.173927307128906 15.002947807312012 -0.09999942779541016
      vertex 37.5191764831543 13.697541236877441 -7.899999618530273
    endloop
  endfacet
  facet normal -0.8029639428963025 -0.3325986049967695 -0.49459789158732403
    outer loop
      vertex 32.173927307128906 15.002947807312012 -0.09999942779541016
      vertex 37.534175872802734 13.661322593688965 -7.899999618530273
      vertex 33.35908889770508 12.141715049743652 -0.09999942779541016
    endloop
  endfacet
  facet normal 0.7709201205805841 0.40131621685927416 -0.49459828322566757
    outer loop
      vertex -30.743900299072266 -17.75 -0.09999942779541016
      vertex -34.60978698730469 -19.93674659729004 -7.899999618530273
      vertex -32.173927307128906 -15.002947807312012 -0.09999942779541016
    endloop
  endfacet
  facet normal 0.7709284321087934 0.4013005770781882 -0.49459801799339087
    outer loop
      vertex -34.60978698730469 -19.93674659729004 -7.899999618530273
      vertex -30.743900299072266 -17.75 -0.09999942779541016
      vertex -34.5916862487793 -19.971519470214844 -7.899999618530273
    endloop
  endfacet
  facet normal 0.8682944995766102 -0.03791114325316125 -0.4945982280823926
    outer loop
      vertex -39.79275131225586 3.4420993328094482 -7.899999618530273
      vertex -35.5 0 -0.09999942779541016
      vertex -39.94303894042969 0 -7.899999618530273
    endloop
  endfacet
  facet normal 0.1881120154850648 -0.8485201634765751 -0.49459822260480596
    outer loop
      vertex -6.974308490753174 39.327728271484375 -7.899999618530273
      vertex -6.1645097732543945 34.96067428588867 -0.09999942779541016
      vertex -9.18807601928711 34.290367126464844 -0.09999942779541016
    endloop
  endfacet
  facet normal 0.18808893203623253 -0.8485250747464144 -0.4945985757885494
    outer loop
      vertex -6.1645097732543945 34.96067428588867 -0.09999942779541016
      vertex -6.974308490753174 39.327728271484375 -7.899999618530273
      vertex -6.93603515625 39.336212158203125 -7.899999618530273
    endloop
  endfacet
  facet normal -0.8616862525913979 0.11344375093574587 -0.4945981373485167
    outer loop
      vertex 39.785926818847656 -3.5201313495635986 -7.899999618530273
      vertex 39.336212158203125 -6.93603515625 -7.899999618530273
      vertex 34.96067428588867 -6.1645097732543945 -0.09999942779541016
    endloop
  endfacet
  facet normal -0.8616900236492334 -0.11341198102943169 -0.4945988533168707
    outer loop
      vertex 35.36491012573242 3.0940284729003906 -0.09999942779541016
      vertex 39.785926818847656 3.5201313495635986 -7.899999618530273
      vertex 39.79104232788086 3.481264352798462 -7.899999618530273
    endloop
  endfacet
  facet normal -0.8616862153021625 -0.11344294814115716 -0.4945983864462942
    outer loop
      vertex 39.785926818847656 3.5201313495635986 -7.899999618530273
      vertex 35.36491012573242 3.0940284729003906 -0.09999942779541016
      vertex 34.96067428588867 6.1645097732543945 -0.09999942779541016
    endloop
  endfacet
  facet normal 0.2613499209561644 -0.8288963423227549 -0.49459788970452045
    outer loop
      vertex -10.375406265258789 38.570220947265625 -7.899999618530273
      vertex -12.141715049743652 33.35908889770508 -0.09999942779541016
      vertex -13.661322593688965 37.534175872802734 -7.899999618530273
    endloop
  endfacet
  facet normal -0.03788849812987058 0.8682957014221317 -0.4945978534135699
    outer loop
      vertex 3.4420993328094482 -39.79275131225586 -7.899999618530273
      vertex 3.0940284729003906 -35.36491012573242 -0.09999942779541016
      vertex 3.481264352798462 -39.79104232788086 -7.899999618530273
    endloop
  endfacet
  facet normal -0.03791102742493555 0.8682945255935435 -0.49459819128649174
    outer loop
      vertex 3.0940284729003906 -35.36491012573242 -0.09999942779541016
      vertex 3.4420993328094482 -39.79275131225586 -7.899999618530273
      vertex 0 -35.5 -0.09999942779541016
    endloop
  endfacet
  facet normal -0.5290882134292558 -0.6895203271798592 -0.4945982013877711
    outer loop
      vertex 22.910385131835938 32.71942138671875 -7.899999618530273
      vertex 25.643787384033203 30.622005462646484 -7.899999618530273
      vertex 20.361963272094727 29.079896926879883 -0.09999942779541016
    endloop
  endfacet
  facet normal 0.18808893203623253 0.8485250747464144 -0.4945985757885494
    outer loop
      vertex -6.974308490753174 -39.327728271484375 -7.899999618530273
      vertex -6.1645097732543945 -34.96067428588867 -0.09999942779541016
      vertex -6.93603515625 -39.336212158203125 -7.899999618530273
    endloop
  endfacet
  facet normal 0.1881120154850648 0.8485201634765751 -0.49459822260480596
    outer loop
      vertex -6.1645097732543945 -34.96067428588867 -0.09999942779541016
      vertex -6.974308490753174 -39.327728271484375 -7.899999618530273
      vertex -9.18807601928711 -34.290367126464844 -0.09999942779541016
    endloop
  endfacet
  facet normal -0.3325986049967695 -0.8029639428963025 -0.49459789158732403
    outer loop
      vertex 13.661322593688965 37.534175872802734 -7.899999618530273
      vertex 15.002947807312012 32.173927307128906 -0.09999942779541016
      vertex 12.141715049743652 33.35908889770508 -0.09999942779541016
    endloop
  endfacet
  facet normal -0.3325402992006552 -0.8029765693694356 -0.49461659742797803
    outer loop
      vertex 15.002947807312012 32.173927307128906 -0.09999942779541016
      vertex 13.661322593688965 37.534175872802734 -7.899999618530273
      vertex 13.697541236877441 37.5191764831543 -7.899999618530273
    endloop
  endfacet
  facet normal 0.6895203271798592 0.5290882134292558 -0.4945982013877711
    outer loop
      vertex -29.079896926879883 -20.361963272094727 -0.09999942779541016
      vertex -30.622005462646484 -25.643787384033203 -7.899999618530273
      vertex -32.71942138671875 -22.910385131835938 -7.899999618530273
    endloop
  endfacet
  facet normal -0.7709208471815212 -0.4013152753709832 -0.494597914608258
    outer loop
      vertex 34.60978698730469 19.93674659729004 -7.899999618530273
      vertex 36.20068359375 16.880657196044922 -7.899999618530273
      vertex 32.173927307128906 15.002947807312012 -0.09999942779541016
    endloop
  endfacet
  facet normal -0.7709201205805841 0.40131621685927416 -0.49459828322566757
    outer loop
      vertex 34.60978698730469 -19.93674659729004 -7.899999618530273
      vertex 30.743900299072266 -17.75 -0.09999942779541016
      vertex 32.173927307128906 -15.002947807312012 -0.09999942779541016
    endloop
  endfacet
  facet normal -0.7709284321087934 0.4013005770781882 -0.49459801799339087
    outer loop
      vertex 30.743900299072266 -17.75 -0.09999942779541016
      vertex 34.60978698730469 -19.93674659729004 -7.899999618530273
      vertex 34.5916862487793 -19.971519470214844 -7.899999618530273
    endloop
  endfacet
  facet normal -0.1881122774064511 0.8485201527710814 -0.49459814135346203
    outer loop
      vertex 9.18807601928711 -34.290367126464844 -0.09999942779541016
      vertex 10.338018417358398 -38.58201217651367 -7.899999618530273
      vertex 6.974308490753174 -39.327728271484375 -7.899999618530273
    endloop
  endfacet
  facet normal -0.8485250747464144 0.18808893203623253 -0.4945985757885494
    outer loop
      vertex 39.327728271484375 -6.974308490753174 -7.899999618530273
      vertex 34.96067428588867 -6.1645097732543945 -0.09999942779541016
      vertex 39.336212158203125 -6.93603515625 -7.899999618530273
    endloop
  endfacet
  facet normal -0.8485201634765751 0.1881120154850648 -0.49459822260480596
    outer loop
      vertex 34.96067428588867 -6.1645097732543945 -0.09999942779541016
      vertex 39.327728271484375 -6.974308490753174 -7.899999618530273
      vertex 34.290367126464844 -9.18807601928711 -0.09999942779541016
    endloop
  endfacet
  facet normal 0.6407840402284065 -0.5871698584974884 -0.49459819152580764
    outer loop
      vertex -28.270477294921875 28.215089797973633 -7.899999618530273
      vertex -27.194576263427734 22.818958282470703 -0.09999942779541016
      vertex -30.598140716552734 25.674888610839844 -7.899999618530273
    endloop
  endfacet
  facet normal -0.8485201527710814 0.1881122774064511 -0.49459814135346203
    outer loop
      vertex 39.327728271484375 -6.974308490753174 -7.899999618530273
      vertex 38.58201217651367 -10.338018417358398 -7.899999618530273
      vertex 34.290367126464844 -9.18807601928711 -0.09999942779541016
    endloop
  endfacet
  facet normal 0.6407840402284065 0.5871698584974884 -0.49459819152580764
    outer loop
      vertex -27.194576263427734 -22.818958282470703 -0.09999942779541016
      vertex -28.270477294921875 -28.215089797973633 -7.899999618530273
      vertex -30.598140716552734 -25.674888610839844 -7.899999618530273
    endloop
  endfacet
  facet normal 0.8485201634765751 -0.1881120154850648 -0.49459822260480596
    outer loop
      vertex -34.96067428588867 6.1645097732543945 -0.09999942779541016
      vertex -39.327728271484375 6.974308490753174 -7.899999618530273
      vertex -34.290367126464844 9.18807601928711 -0.09999942779541016
    endloop
  endfacet
  facet normal 0.8485250747464144 -0.18808893203623253 -0.4945985757885494
    outer loop
      vertex -39.327728271484375 6.974308490753174 -7.899999618530273
      vertex -34.96067428588867 6.1645097732543945 -0.09999942779541016
      vertex -39.336212158203125 6.93603515625 -7.899999618530273
    endloop
  endfacet
  facet normal 0.8682957014221317 -0.03788849812987058 -0.4945978534135699
    outer loop
      vertex -35.36491012573242 3.0940284729003906 -0.09999942779541016
      vertex -39.79275131225586 3.4420993328094482 -7.899999618530273
      vertex -39.79104232788086 3.481264352798462 -7.899999618530273
    endloop
  endfacet
  facet normal 0.8682945255935435 -0.03791102742493555 -0.49459819128649174
    outer loop
      vertex -39.79275131225586 3.4420993328094482 -7.899999618530273
      vertex -35.36491012573242 3.0940284729003906 -0.09999942779541016
      vertex -35.5 0 -0.09999942779541016
    endloop
  endfacet
  facet normal -0.6895203707621872 0.5290881737159953 -0.4945981831121591
    outer loop
      vertex 30.622005462646484 -25.643787384033203 -7.899999618530273
      vertex 27.194576263427734 -22.818958282470703 -0.09999942779541016
      vertex 29.079896926879883 -20.361963272094727 -0.09999942779541016
    endloop
  endfacet
  facet normal -0.689521355489018 0.5290869127853915 -0.49459815915934285
    outer loop
      vertex 27.194576263427734 -22.818958282470703 -0.09999942779541016
      vertex 30.622005462646484 -25.643787384033203 -7.899999618530273
      vertex 30.598140716552734 -25.674888610839844 -7.899999618530273
    endloop
  endfacet
  facet normal 0.6895203271798592 -0.5290882134292558 -0.4945982013877711
    outer loop
      vertex -30.622005462646484 25.643787384033203 -7.899999618530273
      vertex -29.079896926879883 20.361963272094727 -0.09999942779541016
      vertex -32.71942138671875 22.910385131835938 -7.899999618530273
    endloop
  endfacet
  facet normal 0.8682944995766102 0.03791114325316125 -0.4945982280823926
    outer loop
      vertex -35.5 0 -0.09999942779541016
      vertex -39.79275131225586 -3.4420993328094482 -7.899999618530273
      vertex -39.94303894042969 0 -7.899999618530273
    endloop
  endfacet
  facet normal -0.3325992252098075 -0.8029636794252302 -0.494597902253671
    outer loop
      vertex 16.880657196044922 36.20068359375 -7.899999618530273
      vertex 15.002947807312012 32.173927307128906 -0.09999942779541016
      vertex 13.697541236877441 37.5191764831543 -7.899999618530273
    endloop
  endfacet
  facet normal 0.7330099610522848 -0.46697859359887545 -0.49459821079189553
    outer loop
      vertex -32.71942138671875 22.910385131835938 -7.899999618530273
      vertex -29.079896926879883 20.361963272094727 -0.09999942779541016
      vertex -34.570621490478516 20.004581451416016 -7.899999618530273
    endloop
  endfacet
  facet normal 0.03791114325316125 0.8682944995766102 -0.4945982280823926
    outer loop
      vertex 0 -35.5 -0.09999942779541016
      vertex 0 -39.94303894042969 -7.899999618530273
      vertex -3.4420993328094482 -39.79275131225586 -7.899999618530273
    endloop
  endfacet
  facet normal 0.6408068382975118 -0.58714550282176 -0.49459756823839035
    outer loop
      vertex -25.102291107177734 25.102291107177734 -0.09999942779541016
      vertex -28.270477294921875 28.215089797973633 -7.899999618530273
      vertex -28.243993759155273 28.243993759155273 -7.899999618530273
    endloop
  endfacet
  facet normal 0.6407843729780811 -0.5871696046374777 -0.4945980618006459
    outer loop
      vertex -28.270477294921875 28.215089797973633 -7.899999618530273
      vertex -25.102291107177734 25.102291107177734 -0.09999942779541016
      vertex -27.194576263427734 22.818958282470703 -0.09999942779541016
    endloop
  endfacet
  facet normal 0.5290881737159953 0.6895203707621872 -0.4945981831121591
    outer loop
      vertex -25.643787384033203 -30.622005462646484 -7.899999618530273
      vertex -22.818958282470703 -27.194576263427734 -0.09999942779541016
      vertex -20.361963272094727 -29.079896926879883 -0.09999942779541016
    endloop
  endfacet
  facet normal 0.5290869127853915 0.689521355489018 -0.49459815915934285
    outer loop
      vertex -22.818958282470703 -27.194576263427734 -0.09999942779541016
      vertex -25.643787384033203 -30.622005462646484 -7.899999618530273
      vertex -25.674888610839844 -30.598140716552734 -7.899999618530273
    endloop
  endfacet
  facet normal -0.03791102742493555 -0.8682945255935435 -0.49459819128649174
    outer loop
      vertex 3.4420993328094482 39.79275131225586 -7.899999618530273
      vertex 3.0940284729003906 35.36491012573242 -0.09999942779541016
      vertex 0 35.5 -0.09999942779541016
    endloop
  endfacet
  facet normal -0.03788849812987058 -0.8682957014221317 -0.4945978534135699
    outer loop
      vertex 3.0940284729003906 35.36491012573242 -0.09999942779541016
      vertex 3.4420993328094482 39.79275131225586 -7.899999618530273
      vertex 3.481264352798462 39.79104232788086 -7.899999618530273
    endloop
  endfacet
  facet normal 0.7330099610522848 0.46697859359887545 -0.49459821079189553
    outer loop
      vertex -29.079896926879883 -20.361963272094727 -0.09999942779541016
      vertex -32.71942138671875 -22.910385131835938 -7.899999618530273
      vertex -34.570621490478516 -20.004581451416016 -7.899999618530273
    endloop
  endfacet
  facet normal 0.8029639428963025 0.3325986049967695 -0.49459789158732403
    outer loop
      vertex -32.173927307128906 -15.002947807312012 -0.09999942779541016
      vertex -37.534175872802734 -13.661322593688965 -7.899999618530273
      vertex -33.35908889770508 -12.141715049743652 -0.09999942779541016
    endloop
  endfacet
  facet normal 0.8029765693694358 0.33254029920065525 -0.4946165974279781
    outer loop
      vertex -37.534175872802734 -13.661322593688965 -7.899999618530273
      vertex -32.173927307128906 -15.002947807312012 -0.09999942779541016
      vertex -37.5191764831543 -13.697541236877441 -7.899999618530273
    endloop
  endfacet
  facet normal 0.8029765693694358 -0.33254029920065525 -0.4946165974279781
    outer loop
      vertex -32.173927307128906 15.002947807312012 -0.09999942779541016
      vertex -37.534175872802734 13.661322593688965 -7.899999618530273
      vertex -37.5191764831543 13.697541236877441 -7.899999618530273
    endloop
  endfacet
  facet normal 0.8029639428963025 -0.3325986049967695 -0.49459789158732403
    outer loop
      vertex -37.534175872802734 13.661322593688965 -7.899999618530273
      vertex -32.173927307128906 15.002947807312012 -0.09999942779541016
      vertex -33.35908889770508 12.141715049743652 -0.09999942779541016
    endloop
  endfacet
  facet normal -0.11341198102943169 -0.8616900236492334 -0.4945988533168707
    outer loop
      vertex 3.5201313495635986 39.785926818847656 -7.899999618530273
      vertex 3.0940284729003906 35.36491012573242 -0.09999942779541016
      vertex 3.481264352798462 39.79104232788086 -7.899999618530273
    endloop
  endfacet
  facet normal -0.11344294814115716 -0.8616862153021625 -0.4945983864462942
    outer loop
      vertex 3.0940284729003906 35.36491012573242 -0.09999942779541016
      vertex 3.5201313495635986 39.785926818847656 -7.899999618530273
      vertex 6.1645097732543945 34.96067428588867 -0.09999942779541016
    endloop
  endfacet
  facet normal -0.4013152753709832 0.7709208471815212 -0.494597914608258
    outer loop
      vertex 19.93674659729004 -34.60978698730469 -7.899999618530273
      vertex 16.880657196044922 -36.20068359375 -7.899999618530273
      vertex 15.002947807312012 -32.173927307128906 -0.09999942779541016
    endloop
  endfacet
  facet normal -0.5290882134292558 0.6895203271798592 -0.4945982013877711
    outer loop
      vertex 25.643787384033203 -30.622005462646484 -7.899999618530273
      vertex 22.910385131835938 -32.71942138671875 -7.899999618530273
      vertex 20.361963272094727 -29.079896926879883 -0.09999942779541016
    endloop
  endfacet
  facet normal -0.4013152753709832 -0.7709208471815212 -0.494597914608258
    outer loop
      vertex 16.880657196044922 36.20068359375 -7.899999618530273
      vertex 19.93674659729004 34.60978698730469 -7.899999618530273
      vertex 15.002947807312012 32.173927307128906 -0.09999942779541016
    endloop
  endfacet
  facet normal 0.8485201527710814 -0.1881122774064511 -0.49459814135346203
    outer loop
      vertex -38.58201217651367 10.338018417358398 -7.899999618530273
      vertex -34.290367126464844 9.18807601928711 -0.09999942779541016
      vertex -39.327728271484375 6.974308490753174 -7.899999618530273
    endloop
  endfacet
  facet normal -0.3325402992006552 0.8029765693694356 -0.49461659742797803
    outer loop
      vertex 13.661322593688965 -37.534175872802734 -7.899999618530273
      vertex 15.002947807312012 -32.173927307128906 -0.09999942779541016
      vertex 13.697541236877441 -37.5191764831543 -7.899999618530273
    endloop
  endfacet
  facet normal -0.3325986049967695 0.8029639428963025 -0.49459789158732403
    outer loop
      vertex 15.002947807312012 -32.173927307128906 -0.09999942779541016
      vertex 13.661322593688965 -37.534175872802734 -7.899999618530273
      vertex 12.141715049743652 -33.35908889770508 -0.09999942779541016
    endloop
  endfacet
  facet normal 0.11341198102943169 0.8616900236492334 -0.4945988533168707
    outer loop
      vertex -3.5201313495635986 -39.785926818847656 -7.899999618530273
      vertex -3.0940284729003906 -35.36491012573242 -0.09999942779541016
      vertex -3.481264352798462 -39.79104232788086 -7.899999618530273
    endloop
  endfacet
  facet normal 0.11344294814115716 0.8616862153021625 -0.4945983864462942
    outer loop
      vertex -3.0940284729003906 -35.36491012573242 -0.09999942779541016
      vertex -3.5201313495635986 -39.785926818847656 -7.899999618530273
      vertex -6.1645097732543945 -34.96067428588867 -0.09999942779541016
    endloop
  endfacet
  facet normal -0.8616900236492334 0.11341198102943169 -0.4945988533168707
    outer loop
      vertex 39.785926818847656 -3.5201313495635986 -7.899999618530273
      vertex 35.36491012573242 -3.0940284729003906 -0.09999942779541016
      vertex 39.79104232788086 -3.481264352798462 -7.899999618530273
    endloop
  endfacet
  facet normal -0.8616862153021625 0.11344294814115716 -0.4945983864462942
    outer loop
      vertex 35.36491012573242 -3.0940284729003906 -0.09999942779541016
      vertex 39.785926818847656 -3.5201313495635986 -7.899999618530273
      vertex 34.96067428588867 -6.1645097732543945 -0.09999942779541016
    endloop
  endfacet
  facet normal -0.6407843729780811 0.5871696046374777 -0.4945980618006459
    outer loop
      vertex 28.270477294921875 -28.215089797973633 -7.899999618530273
      vertex 25.102291107177734 -25.102291107177734 -0.09999942779541016
      vertex 27.194576263427734 -22.818958282470703 -0.09999942779541016
    endloop
  endfacet
  facet normal -0.6408068382975118 0.58714550282176 -0.49459756823839035
    outer loop
      vertex 25.102291107177734 -25.102291107177734 -0.09999942779541016
      vertex 28.270477294921875 -28.215089797973633 -7.899999618530273
      vertex 28.243993759155273 -28.243993759155273 -7.899999618530273
    endloop
  endfacet
  facet normal -0.40131621685927416 -0.7709201205805841 -0.49459828322566757
    outer loop
      vertex 19.93674659729004 34.60978698730469 -7.899999618530273
      vertex 17.75 30.743900299072266 -0.09999942779541016
      vertex 15.002947807312012 32.173927307128906 -0.09999942779541016
    endloop
  endfacet
  facet normal -0.4013005770781882 -0.7709284321087934 -0.49459801799339087
    outer loop
      vertex 17.75 30.743900299072266 -0.09999942779541016
      vertex 19.93674659729004 34.60978698730469 -7.899999618530273
      vertex 19.971519470214844 34.5916862487793 -7.899999618530273
    endloop
  endfacet
  facet normal 0.8616862525913979 -0.11344375093574587 -0.4945981373485167
    outer loop
      vertex -39.336212158203125 6.93603515625 -7.899999618530273
      vertex -34.96067428588867 6.1645097732543945 -0.09999942779541016
      vertex -39.785926818847656 3.5201313495635986 -7.899999618530273
    endloop
  endfacet
  facet normal 0.8485201527710814 0.1881122774064511 -0.49459814135346203
    outer loop
      vertex -34.290367126464844 -9.18807601928711 -0.09999942779541016
      vertex -38.58201217651367 -10.338018417358398 -7.899999618530273
      vertex -39.327728271484375 -6.974308490753174 -7.899999618530273
    endloop
  endfacet
  facet normal 0.7709208471815212 0.4013152753709832 -0.494597914608258
    outer loop
      vertex -32.173927307128906 -15.002947807312012 -0.09999942779541016
      vertex -34.60978698730469 -19.93674659729004 -7.899999618530273
      vertex -36.20068359375 -16.880657196044922 -7.899999618530273
    endloop
  endfacet
  facet normal 0.5290882134292558 0.6895203271798592 -0.4945982013877711
    outer loop
      vertex -20.361963272094727 -29.079896926879883 -0.09999942779541016
      vertex -22.910385131835938 -32.71942138671875 -7.899999618530273
      vertex -25.643787384033203 -30.622005462646484 -7.899999618530273
    endloop
  endfacet
  facet normal -0.7329957737753088 0.46701311443258975 -0.4945866421321032
    outer loop
      vertex 29.079896926879883 -20.361963272094727 -0.09999942779541016
      vertex 34.5916862487793 -19.971519470214844 -7.899999618530273
      vertex 34.570621490478516 -20.004581451416016 -7.899999618530273
    endloop
  endfacet
  facet normal -0.7330098802493756 0.46697858488917543 -0.4945983387676299
    outer loop
      vertex 34.5916862487793 -19.971519470214844 -7.899999618530273
      vertex 29.079896926879883 -20.361963272094727 -0.09999942779541016
      vertex 30.743900299072266 -17.75 -0.09999942779541016
    endloop
  endfacet
  facet normal 0.58714550282176 -0.6408068382975118 -0.49459756823839035
    outer loop
      vertex -28.215089797973633 28.270477294921875 -7.899999618530273
      vertex -25.102291107177734 25.102291107177734 -0.09999942779541016
      vertex -28.243993759155273 28.243993759155273 -7.899999618530273
    endloop
  endfacet
  facet normal 0.5871696046374777 -0.6407843729780811 -0.49459806180064597
    outer loop
      vertex -25.102291107177734 25.102291107177734 -0.09999942779541016
      vertex -28.215089797973633 28.270477294921875 -7.899999618530273
      vertex -22.818958282470703 27.194576263427734 -0.09999942779541016
    endloop
  endfacet
  facet normal 0.5871698584974884 -0.6407840402284065 -0.49459819152580764
    outer loop
      vertex -25.674888610839844 30.598140716552734 -7.899999618530273
      vertex -22.818958282470703 27.194576263427734 -0.09999942779541016
      vertex -28.215089797973633 28.270477294921875 -7.899999618530273
    endloop
  endfacet
  facet normal 0.6407843729780811 0.5871696046374777 -0.4945980618006459
    outer loop
      vertex -25.102291107177734 -25.102291107177734 -0.09999942779541016
      vertex -28.270477294921875 -28.215089797973633 -7.899999618530273
      vertex -27.194576263427734 -22.818958282470703 -0.09999942779541016
    endloop
  endfacet
  facet normal 0.6408068382975118 0.58714550282176 -0.49459756823839035
    outer loop
      vertex -28.270477294921875 -28.215089797973633 -7.899999618530273
      vertex -25.102291107177734 -25.102291107177734 -0.09999942779541016
      vertex -28.243993759155273 -28.243993759155273 -7.899999618530273
    endloop
  endfacet
  facet normal 0.46697859359887545 -0.7330099610522848 -0.49459821079189553
    outer loop
      vertex -20.004581451416016 34.570621490478516 -7.899999618530273
      vertex -20.361963272094727 29.079896926879883 -0.09999942779541016
      vertex -22.910385131835938 32.71942138671875 -7.899999618530273
    endloop
  endfacet
  facet normal -0.6895203271798592 0.5290882134292558 -0.4945982013877711
    outer loop
      vertex 32.71942138671875 -22.910385131835938 -7.899999618530273
      vertex 30.622005462646484 -25.643787384033203 -7.899999618530273
      vertex 29.079896926879883 -20.361963272094727 -0.09999942779541016
    endloop
  endfacet
  facet normal 0.3325402992006552 -0.8029765693694356 -0.49461659742797803
    outer loop
      vertex -13.661322593688965 37.534175872802734 -7.899999618530273
      vertex -15.002947807312012 32.173927307128906 -0.09999942779541016
      vertex -13.697541236877441 37.5191764831543 -7.899999618530273
    endloop
  endfacet
  facet normal 0.3325986049967695 -0.8029639428963025 -0.49459789158732403
    outer loop
      vertex -15.002947807312012 32.173927307128906 -0.09999942779541016
      vertex -13.661322593688965 37.534175872802734 -7.899999618530273
      vertex -12.141715049743652 33.35908889770508 -0.09999942779541016
    endloop
  endfacet
  facet normal 0.8616862525913979 0.11344375093574587 -0.4945981373485167
    outer loop
      vertex -34.96067428588867 -6.1645097732543945 -0.09999942779541016
      vertex -39.336212158203125 -6.93603515625 -7.899999618530273
      vertex -39.785926818847656 -3.5201313495635986 -7.899999618530273
    endloop
  endfacet
  facet normal -0.5871698584974884 -0.6407840402284065 -0.49459819152580764
    outer loop
      vertex 25.674888610839844 30.598140716552734 -7.899999618530273
      vertex 28.215089797973633 28.270477294921875 -7.899999618530273
      vertex 22.818958282470703 27.194576263427734 -0.09999942779541016
    endloop
  endfacet
  facet normal 0.11344375093574587 0.8616862525913979 -0.4945981373485167
    outer loop
      vertex -6.1645097732543945 -34.96067428588867 -0.09999942779541016
      vertex -3.5201313495635986 -39.785926818847656 -7.899999618530273
      vertex -6.93603515625 -39.336212158203125 -7.899999618530273
    endloop
  endfacet
  facet normal 0.2613499209561644 0.8288963423227549 -0.49459788970452045
    outer loop
      vertex -12.141715049743652 -33.35908889770508 -0.09999942779541016
      vertex -10.375406265258789 -38.570220947265625 -7.899999618530273
      vertex -13.661322593688965 -37.534175872802734 -7.899999618530273
    endloop
  endfacet
  facet normal 0.8288963423227549 0.2613499209561644 -0.49459788970452045
    outer loop
      vertex -33.35908889770508 -12.141715049743652 -0.09999942779541016
      vertex -37.534175872802734 -13.661322593688965 -7.899999618530273
      vertex -38.570220947265625 -10.375406265258789 -7.899999618530273
    endloop
  endfacet
  facet normal 0.8288784501921451 0.26140835522333644 -0.4945969941543293
    outer loop
      vertex -34.290367126464844 -9.18807601928711 -0.09999942779541016
      vertex -38.570220947265625 -10.375406265258789 -7.899999618530273
      vertex -38.58201217651367 -10.338018417358398 -7.899999618530273
    endloop
  endfacet
  facet normal 0.8288963511092414 0.2613498527499922 -0.4945979110199946
    outer loop
      vertex -38.570220947265625 -10.375406265258789 -7.899999618530273
      vertex -34.290367126464844 -9.18807601928711 -0.09999942779541016
      vertex -33.35908889770508 -12.141715049743652 -0.09999942779541016
    endloop
  endfacet
  facet normal -0.8682945255935435 0.03791102742493555 -0.49459819128649174
    outer loop
      vertex 39.79275131225586 -3.4420993328094482 -7.899999618530273
      vertex 35.36491012573242 -3.0940284729003906 -0.09999942779541016
      vertex 35.5 0 -0.09999942779541016
    endloop
  endfacet
  facet normal -0.8682957014221317 0.03788849812987058 -0.4945978534135699
    outer loop
      vertex 35.36491012573242 -3.0940284729003906 -0.09999942779541016
      vertex 39.79275131225586 -3.4420993328094482 -7.899999618530273
      vertex 39.79104232788086 -3.481264352798462 -7.899999618530273
    endloop
  endfacet
  facet normal 0.689521355489018 -0.5290869127853915 -0.49459815915934285
    outer loop
      vertex -27.194576263427734 22.818958282470703 -0.09999942779541016
      vertex -30.622005462646484 25.643787384033203 -7.899999618530273
      vertex -30.598140716552734 25.674888610839844 -7.899999618530273
    endloop
  endfacet
  facet normal 0.6895203707621872 -0.5290881737159953 -0.4945981831121591
    outer loop
      vertex -30.622005462646484 25.643787384033203 -7.899999618530273
      vertex -27.194576263427734 22.818958282470703 -0.09999942779541016
      vertex -29.079896926879883 20.361963272094727 -0.09999942779541016
    endloop
  endfacet
  facet normal 0.5290882134292558 -0.6895203271798592 -0.4945982013877711
    outer loop
      vertex -22.910385131835938 32.71942138671875 -7.899999618530273
      vertex -20.361963272094727 29.079896926879883 -0.09999942779541016
      vertex -25.643787384033203 30.622005462646484 -7.899999618530273
    endloop
  endfacet
  facet normal 0.40131621685927416 0.7709201205805841 -0.49459828322566757
    outer loop
      vertex -19.93674659729004 -34.60978698730469 -7.899999618530273
      vertex -17.75 -30.743900299072266 -0.09999942779541016
      vertex -15.002947807312012 -32.173927307128906 -0.09999942779541016
    endloop
  endfacet
  facet normal 0.4013005770781882 0.7709284321087934 -0.49459801799339087
    outer loop
      vertex -17.75 -30.743900299072266 -0.09999942779541016
      vertex -19.93674659729004 -34.60978698730469 -7.899999618530273
      vertex -19.971519470214844 -34.5916862487793 -7.899999618530273
    endloop
  endfacet
  facet normal -0.7330099610522848 0.46697859359887545 -0.49459821079189553
    outer loop
      vertex 34.570621490478516 -20.004581451416016 -7.899999618530273
      vertex 32.71942138671875 -22.910385131835938 -7.899999618530273
      vertex 29.079896926879883 -20.361963272094727 -0.09999942779541016
    endloop
  endfacet
  facet normal 0.46697859359887545 0.7330099610522848 -0.49459821079189553
    outer loop
      vertex -20.361963272094727 -29.079896926879883 -0.09999942779541016
      vertex -20.004581451416016 -34.570621490478516 -7.899999618530273
      vertex -22.910385131835938 -32.71942138671875 -7.899999618530273
    endloop
  endfacet
  facet normal -0.5871698584974884 0.6407840402284065 -0.49459819152580764
    outer loop
      vertex 28.215089797973633 -28.270477294921875 -7.899999618530273
      vertex 25.674888610839844 -30.598140716552734 -7.899999618530273
      vertex 22.818958282470703 -27.194576263427734 -0.09999942779541016
    endloop
  endfacet
  facet normal -0.58714550282176 0.6408068382975118 -0.49459756823839035
    outer loop
      vertex 28.215089797973633 -28.270477294921875 -7.899999618530273
      vertex 25.102291107177734 -25.102291107177734 -0.09999942779541016
      vertex 28.243993759155273 -28.243993759155273 -7.899999618530273
    endloop
  endfacet
  facet normal -0.5871696046374777 0.6407843729780811 -0.49459806180064597
    outer loop
      vertex 25.102291107177734 -25.102291107177734 -0.09999942779541016
      vertex 28.215089797973633 -28.270477294921875 -7.899999618530273
      vertex 22.818958282470703 -27.194576263427734 -0.09999942779541016
    endloop
  endfacet
  facet normal -0.5290881737159953 -0.6895203707621872 -0.4945981831121591
    outer loop
      vertex 25.643787384033203 30.622005462646484 -7.899999618530273
      vertex 22.818958282470703 27.194576263427734 -0.09999942779541016
      vertex 20.361963272094727 29.079896926879883 -0.09999942779541016
    endloop
  endfacet
  facet normal -0.5290869127853915 -0.689521355489018 -0.49459815915934285
    outer loop
      vertex 22.818958282470703 27.194576263427734 -0.09999942779541016
      vertex 25.643787384033203 30.622005462646484 -7.899999618530273
      vertex 25.674888610839844 30.598140716552734 -7.899999618530273
    endloop
  endfacet
  facet normal -0.5871696046374777 -0.6407843729780811 -0.49459806180064597
    outer loop
      vertex 28.215089797973633 28.270477294921875 -7.899999618530273
      vertex 25.102291107177734 25.102291107177734 -0.09999942779541016
      vertex 22.818958282470703 27.194576263427734 -0.09999942779541016
    endloop
  endfacet
  facet normal -0.58714550282176 -0.6408068382975118 -0.49459756823839035
    outer loop
      vertex 25.102291107177734 25.102291107177734 -0.09999942779541016
      vertex 28.215089797973633 28.270477294921875 -7.899999618530273
      vertex 28.243993759155273 28.243993759155273 -7.899999618530273
    endloop
  endfacet
  facet normal 0.8029636794252302 -0.3325992252098075 -0.494597902253671
    outer loop
      vertex -36.20068359375 16.880657196044922 -7.899999618530273
      vertex -32.173927307128906 15.002947807312012 -0.09999942779541016
      vertex -37.5191764831543 13.697541236877441 -7.899999618530273
    endloop
  endfacet
  facet normal 0.03791102742493555 0.8682945255935435 -0.49459819128649174
    outer loop
      vertex -3.4420993328094482 -39.79275131225586 -7.899999618530273
      vertex -3.0940284729003906 -35.36491012573242 -0.09999942779541016
      vertex 0 -35.5 -0.09999942779541016
    endloop
  endfacet
  facet normal 0.03788849812987058 0.8682957014221317 -0.4945978534135699
    outer loop
      vertex -3.0940284729003906 -35.36491012573242 -0.09999942779541016
      vertex -3.4420993328094482 -39.79275131225586 -7.899999618530273
      vertex -3.481264352798462 -39.79104232788086 -7.899999618530273
    endloop
  endfacet
  facet normal 0.8616862153021625 -0.11344294814115716 -0.4945983864462942
    outer loop
      vertex -35.36491012573242 3.0940284729003906 -0.09999942779541016
      vertex -39.785926818847656 3.5201313495635986 -7.899999618530273
      vertex -34.96067428588867 6.1645097732543945 -0.09999942779541016
    endloop
  endfacet
  facet normal 0.8616900236492334 -0.11341198102943169 -0.4945988533168707
    outer loop
      vertex -39.785926818847656 3.5201313495635986 -7.899999618530273
      vertex -35.36491012573242 3.0940284729003906 -0.09999942779541016
      vertex -39.79104232788086 3.481264352798462 -7.899999618530273
    endloop
  endfacet
  facet normal -0.46697859359887545 0.7330099610522848 -0.49459821079189553
    outer loop
      vertex 20.361963272094727 -29.079896926879883 -0.09999942779541016
      vertex 22.910385131835938 -32.71942138671875 -7.899999618530273
      vertex 20.004581451416016 -34.570621490478516 -7.899999618530273
    endloop
  endfacet
  facet normal 0.5871698584974884 0.6407840402284065 -0.49459819152580764
    outer loop
      vertex -22.818958282470703 -27.194576263427734 -0.09999942779541016
      vertex -25.674888610839844 -30.598140716552734 -7.899999618530273
      vertex -28.215089797973633 -28.270477294921875 -7.899999618530273
    endloop
  endfacet
  facet normal 0.11344375093574587 -0.8616862525913979 -0.4945981373485167
    outer loop
      vertex -3.5201313495635986 39.785926818847656 -7.899999618530273
      vertex -6.1645097732543945 34.96067428588867 -0.09999942779541016
      vertex -6.93603515625 39.336212158203125 -7.899999618530273
    endloop
  endfacet
  facet normal 0.8485250747464144 0.18808893203623253 -0.4945985757885494
    outer loop
      vertex -34.96067428588867 -6.1645097732543945 -0.09999942779541016
      vertex -39.327728271484375 -6.974308490753174 -7.899999618530273
      vertex -39.336212158203125 -6.93603515625 -7.899999618530273
    endloop
  endfacet
  facet normal 0.8485201634765751 0.1881120154850648 -0.49459822260480596
    outer loop
      vertex -39.327728271484375 -6.974308490753174 -7.899999618530273
      vertex -34.96067428588867 -6.1645097732543945 -0.09999942779541016
      vertex -34.290367126464844 -9.18807601928711 -0.09999942779541016
    endloop
  endfacet
  facet normal 0.11344294814115716 -0.8616862153021625 -0.4945983864462942
    outer loop
      vertex -3.5201313495635986 39.785926818847656 -7.899999618530273
      vertex -3.0940284729003906 35.36491012573242 -0.09999942779541016
      vertex -6.1645097732543945 34.96067428588867 -0.09999942779541016
    endloop
  endfacet
  facet normal 0.11341198102943169 -0.8616900236492334 -0.4945988533168707
    outer loop
      vertex -3.0940284729003906 35.36491012573242 -0.09999942779541016
      vertex -3.5201313495635986 39.785926818847656 -7.899999618530273
      vertex -3.481264352798462 39.79104232788086 -7.899999618530273
    endloop
  endfacet
  facet normal -0.46701311443258975 0.7329957737753088 -0.4945866421321032
    outer loop
      vertex 19.971519470214844 -34.5916862487793 -7.899999618530273
      vertex 20.361963272094727 -29.079896926879883 -0.09999942779541016
      vertex 20.004581451416016 -34.570621490478516 -7.899999618530273
    endloop
  endfacet
  facet normal -0.46697858488917543 0.7330098802493756 -0.4945983387676299
    outer loop
      vertex 20.361963272094727 -29.079896926879883 -0.09999942779541016
      vertex 19.971519470214844 -34.5916862487793 -7.899999618530273
      vertex 17.75 -30.743900299072266 -0.09999942779541016
    endloop
  endfacet
  facet normal 0.7709284321087934 -0.4013005770781882 -0.49459801799339087
    outer loop
      vertex -30.743900299072266 17.75 -0.09999942779541016
      vertex -34.60978698730469 19.93674659729004 -7.899999618530273
      vertex -34.5916862487793 19.971519470214844 -7.899999618530273
    endloop
  endfacet
  facet normal 0.7709201205805841 -0.40131621685927416 -0.49459828322566757
    outer loop
      vertex -34.60978698730469 19.93674659729004 -7.899999618530273
      vertex -30.743900299072266 17.75 -0.09999942779541016
      vertex -32.173927307128906 15.002947807312012 -0.09999942779541016
    endloop
  endfacet
  facet normal 0.8616900236492334 0.11341198102943169 -0.4945988533168707
    outer loop
      vertex -35.36491012573242 -3.0940284729003906 -0.09999942779541016
      vertex -39.785926818847656 -3.5201313495635986 -7.899999618530273
      vertex -39.79104232788086 -3.481264352798462 -7.899999618530273
    endloop
  endfacet
  facet normal 0.8616862153021625 0.11344294814115716 -0.4945983864462942
    outer loop
      vertex -39.785926818847656 -3.5201313495635986 -7.899999618530273
      vertex -35.36491012573242 -3.0940284729003906 -0.09999942779541016
      vertex -34.96067428588867 -6.1645097732543945 -0.09999942779541016
    endloop
  endfacet
  facet normal -0.8288963423227549 0.2613499209561644 -0.49459788970452045
    outer loop
      vertex 38.570220947265625 -10.375406265258789 -7.899999618530273
      vertex 37.534175872802734 -13.661322593688965 -7.899999618530273
      vertex 33.35908889770508 -12.141715049743652 -0.09999942779541016
    endloop
  endfacet
  facet normal -0.8288784501921451 0.26140835522333644 -0.4945969941543293
    outer loop
      vertex 38.570220947265625 -10.375406265258789 -7.899999618530273
      vertex 34.290367126464844 -9.18807601928711 -0.09999942779541016
      vertex 38.58201217651367 -10.338018417358398 -7.899999618530273
    endloop
  endfacet
  facet normal -0.8288963511092414 0.2613498527499922 -0.4945979110199946
    outer loop
      vertex 34.290367126464844 -9.18807601928711 -0.09999942779541016
      vertex 38.570220947265625 -10.375406265258789 -7.899999618530273
      vertex 33.35908889770508 -12.141715049743652 -0.09999942779541016
    endloop
  endfacet
  facet normal 0.26140835522333644 0.8288784501921451 -0.4945969941543293
    outer loop
      vertex -10.375406265258789 -38.570220947265625 -7.899999618530273
      vertex -9.18807601928711 -34.290367126464844 -0.09999942779541016
      vertex -10.338018417358398 -38.58201217651367 -7.899999618530273
    endloop
  endfacet
  facet normal 0.2613498527499922 0.8288963511092414 -0.4945979110199946
    outer loop
      vertex -9.18807601928711 -34.290367126464844 -0.09999942779541016
      vertex -10.375406265258789 -38.570220947265625 -7.899999618530273
      vertex -12.141715049743652 -33.35908889770508 -0.09999942779541016
    endloop
  endfacet
  facet normal 0.3325986049967695 0.8029639428963025 -0.49459789158732403
    outer loop
      vertex -13.661322593688965 -37.534175872802734 -7.899999618530273
      vertex -15.002947807312012 -32.173927307128906 -0.09999942779541016
      vertex -12.141715049743652 -33.35908889770508 -0.09999942779541016
    endloop
  endfacet
  facet normal 0.3325402992006552 0.8029765693694356 -0.49461659742797803
    outer loop
      vertex -15.002947807312012 -32.173927307128906 -0.09999942779541016
      vertex -13.661322593688965 -37.534175872802734 -7.899999618530273
      vertex -13.697541236877441 -37.5191764831543 -7.899999618530273
    endloop
  endfacet
endsolid OpenSCAD_Model
