solid OpenSCAD_Model
  facet normal -0.9888320080349793 -0.14903442516918922 0
    outer loop
      vertex 59.97515106201172 0.49783897399902344 2
      vertex 59.90086364746094 0.9907302856445312 7.299999237060547
      vertex 59.90086364746094 0.9907302856445312 2
    endloop
  endfacet
  facet normal -0.9888320080349793 -0.14903442516918922 0
    outer loop
      vertex 59.90086364746094 0.9907302856445312 7.299999237060547
      vertex 59.97515106201172 0.49783897399902344 2
      vertex 59.97515106201172 0.49783897399902344 7.299999237060547
    endloop
  endfacet
  facet normal -0.9987566387802899 -0.04985154453271937 0
    outer loop
      vertex 60 0 2
      vertex 59.97515106201172 0.49783897399902344 7.299999237060547
      vertex 59.97515106201172 0.49783897399902344 2
    endloop
  endfacet
  facet normal -0.9987566387802899 -0.04985154453271937 0
    outer loop
      vertex 59.97515106201172 0.49783897399902344 7.299999237060547
      vertex 60 0 2
      vertex 60 0 7.299999237060547
    endloop
  endfacet
  facet normal -0.4999993619597861 -0.8660257721568145 0
    outer loop
      vertex 57.28105163574219 4.449358940124512 2
      vertex 57.712730407714844 4.200129508972168 7.299999237060547
      vertex 57.28105163574219 4.449358940124512 7.299999237060547
    endloop
  endfacet
  facet normal -0.4999993619597861 -0.8660257721568145 0
    outer loop
      vertex 57.712730407714844 4.200129508972168 7.299999237060547
      vertex 57.28105163574219 4.449358940124512 2
      vertex 57.712730407714844 4.200129508972168 2
    endloop
  endfacet
  facet normal -0.9690760480869923 -0.24676226012925298 0
    outer loop
      vertex 59.90086364746094 0.9907302856445312 2
      vertex 59.777862548828125 1.473775863647461 7.299999237060547
      vertex 59.777862548828125 1.473775863647461 2
    endloop
  endfacet
  facet normal -0.9690760480869923 -0.24676226012925298 0
    outer loop
      vertex 59.777862548828125 1.473775863647461 7.299999237060547
      vertex 59.90086364746094 0.9907302856445312 2
      vertex 59.90086364746094 0.9907302856445312 7.299999237060547
    endloop
  endfacet
  facet normal -0.9396928326391715 -0.34201956126305116 0
    outer loop
      vertex 59.777862548828125 1.473775863647461 2
      vertex 59.60737991333008 1.942173957824707 7.299999237060547
      vertex 59.60737991333008 1.942173957824707 2
    endloop
  endfacet
  facet normal -0.9396928326391715 -0.34201956126305116 0
    outer loop
      vertex 59.60737991333008 1.942173957824707 7.299999237060547
      vertex 59.777862548828125 1.473775863647461 2
      vertex 59.777862548828125 1.473775863647461 7.299999237060547
    endloop
  endfacet
  facet normal -0.9396928326391715 0.34201956126305116 0
    outer loop
      vertex 59.60737991333008 -1.942173957824707 2
      vertex 59.777862548828125 -1.473775863647461 7.299999237060547
      vertex 59.777862548828125 -1.473775863647461 2
    endloop
  endfacet
  facet normal -0.9396928326391715 0.34201956126305116 0
    outer loop
      vertex 59.777862548828125 -1.473775863647461 7.299999237060547
      vertex 59.60737991333008 -1.942173957824707 2
      vertex 59.60737991333008 -1.942173957824707 7.299999237060547
    endloop
  endfacet
  facet normal 0.7660435964888327 -0.6427886186597072 0
    outer loop
      vertex 51.01433563232422 3.019021987915039 7.299999237060547
      vertex 51.334739685058594 3.4008636474609375 2
      vertex 51.334739685058594 3.4008636474609375 7.299999237060547
    endloop
  endfacet
  facet normal 0.7660435964888327 -0.6427886186597072 0
    outer loop
      vertex 51.334739685058594 3.4008636474609375 2
      vertex 51.01433563232422 3.019021987915039 7.299999237060547
      vertex 51.01433563232422 3.019021987915039 2
    endloop
  endfacet
  facet normal 0.36534288337415793 0.9308730190352797 0
    outer loop
      vertex 53.40756607055664 -4.739636421203613 2
      vertex 52.943565368652344 -4.557528495788574 7.299999237060547
      vertex 53.40756607055664 -4.739636421203613 7.299999237060547
    endloop
  endfacet
  facet normal 0.36534288337415793 0.9308730190352797 0
    outer loop
      vertex 52.943565368652344 -4.557528495788574 7.299999237060547
      vertex 53.40756607055664 -4.739636421203613 2
      vertex 52.943565368652344 -4.557528495788574 2
    endloop
  endfacet
  facet normal 0.980173044724989 -0.19814338847043242 0
    outer loop
      vertex 50.05584716796875 0.7452106475830078 7.299999237060547
      vertex 50.15461349487305 1.2337865829467773 2
      vertex 50.15461349487305 1.2337865829467773 7.299999237060547
    endloop
  endfacet
  facet normal 0.980173044724989 -0.19814338847043242 0
    outer loop
      vertex 50.15461349487305 1.2337865829467773 2
      vertex 50.05584716796875 0.7452106475830078 7.299999237060547
      vertex 50.05584716796875 0.7452106475830078 2
    endloop
  endfacet
  facet normal -0.2225198960275158 -0.9749281490817177 0
    outer loop
      vertex 55.86824035644531 4.924037933349609 2
      vertex 56.35420227050781 4.8131208419799805 7.299999237060547
      vertex 55.86824035644531 4.924037933349609 7.299999237060547
    endloop
  endfacet
  facet normal -0.2225198960275158 -0.9749281490817177 0
    outer loop
      vertex 56.35420227050781 4.8131208419799805 7.299999237060547
      vertex 55.86824035644531 4.924037933349609 2
      vertex 56.35420227050781 4.8131208419799805 2
    endloop
  endfacet
  facet normal -0.4999993619597861 0.8660257721568145 0
    outer loop
      vertex 57.712730407714844 -4.200129508972168 2
      vertex 57.28105163574219 -4.449358940124512 7.299999237060547
      vertex 57.712730407714844 -4.200129508972168 7.299999237060547
    endloop
  endfacet
  facet normal -0.4999993619597861 0.8660257721568145 0
    outer loop
      vertex 57.28105163574219 -4.449358940124512 7.299999237060547
      vertex 57.712730407714844 -4.200129508972168 2
      vertex 57.28105163574219 -4.449358940124512 2
    endloop
  endfacet
  facet normal -0.6616839639420301 -0.7497828564737674 0
    outer loop
      vertex 58.11744689941406 3.9091567993164062 2
      vertex 58.49118423461914 3.5793333053588867 7.299999237060547
      vertex 58.11744689941406 3.9091567993164062 7.299999237060547
    endloop
  endfacet
  facet normal -0.6616839639420301 -0.7497828564737674 0
    outer loop
      vertex 58.49118423461914 3.5793333053588867 7.299999237060547
      vertex 58.11744689941406 3.9091567993164062 2
      vertex 58.49118423461914 3.5793333053588867 2
    endloop
  endfacet
  facet normal -0.9690760480869923 0.24676226012925298 0
    outer loop
      vertex 59.777862548828125 -1.473775863647461 2
      vertex 59.90086364746094 -0.9907302856445312 7.299999237060547
      vertex 59.90086364746094 -0.9907302856445312 2
    endloop
  endfacet
  facet normal -0.9690760480869923 0.24676226012925298 0
    outer loop
      vertex 59.90086364746094 -0.9907302856445312 7.299999237060547
      vertex 59.777862548828125 -1.473775863647461 2
      vertex 59.777862548828125 -1.473775863647461 7.299999237060547
    endloop
  endfacet
  facet normal -0.5837454811535715 -0.8119367051887636 0
    outer loop
      vertex 57.712730407714844 4.200129508972168 2
      vertex 58.11744689941406 3.9091567993164062 7.299999237060547
      vertex 57.712730407714844 4.200129508972168 7.299999237060547
    endloop
  endfacet
  facet normal -0.5837454811535715 -0.8119367051887636 0
    outer loop
      vertex 58.11744689941406 3.9091567993164062 7.299999237060547
      vertex 57.712730407714844 4.200129508972168 2
      vertex 58.11744689941406 3.9091567993164062 2
    endloop
  endfacet
  facet normal 0.5425448953893152 -0.840026807004989 0
    outer loop
      vertex 52.08127975463867 4.059689521789551 2
      vertex 52.5 4.330126762390137 7.299999237060547
      vertex 52.08127975463867 4.059689521789551 7.299999237060547
    endloop
  endfacet
  facet normal 0.5425448953893152 -0.840026807004989 0
    outer loop
      vertex 52.5 4.330126762390137 7.299999237060547
      vertex 52.08127975463867 4.059689521789551 2
      vertex 52.5 4.330126762390137 2
    endloop
  endfacet
  facet normal -0.900967959418027 -0.4338856255997846 0
    outer loop
      vertex 59.60737991333008 1.942173957824707 2
      vertex 59.39110565185547 2.3912696838378906 7.299999237060547
      vertex 59.39110565185547 2.3912696838378906 2
    endloop
  endfacet
  facet normal -0.900967959418027 -0.4338856255997846 0
    outer loop
      vertex 59.39110565185547 2.3912696838378906 7.299999237060547
      vertex 59.60737991333008 1.942173957824707 2
      vertex 59.60737991333008 1.942173957824707 7.299999237060547
    endloop
  endfacet
  facet normal -0.9987566387802899 0.04985154453271937 0
    outer loop
      vertex 59.97515106201172 -0.49783897399902344 2
      vertex 60 0 7.299999237060547
      vertex 60 0 2
    endloop
  endfacet
  facet normal -0.9987566387802899 0.04985154453271937 0
    outer loop
      vertex 60 0 7.299999237060547
      vertex 59.97515106201172 -0.49783897399902344 2
      vertex 59.97515106201172 -0.49783897399902344 7.299999237060547
    endloop
  endfacet
  facet normal 0.8262385144824729 0.5633204391692141 0
    outer loop
      vertex 51.01433563232422 -3.019021987915039 7.299999237060547
      vertex 50.733543395996094 -2.607175827026367 2
      vertex 50.733543395996094 -2.607175827026367 7.299999237060547
    endloop
  endfacet
  facet normal 0.8262385144824729 0.5633204391692141 0
    outer loop
      vertex 50.733543395996094 -2.607175827026367 2
      vertex 51.01433563232422 -3.019021987915039 7.299999237060547
      vertex 51.01433563232422 -3.019021987915039 2
    endloop
  endfacet
  facet normal 0.9950302736098395 -0.09957286075998749 0
    outer loop
      vertex 50.0062141418457 0.24922847747802734 7.299999237060547
      vertex 50.05584716796875 0.7452106475830078 2
      vertex 50.05584716796875 0.7452106475830078 7.299999237060547
    endloop
  endfacet
  facet normal 0.9950302736098395 -0.09957286075998749 0
    outer loop
      vertex 50.05584716796875 0.7452106475830078 2
      vertex 50.0062141418457 0.24922847747802734 7.299999237060547
      vertex 50.0062141418457 0.24922847747802734 2
    endloop
  endfacet
  facet normal 0.9214762597982435 -0.38843468257641467 0
    outer loop
      vertex 50.301536560058594 1.7101001739501953 7.299999237060547
      vertex 50.495155334472656 2.1694183349609375 2
      vertex 50.495155334472656 2.1694183349609375 7.299999237060547
    endloop
  endfacet
  facet normal 0.9214762597982435 -0.38843468257641467 0
    outer loop
      vertex 50.495155334472656 2.1694183349609375 2
      vertex 50.301536560058594 1.7101001739501953 7.299999237060547
      vertex 50.301536560058594 1.7101001739501953 2
    endloop
  endfacet
  facet normal -0.4112885567669803 -0.9115051964045703 0
    outer loop
      vertex 56.82670593261719 4.6543684005737305 2
      vertex 57.28105163574219 4.449358940124512 7.299999237060547
      vertex 56.82670593261719 4.6543684005737305 7.299999237060547
    endloop
  endfacet
  facet normal -0.4112885567669803 -0.9115051964045703 0
    outer loop
      vertex 57.28105163574219 4.449358940124512 7.299999237060547
      vertex 56.82670593261719 4.6543684005737305 2
      vertex 57.28105163574219 4.449358940124512 2
    endloop
  endfacet
  facet normal -0.6616839639420301 0.7497828564737674 0
    outer loop
      vertex 58.49118423461914 -3.5793333053588867 2
      vertex 58.11744689941406 -3.9091567993164062 7.299999237060547
      vertex 58.49118423461914 -3.5793333053588867 7.299999237060547
    endloop
  endfacet
  facet normal -0.6616839639420301 0.7497828564737674 0
    outer loop
      vertex 58.11744689941406 -3.9091567993164062 7.299999237060547
      vertex 58.49118423461914 -3.5793333053588867 2
      vertex 58.11744689941406 -3.9091567993164062 2
    endloop
  endfacet
  facet normal -0.8532937987851219 -0.5214304296402886 0
    outer loop
      vertex 59.39110565185547 2.3912696838378906 2
      vertex 59.131195068359375 2.8165998458862305 7.299999237060547
      vertex 59.131195068359375 2.8165998458862305 2
    endloop
  endfacet
  facet normal -0.8532937987851219 -0.5214304296402886 0
    outer loop
      vertex 59.131195068359375 2.8165998458862305 7.299999237060547
      vertex 59.39110565185547 2.3912696838378906 2
      vertex 59.39110565185547 2.3912696838378906 7.299999237060547
    endloop
  endfacet
  facet normal 0.9950302736098395 0.09957286075998749 0
    outer loop
      vertex 50.05584716796875 -0.7452106475830078 7.299999237060547
      vertex 50.0062141418457 -0.24922847747802734 2
      vertex 50.0062141418457 -0.24922847747802734 7.299999237060547
    endloop
  endfacet
  facet normal 0.9950302736098395 0.09957286075998749 0
    outer loop
      vertex 50.0062141418457 -0.24922847747802734 2
      vertex 50.05584716796875 -0.7452106475830078 7.299999237060547
      vertex 50.05584716796875 -0.7452106475830078 2
    endloop
  endfacet
  facet normal -0.8532937987851219 0.5214304296402886 0
    outer loop
      vertex 59.131195068359375 -2.8165998458862305 2
      vertex 59.39110565185547 -2.3912696838378906 7.299999237060547
      vertex 59.39110565185547 -2.3912696838378906 2
    endloop
  endfacet
  facet normal -0.8532937987851219 0.5214304296402886 0
    outer loop
      vertex 59.39110565185547 -2.3912696838378906 7.299999237060547
      vertex 59.131195068359375 -2.8165998458862305 2
      vertex 59.131195068359375 -2.8165998458862305 7.299999237060547
    endloop
  endfacet
  facet normal -0.31848602630504974 -0.9479275558018234 0
    outer loop
      vertex 56.35420227050781 4.8131208419799805 2
      vertex 56.82670593261719 4.6543684005737305 7.299999237060547
      vertex 56.35420227050781 4.8131208419799805 7.299999237060547
    endloop
  endfacet
  facet normal -0.31848602630504974 -0.9479275558018234 0
    outer loop
      vertex 56.82670593261719 4.6543684005737305 7.299999237060547
      vertex 56.35420227050781 4.8131208419799805 2
      vertex 56.82670593261719 4.6543684005737305 2
    endloop
  endfacet
  facet normal -0.900967959418027 0.4338856255997846 0
    outer loop
      vertex 59.39110565185547 -2.3912696838378906 2
      vertex 59.60737991333008 -1.942173957824707 7.299999237060547
      vertex 59.60737991333008 -1.942173957824707 2
    endloop
  endfacet
  facet normal -0.900967959418027 0.4338856255997846 0
    outer loop
      vertex 59.60737991333008 -1.942173957824707 7.299999237060547
      vertex 59.39110565185547 -2.3912696838378906 2
      vertex 59.39110565185547 -2.3912696838378906 7.299999237060547
    endloop
  endfacet
  facet normal 0.980173044724989 0.19814338847043242 0
    outer loop
      vertex 50.15461349487305 -1.2337865829467773 7.299999237060547
      vertex 50.05584716796875 -0.7452106475830078 2
      vertex 50.05584716796875 -0.7452106475830078 7.299999237060547
    endloop
  endfacet
  facet normal 0.980173044724989 0.19814338847043242 0
    outer loop
      vertex 50.05584716796875 -0.7452106475830078 2
      vertex 50.15461349487305 -1.2337865829467773 7.299999237060547
      vertex 50.15461349487305 -1.2337865829467773 2
    endloop
  endfacet
  facet normal 0.8782232272820231 -0.4782509415174714 0
    outer loop
      vertex 50.495155334472656 2.1694183349609375 7.299999237060547
      vertex 50.733543395996094 2.607175827026367 2
      vertex 50.733543395996094 2.607175827026367 7.299999237060547
    endloop
  endfacet
  facet normal 0.8782232272820231 -0.4782509415174714 0
    outer loop
      vertex 50.733543395996094 2.607175827026367 2
      vertex 50.495155334472656 2.1694183349609375 7.299999237060547
      vertex 50.495155334472656 2.1694183349609375 2
    endloop
  endfacet
  facet normal -0.5837454811535715 0.8119367051887636 0
    outer loop
      vertex 58.11744689941406 -3.9091567993164062 2
      vertex 57.712730407714844 -4.200129508972168 7.299999237060547
      vertex 58.11744689941406 -3.9091567993164062 7.299999237060547
    endloop
  endfacet
  facet normal -0.5837454811535715 0.8119367051887636 0
    outer loop
      vertex 57.712730407714844 -4.200129508972168 7.299999237060547
      vertex 58.11744689941406 -3.9091567993164062 2
      vertex 57.712730407714844 -4.200129508972168 2
    endloop
  endfacet
  facet normal -0.12434367341258688 -0.9922392105144121 0
    outer loop
      vertex 55.37364959716797 4.986018180847168 2
      vertex 55.86824035644531 4.924037933349609 7.299999237060547
      vertex 55.37364959716797 4.986018180847168 7.299999237060547
    endloop
  endfacet
  facet normal -0.12434367341258688 -0.9922392105144121 0
    outer loop
      vertex 55.86824035644531 4.924037933349609 7.299999237060547
      vertex 55.37364959716797 4.986018180847168 2
      vertex 55.86824035644531 4.924037933349609 2
    endloop
  endfacet
  facet normal 1 0 0
    outer loop
      vertex 50.0062141418457 -0.24922847747802734 7.299999237060547
      vertex 50.0062141418457 0.24922847747802734 2
      vertex 50.0062141418457 0.24922847747802734 7.299999237060547
    endloop
  endfacet
  facet normal 1 0 0
    outer loop
      vertex 50.0062141418457 0.24922847747802734 2
      vertex 50.0062141418457 -0.24922847747802734 7.299999237060547
      vertex 50.0062141418457 -0.24922847747802734 2
    endloop
  endfacet
  facet normal 0.9214762597982435 0.38843468257641467 0
    outer loop
      vertex 50.495155334472656 -2.1694183349609375 7.299999237060547
      vertex 50.301536560058594 -1.7101001739501953 2
      vertex 50.301536560058594 -1.7101001739501953 7.299999237060547
    endloop
  endfacet
  facet normal 0.9214762597982435 0.38843468257641467 0
    outer loop
      vertex 50.301536560058594 -1.7101001739501953 2
      vertex 50.495155334472656 -2.1694183349609375 7.299999237060547
      vertex 50.495155334472656 -2.1694183349609375 2
    endloop
  endfacet
  facet normal 0.36534288337415793 -0.9308730190352797 0
    outer loop
      vertex 52.943565368652344 4.557528495788574 2
      vertex 53.40756607055664 4.739636421203613 7.299999237060547
      vertex 52.943565368652344 4.557528495788574 7.299999237060547
    endloop
  endfacet
  facet normal 0.36534288337415793 -0.9308730190352797 0
    outer loop
      vertex 53.40756607055664 4.739636421203613 7.299999237060547
      vertex 52.943565368652344 4.557528495788574 2
      vertex 53.40756607055664 4.739636421203613 2
    endloop
  endfacet
  facet normal -0.7971323033187591 -0.603804679516257 0
    outer loop
      vertex 59.131195068359375 2.8165998458862305 2
      vertex 58.830223083496094 3.213937759399414 7.299999237060547
      vertex 58.830223083496094 3.213937759399414 2
    endloop
  endfacet
  facet normal -0.7971323033187591 -0.603804679516257 0
    outer loop
      vertex 58.830223083496094 3.213937759399414 7.299999237060547
      vertex 59.131195068359375 2.8165998458862305 2
      vertex 59.131195068359375 2.8165998458862305 7.299999237060547
    endloop
  endfacet
  facet normal 0.07472925712085873 -0.9972038598652557 0
    outer loop
      vertex 54.37828063964844 4.961195945739746 2
      vertex 54.87534713745117 4.998445510864258 7.299999237060547
      vertex 54.37828063964844 4.961195945739746 7.299999237060547
    endloop
  endfacet
  facet normal 0.07472925712085873 -0.9972038598652557 0
    outer loop
      vertex 54.87534713745117 4.998445510864258 7.299999237060547
      vertex 54.37828063964844 4.961195945739746 2
      vertex 54.87534713745117 4.998445510864258 2
    endloop
  endfacet
  facet normal -0.9888320080349793 0.14903442516918922 0
    outer loop
      vertex 59.90086364746094 -0.9907302856445312 2
      vertex 59.97515106201172 -0.49783897399902344 7.299999237060547
      vertex 59.97515106201172 -0.49783897399902344 2
    endloop
  endfacet
  facet normal -0.9888320080349793 0.14903442516918922 0
    outer loop
      vertex 59.97515106201172 -0.49783897399902344 7.299999237060547
      vertex 59.90086364746094 -0.9907302856445312 2
      vertex 59.90086364746094 -0.9907302856445312 7.299999237060547
    endloop
  endfacet
  facet normal -0.7971323033187591 0.603804679516257 0
    outer loop
      vertex 58.830223083496094 -3.213937759399414 2
      vertex 59.131195068359375 -2.8165998458862305 7.299999237060547
      vertex 59.131195068359375 -2.8165998458862305 2
    endloop
  endfacet
  facet normal -0.7971323033187591 0.603804679516257 0
    outer loop
      vertex 59.131195068359375 -2.8165998458862305 7.299999237060547
      vertex 58.830223083496094 -3.213937759399414 2
      vertex 58.830223083496094 -3.213937759399414 7.299999237060547
    endloop
  endfacet
  facet normal -0.7330505428540097 -0.680174170063405 0
    outer loop
      vertex 58.830223083496094 3.213937759399414 2
      vertex 58.49118423461914 3.5793333053588867 7.299999237060547
      vertex 58.49118423461914 3.5793333053588867 2
    endloop
  endfacet
  facet normal -0.7330505428540097 -0.680174170063405 0
    outer loop
      vertex 58.49118423461914 3.5793333053588867 7.299999237060547
      vertex 58.830223083496094 3.213937759399414 2
      vertex 58.830223083496094 3.213937759399414 7.299999237060547
    endloop
  endfacet
  facet normal 0.2708413176319375 -0.9626240079404814 0
    outer loop
      vertex 53.40756607055664 4.739636421203613 2
      vertex 53.887393951416016 4.874639511108398 7.299999237060547
      vertex 53.40756607055664 4.739636421203613 7.299999237060547
    endloop
  endfacet
  facet normal 0.2708413176319375 -0.9626240079404814 0
    outer loop
      vertex 53.887393951416016 4.874639511108398 7.299999237060547
      vertex 53.40756607055664 4.739636421203613 2
      vertex 53.887393951416016 4.874639511108398 2
    endloop
  endfacet
  facet normal -0.4112885567669803 0.9115051964045703 0
    outer loop
      vertex 57.28105163574219 -4.449358940124512 2
      vertex 56.82670593261719 -4.6543684005737305 7.299999237060547
      vertex 57.28105163574219 -4.449358940124512 7.299999237060547
    endloop
  endfacet
  facet normal -0.4112885567669803 0.9115051964045703 0
    outer loop
      vertex 56.82670593261719 -4.6543684005737305 7.299999237060547
      vertex 57.28105163574219 -4.449358940124512 2
      vertex 56.82670593261719 -4.6543684005737305 2
    endloop
  endfacet
  facet normal 0.17364791893977286 -0.9848077986327516 0
    outer loop
      vertex 53.887393951416016 4.874639511108398 2
      vertex 54.37828063964844 4.961195945739746 7.299999237060547
      vertex 53.887393951416016 4.874639511108398 7.299999237060547
    endloop
  endfacet
  facet normal 0.17364791893977286 -0.9848077986327516 0
    outer loop
      vertex 54.37828063964844 4.961195945739746 7.299999237060547
      vertex 53.887393951416016 4.874639511108398 2
      vertex 54.37828063964844 4.961195945739746 2
    endloop
  endfacet
  facet normal 0.6982355773390236 -0.7158680594481363 0
    outer loop
      vertex 51.334739685058594 3.4008636474609375 2
      vertex 51.69157028198242 3.7489051818847656 7.299999237060547
      vertex 51.334739685058594 3.4008636474609375 7.299999237060547
    endloop
  endfacet
  facet normal 0.6982355773390236 -0.7158680594481363 0
    outer loop
      vertex 51.69157028198242 3.7489051818847656 7.299999237060547
      vertex 51.334739685058594 3.4008636474609375 2
      vertex 51.69157028198242 3.7489051818847656 2
    endloop
  endfacet
  facet normal -0.12434367341258688 0.9922392105144121 0
    outer loop
      vertex 55.86824035644531 -4.924037933349609 2
      vertex 55.37364959716797 -4.986018180847168 7.299999237060547
      vertex 55.86824035644531 -4.924037933349609 7.299999237060547
    endloop
  endfacet
  facet normal -0.12434367341258688 0.9922392105144121 0
    outer loop
      vertex 55.37364959716797 -4.986018180847168 7.299999237060547
      vertex 55.86824035644531 -4.924037933349609 2
      vertex 55.37364959716797 -4.986018180847168 2
    endloop
  endfacet
  facet normal 0.4562091281375018 -0.8898725927929348 0
    outer loop
      vertex 52.5 4.330126762390137 2
      vertex 52.943565368652344 4.557528495788574 7.299999237060547
      vertex 52.5 4.330126762390137 7.299999237060547
    endloop
  endfacet
  facet normal 0.4562091281375018 -0.8898725927929348 0
    outer loop
      vertex 52.943565368652344 4.557528495788574 7.299999237060547
      vertex 52.5 4.330126762390137 2
      vertex 52.943565368652344 4.557528495788574 2
    endloop
  endfacet
  facet normal -0.7330505428540097 0.680174170063405 0
    outer loop
      vertex 58.49118423461914 -3.5793333053588867 2
      vertex 58.830223083496094 -3.213937759399414 7.299999237060547
      vertex 58.830223083496094 -3.213937759399414 2
    endloop
  endfacet
  facet normal -0.7330505428540097 0.680174170063405 0
    outer loop
      vertex 58.830223083496094 -3.213937759399414 7.299999237060547
      vertex 58.49118423461914 -3.5793333053588867 2
      vertex 58.49118423461914 -3.5793333053588867 7.299999237060547
    endloop
  endfacet
  facet normal 0.6234915261199967 0.7818301074124464 0
    outer loop
      vertex 52.08127975463867 -4.059689521789551 2
      vertex 51.69157028198242 -3.7489051818847656 7.299999237060547
      vertex 52.08127975463867 -4.059689521789551 7.299999237060547
    endloop
  endfacet
  facet normal 0.6234915261199967 0.7818301074124464 0
    outer loop
      vertex 51.69157028198242 -3.7489051818847656 7.299999237060547
      vertex 52.08127975463867 -4.059689521789551 2
      vertex 51.69157028198242 -3.7489051818847656 2
    endloop
  endfacet
  facet normal 0.6982355773390236 0.7158680594481363 0
    outer loop
      vertex 51.69157028198242 -3.7489051818847656 2
      vertex 51.334739685058594 -3.4008636474609375 7.299999237060547
      vertex 51.69157028198242 -3.7489051818847656 7.299999237060547
    endloop
  endfacet
  facet normal 0.6982355773390236 0.7158680594481363 0
    outer loop
      vertex 51.334739685058594 -3.4008636474609375 7.299999237060547
      vertex 51.69157028198242 -3.7489051818847656 2
      vertex 51.334739685058594 -3.4008636474609375 2
    endloop
  endfacet
  facet normal 0.8262385144824729 -0.5633204391692141 0
    outer loop
      vertex 50.733543395996094 2.607175827026367 7.299999237060547
      vertex 51.01433563232422 3.019021987915039 2
      vertex 51.01433563232422 3.019021987915039 7.299999237060547
    endloop
  endfacet
  facet normal 0.8262385144824729 -0.5633204391692141 0
    outer loop
      vertex 51.01433563232422 3.019021987915039 2
      vertex 50.733543395996094 2.607175827026367 7.299999237060547
      vertex 50.733543395996094 2.607175827026367 2
    endloop
  endfacet
  facet normal 0.9555729299402829 0.29475477191276017 0
    outer loop
      vertex 50.301536560058594 -1.7101001739501953 7.299999237060547
      vertex 50.15461349487305 -1.2337865829467773 2
      vertex 50.15461349487305 -1.2337865829467773 7.299999237060547
    endloop
  endfacet
  facet normal 0.9555729299402829 0.29475477191276017 0
    outer loop
      vertex 50.15461349487305 -1.2337865829467773 2
      vertex 50.301536560058594 -1.7101001739501953 7.299999237060547
      vertex 50.301536560058594 -1.7101001739501953 2
    endloop
  endfacet
  facet normal 0.8782232272820231 0.4782509415174714 0
    outer loop
      vertex 50.733543395996094 -2.607175827026367 7.299999237060547
      vertex 50.495155334472656 -2.1694183349609375 2
      vertex 50.495155334472656 -2.1694183349609375 7.299999237060547
    endloop
  endfacet
  facet normal 0.8782232272820231 0.4782509415174714 0
    outer loop
      vertex 50.495155334472656 -2.1694183349609375 2
      vertex 50.733543395996094 -2.607175827026367 7.299999237060547
      vertex 50.733543395996094 -2.607175827026367 2
    endloop
  endfacet
  facet normal 0.4562091281375018 0.8898725927929348 0
    outer loop
      vertex 52.943565368652344 -4.557528495788574 2
      vertex 52.5 -4.330126762390137 7.299999237060547
      vertex 52.943565368652344 -4.557528495788574 7.299999237060547
    endloop
  endfacet
  facet normal 0.4562091281375018 0.8898725927929348 0
    outer loop
      vertex 52.5 -4.330126762390137 7.299999237060547
      vertex 52.943565368652344 -4.557528495788574 2
      vertex 52.5 -4.330126762390137 2
    endloop
  endfacet
  facet normal 0.6234915261199967 -0.7818301074124464 0
    outer loop
      vertex 51.69157028198242 3.7489051818847656 2
      vertex 52.08127975463867 4.059689521789551 7.299999237060547
      vertex 51.69157028198242 3.7489051818847656 7.299999237060547
    endloop
  endfacet
  facet normal 0.6234915261199967 -0.7818301074124464 0
    outer loop
      vertex 52.08127975463867 4.059689521789551 7.299999237060547
      vertex 51.69157028198242 3.7489051818847656 2
      vertex 52.08127975463867 4.059689521789551 2
    endloop
  endfacet
  facet normal 0 0 1
    outer loop
      vertex 59.97515106201172 0.49783897399902344 2
      vertex 59.97515106201172 -0.49783897399902344 2
      vertex 60 0 2
    endloop
  endfacet
  facet normal 0 0 1
    outer loop
      vertex 59.90086364746094 0.9907302856445312 2
      vertex 59.97515106201172 -0.49783897399902344 2
      vertex 59.97515106201172 0.49783897399902344 2
    endloop
  endfacet
  facet normal 0 0 1
    outer loop
      vertex 59.90086364746094 0.9907302856445312 2
      vertex 59.90086364746094 -0.9907302856445312 2
      vertex 59.97515106201172 -0.49783897399902344 2
    endloop
  endfacet
  facet normal 0 0 1
    outer loop
      vertex 59.777862548828125 1.473775863647461 2
      vertex 59.90086364746094 -0.9907302856445312 2
      vertex 59.90086364746094 0.9907302856445312 2
    endloop
  endfacet
  facet normal 0 0 1
    outer loop
      vertex 59.777862548828125 1.473775863647461 2
      vertex 59.777862548828125 -1.473775863647461 2
      vertex 59.90086364746094 -0.9907302856445312 2
    endloop
  endfacet
  facet normal 0 0 1
    outer loop
      vertex 59.60737991333008 1.942173957824707 2
      vertex 59.777862548828125 -1.473775863647461 2
      vertex 59.777862548828125 1.473775863647461 2
    endloop
  endfacet
  facet normal 0 0 1
    outer loop
      vertex 59.60737991333008 1.942173957824707 2
      vertex 59.60737991333008 -1.942173957824707 2
      vertex 59.777862548828125 -1.473775863647461 2
    endloop
  endfacet
  facet normal 0 0 1
    outer loop
      vertex 59.39110565185547 2.3912696838378906 2
      vertex 59.60737991333008 -1.942173957824707 2
      vertex 59.60737991333008 1.942173957824707 2
    endloop
  endfacet
  facet normal 0 0 1
    outer loop
      vertex 59.39110565185547 2.3912696838378906 2
      vertex 59.39110565185547 -2.3912696838378906 2
      vertex 59.60737991333008 -1.942173957824707 2
    endloop
  endfacet
  facet normal 0 0 1
    outer loop
      vertex 59.131195068359375 2.8165998458862305 2
      vertex 59.39110565185547 -2.3912696838378906 2
      vertex 59.39110565185547 2.3912696838378906 2
    endloop
  endfacet
  facet normal 0 0 1
    outer loop
      vertex 59.131195068359375 2.8165998458862305 2
      vertex 59.131195068359375 -2.8165998458862305 2
      vertex 59.39110565185547 -2.3912696838378906 2
    endloop
  endfacet
  facet normal 0 0 1
    outer loop
      vertex 58.830223083496094 3.213937759399414 2
      vertex 59.131195068359375 -2.8165998458862305 2
      vertex 59.131195068359375 2.8165998458862305 2
    endloop
  endfacet
  facet normal 0 0 1
    outer loop
      vertex 58.830223083496094 3.213937759399414 2
      vertex 58.830223083496094 -3.213937759399414 2
      vertex 59.131195068359375 -2.8165998458862305 2
    endloop
  endfacet
  facet normal 0 0 1
    outer loop
      vertex 58.49118423461914 3.5793333053588867 2
      vertex 58.830223083496094 -3.213937759399414 2
      vertex 58.830223083496094 3.213937759399414 2
    endloop
  endfacet
  facet normal 0 0 1
    outer loop
      vertex 58.49118423461914 3.5793333053588867 2
      vertex 58.49118423461914 -3.5793333053588867 2
      vertex 58.830223083496094 -3.213937759399414 2
    endloop
  endfacet
  facet normal 0 0 1
    outer loop
      vertex 58.11744689941406 3.9091567993164062 2
      vertex 58.49118423461914 -3.5793333053588867 2
      vertex 58.49118423461914 3.5793333053588867 2
    endloop
  endfacet
  facet normal 0 0 1
    outer loop
      vertex 58.11744689941406 3.9091567993164062 2
      vertex 58.11744689941406 -3.9091567993164062 2
      vertex 58.49118423461914 -3.5793333053588867 2
    endloop
  endfacet
  facet normal 0 0 1
    outer loop
      vertex 57.712730407714844 4.200129508972168 2
      vertex 58.11744689941406 -3.9091567993164062 2
      vertex 58.11744689941406 3.9091567993164062 2
    endloop
  endfacet
  facet normal 0 0 1
    outer loop
      vertex 57.712730407714844 4.200129508972168 2
      vertex 57.712730407714844 -4.200129508972168 2
      vertex 58.11744689941406 -3.9091567993164062 2
    endloop
  endfacet
  facet normal 0 0 1
    outer loop
      vertex 57.28105163574219 4.449358940124512 2
      vertex 57.712730407714844 -4.200129508972168 2
      vertex 57.712730407714844 4.200129508972168 2
    endloop
  endfacet
  facet normal 0 0 1
    outer loop
      vertex 57.28105163574219 4.449358940124512 2
      vertex 57.28105163574219 -4.449358940124512 2
      vertex 57.712730407714844 -4.200129508972168 2
    endloop
  endfacet
  facet normal 0 0 1
    outer loop
      vertex 56.82670593261719 4.6543684005737305 2
      vertex 57.28105163574219 -4.449358940124512 2
      vertex 57.28105163574219 4.449358940124512 2
    endloop
  endfacet
  facet normal 0 0 1
    outer loop
      vertex 56.82670593261719 4.6543684005737305 2
      vertex 56.82670593261719 -4.6543684005737305 2
      vertex 57.28105163574219 -4.449358940124512 2
    endloop
  endfacet
  facet normal 0 0 1
    outer loop
      vertex 56.35420227050781 4.8131208419799805 2
      vertex 56.82670593261719 -4.6543684005737305 2
      vertex 56.82670593261719 4.6543684005737305 2
    endloop
  endfacet
  facet normal 0 0 1
    outer loop
      vertex 56.35420227050781 4.8131208419799805 2
      vertex 56.35420227050781 -4.8131208419799805 2
      vertex 56.82670593261719 -4.6543684005737305 2
    endloop
  endfacet
  facet normal 0 0 1
    outer loop
      vertex 55.86824035644531 4.924037933349609 2
      vertex 56.35420227050781 -4.8131208419799805 2
      vertex 56.35420227050781 4.8131208419799805 2
    endloop
  endfacet
  facet normal 0 0 1
    outer loop
      vertex 55.86824035644531 4.924037933349609 2
      vertex 55.86824035644531 -4.924037933349609 2
      vertex 56.35420227050781 -4.8131208419799805 2
    endloop
  endfacet
  facet normal 0 0 1
    outer loop
      vertex 55.37364959716797 4.986018180847168 2
      vertex 55.86824035644531 -4.924037933349609 2
      vertex 55.86824035644531 4.924037933349609 2
    endloop
  endfacet
  facet normal 0 0 1
    outer loop
      vertex 55.37364959716797 4.986018180847168 2
      vertex 55.37364959716797 -4.986018180847168 2
      vertex 55.86824035644531 -4.924037933349609 2
    endloop
  endfacet
  facet normal 0 0 1
    outer loop
      vertex 54.87534713745117 4.998445510864258 2
      vertex 55.37364959716797 -4.986018180847168 2
      vertex 55.37364959716797 4.986018180847168 2
    endloop
  endfacet
  facet normal 0 0 1
    outer loop
      vertex 54.87534713745117 4.998445510864258 2
      vertex 54.87534713745117 -4.998445510864258 2
      vertex 55.37364959716797 -4.986018180847168 2
    endloop
  endfacet
  facet normal 0 0 1
    outer loop
      vertex 54.37828063964844 4.961195945739746 2
      vertex 54.87534713745117 -4.998445510864258 2
      vertex 54.87534713745117 4.998445510864258 2
    endloop
  endfacet
  facet normal 0 0 1
    outer loop
      vertex 54.37828063964844 4.961195945739746 2
      vertex 54.37828063964844 -4.961195945739746 2
      vertex 54.87534713745117 -4.998445510864258 2
    endloop
  endfacet
  facet normal 0 0 1
    outer loop
      vertex 53.887393951416016 4.874639511108398 2
      vertex 54.37828063964844 -4.961195945739746 2
      vertex 54.37828063964844 4.961195945739746 2
    endloop
  endfacet
  facet normal 0 0 1
    outer loop
      vertex 53.887393951416016 4.874639511108398 2
      vertex 53.887393951416016 -4.874639511108398 2
      vertex 54.37828063964844 -4.961195945739746 2
    endloop
  endfacet
  facet normal 0 0 1
    outer loop
      vertex 53.40756607055664 4.739636421203613 2
      vertex 53.887393951416016 -4.874639511108398 2
      vertex 53.887393951416016 4.874639511108398 2
    endloop
  endfacet
  facet normal 0 0 1
    outer loop
      vertex 53.40756607055664 4.739636421203613 2
      vertex 53.40756607055664 -4.739636421203613 2
      vertex 53.887393951416016 -4.874639511108398 2
    endloop
  endfacet
  facet normal 0 0 1
    outer loop
      vertex 52.943565368652344 4.557528495788574 2
      vertex 53.40756607055664 -4.739636421203613 2
      vertex 53.40756607055664 4.739636421203613 2
    endloop
  endfacet
  facet normal 0 0 1
    outer loop
      vertex 52.943565368652344 4.557528495788574 2
      vertex 52.943565368652344 -4.557528495788574 2
      vertex 53.40756607055664 -4.739636421203613 2
    endloop
  endfacet
  facet normal 0 0 1
    outer loop
      vertex 52.5 4.330126762390137 2
      vertex 52.943565368652344 -4.557528495788574 2
      vertex 52.943565368652344 4.557528495788574 2
    endloop
  endfacet
  facet normal 0 0 1
    outer loop
      vertex 52.5 4.330126762390137 2
      vertex 52.5 -4.330126762390137 2
      vertex 52.943565368652344 -4.557528495788574 2
    endloop
  endfacet
  facet normal 0 0 1
    outer loop
      vertex 52.08127975463867 4.059689521789551 2
      vertex 52.5 -4.330126762390137 2
      vertex 52.5 4.330126762390137 2
    endloop
  endfacet
  facet normal 0 0 1
    outer loop
      vertex 52.08127975463867 4.059689521789551 2
      vertex 52.08127975463867 -4.059689521789551 2
      vertex 52.5 -4.330126762390137 2
    endloop
  endfacet
  facet normal 0 0 1
    outer loop
      vertex 51.69157028198242 3.7489051818847656 2
      vertex 52.08127975463867 -4.059689521789551 2
      vertex 52.08127975463867 4.059689521789551 2
    endloop
  endfacet
  facet normal 0 0 1
    outer loop
      vertex 51.69157028198242 3.7489051818847656 2
      vertex 51.69157028198242 -3.7489051818847656 2
      vertex 52.08127975463867 -4.059689521789551 2
    endloop
  endfacet
  facet normal 0 0 1
    outer loop
      vertex 51.334739685058594 3.4008636474609375 2
      vertex 51.69157028198242 -3.7489051818847656 2
      vertex 51.69157028198242 3.7489051818847656 2
    endloop
  endfacet
  facet normal 0 0 1
    outer loop
      vertex 51.334739685058594 3.4008636474609375 2
      vertex 51.334739685058594 -3.4008636474609375 2
      vertex 51.69157028198242 -3.7489051818847656 2
    endloop
  endfacet
  facet normal 0 0 1
    outer loop
      vertex 51.01433563232422 3.019021987915039 2
      vertex 51.334739685058594 -3.4008636474609375 2
      vertex 51.334739685058594 3.4008636474609375 2
    endloop
  endfacet
  facet normal 0 0 1
    outer loop
      vertex 51.01433563232422 3.019021987915039 2
      vertex 51.01433563232422 -3.019021987915039 2
      vertex 51.334739685058594 -3.4008636474609375 2
    endloop
  endfacet
  facet normal 0 0 1
    outer loop
      vertex 50.733543395996094 2.607175827026367 2
      vertex 51.01433563232422 -3.019021987915039 2
      vertex 51.01433563232422 3.019021987915039 2
    endloop
  endfacet
  facet normal 0 0 1
    outer loop
      vertex 50.733543395996094 2.607175827026367 2
      vertex 50.733543395996094 -2.607175827026367 2
      vertex 51.01433563232422 -3.019021987915039 2
    endloop
  endfacet
  facet normal 0 0 1
    outer loop
      vertex 50.495155334472656 2.1694183349609375 2
      vertex 50.733543395996094 -2.607175827026367 2
      vertex 50.733543395996094 2.607175827026367 2
    endloop
  endfacet
  facet normal 0 0 1
    outer loop
      vertex 50.495155334472656 2.1694183349609375 2
      vertex 50.495155334472656 -2.1694183349609375 2
      vertex 50.733543395996094 -2.607175827026367 2
    endloop
  endfacet
  facet normal 0 0 1
    outer loop
      vertex 50.301536560058594 1.7101001739501953 2
      vertex 50.495155334472656 -2.1694183349609375 2
      vertex 50.495155334472656 2.1694183349609375 2
    endloop
  endfacet
  facet normal 0 0 1
    outer loop
      vertex 50.301536560058594 1.7101001739501953 2
      vertex 50.301536560058594 -1.7101001739501953 2
      vertex 50.495155334472656 -2.1694183349609375 2
    endloop
  endfacet
  facet normal 0 0 1
    outer loop
      vertex 50.15461349487305 1.2337865829467773 2
      vertex 50.301536560058594 -1.7101001739501953 2
      vertex 50.301536560058594 1.7101001739501953 2
    endloop
  endfacet
  facet normal 0 0 1
    outer loop
      vertex 50.15461349487305 1.2337865829467773 2
      vertex 50.15461349487305 -1.2337865829467773 2
      vertex 50.301536560058594 -1.7101001739501953 2
    endloop
  endfacet
  facet normal 0 0 1
    outer loop
      vertex 50.05584716796875 0.7452106475830078 2
      vertex 50.15461349487305 -1.2337865829467773 2
      vertex 50.15461349487305 1.2337865829467773 2
    endloop
  endfacet
  facet normal 0 0 1
    outer loop
      vertex 50.05584716796875 0.7452106475830078 2
      vertex 50.05584716796875 -0.7452106475830078 2
      vertex 50.15461349487305 -1.2337865829467773 2
    endloop
  endfacet
  facet normal 0 0 1
    outer loop
      vertex 50.0062141418457 0.24922847747802734 2
      vertex 50.05584716796875 -0.7452106475830078 2
      vertex 50.05584716796875 0.7452106475830078 2
    endloop
  endfacet
  facet normal 0 0 1
    outer loop
      vertex 50.05584716796875 -0.7452106475830078 2
      vertex 50.0062141418457 0.24922847747802734 2
      vertex 50.0062141418457 -0.24922847747802734 2
    endloop
  endfacet
  facet normal -0.0249315789276623 -0.9996891598752954 0
    outer loop
      vertex 54.87534713745117 4.998445510864258 2
      vertex 55.37364959716797 4.986018180847168 7.299999237060547
      vertex 54.87534713745117 4.998445510864258 7.299999237060547
    endloop
  endfacet
  facet normal -0.0249315789276623 -0.9996891598752954 0
    outer loop
      vertex 55.37364959716797 4.986018180847168 7.299999237060547
      vertex 54.87534713745117 4.998445510864258 2
      vertex 55.37364959716797 4.986018180847168 2
    endloop
  endfacet
  facet normal 0.2708413176319375 0.9626240079404814 0
    outer loop
      vertex 53.887393951416016 -4.874639511108398 2
      vertex 53.40756607055664 -4.739636421203613 7.299999237060547
      vertex 53.887393951416016 -4.874639511108398 7.299999237060547
    endloop
  endfacet
  facet normal 0.2708413176319375 0.9626240079404814 0
    outer loop
      vertex 53.40756607055664 -4.739636421203613 7.299999237060547
      vertex 53.887393951416016 -4.874639511108398 2
      vertex 53.40756607055664 -4.739636421203613 2
    endloop
  endfacet
  facet normal 0.9555729299402829 -0.29475477191276017 0
    outer loop
      vertex 50.15461349487305 1.2337865829467773 7.299999237060547
      vertex 50.301536560058594 1.7101001739501953 2
      vertex 50.301536560058594 1.7101001739501953 7.299999237060547
    endloop
  endfacet
  facet normal 0.9555729299402829 -0.29475477191276017 0
    outer loop
      vertex 50.301536560058594 1.7101001739501953 2
      vertex 50.15461349487305 1.2337865829467773 7.299999237060547
      vertex 50.15461349487305 1.2337865829467773 2
    endloop
  endfacet
  facet normal 0.7660435964888327 0.6427886186597072 0
    outer loop
      vertex 51.334739685058594 -3.4008636474609375 7.299999237060547
      vertex 51.01433563232422 -3.019021987915039 2
      vertex 51.01433563232422 -3.019021987915039 7.299999237060547
    endloop
  endfacet
  facet normal 0.7660435964888327 0.6427886186597072 0
    outer loop
      vertex 51.01433563232422 -3.019021987915039 2
      vertex 51.334739685058594 -3.4008636474609375 7.299999237060547
      vertex 51.334739685058594 -3.4008636474609375 2
    endloop
  endfacet
  facet normal 0.17364791893977286 0.9848077986327516 0
    outer loop
      vertex 54.37828063964844 -4.961195945739746 2
      vertex 53.887393951416016 -4.874639511108398 7.299999237060547
      vertex 54.37828063964844 -4.961195945739746 7.299999237060547
    endloop
  endfacet
  facet normal 0.17364791893977286 0.9848077986327516 0
    outer loop
      vertex 53.887393951416016 -4.874639511108398 7.299999237060547
      vertex 54.37828063964844 -4.961195945739746 2
      vertex 53.887393951416016 -4.874639511108398 2
    endloop
  endfacet
  facet normal -0.2225198960275158 0.9749281490817177 0
    outer loop
      vertex 56.35420227050781 -4.8131208419799805 2
      vertex 55.86824035644531 -4.924037933349609 7.299999237060547
      vertex 56.35420227050781 -4.8131208419799805 7.299999237060547
    endloop
  endfacet
  facet normal -0.2225198960275158 0.9749281490817177 0
    outer loop
      vertex 55.86824035644531 -4.924037933349609 7.299999237060547
      vertex 56.35420227050781 -4.8131208419799805 2
      vertex 55.86824035644531 -4.924037933349609 2
    endloop
  endfacet
  facet normal -0.31848602630504974 0.9479275558018234 0
    outer loop
      vertex 56.82670593261719 -4.6543684005737305 2
      vertex 56.35420227050781 -4.8131208419799805 7.299999237060547
      vertex 56.82670593261719 -4.6543684005737305 7.299999237060547
    endloop
  endfacet
  facet normal -0.31848602630504974 0.9479275558018234 0
    outer loop
      vertex 56.35420227050781 -4.8131208419799805 7.299999237060547
      vertex 56.82670593261719 -4.6543684005737305 2
      vertex 56.35420227050781 -4.8131208419799805 2
    endloop
  endfacet
  facet normal -0.0249315789276623 0.9996891598752954 0
    outer loop
      vertex 55.37364959716797 -4.986018180847168 2
      vertex 54.87534713745117 -4.998445510864258 7.299999237060547
      vertex 55.37364959716797 -4.986018180847168 7.299999237060547
    endloop
  endfacet
  facet normal -0.0249315789276623 0.9996891598752954 0
    outer loop
      vertex 54.87534713745117 -4.998445510864258 7.299999237060547
      vertex 55.37364959716797 -4.986018180847168 2
      vertex 54.87534713745117 -4.998445510864258 2
    endloop
  endfacet
  facet normal 0.07472925712085873 0.9972038598652557 0
    outer loop
      vertex 54.87534713745117 -4.998445510864258 2
      vertex 54.37828063964844 -4.961195945739746 7.299999237060547
      vertex 54.87534713745117 -4.998445510864258 7.299999237060547
    endloop
  endfacet
  facet normal 0.07472925712085873 0.9972038598652557 0
    outer loop
      vertex 54.37828063964844 -4.961195945739746 7.299999237060547
      vertex 54.87534713745117 -4.998445510864258 2
      vertex 54.37828063964844 -4.961195945739746 2
    endloop
  endfacet
  facet normal 0.5425448953893152 0.840026807004989 0
    outer loop
      vertex 52.5 -4.330126762390137 2
      vertex 52.08127975463867 -4.059689521789551 7.299999237060547
      vertex 52.5 -4.330126762390137 7.299999237060547
    endloop
  endfacet
  facet normal 0.5425448953893152 0.840026807004989 0
    outer loop
      vertex 52.08127975463867 -4.059689521789551 7.299999237060547
      vertex 52.5 -4.330126762390137 2
      vertex 52.08127975463867 -4.059689521789551 2
    endloop
  endfacet
  facet normal 0 0 -1
    outer loop
      vertex 59.97515106201172 -0.49783897399902344 7.299999237060547
      vertex 59.97515106201172 0.49783897399902344 7.299999237060547
      vertex 60 0 7.299999237060547
    endloop
  endfacet
  facet normal 0 0 -1
    outer loop
      vertex 59.90086364746094 -0.9907302856445312 7.299999237060547
      vertex 59.97515106201172 0.49783897399902344 7.299999237060547
      vertex 59.97515106201172 -0.49783897399902344 7.299999237060547
    endloop
  endfacet
  facet normal 0 0 -1
    outer loop
      vertex 59.90086364746094 -0.9907302856445312 7.299999237060547
      vertex 59.90086364746094 0.9907302856445312 7.299999237060547
      vertex 59.97515106201172 0.49783897399902344 7.299999237060547
    endloop
  endfacet
  facet normal 0 0 -1
    outer loop
      vertex 59.777862548828125 -1.473775863647461 7.299999237060547
      vertex 59.90086364746094 0.9907302856445312 7.299999237060547
      vertex 59.90086364746094 -0.9907302856445312 7.299999237060547
    endloop
  endfacet
  facet normal 0 0 -1
    outer loop
      vertex 59.777862548828125 -1.473775863647461 7.299999237060547
      vertex 59.777862548828125 1.473775863647461 7.299999237060547
      vertex 59.90086364746094 0.9907302856445312 7.299999237060547
    endloop
  endfacet
  facet normal 0 0 -1
    outer loop
      vertex 59.60737991333008 -1.942173957824707 7.299999237060547
      vertex 59.777862548828125 1.473775863647461 7.299999237060547
      vertex 59.777862548828125 -1.473775863647461 7.299999237060547
    endloop
  endfacet
  facet normal 0 0 -1
    outer loop
      vertex 59.60737991333008 -1.942173957824707 7.299999237060547
      vertex 59.60737991333008 1.942173957824707 7.299999237060547
      vertex 59.777862548828125 1.473775863647461 7.299999237060547
    endloop
  endfacet
  facet normal 0 0 -1
    outer loop
      vertex 59.39110565185547 -2.3912696838378906 7.299999237060547
      vertex 59.60737991333008 1.942173957824707 7.299999237060547
      vertex 59.60737991333008 -1.942173957824707 7.299999237060547
    endloop
  endfacet
  facet normal 0 0 -1
    outer loop
      vertex 59.39110565185547 -2.3912696838378906 7.299999237060547
      vertex 59.39110565185547 2.3912696838378906 7.299999237060547
      vertex 59.60737991333008 1.942173957824707 7.299999237060547
    endloop
  endfacet
  facet normal 0 0 -1
    outer loop
      vertex 59.131195068359375 -2.8165998458862305 7.299999237060547
      vertex 59.39110565185547 2.3912696838378906 7.299999237060547
      vertex 59.39110565185547 -2.3912696838378906 7.299999237060547
    endloop
  endfacet
  facet normal 0 0 -1
    outer loop
      vertex 59.131195068359375 -2.8165998458862305 7.299999237060547
      vertex 59.131195068359375 2.8165998458862305 7.299999237060547
      vertex 59.39110565185547 2.3912696838378906 7.299999237060547
    endloop
  endfacet
  facet normal 0 0 -1
    outer loop
      vertex 58.830223083496094 -3.213937759399414 7.299999237060547
      vertex 59.131195068359375 2.8165998458862305 7.299999237060547
      vertex 59.131195068359375 -2.8165998458862305 7.299999237060547
    endloop
  endfacet
  facet normal 0 0 -1
    outer loop
      vertex 58.830223083496094 -3.213937759399414 7.299999237060547
      vertex 58.830223083496094 3.213937759399414 7.299999237060547
      vertex 59.131195068359375 2.8165998458862305 7.299999237060547
    endloop
  endfacet
  facet normal 0 0 -1
    outer loop
      vertex 58.49118423461914 -3.5793333053588867 7.299999237060547
      vertex 58.830223083496094 3.213937759399414 7.299999237060547
      vertex 58.830223083496094 -3.213937759399414 7.299999237060547
    endloop
  endfacet
  facet normal 0 0 -1
    outer loop
      vertex 58.49118423461914 -3.5793333053588867 7.299999237060547
      vertex 58.49118423461914 3.5793333053588867 7.299999237060547
      vertex 58.830223083496094 3.213937759399414 7.299999237060547
    endloop
  endfacet
  facet normal 0 0 -1
    outer loop
      vertex 58.11744689941406 -3.9091567993164062 7.299999237060547
      vertex 58.49118423461914 3.5793333053588867 7.299999237060547
      vertex 58.49118423461914 -3.5793333053588867 7.299999237060547
    endloop
  endfacet
  facet normal 0 0 -1
    outer loop
      vertex 58.11744689941406 -3.9091567993164062 7.299999237060547
      vertex 58.11744689941406 3.9091567993164062 7.299999237060547
      vertex 58.49118423461914 3.5793333053588867 7.299999237060547
    endloop
  endfacet
  facet normal 0 0 -1
    outer loop
      vertex 57.712730407714844 -4.200129508972168 7.299999237060547
      vertex 58.11744689941406 3.9091567993164062 7.299999237060547
      vertex 58.11744689941406 -3.9091567993164062 7.299999237060547
    endloop
  endfacet
  facet normal 0 0 -1
    outer loop
      vertex 57.712730407714844 -4.200129508972168 7.299999237060547
      vertex 57.712730407714844 4.200129508972168 7.299999237060547
      vertex 58.11744689941406 3.9091567993164062 7.299999237060547
    endloop
  endfacet
  facet normal 0 0 -1
    outer loop
      vertex 57.28105163574219 -4.449358940124512 7.299999237060547
      vertex 57.712730407714844 4.200129508972168 7.299999237060547
      vertex 57.712730407714844 -4.200129508972168 7.299999237060547
    endloop
  endfacet
  facet normal 0 0 -1
    outer loop
      vertex 57.28105163574219 -4.449358940124512 7.299999237060547
      vertex 57.28105163574219 4.449358940124512 7.299999237060547
      vertex 57.712730407714844 4.200129508972168 7.299999237060547
    endloop
  endfacet
  facet normal 0 0 -1
    outer loop
      vertex 56.82670593261719 -4.6543684005737305 7.299999237060547
      vertex 57.28105163574219 4.449358940124512 7.299999237060547
      vertex 57.28105163574219 -4.449358940124512 7.299999237060547
    endloop
  endfacet
  facet normal 0 0 -1
    outer loop
      vertex 56.82670593261719 -4.6543684005737305 7.299999237060547
      vertex 56.82670593261719 4.6543684005737305 7.299999237060547
      vertex 57.28105163574219 4.449358940124512 7.299999237060547
    endloop
  endfacet
  facet normal 0 0 -1
    outer loop
      vertex 56.35420227050781 -4.8131208419799805 7.299999237060547
      vertex 56.82670593261719 4.6543684005737305 7.299999237060547
      vertex 56.82670593261719 -4.6543684005737305 7.299999237060547
    endloop
  endfacet
  facet normal 0 0 -1
    outer loop
      vertex 56.35420227050781 -4.8131208419799805 7.299999237060547
      vertex 56.35420227050781 4.8131208419799805 7.299999237060547
      vertex 56.82670593261719 4.6543684005737305 7.299999237060547
    endloop
  endfacet
  facet normal 0 0 -1
    outer loop
      vertex 55.86824035644531 -4.924037933349609 7.299999237060547
      vertex 56.35420227050781 4.8131208419799805 7.299999237060547
      vertex 56.35420227050781 -4.8131208419799805 7.299999237060547
    endloop
  endfacet
  facet normal 0 0 -1
    outer loop
      vertex 55.86824035644531 -4.924037933349609 7.299999237060547
      vertex 55.86824035644531 4.924037933349609 7.299999237060547
      vertex 56.35420227050781 4.8131208419799805 7.299999237060547
    endloop
  endfacet
  facet normal 0 0 -1
    outer loop
      vertex 55.37364959716797 -4.986018180847168 7.299999237060547
      vertex 55.86824035644531 4.924037933349609 7.299999237060547
      vertex 55.86824035644531 -4.924037933349609 7.299999237060547
    endloop
  endfacet
  facet normal 0 0 -1
    outer loop
      vertex 55.37364959716797 -4.986018180847168 7.299999237060547
      vertex 55.37364959716797 4.986018180847168 7.299999237060547
      vertex 55.86824035644531 4.924037933349609 7.299999237060547
    endloop
  endfacet
  facet normal 0 0 -1
    outer loop
      vertex 54.87534713745117 -4.998445510864258 7.299999237060547
      vertex 55.37364959716797 4.986018180847168 7.299999237060547
      vertex 55.37364959716797 -4.986018180847168 7.299999237060547
    endloop
  endfacet
  facet normal 0 0 -1
    outer loop
      vertex 54.87534713745117 -4.998445510864258 7.299999237060547
      vertex 54.87534713745117 4.998445510864258 7.299999237060547
      vertex 55.37364959716797 4.986018180847168 7.299999237060547
    endloop
  endfacet
  facet normal 0 0 -1
    outer loop
      vertex 54.37828063964844 -4.961195945739746 7.299999237060547
      vertex 54.87534713745117 4.998445510864258 7.299999237060547
      vertex 54.87534713745117 -4.998445510864258 7.299999237060547
    endloop
  endfacet
  facet normal 0 0 -1
    outer loop
      vertex 54.37828063964844 -4.961195945739746 7.299999237060547
      vertex 54.37828063964844 4.961195945739746 7.299999237060547
      vertex 54.87534713745117 4.998445510864258 7.299999237060547
    endloop
  endfacet
  facet normal 0 0 -1
    outer loop
      vertex 53.887393951416016 -4.874639511108398 7.299999237060547
      vertex 54.37828063964844 4.961195945739746 7.299999237060547
      vertex 54.37828063964844 -4.961195945739746 7.299999237060547
    endloop
  endfacet
  facet normal 0 0 -1
    outer loop
      vertex 53.887393951416016 -4.874639511108398 7.299999237060547
      vertex 53.887393951416016 4.874639511108398 7.299999237060547
      vertex 54.37828063964844 4.961195945739746 7.299999237060547
    endloop
  endfacet
  facet normal 0 0 -1
    outer loop
      vertex 53.40756607055664 -4.739636421203613 7.299999237060547
      vertex 53.887393951416016 4.874639511108398 7.299999237060547
      vertex 53.887393951416016 -4.874639511108398 7.299999237060547
    endloop
  endfacet
  facet normal 0 0 -1
    outer loop
      vertex 53.40756607055664 -4.739636421203613 7.299999237060547
      vertex 53.40756607055664 4.739636421203613 7.299999237060547
      vertex 53.887393951416016 4.874639511108398 7.299999237060547
    endloop
  endfacet
  facet normal 0 0 -1
    outer loop
      vertex 52.943565368652344 -4.557528495788574 7.299999237060547
      vertex 53.40756607055664 4.739636421203613 7.299999237060547
      vertex 53.40756607055664 -4.739636421203613 7.299999237060547
    endloop
  endfacet
  facet normal 0 0 -1
    outer loop
      vertex 52.943565368652344 -4.557528495788574 7.299999237060547
      vertex 52.943565368652344 4.557528495788574 7.299999237060547
      vertex 53.40756607055664 4.739636421203613 7.299999237060547
    endloop
  endfacet
  facet normal 0 0 -1
    outer loop
      vertex 52.5 -4.330126762390137 7.299999237060547
      vertex 52.943565368652344 4.557528495788574 7.299999237060547
      vertex 52.943565368652344 -4.557528495788574 7.299999237060547
    endloop
  endfacet
  facet normal 0 0 -1
    outer loop
      vertex 52.5 -4.330126762390137 7.299999237060547
      vertex 52.5 4.330126762390137 7.299999237060547
      vertex 52.943565368652344 4.557528495788574 7.299999237060547
    endloop
  endfacet
  facet normal 0 0 -1
    outer loop
      vertex 52.08127975463867 -4.059689521789551 7.299999237060547
      vertex 52.5 4.330126762390137 7.299999237060547
      vertex 52.5 -4.330126762390137 7.299999237060547
    endloop
  endfacet
  facet normal 0 0 -1
    outer loop
      vertex 52.08127975463867 -4.059689521789551 7.299999237060547
      vertex 52.08127975463867 4.059689521789551 7.299999237060547
      vertex 52.5 4.330126762390137 7.299999237060547
    endloop
  endfacet
  facet normal 0 0 -1
    outer loop
      vertex 51.69157028198242 -3.7489051818847656 7.299999237060547
      vertex 52.08127975463867 4.059689521789551 7.299999237060547
      vertex 52.08127975463867 -4.059689521789551 7.299999237060547
    endloop
  endfacet
  facet normal 0 0 -1
    outer loop
      vertex 51.69157028198242 -3.7489051818847656 7.299999237060547
      vertex 51.69157028198242 3.7489051818847656 7.299999237060547
      vertex 52.08127975463867 4.059689521789551 7.299999237060547
    endloop
  endfacet
  facet normal 0 0 -1
    outer loop
      vertex 51.334739685058594 -3.4008636474609375 7.299999237060547
      vertex 51.69157028198242 3.7489051818847656 7.299999237060547
      vertex 51.69157028198242 -3.7489051818847656 7.299999237060547
    endloop
  endfacet
  facet normal 0 0 -1
    outer loop
      vertex 51.334739685058594 -3.4008636474609375 7.299999237060547
      vertex 51.334739685058594 3.4008636474609375 7.299999237060547
      vertex 51.69157028198242 3.7489051818847656 7.299999237060547
    endloop
  endfacet
  facet normal 0 0 -1
    outer loop
      vertex 51.01433563232422 -3.019021987915039 7.299999237060547
      vertex 51.334739685058594 3.4008636474609375 7.299999237060547
      vertex 51.334739685058594 -3.4008636474609375 7.299999237060547
    endloop
  endfacet
  facet normal 0 0 -1
    outer loop
      vertex 51.01433563232422 -3.019021987915039 7.299999237060547
      vertex 51.01433563232422 3.019021987915039 7.299999237060547
      vertex 51.334739685058594 3.4008636474609375 7.299999237060547
    endloop
  endfacet
  facet normal 0 0 -1
    outer loop
      vertex 50.733543395996094 -2.607175827026367 7.299999237060547
      vertex 51.01433563232422 3.019021987915039 7.299999237060547
      vertex 51.01433563232422 -3.019021987915039 7.299999237060547
    endloop
  endfacet
  facet normal 0 0 -1
    outer loop
      vertex 50.733543395996094 -2.607175827026367 7.299999237060547
      vertex 50.733543395996094 2.607175827026367 7.299999237060547
      vertex 51.01433563232422 3.019021987915039 7.299999237060547
    endloop
  endfacet
  facet normal 0 0 -1
    outer loop
      vertex 50.495155334472656 -2.1694183349609375 7.299999237060547
      vertex 50.733543395996094 2.607175827026367 7.299999237060547
      vertex 50.733543395996094 -2.607175827026367 7.299999237060547
    endloop
  endfacet
  facet normal 0 0 -1
    outer loop
      vertex 50.495155334472656 -2.1694183349609375 7.299999237060547
      vertex 50.495155334472656 2.1694183349609375 7.299999237060547
      vertex 50.733543395996094 2.607175827026367 7.299999237060547
    endloop
  endfacet
  facet normal 0 0 -1
    outer loop
      vertex 50.301536560058594 -1.7101001739501953 7.299999237060547
      vertex 50.495155334472656 2.1694183349609375 7.299999237060547
      vertex 50.495155334472656 -2.1694183349609375 7.299999237060547
    endloop
  endfacet
  facet normal 0 0 -1
    outer loop
      vertex 50.301536560058594 -1.7101001739501953 7.299999237060547
      vertex 50.301536560058594 1.7101001739501953 7.299999237060547
      vertex 50.495155334472656 2.1694183349609375 7.299999237060547
    endloop
  endfacet
  facet normal 0 0 -1
    outer loop
      vertex 50.15461349487305 -1.2337865829467773 7.299999237060547
      vertex 50.301536560058594 1.7101001739501953 7.299999237060547
      vertex 50.301536560058594 -1.7101001739501953 7.299999237060547
    endloop
  endfacet
  facet normal 0 0 -1
    outer loop
      vertex 50.15461349487305 -1.2337865829467773 7.299999237060547
      vertex 50.15461349487305 1.2337865829467773 7.299999237060547
      vertex 50.301536560058594 1.7101001739501953 7.299999237060547
    endloop
  endfacet
  facet normal 0 0 -1
    outer loop
      vertex 50.05584716796875 -0.7452106475830078 7.299999237060547
      vertex 50.15461349487305 1.2337865829467773 7.299999237060547
      vertex 50.15461349487305 -1.2337865829467773 7.299999237060547
    endloop
  endfacet
  facet normal 0 0 -1
    outer loop
      vertex 50.05584716796875 -0.7452106475830078 7.299999237060547
      vertex 50.05584716796875 0.7452106475830078 7.299999237060547
      vertex 50.15461349487305 1.2337865829467773 7.299999237060547
    endloop
  endfacet
  facet normal 0 0 -1
    outer loop
      vertex 50.0062141418457 -0.24922847747802734 7.299999237060547
      vertex 50.05584716796875 0.7452106475830078 7.299999237060547
      vertex 50.05584716796875 -0.7452106475830078 7.299999237060547
    endloop
  endfacet
  facet normal 0 0 -1
    outer loop
      vertex 50.05584716796875 0.7452106475830078 7.299999237060547
      vertex 50.0062141418457 -0.24922847747802734 7.299999237060547
      vertex 50.0062141418457 0.24922847747802734 7.299999237060547
    endloop
  endfacet
  facet normal 0.22251807751640043 -0.9749285641411914 0
    outer loop
      vertex 26.145797729492188 52.44451904296875 2
      vertex 26.631759643554688 52.55543518066406 7.299999237060547
      vertex 26.145797729492188 52.44451904296875 7.299999237060547
    endloop
  endfacet
  facet normal 0.22251807751640043 -0.9749285641411914 0
    outer loop
      vertex 26.631759643554688 52.55543518066406 7.299999237060547
      vertex 26.145797729492188 52.44451904296875 2
      vertex 26.631759643554688 52.55543518066406 2
    endloop
  endfacet
  facet normal -0.36533956760961217 -0.9308743203777949 0
    outer loop
      vertex 29.09243392944336 52.37103271484375 2
      vertex 29.556434631347656 52.188926696777344 7.299999237060547
      vertex 29.09243392944336 52.37103271484375 7.299999237060547
    endloop
  endfacet
  facet normal -0.36533956760961217 -0.9308743203777949 0
    outer loop
      vertex 29.556434631347656 52.188926696777344 7.299999237060547
      vertex 29.09243392944336 52.37103271484375 2
      vertex 29.556434631347656 52.188926696777344 2
    endloop
  endfacet
  facet normal -0.4562091281375018 -0.8898725927929348 0
    outer loop
      vertex 29.556434631347656 52.188926696777344 2
      vertex 30 51.961524963378906 7.299999237060547
      vertex 29.556434631347656 52.188926696777344 7.299999237060547
    endloop
  endfacet
  facet normal -0.4562091281375018 -0.8898725927929348 0
    outer loop
      vertex 30 51.961524963378906 7.299999237060547
      vertex 29.556434631347656 52.188926696777344 2
      vertex 30 51.961524963378906 2
    endloop
  endfacet
  facet normal -0.36533956760961217 0.9308743203777949 0
    outer loop
      vertex 29.556434631347656 43.07386779785156 2
      vertex 29.09243392944336 42.891761779785156 7.299999237060547
      vertex 29.556434631347656 43.07386779785156 7.299999237060547
    endloop
  endfacet
  facet normal -0.36533956760961217 0.9308743203777949 0
    outer loop
      vertex 29.09243392944336 42.891761779785156 7.299999237060547
      vertex 29.556434631347656 43.07386779785156 2
      vertex 29.09243392944336 42.891761779785156 2
    endloop
  endfacet
  facet normal -0.5425493394484558 -0.8400239367208795 0
    outer loop
      vertex 30 51.961524963378906 2
      vertex 30.418718338012695 51.69108581542969 7.299999237060547
      vertex 30 51.961524963378906 7.299999237060547
    endloop
  endfacet
  facet normal -0.5425493394484558 -0.8400239367208795 0
    outer loop
      vertex 30.418718338012695 51.69108581542969 7.299999237060547
      vertex 30 51.961524963378906 2
      vertex 30.418718338012695 51.69108581542969 2
    endloop
  endfacet
  facet normal -0.9555730961634106 0.2947542330292701 0
    outer loop
      vertex 32.198463439941406 45.921295166015625 2
      vertex 32.34538650512695 46.39760971069336 7.299999237060547
      vertex 32.34538650512695 46.39760971069336 2
    endloop
  endfacet
  facet normal -0.9555730961634106 0.2947542330292701 0
    outer loop
      vertex 32.34538650512695 46.39760971069336 7.299999237060547
      vertex 32.198463439941406 45.921295166015625 2
      vertex 32.198463439941406 45.921295166015625 7.299999237060547
    endloop
  endfacet
  facet normal -0.17365413997830434 -0.9848067016772354 0
    outer loop
      vertex 28.121719360351562 52.592594146728516 2
      vertex 28.61260414123535 52.50603485107422 7.299999237060547
      vertex 28.121719360351562 52.592594146728516 7.299999237060547
    endloop
  endfacet
  facet normal -0.17365413997830434 -0.9848067016772354 0
    outer loop
      vertex 28.61260414123535 52.50603485107422 7.299999237060547
      vertex 28.121719360351562 52.592594146728516 2
      vertex 28.61260414123535 52.50603485107422 2
    endloop
  endfacet
  facet normal -0.6982374899936905 0.7158661938989095 0
    outer loop
      vertex 31.165258407592773 44.230533599853516 2
      vertex 30.808429718017578 43.88249206542969 7.299999237060547
      vertex 31.165258407592773 44.230533599853516 7.299999237060547
    endloop
  endfacet
  facet normal -0.6982374899936905 0.7158661938989095 0
    outer loop
      vertex 30.808429718017578 43.88249206542969 7.299999237060547
      vertex 31.165258407592773 44.230533599853516 2
      vertex 30.808429718017578 43.88249206542969 2
    endloop
  endfacet
  facet normal 0.024933490989674702 -0.9996891121879181 0
    outer loop
      vertex 27.12635040283203 52.61741638183594 2
      vertex 27.624652862548828 52.629844665527344 7.299999237060547
      vertex 27.12635040283203 52.61741638183594 7.299999237060547
    endloop
  endfacet
  facet normal 0.024933490989674702 -0.9996891121879181 0
    outer loop
      vertex 27.624652862548828 52.629844665527344 7.299999237060547
      vertex 27.12635040283203 52.61741638183594 2
      vertex 27.624652862548828 52.629844665527344 2
    endloop
  endfacet
  facet normal 0.4112871222449548 -0.9115058436869529 0
    outer loop
      vertex 25.21894645690918 52.08075714111328 2
      vertex 25.673294067382812 52.2857666015625 7.299999237060547
      vertex 25.21894645690918 52.08075714111328 7.299999237060547
    endloop
  endfacet
  facet normal 0.4112871222449548 -0.9115058436869529 0
    outer loop
      vertex 25.673294067382812 52.2857666015625 7.299999237060547
      vertex 25.21894645690918 52.08075714111328 2
      vertex 25.673294067382812 52.2857666015625 2
    endloop
  endfacet
  facet normal 0.8532909139011633 -0.5214351505736046 0
    outer loop
      vertex 23.108890533447266 50.022666931152344 7.299999237060547
      vertex 23.368804931640625 50.447998046875 2
      vertex 23.368804931640625 50.447998046875 7.299999237060547
    endloop
  endfacet
  facet normal 0.8532909139011633 -0.5214351505736046 0
    outer loop
      vertex 23.368804931640625 50.447998046875 2
      vertex 23.108890533447266 50.022666931152344 7.299999237060547
      vertex 23.108890533447266 50.022666931152344 2
    endloop
  endfacet
  facet normal -0.8782208881569856 0.47825523688168375 0
    outer loop
      vertex 31.76645278930664 45.02421951293945 2
      vertex 32.004844665527344 45.461978912353516 7.299999237060547
      vertex 32.004844665527344 45.461978912353516 2
    endloop
  endfacet
  facet normal -0.8782208881569856 0.47825523688168375 0
    outer loop
      vertex 32.004844665527344 45.461978912353516 7.299999237060547
      vertex 31.76645278930664 45.02421951293945 2
      vertex 31.76645278930664 45.02421951293945 7.299999237060547
    endloop
  endfacet
  facet normal -0.6982374899936905 -0.7158661938989095 0
    outer loop
      vertex 30.808429718017578 51.38030242919922 2
      vertex 31.165258407592773 51.03226089477539 7.299999237060547
      vertex 30.808429718017578 51.38030242919922 7.299999237060547
    endloop
  endfacet
  facet normal -0.6982374899936905 -0.7158661938989095 0
    outer loop
      vertex 31.165258407592773 51.03226089477539 7.299999237060547
      vertex 30.808429718017578 51.38030242919922 2
      vertex 31.165258407592773 51.03226089477539 2
    endloop
  endfacet
  facet normal 0.31848602630504974 -0.9479275558018234 0
    outer loop
      vertex 25.673294067382812 52.2857666015625 2
      vertex 26.145797729492188 52.44451904296875 7.299999237060547
      vertex 25.673294067382812 52.2857666015625 7.299999237060547
    endloop
  endfacet
  facet normal 0.31848602630504974 -0.9479275558018234 0
    outer loop
      vertex 26.145797729492188 52.44451904296875 7.299999237060547
      vertex 25.673294067382812 52.2857666015625 2
      vertex 26.145797729492188 52.44451904296875 2
    endloop
  endfacet
  facet normal 0.7971330008480418 -0.603803758649278 0
    outer loop
      vertex 23.368804931640625 50.447998046875 7.299999237060547
      vertex 23.669776916503906 50.8453369140625 2
      vertex 23.669776916503906 50.8453369140625 7.299999237060547
    endloop
  endfacet
  facet normal 0.7971330008480418 -0.603803758649278 0
    outer loop
      vertex 23.669776916503906 50.8453369140625 2
      vertex 23.368804931640625 50.447998046875 7.299999237060547
      vertex 23.368804931640625 50.447998046875 2
    endloop
  endfacet
  facet normal -0.2708385471000089 -0.9626247874456362 0
    outer loop
      vertex 28.61260414123535 52.50603485107422 2
      vertex 29.09243392944336 52.37103271484375 7.299999237060547
      vertex 28.61260414123535 52.50603485107422 7.299999237060547
    endloop
  endfacet
  facet normal -0.2708385471000089 -0.9626247874456362 0
    outer loop
      vertex 29.09243392944336 52.37103271484375 7.299999237060547
      vertex 28.61260414123535 52.50603485107422 2
      vertex 29.09243392944336 52.37103271484375 2
    endloop
  endfacet
  facet normal -0.6234884913495241 -0.7818325275624532 0
    outer loop
      vertex 30.418718338012695 51.69108581542969 2
      vertex 30.808429718017578 51.38030242919922 7.299999237060547
      vertex 30.418718338012695 51.69108581542969 7.299999237060547
    endloop
  endfacet
  facet normal -0.6234884913495241 -0.7818325275624532 0
    outer loop
      vertex 30.808429718017578 51.38030242919922 7.299999237060547
      vertex 30.418718338012695 51.69108581542969 2
      vertex 30.808429718017578 51.38030242919922 2
    endloop
  endfacet
  facet normal -0.7660420154645999 0.6427905028412707 0
    outer loop
      vertex 31.165258407592773 44.230533599853516 2
      vertex 31.48566246032715 44.61237335205078 7.299999237060547
      vertex 31.48566246032715 44.61237335205078 2
    endloop
  endfacet
  facet normal -0.7660420154645999 0.6427905028412707 0
    outer loop
      vertex 31.48566246032715 44.61237335205078 7.299999237060547
      vertex 31.165258407592773 44.230533599853516 2
      vertex 31.165258407592773 44.230533599853516 7.299999237060547
    endloop
  endfacet
  facet normal -0.9214756824485849 -0.38843605220926003 0
    outer loop
      vertex 32.198463439941406 49.34149932861328 2
      vertex 32.004844665527344 49.80081558227539 7.299999237060547
      vertex 32.004844665527344 49.80081558227539 2
    endloop
  endfacet
  facet normal -0.9214756824485849 -0.38843605220926003 0
    outer loop
      vertex 32.004844665527344 49.80081558227539 7.299999237060547
      vertex 32.198463439941406 49.34149932861328 2
      vertex 32.198463439941406 49.34149932861328 7.299999237060547
    endloop
  endfacet
  facet normal -0.8782191376969197 -0.4782584512404131 0
    outer loop
      vertex 32.004844665527344 49.80081558227539 2
      vertex 31.76645278930664 50.23857116699219 7.299999237060547
      vertex 31.76645278930664 50.23857116699219 2
    endloop
  endfacet
  facet normal -0.8782191376969197 -0.4782584512404131 0
    outer loop
      vertex 31.76645278930664 50.23857116699219 7.299999237060547
      vertex 32.004844665527344 49.80081558227539 2
      vertex 32.004844665527344 49.80081558227539 7.299999237060547
    endloop
  endfacet
  facet normal 0.7971330008480418 0.603803758649278 0
    outer loop
      vertex 23.669776916503906 44.417457580566406 7.299999237060547
      vertex 23.368804931640625 44.814796447753906 2
      vertex 23.368804931640625 44.814796447753906 7.299999237060547
    endloop
  endfacet
  facet normal 0.7971330008480418 0.603803758649278 0
    outer loop
      vertex 23.368804931640625 44.814796447753906 2
      vertex 23.669776916503906 44.417457580566406 7.299999237060547
      vertex 23.669776916503906 44.417457580566406 2
    endloop
  endfacet
  facet normal 0.5837431152142402 -0.8119384061860693 0
    outer loop
      vertex 24.382549285888672 51.54055404663086 2
      vertex 24.787269592285156 51.83152770996094 7.299999237060547
      vertex 24.382549285888672 51.54055404663086 7.299999237060547
    endloop
  endfacet
  facet normal 0.5837431152142402 -0.8119384061860693 0
    outer loop
      vertex 24.787269592285156 51.83152770996094 7.299999237060547
      vertex 24.382549285888672 51.54055404663086 2
      vertex 24.787269592285156 51.83152770996094 2
    endloop
  endfacet
  facet normal -0.07473115967644123 -0.9972037172882049 0
    outer loop
      vertex 27.624652862548828 52.629844665527344 2
      vertex 28.121719360351562 52.592594146728516 7.299999237060547
      vertex 27.624652862548828 52.629844665527344 7.299999237060547
    endloop
  endfacet
  facet normal -0.07473115967644123 -0.9972037172882049 0
    outer loop
      vertex 28.121719360351562 52.592594146728516 7.299999237060547
      vertex 27.624652862548828 52.629844665527344 2
      vertex 28.121719360351562 52.592594146728516 2
    endloop
  endfacet
  facet normal -0.27084563867408074 0.9626227921731487 0
    outer loop
      vertex 29.09243392944336 42.891761779785156 2
      vertex 28.61260414123535 42.75675582885742 7.299999237060547
      vertex 29.09243392944336 42.891761779785156 7.299999237060547
    endloop
  endfacet
  facet normal -0.27084563867408074 0.9626227921731487 0
    outer loop
      vertex 28.61260414123535 42.75675582885742 7.299999237060547
      vertex 29.09243392944336 42.891761779785156 2
      vertex 28.61260414123535 42.75675582885742 2
    endloop
  endfacet
  facet normal -0.7660420154645999 -0.6427905028412707 0
    outer loop
      vertex 31.48566246032715 50.650421142578125 2
      vertex 31.165258407592773 51.03226089477539 7.299999237060547
      vertex 31.165258407592773 51.03226089477539 2
    endloop
  endfacet
  facet normal -0.7660420154645999 -0.6427905028412707 0
    outer loop
      vertex 31.165258407592773 51.03226089477539 7.299999237060547
      vertex 31.48566246032715 50.650421142578125 2
      vertex 31.48566246032715 50.650421142578125 7.299999237060547
    endloop
  endfacet
  facet normal -0.8262427239507182 -0.5633142649698278 0
    outer loop
      vertex 31.76645278930664 50.23857116699219 2
      vertex 31.48566246032715 50.650421142578125 7.299999237060547
      vertex 31.48566246032715 50.650421142578125 2
    endloop
  endfacet
  facet normal -0.8262427239507182 -0.5633142649698278 0
    outer loop
      vertex 31.48566246032715 50.650421142578125 7.299999237060547
      vertex 31.76645278930664 50.23857116699219 2
      vertex 31.76645278930664 50.23857116699219 7.299999237060547
    endloop
  endfacet
  facet normal 0.12434555707507525 -0.9922389744591216 0
    outer loop
      vertex 26.631759643554688 52.55543518066406 2
      vertex 27.12635040283203 52.61741638183594 7.299999237060547
      vertex 26.631759643554688 52.55543518066406 7.299999237060547
    endloop
  endfacet
  facet normal 0.12434555707507525 -0.9922389744591216 0
    outer loop
      vertex 27.12635040283203 52.61741638183594 7.299999237060547
      vertex 26.631759643554688 52.55543518066406 2
      vertex 27.12635040283203 52.61741638183594 2
    endloop
  endfacet
  facet normal 0.66168668516126 -0.7497804549868606 0
    outer loop
      vertex 24.00881576538086 51.210731506347656 2
      vertex 24.382549285888672 51.54055404663086 7.299999237060547
      vertex 24.00881576538086 51.210731506347656 7.299999237060547
    endloop
  endfacet
  facet normal 0.66168668516126 -0.7497804549868606 0
    outer loop
      vertex 24.382549285888672 51.54055404663086 7.299999237060547
      vertex 24.00881576538086 51.210731506347656 2
      vertex 24.382549285888672 51.54055404663086 2
    endloop
  endfacet
  facet normal 0.7330496577140617 -0.6801751240124095 0
    outer loop
      vertex 23.669776916503906 50.8453369140625 7.299999237060547
      vertex 24.00881576538086 51.210731506347656 2
      vertex 24.00881576538086 51.210731506347656 7.299999237060547
    endloop
  endfacet
  facet normal 0.7330496577140617 -0.6801751240124095 0
    outer loop
      vertex 24.00881576538086 51.210731506347656 2
      vertex 23.669776916503906 50.8453369140625 7.299999237060547
      vertex 23.669776916503906 50.8453369140625 2
    endloop
  endfacet
  facet normal 0.9690771961063885 0.24675775162409844 0
    outer loop
      vertex 22.722135543823242 46.15761947631836 7.299999237060547
      vertex 22.599136352539062 46.64066696166992 2
      vertex 22.599136352539062 46.64066696166992 7.299999237060547
    endloop
  endfacet
  facet normal 0.9690771961063885 0.24675775162409844 0
    outer loop
      vertex 22.599136352539062 46.64066696166992 2
      vertex 22.722135543823242 46.15761947631836 7.299999237060547
      vertex 22.722135543823242 46.15761947631836 2
    endloop
  endfacet
  facet normal 0.5000010188802897 -0.8660248155328298 0
    outer loop
      vertex 24.787269592285156 51.83152770996094 2
      vertex 25.21894645690918 52.08075714111328 7.299999237060547
      vertex 24.787269592285156 51.83152770996094 7.299999237060547
    endloop
  endfacet
  facet normal 0.5000010188802897 -0.8660248155328298 0
    outer loop
      vertex 25.21894645690918 52.08075714111328 7.299999237060547
      vertex 24.787269592285156 51.83152770996094 2
      vertex 25.21894645690918 52.08075714111328 2
    endloop
  endfacet
  facet normal 0.9396930564451077 -0.34201894635948393 0
    outer loop
      vertex 22.722135543823242 49.10517120361328 7.299999237060547
      vertex 22.89261817932129 49.573570251464844 2
      vertex 22.89261817932129 49.573570251464844 7.299999237060547
    endloop
  endfacet
  facet normal 0.9396930564451077 -0.34201894635948393 0
    outer loop
      vertex 22.89261817932129 49.573570251464844 2
      vertex 22.722135543823242 49.10517120361328 7.299999237060547
      vertex 22.722135543823242 49.10517120361328 2
    endloop
  endfacet
  facet normal -0.9555730961634106 -0.2947542330292701 0
    outer loop
      vertex 32.34538650512695 48.86518478393555 2
      vertex 32.198463439941406 49.34149932861328 7.299999237060547
      vertex 32.198463439941406 49.34149932861328 2
    endloop
  endfacet
  facet normal -0.9555730961634106 -0.2947542330292701 0
    outer loop
      vertex 32.198463439941406 49.34149932861328 7.299999237060547
      vertex 32.34538650512695 48.86518478393555 2
      vertex 32.34538650512695 48.86518478393555 7.299999237060547
    endloop
  endfacet
  facet normal 0.9888307951857476 0.1490424721088666 0
    outer loop
      vertex 22.599136352539062 46.64066696166992 7.299999237060547
      vertex 22.524845123291016 47.1335563659668 2
      vertex 22.524845123291016 47.1335563659668 7.299999237060547
    endloop
  endfacet
  facet normal 0.9888307951857476 0.1490424721088666 0
    outer loop
      vertex 22.524845123291016 47.1335563659668 2
      vertex 22.599136352539062 46.64066696166992 7.299999237060547
      vertex 22.599136352539062 46.64066696166992 2
    endloop
  endfacet
  facet normal 0.9987570102833708 -0.04984410105341247 0
    outer loop
      vertex 22.5 47.63139724731445 7.299999237060547
      vertex 22.524845123291016 48.129234313964844 2
      vertex 22.524845123291016 48.129234313964844 7.299999237060547
    endloop
  endfacet
  facet normal 0.9987570102833708 -0.04984410105341247 0
    outer loop
      vertex 22.524845123291016 48.129234313964844 2
      vertex 22.5 47.63139724731445 7.299999237060547
      vertex 22.5 47.63139724731445 2
    endloop
  endfacet
  facet normal 0.9009698154307721 0.4338817715491634 0
    outer loop
      vertex 23.108890533447266 45.24012756347656 7.299999237060547
      vertex 22.89261817932129 45.68922424316406 2
      vertex 22.89261817932129 45.68922424316406 7.299999237060547
    endloop
  endfacet
  facet normal 0.9009698154307721 0.4338817715491634 0
    outer loop
      vertex 22.89261817932129 45.68922424316406 2
      vertex 23.108890533447266 45.24012756347656 7.299999237060547
      vertex 23.108890533447266 45.24012756347656 2
    endloop
  endfacet
  facet normal 0.9009698154307721 -0.4338817715491634 0
    outer loop
      vertex 22.89261817932129 49.573570251464844 7.299999237060547
      vertex 23.108890533447266 50.022666931152344 2
      vertex 23.108890533447266 50.022666931152344 7.299999237060547
    endloop
  endfacet
  facet normal 0.9009698154307721 -0.4338817715491634 0
    outer loop
      vertex 23.108890533447266 50.022666931152344 2
      vertex 22.89261817932129 49.573570251464844 7.299999237060547
      vertex 22.89261817932129 49.573570251464844 2
    endloop
  endfacet
  facet normal 0.9987570292965721 0.04984372007270604 0
    outer loop
      vertex 22.524845123291016 47.1335563659668 7.299999237060547
      vertex 22.5 47.63139724731445 2
      vertex 22.5 47.63139724731445 7.299999237060547
    endloop
  endfacet
  facet normal 0.9987570292965721 0.04984372007270604 0
    outer loop
      vertex 22.5 47.63139724731445 2
      vertex 22.524845123291016 47.1335563659668 7.299999237060547
      vertex 22.524845123291016 47.1335563659668 2
    endloop
  endfacet
  facet normal -0.9950310507895475 0.09956509410756899 0
    outer loop
      vertex 32.44415283203125 46.88618469238281 2
      vertex 32.49378204345703 47.38216781616211 7.299999237060547
      vertex 32.49378204345703 47.38216781616211 2
    endloop
  endfacet
  facet normal -0.9950310507895475 0.09956509410756899 0
    outer loop
      vertex 32.49378204345703 47.38216781616211 7.299999237060547
      vertex 32.44415283203125 46.88618469238281 2
      vertex 32.44415283203125 46.88618469238281 7.299999237060547
    endloop
  endfacet
  facet normal 0.8532909139011633 0.5214351505736046 0
    outer loop
      vertex 23.368804931640625 44.814796447753906 7.299999237060547
      vertex 23.108890533447266 45.24012756347656 2
      vertex 23.108890533447266 45.24012756347656 7.299999237060547
    endloop
  endfacet
  facet normal 0.8532909139011633 0.5214351505736046 0
    outer loop
      vertex 23.108890533447266 45.24012756347656 2
      vertex 23.368804931640625 44.814796447753906 7.299999237060547
      vertex 23.368804931640625 44.814796447753906 2
    endloop
  endfacet
  facet normal 0.93969216121412 0.3420214059861405 0
    outer loop
      vertex 22.89261817932129 45.68922424316406 7.299999237060547
      vertex 22.722135543823242 46.15761947631836 2
      vertex 22.722135543823242 46.15761947631836 7.299999237060547
    endloop
  endfacet
  facet normal 0.93969216121412 0.3420214059861405 0
    outer loop
      vertex 22.722135543823242 46.15761947631836 2
      vertex 22.89261817932129 45.68922424316406 7.299999237060547
      vertex 22.89261817932129 45.68922424316406 2
    endloop
  endfacet
  facet normal 0.9888309651852852 -0.1490413442328586 0
    outer loop
      vertex 22.524845123291016 48.129234313964844 7.299999237060547
      vertex 22.599136352539062 48.622127532958984 2
      vertex 22.599136352539062 48.622127532958984 7.299999237060547
    endloop
  endfacet
  facet normal 0.9888309651852852 -0.1490413442328586 0
    outer loop
      vertex 22.599136352539062 48.622127532958984 2
      vertex 22.524845123291016 48.129234313964844 7.299999237060547
      vertex 22.524845123291016 48.129234313964844 2
    endloop
  endfacet
  facet normal 0.12434555707507525 0.9922389744591216 0
    outer loop
      vertex 27.12635040283203 42.64537811279297 2
      vertex 26.631759643554688 42.707359313964844 7.299999237060547
      vertex 27.12635040283203 42.64537811279297 7.299999237060547
    endloop
  endfacet
  facet normal 0.12434555707507525 0.9922389744591216 0
    outer loop
      vertex 26.631759643554688 42.707359313964844 7.299999237060547
      vertex 27.12635040283203 42.64537811279297 2
      vertex 26.631759643554688 42.707359313964844 2
    endloop
  endfacet
  facet normal -0.6234884913495241 0.7818325275624532 0
    outer loop
      vertex 30.808429718017578 43.88249206542969 2
      vertex 30.418718338012695 43.57170867919922 7.299999237060547
      vertex 30.808429718017578 43.88249206542969 7.299999237060547
    endloop
  endfacet
  facet normal -0.6234884913495241 0.7818325275624532 0
    outer loop
      vertex 30.418718338012695 43.57170867919922 7.299999237060547
      vertex 30.808429718017578 43.88249206542969 2
      vertex 30.418718338012695 43.57170867919922 2
    endloop
  endfacet
  facet normal 0.4112871222449548 0.9115058436869529 0
    outer loop
      vertex 25.673294067382812 42.977027893066406 2
      vertex 25.21894645690918 43.182037353515625 7.299999237060547
      vertex 25.673294067382812 42.977027893066406 7.299999237060547
    endloop
  endfacet
  facet normal 0.4112871222449548 0.9115058436869529 0
    outer loop
      vertex 25.21894645690918 43.182037353515625 7.299999237060547
      vertex 25.673294067382812 42.977027893066406 2
      vertex 25.21894645690918 43.182037353515625 2
    endloop
  endfacet
  facet normal 0.5837431152142402 0.8119384061860693 0
    outer loop
      vertex 24.787269592285156 43.43126678466797 2
      vertex 24.382549285888672 43.72224044799805 7.299999237060547
      vertex 24.787269592285156 43.43126678466797 7.299999237060547
    endloop
  endfacet
  facet normal 0.5837431152142402 0.8119384061860693 0
    outer loop
      vertex 24.382549285888672 43.72224044799805 7.299999237060547
      vertex 24.787269592285156 43.43126678466797 2
      vertex 24.382549285888672 43.72224044799805 2
    endloop
  endfacet
  facet normal 0.9690767301180304 -0.2467595816655272 0
    outer loop
      vertex 22.599136352539062 48.622127532958984 7.299999237060547
      vertex 22.722135543823242 49.10517120361328 2
      vertex 22.722135543823242 49.10517120361328 7.299999237060547
    endloop
  endfacet
  facet normal 0.9690767301180304 -0.2467595816655272 0
    outer loop
      vertex 22.722135543823242 49.10517120361328 2
      vertex 22.599136352539062 48.622127532958984 7.299999237060547
      vertex 22.599136352539062 48.622127532958984 2
    endloop
  endfacet
  facet normal -0.9950310507895475 -0.09956509410756899 0
    outer loop
      vertex 32.49378204345703 47.8806266784668 2
      vertex 32.44415283203125 48.376609802246094 7.299999237060547
      vertex 32.44415283203125 48.376609802246094 2
    endloop
  endfacet
  facet normal -0.9950310507895475 -0.09956509410756899 0
    outer loop
      vertex 32.44415283203125 48.376609802246094 7.299999237060547
      vertex 32.49378204345703 47.8806266784668 2
      vertex 32.49378204345703 47.8806266784668 7.299999237060547
    endloop
  endfacet
  facet normal -0.9801729696092123 -0.19814376005178225 0
    outer loop
      vertex 32.44415283203125 48.376609802246094 2
      vertex 32.34538650512695 48.86518478393555 7.299999237060547
      vertex 32.34538650512695 48.86518478393555 2
    endloop
  endfacet
  facet normal -0.9801729696092123 -0.19814376005178225 0
    outer loop
      vertex 32.34538650512695 48.86518478393555 7.299999237060547
      vertex 32.44415283203125 48.376609802246094 2
      vertex 32.44415283203125 48.376609802246094 7.299999237060547
    endloop
  endfacet
  facet normal 0.5000010188802897 0.8660248155328298 0
    outer loop
      vertex 25.21894645690918 43.182037353515625 2
      vertex 24.787269592285156 43.43126678466797 7.299999237060547
      vertex 25.21894645690918 43.182037353515625 7.299999237060547
    endloop
  endfacet
  facet normal 0.5000010188802897 0.8660248155328298 0
    outer loop
      vertex 24.787269592285156 43.43126678466797 7.299999237060547
      vertex 25.21894645690918 43.182037353515625 2
      vertex 24.787269592285156 43.43126678466797 2
    endloop
  endfacet
  facet normal 0 0 -1
    outer loop
      vertex 32.44415283203125 46.88618469238281 7.299999237060547
      vertex 32.49378204345703 47.8806266784668 7.299999237060547
      vertex 32.49378204345703 47.38216781616211 7.299999237060547
    endloop
  endfacet
  facet normal 0 0 -1
    outer loop
      vertex 32.44415283203125 46.88618469238281 7.299999237060547
      vertex 32.44415283203125 48.376609802246094 7.299999237060547
      vertex 32.49378204345703 47.8806266784668 7.299999237060547
    endloop
  endfacet
  facet normal 0 0 -1
    outer loop
      vertex 32.34538650512695 46.39760971069336 7.299999237060547
      vertex 32.44415283203125 48.376609802246094 7.299999237060547
      vertex 32.44415283203125 46.88618469238281 7.299999237060547
    endloop
  endfacet
  facet normal 0 0 -1
    outer loop
      vertex 32.34538650512695 46.39760971069336 7.299999237060547
      vertex 32.34538650512695 48.86518478393555 7.299999237060547
      vertex 32.44415283203125 48.376609802246094 7.299999237060547
    endloop
  endfacet
  facet normal 0 0 -1
    outer loop
      vertex 32.198463439941406 45.921295166015625 7.299999237060547
      vertex 32.34538650512695 48.86518478393555 7.299999237060547
      vertex 32.34538650512695 46.39760971069336 7.299999237060547
    endloop
  endfacet
  facet normal 0 0 -1
    outer loop
      vertex 32.198463439941406 45.921295166015625 7.299999237060547
      vertex 32.198463439941406 49.34149932861328 7.299999237060547
      vertex 32.34538650512695 48.86518478393555 7.299999237060547
    endloop
  endfacet
  facet normal 0 0 -1
    outer loop
      vertex 32.004844665527344 45.461978912353516 7.299999237060547
      vertex 32.198463439941406 49.34149932861328 7.299999237060547
      vertex 32.198463439941406 45.921295166015625 7.299999237060547
    endloop
  endfacet
  facet normal 0 0 -1
    outer loop
      vertex 32.004844665527344 45.461978912353516 7.299999237060547
      vertex 32.004844665527344 49.80081558227539 7.299999237060547
      vertex 32.198463439941406 49.34149932861328 7.299999237060547
    endloop
  endfacet
  facet normal 0 0 -1
    outer loop
      vertex 31.76645278930664 45.02421951293945 7.299999237060547
      vertex 32.004844665527344 49.80081558227539 7.299999237060547
      vertex 32.004844665527344 45.461978912353516 7.299999237060547
    endloop
  endfacet
  facet normal 0 0 -1
    outer loop
      vertex 31.76645278930664 45.02421951293945 7.299999237060547
      vertex 31.76645278930664 50.23857116699219 7.299999237060547
      vertex 32.004844665527344 49.80081558227539 7.299999237060547
    endloop
  endfacet
  facet normal 0 0 -1
    outer loop
      vertex 31.48566246032715 44.61237335205078 7.299999237060547
      vertex 31.76645278930664 50.23857116699219 7.299999237060547
      vertex 31.76645278930664 45.02421951293945 7.299999237060547
    endloop
  endfacet
  facet normal 0 0 -1
    outer loop
      vertex 31.48566246032715 44.61237335205078 7.299999237060547
      vertex 31.48566246032715 50.650421142578125 7.299999237060547
      vertex 31.76645278930664 50.23857116699219 7.299999237060547
    endloop
  endfacet
  facet normal 0 0 -1
    outer loop
      vertex 31.165258407592773 44.230533599853516 7.299999237060547
      vertex 31.48566246032715 50.650421142578125 7.299999237060547
      vertex 31.48566246032715 44.61237335205078 7.299999237060547
    endloop
  endfacet
  facet normal 0 0 -1
    outer loop
      vertex 31.165258407592773 44.230533599853516 7.299999237060547
      vertex 31.165258407592773 51.03226089477539 7.299999237060547
      vertex 31.48566246032715 50.650421142578125 7.299999237060547
    endloop
  endfacet
  facet normal 0 0 -1
    outer loop
      vertex 30.808429718017578 43.88249206542969 7.299999237060547
      vertex 31.165258407592773 51.03226089477539 7.299999237060547
      vertex 31.165258407592773 44.230533599853516 7.299999237060547
    endloop
  endfacet
  facet normal 0 0 -1
    outer loop
      vertex 30.808429718017578 43.88249206542969 7.299999237060547
      vertex 30.808429718017578 51.38030242919922 7.299999237060547
      vertex 31.165258407592773 51.03226089477539 7.299999237060547
    endloop
  endfacet
  facet normal 0 0 -1
    outer loop
      vertex 30.418718338012695 43.57170867919922 7.299999237060547
      vertex 30.808429718017578 51.38030242919922 7.299999237060547
      vertex 30.808429718017578 43.88249206542969 7.299999237060547
    endloop
  endfacet
  facet normal 0 0 -1
    outer loop
      vertex 30.418718338012695 43.57170867919922 7.299999237060547
      vertex 30.418718338012695 51.69108581542969 7.299999237060547
      vertex 30.808429718017578 51.38030242919922 7.299999237060547
    endloop
  endfacet
  facet normal 0 0 -1
    outer loop
      vertex 30 43.30126953125 7.299999237060547
      vertex 30.418718338012695 51.69108581542969 7.299999237060547
      vertex 30.418718338012695 43.57170867919922 7.299999237060547
    endloop
  endfacet
  facet normal 0 0 -1
    outer loop
      vertex 30 43.30126953125 7.299999237060547
      vertex 30 51.961524963378906 7.299999237060547
      vertex 30.418718338012695 51.69108581542969 7.299999237060547
    endloop
  endfacet
  facet normal 0 0 -1
    outer loop
      vertex 29.556434631347656 43.07386779785156 7.299999237060547
      vertex 30 51.961524963378906 7.299999237060547
      vertex 30 43.30126953125 7.299999237060547
    endloop
  endfacet
  facet normal 0 0 -1
    outer loop
      vertex 29.556434631347656 43.07386779785156 7.299999237060547
      vertex 29.556434631347656 52.188926696777344 7.299999237060547
      vertex 30 51.961524963378906 7.299999237060547
    endloop
  endfacet
  facet normal 0 0 -1
    outer loop
      vertex 29.09243392944336 42.891761779785156 7.299999237060547
      vertex 29.556434631347656 52.188926696777344 7.299999237060547
      vertex 29.556434631347656 43.07386779785156 7.299999237060547
    endloop
  endfacet
  facet normal 0 0 -1
    outer loop
      vertex 29.09243392944336 42.891761779785156 7.299999237060547
      vertex 29.09243392944336 52.37103271484375 7.299999237060547
      vertex 29.556434631347656 52.188926696777344 7.299999237060547
    endloop
  endfacet
  facet normal 0 0 -1
    outer loop
      vertex 28.61260414123535 42.75675582885742 7.299999237060547
      vertex 29.09243392944336 52.37103271484375 7.299999237060547
      vertex 29.09243392944336 42.891761779785156 7.299999237060547
    endloop
  endfacet
  facet normal 0 0 -1
    outer loop
      vertex 28.61260414123535 42.75675582885742 7.299999237060547
      vertex 28.61260414123535 52.50603485107422 7.299999237060547
      vertex 29.09243392944336 52.37103271484375 7.299999237060547
    endloop
  endfacet
  facet normal 0 0 -1
    outer loop
      vertex 28.121719360351562 42.67020034790039 7.299999237060547
      vertex 28.61260414123535 52.50603485107422 7.299999237060547
      vertex 28.61260414123535 42.75675582885742 7.299999237060547
    endloop
  endfacet
  facet normal 0 0 -1
    outer loop
      vertex 28.121719360351562 42.67020034790039 7.299999237060547
      vertex 28.121719360351562 52.592594146728516 7.299999237060547
      vertex 28.61260414123535 52.50603485107422 7.299999237060547
    endloop
  endfacet
  facet normal 0 0 -1
    outer loop
      vertex 27.624652862548828 42.63294982910156 7.299999237060547
      vertex 28.121719360351562 52.592594146728516 7.299999237060547
      vertex 28.121719360351562 42.67020034790039 7.299999237060547
    endloop
  endfacet
  facet normal 0 0 -1
    outer loop
      vertex 27.624652862548828 42.63294982910156 7.299999237060547
      vertex 27.624652862548828 52.629844665527344 7.299999237060547
      vertex 28.121719360351562 52.592594146728516 7.299999237060547
    endloop
  endfacet
  facet normal 0 0 -1
    outer loop
      vertex 27.12635040283203 42.64537811279297 7.299999237060547
      vertex 27.624652862548828 52.629844665527344 7.299999237060547
      vertex 27.624652862548828 42.63294982910156 7.299999237060547
    endloop
  endfacet
  facet normal 0 0 -1
    outer loop
      vertex 27.12635040283203 42.64537811279297 7.299999237060547
      vertex 27.12635040283203 52.61741638183594 7.299999237060547
      vertex 27.624652862548828 52.629844665527344 7.299999237060547
    endloop
  endfacet
  facet normal 0 0 -1
    outer loop
      vertex 26.631759643554688 42.707359313964844 7.299999237060547
      vertex 27.12635040283203 52.61741638183594 7.299999237060547
      vertex 27.12635040283203 42.64537811279297 7.299999237060547
    endloop
  endfacet
  facet normal 0 0 -1
    outer loop
      vertex 26.631759643554688 42.707359313964844 7.299999237060547
      vertex 26.631759643554688 52.55543518066406 7.299999237060547
      vertex 27.12635040283203 52.61741638183594 7.299999237060547
    endloop
  endfacet
  facet normal 0 0 -1
    outer loop
      vertex 26.145797729492188 42.818275451660156 7.299999237060547
      vertex 26.631759643554688 52.55543518066406 7.299999237060547
      vertex 26.631759643554688 42.707359313964844 7.299999237060547
    endloop
  endfacet
  facet normal 0 0 -1
    outer loop
      vertex 26.145797729492188 42.818275451660156 7.299999237060547
      vertex 26.145797729492188 52.44451904296875 7.299999237060547
      vertex 26.631759643554688 52.55543518066406 7.299999237060547
    endloop
  endfacet
  facet normal 0 0 -1
    outer loop
      vertex 25.673294067382812 42.977027893066406 7.299999237060547
      vertex 26.145797729492188 52.44451904296875 7.299999237060547
      vertex 26.145797729492188 42.818275451660156 7.299999237060547
    endloop
  endfacet
  facet normal 0 0 -1
    outer loop
      vertex 25.673294067382812 42.977027893066406 7.299999237060547
      vertex 25.673294067382812 52.2857666015625 7.299999237060547
      vertex 26.145797729492188 52.44451904296875 7.299999237060547
    endloop
  endfacet
  facet normal 0 0 -1
    outer loop
      vertex 25.21894645690918 43.182037353515625 7.299999237060547
      vertex 25.673294067382812 52.2857666015625 7.299999237060547
      vertex 25.673294067382812 42.977027893066406 7.299999237060547
    endloop
  endfacet
  facet normal 0 0 -1
    outer loop
      vertex 25.21894645690918 43.182037353515625 7.299999237060547
      vertex 25.21894645690918 52.08075714111328 7.299999237060547
      vertex 25.673294067382812 52.2857666015625 7.299999237060547
    endloop
  endfacet
  facet normal 0 0 -1
    outer loop
      vertex 24.787269592285156 43.43126678466797 7.299999237060547
      vertex 25.21894645690918 52.08075714111328 7.299999237060547
      vertex 25.21894645690918 43.182037353515625 7.299999237060547
    endloop
  endfacet
  facet normal 0 0 -1
    outer loop
      vertex 24.787269592285156 43.43126678466797 7.299999237060547
      vertex 24.787269592285156 51.83152770996094 7.299999237060547
      vertex 25.21894645690918 52.08075714111328 7.299999237060547
    endloop
  endfacet
  facet normal 0 0 -1
    outer loop
      vertex 24.382549285888672 43.72224044799805 7.299999237060547
      vertex 24.787269592285156 51.83152770996094 7.299999237060547
      vertex 24.787269592285156 43.43126678466797 7.299999237060547
    endloop
  endfacet
  facet normal 0 0 -1
    outer loop
      vertex 24.382549285888672 43.72224044799805 7.299999237060547
      vertex 24.382549285888672 51.54055404663086 7.299999237060547
      vertex 24.787269592285156 51.83152770996094 7.299999237060547
    endloop
  endfacet
  facet normal 0 0 -1
    outer loop
      vertex 24.00881576538086 44.05206298828125 7.299999237060547
      vertex 24.382549285888672 51.54055404663086 7.299999237060547
      vertex 24.382549285888672 43.72224044799805 7.299999237060547
    endloop
  endfacet
  facet normal 0 0 -1
    outer loop
      vertex 24.00881576538086 44.05206298828125 7.299999237060547
      vertex 24.00881576538086 51.210731506347656 7.299999237060547
      vertex 24.382549285888672 51.54055404663086 7.299999237060547
    endloop
  endfacet
  facet normal 0 0 -1
    outer loop
      vertex 23.669776916503906 44.417457580566406 7.299999237060547
      vertex 24.00881576538086 51.210731506347656 7.299999237060547
      vertex 24.00881576538086 44.05206298828125 7.299999237060547
    endloop
  endfacet
  facet normal 0 0 -1
    outer loop
      vertex 23.669776916503906 44.417457580566406 7.299999237060547
      vertex 23.669776916503906 50.8453369140625 7.299999237060547
      vertex 24.00881576538086 51.210731506347656 7.299999237060547
    endloop
  endfacet
  facet normal 0 0 -1
    outer loop
      vertex 23.368804931640625 44.814796447753906 7.299999237060547
      vertex 23.669776916503906 50.8453369140625 7.299999237060547
      vertex 23.669776916503906 44.417457580566406 7.299999237060547
    endloop
  endfacet
  facet normal 0 0 -1
    outer loop
      vertex 23.368804931640625 44.814796447753906 7.299999237060547
      vertex 23.368804931640625 50.447998046875 7.299999237060547
      vertex 23.669776916503906 50.8453369140625 7.299999237060547
    endloop
  endfacet
  facet normal 0 0 -1
    outer loop
      vertex 23.108890533447266 45.24012756347656 7.299999237060547
      vertex 23.368804931640625 50.447998046875 7.299999237060547
      vertex 23.368804931640625 44.814796447753906 7.299999237060547
    endloop
  endfacet
  facet normal 0 0 -1
    outer loop
      vertex 23.108890533447266 45.24012756347656 7.299999237060547
      vertex 23.108890533447266 50.022666931152344 7.299999237060547
      vertex 23.368804931640625 50.447998046875 7.299999237060547
    endloop
  endfacet
  facet normal 0 0 -1
    outer loop
      vertex 22.89261817932129 45.68922424316406 7.299999237060547
      vertex 23.108890533447266 50.022666931152344 7.299999237060547
      vertex 23.108890533447266 45.24012756347656 7.299999237060547
    endloop
  endfacet
  facet normal 0 0 -1
    outer loop
      vertex 22.89261817932129 45.68922424316406 7.299999237060547
      vertex 22.89261817932129 49.573570251464844 7.299999237060547
      vertex 23.108890533447266 50.022666931152344 7.299999237060547
    endloop
  endfacet
  facet normal 0 0 -1
    outer loop
      vertex 22.722135543823242 46.15761947631836 7.299999237060547
      vertex 22.89261817932129 49.573570251464844 7.299999237060547
      vertex 22.89261817932129 45.68922424316406 7.299999237060547
    endloop
  endfacet
  facet normal 0 0 -1
    outer loop
      vertex 22.722135543823242 46.15761947631836 7.299999237060547
      vertex 22.722135543823242 49.10517120361328 7.299999237060547
      vertex 22.89261817932129 49.573570251464844 7.299999237060547
    endloop
  endfacet
  facet normal 0 0 -1
    outer loop
      vertex 22.599136352539062 46.64066696166992 7.299999237060547
      vertex 22.722135543823242 49.10517120361328 7.299999237060547
      vertex 22.722135543823242 46.15761947631836 7.299999237060547
    endloop
  endfacet
  facet normal 0 0 -1
    outer loop
      vertex 22.599136352539062 46.64066696166992 7.299999237060547
      vertex 22.599136352539062 48.622127532958984 7.299999237060547
      vertex 22.722135543823242 49.10517120361328 7.299999237060547
    endloop
  endfacet
  facet normal 0 0 -1
    outer loop
      vertex 22.524845123291016 47.1335563659668 7.299999237060547
      vertex 22.599136352539062 48.622127532958984 7.299999237060547
      vertex 22.599136352539062 46.64066696166992 7.299999237060547
    endloop
  endfacet
  facet normal 0 0 -1
    outer loop
      vertex 22.524845123291016 47.1335563659668 7.299999237060547
      vertex 22.524845123291016 48.129234313964844 7.299999237060547
      vertex 22.599136352539062 48.622127532958984 7.299999237060547
    endloop
  endfacet
  facet normal 0 0 -1
    outer loop
      vertex 22.524845123291016 48.129234313964844 7.299999237060547
      vertex 22.524845123291016 47.1335563659668 7.299999237060547
      vertex 22.5 47.63139724731445 7.299999237060547
    endloop
  endfacet
  facet normal -1 0 0
    outer loop
      vertex 32.49378204345703 47.38216781616211 2
      vertex 32.49378204345703 47.8806266784668 7.299999237060547
      vertex 32.49378204345703 47.8806266784668 2
    endloop
  endfacet
  facet normal -1 0 0
    outer loop
      vertex 32.49378204345703 47.8806266784668 7.299999237060547
      vertex 32.49378204345703 47.38216781616211 2
      vertex 32.49378204345703 47.38216781616211 7.299999237060547
    endloop
  endfacet
  facet normal 0.31848602630504974 0.9479275558018234 0
    outer loop
      vertex 26.145797729492188 42.818275451660156 2
      vertex 25.673294067382812 42.977027893066406 7.299999237060547
      vertex 26.145797729492188 42.818275451660156 7.299999237060547
    endloop
  endfacet
  facet normal 0.31848602630504974 0.9479275558018234 0
    outer loop
      vertex 25.673294067382812 42.977027893066406 7.299999237060547
      vertex 26.145797729492188 42.818275451660156 2
      vertex 25.673294067382812 42.977027893066406 2
    endloop
  endfacet
  facet normal -0.9214756824485849 0.38843605220926003 0
    outer loop
      vertex 32.004844665527344 45.461978912353516 2
      vertex 32.198463439941406 45.921295166015625 7.299999237060547
      vertex 32.198463439941406 45.921295166015625 2
    endloop
  endfacet
  facet normal -0.9214756824485849 0.38843605220926003 0
    outer loop
      vertex 32.198463439941406 45.921295166015625 7.299999237060547
      vertex 32.004844665527344 45.461978912353516 2
      vertex 32.004844665527344 45.461978912353516 7.299999237060547
    endloop
  endfacet
  facet normal 0.66168668516126 0.7497804549868606 0
    outer loop
      vertex 24.382549285888672 43.72224044799805 2
      vertex 24.00881576538086 44.05206298828125 7.299999237060547
      vertex 24.382549285888672 43.72224044799805 7.299999237060547
    endloop
  endfacet
  facet normal 0.66168668516126 0.7497804549868606 0
    outer loop
      vertex 24.00881576538086 44.05206298828125 7.299999237060547
      vertex 24.382549285888672 43.72224044799805 2
      vertex 24.00881576538086 44.05206298828125 2
    endloop
  endfacet
  facet normal -0.1736467177490909 0.9848080104339969 0
    outer loop
      vertex 28.61260414123535 42.75675582885742 2
      vertex 28.121719360351562 42.67020034790039 7.299999237060547
      vertex 28.61260414123535 42.75675582885742 7.299999237060547
    endloop
  endfacet
  facet normal -0.1736467177490909 0.9848080104339969 0
    outer loop
      vertex 28.121719360351562 42.67020034790039 7.299999237060547
      vertex 28.61260414123535 42.75675582885742 2
      vertex 28.121719360351562 42.67020034790039 2
    endloop
  endfacet
  facet normal 0.22251807751640043 0.9749285641411914 0
    outer loop
      vertex 26.631759643554688 42.707359313964844 2
      vertex 26.145797729492188 42.818275451660156 7.299999237060547
      vertex 26.631759643554688 42.707359313964844 7.299999237060547
    endloop
  endfacet
  facet normal 0.22251807751640043 0.9749285641411914 0
    outer loop
      vertex 26.145797729492188 42.818275451660156 7.299999237060547
      vertex 26.631759643554688 42.707359313964844 2
      vertex 26.145797729492188 42.818275451660156 2
    endloop
  endfacet
  facet normal -0.9801729696092123 0.19814376005178225 0
    outer loop
      vertex 32.34538650512695 46.39760971069336 2
      vertex 32.44415283203125 46.88618469238281 7.299999237060547
      vertex 32.44415283203125 46.88618469238281 2
    endloop
  endfacet
  facet normal -0.9801729696092123 0.19814376005178225 0
    outer loop
      vertex 32.44415283203125 46.88618469238281 7.299999237060547
      vertex 32.34538650512695 46.39760971069336 2
      vertex 32.34538650512695 46.39760971069336 7.299999237060547
    endloop
  endfacet
  facet normal -0.8262402954720164 0.5633178269310454 0
    outer loop
      vertex 31.48566246032715 44.61237335205078 2
      vertex 31.76645278930664 45.02421951293945 7.299999237060547
      vertex 31.76645278930664 45.02421951293945 2
    endloop
  endfacet
  facet normal -0.8262402954720164 0.5633178269310454 0
    outer loop
      vertex 31.76645278930664 45.02421951293945 7.299999237060547
      vertex 31.48566246032715 44.61237335205078 2
      vertex 31.48566246032715 44.61237335205078 7.299999237060547
    endloop
  endfacet
  facet normal -0.5425493394484558 0.8400239367208795 0
    outer loop
      vertex 30.418718338012695 43.57170867919922 2
      vertex 30 43.30126953125 7.299999237060547
      vertex 30.418718338012695 43.57170867919922 7.299999237060547
    endloop
  endfacet
  facet normal -0.5425493394484558 0.8400239367208795 0
    outer loop
      vertex 30 43.30126953125 7.299999237060547
      vertex 30.418718338012695 43.57170867919922 2
      vertex 30 43.30126953125 2
    endloop
  endfacet
  facet normal -0.07473115967644123 0.9972037172882049 0
    outer loop
      vertex 28.121719360351562 42.67020034790039 2
      vertex 27.624652862548828 42.63294982910156 7.299999237060547
      vertex 28.121719360351562 42.67020034790039 7.299999237060547
    endloop
  endfacet
  facet normal -0.07473115967644123 0.9972037172882049 0
    outer loop
      vertex 27.624652862548828 42.63294982910156 7.299999237060547
      vertex 28.121719360351562 42.67020034790039 2
      vertex 27.624652862548828 42.63294982910156 2
    endloop
  endfacet
  facet normal -0.4562091281375018 0.8898725927929348 0
    outer loop
      vertex 30 43.30126953125 2
      vertex 29.556434631347656 43.07386779785156 7.299999237060547
      vertex 30 43.30126953125 7.299999237060547
    endloop
  endfacet
  facet normal -0.4562091281375018 0.8898725927929348 0
    outer loop
      vertex 29.556434631347656 43.07386779785156 7.299999237060547
      vertex 30 43.30126953125 2
      vertex 29.556434631347656 43.07386779785156 2
    endloop
  endfacet
  facet normal 0.7330496577140617 0.6801751240124095 0
    outer loop
      vertex 24.00881576538086 44.05206298828125 7.299999237060547
      vertex 23.669776916503906 44.417457580566406 2
      vertex 23.669776916503906 44.417457580566406 7.299999237060547
    endloop
  endfacet
  facet normal 0.7330496577140617 0.6801751240124095 0
    outer loop
      vertex 23.669776916503906 44.417457580566406 2
      vertex 24.00881576538086 44.05206298828125 7.299999237060547
      vertex 24.00881576538086 44.05206298828125 2
    endloop
  endfacet
  facet normal 0.024933490989674702 0.9996891121879181 0
    outer loop
      vertex 27.624652862548828 42.63294982910156 2
      vertex 27.12635040283203 42.64537811279297 7.299999237060547
      vertex 27.624652862548828 42.63294982910156 7.299999237060547
    endloop
  endfacet
  facet normal 0.024933490989674702 0.9996891121879181 0
    outer loop
      vertex 27.12635040283203 42.64537811279297 7.299999237060547
      vertex 27.624652862548828 42.63294982910156 2
      vertex 27.12635040283203 42.64537811279297 2
    endloop
  endfacet
  facet normal 0 0 1
    outer loop
      vertex 32.44415283203125 48.376609802246094 2
      vertex 32.49378204345703 47.38216781616211 2
      vertex 32.49378204345703 47.8806266784668 2
    endloop
  endfacet
  facet normal 0 0 1
    outer loop
      vertex 32.44415283203125 48.376609802246094 2
      vertex 32.44415283203125 46.88618469238281 2
      vertex 32.49378204345703 47.38216781616211 2
    endloop
  endfacet
  facet normal 0 0 1
    outer loop
      vertex 32.34538650512695 48.86518478393555 2
      vertex 32.44415283203125 46.88618469238281 2
      vertex 32.44415283203125 48.376609802246094 2
    endloop
  endfacet
  facet normal 0 0 1
    outer loop
      vertex 32.34538650512695 48.86518478393555 2
      vertex 32.34538650512695 46.39760971069336 2
      vertex 32.44415283203125 46.88618469238281 2
    endloop
  endfacet
  facet normal 0 0 1
    outer loop
      vertex 32.198463439941406 49.34149932861328 2
      vertex 32.34538650512695 46.39760971069336 2
      vertex 32.34538650512695 48.86518478393555 2
    endloop
  endfacet
  facet normal 0 0 1
    outer loop
      vertex 32.198463439941406 49.34149932861328 2
      vertex 32.198463439941406 45.921295166015625 2
      vertex 32.34538650512695 46.39760971069336 2
    endloop
  endfacet
  facet normal 0 0 1
    outer loop
      vertex 32.004844665527344 49.80081558227539 2
      vertex 32.198463439941406 45.921295166015625 2
      vertex 32.198463439941406 49.34149932861328 2
    endloop
  endfacet
  facet normal 0 0 1
    outer loop
      vertex 32.004844665527344 49.80081558227539 2
      vertex 32.004844665527344 45.461978912353516 2
      vertex 32.198463439941406 45.921295166015625 2
    endloop
  endfacet
  facet normal 0 0 1
    outer loop
      vertex 31.76645278930664 50.23857116699219 2
      vertex 32.004844665527344 45.461978912353516 2
      vertex 32.004844665527344 49.80081558227539 2
    endloop
  endfacet
  facet normal 0 0 1
    outer loop
      vertex 31.76645278930664 50.23857116699219 2
      vertex 31.76645278930664 45.02421951293945 2
      vertex 32.004844665527344 45.461978912353516 2
    endloop
  endfacet
  facet normal 0 0 1
    outer loop
      vertex 31.48566246032715 50.650421142578125 2
      vertex 31.76645278930664 45.02421951293945 2
      vertex 31.76645278930664 50.23857116699219 2
    endloop
  endfacet
  facet normal 0 0 1
    outer loop
      vertex 31.48566246032715 50.650421142578125 2
      vertex 31.48566246032715 44.61237335205078 2
      vertex 31.76645278930664 45.02421951293945 2
    endloop
  endfacet
  facet normal 0 0 1
    outer loop
      vertex 31.165258407592773 51.03226089477539 2
      vertex 31.48566246032715 44.61237335205078 2
      vertex 31.48566246032715 50.650421142578125 2
    endloop
  endfacet
  facet normal 0 0 1
    outer loop
      vertex 31.165258407592773 51.03226089477539 2
      vertex 31.165258407592773 44.230533599853516 2
      vertex 31.48566246032715 44.61237335205078 2
    endloop
  endfacet
  facet normal 0 0 1
    outer loop
      vertex 30.808429718017578 51.38030242919922 2
      vertex 31.165258407592773 44.230533599853516 2
      vertex 31.165258407592773 51.03226089477539 2
    endloop
  endfacet
  facet normal 0 0 1
    outer loop
      vertex 30.808429718017578 51.38030242919922 2
      vertex 30.808429718017578 43.88249206542969 2
      vertex 31.165258407592773 44.230533599853516 2
    endloop
  endfacet
  facet normal 0 0 1
    outer loop
      vertex 30.418718338012695 51.69108581542969 2
      vertex 30.808429718017578 43.88249206542969 2
      vertex 30.808429718017578 51.38030242919922 2
    endloop
  endfacet
  facet normal 0 0 1
    outer loop
      vertex 30.418718338012695 51.69108581542969 2
      vertex 30.418718338012695 43.57170867919922 2
      vertex 30.808429718017578 43.88249206542969 2
    endloop
  endfacet
  facet normal 0 0 1
    outer loop
      vertex 30 51.961524963378906 2
      vertex 30.418718338012695 43.57170867919922 2
      vertex 30.418718338012695 51.69108581542969 2
    endloop
  endfacet
  facet normal 0 0 1
    outer loop
      vertex 30 51.961524963378906 2
      vertex 30 43.30126953125 2
      vertex 30.418718338012695 43.57170867919922 2
    endloop
  endfacet
  facet normal 0 0 1
    outer loop
      vertex 29.556434631347656 52.188926696777344 2
      vertex 30 43.30126953125 2
      vertex 30 51.961524963378906 2
    endloop
  endfacet
  facet normal 0 0 1
    outer loop
      vertex 29.556434631347656 52.188926696777344 2
      vertex 29.556434631347656 43.07386779785156 2
      vertex 30 43.30126953125 2
    endloop
  endfacet
  facet normal 0 0 1
    outer loop
      vertex 29.09243392944336 52.37103271484375 2
      vertex 29.556434631347656 43.07386779785156 2
      vertex 29.556434631347656 52.188926696777344 2
    endloop
  endfacet
  facet normal 0 0 1
    outer loop
      vertex 29.09243392944336 52.37103271484375 2
      vertex 29.09243392944336 42.891761779785156 2
      vertex 29.556434631347656 43.07386779785156 2
    endloop
  endfacet
  facet normal 0 0 1
    outer loop
      vertex 28.61260414123535 52.50603485107422 2
      vertex 29.09243392944336 42.891761779785156 2
      vertex 29.09243392944336 52.37103271484375 2
    endloop
  endfacet
  facet normal 0 0 1
    outer loop
      vertex 28.61260414123535 52.50603485107422 2
      vertex 28.61260414123535 42.75675582885742 2
      vertex 29.09243392944336 42.891761779785156 2
    endloop
  endfacet
  facet normal 0 0 1
    outer loop
      vertex 28.121719360351562 52.592594146728516 2
      vertex 28.61260414123535 42.75675582885742 2
      vertex 28.61260414123535 52.50603485107422 2
    endloop
  endfacet
  facet normal 0 0 1
    outer loop
      vertex 28.121719360351562 52.592594146728516 2
      vertex 28.121719360351562 42.67020034790039 2
      vertex 28.61260414123535 42.75675582885742 2
    endloop
  endfacet
  facet normal 0 0 1
    outer loop
      vertex 27.624652862548828 52.629844665527344 2
      vertex 28.121719360351562 42.67020034790039 2
      vertex 28.121719360351562 52.592594146728516 2
    endloop
  endfacet
  facet normal 0 0 1
    outer loop
      vertex 27.624652862548828 52.629844665527344 2
      vertex 27.624652862548828 42.63294982910156 2
      vertex 28.121719360351562 42.67020034790039 2
    endloop
  endfacet
  facet normal 0 0 1
    outer loop
      vertex 27.12635040283203 52.61741638183594 2
      vertex 27.624652862548828 42.63294982910156 2
      vertex 27.624652862548828 52.629844665527344 2
    endloop
  endfacet
  facet normal 0 0 1
    outer loop
      vertex 27.12635040283203 52.61741638183594 2
      vertex 27.12635040283203 42.64537811279297 2
      vertex 27.624652862548828 42.63294982910156 2
    endloop
  endfacet
  facet normal 0 0 1
    outer loop
      vertex 26.631759643554688 52.55543518066406 2
      vertex 27.12635040283203 42.64537811279297 2
      vertex 27.12635040283203 52.61741638183594 2
    endloop
  endfacet
  facet normal 0 0 1
    outer loop
      vertex 26.631759643554688 52.55543518066406 2
      vertex 26.631759643554688 42.707359313964844 2
      vertex 27.12635040283203 42.64537811279297 2
    endloop
  endfacet
  facet normal 0 0 1
    outer loop
      vertex 26.145797729492188 52.44451904296875 2
      vertex 26.631759643554688 42.707359313964844 2
      vertex 26.631759643554688 52.55543518066406 2
    endloop
  endfacet
  facet normal 0 0 1
    outer loop
      vertex 26.145797729492188 52.44451904296875 2
      vertex 26.145797729492188 42.818275451660156 2
      vertex 26.631759643554688 42.707359313964844 2
    endloop
  endfacet
  facet normal 0 0 1
    outer loop
      vertex 25.673294067382812 52.2857666015625 2
      vertex 26.145797729492188 42.818275451660156 2
      vertex 26.145797729492188 52.44451904296875 2
    endloop
  endfacet
  facet normal 0 0 1
    outer loop
      vertex 25.673294067382812 52.2857666015625 2
      vertex 25.673294067382812 42.977027893066406 2
      vertex 26.145797729492188 42.818275451660156 2
    endloop
  endfacet
  facet normal 0 0 1
    outer loop
      vertex 25.21894645690918 52.08075714111328 2
      vertex 25.673294067382812 42.977027893066406 2
      vertex 25.673294067382812 52.2857666015625 2
    endloop
  endfacet
  facet normal 0 0 1
    outer loop
      vertex 25.21894645690918 52.08075714111328 2
      vertex 25.21894645690918 43.182037353515625 2
      vertex 25.673294067382812 42.977027893066406 2
    endloop
  endfacet
  facet normal 0 0 1
    outer loop
      vertex 24.787269592285156 51.83152770996094 2
      vertex 25.21894645690918 43.182037353515625 2
      vertex 25.21894645690918 52.08075714111328 2
    endloop
  endfacet
  facet normal 0 0 1
    outer loop
      vertex 24.787269592285156 51.83152770996094 2
      vertex 24.787269592285156 43.43126678466797 2
      vertex 25.21894645690918 43.182037353515625 2
    endloop
  endfacet
  facet normal 0 0 1
    outer loop
      vertex 24.382549285888672 51.54055404663086 2
      vertex 24.787269592285156 43.43126678466797 2
      vertex 24.787269592285156 51.83152770996094 2
    endloop
  endfacet
  facet normal 0 0 1
    outer loop
      vertex 24.382549285888672 51.54055404663086 2
      vertex 24.382549285888672 43.72224044799805 2
      vertex 24.787269592285156 43.43126678466797 2
    endloop
  endfacet
  facet normal 0 0 1
    outer loop
      vertex 24.00881576538086 51.210731506347656 2
      vertex 24.382549285888672 43.72224044799805 2
      vertex 24.382549285888672 51.54055404663086 2
    endloop
  endfacet
  facet normal 0 0 1
    outer loop
      vertex 24.00881576538086 51.210731506347656 2
      vertex 24.00881576538086 44.05206298828125 2
      vertex 24.382549285888672 43.72224044799805 2
    endloop
  endfacet
  facet normal 0 0 1
    outer loop
      vertex 23.669776916503906 50.8453369140625 2
      vertex 24.00881576538086 44.05206298828125 2
      vertex 24.00881576538086 51.210731506347656 2
    endloop
  endfacet
  facet normal 0 0 1
    outer loop
      vertex 23.669776916503906 50.8453369140625 2
      vertex 23.669776916503906 44.417457580566406 2
      vertex 24.00881576538086 44.05206298828125 2
    endloop
  endfacet
  facet normal 0 0 1
    outer loop
      vertex 23.368804931640625 50.447998046875 2
      vertex 23.669776916503906 44.417457580566406 2
      vertex 23.669776916503906 50.8453369140625 2
    endloop
  endfacet
  facet normal 0 0 1
    outer loop
      vertex 23.368804931640625 50.447998046875 2
      vertex 23.368804931640625 44.814796447753906 2
      vertex 23.669776916503906 44.417457580566406 2
    endloop
  endfacet
  facet normal 0 0 1
    outer loop
      vertex 23.108890533447266 50.022666931152344 2
      vertex 23.368804931640625 44.814796447753906 2
      vertex 23.368804931640625 50.447998046875 2
    endloop
  endfacet
  facet normal 0 0 1
    outer loop
      vertex 23.108890533447266 50.022666931152344 2
      vertex 23.108890533447266 45.24012756347656 2
      vertex 23.368804931640625 44.814796447753906 2
    endloop
  endfacet
  facet normal 0 0 1
    outer loop
      vertex 22.89261817932129 49.573570251464844 2
      vertex 23.108890533447266 45.24012756347656 2
      vertex 23.108890533447266 50.022666931152344 2
    endloop
  endfacet
  facet normal 0 0 1
    outer loop
      vertex 22.89261817932129 49.573570251464844 2
      vertex 22.89261817932129 45.68922424316406 2
      vertex 23.108890533447266 45.24012756347656 2
    endloop
  endfacet
  facet normal 0 0 1
    outer loop
      vertex 22.722135543823242 49.10517120361328 2
      vertex 22.89261817932129 45.68922424316406 2
      vertex 22.89261817932129 49.573570251464844 2
    endloop
  endfacet
  facet normal 0 0 1
    outer loop
      vertex 22.722135543823242 49.10517120361328 2
      vertex 22.722135543823242 46.15761947631836 2
      vertex 22.89261817932129 45.68922424316406 2
    endloop
  endfacet
  facet normal 0 0 1
    outer loop
      vertex 22.599136352539062 48.622127532958984 2
      vertex 22.722135543823242 46.15761947631836 2
      vertex 22.722135543823242 49.10517120361328 2
    endloop
  endfacet
  facet normal 0 0 1
    outer loop
      vertex 22.599136352539062 48.622127532958984 2
      vertex 22.599136352539062 46.64066696166992 2
      vertex 22.722135543823242 46.15761947631836 2
    endloop
  endfacet
  facet normal 0 0 1
    outer loop
      vertex 22.524845123291016 48.129234313964844 2
      vertex 22.599136352539062 46.64066696166992 2
      vertex 22.599136352539062 48.622127532958984 2
    endloop
  endfacet
  facet normal 0 0 1
    outer loop
      vertex 22.524845123291016 48.129234313964844 2
      vertex 22.524845123291016 47.1335563659668 2
      vertex 22.599136352539062 46.64066696166992 2
    endloop
  endfacet
  facet normal 0 0 1
    outer loop
      vertex 22.524845123291016 47.1335563659668 2
      vertex 22.524845123291016 48.129234313964844 2
      vertex 22.5 47.63139724731445 2
    endloop
  endfacet
  facet normal 1 0 0
    outer loop
      vertex -32.49378204345703 47.38216781616211 7.299999237060547
      vertex -32.49378204345703 47.8806266784668 2
      vertex -32.49378204345703 47.8806266784668 7.299999237060547
    endloop
  endfacet
  facet normal 1 0 0
    outer loop
      vertex -32.49378204345703 47.8806266784668 2
      vertex -32.49378204345703 47.38216781616211 7.299999237060547
      vertex -32.49378204345703 47.38216781616211 2
    endloop
  endfacet
  facet normal 0.6234884913495241 -0.7818325275624532 0
    outer loop
      vertex -30.808429718017578 51.38030242919922 2
      vertex -30.418718338012695 51.69108581542969 7.299999237060547
      vertex -30.808429718017578 51.38030242919922 7.299999237060547
    endloop
  endfacet
  facet normal 0.6234884913495241 -0.7818325275624532 0
    outer loop
      vertex -30.418718338012695 51.69108581542969 7.299999237060547
      vertex -30.808429718017578 51.38030242919922 2
      vertex -30.418718338012695 51.69108581542969 2
    endloop
  endfacet
  facet normal 0.5425493394484558 -0.8400239367208795 0
    outer loop
      vertex -30.418718338012695 51.69108581542969 2
      vertex -30 51.961524963378906 7.299999237060547
      vertex -30.418718338012695 51.69108581542969 7.299999237060547
    endloop
  endfacet
  facet normal 0.5425493394484558 -0.8400239367208795 0
    outer loop
      vertex -30 51.961524963378906 7.299999237060547
      vertex -30.418718338012695 51.69108581542969 2
      vertex -30 51.961524963378906 2
    endloop
  endfacet
  facet normal -0.7330496577140617 0.6801751240124095 0
    outer loop
      vertex -24.00881576538086 44.05206298828125 2
      vertex -23.669776916503906 44.417457580566406 7.299999237060547
      vertex -23.669776916503906 44.417457580566406 2
    endloop
  endfacet
  facet normal -0.7330496577140617 0.6801751240124095 0
    outer loop
      vertex -23.669776916503906 44.417457580566406 7.299999237060547
      vertex -24.00881576538086 44.05206298828125 2
      vertex -24.00881576538086 44.05206298828125 7.299999237060547
    endloop
  endfacet
  facet normal 0.8782191376969197 -0.4782584512404131 0
    outer loop
      vertex -32.004844665527344 49.80081558227539 7.299999237060547
      vertex -31.76645278930664 50.23857116699219 2
      vertex -31.76645278930664 50.23857116699219 7.299999237060547
    endloop
  endfacet
  facet normal 0.8782191376969197 -0.4782584512404131 0
    outer loop
      vertex -31.76645278930664 50.23857116699219 2
      vertex -32.004844665527344 49.80081558227539 7.299999237060547
      vertex -32.004844665527344 49.80081558227539 2
    endloop
  endfacet
  facet normal -0.5837431152142402 0.8119384061860693 0
    outer loop
      vertex -24.382549285888672 43.72224044799805 2
      vertex -24.787269592285156 43.43126678466797 7.299999237060547
      vertex -24.382549285888672 43.72224044799805 7.299999237060547
    endloop
  endfacet
  facet normal -0.5837431152142402 0.8119384061860693 0
    outer loop
      vertex -24.787269592285156 43.43126678466797 7.299999237060547
      vertex -24.382549285888672 43.72224044799805 2
      vertex -24.787269592285156 43.43126678466797 2
    endloop
  endfacet
  facet normal -0.5000010188802897 0.8660248155328298 0
    outer loop
      vertex -24.787269592285156 43.43126678466797 2
      vertex -25.21894645690918 43.182037353515625 7.299999237060547
      vertex -24.787269592285156 43.43126678466797 7.299999237060547
    endloop
  endfacet
  facet normal -0.5000010188802897 0.8660248155328298 0
    outer loop
      vertex -25.21894645690918 43.182037353515625 7.299999237060547
      vertex -24.787269592285156 43.43126678466797 2
      vertex -25.21894645690918 43.182037353515625 2
    endloop
  endfacet
  facet normal 0.07473115967644123 -0.9972037172882049 0
    outer loop
      vertex -28.121719360351562 52.592594146728516 2
      vertex -27.624652862548828 52.629844665527344 7.299999237060547
      vertex -28.121719360351562 52.592594146728516 7.299999237060547
    endloop
  endfacet
  facet normal 0.07473115967644123 -0.9972037172882049 0
    outer loop
      vertex -27.624652862548828 52.629844665527344 7.299999237060547
      vertex -28.121719360351562 52.592594146728516 2
      vertex -27.624652862548828 52.629844665527344 2
    endloop
  endfacet
  facet normal -0.66168668516126 0.7497804549868606 0
    outer loop
      vertex -24.00881576538086 44.05206298828125 2
      vertex -24.382549285888672 43.72224044799805 7.299999237060547
      vertex -24.00881576538086 44.05206298828125 7.299999237060547
    endloop
  endfacet
  facet normal -0.66168668516126 0.7497804549868606 0
    outer loop
      vertex -24.382549285888672 43.72224044799805 7.299999237060547
      vertex -24.00881576538086 44.05206298828125 2
      vertex -24.382549285888672 43.72224044799805 2
    endloop
  endfacet
  facet normal 0.9801729696092123 0.19814376005178225 0
    outer loop
      vertex -32.34538650512695 46.39760971069336 7.299999237060547
      vertex -32.44415283203125 46.88618469238281 2
      vertex -32.44415283203125 46.88618469238281 7.299999237060547
    endloop
  endfacet
  facet normal 0.9801729696092123 0.19814376005178225 0
    outer loop
      vertex -32.44415283203125 46.88618469238281 2
      vertex -32.34538650512695 46.39760971069336 7.299999237060547
      vertex -32.34538650512695 46.39760971069336 2
    endloop
  endfacet
  facet normal 0.27084563867408074 0.9626227921731487 0
    outer loop
      vertex -28.61260414123535 42.75675582885742 2
      vertex -29.09243392944336 42.891761779785156 7.299999237060547
      vertex -28.61260414123535 42.75675582885742 7.299999237060547
    endloop
  endfacet
  facet normal 0.27084563867408074 0.9626227921731487 0
    outer loop
      vertex -29.09243392944336 42.891761779785156 7.299999237060547
      vertex -28.61260414123535 42.75675582885742 2
      vertex -29.09243392944336 42.891761779785156 2
    endloop
  endfacet
  facet normal -0.12434555707507525 -0.9922389744591216 0
    outer loop
      vertex -27.12635040283203 52.61741638183594 2
      vertex -26.631759643554688 52.55543518066406 7.299999237060547
      vertex -27.12635040283203 52.61741638183594 7.299999237060547
    endloop
  endfacet
  facet normal -0.12434555707507525 -0.9922389744591216 0
    outer loop
      vertex -26.631759643554688 52.55543518066406 7.299999237060547
      vertex -27.12635040283203 52.61741638183594 2
      vertex -26.631759643554688 52.55543518066406 2
    endloop
  endfacet
  facet normal -0.9690771961063885 0.24675775162409844 0
    outer loop
      vertex -22.722135543823242 46.15761947631836 2
      vertex -22.599136352539062 46.64066696166992 7.299999237060547
      vertex -22.599136352539062 46.64066696166992 2
    endloop
  endfacet
  facet normal -0.9690771961063885 0.24675775162409844 0
    outer loop
      vertex -22.599136352539062 46.64066696166992 7.299999237060547
      vertex -22.722135543823242 46.15761947631836 2
      vertex -22.722135543823242 46.15761947631836 7.299999237060547
    endloop
  endfacet
  facet normal 0.1736467177490909 0.9848080104339969 0
    outer loop
      vertex -28.121719360351562 42.67020034790039 2
      vertex -28.61260414123535 42.75675582885742 7.299999237060547
      vertex -28.121719360351562 42.67020034790039 7.299999237060547
    endloop
  endfacet
  facet normal 0.1736467177490909 0.9848080104339969 0
    outer loop
      vertex -28.61260414123535 42.75675582885742 7.299999237060547
      vertex -28.121719360351562 42.67020034790039 2
      vertex -28.61260414123535 42.75675582885742 2
    endloop
  endfacet
  facet normal 0.5425493394484558 0.8400239367208795 0
    outer loop
      vertex -30 43.30126953125 2
      vertex -30.418718338012695 43.57170867919922 7.299999237060547
      vertex -30 43.30126953125 7.299999237060547
    endloop
  endfacet
  facet normal 0.5425493394484558 0.8400239367208795 0
    outer loop
      vertex -30.418718338012695 43.57170867919922 7.299999237060547
      vertex -30 43.30126953125 2
      vertex -30.418718338012695 43.57170867919922 2
    endloop
  endfacet
  facet normal 0.6982374899936905 -0.7158661938989095 0
    outer loop
      vertex -31.165258407592773 51.03226089477539 2
      vertex -30.808429718017578 51.38030242919922 7.299999237060547
      vertex -31.165258407592773 51.03226089477539 7.299999237060547
    endloop
  endfacet
  facet normal 0.6982374899936905 -0.7158661938989095 0
    outer loop
      vertex -30.808429718017578 51.38030242919922 7.299999237060547
      vertex -31.165258407592773 51.03226089477539 2
      vertex -30.808429718017578 51.38030242919922 2
    endloop
  endfacet
  facet normal 0.9214756824485849 0.38843605220926003 0
    outer loop
      vertex -32.004844665527344 45.461978912353516 7.299999237060547
      vertex -32.198463439941406 45.921295166015625 2
      vertex -32.198463439941406 45.921295166015625 7.299999237060547
    endloop
  endfacet
  facet normal 0.9214756824485849 0.38843605220926003 0
    outer loop
      vertex -32.198463439941406 45.921295166015625 2
      vertex -32.004844665527344 45.461978912353516 7.299999237060547
      vertex -32.004844665527344 45.461978912353516 2
    endloop
  endfacet
  facet normal -0.4112871222449548 0.9115058436869529 0
    outer loop
      vertex -25.21894645690918 43.182037353515625 2
      vertex -25.673294067382812 42.977027893066406 7.299999237060547
      vertex -25.21894645690918 43.182037353515625 7.299999237060547
    endloop
  endfacet
  facet normal -0.4112871222449548 0.9115058436869529 0
    outer loop
      vertex -25.673294067382812 42.977027893066406 7.299999237060547
      vertex -25.21894645690918 43.182037353515625 2
      vertex -25.673294067382812 42.977027893066406 2
    endloop
  endfacet
  facet normal 0.7660420154645999 -0.6427905028412707 0
    outer loop
      vertex -31.48566246032715 50.650421142578125 7.299999237060547
      vertex -31.165258407592773 51.03226089477539 2
      vertex -31.165258407592773 51.03226089477539 7.299999237060547
    endloop
  endfacet
  facet normal 0.7660420154645999 -0.6427905028412707 0
    outer loop
      vertex -31.165258407592773 51.03226089477539 2
      vertex -31.48566246032715 50.650421142578125 7.299999237060547
      vertex -31.48566246032715 50.650421142578125 2
    endloop
  endfacet
  facet normal -0.5837431152142402 -0.8119384061860693 0
    outer loop
      vertex -24.787269592285156 51.83152770996094 2
      vertex -24.382549285888672 51.54055404663086 7.299999237060547
      vertex -24.787269592285156 51.83152770996094 7.299999237060547
    endloop
  endfacet
  facet normal -0.5837431152142402 -0.8119384061860693 0
    outer loop
      vertex -24.382549285888672 51.54055404663086 7.299999237060547
      vertex -24.787269592285156 51.83152770996094 2
      vertex -24.382549285888672 51.54055404663086 2
    endloop
  endfacet
  facet normal -0.5000010188802897 -0.8660248155328298 0
    outer loop
      vertex -25.21894645690918 52.08075714111328 2
      vertex -24.787269592285156 51.83152770996094 7.299999237060547
      vertex -25.21894645690918 52.08075714111328 7.299999237060547
    endloop
  endfacet
  facet normal -0.5000010188802897 -0.8660248155328298 0
    outer loop
      vertex -24.787269592285156 51.83152770996094 7.299999237060547
      vertex -25.21894645690918 52.08075714111328 2
      vertex -24.787269592285156 51.83152770996094 2
    endloop
  endfacet
  facet normal 0.9214756824485849 -0.38843605220926003 0
    outer loop
      vertex -32.198463439941406 49.34149932861328 7.299999237060547
      vertex -32.004844665527344 49.80081558227539 2
      vertex -32.004844665527344 49.80081558227539 7.299999237060547
    endloop
  endfacet
  facet normal 0.9214756824485849 -0.38843605220926003 0
    outer loop
      vertex -32.004844665527344 49.80081558227539 2
      vertex -32.198463439941406 49.34149932861328 7.299999237060547
      vertex -32.198463439941406 49.34149932861328 2
    endloop
  endfacet
  facet normal 0 0 -1
    outer loop
      vertex -22.524845123291016 47.1335563659668 7.299999237060547
      vertex -22.524845123291016 48.129234313964844 7.299999237060547
      vertex -22.5 47.63139724731445 7.299999237060547
    endloop
  endfacet
  facet normal 0 0 -1
    outer loop
      vertex -22.599136352539062 46.64066696166992 7.299999237060547
      vertex -22.524845123291016 48.129234313964844 7.299999237060547
      vertex -22.524845123291016 47.1335563659668 7.299999237060547
    endloop
  endfacet
  facet normal 0 0 -1
    outer loop
      vertex -22.599136352539062 46.64066696166992 7.299999237060547
      vertex -22.599136352539062 48.622127532958984 7.299999237060547
      vertex -22.524845123291016 48.129234313964844 7.299999237060547
    endloop
  endfacet
  facet normal 0 0 -1
    outer loop
      vertex -22.722135543823242 46.15761947631836 7.299999237060547
      vertex -22.599136352539062 48.622127532958984 7.299999237060547
      vertex -22.599136352539062 46.64066696166992 7.299999237060547
    endloop
  endfacet
  facet normal 0 0 -1
    outer loop
      vertex -22.722135543823242 46.15761947631836 7.299999237060547
      vertex -22.722135543823242 49.10517120361328 7.299999237060547
      vertex -22.599136352539062 48.622127532958984 7.299999237060547
    endloop
  endfacet
  facet normal 0 0 -1
    outer loop
      vertex -22.89261817932129 45.68922424316406 7.299999237060547
      vertex -22.722135543823242 49.10517120361328 7.299999237060547
      vertex -22.722135543823242 46.15761947631836 7.299999237060547
    endloop
  endfacet
  facet normal 0 0 -1
    outer loop
      vertex -22.89261817932129 45.68922424316406 7.299999237060547
      vertex -22.89261817932129 49.573570251464844 7.299999237060547
      vertex -22.722135543823242 49.10517120361328 7.299999237060547
    endloop
  endfacet
  facet normal 0 0 -1
    outer loop
      vertex -23.108890533447266 45.24012756347656 7.299999237060547
      vertex -22.89261817932129 49.573570251464844 7.299999237060547
      vertex -22.89261817932129 45.68922424316406 7.299999237060547
    endloop
  endfacet
  facet normal 0 0 -1
    outer loop
      vertex -23.108890533447266 45.24012756347656 7.299999237060547
      vertex -23.108890533447266 50.022666931152344 7.299999237060547
      vertex -22.89261817932129 49.573570251464844 7.299999237060547
    endloop
  endfacet
  facet normal 0 0 -1
    outer loop
      vertex -23.368804931640625 44.814796447753906 7.299999237060547
      vertex -23.108890533447266 50.022666931152344 7.299999237060547
      vertex -23.108890533447266 45.24012756347656 7.299999237060547
    endloop
  endfacet
  facet normal 0 0 -1
    outer loop
      vertex -23.368804931640625 44.814796447753906 7.299999237060547
      vertex -23.368804931640625 50.447998046875 7.299999237060547
      vertex -23.108890533447266 50.022666931152344 7.299999237060547
    endloop
  endfacet
  facet normal 0 0 -1
    outer loop
      vertex -23.669776916503906 44.417457580566406 7.299999237060547
      vertex -23.368804931640625 50.447998046875 7.299999237060547
      vertex -23.368804931640625 44.814796447753906 7.299999237060547
    endloop
  endfacet
  facet normal 0 0 -1
    outer loop
      vertex -23.669776916503906 44.417457580566406 7.299999237060547
      vertex -23.669776916503906 50.8453369140625 7.299999237060547
      vertex -23.368804931640625 50.447998046875 7.299999237060547
    endloop
  endfacet
  facet normal 0 0 -1
    outer loop
      vertex -24.00881576538086 44.05206298828125 7.299999237060547
      vertex -23.669776916503906 50.8453369140625 7.299999237060547
      vertex -23.669776916503906 44.417457580566406 7.299999237060547
    endloop
  endfacet
  facet normal 0 0 -1
    outer loop
      vertex -24.00881576538086 44.05206298828125 7.299999237060547
      vertex -24.00881576538086 51.210731506347656 7.299999237060547
      vertex -23.669776916503906 50.8453369140625 7.299999237060547
    endloop
  endfacet
  facet normal 0 0 -1
    outer loop
      vertex -24.382549285888672 43.72224044799805 7.299999237060547
      vertex -24.00881576538086 51.210731506347656 7.299999237060547
      vertex -24.00881576538086 44.05206298828125 7.299999237060547
    endloop
  endfacet
  facet normal 0 0 -1
    outer loop
      vertex -24.382549285888672 43.72224044799805 7.299999237060547
      vertex -24.382549285888672 51.54055404663086 7.299999237060547
      vertex -24.00881576538086 51.210731506347656 7.299999237060547
    endloop
  endfacet
  facet normal 0 0 -1
    outer loop
      vertex -24.787269592285156 43.43126678466797 7.299999237060547
      vertex -24.382549285888672 51.54055404663086 7.299999237060547
      vertex -24.382549285888672 43.72224044799805 7.299999237060547
    endloop
  endfacet
  facet normal 0 0 -1
    outer loop
      vertex -24.787269592285156 43.43126678466797 7.299999237060547
      vertex -24.787269592285156 51.83152770996094 7.299999237060547
      vertex -24.382549285888672 51.54055404663086 7.299999237060547
    endloop
  endfacet
  facet normal 0 0 -1
    outer loop
      vertex -25.21894645690918 43.182037353515625 7.299999237060547
      vertex -24.787269592285156 51.83152770996094 7.299999237060547
      vertex -24.787269592285156 43.43126678466797 7.299999237060547
    endloop
  endfacet
  facet normal 0 0 -1
    outer loop
      vertex -25.21894645690918 43.182037353515625 7.299999237060547
      vertex -25.21894645690918 52.08075714111328 7.299999237060547
      vertex -24.787269592285156 51.83152770996094 7.299999237060547
    endloop
  endfacet
  facet normal 0 0 -1
    outer loop
      vertex -25.673294067382812 42.977027893066406 7.299999237060547
      vertex -25.21894645690918 52.08075714111328 7.299999237060547
      vertex -25.21894645690918 43.182037353515625 7.299999237060547
    endloop
  endfacet
  facet normal 0 0 -1
    outer loop
      vertex -25.673294067382812 42.977027893066406 7.299999237060547
      vertex -25.673294067382812 52.2857666015625 7.299999237060547
      vertex -25.21894645690918 52.08075714111328 7.299999237060547
    endloop
  endfacet
  facet normal 0 0 -1
    outer loop
      vertex -26.145797729492188 42.818275451660156 7.299999237060547
      vertex -25.673294067382812 52.2857666015625 7.299999237060547
      vertex -25.673294067382812 42.977027893066406 7.299999237060547
    endloop
  endfacet
  facet normal 0 0 -1
    outer loop
      vertex -26.145797729492188 42.818275451660156 7.299999237060547
      vertex -26.145797729492188 52.44451904296875 7.299999237060547
      vertex -25.673294067382812 52.2857666015625 7.299999237060547
    endloop
  endfacet
  facet normal 0 0 -1
    outer loop
      vertex -26.631759643554688 42.707359313964844 7.299999237060547
      vertex -26.145797729492188 52.44451904296875 7.299999237060547
      vertex -26.145797729492188 42.818275451660156 7.299999237060547
    endloop
  endfacet
  facet normal 0 0 -1
    outer loop
      vertex -26.631759643554688 42.707359313964844 7.299999237060547
      vertex -26.631759643554688 52.55543518066406 7.299999237060547
      vertex -26.145797729492188 52.44451904296875 7.299999237060547
    endloop
  endfacet
  facet normal 0 0 -1
    outer loop
      vertex -27.12635040283203 42.64537811279297 7.299999237060547
      vertex -26.631759643554688 52.55543518066406 7.299999237060547
      vertex -26.631759643554688 42.707359313964844 7.299999237060547
    endloop
  endfacet
  facet normal 0 0 -1
    outer loop
      vertex -27.12635040283203 42.64537811279297 7.299999237060547
      vertex -27.12635040283203 52.61741638183594 7.299999237060547
      vertex -26.631759643554688 52.55543518066406 7.299999237060547
    endloop
  endfacet
  facet normal 0 0 -1
    outer loop
      vertex -27.624652862548828 42.63294982910156 7.299999237060547
      vertex -27.12635040283203 52.61741638183594 7.299999237060547
      vertex -27.12635040283203 42.64537811279297 7.299999237060547
    endloop
  endfacet
  facet normal 0 0 -1
    outer loop
      vertex -27.624652862548828 42.63294982910156 7.299999237060547
      vertex -27.624652862548828 52.629844665527344 7.299999237060547
      vertex -27.12635040283203 52.61741638183594 7.299999237060547
    endloop
  endfacet
  facet normal 0 0 -1
    outer loop
      vertex -28.121719360351562 42.67020034790039 7.299999237060547
      vertex -27.624652862548828 52.629844665527344 7.299999237060547
      vertex -27.624652862548828 42.63294982910156 7.299999237060547
    endloop
  endfacet
  facet normal 0 0 -1
    outer loop
      vertex -28.121719360351562 42.67020034790039 7.299999237060547
      vertex -28.121719360351562 52.592594146728516 7.299999237060547
      vertex -27.624652862548828 52.629844665527344 7.299999237060547
    endloop
  endfacet
  facet normal 0 0 -1
    outer loop
      vertex -28.61260414123535 42.75675582885742 7.299999237060547
      vertex -28.121719360351562 52.592594146728516 7.299999237060547
      vertex -28.121719360351562 42.67020034790039 7.299999237060547
    endloop
  endfacet
  facet normal 0 0 -1
    outer loop
      vertex -28.61260414123535 42.75675582885742 7.299999237060547
      vertex -28.61260414123535 52.50603485107422 7.299999237060547
      vertex -28.121719360351562 52.592594146728516 7.299999237060547
    endloop
  endfacet
  facet normal 0 0 -1
    outer loop
      vertex -29.09243392944336 42.891761779785156 7.299999237060547
      vertex -28.61260414123535 52.50603485107422 7.299999237060547
      vertex -28.61260414123535 42.75675582885742 7.299999237060547
    endloop
  endfacet
  facet normal 0 0 -1
    outer loop
      vertex -29.09243392944336 42.891761779785156 7.299999237060547
      vertex -29.09243392944336 52.37103271484375 7.299999237060547
      vertex -28.61260414123535 52.50603485107422 7.299999237060547
    endloop
  endfacet
  facet normal 0 0 -1
    outer loop
      vertex -29.556434631347656 43.07386779785156 7.299999237060547
      vertex -29.09243392944336 52.37103271484375 7.299999237060547
      vertex -29.09243392944336 42.891761779785156 7.299999237060547
    endloop
  endfacet
  facet normal 0 0 -1
    outer loop
      vertex -29.556434631347656 43.07386779785156 7.299999237060547
      vertex -29.556434631347656 52.188926696777344 7.299999237060547
      vertex -29.09243392944336 52.37103271484375 7.299999237060547
    endloop
  endfacet
  facet normal 0 0 -1
    outer loop
      vertex -30 43.30126953125 7.299999237060547
      vertex -29.556434631347656 52.188926696777344 7.299999237060547
      vertex -29.556434631347656 43.07386779785156 7.299999237060547
    endloop
  endfacet
  facet normal 0 0 -1
    outer loop
      vertex -30 43.30126953125 7.299999237060547
      vertex -30 51.961524963378906 7.299999237060547
      vertex -29.556434631347656 52.188926696777344 7.299999237060547
    endloop
  endfacet
  facet normal 0 0 -1
    outer loop
      vertex -30.418718338012695 43.57170867919922 7.299999237060547
      vertex -30 51.961524963378906 7.299999237060547
      vertex -30 43.30126953125 7.299999237060547
    endloop
  endfacet
  facet normal 0 0 -1
    outer loop
      vertex -30.418718338012695 43.57170867919922 7.299999237060547
      vertex -30.418718338012695 51.69108581542969 7.299999237060547
      vertex -30 51.961524963378906 7.299999237060547
    endloop
  endfacet
  facet normal 0 0 -1
    outer loop
      vertex -30.808429718017578 43.88249206542969 7.299999237060547
      vertex -30.418718338012695 51.69108581542969 7.299999237060547
      vertex -30.418718338012695 43.57170867919922 7.299999237060547
    endloop
  endfacet
  facet normal 0 0 -1
    outer loop
      vertex -30.808429718017578 43.88249206542969 7.299999237060547
      vertex -30.808429718017578 51.38030242919922 7.299999237060547
      vertex -30.418718338012695 51.69108581542969 7.299999237060547
    endloop
  endfacet
  facet normal 0 0 -1
    outer loop
      vertex -31.165258407592773 44.230533599853516 7.299999237060547
      vertex -30.808429718017578 51.38030242919922 7.299999237060547
      vertex -30.808429718017578 43.88249206542969 7.299999237060547
    endloop
  endfacet
  facet normal 0 0 -1
    outer loop
      vertex -31.165258407592773 44.230533599853516 7.299999237060547
      vertex -31.165258407592773 51.03226089477539 7.299999237060547
      vertex -30.808429718017578 51.38030242919922 7.299999237060547
    endloop
  endfacet
  facet normal 0 0 -1
    outer loop
      vertex -31.48566246032715 44.61237335205078 7.299999237060547
      vertex -31.165258407592773 51.03226089477539 7.299999237060547
      vertex -31.165258407592773 44.230533599853516 7.299999237060547
    endloop
  endfacet
  facet normal 0 0 -1
    outer loop
      vertex -31.48566246032715 44.61237335205078 7.299999237060547
      vertex -31.48566246032715 50.650421142578125 7.299999237060547
      vertex -31.165258407592773 51.03226089477539 7.299999237060547
    endloop
  endfacet
  facet normal 0 0 -1
    outer loop
      vertex -31.76645278930664 45.02421951293945 7.299999237060547
      vertex -31.48566246032715 50.650421142578125 7.299999237060547
      vertex -31.48566246032715 44.61237335205078 7.299999237060547
    endloop
  endfacet
  facet normal 0 0 -1
    outer loop
      vertex -31.76645278930664 45.02421951293945 7.299999237060547
      vertex -31.76645278930664 50.23857116699219 7.299999237060547
      vertex -31.48566246032715 50.650421142578125 7.299999237060547
    endloop
  endfacet
  facet normal 0 0 -1
    outer loop
      vertex -32.004844665527344 45.461978912353516 7.299999237060547
      vertex -31.76645278930664 50.23857116699219 7.299999237060547
      vertex -31.76645278930664 45.02421951293945 7.299999237060547
    endloop
  endfacet
  facet normal 0 0 -1
    outer loop
      vertex -32.004844665527344 45.461978912353516 7.299999237060547
      vertex -32.004844665527344 49.80081558227539 7.299999237060547
      vertex -31.76645278930664 50.23857116699219 7.299999237060547
    endloop
  endfacet
  facet normal 0 0 -1
    outer loop
      vertex -32.198463439941406 45.921295166015625 7.299999237060547
      vertex -32.004844665527344 49.80081558227539 7.299999237060547
      vertex -32.004844665527344 45.461978912353516 7.299999237060547
    endloop
  endfacet
  facet normal 0 0 -1
    outer loop
      vertex -32.198463439941406 45.921295166015625 7.299999237060547
      vertex -32.198463439941406 49.34149932861328 7.299999237060547
      vertex -32.004844665527344 49.80081558227539 7.299999237060547
    endloop
  endfacet
  facet normal 0 0 -1
    outer loop
      vertex -32.34538650512695 46.39760971069336 7.299999237060547
      vertex -32.198463439941406 49.34149932861328 7.299999237060547
      vertex -32.198463439941406 45.921295166015625 7.299999237060547
    endloop
  endfacet
  facet normal 0 0 -1
    outer loop
      vertex -32.34538650512695 46.39760971069336 7.299999237060547
      vertex -32.34538650512695 48.86518478393555 7.299999237060547
      vertex -32.198463439941406 49.34149932861328 7.299999237060547
    endloop
  endfacet
  facet normal 0 0 -1
    outer loop
      vertex -32.44415283203125 46.88618469238281 7.299999237060547
      vertex -32.34538650512695 48.86518478393555 7.299999237060547
      vertex -32.34538650512695 46.39760971069336 7.299999237060547
    endloop
  endfacet
  facet normal 0 0 -1
    outer loop
      vertex -32.44415283203125 46.88618469238281 7.299999237060547
      vertex -32.44415283203125 48.376609802246094 7.299999237060547
      vertex -32.34538650512695 48.86518478393555 7.299999237060547
    endloop
  endfacet
  facet normal 0 0 -1
    outer loop
      vertex -32.49378204345703 47.38216781616211 7.299999237060547
      vertex -32.44415283203125 48.376609802246094 7.299999237060547
      vertex -32.44415283203125 46.88618469238281 7.299999237060547
    endloop
  endfacet
  facet normal 0 0 -1
    outer loop
      vertex -32.44415283203125 48.376609802246094 7.299999237060547
      vertex -32.49378204345703 47.38216781616211 7.299999237060547
      vertex -32.49378204345703 47.8806266784668 7.299999237060547
    endloop
  endfacet
  facet normal -0.8532909139011633 -0.5214351505736046 0
    outer loop
      vertex -23.108890533447266 50.022666931152344 2
      vertex -23.368804931640625 50.447998046875 7.299999237060547
      vertex -23.368804931640625 50.447998046875 2
    endloop
  endfacet
  facet normal -0.8532909139011633 -0.5214351505736046 0
    outer loop
      vertex -23.368804931640625 50.447998046875 7.299999237060547
      vertex -23.108890533447266 50.022666931152344 2
      vertex -23.108890533447266 50.022666931152344 7.299999237060547
    endloop
  endfacet
  facet normal 0.6982374899936905 0.7158661938989095 0
    outer loop
      vertex -30.808429718017578 43.88249206542969 2
      vertex -31.165258407592773 44.230533599853516 7.299999237060547
      vertex -30.808429718017578 43.88249206542969 7.299999237060547
    endloop
  endfacet
  facet normal 0.6982374899936905 0.7158661938989095 0
    outer loop
      vertex -31.165258407592773 44.230533599853516 7.299999237060547
      vertex -30.808429718017578 43.88249206542969 2
      vertex -31.165258407592773 44.230533599853516 2
    endloop
  endfacet
  facet normal 0.8262427239507182 -0.5633142649698278 0
    outer loop
      vertex -31.76645278930664 50.23857116699219 7.299999237060547
      vertex -31.48566246032715 50.650421142578125 2
      vertex -31.48566246032715 50.650421142578125 7.299999237060547
    endloop
  endfacet
  facet normal 0.8262427239507182 -0.5633142649698278 0
    outer loop
      vertex -31.48566246032715 50.650421142578125 2
      vertex -31.76645278930664 50.23857116699219 7.299999237060547
      vertex -31.76645278930664 50.23857116699219 2
    endloop
  endfacet
  facet normal 0.9555730961634106 -0.2947542330292701 0
    outer loop
      vertex -32.34538650512695 48.86518478393555 7.299999237060547
      vertex -32.198463439941406 49.34149932861328 2
      vertex -32.198463439941406 49.34149932861328 7.299999237060547
    endloop
  endfacet
  facet normal 0.9555730961634106 -0.2947542330292701 0
    outer loop
      vertex -32.198463439941406 49.34149932861328 2
      vertex -32.34538650512695 48.86518478393555 7.299999237060547
      vertex -32.34538650512695 48.86518478393555 2
    endloop
  endfacet
  facet normal -0.22251807751640043 0.9749285641411914 0
    outer loop
      vertex -26.145797729492188 42.818275451660156 2
      vertex -26.631759643554688 42.707359313964844 7.299999237060547
      vertex -26.145797729492188 42.818275451660156 7.299999237060547
    endloop
  endfacet
  facet normal -0.22251807751640043 0.9749285641411914 0
    outer loop
      vertex -26.631759643554688 42.707359313964844 7.299999237060547
      vertex -26.145797729492188 42.818275451660156 2
      vertex -26.631759643554688 42.707359313964844 2
    endloop
  endfacet
  facet normal 0.9555730961634106 0.2947542330292701 0
    outer loop
      vertex -32.198463439941406 45.921295166015625 7.299999237060547
      vertex -32.34538650512695 46.39760971069336 2
      vertex -32.34538650512695 46.39760971069336 7.299999237060547
    endloop
  endfacet
  facet normal 0.9555730961634106 0.2947542330292701 0
    outer loop
      vertex -32.34538650512695 46.39760971069336 2
      vertex -32.198463439941406 45.921295166015625 7.299999237060547
      vertex -32.198463439941406 45.921295166015625 2
    endloop
  endfacet
  facet normal -0.9987570292965721 0.04984372007270604 0
    outer loop
      vertex -22.524845123291016 47.1335563659668 2
      vertex -22.5 47.63139724731445 7.299999237060547
      vertex -22.5 47.63139724731445 2
    endloop
  endfacet
  facet normal -0.9987570292965721 0.04984372007270604 0
    outer loop
      vertex -22.5 47.63139724731445 7.299999237060547
      vertex -22.524845123291016 47.1335563659668 2
      vertex -22.524845123291016 47.1335563659668 7.299999237060547
    endloop
  endfacet
  facet normal -0.9888309651852852 -0.1490413442328586 0
    outer loop
      vertex -22.524845123291016 48.129234313964844 2
      vertex -22.599136352539062 48.622127532958984 7.299999237060547
      vertex -22.599136352539062 48.622127532958984 2
    endloop
  endfacet
  facet normal -0.9888309651852852 -0.1490413442328586 0
    outer loop
      vertex -22.599136352539062 48.622127532958984 7.299999237060547
      vertex -22.524845123291016 48.129234313964844 2
      vertex -22.524845123291016 48.129234313964844 7.299999237060547
    endloop
  endfacet
  facet normal 0.8262402954720164 0.5633178269310454 0
    outer loop
      vertex -31.48566246032715 44.61237335205078 7.299999237060547
      vertex -31.76645278930664 45.02421951293945 2
      vertex -31.76645278930664 45.02421951293945 7.299999237060547
    endloop
  endfacet
  facet normal 0.8262402954720164 0.5633178269310454 0
    outer loop
      vertex -31.76645278930664 45.02421951293945 2
      vertex -31.48566246032715 44.61237335205078 7.299999237060547
      vertex -31.48566246032715 44.61237335205078 2
    endloop
  endfacet
  facet normal 0.7660420154645999 0.6427905028412707 0
    outer loop
      vertex -31.165258407592773 44.230533599853516 7.299999237060547
      vertex -31.48566246032715 44.61237335205078 2
      vertex -31.48566246032715 44.61237335205078 7.299999237060547
    endloop
  endfacet
  facet normal 0.7660420154645999 0.6427905028412707 0
    outer loop
      vertex -31.48566246032715 44.61237335205078 2
      vertex -31.165258407592773 44.230533599853516 7.299999237060547
      vertex -31.165258407592773 44.230533599853516 2
    endloop
  endfacet
  facet normal -0.9888307951857476 0.1490424721088666 0
    outer loop
      vertex -22.599136352539062 46.64066696166992 2
      vertex -22.524845123291016 47.1335563659668 7.299999237060547
      vertex -22.524845123291016 47.1335563659668 2
    endloop
  endfacet
  facet normal -0.9888307951857476 0.1490424721088666 0
    outer loop
      vertex -22.524845123291016 47.1335563659668 7.299999237060547
      vertex -22.599136352539062 46.64066696166992 2
      vertex -22.599136352539062 46.64066696166992 7.299999237060547
    endloop
  endfacet
  facet normal 0.9950310507895475 0.09956509410756899 0
    outer loop
      vertex -32.44415283203125 46.88618469238281 7.299999237060547
      vertex -32.49378204345703 47.38216781616211 2
      vertex -32.49378204345703 47.38216781616211 7.299999237060547
    endloop
  endfacet
  facet normal 0.9950310507895475 0.09956509410756899 0
    outer loop
      vertex -32.49378204345703 47.38216781616211 2
      vertex -32.44415283203125 46.88618469238281 7.299999237060547
      vertex -32.44415283203125 46.88618469238281 2
    endloop
  endfacet
  facet normal 0.9801729696092123 -0.19814376005178225 0
    outer loop
      vertex -32.44415283203125 48.376609802246094 7.299999237060547
      vertex -32.34538650512695 48.86518478393555 2
      vertex -32.34538650512695 48.86518478393555 7.299999237060547
    endloop
  endfacet
  facet normal 0.9801729696092123 -0.19814376005178225 0
    outer loop
      vertex -32.34538650512695 48.86518478393555 2
      vertex -32.44415283203125 48.376609802246094 7.299999237060547
      vertex -32.44415283203125 48.376609802246094 2
    endloop
  endfacet
  facet normal -0.31848602630504974 -0.9479275558018234 0
    outer loop
      vertex -26.145797729492188 52.44451904296875 2
      vertex -25.673294067382812 52.2857666015625 7.299999237060547
      vertex -26.145797729492188 52.44451904296875 7.299999237060547
    endloop
  endfacet
  facet normal -0.31848602630504974 -0.9479275558018234 0
    outer loop
      vertex -25.673294067382812 52.2857666015625 7.299999237060547
      vertex -26.145797729492188 52.44451904296875 2
      vertex -25.673294067382812 52.2857666015625 2
    endloop
  endfacet
  facet normal 0.9950310507895475 -0.09956509410756899 0
    outer loop
      vertex -32.49378204345703 47.8806266784668 7.299999237060547
      vertex -32.44415283203125 48.376609802246094 2
      vertex -32.44415283203125 48.376609802246094 7.299999237060547
    endloop
  endfacet
  facet normal 0.9950310507895475 -0.09956509410756899 0
    outer loop
      vertex -32.44415283203125 48.376609802246094 2
      vertex -32.49378204345703 47.8806266784668 7.299999237060547
      vertex -32.49378204345703 47.8806266784668 2
    endloop
  endfacet
  facet normal 0.4562091281375018 0.8898725927929348 0
    outer loop
      vertex -29.556434631347656 43.07386779785156 2
      vertex -30 43.30126953125 7.299999237060547
      vertex -29.556434631347656 43.07386779785156 7.299999237060547
    endloop
  endfacet
  facet normal 0.4562091281375018 0.8898725927929348 0
    outer loop
      vertex -30 43.30126953125 7.299999237060547
      vertex -29.556434631347656 43.07386779785156 2
      vertex -30 43.30126953125 2
    endloop
  endfacet
  facet normal 0.07473115967644123 0.9972037172882049 0
    outer loop
      vertex -27.624652862548828 42.63294982910156 2
      vertex -28.121719360351562 42.67020034790039 7.299999237060547
      vertex -27.624652862548828 42.63294982910156 7.299999237060547
    endloop
  endfacet
  facet normal 0.07473115967644123 0.9972037172882049 0
    outer loop
      vertex -28.121719360351562 42.67020034790039 7.299999237060547
      vertex -27.624652862548828 42.63294982910156 2
      vertex -28.121719360351562 42.67020034790039 2
    endloop
  endfacet
  facet normal 0.36533956760961217 0.9308743203777949 0
    outer loop
      vertex -29.09243392944336 42.891761779785156 2
      vertex -29.556434631347656 43.07386779785156 7.299999237060547
      vertex -29.09243392944336 42.891761779785156 7.299999237060547
    endloop
  endfacet
  facet normal 0.36533956760961217 0.9308743203777949 0
    outer loop
      vertex -29.556434631347656 43.07386779785156 7.299999237060547
      vertex -29.09243392944336 42.891761779785156 2
      vertex -29.556434631347656 43.07386779785156 2
    endloop
  endfacet
  facet normal -0.8532909139011633 0.5214351505736046 0
    outer loop
      vertex -23.368804931640625 44.814796447753906 2
      vertex -23.108890533447266 45.24012756347656 7.299999237060547
      vertex -23.108890533447266 45.24012756347656 2
    endloop
  endfacet
  facet normal -0.8532909139011633 0.5214351505736046 0
    outer loop
      vertex -23.108890533447266 45.24012756347656 7.299999237060547
      vertex -23.368804931640625 44.814796447753906 2
      vertex -23.368804931640625 44.814796447753906 7.299999237060547
    endloop
  endfacet
  facet normal -0.4112871222449548 -0.9115058436869529 0
    outer loop
      vertex -25.673294067382812 52.2857666015625 2
      vertex -25.21894645690918 52.08075714111328 7.299999237060547
      vertex -25.673294067382812 52.2857666015625 7.299999237060547
    endloop
  endfacet
  facet normal -0.4112871222449548 -0.9115058436869529 0
    outer loop
      vertex -25.21894645690918 52.08075714111328 7.299999237060547
      vertex -25.673294067382812 52.2857666015625 2
      vertex -25.21894645690918 52.08075714111328 2
    endloop
  endfacet
  facet normal -0.024933490989674702 -0.9996891121879181 0
    outer loop
      vertex -27.624652862548828 52.629844665527344 2
      vertex -27.12635040283203 52.61741638183594 7.299999237060547
      vertex -27.624652862548828 52.629844665527344 7.299999237060547
    endloop
  endfacet
  facet normal -0.024933490989674702 -0.9996891121879181 0
    outer loop
      vertex -27.12635040283203 52.61741638183594 7.299999237060547
      vertex -27.624652862548828 52.629844665527344 2
      vertex -27.12635040283203 52.61741638183594 2
    endloop
  endfacet
  facet normal 0.2708385471000089 -0.9626247874456362 0
    outer loop
      vertex -29.09243392944336 52.37103271484375 2
      vertex -28.61260414123535 52.50603485107422 7.299999237060547
      vertex -29.09243392944336 52.37103271484375 7.299999237060547
    endloop
  endfacet
  facet normal 0.2708385471000089 -0.9626247874456362 0
    outer loop
      vertex -28.61260414123535 52.50603485107422 7.299999237060547
      vertex -29.09243392944336 52.37103271484375 2
      vertex -28.61260414123535 52.50603485107422 2
    endloop
  endfacet
  facet normal 0.17365413997830434 -0.9848067016772354 0
    outer loop
      vertex -28.61260414123535 52.50603485107422 2
      vertex -28.121719360351562 52.592594146728516 7.299999237060547
      vertex -28.61260414123535 52.50603485107422 7.299999237060547
    endloop
  endfacet
  facet normal 0.17365413997830434 -0.9848067016772354 0
    outer loop
      vertex -28.121719360351562 52.592594146728516 7.299999237060547
      vertex -28.61260414123535 52.50603485107422 2
      vertex -28.121719360351562 52.592594146728516 2
    endloop
  endfacet
  facet normal -0.7971330008480418 0.603803758649278 0
    outer loop
      vertex -23.669776916503906 44.417457580566406 2
      vertex -23.368804931640625 44.814796447753906 7.299999237060547
      vertex -23.368804931640625 44.814796447753906 2
    endloop
  endfacet
  facet normal -0.7971330008480418 0.603803758649278 0
    outer loop
      vertex -23.368804931640625 44.814796447753906 7.299999237060547
      vertex -23.669776916503906 44.417457580566406 2
      vertex -23.669776916503906 44.417457580566406 7.299999237060547
    endloop
  endfacet
  facet normal 0.36533956760961217 -0.9308743203777949 0
    outer loop
      vertex -29.556434631347656 52.188926696777344 2
      vertex -29.09243392944336 52.37103271484375 7.299999237060547
      vertex -29.556434631347656 52.188926696777344 7.299999237060547
    endloop
  endfacet
  facet normal 0.36533956760961217 -0.9308743203777949 0
    outer loop
      vertex -29.09243392944336 52.37103271484375 7.299999237060547
      vertex -29.556434631347656 52.188926696777344 2
      vertex -29.09243392944336 52.37103271484375 2
    endloop
  endfacet
  facet normal 0.4562091281375018 -0.8898725927929348 0
    outer loop
      vertex -30 51.961524963378906 2
      vertex -29.556434631347656 52.188926696777344 7.299999237060547
      vertex -30 51.961524963378906 7.299999237060547
    endloop
  endfacet
  facet normal 0.4562091281375018 -0.8898725927929348 0
    outer loop
      vertex -29.556434631347656 52.188926696777344 7.299999237060547
      vertex -30 51.961524963378906 2
      vertex -29.556434631347656 52.188926696777344 2
    endloop
  endfacet
  facet normal -0.66168668516126 -0.7497804549868606 0
    outer loop
      vertex -24.382549285888672 51.54055404663086 2
      vertex -24.00881576538086 51.210731506347656 7.299999237060547
      vertex -24.382549285888672 51.54055404663086 7.299999237060547
    endloop
  endfacet
  facet normal -0.66168668516126 -0.7497804549868606 0
    outer loop
      vertex -24.00881576538086 51.210731506347656 7.299999237060547
      vertex -24.382549285888672 51.54055404663086 2
      vertex -24.00881576538086 51.210731506347656 2
    endloop
  endfacet
  facet normal -0.024933490989674702 0.9996891121879181 0
    outer loop
      vertex -27.12635040283203 42.64537811279297 2
      vertex -27.624652862548828 42.63294982910156 7.299999237060547
      vertex -27.12635040283203 42.64537811279297 7.299999237060547
    endloop
  endfacet
  facet normal -0.024933490989674702 0.9996891121879181 0
    outer loop
      vertex -27.624652862548828 42.63294982910156 7.299999237060547
      vertex -27.12635040283203 42.64537811279297 2
      vertex -27.624652862548828 42.63294982910156 2
    endloop
  endfacet
  facet normal -0.12434555707507525 0.9922389744591216 0
    outer loop
      vertex -26.631759643554688 42.707359313964844 2
      vertex -27.12635040283203 42.64537811279297 7.299999237060547
      vertex -26.631759643554688 42.707359313964844 7.299999237060547
    endloop
  endfacet
  facet normal -0.12434555707507525 0.9922389744591216 0
    outer loop
      vertex -27.12635040283203 42.64537811279297 7.299999237060547
      vertex -26.631759643554688 42.707359313964844 2
      vertex -27.12635040283203 42.64537811279297 2
    endloop
  endfacet
  facet normal 0.6234884913495241 0.7818325275624532 0
    outer loop
      vertex -30.418718338012695 43.57170867919922 2
      vertex -30.808429718017578 43.88249206542969 7.299999237060547
      vertex -30.418718338012695 43.57170867919922 7.299999237060547
    endloop
  endfacet
  facet normal 0.6234884913495241 0.7818325275624532 0
    outer loop
      vertex -30.808429718017578 43.88249206542969 7.299999237060547
      vertex -30.418718338012695 43.57170867919922 2
      vertex -30.808429718017578 43.88249206542969 2
    endloop
  endfacet
  facet normal -0.7330496577140617 -0.6801751240124095 0
    outer loop
      vertex -23.669776916503906 50.8453369140625 2
      vertex -24.00881576538086 51.210731506347656 7.299999237060547
      vertex -24.00881576538086 51.210731506347656 2
    endloop
  endfacet
  facet normal -0.7330496577140617 -0.6801751240124095 0
    outer loop
      vertex -24.00881576538086 51.210731506347656 7.299999237060547
      vertex -23.669776916503906 50.8453369140625 2
      vertex -23.669776916503906 50.8453369140625 7.299999237060547
    endloop
  endfacet
  facet normal -0.22251807751640043 -0.9749285641411914 0
    outer loop
      vertex -26.631759643554688 52.55543518066406 2
      vertex -26.145797729492188 52.44451904296875 7.299999237060547
      vertex -26.631759643554688 52.55543518066406 7.299999237060547
    endloop
  endfacet
  facet normal -0.22251807751640043 -0.9749285641411914 0
    outer loop
      vertex -26.145797729492188 52.44451904296875 7.299999237060547
      vertex -26.631759643554688 52.55543518066406 2
      vertex -26.145797729492188 52.44451904296875 2
    endloop
  endfacet
  facet normal -0.93969216121412 0.3420214059861405 0
    outer loop
      vertex -22.89261817932129 45.68922424316406 2
      vertex -22.722135543823242 46.15761947631836 7.299999237060547
      vertex -22.722135543823242 46.15761947631836 2
    endloop
  endfacet
  facet normal -0.93969216121412 0.3420214059861405 0
    outer loop
      vertex -22.722135543823242 46.15761947631836 7.299999237060547
      vertex -22.89261817932129 45.68922424316406 2
      vertex -22.89261817932129 45.68922424316406 7.299999237060547
    endloop
  endfacet
  facet normal -0.31848602630504974 0.9479275558018234 0
    outer loop
      vertex -25.673294067382812 42.977027893066406 2
      vertex -26.145797729492188 42.818275451660156 7.299999237060547
      vertex -25.673294067382812 42.977027893066406 7.299999237060547
    endloop
  endfacet
  facet normal -0.31848602630504974 0.9479275558018234 0
    outer loop
      vertex -26.145797729492188 42.818275451660156 7.299999237060547
      vertex -25.673294067382812 42.977027893066406 2
      vertex -26.145797729492188 42.818275451660156 2
    endloop
  endfacet
  facet normal 0.8782208881569856 0.47825523688168375 0
    outer loop
      vertex -31.76645278930664 45.02421951293945 7.299999237060547
      vertex -32.004844665527344 45.461978912353516 2
      vertex -32.004844665527344 45.461978912353516 7.299999237060547
    endloop
  endfacet
  facet normal 0.8782208881569856 0.47825523688168375 0
    outer loop
      vertex -32.004844665527344 45.461978912353516 2
      vertex -31.76645278930664 45.02421951293945 7.299999237060547
      vertex -31.76645278930664 45.02421951293945 2
    endloop
  endfacet
  facet normal -0.9396930564451077 -0.34201894635948393 0
    outer loop
      vertex -22.722135543823242 49.10517120361328 2
      vertex -22.89261817932129 49.573570251464844 7.299999237060547
      vertex -22.89261817932129 49.573570251464844 2
    endloop
  endfacet
  facet normal -0.9396930564451077 -0.34201894635948393 0
    outer loop
      vertex -22.89261817932129 49.573570251464844 7.299999237060547
      vertex -22.722135543823242 49.10517120361328 2
      vertex -22.722135543823242 49.10517120361328 7.299999237060547
    endloop
  endfacet
  facet normal -0.7971330008480418 -0.603803758649278 0
    outer loop
      vertex -23.368804931640625 50.447998046875 2
      vertex -23.669776916503906 50.8453369140625 7.299999237060547
      vertex -23.669776916503906 50.8453369140625 2
    endloop
  endfacet
  facet normal -0.7971330008480418 -0.603803758649278 0
    outer loop
      vertex -23.669776916503906 50.8453369140625 7.299999237060547
      vertex -23.368804931640625 50.447998046875 2
      vertex -23.368804931640625 50.447998046875 7.299999237060547
    endloop
  endfacet
  facet normal -0.9009698154307721 0.4338817715491634 0
    outer loop
      vertex -23.108890533447266 45.24012756347656 2
      vertex -22.89261817932129 45.68922424316406 7.299999237060547
      vertex -22.89261817932129 45.68922424316406 2
    endloop
  endfacet
  facet normal -0.9009698154307721 0.4338817715491634 0
    outer loop
      vertex -22.89261817932129 45.68922424316406 7.299999237060547
      vertex -23.108890533447266 45.24012756347656 2
      vertex -23.108890533447266 45.24012756347656 7.299999237060547
    endloop
  endfacet
  facet normal -0.9690767301180304 -0.2467595816655272 0
    outer loop
      vertex -22.599136352539062 48.622127532958984 2
      vertex -22.722135543823242 49.10517120361328 7.299999237060547
      vertex -22.722135543823242 49.10517120361328 2
    endloop
  endfacet
  facet normal -0.9690767301180304 -0.2467595816655272 0
    outer loop
      vertex -22.722135543823242 49.10517120361328 7.299999237060547
      vertex -22.599136352539062 48.622127532958984 2
      vertex -22.599136352539062 48.622127532958984 7.299999237060547
    endloop
  endfacet
  facet normal 0 0 1
    outer loop
      vertex -22.524845123291016 48.129234313964844 2
      vertex -22.524845123291016 47.1335563659668 2
      vertex -22.5 47.63139724731445 2
    endloop
  endfacet
  facet normal 0 0 1
    outer loop
      vertex -22.599136352539062 48.622127532958984 2
      vertex -22.524845123291016 47.1335563659668 2
      vertex -22.524845123291016 48.129234313964844 2
    endloop
  endfacet
  facet normal 0 0 1
    outer loop
      vertex -22.599136352539062 48.622127532958984 2
      vertex -22.599136352539062 46.64066696166992 2
      vertex -22.524845123291016 47.1335563659668 2
    endloop
  endfacet
  facet normal 0 0 1
    outer loop
      vertex -22.722135543823242 49.10517120361328 2
      vertex -22.599136352539062 46.64066696166992 2
      vertex -22.599136352539062 48.622127532958984 2
    endloop
  endfacet
  facet normal 0 0 1
    outer loop
      vertex -22.722135543823242 49.10517120361328 2
      vertex -22.722135543823242 46.15761947631836 2
      vertex -22.599136352539062 46.64066696166992 2
    endloop
  endfacet
  facet normal 0 0 1
    outer loop
      vertex -22.89261817932129 49.573570251464844 2
      vertex -22.722135543823242 46.15761947631836 2
      vertex -22.722135543823242 49.10517120361328 2
    endloop
  endfacet
  facet normal 0 0 1
    outer loop
      vertex -22.89261817932129 49.573570251464844 2
      vertex -22.89261817932129 45.68922424316406 2
      vertex -22.722135543823242 46.15761947631836 2
    endloop
  endfacet
  facet normal 0 0 1
    outer loop
      vertex -23.108890533447266 50.022666931152344 2
      vertex -22.89261817932129 45.68922424316406 2
      vertex -22.89261817932129 49.573570251464844 2
    endloop
  endfacet
  facet normal 0 0 1
    outer loop
      vertex -23.108890533447266 50.022666931152344 2
      vertex -23.108890533447266 45.24012756347656 2
      vertex -22.89261817932129 45.68922424316406 2
    endloop
  endfacet
  facet normal 0 0 1
    outer loop
      vertex -23.368804931640625 50.447998046875 2
      vertex -23.108890533447266 45.24012756347656 2
      vertex -23.108890533447266 50.022666931152344 2
    endloop
  endfacet
  facet normal 0 0 1
    outer loop
      vertex -23.368804931640625 50.447998046875 2
      vertex -23.368804931640625 44.814796447753906 2
      vertex -23.108890533447266 45.24012756347656 2
    endloop
  endfacet
  facet normal 0 0 1
    outer loop
      vertex -23.669776916503906 50.8453369140625 2
      vertex -23.368804931640625 44.814796447753906 2
      vertex -23.368804931640625 50.447998046875 2
    endloop
  endfacet
  facet normal 0 0 1
    outer loop
      vertex -23.669776916503906 50.8453369140625 2
      vertex -23.669776916503906 44.417457580566406 2
      vertex -23.368804931640625 44.814796447753906 2
    endloop
  endfacet
  facet normal 0 0 1
    outer loop
      vertex -24.00881576538086 51.210731506347656 2
      vertex -23.669776916503906 44.417457580566406 2
      vertex -23.669776916503906 50.8453369140625 2
    endloop
  endfacet
  facet normal 0 0 1
    outer loop
      vertex -24.00881576538086 51.210731506347656 2
      vertex -24.00881576538086 44.05206298828125 2
      vertex -23.669776916503906 44.417457580566406 2
    endloop
  endfacet
  facet normal 0 0 1
    outer loop
      vertex -24.382549285888672 51.54055404663086 2
      vertex -24.00881576538086 44.05206298828125 2
      vertex -24.00881576538086 51.210731506347656 2
    endloop
  endfacet
  facet normal 0 0 1
    outer loop
      vertex -24.382549285888672 51.54055404663086 2
      vertex -24.382549285888672 43.72224044799805 2
      vertex -24.00881576538086 44.05206298828125 2
    endloop
  endfacet
  facet normal 0 0 1
    outer loop
      vertex -24.787269592285156 51.83152770996094 2
      vertex -24.382549285888672 43.72224044799805 2
      vertex -24.382549285888672 51.54055404663086 2
    endloop
  endfacet
  facet normal 0 0 1
    outer loop
      vertex -24.787269592285156 51.83152770996094 2
      vertex -24.787269592285156 43.43126678466797 2
      vertex -24.382549285888672 43.72224044799805 2
    endloop
  endfacet
  facet normal 0 0 1
    outer loop
      vertex -25.21894645690918 52.08075714111328 2
      vertex -24.787269592285156 43.43126678466797 2
      vertex -24.787269592285156 51.83152770996094 2
    endloop
  endfacet
  facet normal 0 0 1
    outer loop
      vertex -25.21894645690918 52.08075714111328 2
      vertex -25.21894645690918 43.182037353515625 2
      vertex -24.787269592285156 43.43126678466797 2
    endloop
  endfacet
  facet normal 0 0 1
    outer loop
      vertex -25.673294067382812 52.2857666015625 2
      vertex -25.21894645690918 43.182037353515625 2
      vertex -25.21894645690918 52.08075714111328 2
    endloop
  endfacet
  facet normal 0 0 1
    outer loop
      vertex -25.673294067382812 52.2857666015625 2
      vertex -25.673294067382812 42.977027893066406 2
      vertex -25.21894645690918 43.182037353515625 2
    endloop
  endfacet
  facet normal 0 0 1
    outer loop
      vertex -26.145797729492188 52.44451904296875 2
      vertex -25.673294067382812 42.977027893066406 2
      vertex -25.673294067382812 52.2857666015625 2
    endloop
  endfacet
  facet normal 0 0 1
    outer loop
      vertex -26.145797729492188 52.44451904296875 2
      vertex -26.145797729492188 42.818275451660156 2
      vertex -25.673294067382812 42.977027893066406 2
    endloop
  endfacet
  facet normal 0 0 1
    outer loop
      vertex -26.631759643554688 52.55543518066406 2
      vertex -26.145797729492188 42.818275451660156 2
      vertex -26.145797729492188 52.44451904296875 2
    endloop
  endfacet
  facet normal 0 0 1
    outer loop
      vertex -26.631759643554688 52.55543518066406 2
      vertex -26.631759643554688 42.707359313964844 2
      vertex -26.145797729492188 42.818275451660156 2
    endloop
  endfacet
  facet normal 0 0 1
    outer loop
      vertex -27.12635040283203 52.61741638183594 2
      vertex -26.631759643554688 42.707359313964844 2
      vertex -26.631759643554688 52.55543518066406 2
    endloop
  endfacet
  facet normal 0 0 1
    outer loop
      vertex -27.12635040283203 52.61741638183594 2
      vertex -27.12635040283203 42.64537811279297 2
      vertex -26.631759643554688 42.707359313964844 2
    endloop
  endfacet
  facet normal 0 0 1
    outer loop
      vertex -27.624652862548828 52.629844665527344 2
      vertex -27.12635040283203 42.64537811279297 2
      vertex -27.12635040283203 52.61741638183594 2
    endloop
  endfacet
  facet normal 0 0 1
    outer loop
      vertex -27.624652862548828 52.629844665527344 2
      vertex -27.624652862548828 42.63294982910156 2
      vertex -27.12635040283203 42.64537811279297 2
    endloop
  endfacet
  facet normal 0 0 1
    outer loop
      vertex -28.121719360351562 52.592594146728516 2
      vertex -27.624652862548828 42.63294982910156 2
      vertex -27.624652862548828 52.629844665527344 2
    endloop
  endfacet
  facet normal 0 0 1
    outer loop
      vertex -28.121719360351562 52.592594146728516 2
      vertex -28.121719360351562 42.67020034790039 2
      vertex -27.624652862548828 42.63294982910156 2
    endloop
  endfacet
  facet normal 0 0 1
    outer loop
      vertex -28.61260414123535 52.50603485107422 2
      vertex -28.121719360351562 42.67020034790039 2
      vertex -28.121719360351562 52.592594146728516 2
    endloop
  endfacet
  facet normal 0 0 1
    outer loop
      vertex -28.61260414123535 52.50603485107422 2
      vertex -28.61260414123535 42.75675582885742 2
      vertex -28.121719360351562 42.67020034790039 2
    endloop
  endfacet
  facet normal 0 0 1
    outer loop
      vertex -29.09243392944336 52.37103271484375 2
      vertex -28.61260414123535 42.75675582885742 2
      vertex -28.61260414123535 52.50603485107422 2
    endloop
  endfacet
  facet normal 0 0 1
    outer loop
      vertex -29.09243392944336 52.37103271484375 2
      vertex -29.09243392944336 42.891761779785156 2
      vertex -28.61260414123535 42.75675582885742 2
    endloop
  endfacet
  facet normal 0 0 1
    outer loop
      vertex -29.556434631347656 52.188926696777344 2
      vertex -29.09243392944336 42.891761779785156 2
      vertex -29.09243392944336 52.37103271484375 2
    endloop
  endfacet
  facet normal 0 0 1
    outer loop
      vertex -29.556434631347656 52.188926696777344 2
      vertex -29.556434631347656 43.07386779785156 2
      vertex -29.09243392944336 42.891761779785156 2
    endloop
  endfacet
  facet normal 0 0 1
    outer loop
      vertex -30 51.961524963378906 2
      vertex -29.556434631347656 43.07386779785156 2
      vertex -29.556434631347656 52.188926696777344 2
    endloop
  endfacet
  facet normal 0 0 1
    outer loop
      vertex -30 51.961524963378906 2
      vertex -30 43.30126953125 2
      vertex -29.556434631347656 43.07386779785156 2
    endloop
  endfacet
  facet normal 0 0 1
    outer loop
      vertex -30.418718338012695 51.69108581542969 2
      vertex -30 43.30126953125 2
      vertex -30 51.961524963378906 2
    endloop
  endfacet
  facet normal 0 0 1
    outer loop
      vertex -30.418718338012695 51.69108581542969 2
      vertex -30.418718338012695 43.57170867919922 2
      vertex -30 43.30126953125 2
    endloop
  endfacet
  facet normal 0 0 1
    outer loop
      vertex -30.808429718017578 51.38030242919922 2
      vertex -30.418718338012695 43.57170867919922 2
      vertex -30.418718338012695 51.69108581542969 2
    endloop
  endfacet
  facet normal 0 0 1
    outer loop
      vertex -30.808429718017578 51.38030242919922 2
      vertex -30.808429718017578 43.88249206542969 2
      vertex -30.418718338012695 43.57170867919922 2
    endloop
  endfacet
  facet normal 0 0 1
    outer loop
      vertex -31.165258407592773 51.03226089477539 2
      vertex -30.808429718017578 43.88249206542969 2
      vertex -30.808429718017578 51.38030242919922 2
    endloop
  endfacet
  facet normal 0 0 1
    outer loop
      vertex -31.165258407592773 51.03226089477539 2
      vertex -31.165258407592773 44.230533599853516 2
      vertex -30.808429718017578 43.88249206542969 2
    endloop
  endfacet
  facet normal 0 0 1
    outer loop
      vertex -31.48566246032715 50.650421142578125 2
      vertex -31.165258407592773 44.230533599853516 2
      vertex -31.165258407592773 51.03226089477539 2
    endloop
  endfacet
  facet normal 0 0 1
    outer loop
      vertex -31.48566246032715 50.650421142578125 2
      vertex -31.48566246032715 44.61237335205078 2
      vertex -31.165258407592773 44.230533599853516 2
    endloop
  endfacet
  facet normal 0 0 1
    outer loop
      vertex -31.76645278930664 50.23857116699219 2
      vertex -31.48566246032715 44.61237335205078 2
      vertex -31.48566246032715 50.650421142578125 2
    endloop
  endfacet
  facet normal 0 0 1
    outer loop
      vertex -31.76645278930664 50.23857116699219 2
      vertex -31.76645278930664 45.02421951293945 2
      vertex -31.48566246032715 44.61237335205078 2
    endloop
  endfacet
  facet normal 0 0 1
    outer loop
      vertex -32.004844665527344 49.80081558227539 2
      vertex -31.76645278930664 45.02421951293945 2
      vertex -31.76645278930664 50.23857116699219 2
    endloop
  endfacet
  facet normal 0 0 1
    outer loop
      vertex -32.004844665527344 49.80081558227539 2
      vertex -32.004844665527344 45.461978912353516 2
      vertex -31.76645278930664 45.02421951293945 2
    endloop
  endfacet
  facet normal 0 0 1
    outer loop
      vertex -32.198463439941406 49.34149932861328 2
      vertex -32.004844665527344 45.461978912353516 2
      vertex -32.004844665527344 49.80081558227539 2
    endloop
  endfacet
  facet normal 0 0 1
    outer loop
      vertex -32.198463439941406 49.34149932861328 2
      vertex -32.198463439941406 45.921295166015625 2
      vertex -32.004844665527344 45.461978912353516 2
    endloop
  endfacet
  facet normal 0 0 1
    outer loop
      vertex -32.34538650512695 48.86518478393555 2
      vertex -32.198463439941406 45.921295166015625 2
      vertex -32.198463439941406 49.34149932861328 2
    endloop
  endfacet
  facet normal 0 0 1
    outer loop
      vertex -32.34538650512695 48.86518478393555 2
      vertex -32.34538650512695 46.39760971069336 2
      vertex -32.198463439941406 45.921295166015625 2
    endloop
  endfacet
  facet normal 0 0 1
    outer loop
      vertex -32.44415283203125 48.376609802246094 2
      vertex -32.34538650512695 46.39760971069336 2
      vertex -32.34538650512695 48.86518478393555 2
    endloop
  endfacet
  facet normal 0 0 1
    outer loop
      vertex -32.44415283203125 48.376609802246094 2
      vertex -32.44415283203125 46.88618469238281 2
      vertex -32.34538650512695 46.39760971069336 2
    endloop
  endfacet
  facet normal 0 0 1
    outer loop
      vertex -32.49378204345703 47.8806266784668 2
      vertex -32.44415283203125 46.88618469238281 2
      vertex -32.44415283203125 48.376609802246094 2
    endloop
  endfacet
  facet normal 0 0 1
    outer loop
      vertex -32.44415283203125 46.88618469238281 2
      vertex -32.49378204345703 47.8806266784668 2
      vertex -32.49378204345703 47.38216781616211 2
    endloop
  endfacet
  facet normal -0.9987570102833708 -0.04984410105341247 0
    outer loop
      vertex -22.5 47.63139724731445 2
      vertex -22.524845123291016 48.129234313964844 7.299999237060547
      vertex -22.524845123291016 48.129234313964844 2
    endloop
  endfacet
  facet normal -0.9987570102833708 -0.04984410105341247 0
    outer loop
      vertex -22.524845123291016 48.129234313964844 7.299999237060547
      vertex -22.5 47.63139724731445 2
      vertex -22.5 47.63139724731445 7.299999237060547
    endloop
  endfacet
  facet normal -0.9009698154307721 -0.4338817715491634 0
    outer loop
      vertex -22.89261817932129 49.573570251464844 2
      vertex -23.108890533447266 50.022666931152344 7.299999237060547
      vertex -23.108890533447266 50.022666931152344 2
    endloop
  endfacet
  facet normal -0.9009698154307721 -0.4338817715491634 0
    outer loop
      vertex -23.108890533447266 50.022666931152344 7.299999237060547
      vertex -22.89261817932129 49.573570251464844 2
      vertex -22.89261817932129 49.573570251464844 7.299999237060547
    endloop
  endfacet
  facet normal 0.9987566387802899 0.04985154453271937 0
    outer loop
      vertex -59.97515106201172 -0.49783897399902344 7.299999237060547
      vertex -60 0 2
      vertex -60 0 7.299999237060547
    endloop
  endfacet
  facet normal 0.9987566387802899 0.04985154453271937 0
    outer loop
      vertex -60 0 2
      vertex -59.97515106201172 -0.49783897399902344 7.299999237060547
      vertex -59.97515106201172 -0.49783897399902344 2
    endloop
  endfacet
  facet normal 0.9690760480869923 0.24676226012925298 0
    outer loop
      vertex -59.777862548828125 -1.473775863647461 7.299999237060547
      vertex -59.90086364746094 -0.9907302856445312 2
      vertex -59.90086364746094 -0.9907302856445312 7.299999237060547
    endloop
  endfacet
  facet normal 0.9690760480869923 0.24676226012925298 0
    outer loop
      vertex -59.90086364746094 -0.9907302856445312 2
      vertex -59.777862548828125 -1.473775863647461 7.299999237060547
      vertex -59.777862548828125 -1.473775863647461 2
    endloop
  endfacet
  facet normal 0.7971323033187591 -0.603804679516257 0
    outer loop
      vertex -59.131195068359375 2.8165998458862305 7.299999237060547
      vertex -58.830223083496094 3.213937759399414 2
      vertex -58.830223083496094 3.213937759399414 7.299999237060547
    endloop
  endfacet
  facet normal 0.7971323033187591 -0.603804679516257 0
    outer loop
      vertex -58.830223083496094 3.213937759399414 2
      vertex -59.131195068359375 2.8165998458862305 7.299999237060547
      vertex -59.131195068359375 2.8165998458862305 2
    endloop
  endfacet
  facet normal 0.9396928326391715 0.34201956126305116 0
    outer loop
      vertex -59.60737991333008 -1.942173957824707 7.299999237060547
      vertex -59.777862548828125 -1.473775863647461 2
      vertex -59.777862548828125 -1.473775863647461 7.299999237060547
    endloop
  endfacet
  facet normal 0.9396928326391715 0.34201956126305116 0
    outer loop
      vertex -59.777862548828125 -1.473775863647461 2
      vertex -59.60737991333008 -1.942173957824707 7.299999237060547
      vertex -59.60737991333008 -1.942173957824707 2
    endloop
  endfacet
  facet normal 0.9888320080349793 -0.14903442516918922 0
    outer loop
      vertex -59.97515106201172 0.49783897399902344 7.299999237060547
      vertex -59.90086364746094 0.9907302856445312 2
      vertex -59.90086364746094 0.9907302856445312 7.299999237060547
    endloop
  endfacet
  facet normal 0.9888320080349793 -0.14903442516918922 0
    outer loop
      vertex -59.90086364746094 0.9907302856445312 2
      vertex -59.97515106201172 0.49783897399902344 7.299999237060547
      vertex -59.97515106201172 0.49783897399902344 2
    endloop
  endfacet
  facet normal 0.9396928326391715 -0.34201956126305116 0
    outer loop
      vertex -59.777862548828125 1.473775863647461 7.299999237060547
      vertex -59.60737991333008 1.942173957824707 2
      vertex -59.60737991333008 1.942173957824707 7.299999237060547
    endloop
  endfacet
  facet normal 0.9396928326391715 -0.34201956126305116 0
    outer loop
      vertex -59.60737991333008 1.942173957824707 2
      vertex -59.777862548828125 1.473775863647461 7.299999237060547
      vertex -59.777862548828125 1.473775863647461 2
    endloop
  endfacet
  facet normal -0.36534288337415793 -0.9308730190352797 0
    outer loop
      vertex -53.40756607055664 4.739636421203613 2
      vertex -52.943565368652344 4.557528495788574 7.299999237060547
      vertex -53.40756607055664 4.739636421203613 7.299999237060547
    endloop
  endfacet
  facet normal -0.36534288337415793 -0.9308730190352797 0
    outer loop
      vertex -52.943565368652344 4.557528495788574 7.299999237060547
      vertex -53.40756607055664 4.739636421203613 2
      vertex -52.943565368652344 4.557528495788574 2
    endloop
  endfacet
  facet normal 0.4999993619597861 -0.8660257721568145 0
    outer loop
      vertex -57.712730407714844 4.200129508972168 2
      vertex -57.28105163574219 4.449358940124512 7.299999237060547
      vertex -57.712730407714844 4.200129508972168 7.299999237060547
    endloop
  endfacet
  facet normal 0.4999993619597861 -0.8660257721568145 0
    outer loop
      vertex -57.28105163574219 4.449358940124512 7.299999237060547
      vertex -57.712730407714844 4.200129508972168 2
      vertex -57.28105163574219 4.449358940124512 2
    endloop
  endfacet
  facet normal 0.6616839639420301 0.7497828564737674 0
    outer loop
      vertex -58.11744689941406 -3.9091567993164062 2
      vertex -58.49118423461914 -3.5793333053588867 7.299999237060547
      vertex -58.11744689941406 -3.9091567993164062 7.299999237060547
    endloop
  endfacet
  facet normal 0.6616839639420301 0.7497828564737674 0
    outer loop
      vertex -58.49118423461914 -3.5793333053588867 7.299999237060547
      vertex -58.11744689941406 -3.9091567993164062 2
      vertex -58.49118423461914 -3.5793333053588867 2
    endloop
  endfacet
  facet normal 0.31848602630504974 0.9479275558018234 0
    outer loop
      vertex -56.35420227050781 -4.8131208419799805 2
      vertex -56.82670593261719 -4.6543684005737305 7.299999237060547
      vertex -56.35420227050781 -4.8131208419799805 7.299999237060547
    endloop
  endfacet
  facet normal 0.31848602630504974 0.9479275558018234 0
    outer loop
      vertex -56.82670593261719 -4.6543684005737305 7.299999237060547
      vertex -56.35420227050781 -4.8131208419799805 2
      vertex -56.82670593261719 -4.6543684005737305 2
    endloop
  endfacet
  facet normal 0.9690760480869923 -0.24676226012925298 0
    outer loop
      vertex -59.90086364746094 0.9907302856445312 7.299999237060547
      vertex -59.777862548828125 1.473775863647461 2
      vertex -59.777862548828125 1.473775863647461 7.299999237060547
    endloop
  endfacet
  facet normal 0.9690760480869923 -0.24676226012925298 0
    outer loop
      vertex -59.777862548828125 1.473775863647461 2
      vertex -59.90086364746094 0.9907302856445312 7.299999237060547
      vertex -59.90086364746094 0.9907302856445312 2
    endloop
  endfacet
  facet normal 0.9987566387802899 -0.04985154453271937 0
    outer loop
      vertex -60 0 7.299999237060547
      vertex -59.97515106201172 0.49783897399902344 2
      vertex -59.97515106201172 0.49783897399902344 7.299999237060547
    endloop
  endfacet
  facet normal 0.9987566387802899 -0.04985154453271937 0
    outer loop
      vertex -59.97515106201172 0.49783897399902344 2
      vertex -60 0 7.299999237060547
      vertex -60 0 2
    endloop
  endfacet
  facet normal 0.900967959418027 -0.4338856255997846 0
    outer loop
      vertex -59.60737991333008 1.942173957824707 7.299999237060547
      vertex -59.39110565185547 2.3912696838378906 2
      vertex -59.39110565185547 2.3912696838378906 7.299999237060547
    endloop
  endfacet
  facet normal 0.900967959418027 -0.4338856255997846 0
    outer loop
      vertex -59.39110565185547 2.3912696838378906 2
      vertex -59.60737991333008 1.942173957824707 7.299999237060547
      vertex -59.60737991333008 1.942173957824707 2
    endloop
  endfacet
  facet normal 0.6616839639420301 -0.7497828564737674 0
    outer loop
      vertex -58.49118423461914 3.5793333053588867 2
      vertex -58.11744689941406 3.9091567993164062 7.299999237060547
      vertex -58.49118423461914 3.5793333053588867 7.299999237060547
    endloop
  endfacet
  facet normal 0.6616839639420301 -0.7497828564737674 0
    outer loop
      vertex -58.11744689941406 3.9091567993164062 7.299999237060547
      vertex -58.49118423461914 3.5793333053588867 2
      vertex -58.11744689941406 3.9091567993164062 2
    endloop
  endfacet
  facet normal 0.5837454811535715 0.8119367051887636 0
    outer loop
      vertex -57.712730407714844 -4.200129508972168 2
      vertex -58.11744689941406 -3.9091567993164062 7.299999237060547
      vertex -57.712730407714844 -4.200129508972168 7.299999237060547
    endloop
  endfacet
  facet normal 0.5837454811535715 0.8119367051887636 0
    outer loop
      vertex -58.11744689941406 -3.9091567993164062 7.299999237060547
      vertex -57.712730407714844 -4.200129508972168 2
      vertex -58.11744689941406 -3.9091567993164062 2
    endloop
  endfacet
  facet normal -0.8262385144824729 -0.5633204391692141 0
    outer loop
      vertex -50.733543395996094 2.607175827026367 2
      vertex -51.01433563232422 3.019021987915039 7.299999237060547
      vertex -51.01433563232422 3.019021987915039 2
    endloop
  endfacet
  facet normal -0.8262385144824729 -0.5633204391692141 0
    outer loop
      vertex -51.01433563232422 3.019021987915039 7.299999237060547
      vertex -50.733543395996094 2.607175827026367 2
      vertex -50.733543395996094 2.607175827026367 7.299999237060547
    endloop
  endfacet
  facet normal -0.17364791893977286 0.9848077986327516 0
    outer loop
      vertex -53.887393951416016 -4.874639511108398 2
      vertex -54.37828063964844 -4.961195945739746 7.299999237060547
      vertex -53.887393951416016 -4.874639511108398 7.299999237060547
    endloop
  endfacet
  facet normal -0.17364791893977286 0.9848077986327516 0
    outer loop
      vertex -54.37828063964844 -4.961195945739746 7.299999237060547
      vertex -53.887393951416016 -4.874639511108398 2
      vertex -54.37828063964844 -4.961195945739746 2
    endloop
  endfacet
  facet normal -0.9950302736098395 0.09957286075998749 0
    outer loop
      vertex -50.05584716796875 -0.7452106475830078 2
      vertex -50.0062141418457 -0.24922847747802734 7.299999237060547
      vertex -50.0062141418457 -0.24922847747802734 2
    endloop
  endfacet
  facet normal -0.9950302736098395 0.09957286075998749 0
    outer loop
      vertex -50.0062141418457 -0.24922847747802734 7.299999237060547
      vertex -50.05584716796875 -0.7452106475830078 2
      vertex -50.05584716796875 -0.7452106475830078 7.299999237060547
    endloop
  endfacet
  facet normal 0.2225198960275158 0.9749281490817177 0
    outer loop
      vertex -55.86824035644531 -4.924037933349609 2
      vertex -56.35420227050781 -4.8131208419799805 7.299999237060547
      vertex -55.86824035644531 -4.924037933349609 7.299999237060547
    endloop
  endfacet
  facet normal 0.2225198960275158 0.9749281490817177 0
    outer loop
      vertex -56.35420227050781 -4.8131208419799805 7.299999237060547
      vertex -55.86824035644531 -4.924037933349609 2
      vertex -56.35420227050781 -4.8131208419799805 2
    endloop
  endfacet
  facet normal 0.4112885567669803 0.9115051964045703 0
    outer loop
      vertex -56.82670593261719 -4.6543684005737305 2
      vertex -57.28105163574219 -4.449358940124512 7.299999237060547
      vertex -56.82670593261719 -4.6543684005737305 7.299999237060547
    endloop
  endfacet
  facet normal 0.4112885567669803 0.9115051964045703 0
    outer loop
      vertex -57.28105163574219 -4.449358940124512 7.299999237060547
      vertex -56.82670593261719 -4.6543684005737305 2
      vertex -57.28105163574219 -4.449358940124512 2
    endloop
  endfacet
  facet normal -0.9950302736098395 -0.09957286075998749 0
    outer loop
      vertex -50.0062141418457 0.24922847747802734 2
      vertex -50.05584716796875 0.7452106475830078 7.299999237060547
      vertex -50.05584716796875 0.7452106475830078 2
    endloop
  endfacet
  facet normal -0.9950302736098395 -0.09957286075998749 0
    outer loop
      vertex -50.05584716796875 0.7452106475830078 7.299999237060547
      vertex -50.0062141418457 0.24922847747802734 2
      vertex -50.0062141418457 0.24922847747802734 7.299999237060547
    endloop
  endfacet
  facet normal 0.7330505428540097 0.680174170063405 0
    outer loop
      vertex -58.49118423461914 -3.5793333053588867 7.299999237060547
      vertex -58.830223083496094 -3.213937759399414 2
      vertex -58.830223083496094 -3.213937759399414 7.299999237060547
    endloop
  endfacet
  facet normal 0.7330505428540097 0.680174170063405 0
    outer loop
      vertex -58.830223083496094 -3.213937759399414 2
      vertex -58.49118423461914 -3.5793333053588867 7.299999237060547
      vertex -58.49118423461914 -3.5793333053588867 2
    endloop
  endfacet
  facet normal 0.8532937987851219 -0.5214304296402886 0
    outer loop
      vertex -59.39110565185547 2.3912696838378906 7.299999237060547
      vertex -59.131195068359375 2.8165998458862305 2
      vertex -59.131195068359375 2.8165998458862305 7.299999237060547
    endloop
  endfacet
  facet normal 0.8532937987851219 -0.5214304296402886 0
    outer loop
      vertex -59.131195068359375 2.8165998458862305 2
      vertex -59.39110565185547 2.3912696838378906 7.299999237060547
      vertex -59.39110565185547 2.3912696838378906 2
    endloop
  endfacet
  facet normal 0.12434367341258688 0.9922392105144121 0
    outer loop
      vertex -55.37364959716797 -4.986018180847168 2
      vertex -55.86824035644531 -4.924037933349609 7.299999237060547
      vertex -55.37364959716797 -4.986018180847168 7.299999237060547
    endloop
  endfacet
  facet normal 0.12434367341258688 0.9922392105144121 0
    outer loop
      vertex -55.86824035644531 -4.924037933349609 7.299999237060547
      vertex -55.37364959716797 -4.986018180847168 2
      vertex -55.86824035644531 -4.924037933349609 2
    endloop
  endfacet
  facet normal 0.900967959418027 0.4338856255997846 0
    outer loop
      vertex -59.39110565185547 -2.3912696838378906 7.299999237060547
      vertex -59.60737991333008 -1.942173957824707 2
      vertex -59.60737991333008 -1.942173957824707 7.299999237060547
    endloop
  endfacet
  facet normal 0.900967959418027 0.4338856255997846 0
    outer loop
      vertex -59.60737991333008 -1.942173957824707 2
      vertex -59.39110565185547 -2.3912696838378906 7.299999237060547
      vertex -59.39110565185547 -2.3912696838378906 2
    endloop
  endfacet
  facet normal 0.5837454811535715 -0.8119367051887636 0
    outer loop
      vertex -58.11744689941406 3.9091567993164062 2
      vertex -57.712730407714844 4.200129508972168 7.299999237060547
      vertex -58.11744689941406 3.9091567993164062 7.299999237060547
    endloop
  endfacet
  facet normal 0.5837454811535715 -0.8119367051887636 0
    outer loop
      vertex -57.712730407714844 4.200129508972168 7.299999237060547
      vertex -58.11744689941406 3.9091567993164062 2
      vertex -57.712730407714844 4.200129508972168 2
    endloop
  endfacet
  facet normal 0.4999993619597861 0.8660257721568145 0
    outer loop
      vertex -57.28105163574219 -4.449358940124512 2
      vertex -57.712730407714844 -4.200129508972168 7.299999237060547
      vertex -57.28105163574219 -4.449358940124512 7.299999237060547
    endloop
  endfacet
  facet normal 0.4999993619597861 0.8660257721568145 0
    outer loop
      vertex -57.712730407714844 -4.200129508972168 7.299999237060547
      vertex -57.28105163574219 -4.449358940124512 2
      vertex -57.712730407714844 -4.200129508972168 2
    endloop
  endfacet
  facet normal -1 0 0
    outer loop
      vertex -50.0062141418457 -0.24922847747802734 2
      vertex -50.0062141418457 0.24922847747802734 7.299999237060547
      vertex -50.0062141418457 0.24922847747802734 2
    endloop
  endfacet
  facet normal -1 0 0
    outer loop
      vertex -50.0062141418457 0.24922847747802734 7.299999237060547
      vertex -50.0062141418457 -0.24922847747802734 2
      vertex -50.0062141418457 -0.24922847747802734 7.299999237060547
    endloop
  endfacet
  facet normal -0.6982355773390236 -0.7158680594481363 0
    outer loop
      vertex -51.69157028198242 3.7489051818847656 2
      vertex -51.334739685058594 3.4008636474609375 7.299999237060547
      vertex -51.69157028198242 3.7489051818847656 7.299999237060547
    endloop
  endfacet
  facet normal -0.6982355773390236 -0.7158680594481363 0
    outer loop
      vertex -51.334739685058594 3.4008636474609375 7.299999237060547
      vertex -51.69157028198242 3.7489051818847656 2
      vertex -51.334739685058594 3.4008636474609375 2
    endloop
  endfacet
  facet normal -0.9214762597982435 -0.38843468257641467 0
    outer loop
      vertex -50.301536560058594 1.7101001739501953 2
      vertex -50.495155334472656 2.1694183349609375 7.299999237060547
      vertex -50.495155334472656 2.1694183349609375 2
    endloop
  endfacet
  facet normal -0.9214762597982435 -0.38843468257641467 0
    outer loop
      vertex -50.495155334472656 2.1694183349609375 7.299999237060547
      vertex -50.301536560058594 1.7101001739501953 2
      vertex -50.301536560058594 1.7101001739501953 7.299999237060547
    endloop
  endfacet
  facet normal 0.7971323033187591 0.603804679516257 0
    outer loop
      vertex -58.830223083496094 -3.213937759399414 7.299999237060547
      vertex -59.131195068359375 -2.8165998458862305 2
      vertex -59.131195068359375 -2.8165998458862305 7.299999237060547
    endloop
  endfacet
  facet normal 0.7971323033187591 0.603804679516257 0
    outer loop
      vertex -59.131195068359375 -2.8165998458862305 2
      vertex -58.830223083496094 -3.213937759399414 7.299999237060547
      vertex -58.830223083496094 -3.213937759399414 2
    endloop
  endfacet
  facet normal -0.2708413176319375 0.9626240079404814 0
    outer loop
      vertex -53.40756607055664 -4.739636421203613 2
      vertex -53.887393951416016 -4.874639511108398 7.299999237060547
      vertex -53.40756607055664 -4.739636421203613 7.299999237060547
    endloop
  endfacet
  facet normal -0.2708413176319375 0.9626240079404814 0
    outer loop
      vertex -53.887393951416016 -4.874639511108398 7.299999237060547
      vertex -53.40756607055664 -4.739636421203613 2
      vertex -53.887393951416016 -4.874639511108398 2
    endloop
  endfacet
  facet normal -0.2708413176319375 -0.9626240079404814 0
    outer loop
      vertex -53.887393951416016 4.874639511108398 2
      vertex -53.40756607055664 4.739636421203613 7.299999237060547
      vertex -53.887393951416016 4.874639511108398 7.299999237060547
    endloop
  endfacet
  facet normal -0.2708413176319375 -0.9626240079404814 0
    outer loop
      vertex -53.40756607055664 4.739636421203613 7.299999237060547
      vertex -53.887393951416016 4.874639511108398 2
      vertex -53.40756607055664 4.739636421203613 2
    endloop
  endfacet
  facet normal 0.8532937987851219 0.5214304296402886 0
    outer loop
      vertex -59.131195068359375 -2.8165998458862305 7.299999237060547
      vertex -59.39110565185547 -2.3912696838378906 2
      vertex -59.39110565185547 -2.3912696838378906 7.299999237060547
    endloop
  endfacet
  facet normal 0.8532937987851219 0.5214304296402886 0
    outer loop
      vertex -59.39110565185547 -2.3912696838378906 2
      vertex -59.131195068359375 -2.8165998458862305 7.299999237060547
      vertex -59.131195068359375 -2.8165998458862305 2
    endloop
  endfacet
  facet normal -0.5425448953893152 -0.840026807004989 0
    outer loop
      vertex -52.5 4.330126762390137 2
      vertex -52.08127975463867 4.059689521789551 7.299999237060547
      vertex -52.5 4.330126762390137 7.299999237060547
    endloop
  endfacet
  facet normal -0.5425448953893152 -0.840026807004989 0
    outer loop
      vertex -52.08127975463867 4.059689521789551 7.299999237060547
      vertex -52.5 4.330126762390137 2
      vertex -52.08127975463867 4.059689521789551 2
    endloop
  endfacet
  facet normal 0.9888320080349793 0.14903442516918922 0
    outer loop
      vertex -59.90086364746094 -0.9907302856445312 7.299999237060547
      vertex -59.97515106201172 -0.49783897399902344 2
      vertex -59.97515106201172 -0.49783897399902344 7.299999237060547
    endloop
  endfacet
  facet normal 0.9888320080349793 0.14903442516918922 0
    outer loop
      vertex -59.97515106201172 -0.49783897399902344 2
      vertex -59.90086364746094 -0.9907302856445312 7.299999237060547
      vertex -59.90086364746094 -0.9907302856445312 2
    endloop
  endfacet
  facet normal -0.6982355773390236 0.7158680594481363 0
    outer loop
      vertex -51.334739685058594 -3.4008636474609375 2
      vertex -51.69157028198242 -3.7489051818847656 7.299999237060547
      vertex -51.334739685058594 -3.4008636474609375 7.299999237060547
    endloop
  endfacet
  facet normal -0.6982355773390236 0.7158680594481363 0
    outer loop
      vertex -51.69157028198242 -3.7489051818847656 7.299999237060547
      vertex -51.334739685058594 -3.4008636474609375 2
      vertex -51.69157028198242 -3.7489051818847656 2
    endloop
  endfacet
  facet normal -0.7660435964888327 0.6427886186597072 0
    outer loop
      vertex -51.334739685058594 -3.4008636474609375 2
      vertex -51.01433563232422 -3.019021987915039 7.299999237060547
      vertex -51.01433563232422 -3.019021987915039 2
    endloop
  endfacet
  facet normal -0.7660435964888327 0.6427886186597072 0
    outer loop
      vertex -51.01433563232422 -3.019021987915039 7.299999237060547
      vertex -51.334739685058594 -3.4008636474609375 2
      vertex -51.334739685058594 -3.4008636474609375 7.299999237060547
    endloop
  endfacet
  facet normal 0.12434367341258688 -0.9922392105144121 0
    outer loop
      vertex -55.86824035644531 4.924037933349609 2
      vertex -55.37364959716797 4.986018180847168 7.299999237060547
      vertex -55.86824035644531 4.924037933349609 7.299999237060547
    endloop
  endfacet
  facet normal 0.12434367341258688 -0.9922392105144121 0
    outer loop
      vertex -55.37364959716797 4.986018180847168 7.299999237060547
      vertex -55.86824035644531 4.924037933349609 2
      vertex -55.37364959716797 4.986018180847168 2
    endloop
  endfacet
  facet normal -0.8782232272820231 -0.4782509415174714 0
    outer loop
      vertex -50.495155334472656 2.1694183349609375 2
      vertex -50.733543395996094 2.607175827026367 7.299999237060547
      vertex -50.733543395996094 2.607175827026367 2
    endloop
  endfacet
  facet normal -0.8782232272820231 -0.4782509415174714 0
    outer loop
      vertex -50.733543395996094 2.607175827026367 7.299999237060547
      vertex -50.495155334472656 2.1694183349609375 2
      vertex -50.495155334472656 2.1694183349609375 7.299999237060547
    endloop
  endfacet
  facet normal -0.8782232272820231 0.4782509415174714 0
    outer loop
      vertex -50.733543395996094 -2.607175827026367 2
      vertex -50.495155334472656 -2.1694183349609375 7.299999237060547
      vertex -50.495155334472656 -2.1694183349609375 2
    endloop
  endfacet
  facet normal -0.8782232272820231 0.4782509415174714 0
    outer loop
      vertex -50.495155334472656 -2.1694183349609375 7.299999237060547
      vertex -50.733543395996094 -2.607175827026367 2
      vertex -50.733543395996094 -2.607175827026367 7.299999237060547
    endloop
  endfacet
  facet normal -0.9214762597982435 0.38843468257641467 0
    outer loop
      vertex -50.495155334472656 -2.1694183349609375 2
      vertex -50.301536560058594 -1.7101001739501953 7.299999237060547
      vertex -50.301536560058594 -1.7101001739501953 2
    endloop
  endfacet
  facet normal -0.9214762597982435 0.38843468257641467 0
    outer loop
      vertex -50.301536560058594 -1.7101001739501953 7.299999237060547
      vertex -50.495155334472656 -2.1694183349609375 2
      vertex -50.495155334472656 -2.1694183349609375 7.299999237060547
    endloop
  endfacet
  facet normal 0.4112885567669803 -0.9115051964045703 0
    outer loop
      vertex -57.28105163574219 4.449358940124512 2
      vertex -56.82670593261719 4.6543684005737305 7.299999237060547
      vertex -57.28105163574219 4.449358940124512 7.299999237060547
    endloop
  endfacet
  facet normal 0.4112885567669803 -0.9115051964045703 0
    outer loop
      vertex -56.82670593261719 4.6543684005737305 7.299999237060547
      vertex -57.28105163574219 4.449358940124512 2
      vertex -56.82670593261719 4.6543684005737305 2
    endloop
  endfacet
  facet normal -0.4562091281375018 0.8898725927929348 0
    outer loop
      vertex -52.5 -4.330126762390137 2
      vertex -52.943565368652344 -4.557528495788574 7.299999237060547
      vertex -52.5 -4.330126762390137 7.299999237060547
    endloop
  endfacet
  facet normal -0.4562091281375018 0.8898725927929348 0
    outer loop
      vertex -52.943565368652344 -4.557528495788574 7.299999237060547
      vertex -52.5 -4.330126762390137 2
      vertex -52.943565368652344 -4.557528495788574 2
    endloop
  endfacet
  facet normal -0.5425448953893152 0.840026807004989 0
    outer loop
      vertex -52.08127975463867 -4.059689521789551 2
      vertex -52.5 -4.330126762390137 7.299999237060547
      vertex -52.08127975463867 -4.059689521789551 7.299999237060547
    endloop
  endfacet
  facet normal -0.5425448953893152 0.840026807004989 0
    outer loop
      vertex -52.5 -4.330126762390137 7.299999237060547
      vertex -52.08127975463867 -4.059689521789551 2
      vertex -52.5 -4.330126762390137 2
    endloop
  endfacet
  facet normal -0.9555729299402829 0.29475477191276017 0
    outer loop
      vertex -50.301536560058594 -1.7101001739501953 2
      vertex -50.15461349487305 -1.2337865829467773 7.299999237060547
      vertex -50.15461349487305 -1.2337865829467773 2
    endloop
  endfacet
  facet normal -0.9555729299402829 0.29475477191276017 0
    outer loop
      vertex -50.15461349487305 -1.2337865829467773 7.299999237060547
      vertex -50.301536560058594 -1.7101001739501953 2
      vertex -50.301536560058594 -1.7101001739501953 7.299999237060547
    endloop
  endfacet
  facet normal -0.36534288337415793 0.9308730190352797 0
    outer loop
      vertex -52.943565368652344 -4.557528495788574 2
      vertex -53.40756607055664 -4.739636421203613 7.299999237060547
      vertex -52.943565368652344 -4.557528495788574 7.299999237060547
    endloop
  endfacet
  facet normal -0.36534288337415793 0.9308730190352797 0
    outer loop
      vertex -53.40756607055664 -4.739636421203613 7.299999237060547
      vertex -52.943565368652344 -4.557528495788574 2
      vertex -53.40756607055664 -4.739636421203613 2
    endloop
  endfacet
  facet normal 0.7330505428540097 -0.680174170063405 0
    outer loop
      vertex -58.830223083496094 3.213937759399414 7.299999237060547
      vertex -58.49118423461914 3.5793333053588867 2
      vertex -58.49118423461914 3.5793333053588867 7.299999237060547
    endloop
  endfacet
  facet normal 0.7330505428540097 -0.680174170063405 0
    outer loop
      vertex -58.49118423461914 3.5793333053588867 2
      vertex -58.830223083496094 3.213937759399414 7.299999237060547
      vertex -58.830223083496094 3.213937759399414 2
    endloop
  endfacet
  facet normal -0.6234915261199967 -0.7818301074124464 0
    outer loop
      vertex -52.08127975463867 4.059689521789551 2
      vertex -51.69157028198242 3.7489051818847656 7.299999237060547
      vertex -52.08127975463867 4.059689521789551 7.299999237060547
    endloop
  endfacet
  facet normal -0.6234915261199967 -0.7818301074124464 0
    outer loop
      vertex -51.69157028198242 3.7489051818847656 7.299999237060547
      vertex -52.08127975463867 4.059689521789551 2
      vertex -51.69157028198242 3.7489051818847656 2
    endloop
  endfacet
  facet normal -0.8262385144824729 0.5633204391692141 0
    outer loop
      vertex -51.01433563232422 -3.019021987915039 2
      vertex -50.733543395996094 -2.607175827026367 7.299999237060547
      vertex -50.733543395996094 -2.607175827026367 2
    endloop
  endfacet
  facet normal -0.8262385144824729 0.5633204391692141 0
    outer loop
      vertex -50.733543395996094 -2.607175827026367 7.299999237060547
      vertex -51.01433563232422 -3.019021987915039 2
      vertex -51.01433563232422 -3.019021987915039 7.299999237060547
    endloop
  endfacet
  facet normal -0.9555729299402829 -0.29475477191276017 0
    outer loop
      vertex -50.15461349487305 1.2337865829467773 2
      vertex -50.301536560058594 1.7101001739501953 7.299999237060547
      vertex -50.301536560058594 1.7101001739501953 2
    endloop
  endfacet
  facet normal -0.9555729299402829 -0.29475477191276017 0
    outer loop
      vertex -50.301536560058594 1.7101001739501953 7.299999237060547
      vertex -50.15461349487305 1.2337865829467773 2
      vertex -50.15461349487305 1.2337865829467773 7.299999237060547
    endloop
  endfacet
  facet normal -0.07472925712085873 0.9972038598652557 0
    outer loop
      vertex -54.37828063964844 -4.961195945739746 2
      vertex -54.87534713745117 -4.998445510864258 7.299999237060547
      vertex -54.37828063964844 -4.961195945739746 7.299999237060547
    endloop
  endfacet
  facet normal -0.07472925712085873 0.9972038598652557 0
    outer loop
      vertex -54.87534713745117 -4.998445510864258 7.299999237060547
      vertex -54.37828063964844 -4.961195945739746 2
      vertex -54.87534713745117 -4.998445510864258 2
    endloop
  endfacet
  facet normal -0.17364791893977286 -0.9848077986327516 0
    outer loop
      vertex -54.37828063964844 4.961195945739746 2
      vertex -53.887393951416016 4.874639511108398 7.299999237060547
      vertex -54.37828063964844 4.961195945739746 7.299999237060547
    endloop
  endfacet
  facet normal -0.17364791893977286 -0.9848077986327516 0
    outer loop
      vertex -53.887393951416016 4.874639511108398 7.299999237060547
      vertex -54.37828063964844 4.961195945739746 2
      vertex -53.887393951416016 4.874639511108398 2
    endloop
  endfacet
  facet normal -0.4562091281375018 -0.8898725927929348 0
    outer loop
      vertex -52.943565368652344 4.557528495788574 2
      vertex -52.5 4.330126762390137 7.299999237060547
      vertex -52.943565368652344 4.557528495788574 7.299999237060547
    endloop
  endfacet
  facet normal -0.4562091281375018 -0.8898725927929348 0
    outer loop
      vertex -52.5 4.330126762390137 7.299999237060547
      vertex -52.943565368652344 4.557528495788574 2
      vertex -52.5 4.330126762390137 2
    endloop
  endfacet
  facet normal -0.6234915261199967 0.7818301074124464 0
    outer loop
      vertex -51.69157028198242 -3.7489051818847656 2
      vertex -52.08127975463867 -4.059689521789551 7.299999237060547
      vertex -51.69157028198242 -3.7489051818847656 7.299999237060547
    endloop
  endfacet
  facet normal -0.6234915261199967 0.7818301074124464 0
    outer loop
      vertex -52.08127975463867 -4.059689521789551 7.299999237060547
      vertex -51.69157028198242 -3.7489051818847656 2
      vertex -52.08127975463867 -4.059689521789551 2
    endloop
  endfacet
  facet normal 0.0249315789276623 0.9996891598752954 0
    outer loop
      vertex -54.87534713745117 -4.998445510864258 2
      vertex -55.37364959716797 -4.986018180847168 7.299999237060547
      vertex -54.87534713745117 -4.998445510864258 7.299999237060547
    endloop
  endfacet
  facet normal 0.0249315789276623 0.9996891598752954 0
    outer loop
      vertex -55.37364959716797 -4.986018180847168 7.299999237060547
      vertex -54.87534713745117 -4.998445510864258 2
      vertex -55.37364959716797 -4.986018180847168 2
    endloop
  endfacet
  facet normal -0.980173044724989 0.19814338847043242 0
    outer loop
      vertex -50.15461349487305 -1.2337865829467773 2
      vertex -50.05584716796875 -0.7452106475830078 7.299999237060547
      vertex -50.05584716796875 -0.7452106475830078 2
    endloop
  endfacet
  facet normal -0.980173044724989 0.19814338847043242 0
    outer loop
      vertex -50.05584716796875 -0.7452106475830078 7.299999237060547
      vertex -50.15461349487305 -1.2337865829467773 2
      vertex -50.15461349487305 -1.2337865829467773 7.299999237060547
    endloop
  endfacet
  facet normal -0.7660435964888327 -0.6427886186597072 0
    outer loop
      vertex -51.01433563232422 3.019021987915039 2
      vertex -51.334739685058594 3.4008636474609375 7.299999237060547
      vertex -51.334739685058594 3.4008636474609375 2
    endloop
  endfacet
  facet normal -0.7660435964888327 -0.6427886186597072 0
    outer loop
      vertex -51.334739685058594 3.4008636474609375 7.299999237060547
      vertex -51.01433563232422 3.019021987915039 2
      vertex -51.01433563232422 3.019021987915039 7.299999237060547
    endloop
  endfacet
  facet normal 0.2225198960275158 -0.9749281490817177 0
    outer loop
      vertex -56.35420227050781 4.8131208419799805 2
      vertex -55.86824035644531 4.924037933349609 7.299999237060547
      vertex -56.35420227050781 4.8131208419799805 7.299999237060547
    endloop
  endfacet
  facet normal 0.2225198960275158 -0.9749281490817177 0
    outer loop
      vertex -55.86824035644531 4.924037933349609 7.299999237060547
      vertex -56.35420227050781 4.8131208419799805 2
      vertex -55.86824035644531 4.924037933349609 2
    endloop
  endfacet
  facet normal 0.31848602630504974 -0.9479275558018234 0
    outer loop
      vertex -56.82670593261719 4.6543684005737305 2
      vertex -56.35420227050781 4.8131208419799805 7.299999237060547
      vertex -56.82670593261719 4.6543684005737305 7.299999237060547
    endloop
  endfacet
  facet normal 0.31848602630504974 -0.9479275558018234 0
    outer loop
      vertex -56.35420227050781 4.8131208419799805 7.299999237060547
      vertex -56.82670593261719 4.6543684005737305 2
      vertex -56.35420227050781 4.8131208419799805 2
    endloop
  endfacet
  facet normal 0.0249315789276623 -0.9996891598752954 0
    outer loop
      vertex -55.37364959716797 4.986018180847168 2
      vertex -54.87534713745117 4.998445510864258 7.299999237060547
      vertex -55.37364959716797 4.986018180847168 7.299999237060547
    endloop
  endfacet
  facet normal 0.0249315789276623 -0.9996891598752954 0
    outer loop
      vertex -54.87534713745117 4.998445510864258 7.299999237060547
      vertex -55.37364959716797 4.986018180847168 2
      vertex -54.87534713745117 4.998445510864258 2
    endloop
  endfacet
  facet normal -0.980173044724989 -0.19814338847043242 0
    outer loop
      vertex -50.05584716796875 0.7452106475830078 2
      vertex -50.15461349487305 1.2337865829467773 7.299999237060547
      vertex -50.15461349487305 1.2337865829467773 2
    endloop
  endfacet
  facet normal -0.980173044724989 -0.19814338847043242 0
    outer loop
      vertex -50.15461349487305 1.2337865829467773 7.299999237060547
      vertex -50.05584716796875 0.7452106475830078 2
      vertex -50.05584716796875 0.7452106475830078 7.299999237060547
    endloop
  endfacet
  facet normal -0.07472925712085873 -0.9972038598652557 0
    outer loop
      vertex -54.87534713745117 4.998445510864258 2
      vertex -54.37828063964844 4.961195945739746 7.299999237060547
      vertex -54.87534713745117 4.998445510864258 7.299999237060547
    endloop
  endfacet
  facet normal -0.07472925712085873 -0.9972038598652557 0
    outer loop
      vertex -54.37828063964844 4.961195945739746 7.299999237060547
      vertex -54.87534713745117 4.998445510864258 2
      vertex -54.37828063964844 4.961195945739746 2
    endloop
  endfacet
  facet normal 0 0 1
    outer loop
      vertex -50.05584716796875 0.7452106475830078 2
      vertex -50.0062141418457 -0.24922847747802734 2
      vertex -50.0062141418457 0.24922847747802734 2
    endloop
  endfacet
  facet normal 0 0 1
    outer loop
      vertex -50.05584716796875 0.7452106475830078 2
      vertex -50.05584716796875 -0.7452106475830078 2
      vertex -50.0062141418457 -0.24922847747802734 2
    endloop
  endfacet
  facet normal 0 0 1
    outer loop
      vertex -50.15461349487305 1.2337865829467773 2
      vertex -50.05584716796875 -0.7452106475830078 2
      vertex -50.05584716796875 0.7452106475830078 2
    endloop
  endfacet
  facet normal 0 0 1
    outer loop
      vertex -50.15461349487305 1.2337865829467773 2
      vertex -50.15461349487305 -1.2337865829467773 2
      vertex -50.05584716796875 -0.7452106475830078 2
    endloop
  endfacet
  facet normal 0 0 1
    outer loop
      vertex -50.301536560058594 1.7101001739501953 2
      vertex -50.15461349487305 -1.2337865829467773 2
      vertex -50.15461349487305 1.2337865829467773 2
    endloop
  endfacet
  facet normal 0 0 1
    outer loop
      vertex -50.301536560058594 1.7101001739501953 2
      vertex -50.301536560058594 -1.7101001739501953 2
      vertex -50.15461349487305 -1.2337865829467773 2
    endloop
  endfacet
  facet normal 0 0 1
    outer loop
      vertex -50.495155334472656 2.1694183349609375 2
      vertex -50.301536560058594 -1.7101001739501953 2
      vertex -50.301536560058594 1.7101001739501953 2
    endloop
  endfacet
  facet normal 0 0 1
    outer loop
      vertex -50.495155334472656 2.1694183349609375 2
      vertex -50.495155334472656 -2.1694183349609375 2
      vertex -50.301536560058594 -1.7101001739501953 2
    endloop
  endfacet
  facet normal 0 0 1
    outer loop
      vertex -50.733543395996094 2.607175827026367 2
      vertex -50.495155334472656 -2.1694183349609375 2
      vertex -50.495155334472656 2.1694183349609375 2
    endloop
  endfacet
  facet normal 0 0 1
    outer loop
      vertex -50.733543395996094 2.607175827026367 2
      vertex -50.733543395996094 -2.607175827026367 2
      vertex -50.495155334472656 -2.1694183349609375 2
    endloop
  endfacet
  facet normal 0 0 1
    outer loop
      vertex -51.01433563232422 3.019021987915039 2
      vertex -50.733543395996094 -2.607175827026367 2
      vertex -50.733543395996094 2.607175827026367 2
    endloop
  endfacet
  facet normal 0 0 1
    outer loop
      vertex -51.01433563232422 3.019021987915039 2
      vertex -51.01433563232422 -3.019021987915039 2
      vertex -50.733543395996094 -2.607175827026367 2
    endloop
  endfacet
  facet normal 0 0 1
    outer loop
      vertex -51.334739685058594 3.4008636474609375 2
      vertex -51.01433563232422 -3.019021987915039 2
      vertex -51.01433563232422 3.019021987915039 2
    endloop
  endfacet
  facet normal 0 0 1
    outer loop
      vertex -51.334739685058594 3.4008636474609375 2
      vertex -51.334739685058594 -3.4008636474609375 2
      vertex -51.01433563232422 -3.019021987915039 2
    endloop
  endfacet
  facet normal 0 0 1
    outer loop
      vertex -51.69157028198242 3.7489051818847656 2
      vertex -51.334739685058594 -3.4008636474609375 2
      vertex -51.334739685058594 3.4008636474609375 2
    endloop
  endfacet
  facet normal 0 0 1
    outer loop
      vertex -51.69157028198242 3.7489051818847656 2
      vertex -51.69157028198242 -3.7489051818847656 2
      vertex -51.334739685058594 -3.4008636474609375 2
    endloop
  endfacet
  facet normal 0 0 1
    outer loop
      vertex -52.08127975463867 4.059689521789551 2
      vertex -51.69157028198242 -3.7489051818847656 2
      vertex -51.69157028198242 3.7489051818847656 2
    endloop
  endfacet
  facet normal 0 0 1
    outer loop
      vertex -52.08127975463867 4.059689521789551 2
      vertex -52.08127975463867 -4.059689521789551 2
      vertex -51.69157028198242 -3.7489051818847656 2
    endloop
  endfacet
  facet normal 0 0 1
    outer loop
      vertex -52.5 4.330126762390137 2
      vertex -52.08127975463867 -4.059689521789551 2
      vertex -52.08127975463867 4.059689521789551 2
    endloop
  endfacet
  facet normal 0 0 1
    outer loop
      vertex -52.5 4.330126762390137 2
      vertex -52.5 -4.330126762390137 2
      vertex -52.08127975463867 -4.059689521789551 2
    endloop
  endfacet
  facet normal 0 0 1
    outer loop
      vertex -52.943565368652344 4.557528495788574 2
      vertex -52.5 -4.330126762390137 2
      vertex -52.5 4.330126762390137 2
    endloop
  endfacet
  facet normal 0 0 1
    outer loop
      vertex -52.943565368652344 4.557528495788574 2
      vertex -52.943565368652344 -4.557528495788574 2
      vertex -52.5 -4.330126762390137 2
    endloop
  endfacet
  facet normal 0 0 1
    outer loop
      vertex -53.40756607055664 4.739636421203613 2
      vertex -52.943565368652344 -4.557528495788574 2
      vertex -52.943565368652344 4.557528495788574 2
    endloop
  endfacet
  facet normal 0 0 1
    outer loop
      vertex -53.40756607055664 4.739636421203613 2
      vertex -53.40756607055664 -4.739636421203613 2
      vertex -52.943565368652344 -4.557528495788574 2
    endloop
  endfacet
  facet normal 0 0 1
    outer loop
      vertex -53.887393951416016 4.874639511108398 2
      vertex -53.40756607055664 -4.739636421203613 2
      vertex -53.40756607055664 4.739636421203613 2
    endloop
  endfacet
  facet normal 0 0 1
    outer loop
      vertex -53.887393951416016 4.874639511108398 2
      vertex -53.887393951416016 -4.874639511108398 2
      vertex -53.40756607055664 -4.739636421203613 2
    endloop
  endfacet
  facet normal 0 0 1
    outer loop
      vertex -54.37828063964844 4.961195945739746 2
      vertex -53.887393951416016 -4.874639511108398 2
      vertex -53.887393951416016 4.874639511108398 2
    endloop
  endfacet
  facet normal 0 0 1
    outer loop
      vertex -54.37828063964844 4.961195945739746 2
      vertex -54.37828063964844 -4.961195945739746 2
      vertex -53.887393951416016 -4.874639511108398 2
    endloop
  endfacet
  facet normal 0 0 1
    outer loop
      vertex -54.87534713745117 4.998445510864258 2
      vertex -54.37828063964844 -4.961195945739746 2
      vertex -54.37828063964844 4.961195945739746 2
    endloop
  endfacet
  facet normal 0 0 1
    outer loop
      vertex -54.87534713745117 4.998445510864258 2
      vertex -54.87534713745117 -4.998445510864258 2
      vertex -54.37828063964844 -4.961195945739746 2
    endloop
  endfacet
  facet normal 0 0 1
    outer loop
      vertex -55.37364959716797 4.986018180847168 2
      vertex -54.87534713745117 -4.998445510864258 2
      vertex -54.87534713745117 4.998445510864258 2
    endloop
  endfacet
  facet normal 0 0 1
    outer loop
      vertex -55.37364959716797 4.986018180847168 2
      vertex -55.37364959716797 -4.986018180847168 2
      vertex -54.87534713745117 -4.998445510864258 2
    endloop
  endfacet
  facet normal 0 0 1
    outer loop
      vertex -55.86824035644531 4.924037933349609 2
      vertex -55.37364959716797 -4.986018180847168 2
      vertex -55.37364959716797 4.986018180847168 2
    endloop
  endfacet
  facet normal 0 0 1
    outer loop
      vertex -55.86824035644531 4.924037933349609 2
      vertex -55.86824035644531 -4.924037933349609 2
      vertex -55.37364959716797 -4.986018180847168 2
    endloop
  endfacet
  facet normal 0 0 1
    outer loop
      vertex -56.35420227050781 4.8131208419799805 2
      vertex -55.86824035644531 -4.924037933349609 2
      vertex -55.86824035644531 4.924037933349609 2
    endloop
  endfacet
  facet normal 0 0 1
    outer loop
      vertex -56.35420227050781 4.8131208419799805 2
      vertex -56.35420227050781 -4.8131208419799805 2
      vertex -55.86824035644531 -4.924037933349609 2
    endloop
  endfacet
  facet normal 0 0 1
    outer loop
      vertex -56.82670593261719 4.6543684005737305 2
      vertex -56.35420227050781 -4.8131208419799805 2
      vertex -56.35420227050781 4.8131208419799805 2
    endloop
  endfacet
  facet normal 0 0 1
    outer loop
      vertex -56.82670593261719 4.6543684005737305 2
      vertex -56.82670593261719 -4.6543684005737305 2
      vertex -56.35420227050781 -4.8131208419799805 2
    endloop
  endfacet
  facet normal 0 0 1
    outer loop
      vertex -57.28105163574219 4.449358940124512 2
      vertex -56.82670593261719 -4.6543684005737305 2
      vertex -56.82670593261719 4.6543684005737305 2
    endloop
  endfacet
  facet normal 0 0 1
    outer loop
      vertex -57.28105163574219 4.449358940124512 2
      vertex -57.28105163574219 -4.449358940124512 2
      vertex -56.82670593261719 -4.6543684005737305 2
    endloop
  endfacet
  facet normal 0 0 1
    outer loop
      vertex -57.712730407714844 4.200129508972168 2
      vertex -57.28105163574219 -4.449358940124512 2
      vertex -57.28105163574219 4.449358940124512 2
    endloop
  endfacet
  facet normal 0 0 1
    outer loop
      vertex -57.712730407714844 4.200129508972168 2
      vertex -57.712730407714844 -4.200129508972168 2
      vertex -57.28105163574219 -4.449358940124512 2
    endloop
  endfacet
  facet normal 0 0 1
    outer loop
      vertex -58.11744689941406 3.9091567993164062 2
      vertex -57.712730407714844 -4.200129508972168 2
      vertex -57.712730407714844 4.200129508972168 2
    endloop
  endfacet
  facet normal 0 0 1
    outer loop
      vertex -58.11744689941406 3.9091567993164062 2
      vertex -58.11744689941406 -3.9091567993164062 2
      vertex -57.712730407714844 -4.200129508972168 2
    endloop
  endfacet
  facet normal 0 0 1
    outer loop
      vertex -58.49118423461914 3.5793333053588867 2
      vertex -58.11744689941406 -3.9091567993164062 2
      vertex -58.11744689941406 3.9091567993164062 2
    endloop
  endfacet
  facet normal 0 0 1
    outer loop
      vertex -58.49118423461914 3.5793333053588867 2
      vertex -58.49118423461914 -3.5793333053588867 2
      vertex -58.11744689941406 -3.9091567993164062 2
    endloop
  endfacet
  facet normal 0 0 1
    outer loop
      vertex -58.830223083496094 3.213937759399414 2
      vertex -58.49118423461914 -3.5793333053588867 2
      vertex -58.49118423461914 3.5793333053588867 2
    endloop
  endfacet
  facet normal 0 0 1
    outer loop
      vertex -58.830223083496094 3.213937759399414 2
      vertex -58.830223083496094 -3.213937759399414 2
      vertex -58.49118423461914 -3.5793333053588867 2
    endloop
  endfacet
  facet normal 0 0 1
    outer loop
      vertex -59.131195068359375 2.8165998458862305 2
      vertex -58.830223083496094 -3.213937759399414 2
      vertex -58.830223083496094 3.213937759399414 2
    endloop
  endfacet
  facet normal 0 0 1
    outer loop
      vertex -59.131195068359375 2.8165998458862305 2
      vertex -59.131195068359375 -2.8165998458862305 2
      vertex -58.830223083496094 -3.213937759399414 2
    endloop
  endfacet
  facet normal 0 0 1
    outer loop
      vertex -59.39110565185547 2.3912696838378906 2
      vertex -59.131195068359375 -2.8165998458862305 2
      vertex -59.131195068359375 2.8165998458862305 2
    endloop
  endfacet
  facet normal 0 0 1
    outer loop
      vertex -59.39110565185547 2.3912696838378906 2
      vertex -59.39110565185547 -2.3912696838378906 2
      vertex -59.131195068359375 -2.8165998458862305 2
    endloop
  endfacet
  facet normal 0 0 1
    outer loop
      vertex -59.60737991333008 1.942173957824707 2
      vertex -59.39110565185547 -2.3912696838378906 2
      vertex -59.39110565185547 2.3912696838378906 2
    endloop
  endfacet
  facet normal 0 0 1
    outer loop
      vertex -59.60737991333008 1.942173957824707 2
      vertex -59.60737991333008 -1.942173957824707 2
      vertex -59.39110565185547 -2.3912696838378906 2
    endloop
  endfacet
  facet normal 0 0 1
    outer loop
      vertex -59.777862548828125 1.473775863647461 2
      vertex -59.60737991333008 -1.942173957824707 2
      vertex -59.60737991333008 1.942173957824707 2
    endloop
  endfacet
  facet normal 0 0 1
    outer loop
      vertex -59.777862548828125 1.473775863647461 2
      vertex -59.777862548828125 -1.473775863647461 2
      vertex -59.60737991333008 -1.942173957824707 2
    endloop
  endfacet
  facet normal 0 0 1
    outer loop
      vertex -59.90086364746094 0.9907302856445312 2
      vertex -59.777862548828125 -1.473775863647461 2
      vertex -59.777862548828125 1.473775863647461 2
    endloop
  endfacet
  facet normal 0 0 1
    outer loop
      vertex -59.90086364746094 0.9907302856445312 2
      vertex -59.90086364746094 -0.9907302856445312 2
      vertex -59.777862548828125 -1.473775863647461 2
    endloop
  endfacet
  facet normal 0 0 1
    outer loop
      vertex -59.97515106201172 0.49783897399902344 2
      vertex -59.90086364746094 -0.9907302856445312 2
      vertex -59.90086364746094 0.9907302856445312 2
    endloop
  endfacet
  facet normal 0 0 1
    outer loop
      vertex -59.97515106201172 0.49783897399902344 2
      vertex -59.97515106201172 -0.49783897399902344 2
      vertex -59.90086364746094 -0.9907302856445312 2
    endloop
  endfacet
  facet normal 0 0 1
    outer loop
      vertex -59.97515106201172 -0.49783897399902344 2
      vertex -59.97515106201172 0.49783897399902344 2
      vertex -60 0 2
    endloop
  endfacet
  facet normal 0 0 -1
    outer loop
      vertex -50.05584716796875 -0.7452106475830078 7.299999237060547
      vertex -50.0062141418457 0.24922847747802734 7.299999237060547
      vertex -50.0062141418457 -0.24922847747802734 7.299999237060547
    endloop
  endfacet
  facet normal 0 0 -1
    outer loop
      vertex -50.05584716796875 -0.7452106475830078 7.299999237060547
      vertex -50.05584716796875 0.7452106475830078 7.299999237060547
      vertex -50.0062141418457 0.24922847747802734 7.299999237060547
    endloop
  endfacet
  facet normal 0 0 -1
    outer loop
      vertex -50.15461349487305 -1.2337865829467773 7.299999237060547
      vertex -50.05584716796875 0.7452106475830078 7.299999237060547
      vertex -50.05584716796875 -0.7452106475830078 7.299999237060547
    endloop
  endfacet
  facet normal 0 0 -1
    outer loop
      vertex -50.15461349487305 -1.2337865829467773 7.299999237060547
      vertex -50.15461349487305 1.2337865829467773 7.299999237060547
      vertex -50.05584716796875 0.7452106475830078 7.299999237060547
    endloop
  endfacet
  facet normal 0 0 -1
    outer loop
      vertex -50.301536560058594 -1.7101001739501953 7.299999237060547
      vertex -50.15461349487305 1.2337865829467773 7.299999237060547
      vertex -50.15461349487305 -1.2337865829467773 7.299999237060547
    endloop
  endfacet
  facet normal 0 0 -1
    outer loop
      vertex -50.301536560058594 -1.7101001739501953 7.299999237060547
      vertex -50.301536560058594 1.7101001739501953 7.299999237060547
      vertex -50.15461349487305 1.2337865829467773 7.299999237060547
    endloop
  endfacet
  facet normal 0 0 -1
    outer loop
      vertex -50.495155334472656 -2.1694183349609375 7.299999237060547
      vertex -50.301536560058594 1.7101001739501953 7.299999237060547
      vertex -50.301536560058594 -1.7101001739501953 7.299999237060547
    endloop
  endfacet
  facet normal 0 0 -1
    outer loop
      vertex -50.495155334472656 -2.1694183349609375 7.299999237060547
      vertex -50.495155334472656 2.1694183349609375 7.299999237060547
      vertex -50.301536560058594 1.7101001739501953 7.299999237060547
    endloop
  endfacet
  facet normal 0 0 -1
    outer loop
      vertex -50.733543395996094 -2.607175827026367 7.299999237060547
      vertex -50.495155334472656 2.1694183349609375 7.299999237060547
      vertex -50.495155334472656 -2.1694183349609375 7.299999237060547
    endloop
  endfacet
  facet normal 0 0 -1
    outer loop
      vertex -50.733543395996094 -2.607175827026367 7.299999237060547
      vertex -50.733543395996094 2.607175827026367 7.299999237060547
      vertex -50.495155334472656 2.1694183349609375 7.299999237060547
    endloop
  endfacet
  facet normal 0 0 -1
    outer loop
      vertex -51.01433563232422 -3.019021987915039 7.299999237060547
      vertex -50.733543395996094 2.607175827026367 7.299999237060547
      vertex -50.733543395996094 -2.607175827026367 7.299999237060547
    endloop
  endfacet
  facet normal 0 0 -1
    outer loop
      vertex -51.01433563232422 -3.019021987915039 7.299999237060547
      vertex -51.01433563232422 3.019021987915039 7.299999237060547
      vertex -50.733543395996094 2.607175827026367 7.299999237060547
    endloop
  endfacet
  facet normal 0 0 -1
    outer loop
      vertex -51.334739685058594 -3.4008636474609375 7.299999237060547
      vertex -51.01433563232422 3.019021987915039 7.299999237060547
      vertex -51.01433563232422 -3.019021987915039 7.299999237060547
    endloop
  endfacet
  facet normal 0 0 -1
    outer loop
      vertex -51.334739685058594 -3.4008636474609375 7.299999237060547
      vertex -51.334739685058594 3.4008636474609375 7.299999237060547
      vertex -51.01433563232422 3.019021987915039 7.299999237060547
    endloop
  endfacet
  facet normal 0 0 -1
    outer loop
      vertex -51.69157028198242 -3.7489051818847656 7.299999237060547
      vertex -51.334739685058594 3.4008636474609375 7.299999237060547
      vertex -51.334739685058594 -3.4008636474609375 7.299999237060547
    endloop
  endfacet
  facet normal 0 0 -1
    outer loop
      vertex -51.69157028198242 -3.7489051818847656 7.299999237060547
      vertex -51.69157028198242 3.7489051818847656 7.299999237060547
      vertex -51.334739685058594 3.4008636474609375 7.299999237060547
    endloop
  endfacet
  facet normal 0 0 -1
    outer loop
      vertex -52.08127975463867 -4.059689521789551 7.299999237060547
      vertex -51.69157028198242 3.7489051818847656 7.299999237060547
      vertex -51.69157028198242 -3.7489051818847656 7.299999237060547
    endloop
  endfacet
  facet normal 0 0 -1
    outer loop
      vertex -52.08127975463867 -4.059689521789551 7.299999237060547
      vertex -52.08127975463867 4.059689521789551 7.299999237060547
      vertex -51.69157028198242 3.7489051818847656 7.299999237060547
    endloop
  endfacet
  facet normal 0 0 -1
    outer loop
      vertex -52.5 -4.330126762390137 7.299999237060547
      vertex -52.08127975463867 4.059689521789551 7.299999237060547
      vertex -52.08127975463867 -4.059689521789551 7.299999237060547
    endloop
  endfacet
  facet normal 0 0 -1
    outer loop
      vertex -52.5 -4.330126762390137 7.299999237060547
      vertex -52.5 4.330126762390137 7.299999237060547
      vertex -52.08127975463867 4.059689521789551 7.299999237060547
    endloop
  endfacet
  facet normal 0 0 -1
    outer loop
      vertex -52.943565368652344 -4.557528495788574 7.299999237060547
      vertex -52.5 4.330126762390137 7.299999237060547
      vertex -52.5 -4.330126762390137 7.299999237060547
    endloop
  endfacet
  facet normal 0 0 -1
    outer loop
      vertex -52.943565368652344 -4.557528495788574 7.299999237060547
      vertex -52.943565368652344 4.557528495788574 7.299999237060547
      vertex -52.5 4.330126762390137 7.299999237060547
    endloop
  endfacet
  facet normal 0 0 -1
    outer loop
      vertex -53.40756607055664 -4.739636421203613 7.299999237060547
      vertex -52.943565368652344 4.557528495788574 7.299999237060547
      vertex -52.943565368652344 -4.557528495788574 7.299999237060547
    endloop
  endfacet
  facet normal 0 0 -1
    outer loop
      vertex -53.40756607055664 -4.739636421203613 7.299999237060547
      vertex -53.40756607055664 4.739636421203613 7.299999237060547
      vertex -52.943565368652344 4.557528495788574 7.299999237060547
    endloop
  endfacet
  facet normal 0 0 -1
    outer loop
      vertex -53.887393951416016 -4.874639511108398 7.299999237060547
      vertex -53.40756607055664 4.739636421203613 7.299999237060547
      vertex -53.40756607055664 -4.739636421203613 7.299999237060547
    endloop
  endfacet
  facet normal 0 0 -1
    outer loop
      vertex -53.887393951416016 -4.874639511108398 7.299999237060547
      vertex -53.887393951416016 4.874639511108398 7.299999237060547
      vertex -53.40756607055664 4.739636421203613 7.299999237060547
    endloop
  endfacet
  facet normal 0 0 -1
    outer loop
      vertex -54.37828063964844 -4.961195945739746 7.299999237060547
      vertex -53.887393951416016 4.874639511108398 7.299999237060547
      vertex -53.887393951416016 -4.874639511108398 7.299999237060547
    endloop
  endfacet
  facet normal 0 0 -1
    outer loop
      vertex -54.37828063964844 -4.961195945739746 7.299999237060547
      vertex -54.37828063964844 4.961195945739746 7.299999237060547
      vertex -53.887393951416016 4.874639511108398 7.299999237060547
    endloop
  endfacet
  facet normal 0 0 -1
    outer loop
      vertex -54.87534713745117 -4.998445510864258 7.299999237060547
      vertex -54.37828063964844 4.961195945739746 7.299999237060547
      vertex -54.37828063964844 -4.961195945739746 7.299999237060547
    endloop
  endfacet
  facet normal 0 0 -1
    outer loop
      vertex -54.87534713745117 -4.998445510864258 7.299999237060547
      vertex -54.87534713745117 4.998445510864258 7.299999237060547
      vertex -54.37828063964844 4.961195945739746 7.299999237060547
    endloop
  endfacet
  facet normal 0 0 -1
    outer loop
      vertex -55.37364959716797 -4.986018180847168 7.299999237060547
      vertex -54.87534713745117 4.998445510864258 7.299999237060547
      vertex -54.87534713745117 -4.998445510864258 7.299999237060547
    endloop
  endfacet
  facet normal 0 0 -1
    outer loop
      vertex -55.37364959716797 -4.986018180847168 7.299999237060547
      vertex -55.37364959716797 4.986018180847168 7.299999237060547
      vertex -54.87534713745117 4.998445510864258 7.299999237060547
    endloop
  endfacet
  facet normal 0 0 -1
    outer loop
      vertex -55.86824035644531 -4.924037933349609 7.299999237060547
      vertex -55.37364959716797 4.986018180847168 7.299999237060547
      vertex -55.37364959716797 -4.986018180847168 7.299999237060547
    endloop
  endfacet
  facet normal 0 0 -1
    outer loop
      vertex -55.86824035644531 -4.924037933349609 7.299999237060547
      vertex -55.86824035644531 4.924037933349609 7.299999237060547
      vertex -55.37364959716797 4.986018180847168 7.299999237060547
    endloop
  endfacet
  facet normal 0 0 -1
    outer loop
      vertex -56.35420227050781 -4.8131208419799805 7.299999237060547
      vertex -55.86824035644531 4.924037933349609 7.299999237060547
      vertex -55.86824035644531 -4.924037933349609 7.299999237060547
    endloop
  endfacet
  facet normal 0 0 -1
    outer loop
      vertex -56.35420227050781 -4.8131208419799805 7.299999237060547
      vertex -56.35420227050781 4.8131208419799805 7.299999237060547
      vertex -55.86824035644531 4.924037933349609 7.299999237060547
    endloop
  endfacet
  facet normal 0 0 -1
    outer loop
      vertex -56.82670593261719 -4.6543684005737305 7.299999237060547
      vertex -56.35420227050781 4.8131208419799805 7.299999237060547
      vertex -56.35420227050781 -4.8131208419799805 7.299999237060547
    endloop
  endfacet
  facet normal 0 0 -1
    outer loop
      vertex -56.82670593261719 -4.6543684005737305 7.299999237060547
      vertex -56.82670593261719 4.6543684005737305 7.299999237060547
      vertex -56.35420227050781 4.8131208419799805 7.299999237060547
    endloop
  endfacet
  facet normal 0 0 -1
    outer loop
      vertex -57.28105163574219 -4.449358940124512 7.299999237060547
      vertex -56.82670593261719 4.6543684005737305 7.299999237060547
      vertex -56.82670593261719 -4.6543684005737305 7.299999237060547
    endloop
  endfacet
  facet normal 0 0 -1
    outer loop
      vertex -57.28105163574219 -4.449358940124512 7.299999237060547
      vertex -57.28105163574219 4.449358940124512 7.299999237060547
      vertex -56.82670593261719 4.6543684005737305 7.299999237060547
    endloop
  endfacet
  facet normal 0 0 -1
    outer loop
      vertex -57.712730407714844 -4.200129508972168 7.299999237060547
      vertex -57.28105163574219 4.449358940124512 7.299999237060547
      vertex -57.28105163574219 -4.449358940124512 7.299999237060547
    endloop
  endfacet
  facet normal 0 0 -1
    outer loop
      vertex -57.712730407714844 -4.200129508972168 7.299999237060547
      vertex -57.712730407714844 4.200129508972168 7.299999237060547
      vertex -57.28105163574219 4.449358940124512 7.299999237060547
    endloop
  endfacet
  facet normal 0 0 -1
    outer loop
      vertex -58.11744689941406 -3.9091567993164062 7.299999237060547
      vertex -57.712730407714844 4.200129508972168 7.299999237060547
      vertex -57.712730407714844 -4.200129508972168 7.299999237060547
    endloop
  endfacet
  facet normal 0 0 -1
    outer loop
      vertex -58.11744689941406 -3.9091567993164062 7.299999237060547
      vertex -58.11744689941406 3.9091567993164062 7.299999237060547
      vertex -57.712730407714844 4.200129508972168 7.299999237060547
    endloop
  endfacet
  facet normal 0 0 -1
    outer loop
      vertex -58.49118423461914 -3.5793333053588867 7.299999237060547
      vertex -58.11744689941406 3.9091567993164062 7.299999237060547
      vertex -58.11744689941406 -3.9091567993164062 7.299999237060547
    endloop
  endfacet
  facet normal 0 0 -1
    outer loop
      vertex -58.49118423461914 -3.5793333053588867 7.299999237060547
      vertex -58.49118423461914 3.5793333053588867 7.299999237060547
      vertex -58.11744689941406 3.9091567993164062 7.299999237060547
    endloop
  endfacet
  facet normal 0 0 -1
    outer loop
      vertex -58.830223083496094 -3.213937759399414 7.299999237060547
      vertex -58.49118423461914 3.5793333053588867 7.299999237060547
      vertex -58.49118423461914 -3.5793333053588867 7.299999237060547
    endloop
  endfacet
  facet normal 0 0 -1
    outer loop
      vertex -58.830223083496094 -3.213937759399414 7.299999237060547
      vertex -58.830223083496094 3.213937759399414 7.299999237060547
      vertex -58.49118423461914 3.5793333053588867 7.299999237060547
    endloop
  endfacet
  facet normal 0 0 -1
    outer loop
      vertex -59.131195068359375 -2.8165998458862305 7.299999237060547
      vertex -58.830223083496094 3.213937759399414 7.299999237060547
      vertex -58.830223083496094 -3.213937759399414 7.299999237060547
    endloop
  endfacet
  facet normal 0 0 -1
    outer loop
      vertex -59.131195068359375 -2.8165998458862305 7.299999237060547
      vertex -59.131195068359375 2.8165998458862305 7.299999237060547
      vertex -58.830223083496094 3.213937759399414 7.299999237060547
    endloop
  endfacet
  facet normal 0 0 -1
    outer loop
      vertex -59.39110565185547 -2.3912696838378906 7.299999237060547
      vertex -59.131195068359375 2.8165998458862305 7.299999237060547
      vertex -59.131195068359375 -2.8165998458862305 7.299999237060547
    endloop
  endfacet
  facet normal 0 0 -1
    outer loop
      vertex -59.39110565185547 -2.3912696838378906 7.299999237060547
      vertex -59.39110565185547 2.3912696838378906 7.299999237060547
      vertex -59.131195068359375 2.8165998458862305 7.299999237060547
    endloop
  endfacet
  facet normal 0 0 -1
    outer loop
      vertex -59.60737991333008 -1.942173957824707 7.299999237060547
      vertex -59.39110565185547 2.3912696838378906 7.299999237060547
      vertex -59.39110565185547 -2.3912696838378906 7.299999237060547
    endloop
  endfacet
  facet normal 0 0 -1
    outer loop
      vertex -59.60737991333008 -1.942173957824707 7.299999237060547
      vertex -59.60737991333008 1.942173957824707 7.299999237060547
      vertex -59.39110565185547 2.3912696838378906 7.299999237060547
    endloop
  endfacet
  facet normal 0 0 -1
    outer loop
      vertex -59.777862548828125 -1.473775863647461 7.299999237060547
      vertex -59.60737991333008 1.942173957824707 7.299999237060547
      vertex -59.60737991333008 -1.942173957824707 7.299999237060547
    endloop
  endfacet
  facet normal 0 0 -1
    outer loop
      vertex -59.777862548828125 -1.473775863647461 7.299999237060547
      vertex -59.777862548828125 1.473775863647461 7.299999237060547
      vertex -59.60737991333008 1.942173957824707 7.299999237060547
    endloop
  endfacet
  facet normal 0 0 -1
    outer loop
      vertex -59.90086364746094 -0.9907302856445312 7.299999237060547
      vertex -59.777862548828125 1.473775863647461 7.299999237060547
      vertex -59.777862548828125 -1.473775863647461 7.299999237060547
    endloop
  endfacet
  facet normal 0 0 -1
    outer loop
      vertex -59.90086364746094 -0.9907302856445312 7.299999237060547
      vertex -59.90086364746094 0.9907302856445312 7.299999237060547
      vertex -59.777862548828125 1.473775863647461 7.299999237060547
    endloop
  endfacet
  facet normal 0 0 -1
    outer loop
      vertex -59.97515106201172 -0.49783897399902344 7.299999237060547
      vertex -59.90086364746094 0.9907302856445312 7.299999237060547
      vertex -59.90086364746094 -0.9907302856445312 7.299999237060547
    endloop
  endfacet
  facet normal 0 0 -1
    outer loop
      vertex -59.97515106201172 -0.49783897399902344 7.299999237060547
      vertex -59.97515106201172 0.49783897399902344 7.299999237060547
      vertex -59.90086364746094 0.9907302856445312 7.299999237060547
    endloop
  endfacet
  facet normal 0 0 -1
    outer loop
      vertex -59.97515106201172 0.49783897399902344 7.299999237060547
      vertex -59.97515106201172 -0.49783897399902344 7.299999237060547
      vertex -60 0 7.299999237060547
    endloop
  endfacet
  facet normal 0.4562091281375018 0.8898725927929348 0
    outer loop
      vertex -29.556434631347656 -52.188926696777344 2
      vertex -30 -51.961524963378906 7.299999237060547
      vertex -29.556434631347656 -52.188926696777344 7.299999237060547
    endloop
  endfacet
  facet normal 0.4562091281375018 0.8898725927929348 0
    outer loop
      vertex -30 -51.961524963378906 7.299999237060547
      vertex -29.556434631347656 -52.188926696777344 2
      vertex -30 -51.961524963378906 2
    endloop
  endfacet
  facet normal 0.07473115967644123 -0.9972037172882049 0
    outer loop
      vertex -28.121719360351562 -42.67020034790039 2
      vertex -27.624652862548828 -42.63294982910156 7.299999237060547
      vertex -28.121719360351562 -42.67020034790039 7.299999237060547
    endloop
  endfacet
  facet normal 0.07473115967644123 -0.9972037172882049 0
    outer loop
      vertex -27.624652862548828 -42.63294982910156 7.299999237060547
      vertex -28.121719360351562 -42.67020034790039 2
      vertex -27.624652862548828 -42.63294982910156 2
    endloop
  endfacet
  facet normal -0.22251807751640043 0.9749285641411914 0
    outer loop
      vertex -26.145797729492188 -52.44451904296875 2
      vertex -26.631759643554688 -52.55543518066406 7.299999237060547
      vertex -26.145797729492188 -52.44451904296875 7.299999237060547
    endloop
  endfacet
  facet normal -0.22251807751640043 0.9749285641411914 0
    outer loop
      vertex -26.631759643554688 -52.55543518066406 7.299999237060547
      vertex -26.145797729492188 -52.44451904296875 2
      vertex -26.631759643554688 -52.55543518066406 2
    endloop
  endfacet
  facet normal -0.7971330008480418 -0.603803758649278 0
    outer loop
      vertex -23.368804931640625 -44.814796447753906 2
      vertex -23.669776916503906 -44.417457580566406 7.299999237060547
      vertex -23.669776916503906 -44.417457580566406 2
    endloop
  endfacet
  facet normal -0.7971330008480418 -0.603803758649278 0
    outer loop
      vertex -23.669776916503906 -44.417457580566406 7.299999237060547
      vertex -23.368804931640625 -44.814796447753906 2
      vertex -23.368804931640625 -44.814796447753906 7.299999237060547
    endloop
  endfacet
  facet normal -0.5837431152142402 -0.8119384061860693 0
    outer loop
      vertex -24.787269592285156 -43.43126678466797 2
      vertex -24.382549285888672 -43.72224044799805 7.299999237060547
      vertex -24.787269592285156 -43.43126678466797 7.299999237060547
    endloop
  endfacet
  facet normal -0.5837431152142402 -0.8119384061860693 0
    outer loop
      vertex -24.382549285888672 -43.72224044799805 7.299999237060547
      vertex -24.787269592285156 -43.43126678466797 2
      vertex -24.382549285888672 -43.72224044799805 2
    endloop
  endfacet
  facet normal 0.8782208881569856 -0.47825523688168375 0
    outer loop
      vertex -32.004844665527344 -45.461978912353516 7.299999237060547
      vertex -31.76645278930664 -45.02421951293945 2
      vertex -31.76645278930664 -45.02421951293945 7.299999237060547
    endloop
  endfacet
  facet normal 0.8782208881569856 -0.47825523688168375 0
    outer loop
      vertex -31.76645278930664 -45.02421951293945 2
      vertex -32.004844665527344 -45.461978912353516 7.299999237060547
      vertex -32.004844665527344 -45.461978912353516 2
    endloop
  endfacet
  facet normal -0.31848602630504974 0.9479275558018234 0
    outer loop
      vertex -25.673294067382812 -52.2857666015625 2
      vertex -26.145797729492188 -52.44451904296875 7.299999237060547
      vertex -25.673294067382812 -52.2857666015625 7.299999237060547
    endloop
  endfacet
  facet normal -0.31848602630504974 0.9479275558018234 0
    outer loop
      vertex -26.145797729492188 -52.44451904296875 7.299999237060547
      vertex -25.673294067382812 -52.2857666015625 2
      vertex -26.145797729492188 -52.44451904296875 2
    endloop
  endfacet
  facet normal -0.7971330008480418 0.603803758649278 0
    outer loop
      vertex -23.669776916503906 -50.8453369140625 2
      vertex -23.368804931640625 -50.447998046875 7.299999237060547
      vertex -23.368804931640625 -50.447998046875 2
    endloop
  endfacet
  facet normal -0.7971330008480418 0.603803758649278 0
    outer loop
      vertex -23.368804931640625 -50.447998046875 7.299999237060547
      vertex -23.669776916503906 -50.8453369140625 2
      vertex -23.669776916503906 -50.8453369140625 7.299999237060547
    endloop
  endfacet
  facet normal 0.2708385471000089 0.9626247874456362 0
    outer loop
      vertex -28.61260414123535 -52.50603485107422 2
      vertex -29.09243392944336 -52.37103271484375 7.299999237060547
      vertex -28.61260414123535 -52.50603485107422 7.299999237060547
    endloop
  endfacet
  facet normal 0.2708385471000089 0.9626247874456362 0
    outer loop
      vertex -29.09243392944336 -52.37103271484375 7.299999237060547
      vertex -28.61260414123535 -52.50603485107422 2
      vertex -29.09243392944336 -52.37103271484375 2
    endloop
  endfacet
  facet normal 0.6234884913495241 0.7818325275624532 0
    outer loop
      vertex -30.418718338012695 -51.69108581542969 2
      vertex -30.808429718017578 -51.38030242919922 7.299999237060547
      vertex -30.418718338012695 -51.69108581542969 7.299999237060547
    endloop
  endfacet
  facet normal 0.6234884913495241 0.7818325275624532 0
    outer loop
      vertex -30.808429718017578 -51.38030242919922 7.299999237060547
      vertex -30.418718338012695 -51.69108581542969 2
      vertex -30.808429718017578 -51.38030242919922 2
    endloop
  endfacet
  facet normal -0.9987570292965721 -0.04984372007270604 0
    outer loop
      vertex -22.5 -47.63139724731445 2
      vertex -22.524845123291016 -47.1335563659668 7.299999237060547
      vertex -22.524845123291016 -47.1335563659668 2
    endloop
  endfacet
  facet normal -0.9987570292965721 -0.04984372007270604 0
    outer loop
      vertex -22.524845123291016 -47.1335563659668 7.299999237060547
      vertex -22.5 -47.63139724731445 2
      vertex -22.5 -47.63139724731445 7.299999237060547
    endloop
  endfacet
  facet normal 0.5425493394484558 0.8400239367208795 0
    outer loop
      vertex -30 -51.961524963378906 2
      vertex -30.418718338012695 -51.69108581542969 7.299999237060547
      vertex -30 -51.961524963378906 7.299999237060547
    endloop
  endfacet
  facet normal 0.5425493394484558 0.8400239367208795 0
    outer loop
      vertex -30.418718338012695 -51.69108581542969 7.299999237060547
      vertex -30 -51.961524963378906 2
      vertex -30.418718338012695 -51.69108581542969 2
    endloop
  endfacet
  facet normal 0.8782191376969197 0.4782584512404131 0
    outer loop
      vertex -31.76645278930664 -50.23857116699219 7.299999237060547
      vertex -32.004844665527344 -49.80081558227539 2
      vertex -32.004844665527344 -49.80081558227539 7.299999237060547
    endloop
  endfacet
  facet normal 0.8782191376969197 0.4782584512404131 0
    outer loop
      vertex -32.004844665527344 -49.80081558227539 2
      vertex -31.76645278930664 -50.23857116699219 7.299999237060547
      vertex -31.76645278930664 -50.23857116699219 2
    endloop
  endfacet
  facet normal 0.9950310507895475 0.09956509410756899 0
    outer loop
      vertex -32.44415283203125 -48.376609802246094 7.299999237060547
      vertex -32.49378204345703 -47.8806266784668 2
      vertex -32.49378204345703 -47.8806266784668 7.299999237060547
    endloop
  endfacet
  facet normal 0.9950310507895475 0.09956509410756899 0
    outer loop
      vertex -32.49378204345703 -47.8806266784668 2
      vertex -32.44415283203125 -48.376609802246094 7.299999237060547
      vertex -32.44415283203125 -48.376609802246094 2
    endloop
  endfacet
  facet normal -0.5837431152142402 0.8119384061860693 0
    outer loop
      vertex -24.382549285888672 -51.54055404663086 2
      vertex -24.787269592285156 -51.83152770996094 7.299999237060547
      vertex -24.382549285888672 -51.54055404663086 7.299999237060547
    endloop
  endfacet
  facet normal -0.5837431152142402 0.8119384061860693 0
    outer loop
      vertex -24.787269592285156 -51.83152770996094 7.299999237060547
      vertex -24.382549285888672 -51.54055404663086 2
      vertex -24.787269592285156 -51.83152770996094 2
    endloop
  endfacet
  facet normal -0.93969216121412 -0.3420214059861405 0
    outer loop
      vertex -22.722135543823242 -46.15761947631836 2
      vertex -22.89261817932129 -45.68922424316406 7.299999237060547
      vertex -22.89261817932129 -45.68922424316406 2
    endloop
  endfacet
  facet normal -0.93969216121412 -0.3420214059861405 0
    outer loop
      vertex -22.89261817932129 -45.68922424316406 7.299999237060547
      vertex -22.722135543823242 -46.15761947631836 2
      vertex -22.722135543823242 -46.15761947631836 7.299999237060547
    endloop
  endfacet
  facet normal 0.07473115967644123 0.9972037172882049 0
    outer loop
      vertex -27.624652862548828 -52.629844665527344 2
      vertex -28.121719360351562 -52.592594146728516 7.299999237060547
      vertex -27.624652862548828 -52.629844665527344 7.299999237060547
    endloop
  endfacet
  facet normal 0.07473115967644123 0.9972037172882049 0
    outer loop
      vertex -28.121719360351562 -52.592594146728516 7.299999237060547
      vertex -27.624652862548828 -52.629844665527344 2
      vertex -28.121719360351562 -52.592594146728516 2
    endloop
  endfacet
  facet normal 0.27084563867408074 -0.9626227921731487 0
    outer loop
      vertex -29.09243392944336 -42.891761779785156 2
      vertex -28.61260414123535 -42.75675582885742 7.299999237060547
      vertex -29.09243392944336 -42.891761779785156 7.299999237060547
    endloop
  endfacet
  facet normal 0.27084563867408074 -0.9626227921731487 0
    outer loop
      vertex -28.61260414123535 -42.75675582885742 7.299999237060547
      vertex -29.09243392944336 -42.891761779785156 2
      vertex -28.61260414123535 -42.75675582885742 2
    endloop
  endfacet
  facet normal 0.7660420154645999 0.6427905028412707 0
    outer loop
      vertex -31.165258407592773 -51.03226089477539 7.299999237060547
      vertex -31.48566246032715 -50.650421142578125 2
      vertex -31.48566246032715 -50.650421142578125 7.299999237060547
    endloop
  endfacet
  facet normal 0.7660420154645999 0.6427905028412707 0
    outer loop
      vertex -31.48566246032715 -50.650421142578125 2
      vertex -31.165258407592773 -51.03226089477539 7.299999237060547
      vertex -31.165258407592773 -51.03226089477539 2
    endloop
  endfacet
  facet normal 0.8262427239507182 0.5633142649698278 0
    outer loop
      vertex -31.48566246032715 -50.650421142578125 7.299999237060547
      vertex -31.76645278930664 -50.23857116699219 2
      vertex -31.76645278930664 -50.23857116699219 7.299999237060547
    endloop
  endfacet
  facet normal 0.8262427239507182 0.5633142649698278 0
    outer loop
      vertex -31.76645278930664 -50.23857116699219 2
      vertex -31.48566246032715 -50.650421142578125 7.299999237060547
      vertex -31.48566246032715 -50.650421142578125 2
    endloop
  endfacet
  facet normal -0.12434555707507525 0.9922389744591216 0
    outer loop
      vertex -26.631759643554688 -52.55543518066406 2
      vertex -27.12635040283203 -52.61741638183594 7.299999237060547
      vertex -26.631759643554688 -52.55543518066406 7.299999237060547
    endloop
  endfacet
  facet normal -0.12434555707507525 0.9922389744591216 0
    outer loop
      vertex -27.12635040283203 -52.61741638183594 7.299999237060547
      vertex -26.631759643554688 -52.55543518066406 2
      vertex -27.12635040283203 -52.61741638183594 2
    endloop
  endfacet
  facet normal -0.9690771961063885 -0.24675775162409844 0
    outer loop
      vertex -22.599136352539062 -46.64066696166992 2
      vertex -22.722135543823242 -46.15761947631836 7.299999237060547
      vertex -22.722135543823242 -46.15761947631836 2
    endloop
  endfacet
  facet normal -0.9690771961063885 -0.24675775162409844 0
    outer loop
      vertex -22.722135543823242 -46.15761947631836 7.299999237060547
      vertex -22.599136352539062 -46.64066696166992 2
      vertex -22.599136352539062 -46.64066696166992 7.299999237060547
    endloop
  endfacet
  facet normal -0.024933490989674702 -0.9996891121879181 0
    outer loop
      vertex -27.624652862548828 -42.63294982910156 2
      vertex -27.12635040283203 -42.64537811279297 7.299999237060547
      vertex -27.624652862548828 -42.63294982910156 7.299999237060547
    endloop
  endfacet
  facet normal -0.024933490989674702 -0.9996891121879181 0
    outer loop
      vertex -27.12635040283203 -42.64537811279297 7.299999237060547
      vertex -27.624652862548828 -42.63294982910156 2
      vertex -27.12635040283203 -42.64537811279297 2
    endloop
  endfacet
  facet normal 0.36533956760961217 0.9308743203777949 0
    outer loop
      vertex -29.09243392944336 -52.37103271484375 2
      vertex -29.556434631347656 -52.188926696777344 7.299999237060547
      vertex -29.09243392944336 -52.37103271484375 7.299999237060547
    endloop
  endfacet
  facet normal 0.36533956760961217 0.9308743203777949 0
    outer loop
      vertex -29.556434631347656 -52.188926696777344 7.299999237060547
      vertex -29.09243392944336 -52.37103271484375 2
      vertex -29.556434631347656 -52.188926696777344 2
    endloop
  endfacet
  facet normal 0.9214756824485849 0.38843605220926003 0
    outer loop
      vertex -32.004844665527344 -49.80081558227539 7.299999237060547
      vertex -32.198463439941406 -49.34149932861328 2
      vertex -32.198463439941406 -49.34149932861328 7.299999237060547
    endloop
  endfacet
  facet normal 0.9214756824485849 0.38843605220926003 0
    outer loop
      vertex -32.198463439941406 -49.34149932861328 2
      vertex -32.004844665527344 -49.80081558227539 7.299999237060547
      vertex -32.004844665527344 -49.80081558227539 2
    endloop
  endfacet
  facet normal 0.4562091281375018 -0.8898725927929348 0
    outer loop
      vertex -30 -43.30126953125 2
      vertex -29.556434631347656 -43.07386779785156 7.299999237060547
      vertex -30 -43.30126953125 7.299999237060547
    endloop
  endfacet
  facet normal 0.4562091281375018 -0.8898725927929348 0
    outer loop
      vertex -29.556434631347656 -43.07386779785156 7.299999237060547
      vertex -30 -43.30126953125 2
      vertex -29.556434631347656 -43.07386779785156 2
    endloop
  endfacet
  facet normal -0.8532909139011633 0.5214351505736046 0
    outer loop
      vertex -23.368804931640625 -50.447998046875 2
      vertex -23.108890533447266 -50.022666931152344 7.299999237060547
      vertex -23.108890533447266 -50.022666931152344 2
    endloop
  endfacet
  facet normal -0.8532909139011633 0.5214351505736046 0
    outer loop
      vertex -23.108890533447266 -50.022666931152344 7.299999237060547
      vertex -23.368804931640625 -50.447998046875 2
      vertex -23.368804931640625 -50.447998046875 7.299999237060547
    endloop
  endfacet
  facet normal -0.9396930564451077 0.34201894635948393 0
    outer loop
      vertex -22.89261817932129 -49.573570251464844 2
      vertex -22.722135543823242 -49.10517120361328 7.299999237060547
      vertex -22.722135543823242 -49.10517120361328 2
    endloop
  endfacet
  facet normal -0.9396930564451077 0.34201894635948393 0
    outer loop
      vertex -22.722135543823242 -49.10517120361328 7.299999237060547
      vertex -22.89261817932129 -49.573570251464844 2
      vertex -22.89261817932129 -49.573570251464844 7.299999237060547
    endloop
  endfacet
  facet normal 0.9555730961634106 0.2947542330292701 0
    outer loop
      vertex -32.198463439941406 -49.34149932861328 7.299999237060547
      vertex -32.34538650512695 -48.86518478393555 2
      vertex -32.34538650512695 -48.86518478393555 7.299999237060547
    endloop
  endfacet
  facet normal 0.9555730961634106 0.2947542330292701 0
    outer loop
      vertex -32.34538650512695 -48.86518478393555 2
      vertex -32.198463439941406 -49.34149932861328 7.299999237060547
      vertex -32.198463439941406 -49.34149932861328 2
    endloop
  endfacet
  facet normal 0 0 -1
    outer loop
      vertex -22.524845123291016 -48.129234313964844 7.299999237060547
      vertex -22.524845123291016 -47.1335563659668 7.299999237060547
      vertex -22.5 -47.63139724731445 7.299999237060547
    endloop
  endfacet
  facet normal 0 0 -1
    outer loop
      vertex -22.599136352539062 -48.622127532958984 7.299999237060547
      vertex -22.524845123291016 -47.1335563659668 7.299999237060547
      vertex -22.524845123291016 -48.129234313964844 7.299999237060547
    endloop
  endfacet
  facet normal 0 0 -1
    outer loop
      vertex -22.599136352539062 -48.622127532958984 7.299999237060547
      vertex -22.599136352539062 -46.64066696166992 7.299999237060547
      vertex -22.524845123291016 -47.1335563659668 7.299999237060547
    endloop
  endfacet
  facet normal 0 0 -1
    outer loop
      vertex -22.722135543823242 -49.10517120361328 7.299999237060547
      vertex -22.599136352539062 -46.64066696166992 7.299999237060547
      vertex -22.599136352539062 -48.622127532958984 7.299999237060547
    endloop
  endfacet
  facet normal 0 0 -1
    outer loop
      vertex -22.722135543823242 -49.10517120361328 7.299999237060547
      vertex -22.722135543823242 -46.15761947631836 7.299999237060547
      vertex -22.599136352539062 -46.64066696166992 7.299999237060547
    endloop
  endfacet
  facet normal 0 0 -1
    outer loop
      vertex -22.89261817932129 -49.573570251464844 7.299999237060547
      vertex -22.722135543823242 -46.15761947631836 7.299999237060547
      vertex -22.722135543823242 -49.10517120361328 7.299999237060547
    endloop
  endfacet
  facet normal 0 0 -1
    outer loop
      vertex -22.89261817932129 -49.573570251464844 7.299999237060547
      vertex -22.89261817932129 -45.68922424316406 7.299999237060547
      vertex -22.722135543823242 -46.15761947631836 7.299999237060547
    endloop
  endfacet
  facet normal 0 0 -1
    outer loop
      vertex -23.108890533447266 -50.022666931152344 7.299999237060547
      vertex -22.89261817932129 -45.68922424316406 7.299999237060547
      vertex -22.89261817932129 -49.573570251464844 7.299999237060547
    endloop
  endfacet
  facet normal 0 0 -1
    outer loop
      vertex -23.108890533447266 -50.022666931152344 7.299999237060547
      vertex -23.108890533447266 -45.24012756347656 7.299999237060547
      vertex -22.89261817932129 -45.68922424316406 7.299999237060547
    endloop
  endfacet
  facet normal 0 0 -1
    outer loop
      vertex -23.368804931640625 -50.447998046875 7.299999237060547
      vertex -23.108890533447266 -45.24012756347656 7.299999237060547
      vertex -23.108890533447266 -50.022666931152344 7.299999237060547
    endloop
  endfacet
  facet normal 0 0 -1
    outer loop
      vertex -23.368804931640625 -50.447998046875 7.299999237060547
      vertex -23.368804931640625 -44.814796447753906 7.299999237060547
      vertex -23.108890533447266 -45.24012756347656 7.299999237060547
    endloop
  endfacet
  facet normal 0 0 -1
    outer loop
      vertex -23.669776916503906 -50.8453369140625 7.299999237060547
      vertex -23.368804931640625 -44.814796447753906 7.299999237060547
      vertex -23.368804931640625 -50.447998046875 7.299999237060547
    endloop
  endfacet
  facet normal 0 0 -1
    outer loop
      vertex -23.669776916503906 -50.8453369140625 7.299999237060547
      vertex -23.669776916503906 -44.417457580566406 7.299999237060547
      vertex -23.368804931640625 -44.814796447753906 7.299999237060547
    endloop
  endfacet
  facet normal 0 0 -1
    outer loop
      vertex -24.00881576538086 -51.210731506347656 7.299999237060547
      vertex -23.669776916503906 -44.417457580566406 7.299999237060547
      vertex -23.669776916503906 -50.8453369140625 7.299999237060547
    endloop
  endfacet
  facet normal 0 0 -1
    outer loop
      vertex -24.00881576538086 -51.210731506347656 7.299999237060547
      vertex -24.00881576538086 -44.05206298828125 7.299999237060547
      vertex -23.669776916503906 -44.417457580566406 7.299999237060547
    endloop
  endfacet
  facet normal 0 0 -1
    outer loop
      vertex -24.382549285888672 -51.54055404663086 7.299999237060547
      vertex -24.00881576538086 -44.05206298828125 7.299999237060547
      vertex -24.00881576538086 -51.210731506347656 7.299999237060547
    endloop
  endfacet
  facet normal 0 0 -1
    outer loop
      vertex -24.382549285888672 -51.54055404663086 7.299999237060547
      vertex -24.382549285888672 -43.72224044799805 7.299999237060547
      vertex -24.00881576538086 -44.05206298828125 7.299999237060547
    endloop
  endfacet
  facet normal 0 0 -1
    outer loop
      vertex -24.787269592285156 -51.83152770996094 7.299999237060547
      vertex -24.382549285888672 -43.72224044799805 7.299999237060547
      vertex -24.382549285888672 -51.54055404663086 7.299999237060547
    endloop
  endfacet
  facet normal 0 0 -1
    outer loop
      vertex -24.787269592285156 -51.83152770996094 7.299999237060547
      vertex -24.787269592285156 -43.43126678466797 7.299999237060547
      vertex -24.382549285888672 -43.72224044799805 7.299999237060547
    endloop
  endfacet
  facet normal 0 0 -1
    outer loop
      vertex -25.21894645690918 -52.08075714111328 7.299999237060547
      vertex -24.787269592285156 -43.43126678466797 7.299999237060547
      vertex -24.787269592285156 -51.83152770996094 7.299999237060547
    endloop
  endfacet
  facet normal 0 0 -1
    outer loop
      vertex -25.21894645690918 -52.08075714111328 7.299999237060547
      vertex -25.21894645690918 -43.182037353515625 7.299999237060547
      vertex -24.787269592285156 -43.43126678466797 7.299999237060547
    endloop
  endfacet
  facet normal 0 0 -1
    outer loop
      vertex -25.673294067382812 -52.2857666015625 7.299999237060547
      vertex -25.21894645690918 -43.182037353515625 7.299999237060547
      vertex -25.21894645690918 -52.08075714111328 7.299999237060547
    endloop
  endfacet
  facet normal 0 0 -1
    outer loop
      vertex -25.673294067382812 -52.2857666015625 7.299999237060547
      vertex -25.673294067382812 -42.977027893066406 7.299999237060547
      vertex -25.21894645690918 -43.182037353515625 7.299999237060547
    endloop
  endfacet
  facet normal 0 0 -1
    outer loop
      vertex -26.145797729492188 -52.44451904296875 7.299999237060547
      vertex -25.673294067382812 -42.977027893066406 7.299999237060547
      vertex -25.673294067382812 -52.2857666015625 7.299999237060547
    endloop
  endfacet
  facet normal 0 0 -1
    outer loop
      vertex -26.145797729492188 -52.44451904296875 7.299999237060547
      vertex -26.145797729492188 -42.818275451660156 7.299999237060547
      vertex -25.673294067382812 -42.977027893066406 7.299999237060547
    endloop
  endfacet
  facet normal 0 0 -1
    outer loop
      vertex -26.631759643554688 -52.55543518066406 7.299999237060547
      vertex -26.145797729492188 -42.818275451660156 7.299999237060547
      vertex -26.145797729492188 -52.44451904296875 7.299999237060547
    endloop
  endfacet
  facet normal 0 0 -1
    outer loop
      vertex -26.631759643554688 -52.55543518066406 7.299999237060547
      vertex -26.631759643554688 -42.707359313964844 7.299999237060547
      vertex -26.145797729492188 -42.818275451660156 7.299999237060547
    endloop
  endfacet
  facet normal 0 0 -1
    outer loop
      vertex -27.12635040283203 -52.61741638183594 7.299999237060547
      vertex -26.631759643554688 -42.707359313964844 7.299999237060547
      vertex -26.631759643554688 -52.55543518066406 7.299999237060547
    endloop
  endfacet
  facet normal 0 0 -1
    outer loop
      vertex -27.12635040283203 -52.61741638183594 7.299999237060547
      vertex -27.12635040283203 -42.64537811279297 7.299999237060547
      vertex -26.631759643554688 -42.707359313964844 7.299999237060547
    endloop
  endfacet
  facet normal 0 0 -1
    outer loop
      vertex -27.624652862548828 -52.629844665527344 7.299999237060547
      vertex -27.12635040283203 -42.64537811279297 7.299999237060547
      vertex -27.12635040283203 -52.61741638183594 7.299999237060547
    endloop
  endfacet
  facet normal 0 0 -1
    outer loop
      vertex -27.624652862548828 -52.629844665527344 7.299999237060547
      vertex -27.624652862548828 -42.63294982910156 7.299999237060547
      vertex -27.12635040283203 -42.64537811279297 7.299999237060547
    endloop
  endfacet
  facet normal 0 0 -1
    outer loop
      vertex -28.121719360351562 -52.592594146728516 7.299999237060547
      vertex -27.624652862548828 -42.63294982910156 7.299999237060547
      vertex -27.624652862548828 -52.629844665527344 7.299999237060547
    endloop
  endfacet
  facet normal 0 0 -1
    outer loop
      vertex -28.121719360351562 -52.592594146728516 7.299999237060547
      vertex -28.121719360351562 -42.67020034790039 7.299999237060547
      vertex -27.624652862548828 -42.63294982910156 7.299999237060547
    endloop
  endfacet
  facet normal 0 0 -1
    outer loop
      vertex -28.61260414123535 -52.50603485107422 7.299999237060547
      vertex -28.121719360351562 -42.67020034790039 7.299999237060547
      vertex -28.121719360351562 -52.592594146728516 7.299999237060547
    endloop
  endfacet
  facet normal 0 0 -1
    outer loop
      vertex -28.61260414123535 -52.50603485107422 7.299999237060547
      vertex -28.61260414123535 -42.75675582885742 7.299999237060547
      vertex -28.121719360351562 -42.67020034790039 7.299999237060547
    endloop
  endfacet
  facet normal 0 0 -1
    outer loop
      vertex -29.09243392944336 -52.37103271484375 7.299999237060547
      vertex -28.61260414123535 -42.75675582885742 7.299999237060547
      vertex -28.61260414123535 -52.50603485107422 7.299999237060547
    endloop
  endfacet
  facet normal 0 0 -1
    outer loop
      vertex -29.09243392944336 -52.37103271484375 7.299999237060547
      vertex -29.09243392944336 -42.891761779785156 7.299999237060547
      vertex -28.61260414123535 -42.75675582885742 7.299999237060547
    endloop
  endfacet
  facet normal 0 0 -1
    outer loop
      vertex -29.556434631347656 -52.188926696777344 7.299999237060547
      vertex -29.09243392944336 -42.891761779785156 7.299999237060547
      vertex -29.09243392944336 -52.37103271484375 7.299999237060547
    endloop
  endfacet
  facet normal 0 0 -1
    outer loop
      vertex -29.556434631347656 -52.188926696777344 7.299999237060547
      vertex -29.556434631347656 -43.07386779785156 7.299999237060547
      vertex -29.09243392944336 -42.891761779785156 7.299999237060547
    endloop
  endfacet
  facet normal 0 0 -1
    outer loop
      vertex -30 -51.961524963378906 7.299999237060547
      vertex -29.556434631347656 -43.07386779785156 7.299999237060547
      vertex -29.556434631347656 -52.188926696777344 7.299999237060547
    endloop
  endfacet
  facet normal 0 0 -1
    outer loop
      vertex -30 -51.961524963378906 7.299999237060547
      vertex -30 -43.30126953125 7.299999237060547
      vertex -29.556434631347656 -43.07386779785156 7.299999237060547
    endloop
  endfacet
  facet normal 0 0 -1
    outer loop
      vertex -30.418718338012695 -51.69108581542969 7.299999237060547
      vertex -30 -43.30126953125 7.299999237060547
      vertex -30 -51.961524963378906 7.299999237060547
    endloop
  endfacet
  facet normal 0 0 -1
    outer loop
      vertex -30.418718338012695 -51.69108581542969 7.299999237060547
      vertex -30.418718338012695 -43.57170867919922 7.299999237060547
      vertex -30 -43.30126953125 7.299999237060547
    endloop
  endfacet
  facet normal 0 0 -1
    outer loop
      vertex -30.808429718017578 -51.38030242919922 7.299999237060547
      vertex -30.418718338012695 -43.57170867919922 7.299999237060547
      vertex -30.418718338012695 -51.69108581542969 7.299999237060547
    endloop
  endfacet
  facet normal 0 0 -1
    outer loop
      vertex -30.808429718017578 -51.38030242919922 7.299999237060547
      vertex -30.808429718017578 -43.88249206542969 7.299999237060547
      vertex -30.418718338012695 -43.57170867919922 7.299999237060547
    endloop
  endfacet
  facet normal 0 0 -1
    outer loop
      vertex -31.165258407592773 -51.03226089477539 7.299999237060547
      vertex -30.808429718017578 -43.88249206542969 7.299999237060547
      vertex -30.808429718017578 -51.38030242919922 7.299999237060547
    endloop
  endfacet
  facet normal 0 0 -1
    outer loop
      vertex -31.165258407592773 -51.03226089477539 7.299999237060547
      vertex -31.165258407592773 -44.230533599853516 7.299999237060547
      vertex -30.808429718017578 -43.88249206542969 7.299999237060547
    endloop
  endfacet
  facet normal 0 0 -1
    outer loop
      vertex -31.48566246032715 -50.650421142578125 7.299999237060547
      vertex -31.165258407592773 -44.230533599853516 7.299999237060547
      vertex -31.165258407592773 -51.03226089477539 7.299999237060547
    endloop
  endfacet
  facet normal 0 0 -1
    outer loop
      vertex -31.48566246032715 -50.650421142578125 7.299999237060547
      vertex -31.48566246032715 -44.61237335205078 7.299999237060547
      vertex -31.165258407592773 -44.230533599853516 7.299999237060547
    endloop
  endfacet
  facet normal 0 0 -1
    outer loop
      vertex -31.76645278930664 -50.23857116699219 7.299999237060547
      vertex -31.48566246032715 -44.61237335205078 7.299999237060547
      vertex -31.48566246032715 -50.650421142578125 7.299999237060547
    endloop
  endfacet
  facet normal 0 0 -1
    outer loop
      vertex -31.76645278930664 -50.23857116699219 7.299999237060547
      vertex -31.76645278930664 -45.02421951293945 7.299999237060547
      vertex -31.48566246032715 -44.61237335205078 7.299999237060547
    endloop
  endfacet
  facet normal 0 0 -1
    outer loop
      vertex -32.004844665527344 -49.80081558227539 7.299999237060547
      vertex -31.76645278930664 -45.02421951293945 7.299999237060547
      vertex -31.76645278930664 -50.23857116699219 7.299999237060547
    endloop
  endfacet
  facet normal 0 0 -1
    outer loop
      vertex -32.004844665527344 -49.80081558227539 7.299999237060547
      vertex -32.004844665527344 -45.461978912353516 7.299999237060547
      vertex -31.76645278930664 -45.02421951293945 7.299999237060547
    endloop
  endfacet
  facet normal 0 0 -1
    outer loop
      vertex -32.198463439941406 -49.34149932861328 7.299999237060547
      vertex -32.004844665527344 -45.461978912353516 7.299999237060547
      vertex -32.004844665527344 -49.80081558227539 7.299999237060547
    endloop
  endfacet
  facet normal 0 0 -1
    outer loop
      vertex -32.198463439941406 -49.34149932861328 7.299999237060547
      vertex -32.198463439941406 -45.921295166015625 7.299999237060547
      vertex -32.004844665527344 -45.461978912353516 7.299999237060547
    endloop
  endfacet
  facet normal 0 0 -1
    outer loop
      vertex -32.34538650512695 -48.86518478393555 7.299999237060547
      vertex -32.198463439941406 -45.921295166015625 7.299999237060547
      vertex -32.198463439941406 -49.34149932861328 7.299999237060547
    endloop
  endfacet
  facet normal 0 0 -1
    outer loop
      vertex -32.34538650512695 -48.86518478393555 7.299999237060547
      vertex -32.34538650512695 -46.39760971069336 7.299999237060547
      vertex -32.198463439941406 -45.921295166015625 7.299999237060547
    endloop
  endfacet
  facet normal 0 0 -1
    outer loop
      vertex -32.44415283203125 -48.376609802246094 7.299999237060547
      vertex -32.34538650512695 -46.39760971069336 7.299999237060547
      vertex -32.34538650512695 -48.86518478393555 7.299999237060547
    endloop
  endfacet
  facet normal 0 0 -1
    outer loop
      vertex -32.44415283203125 -48.376609802246094 7.299999237060547
      vertex -32.44415283203125 -46.88618469238281 7.299999237060547
      vertex -32.34538650512695 -46.39760971069336 7.299999237060547
    endloop
  endfacet
  facet normal 0 0 -1
    outer loop
      vertex -32.49378204345703 -47.8806266784668 7.299999237060547
      vertex -32.44415283203125 -46.88618469238281 7.299999237060547
      vertex -32.44415283203125 -48.376609802246094 7.299999237060547
    endloop
  endfacet
  facet normal 0 0 -1
    outer loop
      vertex -32.44415283203125 -46.88618469238281 7.299999237060547
      vertex -32.49378204345703 -47.8806266784668 7.299999237060547
      vertex -32.49378204345703 -47.38216781616211 7.299999237060547
    endloop
  endfacet
  facet normal -0.9690767301180304 0.2467595816655272 0
    outer loop
      vertex -22.722135543823242 -49.10517120361328 2
      vertex -22.599136352539062 -48.622127532958984 7.299999237060547
      vertex -22.599136352539062 -48.622127532958984 2
    endloop
  endfacet
  facet normal -0.9690767301180304 0.2467595816655272 0
    outer loop
      vertex -22.599136352539062 -48.622127532958984 7.299999237060547
      vertex -22.722135543823242 -49.10517120361328 2
      vertex -22.722135543823242 -49.10517120361328 7.299999237060547
    endloop
  endfacet
  facet normal -0.66168668516126 0.7497804549868606 0
    outer loop
      vertex -24.00881576538086 -51.210731506347656 2
      vertex -24.382549285888672 -51.54055404663086 7.299999237060547
      vertex -24.00881576538086 -51.210731506347656 7.299999237060547
    endloop
  endfacet
  facet normal -0.66168668516126 0.7497804549868606 0
    outer loop
      vertex -24.382549285888672 -51.54055404663086 7.299999237060547
      vertex -24.00881576538086 -51.210731506347656 2
      vertex -24.382549285888672 -51.54055404663086 2
    endloop
  endfacet
  facet normal -0.7330496577140617 0.6801751240124095 0
    outer loop
      vertex -24.00881576538086 -51.210731506347656 2
      vertex -23.669776916503906 -50.8453369140625 7.299999237060547
      vertex -23.669776916503906 -50.8453369140625 2
    endloop
  endfacet
  facet normal -0.7330496577140617 0.6801751240124095 0
    outer loop
      vertex -23.669776916503906 -50.8453369140625 7.299999237060547
      vertex -24.00881576538086 -51.210731506347656 2
      vertex -24.00881576538086 -51.210731506347656 7.299999237060547
    endloop
  endfacet
  facet normal 0.9555730961634106 -0.2947542330292701 0
    outer loop
      vertex -32.34538650512695 -46.39760971069336 7.299999237060547
      vertex -32.198463439941406 -45.921295166015625 2
      vertex -32.198463439941406 -45.921295166015625 7.299999237060547
    endloop
  endfacet
  facet normal 0.9555730961634106 -0.2947542330292701 0
    outer loop
      vertex -32.198463439941406 -45.921295166015625 2
      vertex -32.34538650512695 -46.39760971069336 7.299999237060547
      vertex -32.34538650512695 -46.39760971069336 2
    endloop
  endfacet
  facet normal 0.6982374899936905 0.7158661938989095 0
    outer loop
      vertex -30.808429718017578 -51.38030242919922 2
      vertex -31.165258407592773 -51.03226089477539 7.299999237060547
      vertex -30.808429718017578 -51.38030242919922 7.299999237060547
    endloop
  endfacet
  facet normal 0.6982374899936905 0.7158661938989095 0
    outer loop
      vertex -31.165258407592773 -51.03226089477539 7.299999237060547
      vertex -30.808429718017578 -51.38030242919922 2
      vertex -31.165258407592773 -51.03226089477539 2
    endloop
  endfacet
  facet normal -0.9987570102833708 0.04984410105341247 0
    outer loop
      vertex -22.524845123291016 -48.129234313964844 2
      vertex -22.5 -47.63139724731445 7.299999237060547
      vertex -22.5 -47.63139724731445 2
    endloop
  endfacet
  facet normal -0.9987570102833708 0.04984410105341247 0
    outer loop
      vertex -22.5 -47.63139724731445 7.299999237060547
      vertex -22.524845123291016 -48.129234313964844 2
      vertex -22.524845123291016 -48.129234313964844 7.299999237060547
    endloop
  endfacet
  facet normal 0.17365413997830434 0.9848067016772354 0
    outer loop
      vertex -28.121719360351562 -52.592594146728516 2
      vertex -28.61260414123535 -52.50603485107422 7.299999237060547
      vertex -28.121719360351562 -52.592594146728516 7.299999237060547
    endloop
  endfacet
  facet normal 0.17365413997830434 0.9848067016772354 0
    outer loop
      vertex -28.61260414123535 -52.50603485107422 7.299999237060547
      vertex -28.121719360351562 -52.592594146728516 2
      vertex -28.61260414123535 -52.50603485107422 2
    endloop
  endfacet
  facet normal 0.36533956760961217 -0.9308743203777949 0
    outer loop
      vertex -29.556434631347656 -43.07386779785156 2
      vertex -29.09243392944336 -42.891761779785156 7.299999237060547
      vertex -29.556434631347656 -43.07386779785156 7.299999237060547
    endloop
  endfacet
  facet normal 0.36533956760961217 -0.9308743203777949 0
    outer loop
      vertex -29.09243392944336 -42.891761779785156 7.299999237060547
      vertex -29.556434631347656 -43.07386779785156 2
      vertex -29.09243392944336 -42.891761779785156 2
    endloop
  endfacet
  facet normal -0.22251807751640043 -0.9749285641411914 0
    outer loop
      vertex -26.631759643554688 -42.707359313964844 2
      vertex -26.145797729492188 -42.818275451660156 7.299999237060547
      vertex -26.631759643554688 -42.707359313964844 7.299999237060547
    endloop
  endfacet
  facet normal -0.22251807751640043 -0.9749285641411914 0
    outer loop
      vertex -26.145797729492188 -42.818275451660156 7.299999237060547
      vertex -26.631759643554688 -42.707359313964844 2
      vertex -26.145797729492188 -42.818275451660156 2
    endloop
  endfacet
  facet normal 0.9950310507895475 -0.09956509410756899 0
    outer loop
      vertex -32.49378204345703 -47.38216781616211 7.299999237060547
      vertex -32.44415283203125 -46.88618469238281 2
      vertex -32.44415283203125 -46.88618469238281 7.299999237060547
    endloop
  endfacet
  facet normal 0.9950310507895475 -0.09956509410756899 0
    outer loop
      vertex -32.44415283203125 -46.88618469238281 2
      vertex -32.49378204345703 -47.38216781616211 7.299999237060547
      vertex -32.49378204345703 -47.38216781616211 2
    endloop
  endfacet
  facet normal -0.4112871222449548 0.9115058436869529 0
    outer loop
      vertex -25.21894645690918 -52.08075714111328 2
      vertex -25.673294067382812 -52.2857666015625 7.299999237060547
      vertex -25.21894645690918 -52.08075714111328 7.299999237060547
    endloop
  endfacet
  facet normal -0.4112871222449548 0.9115058436869529 0
    outer loop
      vertex -25.673294067382812 -52.2857666015625 7.299999237060547
      vertex -25.21894645690918 -52.08075714111328 2
      vertex -25.673294067382812 -52.2857666015625 2
    endloop
  endfacet
  facet normal 0.9801729696092123 0.19814376005178225 0
    outer loop
      vertex -32.34538650512695 -48.86518478393555 7.299999237060547
      vertex -32.44415283203125 -48.376609802246094 2
      vertex -32.44415283203125 -48.376609802246094 7.299999237060547
    endloop
  endfacet
  facet normal 0.9801729696092123 0.19814376005178225 0
    outer loop
      vertex -32.44415283203125 -48.376609802246094 2
      vertex -32.34538650512695 -48.86518478393555 7.299999237060547
      vertex -32.34538650512695 -48.86518478393555 2
    endloop
  endfacet
  facet normal 0.7660420154645999 -0.6427905028412707 0
    outer loop
      vertex -31.48566246032715 -44.61237335205078 7.299999237060547
      vertex -31.165258407592773 -44.230533599853516 2
      vertex -31.165258407592773 -44.230533599853516 7.299999237060547
    endloop
  endfacet
  facet normal 0.7660420154645999 -0.6427905028412707 0
    outer loop
      vertex -31.165258407592773 -44.230533599853516 2
      vertex -31.48566246032715 -44.61237335205078 7.299999237060547
      vertex -31.48566246032715 -44.61237335205078 2
    endloop
  endfacet
  facet normal -0.024933490989674702 0.9996891121879181 0
    outer loop
      vertex -27.12635040283203 -52.61741638183594 2
      vertex -27.624652862548828 -52.629844665527344 7.299999237060547
      vertex -27.12635040283203 -52.61741638183594 7.299999237060547
    endloop
  endfacet
  facet normal -0.024933490989674702 0.9996891121879181 0
    outer loop
      vertex -27.624652862548828 -52.629844665527344 7.299999237060547
      vertex -27.12635040283203 -52.61741638183594 2
      vertex -27.624652862548828 -52.629844665527344 2
    endloop
  endfacet
  facet normal -0.9888307951857476 -0.1490424721088666 0
    outer loop
      vertex -22.524845123291016 -47.1335563659668 2
      vertex -22.599136352539062 -46.64066696166992 7.299999237060547
      vertex -22.599136352539062 -46.64066696166992 2
    endloop
  endfacet
  facet normal -0.9888307951857476 -0.1490424721088666 0
    outer loop
      vertex -22.599136352539062 -46.64066696166992 7.299999237060547
      vertex -22.524845123291016 -47.1335563659668 2
      vertex -22.524845123291016 -47.1335563659668 7.299999237060547
    endloop
  endfacet
  facet normal -0.8532909139011633 -0.5214351505736046 0
    outer loop
      vertex -23.108890533447266 -45.24012756347656 2
      vertex -23.368804931640625 -44.814796447753906 7.299999237060547
      vertex -23.368804931640625 -44.814796447753906 2
    endloop
  endfacet
  facet normal -0.8532909139011633 -0.5214351505736046 0
    outer loop
      vertex -23.368804931640625 -44.814796447753906 7.299999237060547
      vertex -23.108890533447266 -45.24012756347656 2
      vertex -23.108890533447266 -45.24012756347656 7.299999237060547
    endloop
  endfacet
  facet normal -0.12434555707507525 -0.9922389744591216 0
    outer loop
      vertex -27.12635040283203 -42.64537811279297 2
      vertex -26.631759643554688 -42.707359313964844 7.299999237060547
      vertex -27.12635040283203 -42.64537811279297 7.299999237060547
    endloop
  endfacet
  facet normal -0.12434555707507525 -0.9922389744591216 0
    outer loop
      vertex -26.631759643554688 -42.707359313964844 7.299999237060547
      vertex -27.12635040283203 -42.64537811279297 2
      vertex -26.631759643554688 -42.707359313964844 2
    endloop
  endfacet
  facet normal -0.4112871222449548 -0.9115058436869529 0
    outer loop
      vertex -25.673294067382812 -42.977027893066406 2
      vertex -25.21894645690918 -43.182037353515625 7.299999237060547
      vertex -25.673294067382812 -42.977027893066406 7.299999237060547
    endloop
  endfacet
  facet normal -0.4112871222449548 -0.9115058436869529 0
    outer loop
      vertex -25.21894645690918 -43.182037353515625 7.299999237060547
      vertex -25.673294067382812 -42.977027893066406 2
      vertex -25.21894645690918 -43.182037353515625 2
    endloop
  endfacet
  facet normal 0.8262402954720164 -0.5633178269310454 0
    outer loop
      vertex -31.76645278930664 -45.02421951293945 7.299999237060547
      vertex -31.48566246032715 -44.61237335205078 2
      vertex -31.48566246032715 -44.61237335205078 7.299999237060547
    endloop
  endfacet
  facet normal 0.8262402954720164 -0.5633178269310454 0
    outer loop
      vertex -31.48566246032715 -44.61237335205078 2
      vertex -31.76645278930664 -45.02421951293945 7.299999237060547
      vertex -31.76645278930664 -45.02421951293945 2
    endloop
  endfacet
  facet normal -0.9009698154307721 0.4338817715491634 0
    outer loop
      vertex -23.108890533447266 -50.022666931152344 2
      vertex -22.89261817932129 -49.573570251464844 7.299999237060547
      vertex -22.89261817932129 -49.573570251464844 2
    endloop
  endfacet
  facet normal -0.9009698154307721 0.4338817715491634 0
    outer loop
      vertex -22.89261817932129 -49.573570251464844 7.299999237060547
      vertex -23.108890533447266 -50.022666931152344 2
      vertex -23.108890533447266 -50.022666931152344 7.299999237060547
    endloop
  endfacet
  facet normal 0.9214756824485849 -0.38843605220926003 0
    outer loop
      vertex -32.198463439941406 -45.921295166015625 7.299999237060547
      vertex -32.004844665527344 -45.461978912353516 2
      vertex -32.004844665527344 -45.461978912353516 7.299999237060547
    endloop
  endfacet
  facet normal 0.9214756824485849 -0.38843605220926003 0
    outer loop
      vertex -32.004844665527344 -45.461978912353516 2
      vertex -32.198463439941406 -45.921295166015625 7.299999237060547
      vertex -32.198463439941406 -45.921295166015625 2
    endloop
  endfacet
  facet normal -0.5000010188802897 0.8660248155328298 0
    outer loop
      vertex -24.787269592285156 -51.83152770996094 2
      vertex -25.21894645690918 -52.08075714111328 7.299999237060547
      vertex -24.787269592285156 -51.83152770996094 7.299999237060547
    endloop
  endfacet
  facet normal -0.5000010188802897 0.8660248155328298 0
    outer loop
      vertex -25.21894645690918 -52.08075714111328 7.299999237060547
      vertex -24.787269592285156 -51.83152770996094 2
      vertex -25.21894645690918 -52.08075714111328 2
    endloop
  endfacet
  facet normal 0.6982374899936905 -0.7158661938989095 0
    outer loop
      vertex -31.165258407592773 -44.230533599853516 2
      vertex -30.808429718017578 -43.88249206542969 7.299999237060547
      vertex -31.165258407592773 -44.230533599853516 7.299999237060547
    endloop
  endfacet
  facet normal 0.6982374899936905 -0.7158661938989095 0
    outer loop
      vertex -30.808429718017578 -43.88249206542969 7.299999237060547
      vertex -31.165258407592773 -44.230533599853516 2
      vertex -30.808429718017578 -43.88249206542969 2
    endloop
  endfacet
  facet normal -0.5000010188802897 -0.8660248155328298 0
    outer loop
      vertex -25.21894645690918 -43.182037353515625 2
      vertex -24.787269592285156 -43.43126678466797 7.299999237060547
      vertex -25.21894645690918 -43.182037353515625 7.299999237060547
    endloop
  endfacet
  facet normal -0.5000010188802897 -0.8660248155328298 0
    outer loop
      vertex -24.787269592285156 -43.43126678466797 7.299999237060547
      vertex -25.21894645690918 -43.182037353515625 2
      vertex -24.787269592285156 -43.43126678466797 2
    endloop
  endfacet
  facet normal 1 0 0
    outer loop
      vertex -32.49378204345703 -47.8806266784668 7.299999237060547
      vertex -32.49378204345703 -47.38216781616211 2
      vertex -32.49378204345703 -47.38216781616211 7.299999237060547
    endloop
  endfacet
  facet normal 1 0 0
    outer loop
      vertex -32.49378204345703 -47.38216781616211 2
      vertex -32.49378204345703 -47.8806266784668 7.299999237060547
      vertex -32.49378204345703 -47.8806266784668 2
    endloop
  endfacet
  facet normal -0.31848602630504974 -0.9479275558018234 0
    outer loop
      vertex -26.145797729492188 -42.818275451660156 2
      vertex -25.673294067382812 -42.977027893066406 7.299999237060547
      vertex -26.145797729492188 -42.818275451660156 7.299999237060547
    endloop
  endfacet
  facet normal -0.31848602630504974 -0.9479275558018234 0
    outer loop
      vertex -25.673294067382812 -42.977027893066406 7.299999237060547
      vertex -26.145797729492188 -42.818275451660156 2
      vertex -25.673294067382812 -42.977027893066406 2
    endloop
  endfacet
  facet normal -0.9009698154307721 -0.4338817715491634 0
    outer loop
      vertex -22.89261817932129 -45.68922424316406 2
      vertex -23.108890533447266 -45.24012756347656 7.299999237060547
      vertex -23.108890533447266 -45.24012756347656 2
    endloop
  endfacet
  facet normal -0.9009698154307721 -0.4338817715491634 0
    outer loop
      vertex -23.108890533447266 -45.24012756347656 7.299999237060547
      vertex -22.89261817932129 -45.68922424316406 2
      vertex -22.89261817932129 -45.68922424316406 7.299999237060547
    endloop
  endfacet
  facet normal 0.1736467177490909 -0.9848080104339969 0
    outer loop
      vertex -28.61260414123535 -42.75675582885742 2
      vertex -28.121719360351562 -42.67020034790039 7.299999237060547
      vertex -28.61260414123535 -42.75675582885742 7.299999237060547
    endloop
  endfacet
  facet normal 0.1736467177490909 -0.9848080104339969 0
    outer loop
      vertex -28.121719360351562 -42.67020034790039 7.299999237060547
      vertex -28.61260414123535 -42.75675582885742 2
      vertex -28.121719360351562 -42.67020034790039 2
    endloop
  endfacet
  facet normal -0.9888309651852852 0.1490413442328586 0
    outer loop
      vertex -22.599136352539062 -48.622127532958984 2
      vertex -22.524845123291016 -48.129234313964844 7.299999237060547
      vertex -22.524845123291016 -48.129234313964844 2
    endloop
  endfacet
  facet normal -0.9888309651852852 0.1490413442328586 0
    outer loop
      vertex -22.524845123291016 -48.129234313964844 7.299999237060547
      vertex -22.599136352539062 -48.622127532958984 2
      vertex -22.599136352539062 -48.622127532958984 7.299999237060547
    endloop
  endfacet
  facet normal -0.66168668516126 -0.7497804549868606 0
    outer loop
      vertex -24.382549285888672 -43.72224044799805 2
      vertex -24.00881576538086 -44.05206298828125 7.299999237060547
      vertex -24.382549285888672 -43.72224044799805 7.299999237060547
    endloop
  endfacet
  facet normal -0.66168668516126 -0.7497804549868606 0
    outer loop
      vertex -24.00881576538086 -44.05206298828125 7.299999237060547
      vertex -24.382549285888672 -43.72224044799805 2
      vertex -24.00881576538086 -44.05206298828125 2
    endloop
  endfacet
  facet normal 0.6234884913495241 -0.7818325275624532 0
    outer loop
      vertex -30.808429718017578 -43.88249206542969 2
      vertex -30.418718338012695 -43.57170867919922 7.299999237060547
      vertex -30.808429718017578 -43.88249206542969 7.299999237060547
    endloop
  endfacet
  facet normal 0.6234884913495241 -0.7818325275624532 0
    outer loop
      vertex -30.418718338012695 -43.57170867919922 7.299999237060547
      vertex -30.808429718017578 -43.88249206542969 2
      vertex -30.418718338012695 -43.57170867919922 2
    endloop
  endfacet
  facet normal 0.5425493394484558 -0.8400239367208795 0
    outer loop
      vertex -30.418718338012695 -43.57170867919922 2
      vertex -30 -43.30126953125 7.299999237060547
      vertex -30.418718338012695 -43.57170867919922 7.299999237060547
    endloop
  endfacet
  facet normal 0.5425493394484558 -0.8400239367208795 0
    outer loop
      vertex -30 -43.30126953125 7.299999237060547
      vertex -30.418718338012695 -43.57170867919922 2
      vertex -30 -43.30126953125 2
    endloop
  endfacet
  facet normal 0 0 1
    outer loop
      vertex -22.524845123291016 -47.1335563659668 2
      vertex -22.524845123291016 -48.129234313964844 2
      vertex -22.5 -47.63139724731445 2
    endloop
  endfacet
  facet normal 0 0 1
    outer loop
      vertex -22.599136352539062 -46.64066696166992 2
      vertex -22.524845123291016 -48.129234313964844 2
      vertex -22.524845123291016 -47.1335563659668 2
    endloop
  endfacet
  facet normal 0 0 1
    outer loop
      vertex -22.599136352539062 -46.64066696166992 2
      vertex -22.599136352539062 -48.622127532958984 2
      vertex -22.524845123291016 -48.129234313964844 2
    endloop
  endfacet
  facet normal 0 0 1
    outer loop
      vertex -22.722135543823242 -46.15761947631836 2
      vertex -22.599136352539062 -48.622127532958984 2
      vertex -22.599136352539062 -46.64066696166992 2
    endloop
  endfacet
  facet normal 0 0 1
    outer loop
      vertex -22.722135543823242 -46.15761947631836 2
      vertex -22.722135543823242 -49.10517120361328 2
      vertex -22.599136352539062 -48.622127532958984 2
    endloop
  endfacet
  facet normal 0 0 1
    outer loop
      vertex -22.89261817932129 -45.68922424316406 2
      vertex -22.722135543823242 -49.10517120361328 2
      vertex -22.722135543823242 -46.15761947631836 2
    endloop
  endfacet
  facet normal 0 0 1
    outer loop
      vertex -22.89261817932129 -45.68922424316406 2
      vertex -22.89261817932129 -49.573570251464844 2
      vertex -22.722135543823242 -49.10517120361328 2
    endloop
  endfacet
  facet normal 0 0 1
    outer loop
      vertex -23.108890533447266 -45.24012756347656 2
      vertex -22.89261817932129 -49.573570251464844 2
      vertex -22.89261817932129 -45.68922424316406 2
    endloop
  endfacet
  facet normal 0 0 1
    outer loop
      vertex -23.108890533447266 -45.24012756347656 2
      vertex -23.108890533447266 -50.022666931152344 2
      vertex -22.89261817932129 -49.573570251464844 2
    endloop
  endfacet
  facet normal 0 0 1
    outer loop
      vertex -23.368804931640625 -44.814796447753906 2
      vertex -23.108890533447266 -50.022666931152344 2
      vertex -23.108890533447266 -45.24012756347656 2
    endloop
  endfacet
  facet normal 0 0 1
    outer loop
      vertex -23.368804931640625 -44.814796447753906 2
      vertex -23.368804931640625 -50.447998046875 2
      vertex -23.108890533447266 -50.022666931152344 2
    endloop
  endfacet
  facet normal 0 0 1
    outer loop
      vertex -23.669776916503906 -44.417457580566406 2
      vertex -23.368804931640625 -50.447998046875 2
      vertex -23.368804931640625 -44.814796447753906 2
    endloop
  endfacet
  facet normal 0 0 1
    outer loop
      vertex -23.669776916503906 -44.417457580566406 2
      vertex -23.669776916503906 -50.8453369140625 2
      vertex -23.368804931640625 -50.447998046875 2
    endloop
  endfacet
  facet normal 0 0 1
    outer loop
      vertex -24.00881576538086 -44.05206298828125 2
      vertex -23.669776916503906 -50.8453369140625 2
      vertex -23.669776916503906 -44.417457580566406 2
    endloop
  endfacet
  facet normal 0 0 1
    outer loop
      vertex -24.00881576538086 -44.05206298828125 2
      vertex -24.00881576538086 -51.210731506347656 2
      vertex -23.669776916503906 -50.8453369140625 2
    endloop
  endfacet
  facet normal 0 0 1
    outer loop
      vertex -24.382549285888672 -43.72224044799805 2
      vertex -24.00881576538086 -51.210731506347656 2
      vertex -24.00881576538086 -44.05206298828125 2
    endloop
  endfacet
  facet normal 0 0 1
    outer loop
      vertex -24.382549285888672 -43.72224044799805 2
      vertex -24.382549285888672 -51.54055404663086 2
      vertex -24.00881576538086 -51.210731506347656 2
    endloop
  endfacet
  facet normal 0 0 1
    outer loop
      vertex -24.787269592285156 -43.43126678466797 2
      vertex -24.382549285888672 -51.54055404663086 2
      vertex -24.382549285888672 -43.72224044799805 2
    endloop
  endfacet
  facet normal 0 0 1
    outer loop
      vertex -24.787269592285156 -43.43126678466797 2
      vertex -24.787269592285156 -51.83152770996094 2
      vertex -24.382549285888672 -51.54055404663086 2
    endloop
  endfacet
  facet normal 0 0 1
    outer loop
      vertex -25.21894645690918 -43.182037353515625 2
      vertex -24.787269592285156 -51.83152770996094 2
      vertex -24.787269592285156 -43.43126678466797 2
    endloop
  endfacet
  facet normal 0 0 1
    outer loop
      vertex -25.21894645690918 -43.182037353515625 2
      vertex -25.21894645690918 -52.08075714111328 2
      vertex -24.787269592285156 -51.83152770996094 2
    endloop
  endfacet
  facet normal 0 0 1
    outer loop
      vertex -25.673294067382812 -42.977027893066406 2
      vertex -25.21894645690918 -52.08075714111328 2
      vertex -25.21894645690918 -43.182037353515625 2
    endloop
  endfacet
  facet normal 0 0 1
    outer loop
      vertex -25.673294067382812 -42.977027893066406 2
      vertex -25.673294067382812 -52.2857666015625 2
      vertex -25.21894645690918 -52.08075714111328 2
    endloop
  endfacet
  facet normal 0 0 1
    outer loop
      vertex -26.145797729492188 -42.818275451660156 2
      vertex -25.673294067382812 -52.2857666015625 2
      vertex -25.673294067382812 -42.977027893066406 2
    endloop
  endfacet
  facet normal 0 0 1
    outer loop
      vertex -26.145797729492188 -42.818275451660156 2
      vertex -26.145797729492188 -52.44451904296875 2
      vertex -25.673294067382812 -52.2857666015625 2
    endloop
  endfacet
  facet normal 0 0 1
    outer loop
      vertex -26.631759643554688 -42.707359313964844 2
      vertex -26.145797729492188 -52.44451904296875 2
      vertex -26.145797729492188 -42.818275451660156 2
    endloop
  endfacet
  facet normal 0 0 1
    outer loop
      vertex -26.631759643554688 -42.707359313964844 2
      vertex -26.631759643554688 -52.55543518066406 2
      vertex -26.145797729492188 -52.44451904296875 2
    endloop
  endfacet
  facet normal 0 0 1
    outer loop
      vertex -27.12635040283203 -42.64537811279297 2
      vertex -26.631759643554688 -52.55543518066406 2
      vertex -26.631759643554688 -42.707359313964844 2
    endloop
  endfacet
  facet normal 0 0 1
    outer loop
      vertex -27.12635040283203 -42.64537811279297 2
      vertex -27.12635040283203 -52.61741638183594 2
      vertex -26.631759643554688 -52.55543518066406 2
    endloop
  endfacet
  facet normal 0 0 1
    outer loop
      vertex -27.624652862548828 -42.63294982910156 2
      vertex -27.12635040283203 -52.61741638183594 2
      vertex -27.12635040283203 -42.64537811279297 2
    endloop
  endfacet
  facet normal 0 0 1
    outer loop
      vertex -27.624652862548828 -42.63294982910156 2
      vertex -27.624652862548828 -52.629844665527344 2
      vertex -27.12635040283203 -52.61741638183594 2
    endloop
  endfacet
  facet normal 0 0 1
    outer loop
      vertex -28.121719360351562 -42.67020034790039 2
      vertex -27.624652862548828 -52.629844665527344 2
      vertex -27.624652862548828 -42.63294982910156 2
    endloop
  endfacet
  facet normal 0 0 1
    outer loop
      vertex -28.121719360351562 -42.67020034790039 2
      vertex -28.121719360351562 -52.592594146728516 2
      vertex -27.624652862548828 -52.629844665527344 2
    endloop
  endfacet
  facet normal 0 0 1
    outer loop
      vertex -28.61260414123535 -42.75675582885742 2
      vertex -28.121719360351562 -52.592594146728516 2
      vertex -28.121719360351562 -42.67020034790039 2
    endloop
  endfacet
  facet normal 0 0 1
    outer loop
      vertex -28.61260414123535 -42.75675582885742 2
      vertex -28.61260414123535 -52.50603485107422 2
      vertex -28.121719360351562 -52.592594146728516 2
    endloop
  endfacet
  facet normal 0 0 1
    outer loop
      vertex -29.09243392944336 -42.891761779785156 2
      vertex -28.61260414123535 -52.50603485107422 2
      vertex -28.61260414123535 -42.75675582885742 2
    endloop
  endfacet
  facet normal 0 0 1
    outer loop
      vertex -29.09243392944336 -42.891761779785156 2
      vertex -29.09243392944336 -52.37103271484375 2
      vertex -28.61260414123535 -52.50603485107422 2
    endloop
  endfacet
  facet normal 0 0 1
    outer loop
      vertex -29.556434631347656 -43.07386779785156 2
      vertex -29.09243392944336 -52.37103271484375 2
      vertex -29.09243392944336 -42.891761779785156 2
    endloop
  endfacet
  facet normal 0 0 1
    outer loop
      vertex -29.556434631347656 -43.07386779785156 2
      vertex -29.556434631347656 -52.188926696777344 2
      vertex -29.09243392944336 -52.37103271484375 2
    endloop
  endfacet
  facet normal 0 0 1
    outer loop
      vertex -30 -43.30126953125 2
      vertex -29.556434631347656 -52.188926696777344 2
      vertex -29.556434631347656 -43.07386779785156 2
    endloop
  endfacet
  facet normal 0 0 1
    outer loop
      vertex -30 -43.30126953125 2
      vertex -30 -51.961524963378906 2
      vertex -29.556434631347656 -52.188926696777344 2
    endloop
  endfacet
  facet normal 0 0 1
    outer loop
      vertex -30.418718338012695 -43.57170867919922 2
      vertex -30 -51.961524963378906 2
      vertex -30 -43.30126953125 2
    endloop
  endfacet
  facet normal 0 0 1
    outer loop
      vertex -30.418718338012695 -43.57170867919922 2
      vertex -30.418718338012695 -51.69108581542969 2
      vertex -30 -51.961524963378906 2
    endloop
  endfacet
  facet normal 0 0 1
    outer loop
      vertex -30.808429718017578 -43.88249206542969 2
      vertex -30.418718338012695 -51.69108581542969 2
      vertex -30.418718338012695 -43.57170867919922 2
    endloop
  endfacet
  facet normal 0 0 1
    outer loop
      vertex -30.808429718017578 -43.88249206542969 2
      vertex -30.808429718017578 -51.38030242919922 2
      vertex -30.418718338012695 -51.69108581542969 2
    endloop
  endfacet
  facet normal 0 0 1
    outer loop
      vertex -31.165258407592773 -44.230533599853516 2
      vertex -30.808429718017578 -51.38030242919922 2
      vertex -30.808429718017578 -43.88249206542969 2
    endloop
  endfacet
  facet normal 0 0 1
    outer loop
      vertex -31.165258407592773 -44.230533599853516 2
      vertex -31.165258407592773 -51.03226089477539 2
      vertex -30.808429718017578 -51.38030242919922 2
    endloop
  endfacet
  facet normal 0 0 1
    outer loop
      vertex -31.48566246032715 -44.61237335205078 2
      vertex -31.165258407592773 -51.03226089477539 2
      vertex -31.165258407592773 -44.230533599853516 2
    endloop
  endfacet
  facet normal 0 0 1
    outer loop
      vertex -31.48566246032715 -44.61237335205078 2
      vertex -31.48566246032715 -50.650421142578125 2
      vertex -31.165258407592773 -51.03226089477539 2
    endloop
  endfacet
  facet normal 0 0 1
    outer loop
      vertex -31.76645278930664 -45.02421951293945 2
      vertex -31.48566246032715 -50.650421142578125 2
      vertex -31.48566246032715 -44.61237335205078 2
    endloop
  endfacet
  facet normal 0 0 1
    outer loop
      vertex -31.76645278930664 -45.02421951293945 2
      vertex -31.76645278930664 -50.23857116699219 2
      vertex -31.48566246032715 -50.650421142578125 2
    endloop
  endfacet
  facet normal 0 0 1
    outer loop
      vertex -32.004844665527344 -45.461978912353516 2
      vertex -31.76645278930664 -50.23857116699219 2
      vertex -31.76645278930664 -45.02421951293945 2
    endloop
  endfacet
  facet normal 0 0 1
    outer loop
      vertex -32.004844665527344 -45.461978912353516 2
      vertex -32.004844665527344 -49.80081558227539 2
      vertex -31.76645278930664 -50.23857116699219 2
    endloop
  endfacet
  facet normal 0 0 1
    outer loop
      vertex -32.198463439941406 -45.921295166015625 2
      vertex -32.004844665527344 -49.80081558227539 2
      vertex -32.004844665527344 -45.461978912353516 2
    endloop
  endfacet
  facet normal 0 0 1
    outer loop
      vertex -32.198463439941406 -45.921295166015625 2
      vertex -32.198463439941406 -49.34149932861328 2
      vertex -32.004844665527344 -49.80081558227539 2
    endloop
  endfacet
  facet normal 0 0 1
    outer loop
      vertex -32.34538650512695 -46.39760971069336 2
      vertex -32.198463439941406 -49.34149932861328 2
      vertex -32.198463439941406 -45.921295166015625 2
    endloop
  endfacet
  facet normal 0 0 1
    outer loop
      vertex -32.34538650512695 -46.39760971069336 2
      vertex -32.34538650512695 -48.86518478393555 2
      vertex -32.198463439941406 -49.34149932861328 2
    endloop
  endfacet
  facet normal 0 0 1
    outer loop
      vertex -32.44415283203125 -46.88618469238281 2
      vertex -32.34538650512695 -48.86518478393555 2
      vertex -32.34538650512695 -46.39760971069336 2
    endloop
  endfacet
  facet normal 0 0 1
    outer loop
      vertex -32.44415283203125 -46.88618469238281 2
      vertex -32.44415283203125 -48.376609802246094 2
      vertex -32.34538650512695 -48.86518478393555 2
    endloop
  endfacet
  facet normal 0 0 1
    outer loop
      vertex -32.49378204345703 -47.38216781616211 2
      vertex -32.44415283203125 -48.376609802246094 2
      vertex -32.44415283203125 -46.88618469238281 2
    endloop
  endfacet
  facet normal 0 0 1
    outer loop
      vertex -32.44415283203125 -48.376609802246094 2
      vertex -32.49378204345703 -47.38216781616211 2
      vertex -32.49378204345703 -47.8806266784668 2
    endloop
  endfacet
  facet normal 0.9801729696092123 -0.19814376005178225 0
    outer loop
      vertex -32.44415283203125 -46.88618469238281 7.299999237060547
      vertex -32.34538650512695 -46.39760971069336 2
      vertex -32.34538650512695 -46.39760971069336 7.299999237060547
    endloop
  endfacet
  facet normal 0.9801729696092123 -0.19814376005178225 0
    outer loop
      vertex -32.34538650512695 -46.39760971069336 2
      vertex -32.44415283203125 -46.88618469238281 7.299999237060547
      vertex -32.44415283203125 -46.88618469238281 2
    endloop
  endfacet
  facet normal -0.7330496577140617 -0.6801751240124095 0
    outer loop
      vertex -23.669776916503906 -44.417457580566406 2
      vertex -24.00881576538086 -44.05206298828125 7.299999237060547
      vertex -24.00881576538086 -44.05206298828125 2
    endloop
  endfacet
  facet normal -0.7330496577140617 -0.6801751240124095 0
    outer loop
      vertex -24.00881576538086 -44.05206298828125 7.299999237060547
      vertex -23.669776916503906 -44.417457580566406 2
      vertex -23.669776916503906 -44.417457580566406 7.299999237060547
    endloop
  endfacet
  facet normal -1 0 0
    outer loop
      vertex 32.49378204345703 -47.8806266784668 2
      vertex 32.49378204345703 -47.38216781616211 7.299999237060547
      vertex 32.49378204345703 -47.38216781616211 2
    endloop
  endfacet
  facet normal -1 0 0
    outer loop
      vertex 32.49378204345703 -47.38216781616211 7.299999237060547
      vertex 32.49378204345703 -47.8806266784668 2
      vertex 32.49378204345703 -47.8806266784668 7.299999237060547
    endloop
  endfacet
  facet normal 0.9396930564451077 0.34201894635948393 0
    outer loop
      vertex 22.89261817932129 -49.573570251464844 7.299999237060547
      vertex 22.722135543823242 -49.10517120361328 2
      vertex 22.722135543823242 -49.10517120361328 7.299999237060547
    endloop
  endfacet
  facet normal 0.9396930564451077 0.34201894635948393 0
    outer loop
      vertex 22.722135543823242 -49.10517120361328 2
      vertex 22.89261817932129 -49.573570251464844 7.299999237060547
      vertex 22.89261817932129 -49.573570251464844 2
    endloop
  endfacet
  facet normal -0.5425493394484558 0.8400239367208795 0
    outer loop
      vertex 30.418718338012695 -51.69108581542969 2
      vertex 30 -51.961524963378906 7.299999237060547
      vertex 30.418718338012695 -51.69108581542969 7.299999237060547
    endloop
  endfacet
  facet normal -0.5425493394484558 0.8400239367208795 0
    outer loop
      vertex 30 -51.961524963378906 7.299999237060547
      vertex 30.418718338012695 -51.69108581542969 2
      vertex 30 -51.961524963378906 2
    endloop
  endfacet
  facet normal 0.7330496577140617 -0.6801751240124095 0
    outer loop
      vertex 23.669776916503906 -44.417457580566406 7.299999237060547
      vertex 24.00881576538086 -44.05206298828125 2
      vertex 24.00881576538086 -44.05206298828125 7.299999237060547
    endloop
  endfacet
  facet normal 0.7330496577140617 -0.6801751240124095 0
    outer loop
      vertex 24.00881576538086 -44.05206298828125 2
      vertex 23.669776916503906 -44.417457580566406 7.299999237060547
      vertex 23.669776916503906 -44.417457580566406 2
    endloop
  endfacet
  facet normal -0.8782191376969197 0.4782584512404131 0
    outer loop
      vertex 31.76645278930664 -50.23857116699219 2
      vertex 32.004844665527344 -49.80081558227539 7.299999237060547
      vertex 32.004844665527344 -49.80081558227539 2
    endloop
  endfacet
  facet normal -0.8782191376969197 0.4782584512404131 0
    outer loop
      vertex 32.004844665527344 -49.80081558227539 7.299999237060547
      vertex 31.76645278930664 -50.23857116699219 2
      vertex 31.76645278930664 -50.23857116699219 7.299999237060547
    endloop
  endfacet
  facet normal 0.5837431152142402 -0.8119384061860693 0
    outer loop
      vertex 24.382549285888672 -43.72224044799805 2
      vertex 24.787269592285156 -43.43126678466797 7.299999237060547
      vertex 24.382549285888672 -43.72224044799805 7.299999237060547
    endloop
  endfacet
  facet normal 0.5837431152142402 -0.8119384061860693 0
    outer loop
      vertex 24.787269592285156 -43.43126678466797 7.299999237060547
      vertex 24.382549285888672 -43.72224044799805 2
      vertex 24.787269592285156 -43.43126678466797 2
    endloop
  endfacet
  facet normal 0.5000010188802897 -0.8660248155328298 0
    outer loop
      vertex 24.787269592285156 -43.43126678466797 2
      vertex 25.21894645690918 -43.182037353515625 7.299999237060547
      vertex 24.787269592285156 -43.43126678466797 7.299999237060547
    endloop
  endfacet
  facet normal 0.5000010188802897 -0.8660248155328298 0
    outer loop
      vertex 25.21894645690918 -43.182037353515625 7.299999237060547
      vertex 24.787269592285156 -43.43126678466797 2
      vertex 25.21894645690918 -43.182037353515625 2
    endloop
  endfacet
  facet normal 0.7330496577140617 0.6801751240124095 0
    outer loop
      vertex 24.00881576538086 -51.210731506347656 7.299999237060547
      vertex 23.669776916503906 -50.8453369140625 2
      vertex 23.669776916503906 -50.8453369140625 7.299999237060547
    endloop
  endfacet
  facet normal 0.7330496577140617 0.6801751240124095 0
    outer loop
      vertex 23.669776916503906 -50.8453369140625 2
      vertex 24.00881576538086 -51.210731506347656 7.299999237060547
      vertex 24.00881576538086 -51.210731506347656 2
    endloop
  endfacet
  facet normal -0.07473115967644123 0.9972037172882049 0
    outer loop
      vertex 28.121719360351562 -52.592594146728516 2
      vertex 27.624652862548828 -52.629844665527344 7.299999237060547
      vertex 28.121719360351562 -52.592594146728516 7.299999237060547
    endloop
  endfacet
  facet normal -0.07473115967644123 0.9972037172882049 0
    outer loop
      vertex 27.624652862548828 -52.629844665527344 7.299999237060547
      vertex 28.121719360351562 -52.592594146728516 2
      vertex 27.624652862548828 -52.629844665527344 2
    endloop
  endfacet
  facet normal -0.27084563867408074 -0.9626227921731487 0
    outer loop
      vertex 28.61260414123535 -42.75675582885742 2
      vertex 29.09243392944336 -42.891761779785156 7.299999237060547
      vertex 28.61260414123535 -42.75675582885742 7.299999237060547
    endloop
  endfacet
  facet normal -0.27084563867408074 -0.9626227921731487 0
    outer loop
      vertex 29.09243392944336 -42.891761779785156 7.299999237060547
      vertex 28.61260414123535 -42.75675582885742 2
      vertex 29.09243392944336 -42.891761779785156 2
    endloop
  endfacet
  facet normal -0.9801729696092123 -0.19814376005178225 0
    outer loop
      vertex 32.44415283203125 -46.88618469238281 2
      vertex 32.34538650512695 -46.39760971069336 7.299999237060547
      vertex 32.34538650512695 -46.39760971069336 2
    endloop
  endfacet
  facet normal -0.9801729696092123 -0.19814376005178225 0
    outer loop
      vertex 32.34538650512695 -46.39760971069336 7.299999237060547
      vertex 32.44415283203125 -46.88618469238281 2
      vertex 32.44415283203125 -46.88618469238281 7.299999237060547
    endloop
  endfacet
  facet normal 0.12434555707507525 0.9922389744591216 0
    outer loop
      vertex 27.12635040283203 -52.61741638183594 2
      vertex 26.631759643554688 -52.55543518066406 7.299999237060547
      vertex 27.12635040283203 -52.61741638183594 7.299999237060547
    endloop
  endfacet
  facet normal 0.12434555707507525 0.9922389744591216 0
    outer loop
      vertex 26.631759643554688 -52.55543518066406 7.299999237060547
      vertex 27.12635040283203 -52.61741638183594 2
      vertex 26.631759643554688 -52.55543518066406 2
    endloop
  endfacet
  facet normal 0.9690771961063885 -0.24675775162409844 0
    outer loop
      vertex 22.599136352539062 -46.64066696166992 7.299999237060547
      vertex 22.722135543823242 -46.15761947631836 2
      vertex 22.722135543823242 -46.15761947631836 7.299999237060547
    endloop
  endfacet
  facet normal 0.9690771961063885 -0.24675775162409844 0
    outer loop
      vertex 22.722135543823242 -46.15761947631836 2
      vertex 22.599136352539062 -46.64066696166992 7.299999237060547
      vertex 22.599136352539062 -46.64066696166992 2
    endloop
  endfacet
  facet normal 0.22251807751640043 -0.9749285641411914 0
    outer loop
      vertex 26.145797729492188 -42.818275451660156 2
      vertex 26.631759643554688 -42.707359313964844 7.299999237060547
      vertex 26.145797729492188 -42.818275451660156 7.299999237060547
    endloop
  endfacet
  facet normal 0.22251807751640043 -0.9749285641411914 0
    outer loop
      vertex 26.631759643554688 -42.707359313964844 7.299999237060547
      vertex 26.145797729492188 -42.818275451660156 2
      vertex 26.631759643554688 -42.707359313964844 2
    endloop
  endfacet
  facet normal -0.5425493394484558 -0.8400239367208795 0
    outer loop
      vertex 30 -43.30126953125 2
      vertex 30.418718338012695 -43.57170867919922 7.299999237060547
      vertex 30 -43.30126953125 7.299999237060547
    endloop
  endfacet
  facet normal -0.5425493394484558 -0.8400239367208795 0
    outer loop
      vertex 30.418718338012695 -43.57170867919922 7.299999237060547
      vertex 30 -43.30126953125 2
      vertex 30.418718338012695 -43.57170867919922 2
    endloop
  endfacet
  facet normal -0.6982374899936905 0.7158661938989095 0
    outer loop
      vertex 31.165258407592773 -51.03226089477539 2
      vertex 30.808429718017578 -51.38030242919922 7.299999237060547
      vertex 31.165258407592773 -51.03226089477539 7.299999237060547
    endloop
  endfacet
  facet normal -0.6982374899936905 0.7158661938989095 0
    outer loop
      vertex 30.808429718017578 -51.38030242919922 7.299999237060547
      vertex 31.165258407592773 -51.03226089477539 2
      vertex 30.808429718017578 -51.38030242919922 2
    endloop
  endfacet
  facet normal -0.8262427239507182 0.5633142649698278 0
    outer loop
      vertex 31.48566246032715 -50.650421142578125 2
      vertex 31.76645278930664 -50.23857116699219 7.299999237060547
      vertex 31.76645278930664 -50.23857116699219 2
    endloop
  endfacet
  facet normal -0.8262427239507182 0.5633142649698278 0
    outer loop
      vertex 31.76645278930664 -50.23857116699219 7.299999237060547
      vertex 31.48566246032715 -50.650421142578125 2
      vertex 31.48566246032715 -50.650421142578125 7.299999237060547
    endloop
  endfacet
  facet normal 0.4112871222449548 -0.9115058436869529 0
    outer loop
      vertex 25.21894645690918 -43.182037353515625 2
      vertex 25.673294067382812 -42.977027893066406 7.299999237060547
      vertex 25.21894645690918 -43.182037353515625 7.299999237060547
    endloop
  endfacet
  facet normal 0.4112871222449548 -0.9115058436869529 0
    outer loop
      vertex 25.673294067382812 -42.977027893066406 7.299999237060547
      vertex 25.21894645690918 -43.182037353515625 2
      vertex 25.673294067382812 -42.977027893066406 2
    endloop
  endfacet
  facet normal -0.9214756824485849 0.38843605220926003 0
    outer loop
      vertex 32.004844665527344 -49.80081558227539 2
      vertex 32.198463439941406 -49.34149932861328 7.299999237060547
      vertex 32.198463439941406 -49.34149932861328 2
    endloop
  endfacet
  facet normal -0.9214756824485849 0.38843605220926003 0
    outer loop
      vertex 32.198463439941406 -49.34149932861328 7.299999237060547
      vertex 32.004844665527344 -49.80081558227539 2
      vertex 32.004844665527344 -49.80081558227539 7.299999237060547
    endloop
  endfacet
  facet normal 0.024933490989674702 0.9996891121879181 0
    outer loop
      vertex 27.624652862548828 -52.629844665527344 2
      vertex 27.12635040283203 -52.61741638183594 7.299999237060547
      vertex 27.624652862548828 -52.629844665527344 7.299999237060547
    endloop
  endfacet
  facet normal 0.024933490989674702 0.9996891121879181 0
    outer loop
      vertex 27.12635040283203 -52.61741638183594 7.299999237060547
      vertex 27.624652862548828 -52.629844665527344 2
      vertex 27.12635040283203 -52.61741638183594 2
    endloop
  endfacet
  facet normal -0.7660420154645999 0.6427905028412707 0
    outer loop
      vertex 31.165258407592773 -51.03226089477539 2
      vertex 31.48566246032715 -50.650421142578125 7.299999237060547
      vertex 31.48566246032715 -50.650421142578125 2
    endloop
  endfacet
  facet normal -0.7660420154645999 0.6427905028412707 0
    outer loop
      vertex 31.48566246032715 -50.650421142578125 7.299999237060547
      vertex 31.165258407592773 -51.03226089477539 2
      vertex 31.165258407592773 -51.03226089477539 7.299999237060547
    endloop
  endfacet
  facet normal 0.5000010188802897 0.8660248155328298 0
    outer loop
      vertex 25.21894645690918 -52.08075714111328 2
      vertex 24.787269592285156 -51.83152770996094 7.299999237060547
      vertex 25.21894645690918 -52.08075714111328 7.299999237060547
    endloop
  endfacet
  facet normal 0.5000010188802897 0.8660248155328298 0
    outer loop
      vertex 24.787269592285156 -51.83152770996094 7.299999237060547
      vertex 25.21894645690918 -52.08075714111328 2
      vertex 24.787269592285156 -51.83152770996094 2
    endloop
  endfacet
  facet normal 0.8532909139011633 0.5214351505736046 0
    outer loop
      vertex 23.368804931640625 -50.447998046875 7.299999237060547
      vertex 23.108890533447266 -50.022666931152344 2
      vertex 23.108890533447266 -50.022666931152344 7.299999237060547
    endloop
  endfacet
  facet normal 0.8532909139011633 0.5214351505736046 0
    outer loop
      vertex 23.108890533447266 -50.022666931152344 2
      vertex 23.368804931640625 -50.447998046875 7.299999237060547
      vertex 23.368804931640625 -50.447998046875 2
    endloop
  endfacet
  facet normal -0.36533956760961217 0.9308743203777949 0
    outer loop
      vertex 29.556434631347656 -52.188926696777344 2
      vertex 29.09243392944336 -52.37103271484375 7.299999237060547
      vertex 29.556434631347656 -52.188926696777344 7.299999237060547
    endloop
  endfacet
  facet normal -0.36533956760961217 0.9308743203777949 0
    outer loop
      vertex 29.09243392944336 -52.37103271484375 7.299999237060547
      vertex 29.556434631347656 -52.188926696777344 2
      vertex 29.09243392944336 -52.37103271484375 2
    endloop
  endfacet
  facet normal 0.4112871222449548 0.9115058436869529 0
    outer loop
      vertex 25.673294067382812 -52.2857666015625 2
      vertex 25.21894645690918 -52.08075714111328 7.299999237060547
      vertex 25.673294067382812 -52.2857666015625 7.299999237060547
    endloop
  endfacet
  facet normal 0.4112871222449548 0.9115058436869529 0
    outer loop
      vertex 25.21894645690918 -52.08075714111328 7.299999237060547
      vertex 25.673294067382812 -52.2857666015625 2
      vertex 25.21894645690918 -52.08075714111328 2
    endloop
  endfacet
  facet normal 0.5837431152142402 0.8119384061860693 0
    outer loop
      vertex 24.787269592285156 -51.83152770996094 2
      vertex 24.382549285888672 -51.54055404663086 7.299999237060547
      vertex 24.787269592285156 -51.83152770996094 7.299999237060547
    endloop
  endfacet
  facet normal 0.5837431152142402 0.8119384061860693 0
    outer loop
      vertex 24.382549285888672 -51.54055404663086 7.299999237060547
      vertex 24.787269592285156 -51.83152770996094 2
      vertex 24.382549285888672 -51.54055404663086 2
    endloop
  endfacet
  facet normal -0.9555730961634106 0.2947542330292701 0
    outer loop
      vertex 32.198463439941406 -49.34149932861328 2
      vertex 32.34538650512695 -48.86518478393555 7.299999237060547
      vertex 32.34538650512695 -48.86518478393555 2
    endloop
  endfacet
  facet normal -0.9555730961634106 0.2947542330292701 0
    outer loop
      vertex 32.34538650512695 -48.86518478393555 7.299999237060547
      vertex 32.198463439941406 -49.34149932861328 2
      vertex 32.198463439941406 -49.34149932861328 7.299999237060547
    endloop
  endfacet
  facet normal 0.024933490989674702 -0.9996891121879181 0
    outer loop
      vertex 27.12635040283203 -42.64537811279297 2
      vertex 27.624652862548828 -42.63294982910156 7.299999237060547
      vertex 27.12635040283203 -42.64537811279297 7.299999237060547
    endloop
  endfacet
  facet normal 0.024933490989674702 -0.9996891121879181 0
    outer loop
      vertex 27.624652862548828 -42.63294982910156 7.299999237060547
      vertex 27.12635040283203 -42.64537811279297 2
      vertex 27.624652862548828 -42.63294982910156 2
    endloop
  endfacet
  facet normal -0.9801729696092123 0.19814376005178225 0
    outer loop
      vertex 32.34538650512695 -48.86518478393555 2
      vertex 32.44415283203125 -48.376609802246094 7.299999237060547
      vertex 32.44415283203125 -48.376609802246094 2
    endloop
  endfacet
  facet normal -0.9801729696092123 0.19814376005178225 0
    outer loop
      vertex 32.44415283203125 -48.376609802246094 7.299999237060547
      vertex 32.34538650512695 -48.86518478393555 2
      vertex 32.34538650512695 -48.86518478393555 7.299999237060547
    endloop
  endfacet
  facet normal 0.9987570292965721 -0.04984372007270604 0
    outer loop
      vertex 22.5 -47.63139724731445 7.299999237060547
      vertex 22.524845123291016 -47.1335563659668 2
      vertex 22.524845123291016 -47.1335563659668 7.299999237060547
    endloop
  endfacet
  facet normal 0.9987570292965721 -0.04984372007270604 0
    outer loop
      vertex 22.524845123291016 -47.1335563659668 2
      vertex 22.5 -47.63139724731445 7.299999237060547
      vertex 22.5 -47.63139724731445 2
    endloop
  endfacet
  facet normal 0 0 1
    outer loop
      vertex 32.44415283203125 -46.88618469238281 2
      vertex 32.49378204345703 -47.8806266784668 2
      vertex 32.49378204345703 -47.38216781616211 2
    endloop
  endfacet
  facet normal 0 0 1
    outer loop
      vertex 32.44415283203125 -46.88618469238281 2
      vertex 32.44415283203125 -48.376609802246094 2
      vertex 32.49378204345703 -47.8806266784668 2
    endloop
  endfacet
  facet normal 0 0 1
    outer loop
      vertex 32.34538650512695 -46.39760971069336 2
      vertex 32.44415283203125 -48.376609802246094 2
      vertex 32.44415283203125 -46.88618469238281 2
    endloop
  endfacet
  facet normal 0 0 1
    outer loop
      vertex 32.34538650512695 -46.39760971069336 2
      vertex 32.34538650512695 -48.86518478393555 2
      vertex 32.44415283203125 -48.376609802246094 2
    endloop
  endfacet
  facet normal 0 0 1
    outer loop
      vertex 32.198463439941406 -45.921295166015625 2
      vertex 32.34538650512695 -48.86518478393555 2
      vertex 32.34538650512695 -46.39760971069336 2
    endloop
  endfacet
  facet normal 0 0 1
    outer loop
      vertex 32.198463439941406 -45.921295166015625 2
      vertex 32.198463439941406 -49.34149932861328 2
      vertex 32.34538650512695 -48.86518478393555 2
    endloop
  endfacet
  facet normal 0 0 1
    outer loop
      vertex 32.004844665527344 -45.461978912353516 2
      vertex 32.198463439941406 -49.34149932861328 2
      vertex 32.198463439941406 -45.921295166015625 2
    endloop
  endfacet
  facet normal 0 0 1
    outer loop
      vertex 32.004844665527344 -45.461978912353516 2
      vertex 32.004844665527344 -49.80081558227539 2
      vertex 32.198463439941406 -49.34149932861328 2
    endloop
  endfacet
  facet normal 0 0 1
    outer loop
      vertex 31.76645278930664 -45.02421951293945 2
      vertex 32.004844665527344 -49.80081558227539 2
      vertex 32.004844665527344 -45.461978912353516 2
    endloop
  endfacet
  facet normal 0 0 1
    outer loop
      vertex 31.76645278930664 -45.02421951293945 2
      vertex 31.76645278930664 -50.23857116699219 2
      vertex 32.004844665527344 -49.80081558227539 2
    endloop
  endfacet
  facet normal 0 0 1
    outer loop
      vertex 31.48566246032715 -44.61237335205078 2
      vertex 31.76645278930664 -50.23857116699219 2
      vertex 31.76645278930664 -45.02421951293945 2
    endloop
  endfacet
  facet normal 0 0 1
    outer loop
      vertex 31.48566246032715 -44.61237335205078 2
      vertex 31.48566246032715 -50.650421142578125 2
      vertex 31.76645278930664 -50.23857116699219 2
    endloop
  endfacet
  facet normal 0 0 1
    outer loop
      vertex 31.165258407592773 -44.230533599853516 2
      vertex 31.48566246032715 -50.650421142578125 2
      vertex 31.48566246032715 -44.61237335205078 2
    endloop
  endfacet
  facet normal 0 0 1
    outer loop
      vertex 31.165258407592773 -44.230533599853516 2
      vertex 31.165258407592773 -51.03226089477539 2
      vertex 31.48566246032715 -50.650421142578125 2
    endloop
  endfacet
  facet normal 0 0 1
    outer loop
      vertex 30.808429718017578 -43.88249206542969 2
      vertex 31.165258407592773 -51.03226089477539 2
      vertex 31.165258407592773 -44.230533599853516 2
    endloop
  endfacet
  facet normal 0 0 1
    outer loop
      vertex 30.808429718017578 -43.88249206542969 2
      vertex 30.808429718017578 -51.38030242919922 2
      vertex 31.165258407592773 -51.03226089477539 2
    endloop
  endfacet
  facet normal 0 0 1
    outer loop
      vertex 30.418718338012695 -43.57170867919922 2
      vertex 30.808429718017578 -51.38030242919922 2
      vertex 30.808429718017578 -43.88249206542969 2
    endloop
  endfacet
  facet normal 0 0 1
    outer loop
      vertex 30.418718338012695 -43.57170867919922 2
      vertex 30.418718338012695 -51.69108581542969 2
      vertex 30.808429718017578 -51.38030242919922 2
    endloop
  endfacet
  facet normal 0 0 1
    outer loop
      vertex 30 -43.30126953125 2
      vertex 30.418718338012695 -51.69108581542969 2
      vertex 30.418718338012695 -43.57170867919922 2
    endloop
  endfacet
  facet normal 0 0 1
    outer loop
      vertex 30 -43.30126953125 2
      vertex 30 -51.961524963378906 2
      vertex 30.418718338012695 -51.69108581542969 2
    endloop
  endfacet
  facet normal 0 0 1
    outer loop
      vertex 29.556434631347656 -43.07386779785156 2
      vertex 30 -51.961524963378906 2
      vertex 30 -43.30126953125 2
    endloop
  endfacet
  facet normal 0 0 1
    outer loop
      vertex 29.556434631347656 -43.07386779785156 2
      vertex 29.556434631347656 -52.188926696777344 2
      vertex 30 -51.961524963378906 2
    endloop
  endfacet
  facet normal 0 0 1
    outer loop
      vertex 29.09243392944336 -42.891761779785156 2
      vertex 29.556434631347656 -52.188926696777344 2
      vertex 29.556434631347656 -43.07386779785156 2
    endloop
  endfacet
  facet normal 0 0 1
    outer loop
      vertex 29.09243392944336 -42.891761779785156 2
      vertex 29.09243392944336 -52.37103271484375 2
      vertex 29.556434631347656 -52.188926696777344 2
    endloop
  endfacet
  facet normal 0 0 1
    outer loop
      vertex 28.61260414123535 -42.75675582885742 2
      vertex 29.09243392944336 -52.37103271484375 2
      vertex 29.09243392944336 -42.891761779785156 2
    endloop
  endfacet
  facet normal 0 0 1
    outer loop
      vertex 28.61260414123535 -42.75675582885742 2
      vertex 28.61260414123535 -52.50603485107422 2
      vertex 29.09243392944336 -52.37103271484375 2
    endloop
  endfacet
  facet normal 0 0 1
    outer loop
      vertex 28.121719360351562 -42.67020034790039 2
      vertex 28.61260414123535 -52.50603485107422 2
      vertex 28.61260414123535 -42.75675582885742 2
    endloop
  endfacet
  facet normal 0 0 1
    outer loop
      vertex 28.121719360351562 -42.67020034790039 2
      vertex 28.121719360351562 -52.592594146728516 2
      vertex 28.61260414123535 -52.50603485107422 2
    endloop
  endfacet
  facet normal 0 0 1
    outer loop
      vertex 27.624652862548828 -42.63294982910156 2
      vertex 28.121719360351562 -52.592594146728516 2
      vertex 28.121719360351562 -42.67020034790039 2
    endloop
  endfacet
  facet normal 0 0 1
    outer loop
      vertex 27.624652862548828 -42.63294982910156 2
      vertex 27.624652862548828 -52.629844665527344 2
      vertex 28.121719360351562 -52.592594146728516 2
    endloop
  endfacet
  facet normal 0 0 1
    outer loop
      vertex 27.12635040283203 -42.64537811279297 2
      vertex 27.624652862548828 -52.629844665527344 2
      vertex 27.624652862548828 -42.63294982910156 2
    endloop
  endfacet
  facet normal 0 0 1
    outer loop
      vertex 27.12635040283203 -42.64537811279297 2
      vertex 27.12635040283203 -52.61741638183594 2
      vertex 27.624652862548828 -52.629844665527344 2
    endloop
  endfacet
  facet normal 0 0 1
    outer loop
      vertex 26.631759643554688 -42.707359313964844 2
      vertex 27.12635040283203 -52.61741638183594 2
      vertex 27.12635040283203 -42.64537811279297 2
    endloop
  endfacet
  facet normal 0 0 1
    outer loop
      vertex 26.631759643554688 -42.707359313964844 2
      vertex 26.631759643554688 -52.55543518066406 2
      vertex 27.12635040283203 -52.61741638183594 2
    endloop
  endfacet
  facet normal 0 0 1
    outer loop
      vertex 26.145797729492188 -42.818275451660156 2
      vertex 26.631759643554688 -52.55543518066406 2
      vertex 26.631759643554688 -42.707359313964844 2
    endloop
  endfacet
  facet normal 0 0 1
    outer loop
      vertex 26.145797729492188 -42.818275451660156 2
      vertex 26.145797729492188 -52.44451904296875 2
      vertex 26.631759643554688 -52.55543518066406 2
    endloop
  endfacet
  facet normal 0 0 1
    outer loop
      vertex 25.673294067382812 -42.977027893066406 2
      vertex 26.145797729492188 -52.44451904296875 2
      vertex 26.145797729492188 -42.818275451660156 2
    endloop
  endfacet
  facet normal 0 0 1
    outer loop
      vertex 25.673294067382812 -42.977027893066406 2
      vertex 25.673294067382812 -52.2857666015625 2
      vertex 26.145797729492188 -52.44451904296875 2
    endloop
  endfacet
  facet normal 0 0 1
    outer loop
      vertex 25.21894645690918 -43.182037353515625 2
      vertex 25.673294067382812 -52.2857666015625 2
      vertex 25.673294067382812 -42.977027893066406 2
    endloop
  endfacet
  facet normal 0 0 1
    outer loop
      vertex 25.21894645690918 -43.182037353515625 2
      vertex 25.21894645690918 -52.08075714111328 2
      vertex 25.673294067382812 -52.2857666015625 2
    endloop
  endfacet
  facet normal 0 0 1
    outer loop
      vertex 24.787269592285156 -43.43126678466797 2
      vertex 25.21894645690918 -52.08075714111328 2
      vertex 25.21894645690918 -43.182037353515625 2
    endloop
  endfacet
  facet normal 0 0 1
    outer loop
      vertex 24.787269592285156 -43.43126678466797 2
      vertex 24.787269592285156 -51.83152770996094 2
      vertex 25.21894645690918 -52.08075714111328 2
    endloop
  endfacet
  facet normal 0 0 1
    outer loop
      vertex 24.382549285888672 -43.72224044799805 2
      vertex 24.787269592285156 -51.83152770996094 2
      vertex 24.787269592285156 -43.43126678466797 2
    endloop
  endfacet
  facet normal 0 0 1
    outer loop
      vertex 24.382549285888672 -43.72224044799805 2
      vertex 24.382549285888672 -51.54055404663086 2
      vertex 24.787269592285156 -51.83152770996094 2
    endloop
  endfacet
  facet normal 0 0 1
    outer loop
      vertex 24.00881576538086 -44.05206298828125 2
      vertex 24.382549285888672 -51.54055404663086 2
      vertex 24.382549285888672 -43.72224044799805 2
    endloop
  endfacet
  facet normal 0 0 1
    outer loop
      vertex 24.00881576538086 -44.05206298828125 2
      vertex 24.00881576538086 -51.210731506347656 2
      vertex 24.382549285888672 -51.54055404663086 2
    endloop
  endfacet
  facet normal 0 0 1
    outer loop
      vertex 23.669776916503906 -44.417457580566406 2
      vertex 24.00881576538086 -51.210731506347656 2
      vertex 24.00881576538086 -44.05206298828125 2
    endloop
  endfacet
  facet normal 0 0 1
    outer loop
      vertex 23.669776916503906 -44.417457580566406 2
      vertex 23.669776916503906 -50.8453369140625 2
      vertex 24.00881576538086 -51.210731506347656 2
    endloop
  endfacet
  facet normal 0 0 1
    outer loop
      vertex 23.368804931640625 -44.814796447753906 2
      vertex 23.669776916503906 -50.8453369140625 2
      vertex 23.669776916503906 -44.417457580566406 2
    endloop
  endfacet
  facet normal 0 0 1
    outer loop
      vertex 23.368804931640625 -44.814796447753906 2
      vertex 23.368804931640625 -50.447998046875 2
      vertex 23.669776916503906 -50.8453369140625 2
    endloop
  endfacet
  facet normal 0 0 1
    outer loop
      vertex 23.108890533447266 -45.24012756347656 2
      vertex 23.368804931640625 -50.447998046875 2
      vertex 23.368804931640625 -44.814796447753906 2
    endloop
  endfacet
  facet normal 0 0 1
    outer loop
      vertex 23.108890533447266 -45.24012756347656 2
      vertex 23.108890533447266 -50.022666931152344 2
      vertex 23.368804931640625 -50.447998046875 2
    endloop
  endfacet
  facet normal 0 0 1
    outer loop
      vertex 22.89261817932129 -45.68922424316406 2
      vertex 23.108890533447266 -50.022666931152344 2
      vertex 23.108890533447266 -45.24012756347656 2
    endloop
  endfacet
  facet normal 0 0 1
    outer loop
      vertex 22.89261817932129 -45.68922424316406 2
      vertex 22.89261817932129 -49.573570251464844 2
      vertex 23.108890533447266 -50.022666931152344 2
    endloop
  endfacet
  facet normal 0 0 1
    outer loop
      vertex 22.722135543823242 -46.15761947631836 2
      vertex 22.89261817932129 -49.573570251464844 2
      vertex 22.89261817932129 -45.68922424316406 2
    endloop
  endfacet
  facet normal 0 0 1
    outer loop
      vertex 22.722135543823242 -46.15761947631836 2
      vertex 22.722135543823242 -49.10517120361328 2
      vertex 22.89261817932129 -49.573570251464844 2
    endloop
  endfacet
  facet normal 0 0 1
    outer loop
      vertex 22.599136352539062 -46.64066696166992 2
      vertex 22.722135543823242 -49.10517120361328 2
      vertex 22.722135543823242 -46.15761947631836 2
    endloop
  endfacet
  facet normal 0 0 1
    outer loop
      vertex 22.599136352539062 -46.64066696166992 2
      vertex 22.599136352539062 -48.622127532958984 2
      vertex 22.722135543823242 -49.10517120361328 2
    endloop
  endfacet
  facet normal 0 0 1
    outer loop
      vertex 22.524845123291016 -47.1335563659668 2
      vertex 22.599136352539062 -48.622127532958984 2
      vertex 22.599136352539062 -46.64066696166992 2
    endloop
  endfacet
  facet normal 0 0 1
    outer loop
      vertex 22.524845123291016 -47.1335563659668 2
      vertex 22.524845123291016 -48.129234313964844 2
      vertex 22.599136352539062 -48.622127532958984 2
    endloop
  endfacet
  facet normal 0 0 1
    outer loop
      vertex 22.524845123291016 -48.129234313964844 2
      vertex 22.524845123291016 -47.1335563659668 2
      vertex 22.5 -47.63139724731445 2
    endloop
  endfacet
  facet normal 0.8532909139011633 -0.5214351505736046 0
    outer loop
      vertex 23.108890533447266 -45.24012756347656 7.299999237060547
      vertex 23.368804931640625 -44.814796447753906 2
      vertex 23.368804931640625 -44.814796447753906 7.299999237060547
    endloop
  endfacet
  facet normal 0.8532909139011633 -0.5214351505736046 0
    outer loop
      vertex 23.368804931640625 -44.814796447753906 2
      vertex 23.108890533447266 -45.24012756347656 7.299999237060547
      vertex 23.108890533447266 -45.24012756347656 2
    endloop
  endfacet
  facet normal 0.9888309651852852 0.1490413442328586 0
    outer loop
      vertex 22.599136352539062 -48.622127532958984 7.299999237060547
      vertex 22.524845123291016 -48.129234313964844 2
      vertex 22.524845123291016 -48.129234313964844 7.299999237060547
    endloop
  endfacet
  facet normal 0.9888309651852852 0.1490413442328586 0
    outer loop
      vertex 22.524845123291016 -48.129234313964844 2
      vertex 22.599136352539062 -48.622127532958984 7.299999237060547
      vertex 22.599136352539062 -48.622127532958984 2
    endloop
  endfacet
  facet normal -0.7660420154645999 -0.6427905028412707 0
    outer loop
      vertex 31.48566246032715 -44.61237335205078 2
      vertex 31.165258407592773 -44.230533599853516 7.299999237060547
      vertex 31.165258407592773 -44.230533599853516 2
    endloop
  endfacet
  facet normal -0.7660420154645999 -0.6427905028412707 0
    outer loop
      vertex 31.165258407592773 -44.230533599853516 7.299999237060547
      vertex 31.48566246032715 -44.61237335205078 2
      vertex 31.48566246032715 -44.61237335205078 7.299999237060547
    endloop
  endfacet
  facet normal -0.9950310507895475 -0.09956509410756899 0
    outer loop
      vertex 32.49378204345703 -47.38216781616211 2
      vertex 32.44415283203125 -46.88618469238281 7.299999237060547
      vertex 32.44415283203125 -46.88618469238281 2
    endloop
  endfacet
  facet normal -0.9950310507895475 -0.09956509410756899 0
    outer loop
      vertex 32.44415283203125 -46.88618469238281 7.299999237060547
      vertex 32.49378204345703 -47.38216781616211 2
      vertex 32.49378204345703 -47.38216781616211 7.299999237060547
    endloop
  endfacet
  facet normal -0.8262402954720164 -0.5633178269310454 0
    outer loop
      vertex 31.76645278930664 -45.02421951293945 2
      vertex 31.48566246032715 -44.61237335205078 7.299999237060547
      vertex 31.48566246032715 -44.61237335205078 2
    endloop
  endfacet
  facet normal -0.8262402954720164 -0.5633178269310454 0
    outer loop
      vertex 31.48566246032715 -44.61237335205078 7.299999237060547
      vertex 31.76645278930664 -45.02421951293945 2
      vertex 31.76645278930664 -45.02421951293945 7.299999237060547
    endloop
  endfacet
  facet normal 0.31848602630504974 0.9479275558018234 0
    outer loop
      vertex 26.145797729492188 -52.44451904296875 2
      vertex 25.673294067382812 -52.2857666015625 7.299999237060547
      vertex 26.145797729492188 -52.44451904296875 7.299999237060547
    endloop
  endfacet
  facet normal 0.31848602630504974 0.9479275558018234 0
    outer loop
      vertex 25.673294067382812 -52.2857666015625 7.299999237060547
      vertex 26.145797729492188 -52.44451904296875 2
      vertex 25.673294067382812 -52.2857666015625 2
    endloop
  endfacet
  facet normal -0.9950310507895475 0.09956509410756899 0
    outer loop
      vertex 32.44415283203125 -48.376609802246094 2
      vertex 32.49378204345703 -47.8806266784668 7.299999237060547
      vertex 32.49378204345703 -47.8806266784668 2
    endloop
  endfacet
  facet normal -0.9950310507895475 0.09956509410756899 0
    outer loop
      vertex 32.49378204345703 -47.8806266784668 7.299999237060547
      vertex 32.44415283203125 -48.376609802246094 2
      vertex 32.44415283203125 -48.376609802246094 7.299999237060547
    endloop
  endfacet
  facet normal -0.4562091281375018 -0.8898725927929348 0
    outer loop
      vertex 29.556434631347656 -43.07386779785156 2
      vertex 30 -43.30126953125 7.299999237060547
      vertex 29.556434631347656 -43.07386779785156 7.299999237060547
    endloop
  endfacet
  facet normal -0.4562091281375018 -0.8898725927929348 0
    outer loop
      vertex 30 -43.30126953125 7.299999237060547
      vertex 29.556434631347656 -43.07386779785156 2
      vertex 30 -43.30126953125 2
    endloop
  endfacet
  facet normal -0.07473115967644123 -0.9972037172882049 0
    outer loop
      vertex 27.624652862548828 -42.63294982910156 2
      vertex 28.121719360351562 -42.67020034790039 7.299999237060547
      vertex 27.624652862548828 -42.63294982910156 7.299999237060547
    endloop
  endfacet
  facet normal -0.07473115967644123 -0.9972037172882049 0
    outer loop
      vertex 28.121719360351562 -42.67020034790039 7.299999237060547
      vertex 27.624652862548828 -42.63294982910156 2
      vertex 28.121719360351562 -42.67020034790039 2
    endloop
  endfacet
  facet normal -0.9214756824485849 -0.38843605220926003 0
    outer loop
      vertex 32.198463439941406 -45.921295166015625 2
      vertex 32.004844665527344 -45.461978912353516 7.299999237060547
      vertex 32.004844665527344 -45.461978912353516 2
    endloop
  endfacet
  facet normal -0.9214756824485849 -0.38843605220926003 0
    outer loop
      vertex 32.004844665527344 -45.461978912353516 7.299999237060547
      vertex 32.198463439941406 -45.921295166015625 2
      vertex 32.198463439941406 -45.921295166015625 7.299999237060547
    endloop
  endfacet
  facet normal -0.6234884913495241 0.7818325275624532 0
    outer loop
      vertex 30.808429718017578 -51.38030242919922 2
      vertex 30.418718338012695 -51.69108581542969 7.299999237060547
      vertex 30.808429718017578 -51.38030242919922 7.299999237060547
    endloop
  endfacet
  facet normal -0.6234884913495241 0.7818325275624532 0
    outer loop
      vertex 30.418718338012695 -51.69108581542969 7.299999237060547
      vertex 30.808429718017578 -51.38030242919922 2
      vertex 30.418718338012695 -51.69108581542969 2
    endloop
  endfacet
  facet normal -0.6982374899936905 -0.7158661938989095 0
    outer loop
      vertex 30.808429718017578 -43.88249206542969 2
      vertex 31.165258407592773 -44.230533599853516 7.299999237060547
      vertex 30.808429718017578 -43.88249206542969 7.299999237060547
    endloop
  endfacet
  facet normal -0.6982374899936905 -0.7158661938989095 0
    outer loop
      vertex 31.165258407592773 -44.230533599853516 7.299999237060547
      vertex 30.808429718017578 -43.88249206542969 2
      vertex 31.165258407592773 -44.230533599853516 2
    endloop
  endfacet
  facet normal -0.9555730961634106 -0.2947542330292701 0
    outer loop
      vertex 32.34538650512695 -46.39760971069336 2
      vertex 32.198463439941406 -45.921295166015625 7.299999237060547
      vertex 32.198463439941406 -45.921295166015625 2
    endloop
  endfacet
  facet normal -0.9555730961634106 -0.2947542330292701 0
    outer loop
      vertex 32.198463439941406 -45.921295166015625 7.299999237060547
      vertex 32.34538650512695 -46.39760971069336 2
      vertex 32.34538650512695 -46.39760971069336 7.299999237060547
    endloop
  endfacet
  facet normal -0.17365413997830434 0.9848067016772354 0
    outer loop
      vertex 28.61260414123535 -52.50603485107422 2
      vertex 28.121719360351562 -52.592594146728516 7.299999237060547
      vertex 28.61260414123535 -52.50603485107422 7.299999237060547
    endloop
  endfacet
  facet normal -0.17365413997830434 0.9848067016772354 0
    outer loop
      vertex 28.121719360351562 -52.592594146728516 7.299999237060547
      vertex 28.61260414123535 -52.50603485107422 2
      vertex 28.121719360351562 -52.592594146728516 2
    endloop
  endfacet
  facet normal -0.36533956760961217 -0.9308743203777949 0
    outer loop
      vertex 29.09243392944336 -42.891761779785156 2
      vertex 29.556434631347656 -43.07386779785156 7.299999237060547
      vertex 29.09243392944336 -42.891761779785156 7.299999237060547
    endloop
  endfacet
  facet normal -0.36533956760961217 -0.9308743203777949 0
    outer loop
      vertex 29.556434631347656 -43.07386779785156 7.299999237060547
      vertex 29.09243392944336 -42.891761779785156 2
      vertex 29.556434631347656 -43.07386779785156 2
    endloop
  endfacet
  facet normal 0.9009698154307721 -0.4338817715491634 0
    outer loop
      vertex 22.89261817932129 -45.68922424316406 7.299999237060547
      vertex 23.108890533447266 -45.24012756347656 2
      vertex 23.108890533447266 -45.24012756347656 7.299999237060547
    endloop
  endfacet
  facet normal 0.9009698154307721 -0.4338817715491634 0
    outer loop
      vertex 23.108890533447266 -45.24012756347656 2
      vertex 22.89261817932129 -45.68922424316406 7.299999237060547
      vertex 22.89261817932129 -45.68922424316406 2
    endloop
  endfacet
  facet normal -0.2708385471000089 0.9626247874456362 0
    outer loop
      vertex 29.09243392944336 -52.37103271484375 2
      vertex 28.61260414123535 -52.50603485107422 7.299999237060547
      vertex 29.09243392944336 -52.37103271484375 7.299999237060547
    endloop
  endfacet
  facet normal -0.2708385471000089 0.9626247874456362 0
    outer loop
      vertex 28.61260414123535 -52.50603485107422 7.299999237060547
      vertex 29.09243392944336 -52.37103271484375 2
      vertex 28.61260414123535 -52.50603485107422 2
    endloop
  endfacet
  facet normal 0.7971330008480418 -0.603803758649278 0
    outer loop
      vertex 23.368804931640625 -44.814796447753906 7.299999237060547
      vertex 23.669776916503906 -44.417457580566406 2
      vertex 23.669776916503906 -44.417457580566406 7.299999237060547
    endloop
  endfacet
  facet normal 0.7971330008480418 -0.603803758649278 0
    outer loop
      vertex 23.669776916503906 -44.417457580566406 2
      vertex 23.368804931640625 -44.814796447753906 7.299999237060547
      vertex 23.368804931640625 -44.814796447753906 2
    endloop
  endfacet
  facet normal -0.4562091281375018 0.8898725927929348 0
    outer loop
      vertex 30 -51.961524963378906 2
      vertex 29.556434631347656 -52.188926696777344 7.299999237060547
      vertex 30 -51.961524963378906 7.299999237060547
    endloop
  endfacet
  facet normal -0.4562091281375018 0.8898725927929348 0
    outer loop
      vertex 29.556434631347656 -52.188926696777344 7.299999237060547
      vertex 30 -51.961524963378906 2
      vertex 29.556434631347656 -52.188926696777344 2
    endloop
  endfacet
  facet normal 0.66168668516126 0.7497804549868606 0
    outer loop
      vertex 24.382549285888672 -51.54055404663086 2
      vertex 24.00881576538086 -51.210731506347656 7.299999237060547
      vertex 24.382549285888672 -51.54055404663086 7.299999237060547
    endloop
  endfacet
  facet normal 0.66168668516126 0.7497804549868606 0
    outer loop
      vertex 24.00881576538086 -51.210731506347656 7.299999237060547
      vertex 24.382549285888672 -51.54055404663086 2
      vertex 24.00881576538086 -51.210731506347656 2
    endloop
  endfacet
  facet normal -0.1736467177490909 -0.9848080104339969 0
    outer loop
      vertex 28.121719360351562 -42.67020034790039 2
      vertex 28.61260414123535 -42.75675582885742 7.299999237060547
      vertex 28.121719360351562 -42.67020034790039 7.299999237060547
    endloop
  endfacet
  facet normal -0.1736467177490909 -0.9848080104339969 0
    outer loop
      vertex 28.61260414123535 -42.75675582885742 7.299999237060547
      vertex 28.121719360351562 -42.67020034790039 2
      vertex 28.61260414123535 -42.75675582885742 2
    endloop
  endfacet
  facet normal 0.9888307951857476 -0.1490424721088666 0
    outer loop
      vertex 22.524845123291016 -47.1335563659668 7.299999237060547
      vertex 22.599136352539062 -46.64066696166992 2
      vertex 22.599136352539062 -46.64066696166992 7.299999237060547
    endloop
  endfacet
  facet normal 0.9888307951857476 -0.1490424721088666 0
    outer loop
      vertex 22.599136352539062 -46.64066696166992 2
      vertex 22.524845123291016 -47.1335563659668 7.299999237060547
      vertex 22.524845123291016 -47.1335563659668 2
    endloop
  endfacet
  facet normal 0.12434555707507525 -0.9922389744591216 0
    outer loop
      vertex 26.631759643554688 -42.707359313964844 2
      vertex 27.12635040283203 -42.64537811279297 7.299999237060547
      vertex 26.631759643554688 -42.707359313964844 7.299999237060547
    endloop
  endfacet
  facet normal 0.12434555707507525 -0.9922389744591216 0
    outer loop
      vertex 27.12635040283203 -42.64537811279297 7.299999237060547
      vertex 26.631759643554688 -42.707359313964844 2
      vertex 27.12635040283203 -42.64537811279297 2
    endloop
  endfacet
  facet normal -0.8782208881569856 -0.47825523688168375 0
    outer loop
      vertex 32.004844665527344 -45.461978912353516 2
      vertex 31.76645278930664 -45.02421951293945 7.299999237060547
      vertex 31.76645278930664 -45.02421951293945 2
    endloop
  endfacet
  facet normal -0.8782208881569856 -0.47825523688168375 0
    outer loop
      vertex 31.76645278930664 -45.02421951293945 7.299999237060547
      vertex 32.004844665527344 -45.461978912353516 2
      vertex 32.004844665527344 -45.461978912353516 7.299999237060547
    endloop
  endfacet
  facet normal -0.6234884913495241 -0.7818325275624532 0
    outer loop
      vertex 30.418718338012695 -43.57170867919922 2
      vertex 30.808429718017578 -43.88249206542969 7.299999237060547
      vertex 30.418718338012695 -43.57170867919922 7.299999237060547
    endloop
  endfacet
  facet normal -0.6234884913495241 -0.7818325275624532 0
    outer loop
      vertex 30.808429718017578 -43.88249206542969 7.299999237060547
      vertex 30.418718338012695 -43.57170867919922 2
      vertex 30.808429718017578 -43.88249206542969 2
    endloop
  endfacet
  facet normal 0.93969216121412 -0.3420214059861405 0
    outer loop
      vertex 22.722135543823242 -46.15761947631836 7.299999237060547
      vertex 22.89261817932129 -45.68922424316406 2
      vertex 22.89261817932129 -45.68922424316406 7.299999237060547
    endloop
  endfacet
  facet normal 0.93969216121412 -0.3420214059861405 0
    outer loop
      vertex 22.89261817932129 -45.68922424316406 2
      vertex 22.722135543823242 -46.15761947631836 7.299999237060547
      vertex 22.722135543823242 -46.15761947631836 2
    endloop
  endfacet
  facet normal 0.31848602630504974 -0.9479275558018234 0
    outer loop
      vertex 25.673294067382812 -42.977027893066406 2
      vertex 26.145797729492188 -42.818275451660156 7.299999237060547
      vertex 25.673294067382812 -42.977027893066406 7.299999237060547
    endloop
  endfacet
  facet normal 0.31848602630504974 -0.9479275558018234 0
    outer loop
      vertex 26.145797729492188 -42.818275451660156 7.299999237060547
      vertex 25.673294067382812 -42.977027893066406 2
      vertex 26.145797729492188 -42.818275451660156 2
    endloop
  endfacet
  facet normal 0.66168668516126 -0.7497804549868606 0
    outer loop
      vertex 24.00881576538086 -44.05206298828125 2
      vertex 24.382549285888672 -43.72224044799805 7.299999237060547
      vertex 24.00881576538086 -44.05206298828125 7.299999237060547
    endloop
  endfacet
  facet normal 0.66168668516126 -0.7497804549868606 0
    outer loop
      vertex 24.382549285888672 -43.72224044799805 7.299999237060547
      vertex 24.00881576538086 -44.05206298828125 2
      vertex 24.382549285888672 -43.72224044799805 2
    endloop
  endfacet
  facet normal 0.22251807751640043 0.9749285641411914 0
    outer loop
      vertex 26.631759643554688 -52.55543518066406 2
      vertex 26.145797729492188 -52.44451904296875 7.299999237060547
      vertex 26.631759643554688 -52.55543518066406 7.299999237060547
    endloop
  endfacet
  facet normal 0.22251807751640043 0.9749285641411914 0
    outer loop
      vertex 26.145797729492188 -52.44451904296875 7.299999237060547
      vertex 26.631759643554688 -52.55543518066406 2
      vertex 26.145797729492188 -52.44451904296875 2
    endloop
  endfacet
  facet normal 0.7971330008480418 0.603803758649278 0
    outer loop
      vertex 23.669776916503906 -50.8453369140625 7.299999237060547
      vertex 23.368804931640625 -50.447998046875 2
      vertex 23.368804931640625 -50.447998046875 7.299999237060547
    endloop
  endfacet
  facet normal 0.7971330008480418 0.603803758649278 0
    outer loop
      vertex 23.368804931640625 -50.447998046875 2
      vertex 23.669776916503906 -50.8453369140625 7.299999237060547
      vertex 23.669776916503906 -50.8453369140625 2
    endloop
  endfacet
  facet normal 0.9690767301180304 0.2467595816655272 0
    outer loop
      vertex 22.722135543823242 -49.10517120361328 7.299999237060547
      vertex 22.599136352539062 -48.622127532958984 2
      vertex 22.599136352539062 -48.622127532958984 7.299999237060547
    endloop
  endfacet
  facet normal 0.9690767301180304 0.2467595816655272 0
    outer loop
      vertex 22.599136352539062 -48.622127532958984 2
      vertex 22.722135543823242 -49.10517120361328 7.299999237060547
      vertex 22.722135543823242 -49.10517120361328 2
    endloop
  endfacet
  facet normal 0.9987570102833708 0.04984410105341247 0
    outer loop
      vertex 22.524845123291016 -48.129234313964844 7.299999237060547
      vertex 22.5 -47.63139724731445 2
      vertex 22.5 -47.63139724731445 7.299999237060547
    endloop
  endfacet
  facet normal 0.9987570102833708 0.04984410105341247 0
    outer loop
      vertex 22.5 -47.63139724731445 2
      vertex 22.524845123291016 -48.129234313964844 7.299999237060547
      vertex 22.524845123291016 -48.129234313964844 2
    endloop
  endfacet
  facet normal 0.9009698154307721 0.4338817715491634 0
    outer loop
      vertex 23.108890533447266 -50.022666931152344 7.299999237060547
      vertex 22.89261817932129 -49.573570251464844 2
      vertex 22.89261817932129 -49.573570251464844 7.299999237060547
    endloop
  endfacet
  facet normal 0.9009698154307721 0.4338817715491634 0
    outer loop
      vertex 22.89261817932129 -49.573570251464844 2
      vertex 23.108890533447266 -50.022666931152344 7.299999237060547
      vertex 23.108890533447266 -50.022666931152344 2
    endloop
  endfacet
  facet normal 0 0 -1
    outer loop
      vertex 32.44415283203125 -48.376609802246094 7.299999237060547
      vertex 32.49378204345703 -47.38216781616211 7.299999237060547
      vertex 32.49378204345703 -47.8806266784668 7.299999237060547
    endloop
  endfacet
  facet normal 0 0 -1
    outer loop
      vertex 32.44415283203125 -48.376609802246094 7.299999237060547
      vertex 32.44415283203125 -46.88618469238281 7.299999237060547
      vertex 32.49378204345703 -47.38216781616211 7.299999237060547
    endloop
  endfacet
  facet normal 0 0 -1
    outer loop
      vertex 32.34538650512695 -48.86518478393555 7.299999237060547
      vertex 32.44415283203125 -46.88618469238281 7.299999237060547
      vertex 32.44415283203125 -48.376609802246094 7.299999237060547
    endloop
  endfacet
  facet normal 0 0 -1
    outer loop
      vertex 32.34538650512695 -48.86518478393555 7.299999237060547
      vertex 32.34538650512695 -46.39760971069336 7.299999237060547
      vertex 32.44415283203125 -46.88618469238281 7.299999237060547
    endloop
  endfacet
  facet normal 0 0 -1
    outer loop
      vertex 32.198463439941406 -49.34149932861328 7.299999237060547
      vertex 32.34538650512695 -46.39760971069336 7.299999237060547
      vertex 32.34538650512695 -48.86518478393555 7.299999237060547
    endloop
  endfacet
  facet normal 0 0 -1
    outer loop
      vertex 32.198463439941406 -49.34149932861328 7.299999237060547
      vertex 32.198463439941406 -45.921295166015625 7.299999237060547
      vertex 32.34538650512695 -46.39760971069336 7.299999237060547
    endloop
  endfacet
  facet normal 0 0 -1
    outer loop
      vertex 32.004844665527344 -49.80081558227539 7.299999237060547
      vertex 32.198463439941406 -45.921295166015625 7.299999237060547
      vertex 32.198463439941406 -49.34149932861328 7.299999237060547
    endloop
  endfacet
  facet normal 0 0 -1
    outer loop
      vertex 32.004844665527344 -49.80081558227539 7.299999237060547
      vertex 32.004844665527344 -45.461978912353516 7.299999237060547
      vertex 32.198463439941406 -45.921295166015625 7.299999237060547
    endloop
  endfacet
  facet normal 0 0 -1
    outer loop
      vertex 31.76645278930664 -50.23857116699219 7.299999237060547
      vertex 32.004844665527344 -45.461978912353516 7.299999237060547
      vertex 32.004844665527344 -49.80081558227539 7.299999237060547
    endloop
  endfacet
  facet normal 0 0 -1
    outer loop
      vertex 31.76645278930664 -50.23857116699219 7.299999237060547
      vertex 31.76645278930664 -45.02421951293945 7.299999237060547
      vertex 32.004844665527344 -45.461978912353516 7.299999237060547
    endloop
  endfacet
  facet normal 0 0 -1
    outer loop
      vertex 31.48566246032715 -50.650421142578125 7.299999237060547
      vertex 31.76645278930664 -45.02421951293945 7.299999237060547
      vertex 31.76645278930664 -50.23857116699219 7.299999237060547
    endloop
  endfacet
  facet normal 0 0 -1
    outer loop
      vertex 31.48566246032715 -50.650421142578125 7.299999237060547
      vertex 31.48566246032715 -44.61237335205078 7.299999237060547
      vertex 31.76645278930664 -45.02421951293945 7.299999237060547
    endloop
  endfacet
  facet normal 0 0 -1
    outer loop
      vertex 31.165258407592773 -51.03226089477539 7.299999237060547
      vertex 31.48566246032715 -44.61237335205078 7.299999237060547
      vertex 31.48566246032715 -50.650421142578125 7.299999237060547
    endloop
  endfacet
  facet normal 0 0 -1
    outer loop
      vertex 31.165258407592773 -51.03226089477539 7.299999237060547
      vertex 31.165258407592773 -44.230533599853516 7.299999237060547
      vertex 31.48566246032715 -44.61237335205078 7.299999237060547
    endloop
  endfacet
  facet normal 0 0 -1
    outer loop
      vertex 30.808429718017578 -51.38030242919922 7.299999237060547
      vertex 31.165258407592773 -44.230533599853516 7.299999237060547
      vertex 31.165258407592773 -51.03226089477539 7.299999237060547
    endloop
  endfacet
  facet normal 0 0 -1
    outer loop
      vertex 30.808429718017578 -51.38030242919922 7.299999237060547
      vertex 30.808429718017578 -43.88249206542969 7.299999237060547
      vertex 31.165258407592773 -44.230533599853516 7.299999237060547
    endloop
  endfacet
  facet normal 0 0 -1
    outer loop
      vertex 30.418718338012695 -51.69108581542969 7.299999237060547
      vertex 30.808429718017578 -43.88249206542969 7.299999237060547
      vertex 30.808429718017578 -51.38030242919922 7.299999237060547
    endloop
  endfacet
  facet normal 0 0 -1
    outer loop
      vertex 30.418718338012695 -51.69108581542969 7.299999237060547
      vertex 30.418718338012695 -43.57170867919922 7.299999237060547
      vertex 30.808429718017578 -43.88249206542969 7.299999237060547
    endloop
  endfacet
  facet normal 0 0 -1
    outer loop
      vertex 30 -51.961524963378906 7.299999237060547
      vertex 30.418718338012695 -43.57170867919922 7.299999237060547
      vertex 30.418718338012695 -51.69108581542969 7.299999237060547
    endloop
  endfacet
  facet normal 0 0 -1
    outer loop
      vertex 30 -51.961524963378906 7.299999237060547
      vertex 30 -43.30126953125 7.299999237060547
      vertex 30.418718338012695 -43.57170867919922 7.299999237060547
    endloop
  endfacet
  facet normal 0 0 -1
    outer loop
      vertex 29.556434631347656 -52.188926696777344 7.299999237060547
      vertex 30 -43.30126953125 7.299999237060547
      vertex 30 -51.961524963378906 7.299999237060547
    endloop
  endfacet
  facet normal 0 0 -1
    outer loop
      vertex 29.556434631347656 -52.188926696777344 7.299999237060547
      vertex 29.556434631347656 -43.07386779785156 7.299999237060547
      vertex 30 -43.30126953125 7.299999237060547
    endloop
  endfacet
  facet normal 0 0 -1
    outer loop
      vertex 29.09243392944336 -52.37103271484375 7.299999237060547
      vertex 29.556434631347656 -43.07386779785156 7.299999237060547
      vertex 29.556434631347656 -52.188926696777344 7.299999237060547
    endloop
  endfacet
  facet normal 0 0 -1
    outer loop
      vertex 29.09243392944336 -52.37103271484375 7.299999237060547
      vertex 29.09243392944336 -42.891761779785156 7.299999237060547
      vertex 29.556434631347656 -43.07386779785156 7.299999237060547
    endloop
  endfacet
  facet normal 0 0 -1
    outer loop
      vertex 28.61260414123535 -52.50603485107422 7.299999237060547
      vertex 29.09243392944336 -42.891761779785156 7.299999237060547
      vertex 29.09243392944336 -52.37103271484375 7.299999237060547
    endloop
  endfacet
  facet normal 0 0 -1
    outer loop
      vertex 28.61260414123535 -52.50603485107422 7.299999237060547
      vertex 28.61260414123535 -42.75675582885742 7.299999237060547
      vertex 29.09243392944336 -42.891761779785156 7.299999237060547
    endloop
  endfacet
  facet normal 0 0 -1
    outer loop
      vertex 28.121719360351562 -52.592594146728516 7.299999237060547
      vertex 28.61260414123535 -42.75675582885742 7.299999237060547
      vertex 28.61260414123535 -52.50603485107422 7.299999237060547
    endloop
  endfacet
  facet normal 0 0 -1
    outer loop
      vertex 28.121719360351562 -52.592594146728516 7.299999237060547
      vertex 28.121719360351562 -42.67020034790039 7.299999237060547
      vertex 28.61260414123535 -42.75675582885742 7.299999237060547
    endloop
  endfacet
  facet normal 0 0 -1
    outer loop
      vertex 27.624652862548828 -52.629844665527344 7.299999237060547
      vertex 28.121719360351562 -42.67020034790039 7.299999237060547
      vertex 28.121719360351562 -52.592594146728516 7.299999237060547
    endloop
  endfacet
  facet normal 0 0 -1
    outer loop
      vertex 27.624652862548828 -52.629844665527344 7.299999237060547
      vertex 27.624652862548828 -42.63294982910156 7.299999237060547
      vertex 28.121719360351562 -42.67020034790039 7.299999237060547
    endloop
  endfacet
  facet normal 0 0 -1
    outer loop
      vertex 27.12635040283203 -52.61741638183594 7.299999237060547
      vertex 27.624652862548828 -42.63294982910156 7.299999237060547
      vertex 27.624652862548828 -52.629844665527344 7.299999237060547
    endloop
  endfacet
  facet normal 0 0 -1
    outer loop
      vertex 27.12635040283203 -52.61741638183594 7.299999237060547
      vertex 27.12635040283203 -42.64537811279297 7.299999237060547
      vertex 27.624652862548828 -42.63294982910156 7.299999237060547
    endloop
  endfacet
  facet normal 0 0 -1
    outer loop
      vertex 26.631759643554688 -52.55543518066406 7.299999237060547
      vertex 27.12635040283203 -42.64537811279297 7.299999237060547
      vertex 27.12635040283203 -52.61741638183594 7.299999237060547
    endloop
  endfacet
  facet normal 0 0 -1
    outer loop
      vertex 26.631759643554688 -52.55543518066406 7.299999237060547
      vertex 26.631759643554688 -42.707359313964844 7.299999237060547
      vertex 27.12635040283203 -42.64537811279297 7.299999237060547
    endloop
  endfacet
  facet normal 0 0 -1
    outer loop
      vertex 26.145797729492188 -52.44451904296875 7.299999237060547
      vertex 26.631759643554688 -42.707359313964844 7.299999237060547
      vertex 26.631759643554688 -52.55543518066406 7.299999237060547
    endloop
  endfacet
  facet normal 0 0 -1
    outer loop
      vertex 26.145797729492188 -52.44451904296875 7.299999237060547
      vertex 26.145797729492188 -42.818275451660156 7.299999237060547
      vertex 26.631759643554688 -42.707359313964844 7.299999237060547
    endloop
  endfacet
  facet normal 0 0 -1
    outer loop
      vertex 25.673294067382812 -52.2857666015625 7.299999237060547
      vertex 26.145797729492188 -42.818275451660156 7.299999237060547
      vertex 26.145797729492188 -52.44451904296875 7.299999237060547
    endloop
  endfacet
  facet normal 0 0 -1
    outer loop
      vertex 25.673294067382812 -52.2857666015625 7.299999237060547
      vertex 25.673294067382812 -42.977027893066406 7.299999237060547
      vertex 26.145797729492188 -42.818275451660156 7.299999237060547
    endloop
  endfacet
  facet normal 0 0 -1
    outer loop
      vertex 25.21894645690918 -52.08075714111328 7.299999237060547
      vertex 25.673294067382812 -42.977027893066406 7.299999237060547
      vertex 25.673294067382812 -52.2857666015625 7.299999237060547
    endloop
  endfacet
  facet normal 0 0 -1
    outer loop
      vertex 25.21894645690918 -52.08075714111328 7.299999237060547
      vertex 25.21894645690918 -43.182037353515625 7.299999237060547
      vertex 25.673294067382812 -42.977027893066406 7.299999237060547
    endloop
  endfacet
  facet normal 0 0 -1
    outer loop
      vertex 24.787269592285156 -51.83152770996094 7.299999237060547
      vertex 25.21894645690918 -43.182037353515625 7.299999237060547
      vertex 25.21894645690918 -52.08075714111328 7.299999237060547
    endloop
  endfacet
  facet normal 0 0 -1
    outer loop
      vertex 24.787269592285156 -51.83152770996094 7.299999237060547
      vertex 24.787269592285156 -43.43126678466797 7.299999237060547
      vertex 25.21894645690918 -43.182037353515625 7.299999237060547
    endloop
  endfacet
  facet normal 0 0 -1
    outer loop
      vertex 24.382549285888672 -51.54055404663086 7.299999237060547
      vertex 24.787269592285156 -43.43126678466797 7.299999237060547
      vertex 24.787269592285156 -51.83152770996094 7.299999237060547
    endloop
  endfacet
  facet normal 0 0 -1
    outer loop
      vertex 24.382549285888672 -51.54055404663086 7.299999237060547
      vertex 24.382549285888672 -43.72224044799805 7.299999237060547
      vertex 24.787269592285156 -43.43126678466797 7.299999237060547
    endloop
  endfacet
  facet normal 0 0 -1
    outer loop
      vertex 24.00881576538086 -51.210731506347656 7.299999237060547
      vertex 24.382549285888672 -43.72224044799805 7.299999237060547
      vertex 24.382549285888672 -51.54055404663086 7.299999237060547
    endloop
  endfacet
  facet normal 0 0 -1
    outer loop
      vertex 24.00881576538086 -51.210731506347656 7.299999237060547
      vertex 24.00881576538086 -44.05206298828125 7.299999237060547
      vertex 24.382549285888672 -43.72224044799805 7.299999237060547
    endloop
  endfacet
  facet normal 0 0 -1
    outer loop
      vertex 23.669776916503906 -50.8453369140625 7.299999237060547
      vertex 24.00881576538086 -44.05206298828125 7.299999237060547
      vertex 24.00881576538086 -51.210731506347656 7.299999237060547
    endloop
  endfacet
  facet normal 0 0 -1
    outer loop
      vertex 23.669776916503906 -50.8453369140625 7.299999237060547
      vertex 23.669776916503906 -44.417457580566406 7.299999237060547
      vertex 24.00881576538086 -44.05206298828125 7.299999237060547
    endloop
  endfacet
  facet normal 0 0 -1
    outer loop
      vertex 23.368804931640625 -50.447998046875 7.299999237060547
      vertex 23.669776916503906 -44.417457580566406 7.299999237060547
      vertex 23.669776916503906 -50.8453369140625 7.299999237060547
    endloop
  endfacet
  facet normal 0 0 -1
    outer loop
      vertex 23.368804931640625 -50.447998046875 7.299999237060547
      vertex 23.368804931640625 -44.814796447753906 7.299999237060547
      vertex 23.669776916503906 -44.417457580566406 7.299999237060547
    endloop
  endfacet
  facet normal 0 0 -1
    outer loop
      vertex 23.108890533447266 -50.022666931152344 7.299999237060547
      vertex 23.368804931640625 -44.814796447753906 7.299999237060547
      vertex 23.368804931640625 -50.447998046875 7.299999237060547
    endloop
  endfacet
  facet normal 0 0 -1
    outer loop
      vertex 23.108890533447266 -50.022666931152344 7.299999237060547
      vertex 23.108890533447266 -45.24012756347656 7.299999237060547
      vertex 23.368804931640625 -44.814796447753906 7.299999237060547
    endloop
  endfacet
  facet normal 0 0 -1
    outer loop
      vertex 22.89261817932129 -49.573570251464844 7.299999237060547
      vertex 23.108890533447266 -45.24012756347656 7.299999237060547
      vertex 23.108890533447266 -50.022666931152344 7.299999237060547
    endloop
  endfacet
  facet normal 0 0 -1
    outer loop
      vertex 22.89261817932129 -49.573570251464844 7.299999237060547
      vertex 22.89261817932129 -45.68922424316406 7.299999237060547
      vertex 23.108890533447266 -45.24012756347656 7.299999237060547
    endloop
  endfacet
  facet normal 0 0 -1
    outer loop
      vertex 22.722135543823242 -49.10517120361328 7.299999237060547
      vertex 22.89261817932129 -45.68922424316406 7.299999237060547
      vertex 22.89261817932129 -49.573570251464844 7.299999237060547
    endloop
  endfacet
  facet normal 0 0 -1
    outer loop
      vertex 22.722135543823242 -49.10517120361328 7.299999237060547
      vertex 22.722135543823242 -46.15761947631836 7.299999237060547
      vertex 22.89261817932129 -45.68922424316406 7.299999237060547
    endloop
  endfacet
  facet normal 0 0 -1
    outer loop
      vertex 22.599136352539062 -48.622127532958984 7.299999237060547
      vertex 22.722135543823242 -46.15761947631836 7.299999237060547
      vertex 22.722135543823242 -49.10517120361328 7.299999237060547
    endloop
  endfacet
  facet normal 0 0 -1
    outer loop
      vertex 22.599136352539062 -48.622127532958984 7.299999237060547
      vertex 22.599136352539062 -46.64066696166992 7.299999237060547
      vertex 22.722135543823242 -46.15761947631836 7.299999237060547
    endloop
  endfacet
  facet normal 0 0 -1
    outer loop
      vertex 22.524845123291016 -48.129234313964844 7.299999237060547
      vertex 22.599136352539062 -46.64066696166992 7.299999237060547
      vertex 22.599136352539062 -48.622127532958984 7.299999237060547
    endloop
  endfacet
  facet normal 0 0 -1
    outer loop
      vertex 22.524845123291016 -48.129234313964844 7.299999237060547
      vertex 22.524845123291016 -47.1335563659668 7.299999237060547
      vertex 22.599136352539062 -46.64066696166992 7.299999237060547
    endloop
  endfacet
  facet normal 0 0 -1
    outer loop
      vertex 22.524845123291016 -47.1335563659668 7.299999237060547
      vertex 22.524845123291016 -48.129234313964844 7.299999237060547
      vertex 22.5 -47.63139724731445 7.299999237060547
    endloop
  endfacet
  facet normal 0.8870122890993691 0.46174581642576595 0
    outer loop
      vertex 61.344154357910156 2.958327293395996 7.899999618530273
      vertex 61.06217956542969 3.5 0
      vertex 61.06217956542969 3.5 7.899999618530273
    endloop
  endfacet
  facet normal 0.8870122890993691 0.46174581642576595 0
    outer loop
      vertex 61.06217956542969 3.5 0
      vertex 61.344154357910156 2.958327293395996 7.899999618530273
      vertex 61.344154357910156 2.958327293395996 0
    endloop
  endfacet
  facet normal 0.8433879558589209 -0.5373050864379668 0
    outer loop
      vertex 33.23406219482422 -51.64643096923828 7.899999618530273
      vertex 33.56217956542969 -51.13139724731445 0
      vertex 33.56217956542969 -51.13139724731445 7.899999618530273
    endloop
  endfacet
  facet normal 0.8433879558589209 -0.5373050864379668 0
    outer loop
      vertex 33.56217956542969 -51.13139724731445 0
      vertex 33.23406219482422 -51.64643096923828 7.899999618530273
      vertex 33.23406219482422 -51.64643096923828 0
    endloop
  endfacet
  facet normal -0.04362101927551812 0.999048150329785 0
    outer loop
      vertex -27.5 54.63139724731445 0
      vertex -28.110088348388672 54.604759216308594 7.899999618530273
      vertex -27.5 54.63139724731445 7.899999618530273
    endloop
  endfacet
  facet normal -0.04362101927551812 0.999048150329785 0
    outer loop
      vertex -28.110088348388672 54.604759216308594 7.899999618530273
      vertex -27.5 54.63139724731445 0
      vertex -28.110088348388672 54.604759216308594 0
    endloop
  endfacet
  facet normal 0.46175137090330803 0.8870093976215334 0
    outer loop
      vertex 31 53.693572998046875 0
      vertex 30.458328247070312 53.97555160522461 7.899999618530273
      vertex 31 53.693572998046875 7.899999618530273
    endloop
  endfacet
  facet normal 0.46175137090330803 0.8870093976215334 0
    outer loop
      vertex 30.458328247070312 53.97555160522461 7.899999618530273
      vertex 31 53.693572998046875 0
      vertex 30.458328247070312 53.97555160522461 0
    endloop
  endfacet
  facet normal -0.130524803568642 0.9914450441922475 0
    outer loop
      vertex -28.110088348388672 54.604759216308594 0
      vertex -28.715538024902344 54.52505111694336 7.899999618530273
      vertex -28.110088348388672 54.604759216308594 7.899999618530273
    endloop
  endfacet
  facet normal -0.130524803568642 0.9914450441922475 0
    outer loop
      vertex -28.715538024902344 54.52505111694336 7.899999618530273
      vertex -28.110088348388672 54.604759216308594 0
      vertex -28.715538024902344 54.52505111694336 0
    endloop
  endfacet
  facet normal 0.9762966572816569 0.21643668122724274 0
    outer loop
      vertex 61.893653869628906 1.2155370712280273 7.899999618530273
      vertex 61.76148223876953 1.8117332458496094 0
      vertex 61.76148223876953 1.8117332458496094 7.899999618530273
    endloop
  endfacet
  facet normal 0.9762966572816569 0.21643668122724274 0
    outer loop
      vertex 61.76148223876953 1.8117332458496094 0
      vertex 61.893653869628906 1.2155370712280273 7.899999618530273
      vertex 61.893653869628906 1.2155370712280273 0
    endloop
  endfacet
  facet normal 0.04362101927551812 0.999048150329785 0
    outer loop
      vertex 28.110088348388672 54.604759216308594 0
      vertex 27.5 54.63139724731445 7.899999618530273
      vertex 28.110088348388672 54.604759216308594 7.899999618530273
    endloop
  endfacet
  facet normal 0.04362101927551812 0.999048150329785 0
    outer loop
      vertex 27.5 54.63139724731445 7.899999618530273
      vertex 28.110088348388672 54.604759216308594 0
      vertex 27.5 54.63139724731445 0
    endloop
  endfacet
  facet normal 0 -1 0
    outer loop
      vertex -27.5 -54.63139724731445 0
      vertex 27.5 -54.63139724731445 7.899999618530273
      vertex -27.5 -54.63139724731445 7.899999618530273
    endloop
  endfacet
  facet normal 0 -1 0
    outer loop
      vertex 27.5 -54.63139724731445 7.899999618530273
      vertex -27.5 -54.63139724731445 0
      vertex 27.5 -54.63139724731445 0
    endloop
  endfacet
  facet normal 0.30070531686997 -0.9537171029221038 0
    outer loop
      vertex 29.31173324584961 -54.39287567138672 0
      vertex 29.894140243530273 -54.20924377441406 7.899999618530273
      vertex 29.31173324584961 -54.39287567138672 7.899999618530273
    endloop
  endfacet
  facet normal 0.30070531686997 -0.9537171029221038 0
    outer loop
      vertex 29.894140243530273 -54.20924377441406 7.899999618530273
      vertex 29.31173324584961 -54.39287567138672 0
      vertex 29.894140243530273 -54.20924377441406 0
    endloop
  endfacet
  facet normal -0.21644296531974033 -0.976295264130477 0
    outer loop
      vertex -29.31173324584961 -54.39287567138672 0
      vertex -28.715538024902344 -54.52505111694336 7.899999618530273
      vertex -29.31173324584961 -54.39287567138672 7.899999618530273
    endloop
  endfacet
  facet normal -0.21644296531974033 -0.976295264130477 0
    outer loop
      vertex -28.715538024902344 -54.52505111694336 7.899999618530273
      vertex -29.31173324584961 -54.39287567138672 0
      vertex -28.715538024902344 -54.52505111694336 0
    endloop
  endfacet
  facet normal 0 1 0
    outer loop
      vertex 27.5 54.63139724731445 0
      vertex -27.5 54.63139724731445 7.899999618530273
      vertex 27.5 54.63139724731445 7.899999618530273
    endloop
  endfacet
  facet normal 0 1 0
    outer loop
      vertex -27.5 54.63139724731445 7.899999618530273
      vertex 27.5 54.63139724731445 0
      vertex -27.5 54.63139724731445 0
    endloop
  endfacet
  facet normal 0.21644296531974033 0.976295264130477 0
    outer loop
      vertex 29.31173324584961 54.39287567138672 0
      vertex 28.715538024902344 54.52505111694336 7.899999618530273
      vertex 29.31173324584961 54.39287567138672 7.899999618530273
    endloop
  endfacet
  facet normal 0.21644296531974033 0.976295264130477 0
    outer loop
      vertex 28.715538024902344 54.52505111694336 7.899999618530273
      vertex 29.31173324584961 54.39287567138672 0
      vertex 28.715538024902344 54.52505111694336 0
    endloop
  endfacet
  facet normal 0.9990481533013443 0.04362095121812208 0
    outer loop
      vertex 62 0 7.899999618530273
      vertex 61.97336196899414 0.6100893020629883 0
      vertex 61.97336196899414 0.6100893020629883 7.899999618530273
    endloop
  endfacet
  facet normal 0.9990481533013443 0.04362095121812208 0
    outer loop
      vertex 61.97336196899414 0.6100893020629883 0
      vertex 62 0 7.899999618530273
      vertex 62 0 0
    endloop
  endfacet
  facet normal 0.8870122890993691 -0.46174581642576595 0
    outer loop
      vertex 61.06217956542969 -3.5 7.899999618530273
      vertex 61.344154357910156 -2.958327293395996 0
      vertex 61.344154357910156 -2.958327293395996 7.899999618530273
    endloop
  endfacet
  facet normal 0.8870122890993691 -0.46174581642576595 0
    outer loop
      vertex 61.344154357910156 -2.958327293395996 0
      vertex 61.06217956542969 -3.5 7.899999618530273
      vertex 61.06217956542969 -3.5 0
    endloop
  endfacet
  facet normal 0.8660254039624856 0.49999999969161363 0
    outer loop
      vertex 61.06217956542969 3.5 7.899999618530273
      vertex 33.56217956542969 51.13139724731445 0
      vertex 33.56217956542969 51.13139724731445 7.899999618530273
    endloop
  endfacet
  facet normal 0.8660254039624856 0.49999999969161363 0
    outer loop
      vertex 33.56217956542969 51.13139724731445 0
      vertex 61.06217956542969 3.5 7.899999618530273
      vertex 61.06217956542969 3.5 0
    endloop
  endfacet
  facet normal 0.3826804222082353 0.9238807793533356 0
    outer loop
      vertex 30.458328247070312 53.97555160522461 0
      vertex 29.894140243530273 54.20924377441406 7.899999618530273
      vertex 30.458328247070312 53.97555160522461 7.899999618530273
    endloop
  endfacet
  facet normal 0.3826804222082353 0.9238807793533356 0
    outer loop
      vertex 29.894140243530273 54.20924377441406 7.899999618530273
      vertex 30.458328247070312 53.97555160522461 0
      vertex 29.894140243530273 54.20924377441406 0
    endloop
  endfacet
  facet normal -0.30070531686997 0.9537171029221038 0
    outer loop
      vertex -29.31173324584961 54.39287567138672 0
      vertex -29.894140243530273 54.20924377441406 7.899999618530273
      vertex -29.31173324584961 54.39287567138672 7.899999618530273
    endloop
  endfacet
  facet normal -0.30070531686997 0.9537171029221038 0
    outer loop
      vertex -29.894140243530273 54.20924377441406 7.899999618530273
      vertex -29.31173324584961 54.39287567138672 0
      vertex -29.894140243530273 54.20924377441406 0
    endloop
  endfacet
  facet normal -0.8660254039624856 -0.49999999969161363 0
    outer loop
      vertex -33.56217956542969 -51.13139724731445 0
      vertex -61.06217956542969 -3.5 7.899999618530273
      vertex -61.06217956542969 -3.5 0
    endloop
  endfacet
  facet normal -0.8660254039624856 -0.49999999969161363 0
    outer loop
      vertex -61.06217956542969 -3.5 7.899999618530273
      vertex -33.56217956542969 -51.13139724731445 0
      vertex -33.56217956542969 -51.13139724731445 7.899999618530273
    endloop
  endfacet
  facet normal -0.9990481533013443 0.04362095121812208 0
    outer loop
      vertex -62 0 0
      vertex -61.97336196899414 0.6100893020629883 7.899999618530273
      vertex -61.97336196899414 0.6100893020629883 0
    endloop
  endfacet
  facet normal -0.9990481533013443 0.04362095121812208 0
    outer loop
      vertex -61.97336196899414 0.6100893020629883 7.899999618530273
      vertex -62 0 0
      vertex -62 0 7.899999618530273
    endloop
  endfacet
  facet normal -0.46175137090330803 -0.8870093976215334 0
    outer loop
      vertex -31 -53.693572998046875 0
      vertex -30.458328247070312 -53.97555160522461 7.899999618530273
      vertex -31 -53.693572998046875 7.899999618530273
    endloop
  endfacet
  facet normal -0.46175137090330803 -0.8870093976215334 0
    outer loop
      vertex -30.458328247070312 -53.97555160522461 7.899999618530273
      vertex -31 -53.693572998046875 0
      vertex -30.458328247070312 -53.97555160522461 0
    endloop
  endfacet
  facet normal -0.8870122890993691 -0.46174581642576595 0
    outer loop
      vertex -61.06217956542969 -3.5 0
      vertex -61.344154357910156 -2.958327293395996 7.899999618530273
      vertex -61.344154357910156 -2.958327293395996 0
    endloop
  endfacet
  facet normal -0.8870122890993691 -0.46174581642576595 0
    outer loop
      vertex -61.344154357910156 -2.958327293395996 7.899999618530273
      vertex -61.06217956542969 -3.5 0
      vertex -61.06217956542969 -3.5 7.899999618530273
    endloop
  endfacet
  facet normal -0.9238805506536328 -0.3826809743427809 0
    outer loop
      vertex -61.344154357910156 -2.958327293395996 0
      vertex -61.57784652709961 -2.3941402435302734 7.899999618530273
      vertex -61.57784652709961 -2.3941402435302734 0
    endloop
  endfacet
  facet normal -0.9238805506536328 -0.3826809743427809 0
    outer loop
      vertex -61.57784652709961 -2.3941402435302734 7.899999618530273
      vertex -61.344154357910156 -2.958327293395996 0
      vertex -61.344154357910156 -2.958327293395996 7.899999618530273
    endloop
  endfacet
  facet normal -0.46175137090330803 0.8870093976215334 0
    outer loop
      vertex -30.458328247070312 53.97555160522461 0
      vertex -31 53.693572998046875 7.899999618530273
      vertex -30.458328247070312 53.97555160522461 7.899999618530273
    endloop
  endfacet
  facet normal -0.46175137090330803 0.8870093976215334 0
    outer loop
      vertex -31 53.693572998046875 7.899999618530273
      vertex -30.458328247070312 53.97555160522461 0
      vertex -31 53.693572998046875 0
    endloop
  endfacet
  facet normal -0.30070531686997 -0.9537171029221038 0
    outer loop
      vertex -29.894140243530273 -54.20924377441406 0
      vertex -29.31173324584961 -54.39287567138672 7.899999618530273
      vertex -29.894140243530273 -54.20924377441406 7.899999618530273
    endloop
  endfacet
  facet normal -0.30070531686997 -0.9537171029221038 0
    outer loop
      vertex -29.31173324584961 -54.39287567138672 7.899999618530273
      vertex -29.894140243530273 -54.20924377441406 0
      vertex -29.31173324584961 -54.39287567138672 0
    endloop
  endfacet
  facet normal -0.8433879558589209 -0.5373050864379668 0
    outer loop
      vertex -33.23406219482422 -51.64643096923828 0
      vertex -33.56217956542969 -51.13139724731445 7.899999618530273
      vertex -33.56217956542969 -51.13139724731445 0
    endloop
  endfacet
  facet normal -0.8433879558589209 -0.5373050864379668 0
    outer loop
      vertex -33.56217956542969 -51.13139724731445 7.899999618530273
      vertex -33.23406219482422 -51.64643096923828 0
      vertex -33.23406219482422 -51.64643096923828 7.899999618530273
    endloop
  endfacet
  facet normal -0.5372961997288411 -0.8433936173323493 0
    outer loop
      vertex -31.515033721923828 -53.36546325683594 0
      vertex -31 -53.693572998046875 7.899999618530273
      vertex -31.515033721923828 -53.36546325683594 7.899999618530273
    endloop
  endfacet
  facet normal -0.5372961997288411 -0.8433936173323493 0
    outer loop
      vertex -31 -53.693572998046875 7.899999618530273
      vertex -31.515033721923828 -53.36546325683594 0
      vertex -31 -53.693572998046875 0
    endloop
  endfacet
  facet normal -0.8660254039624856 0.49999999969161363 0
    outer loop
      vertex -61.06217956542969 3.5 0
      vertex -33.56217956542969 51.13139724731445 7.899999618530273
      vertex -33.56217956542969 51.13139724731445 0
    endloop
  endfacet
  facet normal -0.8660254039624856 0.49999999969161363 0
    outer loop
      vertex -33.56217956542969 51.13139724731445 7.899999618530273
      vertex -61.06217956542969 3.5 0
      vertex -61.06217956542969 3.5 7.899999618530273
    endloop
  endfacet
  facet normal 0.7933558427050131 0.6087581677857132 0
    outer loop
      vertex 33.23406219482422 51.64643096923828 7.899999618530273
      vertex 32.86231231689453 52.13090896606445 0
      vertex 32.86231231689453 52.13090896606445 7.899999618530273
    endloop
  endfacet
  facet normal 0.7933558427050131 0.6087581677857132 0
    outer loop
      vertex 32.86231231689453 52.13090896606445 0
      vertex 33.23406219482422 51.64643096923828 7.899999618530273
      vertex 33.23406219482422 51.64643096923828 0
    endloop
  endfacet
  facet normal -0.130524803568642 -0.9914450441922475 0
    outer loop
      vertex -28.715538024902344 -54.52505111694336 0
      vertex -28.110088348388672 -54.604759216308594 7.899999618530273
      vertex -28.715538024902344 -54.52505111694336 7.899999618530273
    endloop
  endfacet
  facet normal -0.130524803568642 -0.9914450441922475 0
    outer loop
      vertex -28.110088348388672 -54.604759216308594 7.899999618530273
      vertex -28.715538024902344 -54.52505111694336 0
      vertex -28.110088348388672 -54.604759216308594 0
    endloop
  endfacet
  facet normal 0.8660254039624856 -0.49999999969161363 0
    outer loop
      vertex 33.56217956542969 -51.13139724731445 7.899999618530273
      vertex 61.06217956542969 -3.5 0
      vertex 61.06217956542969 -3.5 7.899999618530273
    endloop
  endfacet
  facet normal 0.8660254039624856 -0.49999999969161363 0
    outer loop
      vertex 61.06217956542969 -3.5 0
      vertex 33.56217956542969 -51.13139724731445 7.899999618530273
      vertex 33.56217956542969 -51.13139724731445 0
    endloop
  endfacet
  facet normal 0.30070531686997 0.9537171029221038 0
    outer loop
      vertex 29.894140243530273 54.20924377441406 0
      vertex 29.31173324584961 54.39287567138672 7.899999618530273
      vertex 29.894140243530273 54.20924377441406 7.899999618530273
    endloop
  endfacet
  facet normal 0.30070531686997 0.9537171029221038 0
    outer loop
      vertex 29.31173324584961 54.39287567138672 7.899999618530273
      vertex 29.894140243530273 54.20924377441406 0
      vertex 29.31173324584961 54.39287567138672 0
    endloop
  endfacet
  facet normal 0.9537153114212081 -0.300710998735909 0
    outer loop
      vertex 61.57784652709961 -2.3941402435302734 7.899999618530273
      vertex 61.76148223876953 -1.8117332458496094 0
      vertex 61.76148223876953 -1.8117332458496094 7.899999618530273
    endloop
  endfacet
  facet normal 0.9537153114212081 -0.300710998735909 0
    outer loop
      vertex 61.76148223876953 -1.8117332458496094 0
      vertex 61.57784652709961 -2.3941402435302734 7.899999618530273
      vertex 61.57784652709961 -2.3941402435302734 0
    endloop
  endfacet
  facet normal -0.7372767751169436 -0.6755908205956915 0
    outer loop
      vertex -32.449745178222656 -52.581146240234375 0
      vertex -32.86231231689453 -52.13090896606445 7.899999618530273
      vertex -32.86231231689453 -52.13090896606445 0
    endloop
  endfacet
  facet normal -0.7372767751169436 -0.6755908205956915 0
    outer loop
      vertex -32.86231231689453 -52.13090896606445 7.899999618530273
      vertex -32.449745178222656 -52.581146240234375 0
      vertex -32.449745178222656 -52.581146240234375 7.899999618530273
    endloop
  endfacet
  facet normal -0.3826804222082353 0.9238807793533356 0
    outer loop
      vertex -29.894140243530273 54.20924377441406 0
      vertex -30.458328247070312 53.97555160522461 7.899999618530273
      vertex -29.894140243530273 54.20924377441406 7.899999618530273
    endloop
  endfacet
  facet normal -0.3826804222082353 0.9238807793533356 0
    outer loop
      vertex -30.458328247070312 53.97555160522461 7.899999618530273
      vertex -29.894140243530273 54.20924377441406 0
      vertex -30.458328247070312 53.97555160522461 0
    endloop
  endfacet
  facet normal 0.6087660312720181 -0.7933498088291925 0
    outer loop
      vertex 31.515033721923828 -53.36546325683594 0
      vertex 31.99951171875 -52.99370574951172 7.899999618530273
      vertex 31.515033721923828 -53.36546325683594 7.899999618530273
    endloop
  endfacet
  facet normal 0.6087660312720181 -0.7933498088291925 0
    outer loop
      vertex 31.99951171875 -52.99370574951172 7.899999618530273
      vertex 31.515033721923828 -53.36546325683594 0
      vertex 31.99951171875 -52.99370574951172 0
    endloop
  endfacet
  facet normal -0.8433879558589209 0.5373050864379668 0
    outer loop
      vertex -33.56217956542969 51.13139724731445 0
      vertex -33.23406219482422 51.64643096923828 7.899999618530273
      vertex -33.23406219482422 51.64643096923828 0
    endloop
  endfacet
  facet normal -0.8433879558589209 0.5373050864379668 0
    outer loop
      vertex -33.23406219482422 51.64643096923828 7.899999618530273
      vertex -33.56217956542969 51.13139724731445 0
      vertex -33.56217956542969 51.13139724731445 7.899999618530273
    endloop
  endfacet
  facet normal -0.3826804222082353 -0.9238807793533356 0
    outer loop
      vertex -30.458328247070312 -53.97555160522461 0
      vertex -29.894140243530273 -54.20924377441406 7.899999618530273
      vertex -30.458328247070312 -53.97555160522461 7.899999618530273
    endloop
  endfacet
  facet normal -0.3826804222082353 -0.9238807793533356 0
    outer loop
      vertex -29.894140243530273 -54.20924377441406 7.899999618530273
      vertex -30.458328247070312 -53.97555160522461 0
      vertex -29.894140243530273 -54.20924377441406 0
    endloop
  endfacet
  facet normal 0.9238805506536328 -0.3826809743427809 0
    outer loop
      vertex 61.344154357910156 -2.958327293395996 7.899999618530273
      vertex 61.57784652709961 -2.3941402435302734 0
      vertex 61.57784652709961 -2.3941402435302734 7.899999618530273
    endloop
  endfacet
  facet normal 0.9238805506536328 -0.3826809743427809 0
    outer loop
      vertex 61.57784652709961 -2.3941402435302734 0
      vertex 61.344154357910156 -2.958327293395996 7.899999618530273
      vertex 61.344154357910156 -2.958327293395996 0
    endloop
  endfacet
  facet normal -0.8870122890993691 0.46174581642576595 0
    outer loop
      vertex -61.344154357910156 2.958327293395996 0
      vertex -61.06217956542969 3.5 7.899999618530273
      vertex -61.06217956542969 3.5 0
    endloop
  endfacet
  facet normal -0.8870122890993691 0.46174581642576595 0
    outer loop
      vertex -61.06217956542969 3.5 7.899999618530273
      vertex -61.344154357910156 2.958327293395996 0
      vertex -61.344154357910156 2.958327293395996 7.899999618530273
    endloop
  endfacet
  facet normal -0.6087660312720181 0.7933498088291925 0
    outer loop
      vertex -31.515033721923828 53.36546325683594 0
      vertex -31.99951171875 52.99370574951172 7.899999618530273
      vertex -31.515033721923828 53.36546325683594 7.899999618530273
    endloop
  endfacet
  facet normal -0.6087660312720181 0.7933498088291925 0
    outer loop
      vertex -31.99951171875 52.99370574951172 7.899999618530273
      vertex -31.515033721923828 53.36546325683594 0
      vertex -31.99951171875 52.99370574951172 0
    endloop
  endfacet
  facet normal -0.9762966572816569 0.21643668122724274 0
    outer loop
      vertex -61.893653869628906 1.2155370712280273 0
      vertex -61.76148223876953 1.8117332458496094 7.899999618530273
      vertex -61.76148223876953 1.8117332458496094 0
    endloop
  endfacet
  facet normal -0.9762966572816569 0.21643668122724274 0
    outer loop
      vertex -61.76148223876953 1.8117332458496094 7.899999618530273
      vertex -61.893653869628906 1.2155370712280273 0
      vertex -61.893653869628906 1.2155370712280273 7.899999618530273
    endloop
  endfacet
  facet normal 0.8433879558589209 0.5373050864379668 0
    outer loop
      vertex 33.56217956542969 51.13139724731445 7.899999618530273
      vertex 33.23406219482422 51.64643096923828 0
      vertex 33.23406219482422 51.64643096923828 7.899999618530273
    endloop
  endfacet
  facet normal 0.8433879558589209 0.5373050864379668 0
    outer loop
      vertex 33.23406219482422 51.64643096923828 0
      vertex 33.56217956542969 51.13139724731445 7.899999618530273
      vertex 33.56217956542969 51.13139724731445 0
    endloop
  endfacet
  facet normal 0.9537153114212081 0.300710998735909 0
    outer loop
      vertex 61.76148223876953 1.8117332458496094 7.899999618530273
      vertex 61.57784652709961 2.3941402435302734 0
      vertex 61.57784652709961 2.3941402435302734 7.899999618530273
    endloop
  endfacet
  facet normal 0.9537153114212081 0.300710998735909 0
    outer loop
      vertex 61.57784652709961 2.3941402435302734 0
      vertex 61.76148223876953 1.8117332458496094 7.899999618530273
      vertex 61.76148223876953 1.8117332458496094 0
    endloop
  endfacet
  facet normal 0.46175137090330803 -0.8870093976215334 0
    outer loop
      vertex 30.458328247070312 -53.97555160522461 0
      vertex 31 -53.693572998046875 7.899999618530273
      vertex 30.458328247070312 -53.97555160522461 7.899999618530273
    endloop
  endfacet
  facet normal 0.46175137090330803 -0.8870093976215334 0
    outer loop
      vertex 31 -53.693572998046875 7.899999618530273
      vertex 30.458328247070312 -53.97555160522461 0
      vertex 31 -53.693572998046875 0
    endloop
  endfacet
  facet normal -0.9914449909803443 0.1305252077569113 0
    outer loop
      vertex -61.97336196899414 0.6100893020629883 0
      vertex -61.893653869628906 1.2155370712280273 7.899999618530273
      vertex -61.893653869628906 1.2155370712280273 0
    endloop
  endfacet
  facet normal -0.9914449909803443 0.1305252077569113 0
    outer loop
      vertex -61.893653869628906 1.2155370712280273 7.899999618530273
      vertex -61.97336196899414 0.6100893020629883 0
      vertex -61.97336196899414 0.6100893020629883 7.899999618530273
    endloop
  endfacet
  facet normal -0.9990481533013443 -0.04362095121812208 0
    outer loop
      vertex -61.97336196899414 -0.6100893020629883 0
      vertex -62 0 7.899999618530273
      vertex -62 0 0
    endloop
  endfacet
  facet normal -0.9990481533013443 -0.04362095121812208 0
    outer loop
      vertex -62 0 7.899999618530273
      vertex -61.97336196899414 -0.6100893020629883 0
      vertex -61.97336196899414 -0.6100893020629883 7.899999618530273
    endloop
  endfacet
  facet normal -0.5372961997288411 0.8433936173323493 0
    outer loop
      vertex -31 53.693572998046875 0
      vertex -31.515033721923828 53.36546325683594 7.899999618530273
      vertex -31 53.693572998046875 7.899999618530273
    endloop
  endfacet
  facet normal -0.5372961997288411 0.8433936173323493 0
    outer loop
      vertex -31.515033721923828 53.36546325683594 7.899999618530273
      vertex -31 53.693572998046875 0
      vertex -31.515033721923828 53.36546325683594 0
    endloop
  endfacet
  facet normal 0.7372767751169436 0.6755908205956915 0
    outer loop
      vertex 32.86231231689453 52.13090896606445 7.899999618530273
      vertex 32.449745178222656 52.581146240234375 0
      vertex 32.449745178222656 52.581146240234375 7.899999618530273
    endloop
  endfacet
  facet normal 0.7372767751169436 0.6755908205956915 0
    outer loop
      vertex 32.449745178222656 52.581146240234375 0
      vertex 32.86231231689453 52.13090896606445 7.899999618530273
      vertex 32.86231231689453 52.13090896606445 0
    endloop
  endfacet
  facet normal -0.21644296531974033 0.976295264130477 0
    outer loop
      vertex -28.715538024902344 54.52505111694336 0
      vertex -29.31173324584961 54.39287567138672 7.899999618530273
      vertex -28.715538024902344 54.52505111694336 7.899999618530273
    endloop
  endfacet
  facet normal -0.21644296531974033 0.976295264130477 0
    outer loop
      vertex -29.31173324584961 54.39287567138672 7.899999618530273
      vertex -28.715538024902344 54.52505111694336 0
      vertex -29.31173324584961 54.39287567138672 0
    endloop
  endfacet
  facet normal 0.3826804222082353 -0.9238807793533356 0
    outer loop
      vertex 29.894140243530273 -54.20924377441406 0
      vertex 30.458328247070312 -53.97555160522461 7.899999618530273
      vertex 29.894140243530273 -54.20924377441406 7.899999618530273
    endloop
  endfacet
  facet normal 0.3826804222082353 -0.9238807793533356 0
    outer loop
      vertex 30.458328247070312 -53.97555160522461 7.899999618530273
      vertex 29.894140243530273 -54.20924377441406 0
      vertex 30.458328247070312 -53.97555160522461 0
    endloop
  endfacet
  facet normal 0.5372961997288411 0.8433936173323493 0
    outer loop
      vertex 31.515033721923828 53.36546325683594 0
      vertex 31 53.693572998046875 7.899999618530273
      vertex 31.515033721923828 53.36546325683594 7.899999618530273
    endloop
  endfacet
  facet normal 0.5372961997288411 0.8433936173323493 0
    outer loop
      vertex 31 53.693572998046875 7.899999618530273
      vertex 31.515033721923828 53.36546325683594 0
      vertex 31 53.693572998046875 0
    endloop
  endfacet
  facet normal 0.9914449909803443 0.1305252077569113 0
    outer loop
      vertex 61.97336196899414 0.6100893020629883 7.899999618530273
      vertex 61.893653869628906 1.2155370712280273 0
      vertex 61.893653869628906 1.2155370712280273 7.899999618530273
    endloop
  endfacet
  facet normal 0.9914449909803443 0.1305252077569113 0
    outer loop
      vertex 61.893653869628906 1.2155370712280273 0
      vertex 61.97336196899414 0.6100893020629883 7.899999618530273
      vertex 61.97336196899414 0.6100893020629883 0
    endloop
  endfacet
  facet normal -0.9537153114212081 -0.300710998735909 0
    outer loop
      vertex -61.57784652709961 -2.3941402435302734 0
      vertex -61.76148223876953 -1.8117332458496094 7.899999618530273
      vertex -61.76148223876953 -1.8117332458496094 0
    endloop
  endfacet
  facet normal -0.9537153114212081 -0.300710998735909 0
    outer loop
      vertex -61.76148223876953 -1.8117332458496094 7.899999618530273
      vertex -61.57784652709961 -2.3941402435302734 0
      vertex -61.57784652709961 -2.3941402435302734 7.899999618530273
    endloop
  endfacet
  facet normal 0.9914449909803443 -0.1305252077569113 0
    outer loop
      vertex 61.893653869628906 -1.2155370712280273 7.899999618530273
      vertex 61.97336196899414 -0.6100893020629883 0
      vertex 61.97336196899414 -0.6100893020629883 7.899999618530273
    endloop
  endfacet
  facet normal 0.9914449909803443 -0.1305252077569113 0
    outer loop
      vertex 61.97336196899414 -0.6100893020629883 0
      vertex 61.893653869628906 -1.2155370712280273 7.899999618530273
      vertex 61.893653869628906 -1.2155370712280273 0
    endloop
  endfacet
  facet normal -0.6755871408914108 0.7372801469334226 0
    outer loop
      vertex -31.99951171875 52.99370574951172 0
      vertex -32.449745178222656 52.581146240234375 7.899999618530273
      vertex -31.99951171875 52.99370574951172 7.899999618530273
    endloop
  endfacet
  facet normal -0.6755871408914108 0.7372801469334226 0
    outer loop
      vertex -32.449745178222656 52.581146240234375 7.899999618530273
      vertex -31.99951171875 52.99370574951172 0
      vertex -32.449745178222656 52.581146240234375 0
    endloop
  endfacet
  facet normal 0.9990481533013443 -0.04362095121812208 0
    outer loop
      vertex 61.97336196899414 -0.6100893020629883 7.899999618530273
      vertex 62 0 0
      vertex 62 0 7.899999618530273
    endloop
  endfacet
  facet normal 0.9990481533013443 -0.04362095121812208 0
    outer loop
      vertex 62 0 0
      vertex 61.97336196899414 -0.6100893020629883 7.899999618530273
      vertex 61.97336196899414 -0.6100893020629883 0
    endloop
  endfacet
  facet normal -0.9762966572816569 -0.21643668122724274 0
    outer loop
      vertex -61.76148223876953 -1.8117332458496094 0
      vertex -61.893653869628906 -1.2155370712280273 7.899999618530273
      vertex -61.893653869628906 -1.2155370712280273 0
    endloop
  endfacet
  facet normal -0.9762966572816569 -0.21643668122724274 0
    outer loop
      vertex -61.893653869628906 -1.2155370712280273 7.899999618530273
      vertex -61.76148223876953 -1.8117332458496094 0
      vertex -61.76148223876953 -1.8117332458496094 7.899999618530273
    endloop
  endfacet
  facet normal 0.130524803568642 -0.9914450441922475 0
    outer loop
      vertex 28.110088348388672 -54.604759216308594 0
      vertex 28.715538024902344 -54.52505111694336 7.899999618530273
      vertex 28.110088348388672 -54.604759216308594 7.899999618530273
    endloop
  endfacet
  facet normal 0.130524803568642 -0.9914450441922475 0
    outer loop
      vertex 28.715538024902344 -54.52505111694336 7.899999618530273
      vertex 28.110088348388672 -54.604759216308594 0
      vertex 28.715538024902344 -54.52505111694336 0
    endloop
  endfacet
  facet normal -0.7372767751169436 0.6755908205956915 0
    outer loop
      vertex -32.86231231689453 52.13090896606445 0
      vertex -32.449745178222656 52.581146240234375 7.899999618530273
      vertex -32.449745178222656 52.581146240234375 0
    endloop
  endfacet
  facet normal -0.7372767751169436 0.6755908205956915 0
    outer loop
      vertex -32.449745178222656 52.581146240234375 7.899999618530273
      vertex -32.86231231689453 52.13090896606445 0
      vertex -32.86231231689453 52.13090896606445 7.899999618530273
    endloop
  endfacet
  facet normal 0.130524803568642 0.9914450441922475 0
    outer loop
      vertex 28.715538024902344 54.52505111694336 0
      vertex 28.110088348388672 54.604759216308594 7.899999618530273
      vertex 28.715538024902344 54.52505111694336 7.899999618530273
    endloop
  endfacet
  facet normal 0.130524803568642 0.9914450441922475 0
    outer loop
      vertex 28.110088348388672 54.604759216308594 7.899999618530273
      vertex 28.715538024902344 54.52505111694336 0
      vertex 28.110088348388672 54.604759216308594 0
    endloop
  endfacet
  facet normal 0.21644296531974033 -0.976295264130477 0
    outer loop
      vertex 28.715538024902344 -54.52505111694336 0
      vertex 29.31173324584961 -54.39287567138672 7.899999618530273
      vertex 28.715538024902344 -54.52505111694336 7.899999618530273
    endloop
  endfacet
  facet normal 0.21644296531974033 -0.976295264130477 0
    outer loop
      vertex 29.31173324584961 -54.39287567138672 7.899999618530273
      vertex 28.715538024902344 -54.52505111694336 0
      vertex 29.31173324584961 -54.39287567138672 0
    endloop
  endfacet
  facet normal 0.9238805506536328 0.3826809743427809 0
    outer loop
      vertex 61.57784652709961 2.3941402435302734 7.899999618530273
      vertex 61.344154357910156 2.958327293395996 0
      vertex 61.344154357910156 2.958327293395996 7.899999618530273
    endloop
  endfacet
  facet normal 0.9238805506536328 0.3826809743427809 0
    outer loop
      vertex 61.344154357910156 2.958327293395996 0
      vertex 61.57784652709961 2.3941402435302734 7.899999618530273
      vertex 61.57784652709961 2.3941402435302734 0
    endloop
  endfacet
  facet normal -0.9238805506536328 0.3826809743427809 0
    outer loop
      vertex -61.57784652709961 2.3941402435302734 0
      vertex -61.344154357910156 2.958327293395996 7.899999618530273
      vertex -61.344154357910156 2.958327293395996 0
    endloop
  endfacet
  facet normal -0.9238805506536328 0.3826809743427809 0
    outer loop
      vertex -61.344154357910156 2.958327293395996 7.899999618530273
      vertex -61.57784652709961 2.3941402435302734 0
      vertex -61.57784652709961 2.3941402435302734 7.899999618530273
    endloop
  endfacet
  facet normal 0.7933558427050131 -0.6087581677857132 0
    outer loop
      vertex 32.86231231689453 -52.13090896606445 7.899999618530273
      vertex 33.23406219482422 -51.64643096923828 0
      vertex 33.23406219482422 -51.64643096923828 7.899999618530273
    endloop
  endfacet
  facet normal 0.7933558427050131 -0.6087581677857132 0
    outer loop
      vertex 33.23406219482422 -51.64643096923828 0
      vertex 32.86231231689453 -52.13090896606445 7.899999618530273
      vertex 32.86231231689453 -52.13090896606445 0
    endloop
  endfacet
  facet normal -0.6755871408914108 -0.7372801469334226 0
    outer loop
      vertex -32.449745178222656 -52.581146240234375 0
      vertex -31.99951171875 -52.99370574951172 7.899999618530273
      vertex -32.449745178222656 -52.581146240234375 7.899999618530273
    endloop
  endfacet
  facet normal -0.6755871408914108 -0.7372801469334226 0
    outer loop
      vertex -31.99951171875 -52.99370574951172 7.899999618530273
      vertex -32.449745178222656 -52.581146240234375 0
      vertex -31.99951171875 -52.99370574951172 0
    endloop
  endfacet
  facet normal -0.6087660312720181 -0.7933498088291925 0
    outer loop
      vertex -31.99951171875 -52.99370574951172 0
      vertex -31.515033721923828 -53.36546325683594 7.899999618530273
      vertex -31.99951171875 -52.99370574951172 7.899999618530273
    endloop
  endfacet
  facet normal -0.6087660312720181 -0.7933498088291925 0
    outer loop
      vertex -31.515033721923828 -53.36546325683594 7.899999618530273
      vertex -31.99951171875 -52.99370574951172 0
      vertex -31.515033721923828 -53.36546325683594 0
    endloop
  endfacet
  facet normal -0.04362101927551812 -0.999048150329785 0
    outer loop
      vertex -28.110088348388672 -54.604759216308594 0
      vertex -27.5 -54.63139724731445 7.899999618530273
      vertex -28.110088348388672 -54.604759216308594 7.899999618530273
    endloop
  endfacet
  facet normal -0.04362101927551812 -0.999048150329785 0
    outer loop
      vertex -27.5 -54.63139724731445 7.899999618530273
      vertex -28.110088348388672 -54.604759216308594 0
      vertex -27.5 -54.63139724731445 0
    endloop
  endfacet
  facet normal 0.6755871408914108 -0.7372801469334226 0
    outer loop
      vertex 31.99951171875 -52.99370574951172 0
      vertex 32.449745178222656 -52.581146240234375 7.899999618530273
      vertex 31.99951171875 -52.99370574951172 7.899999618530273
    endloop
  endfacet
  facet normal 0.6755871408914108 -0.7372801469334226 0
    outer loop
      vertex 32.449745178222656 -52.581146240234375 7.899999618530273
      vertex 31.99951171875 -52.99370574951172 0
      vertex 32.449745178222656 -52.581146240234375 0
    endloop
  endfacet
  facet normal 0.6087660312720181 0.7933498088291925 0
    outer loop
      vertex 31.99951171875 52.99370574951172 0
      vertex 31.515033721923828 53.36546325683594 7.899999618530273
      vertex 31.99951171875 52.99370574951172 7.899999618530273
    endloop
  endfacet
  facet normal 0.6087660312720181 0.7933498088291925 0
    outer loop
      vertex 31.515033721923828 53.36546325683594 7.899999618530273
      vertex 31.99951171875 52.99370574951172 0
      vertex 31.515033721923828 53.36546325683594 0
    endloop
  endfacet
  facet normal 0.04362101927551812 -0.999048150329785 0
    outer loop
      vertex 27.5 -54.63139724731445 0
      vertex 28.110088348388672 -54.604759216308594 7.899999618530273
      vertex 27.5 -54.63139724731445 7.899999618530273
    endloop
  endfacet
  facet normal 0.04362101927551812 -0.999048150329785 0
    outer loop
      vertex 28.110088348388672 -54.604759216308594 7.899999618530273
      vertex 27.5 -54.63139724731445 0
      vertex 28.110088348388672 -54.604759216308594 0
    endloop
  endfacet
  facet normal -0.9537153114212081 0.300710998735909 0
    outer loop
      vertex -61.76148223876953 1.8117332458496094 0
      vertex -61.57784652709961 2.3941402435302734 7.899999618530273
      vertex -61.57784652709961 2.3941402435302734 0
    endloop
  endfacet
  facet normal -0.9537153114212081 0.300710998735909 0
    outer loop
      vertex -61.57784652709961 2.3941402435302734 7.899999618530273
      vertex -61.76148223876953 1.8117332458496094 0
      vertex -61.76148223876953 1.8117332458496094 7.899999618530273
    endloop
  endfacet
  facet normal 0.6755871408914108 0.7372801469334226 0
    outer loop
      vertex 32.449745178222656 52.581146240234375 0
      vertex 31.99951171875 52.99370574951172 7.899999618530273
      vertex 32.449745178222656 52.581146240234375 7.899999618530273
    endloop
  endfacet
  facet normal 0.6755871408914108 0.7372801469334226 0
    outer loop
      vertex 31.99951171875 52.99370574951172 7.899999618530273
      vertex 32.449745178222656 52.581146240234375 0
      vertex 31.99951171875 52.99370574951172 0
    endloop
  endfacet
  facet normal -0.7933558427050131 -0.6087581677857132 0
    outer loop
      vertex -32.86231231689453 -52.13090896606445 0
      vertex -33.23406219482422 -51.64643096923828 7.899999618530273
      vertex -33.23406219482422 -51.64643096923828 0
    endloop
  endfacet
  facet normal -0.7933558427050131 -0.6087581677857132 0
    outer loop
      vertex -33.23406219482422 -51.64643096923828 7.899999618530273
      vertex -32.86231231689453 -52.13090896606445 0
      vertex -32.86231231689453 -52.13090896606445 7.899999618530273
    endloop
  endfacet
  facet normal 0.5372961997288411 -0.8433936173323493 0
    outer loop
      vertex 31 -53.693572998046875 0
      vertex 31.515033721923828 -53.36546325683594 7.899999618530273
      vertex 31 -53.693572998046875 7.899999618530273
    endloop
  endfacet
  facet normal 0.5372961997288411 -0.8433936173323493 0
    outer loop
      vertex 31.515033721923828 -53.36546325683594 7.899999618530273
      vertex 31 -53.693572998046875 0
      vertex 31.515033721923828 -53.36546325683594 0
    endloop
  endfacet
  facet normal 0.9762966572816569 -0.21643668122724274 0
    outer loop
      vertex 61.76148223876953 -1.8117332458496094 7.899999618530273
      vertex 61.893653869628906 -1.2155370712280273 0
      vertex 61.893653869628906 -1.2155370712280273 7.899999618530273
    endloop
  endfacet
  facet normal 0.9762966572816569 -0.21643668122724274 0
    outer loop
      vertex 61.893653869628906 -1.2155370712280273 0
      vertex 61.76148223876953 -1.8117332458496094 7.899999618530273
      vertex 61.76148223876953 -1.8117332458496094 0
    endloop
  endfacet
  facet normal 0 0 -1
    outer loop
      vertex -22.943058013916016 -32.766082763671875 0
      vertex -33.80260467529297 -36.483680725097656 0
      vertex -33.75 -36 0
    endloop
  endfacet
  facet normal 0 0 -1
    outer loop
      vertex -20 -34.641014099121094 0
      vertex -33.95795440673828 -36.94474792480469 0
      vertex -33.80260467529297 -36.483680725097656 0
    endloop
  endfacet
  facet normal 0 0 -1
    outer loop
      vertex -20 -34.641014099121094 0
      vertex -34.20878982543945 -37.36164093017578 0
      vertex -33.95795440673828 -36.94474792480469 0
    endloop
  endfacet
  facet normal 0 0 -1
    outer loop
      vertex -33.56217956542969 -51.13139724731445 0
      vertex -34.54338073730469 -37.71486282348633 0
      vertex -34.20878982543945 -37.36164093017578 0
    endloop
  endfacet
  facet normal 0 0 -1
    outer loop
      vertex -33.56217956542969 -51.13139724731445 0
      vertex -34.946083068847656 -37.98789978027344 0
      vertex -34.54338073730469 -37.71486282348633 0
    endloop
  endfacet
  facet normal 0 0 -1
    outer loop
      vertex -33.56217956542969 -51.13139724731445 0
      vertex -35.39806365966797 -38.16798782348633 0
      vertex -34.946083068847656 -37.98789978027344 0
    endloop
  endfacet
  facet normal 0 0 -1
    outer loop
      vertex -33.56217956542969 -51.13139724731445 0
      vertex -35.87818908691406 -38.246700286865234 0
      vertex -35.39806365966797 -38.16798782348633 0
    endloop
  endfacet
  facet normal 0 0 -1
    outer loop
      vertex -33.56217956542969 -51.13139724731445 0
      vertex -36.364009857177734 -38.220359802246094 0
      vertex -35.87818908691406 -38.246700286865234 0
    endloop
  endfacet
  facet normal 0 0 -1
    outer loop
      vertex -33.56217956542969 -51.13139724731445 0
      vertex -36.83280944824219 -38.0901985168457 0
      vertex -36.364009857177734 -38.220359802246094 0
    endloop
  endfacet
  facet normal 0 0 -1
    outer loop
      vertex -33.56217956542969 -51.13139724731445 0
      vertex -37.262672424316406 -37.862300872802734 0
      vertex -36.83280944824219 -38.0901985168457 0
    endloop
  endfacet
  facet normal 0 0 -1
    outer loop
      vertex -33.56217956542969 -51.13139724731445 0
      vertex -37.63349151611328 -37.547325134277344 0
      vertex -37.262672424316406 -37.862300872802734 0
    endloop
  endfacet
  facet normal 0 0 -1
    outer loop
      vertex -33.56217956542969 -51.13139724731445 0
      vertex -37.92792892456055 -37.159996032714844 0
      vertex -37.63349151611328 -37.547325134277344 0
    endloop
  endfacet
  facet normal 0 0 -1
    outer loop
      vertex -33.56217956542969 -51.13139724731445 0
      vertex -38.13221740722656 -36.71842956542969 0
      vertex -37.92792892456055 -37.159996032714844 0
    endloop
  endfacet
  facet normal 0 0 -1
    outer loop
      vertex -61.06217956542969 -3.5 0
      vertex -38.23680877685547 -35.75673294067383 0
      vertex -38.23680877685547 -36.24326705932617 0
    endloop
  endfacet
  facet normal 0 0 -1
    outer loop
      vertex -38.23680877685547 -35.75673294067383 0
      vertex -61.06217956542969 -3.5 0
      vertex -38.63703155517578 -10.352761268615723 0
    endloop
  endfacet
  facet normal 0 0 -1
    outer loop
      vertex -38.63703155517578 -10.352761268615723 0
      vertex -61.06217956542969 -3.5 0
      vertex -39.392311096191406 -6.945926666259766 0
    endloop
  endfacet
  facet normal 0 0 -1
    outer loop
      vertex -39.84778594970703 -3.4862289428710938 0
      vertex -61.06217956542969 -3.5 0
      vertex -40 0 0
    endloop
  endfacet
  facet normal 0 0 -1
    outer loop
      vertex -39.392311096191406 -6.945926666259766 0
      vertex -61.06217956542969 -3.5 0
      vertex -39.84778594970703 -3.4862289428710938 0
    endloop
  endfacet
  facet normal 0 0 -1
    outer loop
      vertex -38.13221740722656 -36.71842956542969 0
      vertex -61.06217956542969 -3.5 0
      vertex -38.23680877685547 -36.24326705932617 0
    endloop
  endfacet
  facet normal 0 0 -1
    outer loop
      vertex -61.06217956542969 -3.5 0
      vertex -38.13221740722656 -36.71842956542969 0
      vertex -33.56217956542969 -51.13139724731445 0
    endloop
  endfacet
  facet normal 0 0 -1
    outer loop
      vertex -22.943058013916016 32.766082763671875 0
      vertex -33.95795440673828 36.94474792480469 0
      vertex -20 34.641014099121094 0
    endloop
  endfacet
  facet normal 0 0 -1
    outer loop
      vertex -34.20878982543945 37.36164093017578 0
      vertex -20 34.641014099121094 0
      vertex -33.95795440673828 36.94474792480469 0
    endloop
  endfacet
  facet normal 0 0 -1
    outer loop
      vertex -20 34.641014099121094 0
      vertex -34.20878982543945 37.36164093017578 0
      vertex -33.56217956542969 51.13139724731445 0
    endloop
  endfacet
  facet normal 0 0 -1
    outer loop
      vertex -34.54338073730469 37.71486282348633 0
      vertex -33.56217956542969 51.13139724731445 0
      vertex -34.20878982543945 37.36164093017578 0
    endloop
  endfacet
  facet normal 0 0 -1
    outer loop
      vertex -34.946083068847656 37.98789978027344 0
      vertex -33.56217956542969 51.13139724731445 0
      vertex -34.54338073730469 37.71486282348633 0
    endloop
  endfacet
  facet normal 0 0 -1
    outer loop
      vertex -35.39806365966797 38.16798782348633 0
      vertex -33.56217956542969 51.13139724731445 0
      vertex -34.946083068847656 37.98789978027344 0
    endloop
  endfacet
  facet normal 0 0 -1
    outer loop
      vertex -35.87818908691406 38.246700286865234 0
      vertex -33.56217956542969 51.13139724731445 0
      vertex -35.39806365966797 38.16798782348633 0
    endloop
  endfacet
  facet normal 0 0 -1
    outer loop
      vertex -36.364009857177734 38.220359802246094 0
      vertex -33.56217956542969 51.13139724731445 0
      vertex -35.87818908691406 38.246700286865234 0
    endloop
  endfacet
  facet normal 0 0 -1
    outer loop
      vertex -36.83280944824219 38.0901985168457 0
      vertex -33.56217956542969 51.13139724731445 0
      vertex -36.364009857177734 38.220359802246094 0
    endloop
  endfacet
  facet normal 0 0 -1
    outer loop
      vertex -37.262672424316406 37.862300872802734 0
      vertex -33.56217956542969 51.13139724731445 0
      vertex -36.83280944824219 38.0901985168457 0
    endloop
  endfacet
  facet normal 0 0 -1
    outer loop
      vertex -37.63349151611328 37.547325134277344 0
      vertex -33.56217956542969 51.13139724731445 0
      vertex -37.262672424316406 37.862300872802734 0
    endloop
  endfacet
  facet normal 0 0 -1
    outer loop
      vertex -37.92792892456055 37.159996032714844 0
      vertex -33.56217956542969 51.13139724731445 0
      vertex -37.63349151611328 37.547325134277344 0
    endloop
  endfacet
  facet normal 0 0 -1
    outer loop
      vertex -38.13221740722656 36.71842956542969 0
      vertex -33.56217956542969 51.13139724731445 0
      vertex -37.92792892456055 37.159996032714844 0
    endloop
  endfacet
  facet normal 0 0 -1
    outer loop
      vertex -38.13221740722656 35.28157043457031 0
      vertex -61.06217956542969 3.5 0
      vertex -38.23680877685547 35.75673294067383 0
    endloop
  endfacet
  facet normal 0 0 -1
    outer loop
      vertex -61.06217956542969 3.5 0
      vertex -39.392311096191406 6.945926666259766 0
      vertex -39.84778594970703 3.4862289428710938 0
    endloop
  endfacet
  facet normal 0 0 -1
    outer loop
      vertex -61.06217956542969 3.5 0
      vertex -40 0 0
      vertex -61.06217956542969 -3.5 0
    endloop
  endfacet
  facet normal 0 0 -1
    outer loop
      vertex -40 0 0
      vertex -61.06217956542969 3.5 0
      vertex -39.84778594970703 3.4862289428710938 0
    endloop
  endfacet
  facet normal 0 0 -1
    outer loop
      vertex -38.23680877685547 35.75673294067383 0
      vertex -61.06217956542969 3.5 0
      vertex -38.23680877685547 36.24326705932617 0
    endloop
  endfacet
  facet normal 0 0 -1
    outer loop
      vertex -38.23680877685547 36.24326705932617 0
      vertex -61.06217956542969 3.5 0
      vertex -38.13221740722656 36.71842956542969 0
    endloop
  endfacet
  facet normal 0 0 -1
    outer loop
      vertex -38.13221740722656 36.71842956542969 0
      vertex -61.06217956542969 3.5 0
      vertex -33.56217956542969 51.13139724731445 0
    endloop
  endfacet
  facet normal 0 0 -1
    outer loop
      vertex -61.344154357910156 -2.958327293395996 0
      vertex -61.06217956542969 3.5 0
      vertex -61.06217956542969 -3.5 0
    endloop
  endfacet
  facet normal 0 0 -1
    outer loop
      vertex -61.344154357910156 -2.958327293395996 0
      vertex -61.344154357910156 2.958327293395996 0
      vertex -61.06217956542969 3.5 0
    endloop
  endfacet
  facet normal 0 0 -1
    outer loop
      vertex -61.57784652709961 -2.3941402435302734 0
      vertex -61.344154357910156 2.958327293395996 0
      vertex -61.344154357910156 -2.958327293395996 0
    endloop
  endfacet
  facet normal 0 0 -1
    outer loop
      vertex -61.57784652709961 -2.3941402435302734 0
      vertex -61.57784652709961 2.3941402435302734 0
      vertex -61.344154357910156 2.958327293395996 0
    endloop
  endfacet
  facet normal 0 0 -1
    outer loop
      vertex -61.76148223876953 -1.8117332458496094 0
      vertex -61.57784652709961 2.3941402435302734 0
      vertex -61.57784652709961 -2.3941402435302734 0
    endloop
  endfacet
  facet normal 0 0 -1
    outer loop
      vertex -61.76148223876953 -1.8117332458496094 0
      vertex -61.76148223876953 1.8117332458496094 0
      vertex -61.57784652709961 2.3941402435302734 0
    endloop
  endfacet
  facet normal 0 0 -1
    outer loop
      vertex -61.893653869628906 -1.2155370712280273 0
      vertex -61.76148223876953 1.8117332458496094 0
      vertex -61.76148223876953 -1.8117332458496094 0
    endloop
  endfacet
  facet normal 0 0 -1
    outer loop
      vertex -61.893653869628906 -1.2155370712280273 0
      vertex -61.893653869628906 1.2155370712280273 0
      vertex -61.76148223876953 1.8117332458496094 0
    endloop
  endfacet
  facet normal 0 0 -1
    outer loop
      vertex -61.97336196899414 -0.6100893020629883 0
      vertex -61.893653869628906 1.2155370712280273 0
      vertex -61.893653869628906 -1.2155370712280273 0
    endloop
  endfacet
  facet normal 0 0 -1
    outer loop
      vertex -61.97336196899414 -0.6100893020629883 0
      vertex -61.97336196899414 0.6100893020629883 0
      vertex -61.893653869628906 1.2155370712280273 0
    endloop
  endfacet
  facet normal 0 0 -1
    outer loop
      vertex -61.97336196899414 0.6100893020629883 0
      vertex -61.97336196899414 -0.6100893020629883 0
      vertex -62 0 0
    endloop
  endfacet
  facet normal 0 0 -1
    outer loop
      vertex 61.06217956542969 3.5 0
      vertex 38.19739532470703 35.516319274902344 0
      vertex 38.25 36 0
    endloop
  endfacet
  facet normal 0 0 -1
    outer loop
      vertex 36.25231170654297 16.90472984313965 0
      vertex 61.06217956542969 3.5 0
      vertex 37.587703704833984 13.680805206298828 0
    endloop
  endfacet
  facet normal 0 0 -1
    outer loop
      vertex 61.06217956542969 3.5 0
      vertex 38.04204559326172 35.05525207519531 0
      vertex 38.19739532470703 35.516319274902344 0
    endloop
  endfacet
  facet normal 0 0 -1
    outer loop
      vertex 61.06217956542969 3.5 0
      vertex 36.25231170654297 16.90472984313965 0
      vertex 38.04204559326172 35.05525207519531 0
    endloop
  endfacet
  facet normal 0 0 -1
    outer loop
      vertex 38.04204559326172 35.05525207519531 0
      vertex 36.25231170654297 16.90472984313965 0
      vertex 37.79121017456055 34.63835906982422 0
    endloop
  endfacet
  facet normal 0 0 -1
    outer loop
      vertex 37.79121017456055 34.63835906982422 0
      vertex 36.25231170654297 16.90472984313965 0
      vertex 37.45661926269531 34.28513717651367 0
    endloop
  endfacet
  facet normal 0 0 -1
    outer loop
      vertex 34.641014099121094 20 0
      vertex 37.45661926269531 34.28513717651367 0
      vertex 36.25231170654297 16.90472984313965 0
    endloop
  endfacet
  facet normal 0 0 -1
    outer loop
      vertex 37.45661926269531 34.28513717651367 0
      vertex 34.641014099121094 20 0
      vertex 37.053916931152344 34.01210021972656 0
    endloop
  endfacet
  facet normal 0 0 -1
    outer loop
      vertex 32.766082763671875 22.943058013916016 0
      vertex 37.053916931152344 34.01210021972656 0
      vertex 34.641014099121094 20 0
    endloop
  endfacet
  facet normal 0 0 -1
    outer loop
      vertex 37.053916931152344 34.01210021972656 0
      vertex 32.766082763671875 22.943058013916016 0
      vertex 36.60193634033203 33.83201217651367 0
    endloop
  endfacet
  facet normal 0 0 -1
    outer loop
      vertex 36.60193634033203 33.83201217651367 0
      vertex 32.766082763671875 22.943058013916016 0
      vertex 36.12181091308594 33.753299713134766 0
    endloop
  endfacet
  facet normal 0 0 -1
    outer loop
      vertex 30.64177703857422 25.711503982543945 0
      vertex 36.12181091308594 33.753299713134766 0
      vertex 32.766082763671875 22.943058013916016 0
    endloop
  endfacet
  facet normal 0 0 -1
    outer loop
      vertex 36.12181091308594 33.753299713134766 0
      vertex 30.64177703857422 25.711503982543945 0
      vertex 35.635990142822266 33.779640197753906 0
    endloop
  endfacet
  facet normal 0 0 -1
    outer loop
      vertex 35.635990142822266 33.779640197753906 0
      vertex 30.64177703857422 25.711503982543945 0
      vertex 35.16719055175781 33.9098014831543 0
    endloop
  endfacet
  facet normal 0 0 -1
    outer loop
      vertex 35.16719055175781 33.9098014831543 0
      vertex 30.64177703857422 25.711503982543945 0
      vertex 34.737327575683594 34.137699127197266 0
    endloop
  endfacet
  facet normal 0 0 -1
    outer loop
      vertex 28.284271240234375 28.284271240234375 0
      vertex 34.737327575683594 34.137699127197266 0
      vertex 30.64177703857422 25.711503982543945 0
    endloop
  endfacet
  facet normal 0 0 -1
    outer loop
      vertex 34.737327575683594 34.137699127197266 0
      vertex 28.284271240234375 28.284271240234375 0
      vertex 34.36650848388672 34.452674865722656 0
    endloop
  endfacet
  facet normal 0 0 -1
    outer loop
      vertex 25.711503982543945 30.64177703857422 0
      vertex 33.76319122314453 36.24326705932617 0
      vertex 33.76319122314453 35.75673294067383 0
    endloop
  endfacet
  facet normal 0 0 -1
    outer loop
      vertex 33.76319122314453 36.24326705932617 0
      vertex 20 34.641014099121094 0
      vertex 33.56217956542969 51.13139724731445 0
    endloop
  endfacet
  facet normal 0 0 -1
    outer loop
      vertex 27.5 54.63139724731445 0
      vertex 33.56217956542969 51.13139724731445 0
      vertex 20 34.641014099121094 0
    endloop
  endfacet
  facet normal 0 0 -1
    outer loop
      vertex 34.36650848388672 34.452674865722656 0
      vertex 28.284271240234375 28.284271240234375 0
      vertex 34.07207107543945 34.840003967285156 0
    endloop
  endfacet
  facet normal 0 0 -1
    outer loop
      vertex 25.711503982543945 30.64177703857422 0
      vertex 34.07207107543945 34.840003967285156 0
      vertex 28.284271240234375 28.284271240234375 0
    endloop
  endfacet
  facet normal 0 0 -1
    outer loop
      vertex 34.07207107543945 34.840003967285156 0
      vertex 25.711503982543945 30.64177703857422 0
      vertex 33.86778259277344 35.28157043457031 0
    endloop
  endfacet
  facet normal 0 0 -1
    outer loop
      vertex 33.86778259277344 35.28157043457031 0
      vertex 25.711503982543945 30.64177703857422 0
      vertex 33.76319122314453 35.75673294067383 0
    endloop
  endfacet
  facet normal 0 0 -1
    outer loop
      vertex 33.76319122314453 36.24326705932617 0
      vertex 25.711503982543945 30.64177703857422 0
      vertex 22.943058013916016 32.766082763671875 0
    endloop
  endfacet
  facet normal 0 0 -1
    outer loop
      vertex 33.76319122314453 36.24326705932617 0
      vertex 22.943058013916016 32.766082763671875 0
      vertex 20 34.641014099121094 0
    endloop
  endfacet
  facet normal 0 0 -1
    outer loop
      vertex 33.56217956542969 51.13139724731445 0
      vertex 27.5 54.63139724731445 0
      vertex 33.23406219482422 51.64643096923828 0
    endloop
  endfacet
  facet normal 0 0 -1
    outer loop
      vertex 33.23406219482422 51.64643096923828 0
      vertex 27.5 54.63139724731445 0
      vertex 32.86231231689453 52.13090896606445 0
    endloop
  endfacet
  facet normal 0 0 -1
    outer loop
      vertex 32.86231231689453 52.13090896606445 0
      vertex 27.5 54.63139724731445 0
      vertex 32.449745178222656 52.581146240234375 0
    endloop
  endfacet
  facet normal 0 0 -1
    outer loop
      vertex 32.449745178222656 52.581146240234375 0
      vertex 27.5 54.63139724731445 0
      vertex 31.99951171875 52.99370574951172 0
    endloop
  endfacet
  facet normal 0 0 -1
    outer loop
      vertex 31.99951171875 52.99370574951172 0
      vertex 27.5 54.63139724731445 0
      vertex 31.515033721923828 53.36546325683594 0
    endloop
  endfacet
  facet normal 0 0 -1
    outer loop
      vertex 31.515033721923828 53.36546325683594 0
      vertex 27.5 54.63139724731445 0
      vertex 31 53.693572998046875 0
    endloop
  endfacet
  facet normal 0 0 -1
    outer loop
      vertex 31 53.693572998046875 0
      vertex 27.5 54.63139724731445 0
      vertex 30.458328247070312 53.97555160522461 0
    endloop
  endfacet
  facet normal 0 0 -1
    outer loop
      vertex 30.458328247070312 53.97555160522461 0
      vertex 27.5 54.63139724731445 0
      vertex 29.894140243530273 54.20924377441406 0
    endloop
  endfacet
  facet normal 0 0 -1
    outer loop
      vertex 29.894140243530273 54.20924377441406 0
      vertex 27.5 54.63139724731445 0
      vertex 29.31173324584961 54.39287567138672 0
    endloop
  endfacet
  facet normal 0 0 -1
    outer loop
      vertex 29.31173324584961 54.39287567138672 0
      vertex 27.5 54.63139724731445 0
      vertex 28.715538024902344 54.52505111694336 0
    endloop
  endfacet
  facet normal 0 0 -1
    outer loop
      vertex 28.715538024902344 54.52505111694336 0
      vertex 27.5 54.63139724731445 0
      vertex 28.110088348388672 54.604759216308594 0
    endloop
  endfacet
  facet normal 0 0 -1
    outer loop
      vertex 16.90472984313965 36.25231170654297 0
      vertex 27.5 54.63139724731445 0
      vertex 20 34.641014099121094 0
    endloop
  endfacet
  facet normal 0 0 -1
    outer loop
      vertex 13.680805206298828 37.587703704833984 0
      vertex 27.5 54.63139724731445 0
      vertex 16.90472984313965 36.25231170654297 0
    endloop
  endfacet
  facet normal 0 0 -1
    outer loop
      vertex 10.352761268615723 38.63703155517578 0
      vertex 27.5 54.63139724731445 0
      vertex 13.680805206298828 37.587703704833984 0
    endloop
  endfacet
  facet normal 0 0 -1
    outer loop
      vertex 6.945926666259766 39.392311096191406 0
      vertex 27.5 54.63139724731445 0
      vertex 10.352761268615723 38.63703155517578 0
    endloop
  endfacet
  facet normal 0 0 -1
    outer loop
      vertex 3.4862289428710938 39.84778594970703 0
      vertex 27.5 54.63139724731445 0
      vertex 6.945926666259766 39.392311096191406 0
    endloop
  endfacet
  facet normal 0 0 -1
    outer loop
      vertex 0 40 0
      vertex 27.5 54.63139724731445 0
      vertex 3.4862289428710938 39.84778594970703 0
    endloop
  endfacet
  facet normal 0 0 -1
    outer loop
      vertex -27.5 54.63139724731445 0
      vertex 0 40 0
      vertex -3.4862289428710938 39.84778594970703 0
    endloop
  endfacet
  facet normal 0 0 -1
    outer loop
      vertex -27.5 54.63139724731445 0
      vertex -3.4862289428710938 39.84778594970703 0
      vertex -6.945926666259766 39.392311096191406 0
    endloop
  endfacet
  facet normal 0 0 -1
    outer loop
      vertex -27.5 54.63139724731445 0
      vertex -6.945926666259766 39.392311096191406 0
      vertex -10.352761268615723 38.63703155517578 0
    endloop
  endfacet
  facet normal 0 0 -1
    outer loop
      vertex -27.5 54.63139724731445 0
      vertex -10.352761268615723 38.63703155517578 0
      vertex -13.680805206298828 37.587703704833984 0
    endloop
  endfacet
  facet normal 0 0 -1
    outer loop
      vertex 0 40 0
      vertex -27.5 54.63139724731445 0
      vertex 27.5 54.63139724731445 0
    endloop
  endfacet
  facet normal 0 0 -1
    outer loop
      vertex -16.90472984313965 36.25231170654297 0
      vertex -27.5 54.63139724731445 0
      vertex -13.680805206298828 37.587703704833984 0
    endloop
  endfacet
  facet normal 0 0 -1
    outer loop
      vertex -20 34.641014099121094 0
      vertex -27.5 54.63139724731445 0
      vertex -16.90472984313965 36.25231170654297 0
    endloop
  endfacet
  facet normal 0 0 -1
    outer loop
      vertex -33.80260467529297 36.483680725097656 0
      vertex -22.943058013916016 32.766082763671875 0
      vertex -33.75 36 0
    endloop
  endfacet
  facet normal 0 0 -1
    outer loop
      vertex -33.75 36 0
      vertex -22.943058013916016 32.766082763671875 0
      vertex -25.711503982543945 30.64177703857422 0
    endloop
  endfacet
  facet normal 0 0 -1
    outer loop
      vertex -33.95795440673828 36.94474792480469 0
      vertex -22.943058013916016 32.766082763671875 0
      vertex -33.80260467529297 36.483680725097656 0
    endloop
  endfacet
  facet normal 0 0 -1
    outer loop
      vertex -33.95795440673828 35.05525207519531 0
      vertex -25.711503982543945 30.64177703857422 0
      vertex -28.284271240234375 28.284271240234375 0
    endloop
  endfacet
  facet normal 0 0 -1
    outer loop
      vertex -20 34.641014099121094 0
      vertex -33.56217956542969 51.13139724731445 0
      vertex -27.5 54.63139724731445 0
    endloop
  endfacet
  facet normal 0 0 -1
    outer loop
      vertex -27.5 54.63139724731445 0
      vertex -33.56217956542969 51.13139724731445 0
      vertex -28.110088348388672 54.604759216308594 0
    endloop
  endfacet
  facet normal 0 0 -1
    outer loop
      vertex -28.110088348388672 54.604759216308594 0
      vertex -33.56217956542969 51.13139724731445 0
      vertex -28.715538024902344 54.52505111694336 0
    endloop
  endfacet
  facet normal 0 0 -1
    outer loop
      vertex -28.715538024902344 54.52505111694336 0
      vertex -33.56217956542969 51.13139724731445 0
      vertex -29.31173324584961 54.39287567138672 0
    endloop
  endfacet
  facet normal 0 0 -1
    outer loop
      vertex -34.946083068847656 34.01210021972656 0
      vertex -28.284271240234375 28.284271240234375 0
      vertex -30.64177703857422 25.711503982543945 0
    endloop
  endfacet
  facet normal 0 0 -1
    outer loop
      vertex -29.31173324584961 54.39287567138672 0
      vertex -33.56217956542969 51.13139724731445 0
      vertex -29.894140243530273 54.20924377441406 0
    endloop
  endfacet
  facet normal 0 0 -1
    outer loop
      vertex -29.894140243530273 54.20924377441406 0
      vertex -33.56217956542969 51.13139724731445 0
      vertex -30.458328247070312 53.97555160522461 0
    endloop
  endfacet
  facet normal 0 0 -1
    outer loop
      vertex -30.458328247070312 53.97555160522461 0
      vertex -33.56217956542969 51.13139724731445 0
      vertex -31 53.693572998046875 0
    endloop
  endfacet
  facet normal 0 0 -1
    outer loop
      vertex -31 53.693572998046875 0
      vertex -33.56217956542969 51.13139724731445 0
      vertex -31.515033721923828 53.36546325683594 0
    endloop
  endfacet
  facet normal 0 0 -1
    outer loop
      vertex -35.87818908691406 33.753299713134766 0
      vertex -30.64177703857422 25.711503982543945 0
      vertex -32.766082763671875 22.943058013916016 0
    endloop
  endfacet
  facet normal 0 0 -1
    outer loop
      vertex -31.515033721923828 53.36546325683594 0
      vertex -33.56217956542969 51.13139724731445 0
      vertex -31.99951171875 52.99370574951172 0
    endloop
  endfacet
  facet normal 0 0 -1
    outer loop
      vertex -31.99951171875 52.99370574951172 0
      vertex -33.56217956542969 51.13139724731445 0
      vertex -32.449745178222656 52.581146240234375 0
    endloop
  endfacet
  facet normal 0 0 -1
    outer loop
      vertex -32.449745178222656 52.581146240234375 0
      vertex -33.56217956542969 51.13139724731445 0
      vertex -32.86231231689453 52.13090896606445 0
    endloop
  endfacet
  facet normal 0 0 -1
    outer loop
      vertex -32.86231231689453 52.13090896606445 0
      vertex -33.56217956542969 51.13139724731445 0
      vertex -33.23406219482422 51.64643096923828 0
    endloop
  endfacet
  facet normal 0 0 -1
    outer loop
      vertex -25.711503982543945 30.64177703857422 0
      vertex -33.80260467529297 35.516319274902344 0
      vertex -33.75 36 0
    endloop
  endfacet
  facet normal 0 0 -1
    outer loop
      vertex -25.711503982543945 30.64177703857422 0
      vertex -33.95795440673828 35.05525207519531 0
      vertex -33.80260467529297 35.516319274902344 0
    endloop
  endfacet
  facet normal 0 0 -1
    outer loop
      vertex -28.284271240234375 28.284271240234375 0
      vertex -34.20878982543945 34.63835906982422 0
      vertex -33.95795440673828 35.05525207519531 0
    endloop
  endfacet
  facet normal 0 0 -1
    outer loop
      vertex -28.284271240234375 28.284271240234375 0
      vertex -34.54338073730469 34.28513717651367 0
      vertex -34.20878982543945 34.63835906982422 0
    endloop
  endfacet
  facet normal 0 0 -1
    outer loop
      vertex -36.83280944824219 33.9098014831543 0
      vertex -32.766082763671875 22.943058013916016 0
      vertex -34.641014099121094 20 0
    endloop
  endfacet
  facet normal 0 0 -1
    outer loop
      vertex -28.284271240234375 28.284271240234375 0
      vertex -34.946083068847656 34.01210021972656 0
      vertex -34.54338073730469 34.28513717651367 0
    endloop
  endfacet
  facet normal 0 0 -1
    outer loop
      vertex -30.64177703857422 25.711503982543945 0
      vertex -35.39806365966797 33.83201217651367 0
      vertex -34.946083068847656 34.01210021972656 0
    endloop
  endfacet
  facet normal 0 0 -1
    outer loop
      vertex -30.64177703857422 25.711503982543945 0
      vertex -35.87818908691406 33.753299713134766 0
      vertex -35.39806365966797 33.83201217651367 0
    endloop
  endfacet
  facet normal 0 0 -1
    outer loop
      vertex -37.63349151611328 34.452674865722656 0
      vertex -34.641014099121094 20 0
      vertex -36.25231170654297 16.90472984313965 0
    endloop
  endfacet
  facet normal 0 0 -1
    outer loop
      vertex -32.766082763671875 22.943058013916016 0
      vertex -36.364009857177734 33.779640197753906 0
      vertex -35.87818908691406 33.753299713134766 0
    endloop
  endfacet
  facet normal 0 0 -1
    outer loop
      vertex -32.766082763671875 22.943058013916016 0
      vertex -36.83280944824219 33.9098014831543 0
      vertex -36.364009857177734 33.779640197753906 0
    endloop
  endfacet
  facet normal 0 0 -1
    outer loop
      vertex -34.641014099121094 20 0
      vertex -37.262672424316406 34.137699127197266 0
      vertex -36.83280944824219 33.9098014831543 0
    endloop
  endfacet
  facet normal 0 0 -1
    outer loop
      vertex -61.06217956542969 3.5 0
      vertex -36.25231170654297 16.90472984313965 0
      vertex -37.587703704833984 13.680805206298828 0
    endloop
  endfacet
  facet normal 0 0 -1
    outer loop
      vertex -34.641014099121094 20 0
      vertex -37.63349151611328 34.452674865722656 0
      vertex -37.262672424316406 34.137699127197266 0
    endloop
  endfacet
  facet normal 0 0 -1
    outer loop
      vertex -36.25231170654297 16.90472984313965 0
      vertex -37.92792892456055 34.840003967285156 0
      vertex -37.63349151611328 34.452674865722656 0
    endloop
  endfacet
  facet normal 0 0 -1
    outer loop
      vertex -36.25231170654297 16.90472984313965 0
      vertex -61.06217956542969 3.5 0
      vertex -37.92792892456055 34.840003967285156 0
    endloop
  endfacet
  facet normal 0 0 -1
    outer loop
      vertex -61.06217956542969 3.5 0
      vertex -37.587703704833984 13.680805206298828 0
      vertex -38.63703155517578 10.352761268615723 0
    endloop
  endfacet
  facet normal 0 0 -1
    outer loop
      vertex -61.06217956542969 3.5 0
      vertex -38.63703155517578 10.352761268615723 0
      vertex -39.392311096191406 6.945926666259766 0
    endloop
  endfacet
  facet normal 0 0 -1
    outer loop
      vertex -37.92792892456055 34.840003967285156 0
      vertex -61.06217956542969 3.5 0
      vertex -38.13221740722656 35.28157043457031 0
    endloop
  endfacet
  facet normal 0 0 -1
    outer loop
      vertex 61.97336196899414 -0.6100893020629883 0
      vertex 61.97336196899414 0.6100893020629883 0
      vertex 62 0 0
    endloop
  endfacet
  facet normal 0 0 -1
    outer loop
      vertex 61.893653869628906 -1.2155370712280273 0
      vertex 61.97336196899414 0.6100893020629883 0
      vertex 61.97336196899414 -0.6100893020629883 0
    endloop
  endfacet
  facet normal 0 0 -1
    outer loop
      vertex 61.893653869628906 -1.2155370712280273 0
      vertex 61.893653869628906 1.2155370712280273 0
      vertex 61.97336196899414 0.6100893020629883 0
    endloop
  endfacet
  facet normal 0 0 -1
    outer loop
      vertex 61.76148223876953 -1.8117332458496094 0
      vertex 61.893653869628906 1.2155370712280273 0
      vertex 61.893653869628906 -1.2155370712280273 0
    endloop
  endfacet
  facet normal 0 0 -1
    outer loop
      vertex 61.76148223876953 -1.8117332458496094 0
      vertex 61.76148223876953 1.8117332458496094 0
      vertex 61.893653869628906 1.2155370712280273 0
    endloop
  endfacet
  facet normal 0 0 -1
    outer loop
      vertex 61.57784652709961 -2.3941402435302734 0
      vertex 61.76148223876953 1.8117332458496094 0
      vertex 61.76148223876953 -1.8117332458496094 0
    endloop
  endfacet
  facet normal 0 0 -1
    outer loop
      vertex 61.57784652709961 -2.3941402435302734 0
      vertex 61.57784652709961 2.3941402435302734 0
      vertex 61.76148223876953 1.8117332458496094 0
    endloop
  endfacet
  facet normal 0 0 -1
    outer loop
      vertex 61.344154357910156 -2.958327293395996 0
      vertex 61.57784652709961 2.3941402435302734 0
      vertex 61.57784652709961 -2.3941402435302734 0
    endloop
  endfacet
  facet normal 0 0 -1
    outer loop
      vertex 61.344154357910156 -2.958327293395996 0
      vertex 61.344154357910156 2.958327293395996 0
      vertex 61.57784652709961 2.3941402435302734 0
    endloop
  endfacet
  facet normal 0 0 -1
    outer loop
      vertex 61.06217956542969 -3.5 0
      vertex 61.344154357910156 2.958327293395996 0
      vertex 61.344154357910156 -2.958327293395996 0
    endloop
  endfacet
  facet normal 0 0 -1
    outer loop
      vertex 61.06217956542969 -3.5 0
      vertex 61.06217956542969 3.5 0
      vertex 61.344154357910156 2.958327293395996 0
    endloop
  endfacet
  facet normal 0 0 -1
    outer loop
      vertex 61.06217956542969 -3.5 0
      vertex 40 0 0
      vertex 61.06217956542969 3.5 0
    endloop
  endfacet
  facet normal 0 0 -1
    outer loop
      vertex 61.06217956542969 -3.5 0
      vertex 39.84778594970703 -3.4862289428710938 0
      vertex 40 0 0
    endloop
  endfacet
  facet normal 0 0 -1
    outer loop
      vertex 61.06217956542969 -3.5 0
      vertex 39.392311096191406 -6.945926666259766 0
      vertex 39.84778594970703 -3.4862289428710938 0
    endloop
  endfacet
  facet normal 0 0 -1
    outer loop
      vertex 61.06217956542969 -3.5 0
      vertex 38.63703155517578 -10.352761268615723 0
      vertex 39.392311096191406 -6.945926666259766 0
    endloop
  endfacet
  facet normal 0 0 -1
    outer loop
      vertex 38.19739532470703 -35.516319274902344 0
      vertex 61.06217956542969 -3.5 0
      vertex 38.25 -36 0
    endloop
  endfacet
  facet normal 0 0 -1
    outer loop
      vertex 61.06217956542969 -3.5 0
      vertex 38.19739532470703 -36.483680725097656 0
      vertex 38.25 -36 0
    endloop
  endfacet
  facet normal 0 0 -1
    outer loop
      vertex 61.06217956542969 -3.5 0
      vertex 38.04204559326172 -36.94474792480469 0
      vertex 38.19739532470703 -36.483680725097656 0
    endloop
  endfacet
  facet normal 0 0 -1
    outer loop
      vertex 33.56217956542969 -51.13139724731445 0
      vertex 38.04204559326172 -36.94474792480469 0
      vertex 61.06217956542969 -3.5 0
    endloop
  endfacet
  facet normal 0 0 -1
    outer loop
      vertex 34.07207107543945 -37.159996032714844 0
      vertex 22.943058013916016 -32.766082763671875 0
      vertex 33.86778259277344 -36.71842956542969 0
    endloop
  endfacet
  facet normal 0 0 -1
    outer loop
      vertex 22.943058013916016 -32.766082763671875 0
      vertex 34.07207107543945 -37.159996032714844 0
      vertex 20 -34.641014099121094 0
    endloop
  endfacet
  facet normal 0 0 -1
    outer loop
      vertex 20 -34.641014099121094 0
      vertex 34.07207107543945 -37.159996032714844 0
      vertex 33.56217956542969 -51.13139724731445 0
    endloop
  endfacet
  facet normal 0 0 -1
    outer loop
      vertex 34.36650848388672 -37.547325134277344 0
      vertex 33.56217956542969 -51.13139724731445 0
      vertex 34.07207107543945 -37.159996032714844 0
    endloop
  endfacet
  facet normal 0 0 -1
    outer loop
      vertex 34.737327575683594 -37.862300872802734 0
      vertex 33.56217956542969 -51.13139724731445 0
      vertex 34.36650848388672 -37.547325134277344 0
    endloop
  endfacet
  facet normal 0 0 -1
    outer loop
      vertex 35.16719055175781 -38.0901985168457 0
      vertex 33.56217956542969 -51.13139724731445 0
      vertex 34.737327575683594 -37.862300872802734 0
    endloop
  endfacet
  facet normal 0 0 -1
    outer loop
      vertex 35.635990142822266 -38.220359802246094 0
      vertex 33.56217956542969 -51.13139724731445 0
      vertex 35.16719055175781 -38.0901985168457 0
    endloop
  endfacet
  facet normal 0 0 -1
    outer loop
      vertex 36.12181091308594 -38.246700286865234 0
      vertex 33.56217956542969 -51.13139724731445 0
      vertex 35.635990142822266 -38.220359802246094 0
    endloop
  endfacet
  facet normal 0 0 -1
    outer loop
      vertex 36.60193634033203 -38.16798782348633 0
      vertex 33.56217956542969 -51.13139724731445 0
      vertex 36.12181091308594 -38.246700286865234 0
    endloop
  endfacet
  facet normal 0 0 -1
    outer loop
      vertex 37.053916931152344 -37.98789978027344 0
      vertex 33.56217956542969 -51.13139724731445 0
      vertex 36.60193634033203 -38.16798782348633 0
    endloop
  endfacet
  facet normal 0 0 -1
    outer loop
      vertex 37.45661926269531 -37.71486282348633 0
      vertex 33.56217956542969 -51.13139724731445 0
      vertex 37.053916931152344 -37.98789978027344 0
    endloop
  endfacet
  facet normal 0 0 -1
    outer loop
      vertex 37.79121017456055 -37.36164093017578 0
      vertex 33.56217956542969 -51.13139724731445 0
      vertex 37.45661926269531 -37.71486282348633 0
    endloop
  endfacet
  facet normal 0 0 -1
    outer loop
      vertex 38.04204559326172 -36.94474792480469 0
      vertex 33.56217956542969 -51.13139724731445 0
      vertex 37.79121017456055 -37.36164093017578 0
    endloop
  endfacet
  facet normal 0 0 -1
    outer loop
      vertex 39.84778594970703 3.4862289428710938 0
      vertex 61.06217956542969 3.5 0
      vertex 40 0 0
    endloop
  endfacet
  facet normal 0 0 -1
    outer loop
      vertex 39.392311096191406 6.945926666259766 0
      vertex 61.06217956542969 3.5 0
      vertex 39.84778594970703 3.4862289428710938 0
    endloop
  endfacet
  facet normal 0 0 -1
    outer loop
      vertex 38.63703155517578 10.352761268615723 0
      vertex 61.06217956542969 3.5 0
      vertex 39.392311096191406 6.945926666259766 0
    endloop
  endfacet
  facet normal 0 0 -1
    outer loop
      vertex 37.587703704833984 13.680805206298828 0
      vertex 61.06217956542969 3.5 0
      vertex 38.63703155517578 10.352761268615723 0
    endloop
  endfacet
  facet normal 0 0 -1
    outer loop
      vertex 38.19739532470703 36.483680725097656 0
      vertex 61.06217956542969 3.5 0
      vertex 38.25 36 0
    endloop
  endfacet
  facet normal 0 0 -1
    outer loop
      vertex 38.04204559326172 36.94474792480469 0
      vertex 61.06217956542969 3.5 0
      vertex 38.19739532470703 36.483680725097656 0
    endloop
  endfacet
  facet normal 0 0 -1
    outer loop
      vertex 33.56217956542969 51.13139724731445 0
      vertex 38.04204559326172 36.94474792480469 0
      vertex 37.79121017456055 37.36164093017578 0
    endloop
  endfacet
  facet normal 0 0 -1
    outer loop
      vertex 38.04204559326172 36.94474792480469 0
      vertex 33.56217956542969 51.13139724731445 0
      vertex 61.06217956542969 3.5 0
    endloop
  endfacet
  facet normal 0 0 -1
    outer loop
      vertex 37.45661926269531 37.71486282348633 0
      vertex 33.56217956542969 51.13139724731445 0
      vertex 37.79121017456055 37.36164093017578 0
    endloop
  endfacet
  facet normal 0 0 -1
    outer loop
      vertex 37.053916931152344 37.98789978027344 0
      vertex 33.56217956542969 51.13139724731445 0
      vertex 37.45661926269531 37.71486282348633 0
    endloop
  endfacet
  facet normal 0 0 -1
    outer loop
      vertex 36.60193634033203 38.16798782348633 0
      vertex 33.56217956542969 51.13139724731445 0
      vertex 37.053916931152344 37.98789978027344 0
    endloop
  endfacet
  facet normal 0 0 -1
    outer loop
      vertex 36.12181091308594 38.246700286865234 0
      vertex 33.56217956542969 51.13139724731445 0
      vertex 36.60193634033203 38.16798782348633 0
    endloop
  endfacet
  facet normal 0 0 -1
    outer loop
      vertex 35.635990142822266 38.220359802246094 0
      vertex 33.56217956542969 51.13139724731445 0
      vertex 36.12181091308594 38.246700286865234 0
    endloop
  endfacet
  facet normal 0 0 -1
    outer loop
      vertex 35.16719055175781 38.0901985168457 0
      vertex 33.56217956542969 51.13139724731445 0
      vertex 35.635990142822266 38.220359802246094 0
    endloop
  endfacet
  facet normal 0 0 -1
    outer loop
      vertex 34.737327575683594 37.862300872802734 0
      vertex 33.56217956542969 51.13139724731445 0
      vertex 35.16719055175781 38.0901985168457 0
    endloop
  endfacet
  facet normal 0 0 -1
    outer loop
      vertex 34.36650848388672 37.547325134277344 0
      vertex 33.56217956542969 51.13139724731445 0
      vertex 34.737327575683594 37.862300872802734 0
    endloop
  endfacet
  facet normal 0 0 -1
    outer loop
      vertex 34.07207107543945 37.159996032714844 0
      vertex 33.56217956542969 51.13139724731445 0
      vertex 34.36650848388672 37.547325134277344 0
    endloop
  endfacet
  facet normal 0 0 -1
    outer loop
      vertex 33.86778259277344 36.71842956542969 0
      vertex 33.56217956542969 51.13139724731445 0
      vertex 34.07207107543945 37.159996032714844 0
    endloop
  endfacet
  facet normal 0 0 -1
    outer loop
      vertex 33.56217956542969 51.13139724731445 0
      vertex 33.86778259277344 36.71842956542969 0
      vertex 33.76319122314453 36.24326705932617 0
    endloop
  endfacet
  facet normal 0 0 -1
    outer loop
      vertex 38.04204559326172 -35.05525207519531 0
      vertex 61.06217956542969 -3.5 0
      vertex 38.19739532470703 -35.516319274902344 0
    endloop
  endfacet
  facet normal 0 0 -1
    outer loop
      vertex 36.25231170654297 -16.90472984313965 0
      vertex 61.06217956542969 -3.5 0
      vertex 38.04204559326172 -35.05525207519531 0
    endloop
  endfacet
  facet normal 0 0 -1
    outer loop
      vertex 36.25231170654297 -16.90472984313965 0
      vertex 38.04204559326172 -35.05525207519531 0
      vertex 37.79121017456055 -34.63835906982422 0
    endloop
  endfacet
  facet normal 0 0 -1
    outer loop
      vertex 61.06217956542969 -3.5 0
      vertex 37.587703704833984 -13.680805206298828 0
      vertex 38.63703155517578 -10.352761268615723 0
    endloop
  endfacet
  facet normal 0 0 -1
    outer loop
      vertex 36.25231170654297 -16.90472984313965 0
      vertex 37.79121017456055 -34.63835906982422 0
      vertex 37.45661926269531 -34.28513717651367 0
    endloop
  endfacet
  facet normal 0 0 -1
    outer loop
      vertex 34.641014099121094 -20 0
      vertex 37.45661926269531 -34.28513717651367 0
      vertex 37.053916931152344 -34.01210021972656 0
    endloop
  endfacet
  facet normal 0 0 -1
    outer loop
      vertex 32.766082763671875 -22.943058013916016 0
      vertex 37.053916931152344 -34.01210021972656 0
      vertex 36.60193634033203 -33.83201217651367 0
    endloop
  endfacet
  facet normal 0 0 -1
    outer loop
      vertex 61.06217956542969 -3.5 0
      vertex 36.25231170654297 -16.90472984313965 0
      vertex 37.587703704833984 -13.680805206298828 0
    endloop
  endfacet
  facet normal 0 0 -1
    outer loop
      vertex 32.766082763671875 -22.943058013916016 0
      vertex 36.60193634033203 -33.83201217651367 0
      vertex 36.12181091308594 -33.753299713134766 0
    endloop
  endfacet
  facet normal 0 0 -1
    outer loop
      vertex 30.64177703857422 -25.711503982543945 0
      vertex 36.12181091308594 -33.753299713134766 0
      vertex 35.635990142822266 -33.779640197753906 0
    endloop
  endfacet
  facet normal 0 0 -1
    outer loop
      vertex 30.64177703857422 -25.711503982543945 0
      vertex 35.635990142822266 -33.779640197753906 0
      vertex 35.16719055175781 -33.9098014831543 0
    endloop
  endfacet
  facet normal 0 0 -1
    outer loop
      vertex 30.64177703857422 -25.711503982543945 0
      vertex 35.16719055175781 -33.9098014831543 0
      vertex 34.737327575683594 -34.137699127197266 0
    endloop
  endfacet
  facet normal 0 0 -1
    outer loop
      vertex 37.45661926269531 -34.28513717651367 0
      vertex 34.641014099121094 -20 0
      vertex 36.25231170654297 -16.90472984313965 0
    endloop
  endfacet
  facet normal 0 0 -1
    outer loop
      vertex 28.284271240234375 -28.284271240234375 0
      vertex 34.737327575683594 -34.137699127197266 0
      vertex 34.36650848388672 -34.452674865722656 0
    endloop
  endfacet
  facet normal 0 0 -1
    outer loop
      vertex 28.284271240234375 -28.284271240234375 0
      vertex 34.36650848388672 -34.452674865722656 0
      vertex 34.07207107543945 -34.840003967285156 0
    endloop
  endfacet
  facet normal 0 0 -1
    outer loop
      vertex 25.711503982543945 -30.64177703857422 0
      vertex 34.07207107543945 -34.840003967285156 0
      vertex 33.86778259277344 -35.28157043457031 0
    endloop
  endfacet
  facet normal 0 0 -1
    outer loop
      vertex 25.711503982543945 -30.64177703857422 0
      vertex 33.86778259277344 -35.28157043457031 0
      vertex 33.76319122314453 -35.75673294067383 0
    endloop
  endfacet
  facet normal 0 0 -1
    outer loop
      vertex 27.5 -54.63139724731445 0
      vertex 33.56217956542969 -51.13139724731445 0
      vertex 33.23406219482422 -51.64643096923828 0
    endloop
  endfacet
  facet normal 0 0 -1
    outer loop
      vertex 27.5 -54.63139724731445 0
      vertex 33.23406219482422 -51.64643096923828 0
      vertex 32.86231231689453 -52.13090896606445 0
    endloop
  endfacet
  facet normal 0 0 -1
    outer loop
      vertex 37.053916931152344 -34.01210021972656 0
      vertex 32.766082763671875 -22.943058013916016 0
      vertex 34.641014099121094 -20 0
    endloop
  endfacet
  facet normal 0 0 -1
    outer loop
      vertex 33.86778259277344 -36.71842956542969 0
      vertex 22.943058013916016 -32.766082763671875 0
      vertex 33.76319122314453 -36.24326705932617 0
    endloop
  endfacet
  facet normal 0 0 -1
    outer loop
      vertex 27.5 -54.63139724731445 0
      vertex 32.86231231689453 -52.13090896606445 0
      vertex 32.449745178222656 -52.581146240234375 0
    endloop
  endfacet
  facet normal 0 0 -1
    outer loop
      vertex 27.5 -54.63139724731445 0
      vertex 32.449745178222656 -52.581146240234375 0
      vertex 31.99951171875 -52.99370574951172 0
    endloop
  endfacet
  facet normal 0 0 -1
    outer loop
      vertex 27.5 -54.63139724731445 0
      vertex 31.99951171875 -52.99370574951172 0
      vertex 31.515033721923828 -53.36546325683594 0
    endloop
  endfacet
  facet normal 0 0 -1
    outer loop
      vertex 27.5 -54.63139724731445 0
      vertex 31.515033721923828 -53.36546325683594 0
      vertex 31 -53.693572998046875 0
    endloop
  endfacet
  facet normal 0 0 -1
    outer loop
      vertex 36.12181091308594 -33.753299713134766 0
      vertex 30.64177703857422 -25.711503982543945 0
      vertex 32.766082763671875 -22.943058013916016 0
    endloop
  endfacet
  facet normal 0 0 -1
    outer loop
      vertex 27.5 -54.63139724731445 0
      vertex 31 -53.693572998046875 0
      vertex 30.458328247070312 -53.97555160522461 0
    endloop
  endfacet
  facet normal 0 0 -1
    outer loop
      vertex 27.5 -54.63139724731445 0
      vertex 30.458328247070312 -53.97555160522461 0
      vertex 29.894140243530273 -54.20924377441406 0
    endloop
  endfacet
  facet normal 0 0 -1
    outer loop
      vertex 27.5 -54.63139724731445 0
      vertex 29.894140243530273 -54.20924377441406 0
      vertex 29.31173324584961 -54.39287567138672 0
    endloop
  endfacet
  facet normal 0 0 -1
    outer loop
      vertex 27.5 -54.63139724731445 0
      vertex 29.31173324584961 -54.39287567138672 0
      vertex 28.715538024902344 -54.52505111694336 0
    endloop
  endfacet
  facet normal 0 0 -1
    outer loop
      vertex 34.737327575683594 -34.137699127197266 0
      vertex 28.284271240234375 -28.284271240234375 0
      vertex 30.64177703857422 -25.711503982543945 0
    endloop
  endfacet
  facet normal 0 0 -1
    outer loop
      vertex 27.5 -54.63139724731445 0
      vertex 28.715538024902344 -54.52505111694336 0
      vertex 28.110088348388672 -54.604759216308594 0
    endloop
  endfacet
  facet normal 0 0 -1
    outer loop
      vertex 33.56217956542969 -51.13139724731445 0
      vertex 27.5 -54.63139724731445 0
      vertex 20 -34.641014099121094 0
    endloop
  endfacet
  facet normal 0 0 -1
    outer loop
      vertex 34.07207107543945 -34.840003967285156 0
      vertex 25.711503982543945 -30.64177703857422 0
      vertex 28.284271240234375 -28.284271240234375 0
    endloop
  endfacet
  facet normal 0 0 -1
    outer loop
      vertex 33.76319122314453 -36.24326705932617 0
      vertex 25.711503982543945 -30.64177703857422 0
      vertex 33.76319122314453 -35.75673294067383 0
    endloop
  endfacet
  facet normal 0 0 -1
    outer loop
      vertex 25.711503982543945 -30.64177703857422 0
      vertex 33.76319122314453 -36.24326705932617 0
      vertex 22.943058013916016 -32.766082763671875 0
    endloop
  endfacet
  facet normal 0 0 -1
    outer loop
      vertex 27.5 -54.63139724731445 0
      vertex 16.90472984313965 -36.25231170654297 0
      vertex 20 -34.641014099121094 0
    endloop
  endfacet
  facet normal 0 0 -1
    outer loop
      vertex 27.5 -54.63139724731445 0
      vertex 13.680805206298828 -37.587703704833984 0
      vertex 16.90472984313965 -36.25231170654297 0
    endloop
  endfacet
  facet normal 0 0 -1
    outer loop
      vertex 27.5 -54.63139724731445 0
      vertex 10.352761268615723 -38.63703155517578 0
      vertex 13.680805206298828 -37.587703704833984 0
    endloop
  endfacet
  facet normal 0 0 -1
    outer loop
      vertex 27.5 -54.63139724731445 0
      vertex 6.945926666259766 -39.392311096191406 0
      vertex 10.352761268615723 -38.63703155517578 0
    endloop
  endfacet
  facet normal 0 0 -1
    outer loop
      vertex 27.5 -54.63139724731445 0
      vertex 3.4862289428710938 -39.84778594970703 0
      vertex 6.945926666259766 -39.392311096191406 0
    endloop
  endfacet
  facet normal 0 0 -1
    outer loop
      vertex 27.5 -54.63139724731445 0
      vertex 0 -40 0
      vertex 3.4862289428710938 -39.84778594970703 0
    endloop
  endfacet
  facet normal 0 0 -1
    outer loop
      vertex -27.5 -54.63139724731445 0
      vertex 0 -40 0
      vertex 27.5 -54.63139724731445 0
    endloop
  endfacet
  facet normal 0 0 -1
    outer loop
      vertex 0 -40 0
      vertex -27.5 -54.63139724731445 0
      vertex -3.4862289428710938 -39.84778594970703 0
    endloop
  endfacet
  facet normal 0 0 -1
    outer loop
      vertex -3.4862289428710938 -39.84778594970703 0
      vertex -27.5 -54.63139724731445 0
      vertex -6.945926666259766 -39.392311096191406 0
    endloop
  endfacet
  facet normal 0 0 -1
    outer loop
      vertex -6.945926666259766 -39.392311096191406 0
      vertex -27.5 -54.63139724731445 0
      vertex -10.352761268615723 -38.63703155517578 0
    endloop
  endfacet
  facet normal 0 0 -1
    outer loop
      vertex -10.352761268615723 -38.63703155517578 0
      vertex -27.5 -54.63139724731445 0
      vertex -13.680805206298828 -37.587703704833984 0
    endloop
  endfacet
  facet normal 0 0 -1
    outer loop
      vertex -27.5 -54.63139724731445 0
      vertex -16.90472984313965 -36.25231170654297 0
      vertex -13.680805206298828 -37.587703704833984 0
    endloop
  endfacet
  facet normal 0 0 -1
    outer loop
      vertex -27.5 -54.63139724731445 0
      vertex -20 -34.641014099121094 0
      vertex -16.90472984313965 -36.25231170654297 0
    endloop
  endfacet
  facet normal 0 0 -1
    outer loop
      vertex -33.56217956542969 -51.13139724731445 0
      vertex -20 -34.641014099121094 0
      vertex -27.5 -54.63139724731445 0
    endloop
  endfacet
  facet normal 0 0 -1
    outer loop
      vertex -34.20878982543945 -37.36164093017578 0
      vertex -20 -34.641014099121094 0
      vertex -33.56217956542969 -51.13139724731445 0
    endloop
  endfacet
  facet normal 0 0 -1
    outer loop
      vertex -33.56217956542969 -51.13139724731445 0
      vertex -27.5 -54.63139724731445 0
      vertex -28.110088348388672 -54.604759216308594 0
    endloop
  endfacet
  facet normal 0 0 -1
    outer loop
      vertex -22.943058013916016 -32.766082763671875 0
      vertex -33.75 -36 0
      vertex -25.711503982543945 -30.64177703857422 0
    endloop
  endfacet
  facet normal 0 0 -1
    outer loop
      vertex -33.56217956542969 -51.13139724731445 0
      vertex -28.110088348388672 -54.604759216308594 0
      vertex -28.715538024902344 -54.52505111694336 0
    endloop
  endfacet
  facet normal 0 0 -1
    outer loop
      vertex -33.56217956542969 -51.13139724731445 0
      vertex -28.715538024902344 -54.52505111694336 0
      vertex -29.31173324584961 -54.39287567138672 0
    endloop
  endfacet
  facet normal 0 0 -1
    outer loop
      vertex -33.56217956542969 -51.13139724731445 0
      vertex -29.31173324584961 -54.39287567138672 0
      vertex -29.894140243530273 -54.20924377441406 0
    endloop
  endfacet
  facet normal 0 0 -1
    outer loop
      vertex -33.56217956542969 -51.13139724731445 0
      vertex -29.894140243530273 -54.20924377441406 0
      vertex -30.458328247070312 -53.97555160522461 0
    endloop
  endfacet
  facet normal 0 0 -1
    outer loop
      vertex -33.80260467529297 -35.516319274902344 0
      vertex -25.711503982543945 -30.64177703857422 0
      vertex -33.75 -36 0
    endloop
  endfacet
  facet normal 0 0 -1
    outer loop
      vertex -33.56217956542969 -51.13139724731445 0
      vertex -30.458328247070312 -53.97555160522461 0
      vertex -31 -53.693572998046875 0
    endloop
  endfacet
  facet normal 0 0 -1
    outer loop
      vertex -33.56217956542969 -51.13139724731445 0
      vertex -31 -53.693572998046875 0
      vertex -31.515033721923828 -53.36546325683594 0
    endloop
  endfacet
  facet normal 0 0 -1
    outer loop
      vertex -33.56217956542969 -51.13139724731445 0
      vertex -31.515033721923828 -53.36546325683594 0
      vertex -31.99951171875 -52.99370574951172 0
    endloop
  endfacet
  facet normal 0 0 -1
    outer loop
      vertex -33.56217956542969 -51.13139724731445 0
      vertex -31.99951171875 -52.99370574951172 0
      vertex -32.449745178222656 -52.581146240234375 0
    endloop
  endfacet
  facet normal 0 0 -1
    outer loop
      vertex -33.95795440673828 -35.05525207519531 0
      vertex -25.711503982543945 -30.64177703857422 0
      vertex -33.80260467529297 -35.516319274902344 0
    endloop
  endfacet
  facet normal 0 0 -1
    outer loop
      vertex -33.56217956542969 -51.13139724731445 0
      vertex -32.449745178222656 -52.581146240234375 0
      vertex -32.86231231689453 -52.13090896606445 0
    endloop
  endfacet
  facet normal 0 0 -1
    outer loop
      vertex -33.56217956542969 -51.13139724731445 0
      vertex -32.86231231689453 -52.13090896606445 0
      vertex -33.23406219482422 -51.64643096923828 0
    endloop
  endfacet
  facet normal 0 0 -1
    outer loop
      vertex -33.80260467529297 -36.483680725097656 0
      vertex -22.943058013916016 -32.766082763671875 0
      vertex -20 -34.641014099121094 0
    endloop
  endfacet
  facet normal 0 0 -1
    outer loop
      vertex -25.711503982543945 -30.64177703857422 0
      vertex -33.95795440673828 -35.05525207519531 0
      vertex -28.284271240234375 -28.284271240234375 0
    endloop
  endfacet
  facet normal 0 0 -1
    outer loop
      vertex -34.20878982543945 -34.63835906982422 0
      vertex -28.284271240234375 -28.284271240234375 0
      vertex -33.95795440673828 -35.05525207519531 0
    endloop
  endfacet
  facet normal 0 0 -1
    outer loop
      vertex -34.54338073730469 -34.28513717651367 0
      vertex -28.284271240234375 -28.284271240234375 0
      vertex -34.20878982543945 -34.63835906982422 0
    endloop
  endfacet
  facet normal 0 0 -1
    outer loop
      vertex -34.946083068847656 -34.01210021972656 0
      vertex -28.284271240234375 -28.284271240234375 0
      vertex -34.54338073730469 -34.28513717651367 0
    endloop
  endfacet
  facet normal 0 0 -1
    outer loop
      vertex -28.284271240234375 -28.284271240234375 0
      vertex -34.946083068847656 -34.01210021972656 0
      vertex -30.64177703857422 -25.711503982543945 0
    endloop
  endfacet
  facet normal 0 0 -1
    outer loop
      vertex -35.39806365966797 -33.83201217651367 0
      vertex -30.64177703857422 -25.711503982543945 0
      vertex -34.946083068847656 -34.01210021972656 0
    endloop
  endfacet
  facet normal 0 0 -1
    outer loop
      vertex -35.87818908691406 -33.753299713134766 0
      vertex -30.64177703857422 -25.711503982543945 0
      vertex -35.39806365966797 -33.83201217651367 0
    endloop
  endfacet
  facet normal 0 0 -1
    outer loop
      vertex -30.64177703857422 -25.711503982543945 0
      vertex -35.87818908691406 -33.753299713134766 0
      vertex -32.766082763671875 -22.943058013916016 0
    endloop
  endfacet
  facet normal 0 0 -1
    outer loop
      vertex -36.364009857177734 -33.779640197753906 0
      vertex -32.766082763671875 -22.943058013916016 0
      vertex -35.87818908691406 -33.753299713134766 0
    endloop
  endfacet
  facet normal 0 0 -1
    outer loop
      vertex -36.83280944824219 -33.9098014831543 0
      vertex -32.766082763671875 -22.943058013916016 0
      vertex -36.364009857177734 -33.779640197753906 0
    endloop
  endfacet
  facet normal 0 0 -1
    outer loop
      vertex -32.766082763671875 -22.943058013916016 0
      vertex -36.83280944824219 -33.9098014831543 0
      vertex -34.641014099121094 -20 0
    endloop
  endfacet
  facet normal 0 0 -1
    outer loop
      vertex -37.262672424316406 -34.137699127197266 0
      vertex -34.641014099121094 -20 0
      vertex -36.83280944824219 -33.9098014831543 0
    endloop
  endfacet
  facet normal 0 0 -1
    outer loop
      vertex -37.63349151611328 -34.452674865722656 0
      vertex -34.641014099121094 -20 0
      vertex -37.262672424316406 -34.137699127197266 0
    endloop
  endfacet
  facet normal 0 0 -1
    outer loop
      vertex -34.641014099121094 -20 0
      vertex -37.63349151611328 -34.452674865722656 0
      vertex -36.25231170654297 -16.90472984313965 0
    endloop
  endfacet
  facet normal 0 0 -1
    outer loop
      vertex -37.92792892456055 -34.840003967285156 0
      vertex -36.25231170654297 -16.90472984313965 0
      vertex -37.63349151611328 -34.452674865722656 0
    endloop
  endfacet
  facet normal 0 0 -1
    outer loop
      vertex -36.25231170654297 -16.90472984313965 0
      vertex -37.92792892456055 -34.840003967285156 0
      vertex -37.587703704833984 -13.680805206298828 0
    endloop
  endfacet
  facet normal 0 0 -1
    outer loop
      vertex -38.13221740722656 -35.28157043457031 0
      vertex -37.587703704833984 -13.680805206298828 0
      vertex -37.92792892456055 -34.840003967285156 0
    endloop
  endfacet
  facet normal 0 0 -1
    outer loop
      vertex -38.63703155517578 -10.352761268615723 0
      vertex -38.13221740722656 -35.28157043457031 0
      vertex -38.23680877685547 -35.75673294067383 0
    endloop
  endfacet
  facet normal 0 0 -1
    outer loop
      vertex -38.13221740722656 -35.28157043457031 0
      vertex -38.63703155517578 -10.352761268615723 0
      vertex -37.587703704833984 -13.680805206298828 0
    endloop
  endfacet
  facet normal -0.9914449909803443 -0.1305252077569113 0
    outer loop
      vertex -61.893653869628906 -1.2155370712280273 0
      vertex -61.97336196899414 -0.6100893020629883 7.899999618530273
      vertex -61.97336196899414 -0.6100893020629883 0
    endloop
  endfacet
  facet normal -0.9914449909803443 -0.1305252077569113 0
    outer loop
      vertex -61.97336196899414 -0.6100893020629883 7.899999618530273
      vertex -61.893653869628906 -1.2155370712280273 0
      vertex -61.893653869628906 -1.2155370712280273 7.899999618530273
    endloop
  endfacet
  facet normal -0.7933558427050131 0.6087581677857132 0
    outer loop
      vertex -33.23406219482422 51.64643096923828 0
      vertex -32.86231231689453 52.13090896606445 7.899999618530273
      vertex -32.86231231689453 52.13090896606445 0
    endloop
  endfacet
  facet normal -0.7933558427050131 0.6087581677857132 0
    outer loop
      vertex -32.86231231689453 52.13090896606445 7.899999618530273
      vertex -33.23406219482422 51.64643096923828 0
      vertex -33.23406219482422 51.64643096923828 7.899999618530273
    endloop
  endfacet
  facet normal 0 0 1
    outer loop
      vertex -22.943058013916016 32.766082763671875 7.899999618530273
      vertex -32.03031921386719 36.491554260253906 7.899999618530273
      vertex -32 36 7.899999618530273
    endloop
  endfacet
  facet normal 0 0 1
    outer loop
      vertex -27.5 54.63139724731445 7.899999618530273
      vertex -32.120811462402344 36.97565460205078 7.899999618530273
      vertex -32.03031921386719 36.491554260253906 7.899999618530273
    endloop
  endfacet
  facet normal 0 0 1
    outer loop
      vertex -27.5 54.63139724731445 7.899999618530273
      vertex -32.270111083984375 37.44496536254883 7.899999618530273
      vertex -32.120811462402344 36.97565460205078 7.899999618530273
    endloop
  endfacet
  facet normal 0 0 1
    outer loop
      vertex -33.56217956542969 51.13139724731445 7.899999618530273
      vertex -31.99951171875 52.99370574951172 7.899999618530273
      vertex -32.449745178222656 52.581146240234375 7.899999618530273
    endloop
  endfacet
  facet normal 0 0 1
    outer loop
      vertex -27.5 54.63139724731445 7.899999618530273
      vertex -32.4759521484375 37.892372131347656 7.899999618530273
      vertex -32.270111083984375 37.44496536254883 7.899999618530273
    endloop
  endfacet
  facet normal 0 0 1
    outer loop
      vertex -27.5 54.63139724731445 7.899999618530273
      vertex -32.73521423339844 38.31109619140625 7.899999618530273
      vertex -32.4759521484375 37.892372131347656 7.899999618530273
    endloop
  endfacet
  facet normal 0 0 1
    outer loop
      vertex -33.56217956542969 51.13139724731445 7.899999618530273
      vertex -32.449745178222656 52.581146240234375 7.899999618530273
      vertex -32.86231231689453 52.13090896606445 7.899999618530273
    endloop
  endfacet
  facet normal 0 0 1
    outer loop
      vertex -27.5 54.63139724731445 7.899999618530273
      vertex -33.56217956542969 51.13139724731445 7.899999618530273
      vertex -33.04396438598633 38.69478225708008 7.899999618530273
    endloop
  endfacet
  facet normal 0 0 1
    outer loop
      vertex -33.56217956542969 51.13139724731445 7.899999618530273
      vertex -32.86231231689453 52.13090896606445 7.899999618530273
      vertex -33.23406219482422 51.64643096923828 7.899999618530273
    endloop
  endfacet
  facet normal 0 0 1
    outer loop
      vertex -27.5 54.63139724731445 7.899999618530273
      vertex -33.04396438598633 38.69478225708008 7.899999618530273
      vertex -32.73521423339844 38.31109619140625 7.899999618530273
    endloop
  endfacet
  facet normal 0 0 1
    outer loop
      vertex -33.04396438598633 38.69478225708008 7.899999618530273
      vertex -33.56217956542969 51.13139724731445 7.899999618530273
      vertex -33.39752960205078 39.037620544433594 7.899999618530273
    endloop
  endfacet
  facet normal 0 0 1
    outer loop
      vertex -33.56217956542969 51.13139724731445 7.899999618530273
      vertex -33.79054260253906 39.334407806396484 7.899999618530273
      vertex -33.39752960205078 39.037620544433594 7.899999618530273
    endloop
  endfacet
  facet normal 0 0 1
    outer loop
      vertex -33.56217956542969 51.13139724731445 7.899999618530273
      vertex -34.21704864501953 39.580650329589844 7.899999618530273
      vertex -33.79054260253906 39.334407806396484 7.899999618530273
    endloop
  endfacet
  facet normal 0 0 1
    outer loop
      vertex -33.56217956542969 51.13139724731445 7.899999618530273
      vertex -34.67058181762695 39.77261734008789 7.899999618530273
      vertex -34.21704864501953 39.580650329589844 7.899999618530273
    endloop
  endfacet
  facet normal 0 0 1
    outer loop
      vertex -33.56217956542969 51.13139724731445 7.899999618530273
      vertex -35.14426803588867 39.90739440917969 7.899999618530273
      vertex -34.67058181762695 39.77261734008789 7.899999618530273
    endloop
  endfacet
  facet normal 0 0 1
    outer loop
      vertex -33.56217956542969 51.13139724731445 7.899999618530273
      vertex -35.63092803955078 39.98293685913086 7.899999618530273
      vertex -35.14426803588867 39.90739440917969 7.899999618530273
    endloop
  endfacet
  facet normal 0 0 1
    outer loop
      vertex -33.56217956542969 51.13139724731445 7.899999618530273
      vertex -36.1231803894043 39.99810028076172 7.899999618530273
      vertex -35.63092803955078 39.98293685913086 7.899999618530273
    endloop
  endfacet
  facet normal 0 0 1
    outer loop
      vertex -33.56217956542969 51.13139724731445 7.899999618530273
      vertex -36.61356735229492 39.952659606933594 7.899999618530273
      vertex -36.1231803894043 39.99810028076172 7.899999618530273
    endloop
  endfacet
  facet normal 0 0 1
    outer loop
      vertex -33.56217956542969 51.13139724731445 7.899999618530273
      vertex -37.09465026855469 39.8473014831543 7.899999618530273
      vertex -36.61356735229492 39.952659606933594 7.899999618530273
    endloop
  endfacet
  facet normal 0 0 1
    outer loop
      vertex -33.56217956542969 51.13139724731445 7.899999618530273
      vertex -37.55914306640625 39.68362045288086 7.899999618530273
      vertex -37.09465026855469 39.8473014831543 7.899999618530273
    endloop
  endfacet
  facet normal 0 0 1
    outer loop
      vertex -33.56217956542969 51.13139724731445 7.899999618530273
      vertex -38 39.4640998840332 7.899999618530273
      vertex -37.55914306640625 39.68362045288086 7.899999618530273
    endloop
  endfacet
  facet normal 0 0 1
    outer loop
      vertex -33.56217956542969 51.13139724731445 7.899999618530273
      vertex -38.41053771972656 39.19207000732422 7.899999618530273
      vertex -38 39.4640998840332 7.899999618530273
    endloop
  endfacet
  facet normal 0 0 1
    outer loop
      vertex -33.56217956542969 51.13139724731445 7.899999618530273
      vertex -38.7845344543457 38.871646881103516 7.899999618530273
      vertex -38.41053771972656 39.19207000732422 7.899999618530273
    endloop
  endfacet
  facet normal 0 0 1
    outer loop
      vertex -33.56217956542969 51.13139724731445 7.899999618530273
      vertex -39.1163215637207 38.507694244384766 7.899999618530273
      vertex -38.7845344543457 38.871646881103516 7.899999618530273
    endloop
  endfacet
  facet normal 0 0 1
    outer loop
      vertex -33.56217956542969 51.13139724731445 7.899999618530273
      vertex -39.4008674621582 38.10572814941406 7.899999618530273
      vertex -39.1163215637207 38.507694244384766 7.899999618530273
    endloop
  endfacet
  facet normal 0 0 1
    outer loop
      vertex -33.56217956542969 51.13139724731445 7.899999618530273
      vertex -39.63386154174805 37.67184066772461 7.899999618530273
      vertex -39.4008674621582 38.10572814941406 7.899999618530273
    endloop
  endfacet
  facet normal 0 0 1
    outer loop
      vertex -61.06217956542969 3.5 7.899999618530273
      vertex -39.99241256713867 35.75375747680664 7.899999618530273
      vertex -39.99241256713867 36.24624252319336 7.899999618530273
    endloop
  endfacet
  facet normal 0 0 1
    outer loop
      vertex -39.99241256713867 35.75375747680664 7.899999618530273
      vertex -61.06217956542969 3.5 7.899999618530273
      vertex -40 0 7.899999618530273
    endloop
  endfacet
  facet normal 0 0 1
    outer loop
      vertex -39.93189239501953 36.7349967956543 7.899999618530273
      vertex -61.06217956542969 3.5 7.899999618530273
      vertex -39.99241256713867 36.24624252319336 7.899999618530273
    endloop
  endfacet
  facet normal 0 0 1
    outer loop
      vertex -39.811767578125 37.212608337402344 7.899999618530273
      vertex -61.06217956542969 3.5 7.899999618530273
      vertex -39.93189239501953 36.7349967956543 7.899999618530273
    endloop
  endfacet
  facet normal 0 0 1
    outer loop
      vertex -39.63386154174805 37.67184066772461 7.899999618530273
      vertex -61.06217956542969 3.5 7.899999618530273
      vertex -39.811767578125 37.212608337402344 7.899999618530273
    endloop
  endfacet
  facet normal 0 0 1
    outer loop
      vertex -61.06217956542969 3.5 7.899999618530273
      vertex -39.63386154174805 37.67184066772461 7.899999618530273
      vertex -33.56217956542969 51.13139724731445 7.899999618530273
    endloop
  endfacet
  facet normal 0 0 1
    outer loop
      vertex -22.943058013916016 -32.766082763671875 7.899999618530273
      vertex -32.270111083984375 -37.44496536254883 7.899999618530273
      vertex -20 -34.641014099121094 7.899999618530273
    endloop
  endfacet
  facet normal 0 0 1
    outer loop
      vertex -32.4759521484375 -37.892372131347656 7.899999618530273
      vertex -20 -34.641014099121094 7.899999618530273
      vertex -32.270111083984375 -37.44496536254883 7.899999618530273
    endloop
  endfacet
  facet normal 0 0 1
    outer loop
      vertex -32.73521423339844 -38.31109619140625 7.899999618530273
      vertex -20 -34.641014099121094 7.899999618530273
      vertex -32.4759521484375 -37.892372131347656 7.899999618530273
    endloop
  endfacet
  facet normal 0 0 1
    outer loop
      vertex -20 -34.641014099121094 7.899999618530273
      vertex -32.73521423339844 -38.31109619140625 7.899999618530273
      vertex -27.5 -54.63139724731445 7.899999618530273
    endloop
  endfacet
  facet normal 0 0 1
    outer loop
      vertex -33.04396438598633 -38.69478225708008 7.899999618530273
      vertex -27.5 -54.63139724731445 7.899999618530273
      vertex -32.73521423339844 -38.31109619140625 7.899999618530273
    endloop
  endfacet
  facet normal 0 0 1
    outer loop
      vertex -33.56217956542969 -51.13139724731445 7.899999618530273
      vertex -27.5 -54.63139724731445 7.899999618530273
      vertex -33.04396438598633 -38.69478225708008 7.899999618530273
    endloop
  endfacet
  facet normal 0 0 1
    outer loop
      vertex -31.99951171875 -52.99370574951172 7.899999618530273
      vertex -33.56217956542969 -51.13139724731445 7.899999618530273
      vertex -32.449745178222656 -52.581146240234375 7.899999618530273
    endloop
  endfacet
  facet normal 0 0 1
    outer loop
      vertex -27.5 -54.63139724731445 7.899999618530273
      vertex -33.56217956542969 -51.13139724731445 7.899999618530273
      vertex -31.99951171875 -52.99370574951172 7.899999618530273
    endloop
  endfacet
  facet normal 0 0 1
    outer loop
      vertex -32.449745178222656 -52.581146240234375 7.899999618530273
      vertex -33.56217956542969 -51.13139724731445 7.899999618530273
      vertex -32.86231231689453 -52.13090896606445 7.899999618530273
    endloop
  endfacet
  facet normal 0 0 1
    outer loop
      vertex -33.56217956542969 -51.13139724731445 7.899999618530273
      vertex -33.04396438598633 -38.69478225708008 7.899999618530273
      vertex -33.39752960205078 -39.037620544433594 7.899999618530273
    endloop
  endfacet
  facet normal 0 0 1
    outer loop
      vertex -32.86231231689453 -52.13090896606445 7.899999618530273
      vertex -33.56217956542969 -51.13139724731445 7.899999618530273
      vertex -33.23406219482422 -51.64643096923828 7.899999618530273
    endloop
  endfacet
  facet normal 0 0 1
    outer loop
      vertex -33.79054260253906 -39.334407806396484 7.899999618530273
      vertex -33.56217956542969 -51.13139724731445 7.899999618530273
      vertex -33.39752960205078 -39.037620544433594 7.899999618530273
    endloop
  endfacet
  facet normal 0 0 1
    outer loop
      vertex -34.21704864501953 -39.580650329589844 7.899999618530273
      vertex -33.56217956542969 -51.13139724731445 7.899999618530273
      vertex -33.79054260253906 -39.334407806396484 7.899999618530273
    endloop
  endfacet
  facet normal 0 0 1
    outer loop
      vertex -34.67058181762695 -39.77261734008789 7.899999618530273
      vertex -33.56217956542969 -51.13139724731445 7.899999618530273
      vertex -34.21704864501953 -39.580650329589844 7.899999618530273
    endloop
  endfacet
  facet normal 0 0 1
    outer loop
      vertex -35.14426803588867 -39.90739440917969 7.899999618530273
      vertex -33.56217956542969 -51.13139724731445 7.899999618530273
      vertex -34.67058181762695 -39.77261734008789 7.899999618530273
    endloop
  endfacet
  facet normal 0 0 1
    outer loop
      vertex -35.63092803955078 -39.98293685913086 7.899999618530273
      vertex -33.56217956542969 -51.13139724731445 7.899999618530273
      vertex -35.14426803588867 -39.90739440917969 7.899999618530273
    endloop
  endfacet
  facet normal 0 0 1
    outer loop
      vertex -36.1231803894043 -39.99810028076172 7.899999618530273
      vertex -33.56217956542969 -51.13139724731445 7.899999618530273
      vertex -35.63092803955078 -39.98293685913086 7.899999618530273
    endloop
  endfacet
  facet normal 0 0 1
    outer loop
      vertex -36.61356735229492 -39.952659606933594 7.899999618530273
      vertex -33.56217956542969 -51.13139724731445 7.899999618530273
      vertex -36.1231803894043 -39.99810028076172 7.899999618530273
    endloop
  endfacet
  facet normal 0 0 1
    outer loop
      vertex -37.09465026855469 -39.8473014831543 7.899999618530273
      vertex -33.56217956542969 -51.13139724731445 7.899999618530273
      vertex -36.61356735229492 -39.952659606933594 7.899999618530273
    endloop
  endfacet
  facet normal 0 0 1
    outer loop
      vertex -37.55914306640625 -39.68362045288086 7.899999618530273
      vertex -33.56217956542969 -51.13139724731445 7.899999618530273
      vertex -37.09465026855469 -39.8473014831543 7.899999618530273
    endloop
  endfacet
  facet normal 0 0 1
    outer loop
      vertex -38 -39.4640998840332 7.899999618530273
      vertex -33.56217956542969 -51.13139724731445 7.899999618530273
      vertex -37.55914306640625 -39.68362045288086 7.899999618530273
    endloop
  endfacet
  facet normal 0 0 1
    outer loop
      vertex -38.41053771972656 -39.19207000732422 7.899999618530273
      vertex -33.56217956542969 -51.13139724731445 7.899999618530273
      vertex -38 -39.4640998840332 7.899999618530273
    endloop
  endfacet
  facet normal 0 0 1
    outer loop
      vertex -38.7845344543457 -38.871646881103516 7.899999618530273
      vertex -33.56217956542969 -51.13139724731445 7.899999618530273
      vertex -38.41053771972656 -39.19207000732422 7.899999618530273
    endloop
  endfacet
  facet normal 0 0 1
    outer loop
      vertex -39.1163215637207 -38.507694244384766 7.899999618530273
      vertex -33.56217956542969 -51.13139724731445 7.899999618530273
      vertex -38.7845344543457 -38.871646881103516 7.899999618530273
    endloop
  endfacet
  facet normal 0 0 1
    outer loop
      vertex -39.4008674621582 -38.10572814941406 7.899999618530273
      vertex -33.56217956542969 -51.13139724731445 7.899999618530273
      vertex -39.1163215637207 -38.507694244384766 7.899999618530273
    endloop
  endfacet
  facet normal 0 0 1
    outer loop
      vertex -39.63386154174805 -37.67184066772461 7.899999618530273
      vertex -33.56217956542969 -51.13139724731445 7.899999618530273
      vertex -39.4008674621582 -38.10572814941406 7.899999618530273
    endloop
  endfacet
  facet normal 0 0 1
    outer loop
      vertex -39.93189239501953 -35.2650032043457 7.899999618530273
      vertex -61.06217956542969 -3.5 7.899999618530273
      vertex -39.99241256713867 -35.75375747680664 7.899999618530273
    endloop
  endfacet
  facet normal 0 0 1
    outer loop
      vertex -39.99241256713867 -35.75375747680664 7.899999618530273
      vertex -61.06217956542969 -3.5 7.899999618530273
      vertex -39.99241256713867 -36.24624252319336 7.899999618530273
    endloop
  endfacet
  facet normal 0 0 1
    outer loop
      vertex -39.99241256713867 -36.24624252319336 7.899999618530273
      vertex -61.06217956542969 -3.5 7.899999618530273
      vertex -39.93189239501953 -36.7349967956543 7.899999618530273
    endloop
  endfacet
  facet normal 0 0 1
    outer loop
      vertex -39.93189239501953 -36.7349967956543 7.899999618530273
      vertex -61.06217956542969 -3.5 7.899999618530273
      vertex -39.811767578125 -37.212608337402344 7.899999618530273
    endloop
  endfacet
  facet normal 0 0 1
    outer loop
      vertex -39.811767578125 -37.212608337402344 7.899999618530273
      vertex -61.06217956542969 -3.5 7.899999618530273
      vertex -39.63386154174805 -37.67184066772461 7.899999618530273
    endloop
  endfacet
  facet normal 0 0 1
    outer loop
      vertex -39.63386154174805 -37.67184066772461 7.899999618530273
      vertex -61.06217956542969 -3.5 7.899999618530273
      vertex -33.56217956542969 -51.13139724731445 7.899999618530273
    endloop
  endfacet
  facet normal 0 0 1
    outer loop
      vertex -61.344154357910156 2.958327293395996 7.899999618530273
      vertex -61.06217956542969 -3.5 7.899999618530273
      vertex -61.06217956542969 3.5 7.899999618530273
    endloop
  endfacet
  facet normal 0 0 1
    outer loop
      vertex -61.344154357910156 2.958327293395996 7.899999618530273
      vertex -61.344154357910156 -2.958327293395996 7.899999618530273
      vertex -61.06217956542969 -3.5 7.899999618530273
    endloop
  endfacet
  facet normal 0 0 1
    outer loop
      vertex -61.57784652709961 2.3941402435302734 7.899999618530273
      vertex -61.344154357910156 -2.958327293395996 7.899999618530273
      vertex -61.344154357910156 2.958327293395996 7.899999618530273
    endloop
  endfacet
  facet normal 0 0 1
    outer loop
      vertex -61.57784652709961 2.3941402435302734 7.899999618530273
      vertex -61.57784652709961 -2.3941402435302734 7.899999618530273
      vertex -61.344154357910156 -2.958327293395996 7.899999618530273
    endloop
  endfacet
  facet normal 0 0 1
    outer loop
      vertex -61.76148223876953 1.8117332458496094 7.899999618530273
      vertex -61.57784652709961 -2.3941402435302734 7.899999618530273
      vertex -61.57784652709961 2.3941402435302734 7.899999618530273
    endloop
  endfacet
  facet normal 0 0 1
    outer loop
      vertex -61.76148223876953 1.8117332458496094 7.899999618530273
      vertex -61.76148223876953 -1.8117332458496094 7.899999618530273
      vertex -61.57784652709961 -2.3941402435302734 7.899999618530273
    endloop
  endfacet
  facet normal 0 0 1
    outer loop
      vertex -61.893653869628906 1.2155370712280273 7.899999618530273
      vertex -61.76148223876953 -1.8117332458496094 7.899999618530273
      vertex -61.76148223876953 1.8117332458496094 7.899999618530273
    endloop
  endfacet
  facet normal 0 0 1
    outer loop
      vertex -61.893653869628906 1.2155370712280273 7.899999618530273
      vertex -61.893653869628906 -1.2155370712280273 7.899999618530273
      vertex -61.76148223876953 -1.8117332458496094 7.899999618530273
    endloop
  endfacet
  facet normal 0 0 1
    outer loop
      vertex -61.97336196899414 0.6100893020629883 7.899999618530273
      vertex -61.893653869628906 -1.2155370712280273 7.899999618530273
      vertex -61.893653869628906 1.2155370712280273 7.899999618530273
    endloop
  endfacet
  facet normal 0 0 1
    outer loop
      vertex -61.97336196899414 0.6100893020629883 7.899999618530273
      vertex -61.97336196899414 -0.6100893020629883 7.899999618530273
      vertex -61.893653869628906 -1.2155370712280273 7.899999618530273
    endloop
  endfacet
  facet normal 0 0 1
    outer loop
      vertex -61.97336196899414 -0.6100893020629883 7.899999618530273
      vertex -61.97336196899414 0.6100893020629883 7.899999618530273
      vertex -62 0 7.899999618530273
    endloop
  endfacet
  facet normal 0 0 1
    outer loop
      vertex 61.06217956542969 -3.5 7.899999618530273
      vertex 39.96968078613281 -35.508445739746094 7.899999618530273
      vertex 40 -36 7.899999618530273
    endloop
  endfacet
  facet normal 0 0 1
    outer loop
      vertex 39.392311096191406 -6.945926666259766 7.899999618530273
      vertex 61.06217956542969 -3.5 7.899999618530273
      vertex 39.84778594970703 -3.4862289428710938 7.899999618530273
    endloop
  endfacet
  facet normal 0 0 1
    outer loop
      vertex 38.63703155517578 -10.352761268615723 7.899999618530273
      vertex 61.06217956542969 -3.5 7.899999618530273
      vertex 39.392311096191406 -6.945926666259766 7.899999618530273
    endloop
  endfacet
  facet normal 0 0 1
    outer loop
      vertex 61.06217956542969 -3.5 7.899999618530273
      vertex 39.879188537597656 -35.02434539794922 7.899999618530273
      vertex 39.96968078613281 -35.508445739746094 7.899999618530273
    endloop
  endfacet
  facet normal 0 0 1
    outer loop
      vertex 37.587703704833984 -13.680805206298828 7.899999618530273
      vertex 61.06217956542969 -3.5 7.899999618530273
      vertex 38.63703155517578 -10.352761268615723 7.899999618530273
    endloop
  endfacet
  facet normal 0 0 1
    outer loop
      vertex 61.06217956542969 -3.5 7.899999618530273
      vertex 39.729888916015625 -34.55503463745117 7.899999618530273
      vertex 39.879188537597656 -35.02434539794922 7.899999618530273
    endloop
  endfacet
  facet normal 0 0 1
    outer loop
      vertex 61.06217956542969 -3.5 7.899999618530273
      vertex 39.5240478515625 -34.107627868652344 7.899999618530273
      vertex 39.729888916015625 -34.55503463745117 7.899999618530273
    endloop
  endfacet
  facet normal 0 0 1
    outer loop
      vertex 39.26478576660156 -33.68890380859375 7.899999618530273
      vertex 61.06217956542969 -3.5 7.899999618530273
      vertex 37.587703704833984 -13.680805206298828 7.899999618530273
    endloop
  endfacet
  facet normal 0 0 1
    outer loop
      vertex 61.06217956542969 -3.5 7.899999618530273
      vertex 39.26478576660156 -33.68890380859375 7.899999618530273
      vertex 39.5240478515625 -34.107627868652344 7.899999618530273
    endloop
  endfacet
  facet normal 0 0 1
    outer loop
      vertex 36.25231170654297 -16.90472984313965 7.899999618530273
      vertex 39.26478576660156 -33.68890380859375 7.899999618530273
      vertex 37.587703704833984 -13.680805206298828 7.899999618530273
    endloop
  endfacet
  facet normal 0 0 1
    outer loop
      vertex 39.26478576660156 -33.68890380859375 7.899999618530273
      vertex 36.25231170654297 -16.90472984313965 7.899999618530273
      vertex 38.95603561401367 -33.30521774291992 7.899999618530273
    endloop
  endfacet
  facet normal 0 0 1
    outer loop
      vertex 38.95603561401367 -33.30521774291992 7.899999618530273
      vertex 36.25231170654297 -16.90472984313965 7.899999618530273
      vertex 38.60247039794922 -32.962379455566406 7.899999618530273
    endloop
  endfacet
  facet normal 0 0 1
    outer loop
      vertex 34.641014099121094 -20 7.899999618530273
      vertex 38.60247039794922 -32.962379455566406 7.899999618530273
      vertex 36.25231170654297 -16.90472984313965 7.899999618530273
    endloop
  endfacet
  facet normal 0 0 1
    outer loop
      vertex 38.60247039794922 -32.962379455566406 7.899999618530273
      vertex 34.641014099121094 -20 7.899999618530273
      vertex 38.20945739746094 -32.665592193603516 7.899999618530273
    endloop
  endfacet
  facet normal 0 0 1
    outer loop
      vertex 38.20945739746094 -32.665592193603516 7.899999618530273
      vertex 34.641014099121094 -20 7.899999618530273
      vertex 37.78295135498047 -32.419349670410156 7.899999618530273
    endloop
  endfacet
  facet normal 0 0 1
    outer loop
      vertex 37.78295135498047 -32.419349670410156 7.899999618530273
      vertex 34.641014099121094 -20 7.899999618530273
      vertex 37.32941818237305 -32.22738265991211 7.899999618530273
    endloop
  endfacet
  facet normal 0 0 1
    outer loop
      vertex 32.766082763671875 -22.943058013916016 7.899999618530273
      vertex 37.32941818237305 -32.22738265991211 7.899999618530273
      vertex 34.641014099121094 -20 7.899999618530273
    endloop
  endfacet
  facet normal 0 0 1
    outer loop
      vertex 37.32941818237305 -32.22738265991211 7.899999618530273
      vertex 32.766082763671875 -22.943058013916016 7.899999618530273
      vertex 36.85573196411133 -32.09260559082031 7.899999618530273
    endloop
  endfacet
  facet normal 0 0 1
    outer loop
      vertex 36.85573196411133 -32.09260559082031 7.899999618530273
      vertex 32.766082763671875 -22.943058013916016 7.899999618530273
      vertex 36.36907196044922 -32.01706314086914 7.899999618530273
    endloop
  endfacet
  facet normal 0 0 1
    outer loop
      vertex 36.36907196044922 -32.01706314086914 7.899999618530273
      vertex 32.766082763671875 -22.943058013916016 7.899999618530273
      vertex 35.8768196105957 -32.00189971923828 7.899999618530273
    endloop
  endfacet
  facet normal 0 0 1
    outer loop
      vertex 30.64177703857422 -25.711503982543945 7.899999618530273
      vertex 35.8768196105957 -32.00189971923828 7.899999618530273
      vertex 32.766082763671875 -22.943058013916016 7.899999618530273
    endloop
  endfacet
  facet normal 0 0 1
    outer loop
      vertex 35.8768196105957 -32.00189971923828 7.899999618530273
      vertex 30.64177703857422 -25.711503982543945 7.899999618530273
      vertex 35.38643264770508 -32.047340393066406 7.899999618530273
    endloop
  endfacet
  facet normal 0 0 1
    outer loop
      vertex 35.38643264770508 -32.047340393066406 7.899999618530273
      vertex 30.64177703857422 -25.711503982543945 7.899999618530273
      vertex 34.90534973144531 -32.1526985168457 7.899999618530273
    endloop
  endfacet
  facet normal 0 0 1
    outer loop
      vertex 34.90534973144531 -32.1526985168457 7.899999618530273
      vertex 30.64177703857422 -25.711503982543945 7.899999618530273
      vertex 34.44085693359375 -32.31637954711914 7.899999618530273
    endloop
  endfacet
  facet normal 0 0 1
    outer loop
      vertex 34.44085693359375 -32.31637954711914 7.899999618530273
      vertex 30.64177703857422 -25.711503982543945 7.899999618530273
      vertex 34 -32.5359001159668 7.899999618530273
    endloop
  endfacet
  facet normal 0 0 1
    outer loop
      vertex 28.284271240234375 -28.284271240234375 7.899999618530273
      vertex 34 -32.5359001159668 7.899999618530273
      vertex 30.64177703857422 -25.711503982543945 7.899999618530273
    endloop
  endfacet
  facet normal 0 0 1
    outer loop
      vertex 34 -32.5359001159668 7.899999618530273
      vertex 28.284271240234375 -28.284271240234375 7.899999618530273
      vertex 33.58946228027344 -32.80792999267578 7.899999618530273
    endloop
  endfacet
  facet normal 0 0 1
    outer loop
      vertex 33.58946228027344 -32.80792999267578 7.899999618530273
      vertex 28.284271240234375 -28.284271240234375 7.899999618530273
      vertex 33.2154655456543 -33.128353118896484 7.899999618530273
    endloop
  endfacet
  facet normal 0 0 1
    outer loop
      vertex 33.2154655456543 -33.128353118896484 7.899999618530273
      vertex 28.284271240234375 -28.284271240234375 7.899999618530273
      vertex 32.8836784362793 -33.492305755615234 7.899999618530273
    endloop
  endfacet
  facet normal 0 0 1
    outer loop
      vertex 32.8836784362793 -33.492305755615234 7.899999618530273
      vertex 28.284271240234375 -28.284271240234375 7.899999618530273
      vertex 32.5991325378418 -33.89427185058594 7.899999618530273
    endloop
  endfacet
  facet normal 0 0 1
    outer loop
      vertex 25.711503982543945 -30.64177703857422 7.899999618530273
      vertex 32.5991325378418 -33.89427185058594 7.899999618530273
      vertex 28.284271240234375 -28.284271240234375 7.899999618530273
    endloop
  endfacet
  facet normal 0 0 1
    outer loop
      vertex 32.5991325378418 -33.89427185058594 7.899999618530273
      vertex 25.711503982543945 -30.64177703857422 7.899999618530273
      vertex 32.36613845825195 -34.32815933227539 7.899999618530273
    endloop
  endfacet
  facet normal 0 0 1
    outer loop
      vertex 22.943058013916016 -32.766082763671875 7.899999618530273
      vertex 32.00758743286133 -36.24624252319336 7.899999618530273
      vertex 32.00758743286133 -35.75375747680664 7.899999618530273
    endloop
  endfacet
  facet normal 0 0 1
    outer loop
      vertex 32.00758743286133 -36.24624252319336 7.899999618530273
      vertex 27.5 -54.63139724731445 7.899999618530273
      vertex 31.99951171875 -52.99370574951172 7.899999618530273
    endloop
  endfacet
  facet normal 0 0 1
    outer loop
      vertex 31.99951171875 -52.99370574951172 7.899999618530273
      vertex 27.5 -54.63139724731445 7.899999618530273
      vertex 31.515033721923828 -53.36546325683594 7.899999618530273
    endloop
  endfacet
  facet normal 0 0 1
    outer loop
      vertex 32.36613845825195 -34.32815933227539 7.899999618530273
      vertex 25.711503982543945 -30.64177703857422 7.899999618530273
      vertex 32.188232421875 -34.787391662597656 7.899999618530273
    endloop
  endfacet
  facet normal 0 0 1
    outer loop
      vertex 32.188232421875 -34.787391662597656 7.899999618530273
      vertex 25.711503982543945 -30.64177703857422 7.899999618530273
      vertex 32.06810760498047 -35.2650032043457 7.899999618530273
    endloop
  endfacet
  facet normal 0 0 1
    outer loop
      vertex 32.06810760498047 -35.2650032043457 7.899999618530273
      vertex 25.711503982543945 -30.64177703857422 7.899999618530273
      vertex 32.00758743286133 -35.75375747680664 7.899999618530273
    endloop
  endfacet
  facet normal 0 0 1
    outer loop
      vertex 22.943058013916016 -32.766082763671875 7.899999618530273
      vertex 32.00758743286133 -35.75375747680664 7.899999618530273
      vertex 25.711503982543945 -30.64177703857422 7.899999618530273
    endloop
  endfacet
  facet normal 0 0 1
    outer loop
      vertex 32.00758743286133 -36.24624252319336 7.899999618530273
      vertex 22.943058013916016 -32.766082763671875 7.899999618530273
      vertex 20 -34.641014099121094 7.899999618530273
    endloop
  endfacet
  facet normal 0 0 1
    outer loop
      vertex 32.00758743286133 -36.24624252319336 7.899999618530273
      vertex 20 -34.641014099121094 7.899999618530273
      vertex 27.5 -54.63139724731445 7.899999618530273
    endloop
  endfacet
  facet normal 0 0 1
    outer loop
      vertex 31.515033721923828 -53.36546325683594 7.899999618530273
      vertex 27.5 -54.63139724731445 7.899999618530273
      vertex 31 -53.693572998046875 7.899999618530273
    endloop
  endfacet
  facet normal 0 0 1
    outer loop
      vertex 31 -53.693572998046875 7.899999618530273
      vertex 27.5 -54.63139724731445 7.899999618530273
      vertex 30.458328247070312 -53.97555160522461 7.899999618530273
    endloop
  endfacet
  facet normal 0 0 1
    outer loop
      vertex 30.458328247070312 -53.97555160522461 7.899999618530273
      vertex 27.5 -54.63139724731445 7.899999618530273
      vertex 29.894140243530273 -54.20924377441406 7.899999618530273
    endloop
  endfacet
  facet normal 0 0 1
    outer loop
      vertex 29.894140243530273 -54.20924377441406 7.899999618530273
      vertex 27.5 -54.63139724731445 7.899999618530273
      vertex 29.31173324584961 -54.39287567138672 7.899999618530273
    endloop
  endfacet
  facet normal 0 0 1
    outer loop
      vertex 29.31173324584961 -54.39287567138672 7.899999618530273
      vertex 27.5 -54.63139724731445 7.899999618530273
      vertex 28.715538024902344 -54.52505111694336 7.899999618530273
    endloop
  endfacet
  facet normal 0 0 1
    outer loop
      vertex 28.715538024902344 -54.52505111694336 7.899999618530273
      vertex 27.5 -54.63139724731445 7.899999618530273
      vertex 28.110088348388672 -54.604759216308594 7.899999618530273
    endloop
  endfacet
  facet normal 0 0 1
    outer loop
      vertex 16.90472984313965 -36.25231170654297 7.899999618530273
      vertex 27.5 -54.63139724731445 7.899999618530273
      vertex 20 -34.641014099121094 7.899999618530273
    endloop
  endfacet
  facet normal 0 0 1
    outer loop
      vertex 13.680805206298828 -37.587703704833984 7.899999618530273
      vertex 27.5 -54.63139724731445 7.899999618530273
      vertex 16.90472984313965 -36.25231170654297 7.899999618530273
    endloop
  endfacet
  facet normal 0 0 1
    outer loop
      vertex 10.352761268615723 -38.63703155517578 7.899999618530273
      vertex 27.5 -54.63139724731445 7.899999618530273
      vertex 13.680805206298828 -37.587703704833984 7.899999618530273
    endloop
  endfacet
  facet normal 0 0 1
    outer loop
      vertex 6.945926666259766 -39.392311096191406 7.899999618530273
      vertex 27.5 -54.63139724731445 7.899999618530273
      vertex 10.352761268615723 -38.63703155517578 7.899999618530273
    endloop
  endfacet
  facet normal 0 0 1
    outer loop
      vertex 3.4862289428710938 -39.84778594970703 7.899999618530273
      vertex 27.5 -54.63139724731445 7.899999618530273
      vertex 6.945926666259766 -39.392311096191406 7.899999618530273
    endloop
  endfacet
  facet normal 0 0 1
    outer loop
      vertex 0 -40 7.899999618530273
      vertex 27.5 -54.63139724731445 7.899999618530273
      vertex 3.4862289428710938 -39.84778594970703 7.899999618530273
    endloop
  endfacet
  facet normal 0 0 1
    outer loop
      vertex -27.5 -54.63139724731445 7.899999618530273
      vertex 0 -40 7.899999618530273
      vertex -3.4862289428710938 -39.84778594970703 7.899999618530273
    endloop
  endfacet
  facet normal 0 0 1
    outer loop
      vertex -27.5 -54.63139724731445 7.899999618530273
      vertex -3.4862289428710938 -39.84778594970703 7.899999618530273
      vertex -6.945926666259766 -39.392311096191406 7.899999618530273
    endloop
  endfacet
  facet normal 0 0 1
    outer loop
      vertex -27.5 -54.63139724731445 7.899999618530273
      vertex -6.945926666259766 -39.392311096191406 7.899999618530273
      vertex -10.352761268615723 -38.63703155517578 7.899999618530273
    endloop
  endfacet
  facet normal 0 0 1
    outer loop
      vertex -27.5 -54.63139724731445 7.899999618530273
      vertex -10.352761268615723 -38.63703155517578 7.899999618530273
      vertex -13.680805206298828 -37.587703704833984 7.899999618530273
    endloop
  endfacet
  facet normal 0 0 1
    outer loop
      vertex 0 -40 7.899999618530273
      vertex -27.5 -54.63139724731445 7.899999618530273
      vertex 27.5 -54.63139724731445 7.899999618530273
    endloop
  endfacet
  facet normal 0 0 1
    outer loop
      vertex -16.90472984313965 -36.25231170654297 7.899999618530273
      vertex -27.5 -54.63139724731445 7.899999618530273
      vertex -13.680805206298828 -37.587703704833984 7.899999618530273
    endloop
  endfacet
  facet normal 0 0 1
    outer loop
      vertex -20 -34.641014099121094 7.899999618530273
      vertex -27.5 -54.63139724731445 7.899999618530273
      vertex -16.90472984313965 -36.25231170654297 7.899999618530273
    endloop
  endfacet
  facet normal 0 0 1
    outer loop
      vertex -32.03031921386719 -36.491554260253906 7.899999618530273
      vertex -22.943058013916016 -32.766082763671875 7.899999618530273
      vertex -32 -36 7.899999618530273
    endloop
  endfacet
  facet normal 0 0 1
    outer loop
      vertex -32.03031921386719 -35.508445739746094 7.899999618530273
      vertex -22.943058013916016 -32.766082763671875 7.899999618530273
      vertex -25.711503982543945 -30.64177703857422 7.899999618530273
    endloop
  endfacet
  facet normal 0 0 1
    outer loop
      vertex -32.120811462402344 -36.97565460205078 7.899999618530273
      vertex -22.943058013916016 -32.766082763671875 7.899999618530273
      vertex -32.03031921386719 -36.491554260253906 7.899999618530273
    endloop
  endfacet
  facet normal 0 0 1
    outer loop
      vertex -32.4759521484375 -34.107627868652344 7.899999618530273
      vertex -25.711503982543945 -30.64177703857422 7.899999618530273
      vertex -28.284271240234375 -28.284271240234375 7.899999618530273
    endloop
  endfacet
  facet normal 0 0 1
    outer loop
      vertex -32.270111083984375 -37.44496536254883 7.899999618530273
      vertex -22.943058013916016 -32.766082763671875 7.899999618530273
      vertex -32.120811462402344 -36.97565460205078 7.899999618530273
    endloop
  endfacet
  facet normal 0 0 1
    outer loop
      vertex -27.5 -54.63139724731445 7.899999618530273
      vertex -31.99951171875 -52.99370574951172 7.899999618530273
      vertex -28.110088348388672 -54.604759216308594 7.899999618530273
    endloop
  endfacet
  facet normal 0 0 1
    outer loop
      vertex -28.110088348388672 -54.604759216308594 7.899999618530273
      vertex -31.99951171875 -52.99370574951172 7.899999618530273
      vertex -28.715538024902344 -54.52505111694336 7.899999618530273
    endloop
  endfacet
  facet normal 0 0 1
    outer loop
      vertex -28.715538024902344 -54.52505111694336 7.899999618530273
      vertex -31.99951171875 -52.99370574951172 7.899999618530273
      vertex -29.31173324584961 -54.39287567138672 7.899999618530273
    endloop
  endfacet
  facet normal 0 0 1
    outer loop
      vertex -33.79054260253906 -32.665592193603516 7.899999618530273
      vertex -28.284271240234375 -28.284271240234375 7.899999618530273
      vertex -30.64177703857422 -25.711503982543945 7.899999618530273
    endloop
  endfacet
  facet normal 0 0 1
    outer loop
      vertex -29.31173324584961 -54.39287567138672 7.899999618530273
      vertex -31.99951171875 -52.99370574951172 7.899999618530273
      vertex -29.894140243530273 -54.20924377441406 7.899999618530273
    endloop
  endfacet
  facet normal 0 0 1
    outer loop
      vertex -29.894140243530273 -54.20924377441406 7.899999618530273
      vertex -31.99951171875 -52.99370574951172 7.899999618530273
      vertex -30.458328247070312 -53.97555160522461 7.899999618530273
    endloop
  endfacet
  facet normal 0 0 1
    outer loop
      vertex -30.458328247070312 -53.97555160522461 7.899999618530273
      vertex -31.99951171875 -52.99370574951172 7.899999618530273
      vertex -31 -53.693572998046875 7.899999618530273
    endloop
  endfacet
  facet normal 0 0 1
    outer loop
      vertex -31 -53.693572998046875 7.899999618530273
      vertex -31.99951171875 -52.99370574951172 7.899999618530273
      vertex -31.515033721923828 -53.36546325683594 7.899999618530273
    endloop
  endfacet
  facet normal 0 0 1
    outer loop
      vertex -22.943058013916016 -32.766082763671875 7.899999618530273
      vertex -32.03031921386719 -35.508445739746094 7.899999618530273
      vertex -32 -36 7.899999618530273
    endloop
  endfacet
  facet normal 0 0 1
    outer loop
      vertex -25.711503982543945 -30.64177703857422 7.899999618530273
      vertex -32.120811462402344 -35.02434539794922 7.899999618530273
      vertex -32.03031921386719 -35.508445739746094 7.899999618530273
    endloop
  endfacet
  facet normal 0 0 1
    outer loop
      vertex -25.711503982543945 -30.64177703857422 7.899999618530273
      vertex -32.270111083984375 -34.55503463745117 7.899999618530273
      vertex -32.120811462402344 -35.02434539794922 7.899999618530273
    endloop
  endfacet
  facet normal 0 0 1
    outer loop
      vertex -25.711503982543945 -30.64177703857422 7.899999618530273
      vertex -32.4759521484375 -34.107627868652344 7.899999618530273
      vertex -32.270111083984375 -34.55503463745117 7.899999618530273
    endloop
  endfacet
  facet normal 0 0 1
    outer loop
      vertex -28.284271240234375 -28.284271240234375 7.899999618530273
      vertex -32.73521423339844 -33.68890380859375 7.899999618530273
      vertex -32.4759521484375 -34.107627868652344 7.899999618530273
    endloop
  endfacet
  facet normal 0 0 1
    outer loop
      vertex -35.63092803955078 -32.01706314086914 7.899999618530273
      vertex -30.64177703857422 -25.711503982543945 7.899999618530273
      vertex -32.766082763671875 -22.943058013916016 7.899999618530273
    endloop
  endfacet
  facet normal 0 0 1
    outer loop
      vertex -28.284271240234375 -28.284271240234375 7.899999618530273
      vertex -33.04396438598633 -33.30521774291992 7.899999618530273
      vertex -32.73521423339844 -33.68890380859375 7.899999618530273
    endloop
  endfacet
  facet normal 0 0 1
    outer loop
      vertex -28.284271240234375 -28.284271240234375 7.899999618530273
      vertex -33.39752960205078 -32.962379455566406 7.899999618530273
      vertex -33.04396438598633 -33.30521774291992 7.899999618530273
    endloop
  endfacet
  facet normal 0 0 1
    outer loop
      vertex -28.284271240234375 -28.284271240234375 7.899999618530273
      vertex -33.79054260253906 -32.665592193603516 7.899999618530273
      vertex -33.39752960205078 -32.962379455566406 7.899999618530273
    endloop
  endfacet
  facet normal 0 0 1
    outer loop
      vertex -30.64177703857422 -25.711503982543945 7.899999618530273
      vertex -34.21704864501953 -32.419349670410156 7.899999618530273
      vertex -33.79054260253906 -32.665592193603516 7.899999618530273
    endloop
  endfacet
  facet normal 0 0 1
    outer loop
      vertex -37.09465026855469 -32.1526985168457 7.899999618530273
      vertex -32.766082763671875 -22.943058013916016 7.899999618530273
      vertex -34.641014099121094 -20 7.899999618530273
    endloop
  endfacet
  facet normal 0 0 1
    outer loop
      vertex -30.64177703857422 -25.711503982543945 7.899999618530273
      vertex -34.67058181762695 -32.22738265991211 7.899999618530273
      vertex -34.21704864501953 -32.419349670410156 7.899999618530273
    endloop
  endfacet
  facet normal 0 0 1
    outer loop
      vertex -30.64177703857422 -25.711503982543945 7.899999618530273
      vertex -35.14426803588867 -32.09260559082031 7.899999618530273
      vertex -34.67058181762695 -32.22738265991211 7.899999618530273
    endloop
  endfacet
  facet normal 0 0 1
    outer loop
      vertex -30.64177703857422 -25.711503982543945 7.899999618530273
      vertex -35.63092803955078 -32.01706314086914 7.899999618530273
      vertex -35.14426803588867 -32.09260559082031 7.899999618530273
    endloop
  endfacet
  facet normal 0 0 1
    outer loop
      vertex -32.766082763671875 -22.943058013916016 7.899999618530273
      vertex -36.1231803894043 -32.00189971923828 7.899999618530273
      vertex -35.63092803955078 -32.01706314086914 7.899999618530273
    endloop
  endfacet
  facet normal 0 0 1
    outer loop
      vertex -38.41053771972656 -32.80792999267578 7.899999618530273
      vertex -34.641014099121094 -20 7.899999618530273
      vertex -36.25231170654297 -16.90472984313965 7.899999618530273
    endloop
  endfacet
  facet normal 0 0 1
    outer loop
      vertex -32.766082763671875 -22.943058013916016 7.899999618530273
      vertex -36.61356735229492 -32.047340393066406 7.899999618530273
      vertex -36.1231803894043 -32.00189971923828 7.899999618530273
    endloop
  endfacet
  facet normal 0 0 1
    outer loop
      vertex -32.766082763671875 -22.943058013916016 7.899999618530273
      vertex -37.09465026855469 -32.1526985168457 7.899999618530273
      vertex -36.61356735229492 -32.047340393066406 7.899999618530273
    endloop
  endfacet
  facet normal 0 0 1
    outer loop
      vertex -34.641014099121094 -20 7.899999618530273
      vertex -37.55914306640625 -32.31637954711914 7.899999618530273
      vertex -37.09465026855469 -32.1526985168457 7.899999618530273
    endloop
  endfacet
  facet normal 0 0 1
    outer loop
      vertex -39.1163215637207 -33.492305755615234 7.899999618530273
      vertex -36.25231170654297 -16.90472984313965 7.899999618530273
      vertex -37.587703704833984 -13.680805206298828 7.899999618530273
    endloop
  endfacet
  facet normal 0 0 1
    outer loop
      vertex -34.641014099121094 -20 7.899999618530273
      vertex -38 -32.5359001159668 7.899999618530273
      vertex -37.55914306640625 -32.31637954711914 7.899999618530273
    endloop
  endfacet
  facet normal 0 0 1
    outer loop
      vertex -34.641014099121094 -20 7.899999618530273
      vertex -38.41053771972656 -32.80792999267578 7.899999618530273
      vertex -38 -32.5359001159668 7.899999618530273
    endloop
  endfacet
  facet normal 0 0 1
    outer loop
      vertex -39.392311096191406 -6.945926666259766 7.899999618530273
      vertex -61.06217956542969 -3.5 7.899999618530273
      vertex -38.63703155517578 -10.352761268615723 7.899999618530273
    endloop
  endfacet
  facet normal 0 0 1
    outer loop
      vertex -36.25231170654297 -16.90472984313965 7.899999618530273
      vertex -38.7845344543457 -33.128353118896484 7.899999618530273
      vertex -38.41053771972656 -32.80792999267578 7.899999618530273
    endloop
  endfacet
  facet normal 0 0 1
    outer loop
      vertex -36.25231170654297 -16.90472984313965 7.899999618530273
      vertex -39.1163215637207 -33.492305755615234 7.899999618530273
      vertex -38.7845344543457 -33.128353118896484 7.899999618530273
    endloop
  endfacet
  facet normal 0 0 1
    outer loop
      vertex -39.84778594970703 -3.4862289428710938 7.899999618530273
      vertex -61.06217956542969 -3.5 7.899999618530273
      vertex -39.392311096191406 -6.945926666259766 7.899999618530273
    endloop
  endfacet
  facet normal 0 0 1
    outer loop
      vertex -37.587703704833984 -13.680805206298828 7.899999618530273
      vertex -39.4008674621582 -33.89427185058594 7.899999618530273
      vertex -39.1163215637207 -33.492305755615234 7.899999618530273
    endloop
  endfacet
  facet normal 0 0 1
    outer loop
      vertex -38.63703155517578 -10.352761268615723 7.899999618530273
      vertex -61.06217956542969 -3.5 7.899999618530273
      vertex -37.587703704833984 -13.680805206298828 7.899999618530273
    endloop
  endfacet
  facet normal 0 0 1
    outer loop
      vertex -37.587703704833984 -13.680805206298828 7.899999618530273
      vertex -61.06217956542969 -3.5 7.899999618530273
      vertex -39.4008674621582 -33.89427185058594 7.899999618530273
    endloop
  endfacet
  facet normal 0 0 1
    outer loop
      vertex -40 0 7.899999618530273
      vertex -61.06217956542969 -3.5 7.899999618530273
      vertex -39.84778594970703 -3.4862289428710938 7.899999618530273
    endloop
  endfacet
  facet normal 0 0 1
    outer loop
      vertex -39.4008674621582 -33.89427185058594 7.899999618530273
      vertex -61.06217956542969 -3.5 7.899999618530273
      vertex -39.63386154174805 -34.32815933227539 7.899999618530273
    endloop
  endfacet
  facet normal 0 0 1
    outer loop
      vertex -39.63386154174805 -34.32815933227539 7.899999618530273
      vertex -61.06217956542969 -3.5 7.899999618530273
      vertex -39.811767578125 -34.787391662597656 7.899999618530273
    endloop
  endfacet
  facet normal 0 0 1
    outer loop
      vertex -39.811767578125 -34.787391662597656 7.899999618530273
      vertex -61.06217956542969 -3.5 7.899999618530273
      vertex -39.93189239501953 -35.2650032043457 7.899999618530273
    endloop
  endfacet
  facet normal 0 0 1
    outer loop
      vertex -61.06217956542969 -3.5 7.899999618530273
      vertex -40 0 7.899999618530273
      vertex -61.06217956542969 3.5 7.899999618530273
    endloop
  endfacet
  facet normal 0 0 1
    outer loop
      vertex 39.879188537597656 35.02434539794922 7.899999618530273
      vertex 61.06217956542969 3.5 7.899999618530273
      vertex 39.96968078613281 35.508445739746094 7.899999618530273
    endloop
  endfacet
  facet normal 0 0 1
    outer loop
      vertex 39.729888916015625 34.55503463745117 7.899999618530273
      vertex 61.06217956542969 3.5 7.899999618530273
      vertex 39.879188537597656 35.02434539794922 7.899999618530273
    endloop
  endfacet
  facet normal 0 0 1
    outer loop
      vertex 61.06217956542969 3.5 7.899999618530273
      vertex 39.84778594970703 3.4862289428710938 7.899999618530273
      vertex 40 0 7.899999618530273
    endloop
  endfacet
  facet normal 0 0 1
    outer loop
      vertex 39.5240478515625 34.107627868652344 7.899999618530273
      vertex 61.06217956542969 3.5 7.899999618530273
      vertex 39.729888916015625 34.55503463745117 7.899999618530273
    endloop
  endfacet
  facet normal 0 0 1
    outer loop
      vertex 39.26478576660156 33.68890380859375 7.899999618530273
      vertex 61.06217956542969 3.5 7.899999618530273
      vertex 39.5240478515625 34.107627868652344 7.899999618530273
    endloop
  endfacet
  facet normal 0 0 1
    outer loop
      vertex 61.06217956542969 3.5 7.899999618530273
      vertex 39.392311096191406 6.945926666259766 7.899999618530273
      vertex 39.84778594970703 3.4862289428710938 7.899999618530273
    endloop
  endfacet
  facet normal 0 0 1
    outer loop
      vertex 61.06217956542969 3.5 7.899999618530273
      vertex 39.26478576660156 33.68890380859375 7.899999618530273
      vertex 37.587703704833984 13.680805206298828 7.899999618530273
    endloop
  endfacet
  facet normal 0 0 1
    outer loop
      vertex 36.25231170654297 16.90472984313965 7.899999618530273
      vertex 39.26478576660156 33.68890380859375 7.899999618530273
      vertex 38.95603561401367 33.30521774291992 7.899999618530273
    endloop
  endfacet
  facet normal 0 0 1
    outer loop
      vertex 61.06217956542969 3.5 7.899999618530273
      vertex 38.63703155517578 10.352761268615723 7.899999618530273
      vertex 39.392311096191406 6.945926666259766 7.899999618530273
    endloop
  endfacet
  facet normal 0 0 1
    outer loop
      vertex 36.25231170654297 16.90472984313965 7.899999618530273
      vertex 38.95603561401367 33.30521774291992 7.899999618530273
      vertex 38.60247039794922 32.962379455566406 7.899999618530273
    endloop
  endfacet
  facet normal 0 0 1
    outer loop
      vertex 34.641014099121094 20 7.899999618530273
      vertex 38.60247039794922 32.962379455566406 7.899999618530273
      vertex 38.20945739746094 32.665592193603516 7.899999618530273
    endloop
  endfacet
  facet normal 0 0 1
    outer loop
      vertex 34.641014099121094 20 7.899999618530273
      vertex 38.20945739746094 32.665592193603516 7.899999618530273
      vertex 37.78295135498047 32.419349670410156 7.899999618530273
    endloop
  endfacet
  facet normal 0 0 1
    outer loop
      vertex 61.06217956542969 3.5 7.899999618530273
      vertex 37.587703704833984 13.680805206298828 7.899999618530273
      vertex 38.63703155517578 10.352761268615723 7.899999618530273
    endloop
  endfacet
  facet normal 0 0 1
    outer loop
      vertex 34.641014099121094 20 7.899999618530273
      vertex 37.78295135498047 32.419349670410156 7.899999618530273
      vertex 37.32941818237305 32.22738265991211 7.899999618530273
    endloop
  endfacet
  facet normal 0 0 1
    outer loop
      vertex 32.766082763671875 22.943058013916016 7.899999618530273
      vertex 37.32941818237305 32.22738265991211 7.899999618530273
      vertex 36.85573196411133 32.09260559082031 7.899999618530273
    endloop
  endfacet
  facet normal 0 0 1
    outer loop
      vertex 32.766082763671875 22.943058013916016 7.899999618530273
      vertex 36.85573196411133 32.09260559082031 7.899999618530273
      vertex 36.36907196044922 32.01706314086914 7.899999618530273
    endloop
  endfacet
  facet normal 0 0 1
    outer loop
      vertex 39.26478576660156 33.68890380859375 7.899999618530273
      vertex 36.25231170654297 16.90472984313965 7.899999618530273
      vertex 37.587703704833984 13.680805206298828 7.899999618530273
    endloop
  endfacet
  facet normal 0 0 1
    outer loop
      vertex 32.766082763671875 22.943058013916016 7.899999618530273
      vertex 36.36907196044922 32.01706314086914 7.899999618530273
      vertex 35.8768196105957 32.00189971923828 7.899999618530273
    endloop
  endfacet
  facet normal 0 0 1
    outer loop
      vertex 30.64177703857422 25.711503982543945 7.899999618530273
      vertex 35.8768196105957 32.00189971923828 7.899999618530273
      vertex 35.38643264770508 32.047340393066406 7.899999618530273
    endloop
  endfacet
  facet normal 0 0 1
    outer loop
      vertex 30.64177703857422 25.711503982543945 7.899999618530273
      vertex 35.38643264770508 32.047340393066406 7.899999618530273
      vertex 34.90534973144531 32.1526985168457 7.899999618530273
    endloop
  endfacet
  facet normal 0 0 1
    outer loop
      vertex 38.60247039794922 32.962379455566406 7.899999618530273
      vertex 34.641014099121094 20 7.899999618530273
      vertex 36.25231170654297 16.90472984313965 7.899999618530273
    endloop
  endfacet
  facet normal 0 0 1
    outer loop
      vertex 30.64177703857422 25.711503982543945 7.899999618530273
      vertex 34.90534973144531 32.1526985168457 7.899999618530273
      vertex 34.44085693359375 32.31637954711914 7.899999618530273
    endloop
  endfacet
  facet normal 0 0 1
    outer loop
      vertex 30.64177703857422 25.711503982543945 7.899999618530273
      vertex 34.44085693359375 32.31637954711914 7.899999618530273
      vertex 34 32.5359001159668 7.899999618530273
    endloop
  endfacet
  facet normal 0 0 1
    outer loop
      vertex 28.284271240234375 28.284271240234375 7.899999618530273
      vertex 34 32.5359001159668 7.899999618530273
      vertex 33.58946228027344 32.80792999267578 7.899999618530273
    endloop
  endfacet
  facet normal 0 0 1
    outer loop
      vertex 28.284271240234375 28.284271240234375 7.899999618530273
      vertex 33.58946228027344 32.80792999267578 7.899999618530273
      vertex 33.2154655456543 33.128353118896484 7.899999618530273
    endloop
  endfacet
  facet normal 0 0 1
    outer loop
      vertex 28.284271240234375 28.284271240234375 7.899999618530273
      vertex 33.2154655456543 33.128353118896484 7.899999618530273
      vertex 32.8836784362793 33.492305755615234 7.899999618530273
    endloop
  endfacet
  facet normal 0 0 1
    outer loop
      vertex 37.32941818237305 32.22738265991211 7.899999618530273
      vertex 32.766082763671875 22.943058013916016 7.899999618530273
      vertex 34.641014099121094 20 7.899999618530273
    endloop
  endfacet
  facet normal 0 0 1
    outer loop
      vertex 28.284271240234375 28.284271240234375 7.899999618530273
      vertex 32.8836784362793 33.492305755615234 7.899999618530273
      vertex 32.5991325378418 33.89427185058594 7.899999618530273
    endloop
  endfacet
  facet normal 0 0 1
    outer loop
      vertex 25.711503982543945 30.64177703857422 7.899999618530273
      vertex 32.5991325378418 33.89427185058594 7.899999618530273
      vertex 32.36613845825195 34.32815933227539 7.899999618530273
    endloop
  endfacet
  facet normal 0 0 1
    outer loop
      vertex 25.711503982543945 30.64177703857422 7.899999618530273
      vertex 32.36613845825195 34.32815933227539 7.899999618530273
      vertex 32.188232421875 34.787391662597656 7.899999618530273
    endloop
  endfacet
  facet normal 0 0 1
    outer loop
      vertex 25.711503982543945 30.64177703857422 7.899999618530273
      vertex 32.188232421875 34.787391662597656 7.899999618530273
      vertex 32.06810760498047 35.2650032043457 7.899999618530273
    endloop
  endfacet
  facet normal 0 0 1
    outer loop
      vertex 25.711503982543945 30.64177703857422 7.899999618530273
      vertex 32.06810760498047 35.2650032043457 7.899999618530273
      vertex 32.00758743286133 35.75375747680664 7.899999618530273
    endloop
  endfacet
  facet normal 0 0 1
    outer loop
      vertex 22.943058013916016 32.766082763671875 7.899999618530273
      vertex 32.188232421875 37.212608337402344 7.899999618530273
      vertex 20 34.641014099121094 7.899999618530273
    endloop
  endfacet
  facet normal 0 0 1
    outer loop
      vertex 27.5 54.63139724731445 7.899999618530273
      vertex 31.515033721923828 53.36546325683594 7.899999618530273
      vertex 31 53.693572998046875 7.899999618530273
    endloop
  endfacet
  facet normal 0 0 1
    outer loop
      vertex 35.8768196105957 32.00189971923828 7.899999618530273
      vertex 30.64177703857422 25.711503982543945 7.899999618530273
      vertex 32.766082763671875 22.943058013916016 7.899999618530273
    endloop
  endfacet
  facet normal 0 0 1
    outer loop
      vertex 32.188232421875 37.212608337402344 7.899999618530273
      vertex 22.943058013916016 32.766082763671875 7.899999618530273
      vertex 32.06810760498047 36.7349967956543 7.899999618530273
    endloop
  endfacet
  facet normal 0 0 1
    outer loop
      vertex 27.5 54.63139724731445 7.899999618530273
      vertex 31 53.693572998046875 7.899999618530273
      vertex 30.458328247070312 53.97555160522461 7.899999618530273
    endloop
  endfacet
  facet normal 0 0 1
    outer loop
      vertex 27.5 54.63139724731445 7.899999618530273
      vertex 30.458328247070312 53.97555160522461 7.899999618530273
      vertex 29.894140243530273 54.20924377441406 7.899999618530273
    endloop
  endfacet
  facet normal 0 0 1
    outer loop
      vertex 27.5 54.63139724731445 7.899999618530273
      vertex 29.894140243530273 54.20924377441406 7.899999618530273
      vertex 29.31173324584961 54.39287567138672 7.899999618530273
    endloop
  endfacet
  facet normal 0 0 1
    outer loop
      vertex 27.5 54.63139724731445 7.899999618530273
      vertex 29.31173324584961 54.39287567138672 7.899999618530273
      vertex 28.715538024902344 54.52505111694336 7.899999618530273
    endloop
  endfacet
  facet normal 0 0 1
    outer loop
      vertex 34 32.5359001159668 7.899999618530273
      vertex 28.284271240234375 28.284271240234375 7.899999618530273
      vertex 30.64177703857422 25.711503982543945 7.899999618530273
    endloop
  endfacet
  facet normal 0 0 1
    outer loop
      vertex 27.5 54.63139724731445 7.899999618530273
      vertex 28.715538024902344 54.52505111694336 7.899999618530273
      vertex 28.110088348388672 54.604759216308594 7.899999618530273
    endloop
  endfacet
  facet normal 0 0 1
    outer loop
      vertex 32.06810760498047 36.7349967956543 7.899999618530273
      vertex 22.943058013916016 32.766082763671875 7.899999618530273
      vertex 32.00758743286133 36.24624252319336 7.899999618530273
    endloop
  endfacet
  facet normal 0 0 1
    outer loop
      vertex 32.5991325378418 33.89427185058594 7.899999618530273
      vertex 25.711503982543945 30.64177703857422 7.899999618530273
      vertex 28.284271240234375 28.284271240234375 7.899999618530273
    endloop
  endfacet
  facet normal 0 0 1
    outer loop
      vertex 32.00758743286133 35.75375747680664 7.899999618530273
      vertex 22.943058013916016 32.766082763671875 7.899999618530273
      vertex 25.711503982543945 30.64177703857422 7.899999618530273
    endloop
  endfacet
  facet normal 0 0 1
    outer loop
      vertex 32.00758743286133 36.24624252319336 7.899999618530273
      vertex 22.943058013916016 32.766082763671875 7.899999618530273
      vertex 32.00758743286133 35.75375747680664 7.899999618530273
    endloop
  endfacet
  facet normal 0 0 1
    outer loop
      vertex 27.5 54.63139724731445 7.899999618530273
      vertex 16.90472984313965 36.25231170654297 7.899999618530273
      vertex 20 34.641014099121094 7.899999618530273
    endloop
  endfacet
  facet normal 0 0 1
    outer loop
      vertex 27.5 54.63139724731445 7.899999618530273
      vertex 13.680805206298828 37.587703704833984 7.899999618530273
      vertex 16.90472984313965 36.25231170654297 7.899999618530273
    endloop
  endfacet
  facet normal 0 0 1
    outer loop
      vertex 27.5 54.63139724731445 7.899999618530273
      vertex 10.352761268615723 38.63703155517578 7.899999618530273
      vertex 13.680805206298828 37.587703704833984 7.899999618530273
    endloop
  endfacet
  facet normal 0 0 1
    outer loop
      vertex 27.5 54.63139724731445 7.899999618530273
      vertex 6.945926666259766 39.392311096191406 7.899999618530273
      vertex 10.352761268615723 38.63703155517578 7.899999618530273
    endloop
  endfacet
  facet normal 0 0 1
    outer loop
      vertex 27.5 54.63139724731445 7.899999618530273
      vertex 3.4862289428710938 39.84778594970703 7.899999618530273
      vertex 6.945926666259766 39.392311096191406 7.899999618530273
    endloop
  endfacet
  facet normal 0 0 1
    outer loop
      vertex 27.5 54.63139724731445 7.899999618530273
      vertex 0 40 7.899999618530273
      vertex 3.4862289428710938 39.84778594970703 7.899999618530273
    endloop
  endfacet
  facet normal 0 0 1
    outer loop
      vertex -27.5 54.63139724731445 7.899999618530273
      vertex 0 40 7.899999618530273
      vertex 27.5 54.63139724731445 7.899999618530273
    endloop
  endfacet
  facet normal 0 0 1
    outer loop
      vertex 0 40 7.899999618530273
      vertex -27.5 54.63139724731445 7.899999618530273
      vertex -3.4862289428710938 39.84778594970703 7.899999618530273
    endloop
  endfacet
  facet normal 0 0 1
    outer loop
      vertex -3.4862289428710938 39.84778594970703 7.899999618530273
      vertex -27.5 54.63139724731445 7.899999618530273
      vertex -6.945926666259766 39.392311096191406 7.899999618530273
    endloop
  endfacet
  facet normal 0 0 1
    outer loop
      vertex -6.945926666259766 39.392311096191406 7.899999618530273
      vertex -27.5 54.63139724731445 7.899999618530273
      vertex -10.352761268615723 38.63703155517578 7.899999618530273
    endloop
  endfacet
  facet normal 0 0 1
    outer loop
      vertex -10.352761268615723 38.63703155517578 7.899999618530273
      vertex -27.5 54.63139724731445 7.899999618530273
      vertex -13.680805206298828 37.587703704833984 7.899999618530273
    endloop
  endfacet
  facet normal 0 0 1
    outer loop
      vertex -27.5 54.63139724731445 7.899999618530273
      vertex -16.90472984313965 36.25231170654297 7.899999618530273
      vertex -13.680805206298828 37.587703704833984 7.899999618530273
    endloop
  endfacet
  facet normal 0 0 1
    outer loop
      vertex -27.5 54.63139724731445 7.899999618530273
      vertex -20 34.641014099121094 7.899999618530273
      vertex -16.90472984313965 36.25231170654297 7.899999618530273
    endloop
  endfacet
  facet normal 0 0 1
    outer loop
      vertex -32.03031921386719 36.491554260253906 7.899999618530273
      vertex -20 34.641014099121094 7.899999618530273
      vertex -27.5 54.63139724731445 7.899999618530273
    endloop
  endfacet
  facet normal 0 0 1
    outer loop
      vertex -32.03031921386719 36.491554260253906 7.899999618530273
      vertex -22.943058013916016 32.766082763671875 7.899999618530273
      vertex -20 34.641014099121094 7.899999618530273
    endloop
  endfacet
  facet normal 0 0 1
    outer loop
      vertex -31.99951171875 52.99370574951172 7.899999618530273
      vertex -27.5 54.63139724731445 7.899999618530273
      vertex -28.110088348388672 54.604759216308594 7.899999618530273
    endloop
  endfacet
  facet normal 0 0 1
    outer loop
      vertex -32.03031921386719 35.508445739746094 7.899999618530273
      vertex -22.943058013916016 32.766082763671875 7.899999618530273
      vertex -32 36 7.899999618530273
    endloop
  endfacet
  facet normal 0 0 1
    outer loop
      vertex -31.99951171875 52.99370574951172 7.899999618530273
      vertex -28.110088348388672 54.604759216308594 7.899999618530273
      vertex -28.715538024902344 54.52505111694336 7.899999618530273
    endloop
  endfacet
  facet normal 0 0 1
    outer loop
      vertex -31.99951171875 52.99370574951172 7.899999618530273
      vertex -28.715538024902344 54.52505111694336 7.899999618530273
      vertex -29.31173324584961 54.39287567138672 7.899999618530273
    endloop
  endfacet
  facet normal 0 0 1
    outer loop
      vertex -31.99951171875 52.99370574951172 7.899999618530273
      vertex -29.31173324584961 54.39287567138672 7.899999618530273
      vertex -29.894140243530273 54.20924377441406 7.899999618530273
    endloop
  endfacet
  facet normal 0 0 1
    outer loop
      vertex -31.99951171875 52.99370574951172 7.899999618530273
      vertex -29.894140243530273 54.20924377441406 7.899999618530273
      vertex -30.458328247070312 53.97555160522461 7.899999618530273
    endloop
  endfacet
  facet normal 0 0 1
    outer loop
      vertex -22.943058013916016 32.766082763671875 7.899999618530273
      vertex -32.03031921386719 35.508445739746094 7.899999618530273
      vertex -25.711503982543945 30.64177703857422 7.899999618530273
    endloop
  endfacet
  facet normal 0 0 1
    outer loop
      vertex -31.99951171875 52.99370574951172 7.899999618530273
      vertex -30.458328247070312 53.97555160522461 7.899999618530273
      vertex -31 53.693572998046875 7.899999618530273
    endloop
  endfacet
  facet normal 0 0 1
    outer loop
      vertex -31.99951171875 52.99370574951172 7.899999618530273
      vertex -31 53.693572998046875 7.899999618530273
      vertex -31.515033721923828 53.36546325683594 7.899999618530273
    endloop
  endfacet
  facet normal 0 0 1
    outer loop
      vertex -33.56217956542969 51.13139724731445 7.899999618530273
      vertex -27.5 54.63139724731445 7.899999618530273
      vertex -31.99951171875 52.99370574951172 7.899999618530273
    endloop
  endfacet
  facet normal 0 0 1
    outer loop
      vertex -32.120811462402344 35.02434539794922 7.899999618530273
      vertex -25.711503982543945 30.64177703857422 7.899999618530273
      vertex -32.03031921386719 35.508445739746094 7.899999618530273
    endloop
  endfacet
  facet normal 0 0 1
    outer loop
      vertex -32.270111083984375 34.55503463745117 7.899999618530273
      vertex -25.711503982543945 30.64177703857422 7.899999618530273
      vertex -32.120811462402344 35.02434539794922 7.899999618530273
    endloop
  endfacet
  facet normal 0 0 1
    outer loop
      vertex -32.4759521484375 34.107627868652344 7.899999618530273
      vertex -25.711503982543945 30.64177703857422 7.899999618530273
      vertex -32.270111083984375 34.55503463745117 7.899999618530273
    endloop
  endfacet
  facet normal 0 0 1
    outer loop
      vertex -25.711503982543945 30.64177703857422 7.899999618530273
      vertex -32.4759521484375 34.107627868652344 7.899999618530273
      vertex -28.284271240234375 28.284271240234375 7.899999618530273
    endloop
  endfacet
  facet normal 0 0 1
    outer loop
      vertex -32.73521423339844 33.68890380859375 7.899999618530273
      vertex -28.284271240234375 28.284271240234375 7.899999618530273
      vertex -32.4759521484375 34.107627868652344 7.899999618530273
    endloop
  endfacet
  facet normal 0 0 1
    outer loop
      vertex -33.04396438598633 33.30521774291992 7.899999618530273
      vertex -28.284271240234375 28.284271240234375 7.899999618530273
      vertex -32.73521423339844 33.68890380859375 7.899999618530273
    endloop
  endfacet
  facet normal 0 0 1
    outer loop
      vertex -33.39752960205078 32.962379455566406 7.899999618530273
      vertex -28.284271240234375 28.284271240234375 7.899999618530273
      vertex -33.04396438598633 33.30521774291992 7.899999618530273
    endloop
  endfacet
  facet normal 0 0 1
    outer loop
      vertex -33.79054260253906 32.665592193603516 7.899999618530273
      vertex -28.284271240234375 28.284271240234375 7.899999618530273
      vertex -33.39752960205078 32.962379455566406 7.899999618530273
    endloop
  endfacet
  facet normal 0 0 1
    outer loop
      vertex -28.284271240234375 28.284271240234375 7.899999618530273
      vertex -33.79054260253906 32.665592193603516 7.899999618530273
      vertex -30.64177703857422 25.711503982543945 7.899999618530273
    endloop
  endfacet
  facet normal 0 0 1
    outer loop
      vertex -34.21704864501953 32.419349670410156 7.899999618530273
      vertex -30.64177703857422 25.711503982543945 7.899999618530273
      vertex -33.79054260253906 32.665592193603516 7.899999618530273
    endloop
  endfacet
  facet normal 0 0 1
    outer loop
      vertex -34.67058181762695 32.22738265991211 7.899999618530273
      vertex -30.64177703857422 25.711503982543945 7.899999618530273
      vertex -34.21704864501953 32.419349670410156 7.899999618530273
    endloop
  endfacet
  facet normal 0 0 1
    outer loop
      vertex -35.14426803588867 32.09260559082031 7.899999618530273
      vertex -30.64177703857422 25.711503982543945 7.899999618530273
      vertex -34.67058181762695 32.22738265991211 7.899999618530273
    endloop
  endfacet
  facet normal 0 0 1
    outer loop
      vertex -35.63092803955078 32.01706314086914 7.899999618530273
      vertex -30.64177703857422 25.711503982543945 7.899999618530273
      vertex -35.14426803588867 32.09260559082031 7.899999618530273
    endloop
  endfacet
  facet normal 0 0 1
    outer loop
      vertex -30.64177703857422 25.711503982543945 7.899999618530273
      vertex -35.63092803955078 32.01706314086914 7.899999618530273
      vertex -32.766082763671875 22.943058013916016 7.899999618530273
    endloop
  endfacet
  facet normal 0 0 1
    outer loop
      vertex -36.1231803894043 32.00189971923828 7.899999618530273
      vertex -32.766082763671875 22.943058013916016 7.899999618530273
      vertex -35.63092803955078 32.01706314086914 7.899999618530273
    endloop
  endfacet
  facet normal 0 0 1
    outer loop
      vertex -36.61356735229492 32.047340393066406 7.899999618530273
      vertex -32.766082763671875 22.943058013916016 7.899999618530273
      vertex -36.1231803894043 32.00189971923828 7.899999618530273
    endloop
  endfacet
  facet normal 0 0 1
    outer loop
      vertex -37.09465026855469 32.1526985168457 7.899999618530273
      vertex -32.766082763671875 22.943058013916016 7.899999618530273
      vertex -36.61356735229492 32.047340393066406 7.899999618530273
    endloop
  endfacet
  facet normal 0 0 1
    outer loop
      vertex -32.766082763671875 22.943058013916016 7.899999618530273
      vertex -37.09465026855469 32.1526985168457 7.899999618530273
      vertex -34.641014099121094 20 7.899999618530273
    endloop
  endfacet
  facet normal 0 0 1
    outer loop
      vertex -37.55914306640625 32.31637954711914 7.899999618530273
      vertex -34.641014099121094 20 7.899999618530273
      vertex -37.09465026855469 32.1526985168457 7.899999618530273
    endloop
  endfacet
  facet normal 0 0 1
    outer loop
      vertex -38 32.5359001159668 7.899999618530273
      vertex -34.641014099121094 20 7.899999618530273
      vertex -37.55914306640625 32.31637954711914 7.899999618530273
    endloop
  endfacet
  facet normal 0 0 1
    outer loop
      vertex -38.41053771972656 32.80792999267578 7.899999618530273
      vertex -34.641014099121094 20 7.899999618530273
      vertex -38 32.5359001159668 7.899999618530273
    endloop
  endfacet
  facet normal 0 0 1
    outer loop
      vertex -34.641014099121094 20 7.899999618530273
      vertex -38.41053771972656 32.80792999267578 7.899999618530273
      vertex -36.25231170654297 16.90472984313965 7.899999618530273
    endloop
  endfacet
  facet normal 0 0 1
    outer loop
      vertex -38.7845344543457 33.128353118896484 7.899999618530273
      vertex -36.25231170654297 16.90472984313965 7.899999618530273
      vertex -38.41053771972656 32.80792999267578 7.899999618530273
    endloop
  endfacet
  facet normal 0 0 1
    outer loop
      vertex -39.1163215637207 33.492305755615234 7.899999618530273
      vertex -36.25231170654297 16.90472984313965 7.899999618530273
      vertex -38.7845344543457 33.128353118896484 7.899999618530273
    endloop
  endfacet
  facet normal 0 0 1
    outer loop
      vertex -36.25231170654297 16.90472984313965 7.899999618530273
      vertex -39.1163215637207 33.492305755615234 7.899999618530273
      vertex -37.587703704833984 13.680805206298828 7.899999618530273
    endloop
  endfacet
  facet normal 0 0 1
    outer loop
      vertex -39.4008674621582 33.89427185058594 7.899999618530273
      vertex -37.587703704833984 13.680805206298828 7.899999618530273
      vertex -39.1163215637207 33.492305755615234 7.899999618530273
    endloop
  endfacet
  facet normal 0 0 1
    outer loop
      vertex -39.63386154174805 34.32815933227539 7.899999618530273
      vertex -37.587703704833984 13.680805206298828 7.899999618530273
      vertex -39.4008674621582 33.89427185058594 7.899999618530273
    endloop
  endfacet
  facet normal 0 0 1
    outer loop
      vertex -37.587703704833984 13.680805206298828 7.899999618530273
      vertex -39.63386154174805 34.32815933227539 7.899999618530273
      vertex -38.63703155517578 10.352761268615723 7.899999618530273
    endloop
  endfacet
  facet normal 0 0 1
    outer loop
      vertex -39.811767578125 34.787391662597656 7.899999618530273
      vertex -38.63703155517578 10.352761268615723 7.899999618530273
      vertex -39.63386154174805 34.32815933227539 7.899999618530273
    endloop
  endfacet
  facet normal 0 0 1
    outer loop
      vertex -38.63703155517578 10.352761268615723 7.899999618530273
      vertex -39.811767578125 34.787391662597656 7.899999618530273
      vertex -39.392311096191406 6.945926666259766 7.899999618530273
    endloop
  endfacet
  facet normal 0 0 1
    outer loop
      vertex -39.93189239501953 35.2650032043457 7.899999618530273
      vertex -39.392311096191406 6.945926666259766 7.899999618530273
      vertex -39.811767578125 34.787391662597656 7.899999618530273
    endloop
  endfacet
  facet normal 0 0 1
    outer loop
      vertex -39.392311096191406 6.945926666259766 7.899999618530273
      vertex -39.93189239501953 35.2650032043457 7.899999618530273
      vertex -39.84778594970703 3.4862289428710938 7.899999618530273
    endloop
  endfacet
  facet normal 0 0 1
    outer loop
      vertex -39.99241256713867 35.75375747680664 7.899999618530273
      vertex -39.84778594970703 3.4862289428710938 7.899999618530273
      vertex -39.93189239501953 35.2650032043457 7.899999618530273
    endloop
  endfacet
  facet normal 0 0 1
    outer loop
      vertex -39.84778594970703 3.4862289428710938 7.899999618530273
      vertex -39.99241256713867 35.75375747680664 7.899999618530273
      vertex -40 0 7.899999618530273
    endloop
  endfacet
  facet normal 0 0 1
    outer loop
      vertex 61.97336196899414 0.6100893020629883 7.899999618530273
      vertex 61.97336196899414 -0.6100893020629883 7.899999618530273
      vertex 62 0 7.899999618530273
    endloop
  endfacet
  facet normal 0 0 1
    outer loop
      vertex 61.893653869628906 1.2155370712280273 7.899999618530273
      vertex 61.97336196899414 -0.6100893020629883 7.899999618530273
      vertex 61.97336196899414 0.6100893020629883 7.899999618530273
    endloop
  endfacet
  facet normal 0 0 1
    outer loop
      vertex 61.893653869628906 1.2155370712280273 7.899999618530273
      vertex 61.893653869628906 -1.2155370712280273 7.899999618530273
      vertex 61.97336196899414 -0.6100893020629883 7.899999618530273
    endloop
  endfacet
  facet normal 0 0 1
    outer loop
      vertex 61.76148223876953 1.8117332458496094 7.899999618530273
      vertex 61.893653869628906 -1.2155370712280273 7.899999618530273
      vertex 61.893653869628906 1.2155370712280273 7.899999618530273
    endloop
  endfacet
  facet normal 0 0 1
    outer loop
      vertex 61.76148223876953 1.8117332458496094 7.899999618530273
      vertex 61.76148223876953 -1.8117332458496094 7.899999618530273
      vertex 61.893653869628906 -1.2155370712280273 7.899999618530273
    endloop
  endfacet
  facet normal 0 0 1
    outer loop
      vertex 61.57784652709961 2.3941402435302734 7.899999618530273
      vertex 61.76148223876953 -1.8117332458496094 7.899999618530273
      vertex 61.76148223876953 1.8117332458496094 7.899999618530273
    endloop
  endfacet
  facet normal 0 0 1
    outer loop
      vertex 61.57784652709961 2.3941402435302734 7.899999618530273
      vertex 61.57784652709961 -2.3941402435302734 7.899999618530273
      vertex 61.76148223876953 -1.8117332458496094 7.899999618530273
    endloop
  endfacet
  facet normal 0 0 1
    outer loop
      vertex 61.344154357910156 2.958327293395996 7.899999618530273
      vertex 61.57784652709961 -2.3941402435302734 7.899999618530273
      vertex 61.57784652709961 2.3941402435302734 7.899999618530273
    endloop
  endfacet
  facet normal 0 0 1
    outer loop
      vertex 61.344154357910156 2.958327293395996 7.899999618530273
      vertex 61.344154357910156 -2.958327293395996 7.899999618530273
      vertex 61.57784652709961 -2.3941402435302734 7.899999618530273
    endloop
  endfacet
  facet normal 0 0 1
    outer loop
      vertex 61.06217956542969 3.5 7.899999618530273
      vertex 61.344154357910156 -2.958327293395996 7.899999618530273
      vertex 61.344154357910156 2.958327293395996 7.899999618530273
    endloop
  endfacet
  facet normal 0 0 1
    outer loop
      vertex 61.06217956542969 3.5 7.899999618530273
      vertex 61.06217956542969 -3.5 7.899999618530273
      vertex 61.344154357910156 -2.958327293395996 7.899999618530273
    endloop
  endfacet
  facet normal 0 0 1
    outer loop
      vertex 39.96968078613281 35.508445739746094 7.899999618530273
      vertex 61.06217956542969 3.5 7.899999618530273
      vertex 40 36 7.899999618530273
    endloop
  endfacet
  facet normal 0 0 1
    outer loop
      vertex 61.06217956542969 3.5 7.899999618530273
      vertex 39.96968078613281 36.491554260253906 7.899999618530273
      vertex 40 36 7.899999618530273
    endloop
  endfacet
  facet normal 0 0 1
    outer loop
      vertex 61.06217956542969 3.5 7.899999618530273
      vertex 39.879188537597656 36.97565460205078 7.899999618530273
      vertex 39.96968078613281 36.491554260253906 7.899999618530273
    endloop
  endfacet
  facet normal 0 0 1
    outer loop
      vertex 61.06217956542969 3.5 7.899999618530273
      vertex 39.729888916015625 37.44496536254883 7.899999618530273
      vertex 39.879188537597656 36.97565460205078 7.899999618530273
    endloop
  endfacet
  facet normal 0 0 1
    outer loop
      vertex 61.06217956542969 3.5 7.899999618530273
      vertex 39.5240478515625 37.892372131347656 7.899999618530273
      vertex 39.729888916015625 37.44496536254883 7.899999618530273
    endloop
  endfacet
  facet normal 0 0 1
    outer loop
      vertex 33.56217956542969 51.13139724731445 7.899999618530273
      vertex 39.5240478515625 37.892372131347656 7.899999618530273
      vertex 61.06217956542969 3.5 7.899999618530273
    endloop
  endfacet
  facet normal 0 0 1
    outer loop
      vertex 39.5240478515625 37.892372131347656 7.899999618530273
      vertex 33.56217956542969 51.13139724731445 7.899999618530273
      vertex 39.26478576660156 38.31109619140625 7.899999618530273
    endloop
  endfacet
  facet normal 0 0 1
    outer loop
      vertex 33.56217956542969 51.13139724731445 7.899999618530273
      vertex 38.95603561401367 38.69478225708008 7.899999618530273
      vertex 39.26478576660156 38.31109619140625 7.899999618530273
    endloop
  endfacet
  facet normal 0 0 1
    outer loop
      vertex 33.56217956542969 51.13139724731445 7.899999618530273
      vertex 38.60247039794922 39.037620544433594 7.899999618530273
      vertex 38.95603561401367 38.69478225708008 7.899999618530273
    endloop
  endfacet
  facet normal 0 0 1
    outer loop
      vertex 33.56217956542969 51.13139724731445 7.899999618530273
      vertex 38.20945739746094 39.334407806396484 7.899999618530273
      vertex 38.60247039794922 39.037620544433594 7.899999618530273
    endloop
  endfacet
  facet normal 0 0 1
    outer loop
      vertex 33.56217956542969 51.13139724731445 7.899999618530273
      vertex 37.78295135498047 39.580650329589844 7.899999618530273
      vertex 38.20945739746094 39.334407806396484 7.899999618530273
    endloop
  endfacet
  facet normal 0 0 1
    outer loop
      vertex 33.56217956542969 51.13139724731445 7.899999618530273
      vertex 37.32941818237305 39.77261734008789 7.899999618530273
      vertex 37.78295135498047 39.580650329589844 7.899999618530273
    endloop
  endfacet
  facet normal 0 0 1
    outer loop
      vertex 33.56217956542969 51.13139724731445 7.899999618530273
      vertex 36.85573196411133 39.90739440917969 7.899999618530273
      vertex 37.32941818237305 39.77261734008789 7.899999618530273
    endloop
  endfacet
  facet normal 0 0 1
    outer loop
      vertex 33.56217956542969 51.13139724731445 7.899999618530273
      vertex 36.36907196044922 39.98293685913086 7.899999618530273
      vertex 36.85573196411133 39.90739440917969 7.899999618530273
    endloop
  endfacet
  facet normal 0 0 1
    outer loop
      vertex 33.56217956542969 51.13139724731445 7.899999618530273
      vertex 35.8768196105957 39.99810028076172 7.899999618530273
      vertex 36.36907196044922 39.98293685913086 7.899999618530273
    endloop
  endfacet
  facet normal 0 0 1
    outer loop
      vertex 33.56217956542969 51.13139724731445 7.899999618530273
      vertex 35.38643264770508 39.952659606933594 7.899999618530273
      vertex 35.8768196105957 39.99810028076172 7.899999618530273
    endloop
  endfacet
  facet normal 0 0 1
    outer loop
      vertex 33.56217956542969 51.13139724731445 7.899999618530273
      vertex 34.90534973144531 39.8473014831543 7.899999618530273
      vertex 35.38643264770508 39.952659606933594 7.899999618530273
    endloop
  endfacet
  facet normal 0 0 1
    outer loop
      vertex 33.56217956542969 51.13139724731445 7.899999618530273
      vertex 34.44085693359375 39.68362045288086 7.899999618530273
      vertex 34.90534973144531 39.8473014831543 7.899999618530273
    endloop
  endfacet
  facet normal 0 0 1
    outer loop
      vertex 33.56217956542969 51.13139724731445 7.899999618530273
      vertex 34 39.4640998840332 7.899999618530273
      vertex 34.44085693359375 39.68362045288086 7.899999618530273
    endloop
  endfacet
  facet normal 0 0 1
    outer loop
      vertex 33.56217956542969 51.13139724731445 7.899999618530273
      vertex 33.58946228027344 39.19207000732422 7.899999618530273
      vertex 34 39.4640998840332 7.899999618530273
    endloop
  endfacet
  facet normal 0 0 1
    outer loop
      vertex 31.99951171875 52.99370574951172 7.899999618530273
      vertex 33.56217956542969 51.13139724731445 7.899999618530273
      vertex 33.23406219482422 51.64643096923828 7.899999618530273
    endloop
  endfacet
  facet normal 0 0 1
    outer loop
      vertex 33.56217956542969 51.13139724731445 7.899999618530273
      vertex 33.2154655456543 38.871646881103516 7.899999618530273
      vertex 33.58946228027344 39.19207000732422 7.899999618530273
    endloop
  endfacet
  facet normal 0 0 1
    outer loop
      vertex 27.5 54.63139724731445 7.899999618530273
      vertex 33.2154655456543 38.871646881103516 7.899999618530273
      vertex 33.56217956542969 51.13139724731445 7.899999618530273
    endloop
  endfacet
  facet normal 0 0 1
    outer loop
      vertex 31.99951171875 52.99370574951172 7.899999618530273
      vertex 33.23406219482422 51.64643096923828 7.899999618530273
      vertex 32.86231231689453 52.13090896606445 7.899999618530273
    endloop
  endfacet
  facet normal 0 0 1
    outer loop
      vertex 31.515033721923828 53.36546325683594 7.899999618530273
      vertex 33.56217956542969 51.13139724731445 7.899999618530273
      vertex 31.99951171875 52.99370574951172 7.899999618530273
    endloop
  endfacet
  facet normal 0 0 1
    outer loop
      vertex 31.99951171875 52.99370574951172 7.899999618530273
      vertex 32.86231231689453 52.13090896606445 7.899999618530273
      vertex 32.449745178222656 52.581146240234375 7.899999618530273
    endloop
  endfacet
  facet normal 0 0 1
    outer loop
      vertex 27.5 54.63139724731445 7.899999618530273
      vertex 33.56217956542969 51.13139724731445 7.899999618530273
      vertex 31.515033721923828 53.36546325683594 7.899999618530273
    endloop
  endfacet
  facet normal 0 0 1
    outer loop
      vertex 33.2154655456543 38.871646881103516 7.899999618530273
      vertex 27.5 54.63139724731445 7.899999618530273
      vertex 32.8836784362793 38.507694244384766 7.899999618530273
    endloop
  endfacet
  facet normal 0 0 1
    outer loop
      vertex 32.8836784362793 38.507694244384766 7.899999618530273
      vertex 27.5 54.63139724731445 7.899999618530273
      vertex 32.5991325378418 38.10572814941406 7.899999618530273
    endloop
  endfacet
  facet normal 0 0 1
    outer loop
      vertex 20 34.641014099121094 7.899999618530273
      vertex 32.5991325378418 38.10572814941406 7.899999618530273
      vertex 27.5 54.63139724731445 7.899999618530273
    endloop
  endfacet
  facet normal 0 0 1
    outer loop
      vertex 32.36613845825195 37.67184066772461 7.899999618530273
      vertex 20 34.641014099121094 7.899999618530273
      vertex 32.188232421875 37.212608337402344 7.899999618530273
    endloop
  endfacet
  facet normal 0 0 1
    outer loop
      vertex 32.5991325378418 38.10572814941406 7.899999618530273
      vertex 20 34.641014099121094 7.899999618530273
      vertex 32.36613845825195 37.67184066772461 7.899999618530273
    endloop
  endfacet
  facet normal 0 0 1
    outer loop
      vertex 61.06217956542969 3.5 7.899999618530273
      vertex 40 0 7.899999618530273
      vertex 61.06217956542969 -3.5 7.899999618530273
    endloop
  endfacet
  facet normal 0 0 1
    outer loop
      vertex 39.84778594970703 -3.4862289428710938 7.899999618530273
      vertex 61.06217956542969 -3.5 7.899999618530273
      vertex 40 0 7.899999618530273
    endloop
  endfacet
  facet normal 0 0 1
    outer loop
      vertex 39.96968078613281 -36.491554260253906 7.899999618530273
      vertex 61.06217956542969 -3.5 7.899999618530273
      vertex 40 -36 7.899999618530273
    endloop
  endfacet
  facet normal 0 0 1
    outer loop
      vertex 39.879188537597656 -36.97565460205078 7.899999618530273
      vertex 61.06217956542969 -3.5 7.899999618530273
      vertex 39.96968078613281 -36.491554260253906 7.899999618530273
    endloop
  endfacet
  facet normal 0 0 1
    outer loop
      vertex 39.729888916015625 -37.44496536254883 7.899999618530273
      vertex 61.06217956542969 -3.5 7.899999618530273
      vertex 39.879188537597656 -36.97565460205078 7.899999618530273
    endloop
  endfacet
  facet normal 0 0 1
    outer loop
      vertex 39.5240478515625 -37.892372131347656 7.899999618530273
      vertex 61.06217956542969 -3.5 7.899999618530273
      vertex 39.729888916015625 -37.44496536254883 7.899999618530273
    endloop
  endfacet
  facet normal 0 0 1
    outer loop
      vertex 33.56217956542969 -51.13139724731445 7.899999618530273
      vertex 39.5240478515625 -37.892372131347656 7.899999618530273
      vertex 39.26478576660156 -38.31109619140625 7.899999618530273
    endloop
  endfacet
  facet normal 0 0 1
    outer loop
      vertex 39.5240478515625 -37.892372131347656 7.899999618530273
      vertex 33.56217956542969 -51.13139724731445 7.899999618530273
      vertex 61.06217956542969 -3.5 7.899999618530273
    endloop
  endfacet
  facet normal 0 0 1
    outer loop
      vertex 38.95603561401367 -38.69478225708008 7.899999618530273
      vertex 33.56217956542969 -51.13139724731445 7.899999618530273
      vertex 39.26478576660156 -38.31109619140625 7.899999618530273
    endloop
  endfacet
  facet normal 0 0 1
    outer loop
      vertex 38.60247039794922 -39.037620544433594 7.899999618530273
      vertex 33.56217956542969 -51.13139724731445 7.899999618530273
      vertex 38.95603561401367 -38.69478225708008 7.899999618530273
    endloop
  endfacet
  facet normal 0 0 1
    outer loop
      vertex 38.20945739746094 -39.334407806396484 7.899999618530273
      vertex 33.56217956542969 -51.13139724731445 7.899999618530273
      vertex 38.60247039794922 -39.037620544433594 7.899999618530273
    endloop
  endfacet
  facet normal 0 0 1
    outer loop
      vertex 37.78295135498047 -39.580650329589844 7.899999618530273
      vertex 33.56217956542969 -51.13139724731445 7.899999618530273
      vertex 38.20945739746094 -39.334407806396484 7.899999618530273
    endloop
  endfacet
  facet normal 0 0 1
    outer loop
      vertex 37.32941818237305 -39.77261734008789 7.899999618530273
      vertex 33.56217956542969 -51.13139724731445 7.899999618530273
      vertex 37.78295135498047 -39.580650329589844 7.899999618530273
    endloop
  endfacet
  facet normal 0 0 1
    outer loop
      vertex 36.85573196411133 -39.90739440917969 7.899999618530273
      vertex 33.56217956542969 -51.13139724731445 7.899999618530273
      vertex 37.32941818237305 -39.77261734008789 7.899999618530273
    endloop
  endfacet
  facet normal 0 0 1
    outer loop
      vertex 36.36907196044922 -39.98293685913086 7.899999618530273
      vertex 33.56217956542969 -51.13139724731445 7.899999618530273
      vertex 36.85573196411133 -39.90739440917969 7.899999618530273
    endloop
  endfacet
  facet normal 0 0 1
    outer loop
      vertex 35.8768196105957 -39.99810028076172 7.899999618530273
      vertex 33.56217956542969 -51.13139724731445 7.899999618530273
      vertex 36.36907196044922 -39.98293685913086 7.899999618530273
    endloop
  endfacet
  facet normal 0 0 1
    outer loop
      vertex 35.38643264770508 -39.952659606933594 7.899999618530273
      vertex 33.56217956542969 -51.13139724731445 7.899999618530273
      vertex 35.8768196105957 -39.99810028076172 7.899999618530273
    endloop
  endfacet
  facet normal 0 0 1
    outer loop
      vertex 34.90534973144531 -39.8473014831543 7.899999618530273
      vertex 33.56217956542969 -51.13139724731445 7.899999618530273
      vertex 35.38643264770508 -39.952659606933594 7.899999618530273
    endloop
  endfacet
  facet normal 0 0 1
    outer loop
      vertex 34.44085693359375 -39.68362045288086 7.899999618530273
      vertex 33.56217956542969 -51.13139724731445 7.899999618530273
      vertex 34.90534973144531 -39.8473014831543 7.899999618530273
    endloop
  endfacet
  facet normal 0 0 1
    outer loop
      vertex 34 -39.4640998840332 7.899999618530273
      vertex 33.56217956542969 -51.13139724731445 7.899999618530273
      vertex 34.44085693359375 -39.68362045288086 7.899999618530273
    endloop
  endfacet
  facet normal 0 0 1
    outer loop
      vertex 33.58946228027344 -39.19207000732422 7.899999618530273
      vertex 33.56217956542969 -51.13139724731445 7.899999618530273
      vertex 34 -39.4640998840332 7.899999618530273
    endloop
  endfacet
  facet normal 0 0 1
    outer loop
      vertex 33.2154655456543 -38.871646881103516 7.899999618530273
      vertex 33.56217956542969 -51.13139724731445 7.899999618530273
      vertex 33.58946228027344 -39.19207000732422 7.899999618530273
    endloop
  endfacet
  facet normal 0 0 1
    outer loop
      vertex 32.8836784362793 -38.507694244384766 7.899999618530273
      vertex 33.56217956542969 -51.13139724731445 7.899999618530273
      vertex 33.2154655456543 -38.871646881103516 7.899999618530273
    endloop
  endfacet
  facet normal 0 0 1
    outer loop
      vertex 31.99951171875 -52.99370574951172 7.899999618530273
      vertex 33.56217956542969 -51.13139724731445 7.899999618530273
      vertex 32.8836784362793 -38.507694244384766 7.899999618530273
    endloop
  endfacet
  facet normal 0 0 1
    outer loop
      vertex 33.56217956542969 -51.13139724731445 7.899999618530273
      vertex 31.99951171875 -52.99370574951172 7.899999618530273
      vertex 33.23406219482422 -51.64643096923828 7.899999618530273
    endloop
  endfacet
  facet normal 0 0 1
    outer loop
      vertex 31.99951171875 -52.99370574951172 7.899999618530273
      vertex 32.8836784362793 -38.507694244384766 7.899999618530273
      vertex 32.5991325378418 -38.10572814941406 7.899999618530273
    endloop
  endfacet
  facet normal 0 0 1
    outer loop
      vertex 33.23406219482422 -51.64643096923828 7.899999618530273
      vertex 31.99951171875 -52.99370574951172 7.899999618530273
      vertex 32.86231231689453 -52.13090896606445 7.899999618530273
    endloop
  endfacet
  facet normal 0 0 1
    outer loop
      vertex 31.99951171875 -52.99370574951172 7.899999618530273
      vertex 32.5991325378418 -38.10572814941406 7.899999618530273
      vertex 32.36613845825195 -37.67184066772461 7.899999618530273
    endloop
  endfacet
  facet normal 0 0 1
    outer loop
      vertex 31.99951171875 -52.99370574951172 7.899999618530273
      vertex 32.36613845825195 -37.67184066772461 7.899999618530273
      vertex 32.188232421875 -37.212608337402344 7.899999618530273
    endloop
  endfacet
  facet normal 0 0 1
    outer loop
      vertex 31.99951171875 -52.99370574951172 7.899999618530273
      vertex 32.188232421875 -37.212608337402344 7.899999618530273
      vertex 32.06810760498047 -36.7349967956543 7.899999618530273
    endloop
  endfacet
  facet normal 0 0 1
    outer loop
      vertex 31.99951171875 -52.99370574951172 7.899999618530273
      vertex 32.06810760498047 -36.7349967956543 7.899999618530273
      vertex 32.00758743286133 -36.24624252319336 7.899999618530273
    endloop
  endfacet
  facet normal 0 0 1
    outer loop
      vertex 32.86231231689453 -52.13090896606445 7.899999618530273
      vertex 31.99951171875 -52.99370574951172 7.899999618530273
      vertex 32.449745178222656 -52.581146240234375 7.899999618530273
    endloop
  endfacet
  facet normal 0.7372767751169436 -0.6755908205956915 0
    outer loop
      vertex 32.449745178222656 -52.581146240234375 7.899999618530273
      vertex 32.86231231689453 -52.13090896606445 0
      vertex 32.86231231689453 -52.13090896606445 7.899999618530273
    endloop
  endfacet
  facet normal 0.7372767751169436 -0.6755908205956915 0
    outer loop
      vertex 32.86231231689453 -52.13090896606445 0
      vertex 32.449745178222656 -52.581146240234375 7.899999618530273
      vertex 32.449745178222656 -52.581146240234375 0
    endloop
  endfacet
  facet normal -0.9941376862154561 -0.1081215096369792 0
    outer loop
      vertex -33.75 -36 0
      vertex -33.80260467529297 -35.516319274902344 3.799999713897705
      vertex -33.80260467529297 -35.516319274902344 0
    endloop
  endfacet
  facet normal -0.9941376862154561 -0.1081215096369792 0
    outer loop
      vertex -33.80260467529297 -35.516319274902344 3.799999713897705
      vertex -33.75 -36 0
      vertex -33.75 -36 3.799999713897705
    endloop
  endfacet
  facet normal -0.9941376862154561 0.1081215096369792 0
    outer loop
      vertex -33.80260467529297 -36.483680725097656 0
      vertex -33.75 -36 3.799999713897705
      vertex -33.75 -36 0
    endloop
  endfacet
  facet normal -0.9941376862154561 0.1081215096369792 0
    outer loop
      vertex -33.75 -36 3.799999713897705
      vertex -33.80260467529297 -36.483680725097656 0
      vertex -33.80260467529297 -36.483680725097656 3.799999713897705
    endloop
  endfacet
  facet normal -0.9476543503181204 -0.3192980305657102 0
    outer loop
      vertex -33.80260467529297 -35.516319274902344 0
      vertex -33.95795440673828 -35.05525207519531 3.799999713897705
      vertex -33.95795440673828 -35.05525207519531 0
    endloop
  endfacet
  facet normal -0.9476543503181204 -0.3192980305657102 0
    outer loop
      vertex -33.95795440673828 -35.05525207519531 3.799999713897705
      vertex -33.80260467529297 -35.516319274902344 0
      vertex -33.80260467529297 -35.516319274902344 3.799999713897705
    endloop
  endfacet
  facet normal -0.8568578844279425 -0.5155526800373273 0
    outer loop
      vertex -33.95795440673828 -35.05525207519531 0
      vertex -34.20878982543945 -34.63835906982422 3.799999713897705
      vertex -34.20878982543945 -34.63835906982422 0
    endloop
  endfacet
  facet normal -0.8568578844279425 -0.5155526800373273 0
    outer loop
      vertex -34.20878982543945 -34.63835906982422 3.799999713897705
      vertex -33.95795440673828 -35.05525207519531 0
      vertex -33.95795440673828 -35.05525207519531 3.799999713897705
    endloop
  endfacet
  facet normal 0.2675278035596563 -0.9635501410526315 0
    outer loop
      vertex -36.83280944824219 -33.9098014831543 0
      vertex -36.364009857177734 -33.779640197753906 3.799999713897705
      vertex -36.83280944824219 -33.9098014831543 3.799999713897705
    endloop
  endfacet
  facet normal 0.2675278035596563 -0.9635501410526315 0
    outer loop
      vertex -36.364009857177734 -33.779640197753906 3.799999713897705
      vertex -36.83280944824219 -33.9098014831543 0
      vertex -36.364009857177734 -33.779640197753906 0
    endloop
  endfacet
  facet normal 0.05413900660316647 -0.9985334085367511 0
    outer loop
      vertex -36.364009857177734 -33.779640197753906 0
      vertex -35.87818908691406 -33.753299713134766 3.799999713897705
      vertex -36.364009857177734 -33.779640197753906 3.799999713897705
    endloop
  endfacet
  facet normal 0.05413900660316647 -0.9985334085367511 0
    outer loop
      vertex -35.87818908691406 -33.753299713134766 3.799999713897705
      vertex -36.364009857177734 -33.779640197753906 0
      vertex -35.87818908691406 -33.753299713134766 0
    endloop
  endfacet
  facet normal -0.7259940943359073 0.6877009342653142 0
    outer loop
      vertex -34.54338073730469 -37.71486282348633 0
      vertex -34.20878982543945 -37.36164093017578 3.799999713897705
      vertex -34.20878982543945 -37.36164093017578 0
    endloop
  endfacet
  facet normal -0.7259940943359073 0.6877009342653142 0
    outer loop
      vertex -34.20878982543945 -37.36164093017578 3.799999713897705
      vertex -34.54338073730469 -37.71486282348633 0
      vertex -34.54338073730469 -37.71486282348633 3.799999713897705
    endloop
  endfacet
  facet normal 0.7960955607362732 -0.6051709330230582 0
    outer loop
      vertex -37.92792892456055 -34.840003967285156 3.799999713897705
      vertex -37.63349151611328 -34.452674865722656 0
      vertex -37.63349151611328 -34.452674865722656 3.799999713897705
    endloop
  endfacet
  facet normal 0.7960955607362732 -0.6051709330230582 0
    outer loop
      vertex -37.63349151611328 -34.452674865722656 0
      vertex -37.92792892456055 -34.840003967285156 3.799999713897705
      vertex -37.92792892456055 -34.840003967285156 0
    endloop
  endfacet
  facet normal -0.16178178622315406 -0.9868265570232925 0
    outer loop
      vertex -35.87818908691406 -33.753299713134766 0
      vertex -35.39806365966797 -33.83201217651367 3.799999713897705
      vertex -35.87818908691406 -33.753299713134766 3.799999713897705
    endloop
  endfacet
  facet normal -0.16178178622315406 -0.9868265570232925 0
    outer loop
      vertex -35.39806365966797 -33.83201217651367 3.799999713897705
      vertex -35.87818908691406 -33.753299713134766 0
      vertex -35.39806365966797 -33.83201217651367 0
    endloop
  endfacet
  facet normal -0.5611842508692879 -0.8276909064235732 0
    outer loop
      vertex -34.946083068847656 -34.01210021972656 0
      vertex -34.54338073730469 -34.28513717651367 3.799999713897705
      vertex -34.946083068847656 -34.01210021972656 3.799999713897705
    endloop
  endfacet
  facet normal -0.5611842508692879 -0.8276909064235732 0
    outer loop
      vertex -34.54338073730469 -34.28513717651367 3.799999713897705
      vertex -34.946083068847656 -34.01210021972656 0
      vertex -34.54338073730469 -34.28513717651367 0
    endloop
  endfacet
  facet normal 0.9766204724587518 -0.21497081842530213 0
    outer loop
      vertex -38.23680877685547 -35.75673294067383 3.799999713897705
      vertex -38.13221740722656 -35.28157043457031 0
      vertex -38.13221740722656 -35.28157043457031 3.799999713897705
    endloop
  endfacet
  facet normal 0.9766204724587518 -0.21497081842530213 0
    outer loop
      vertex -38.13221740722656 -35.28157043457031 0
      vertex -38.23680877685547 -35.75673294067383 3.799999713897705
      vertex -38.23680877685547 -35.75673294067383 0
    endloop
  endfacet
  facet normal 0.9075769229099414 -0.41988585234718534 0
    outer loop
      vertex -38.13221740722656 -35.28157043457031 3.799999713897705
      vertex -37.92792892456055 -34.840003967285156 0
      vertex -37.92792892456055 -34.840003967285156 3.799999713897705
    endloop
  endfacet
  facet normal 0.9075769229099414 -0.41988585234718534 0
    outer loop
      vertex -37.92792892456055 -34.840003967285156 0
      vertex -38.13221740722656 -35.28157043457031 3.799999713897705
      vertex -38.13221740722656 -35.28157043457031 0
    endloop
  endfacet
  facet normal -0.9476543503181204 0.3192980305657102 0
    outer loop
      vertex -33.95795440673828 -36.94474792480469 0
      vertex -33.80260467529297 -36.483680725097656 3.799999713897705
      vertex -33.80260467529297 -36.483680725097656 0
    endloop
  endfacet
  facet normal -0.9476543503181204 0.3192980305657102 0
    outer loop
      vertex -33.80260467529297 -36.483680725097656 3.799999713897705
      vertex -33.95795440673828 -36.94474792480469 0
      vertex -33.95795440673828 -36.94474792480469 3.799999713897705
    endloop
  endfacet
  facet normal 0.7960955607362732 0.6051709330230582 0
    outer loop
      vertex -37.63349151611328 -37.547325134277344 3.799999713897705
      vertex -37.92792892456055 -37.159996032714844 0
      vertex -37.92792892456055 -37.159996032714844 3.799999713897705
    endloop
  endfacet
  facet normal 0.7960955607362732 0.6051709330230582 0
    outer loop
      vertex -37.92792892456055 -37.159996032714844 0
      vertex -37.63349151611328 -37.547325134277344 3.799999713897705
      vertex -37.63349151611328 -37.547325134277344 0
    endloop
  endfacet
  facet normal 0.05413900660316647 0.9985334085367511 0
    outer loop
      vertex -35.87818908691406 -38.246700286865234 0
      vertex -36.364009857177734 -38.220359802246094 3.799999713897705
      vertex -35.87818908691406 -38.246700286865234 3.799999713897705
    endloop
  endfacet
  facet normal 0.05413900660316647 0.9985334085367511 0
    outer loop
      vertex -36.364009857177734 -38.220359802246094 3.799999713897705
      vertex -35.87818908691406 -38.246700286865234 0
      vertex -36.364009857177734 -38.220359802246094 0
    endloop
  endfacet
  facet normal -0.8568578844279425 0.5155526800373273 0
    outer loop
      vertex -34.20878982543945 -37.36164093017578 0
      vertex -33.95795440673828 -36.94474792480469 3.799999713897705
      vertex -33.95795440673828 -36.94474792480469 0
    endloop
  endfacet
  facet normal -0.8568578844279425 0.5155526800373273 0
    outer loop
      vertex -33.95795440673828 -36.94474792480469 3.799999713897705
      vertex -34.20878982543945 -37.36164093017578 0
      vertex -34.20878982543945 -37.36164093017578 3.799999713897705
    endloop
  endfacet
  facet normal 0.6473852853878266 -0.7621629040194243 0
    outer loop
      vertex -37.63349151611328 -34.452674865722656 0
      vertex -37.262672424316406 -34.137699127197266 3.799999713897705
      vertex -37.63349151611328 -34.452674865722656 3.799999713897705
    endloop
  endfacet
  facet normal 0.6473852853878266 -0.7621629040194243 0
    outer loop
      vertex -37.262672424316406 -34.137699127197266 3.799999713897705
      vertex -37.63349151611328 -34.452674865722656 0
      vertex -37.262672424316406 -34.137699127197266 0
    endloop
  endfacet
  facet normal -0.3701426185277486 -0.9289749415078007 0
    outer loop
      vertex -35.39806365966797 -33.83201217651367 0
      vertex -34.946083068847656 -34.01210021972656 3.799999713897705
      vertex -35.39806365966797 -33.83201217651367 3.799999713897705
    endloop
  endfacet
  facet normal -0.3701426185277486 -0.9289749415078007 0
    outer loop
      vertex -34.946083068847656 -34.01210021972656 3.799999713897705
      vertex -35.39806365966797 -33.83201217651367 0
      vertex -34.946083068847656 -34.01210021972656 0
    endloop
  endfacet
  facet normal -0.7259940943359073 -0.6877009342653142 0
    outer loop
      vertex -34.20878982543945 -34.63835906982422 0
      vertex -34.54338073730469 -34.28513717651367 3.799999713897705
      vertex -34.54338073730469 -34.28513717651367 0
    endloop
  endfacet
  facet normal -0.7259940943359073 -0.6877009342653142 0
    outer loop
      vertex -34.54338073730469 -34.28513717651367 3.799999713897705
      vertex -34.20878982543945 -34.63835906982422 0
      vertex -34.20878982543945 -34.63835906982422 3.799999713897705
    endloop
  endfacet
  facet normal -0.3701426185277486 0.9289749415078007 0
    outer loop
      vertex -34.946083068847656 -37.98789978027344 0
      vertex -35.39806365966797 -38.16798782348633 3.799999713897705
      vertex -34.946083068847656 -37.98789978027344 3.799999713897705
    endloop
  endfacet
  facet normal -0.3701426185277486 0.9289749415078007 0
    outer loop
      vertex -35.39806365966797 -38.16798782348633 3.799999713897705
      vertex -34.946083068847656 -37.98789978027344 0
      vertex -35.39806365966797 -38.16798782348633 0
    endloop
  endfacet
  facet normal 1 0 0
    outer loop
      vertex -38.23680877685547 -36.24326705932617 3.799999713897705
      vertex -38.23680877685547 -35.75673294067383 0
      vertex -38.23680877685547 -35.75673294067383 3.799999713897705
    endloop
  endfacet
  facet normal 1 0 0
    outer loop
      vertex -38.23680877685547 -35.75673294067383 0
      vertex -38.23680877685547 -36.24326705932617 3.799999713897705
      vertex -38.23680877685547 -36.24326705932617 0
    endloop
  endfacet
  facet normal 0.46840638340397733 -0.8835131351521641 0
    outer loop
      vertex -37.262672424316406 -34.137699127197266 0
      vertex -36.83280944824219 -33.9098014831543 3.799999713897705
      vertex -37.262672424316406 -34.137699127197266 3.799999713897705
    endloop
  endfacet
  facet normal 0.46840638340397733 -0.8835131351521641 0
    outer loop
      vertex -36.83280944824219 -33.9098014831543 3.799999713897705
      vertex -37.262672424316406 -34.137699127197266 0
      vertex -36.83280944824219 -33.9098014831543 0
    endloop
  endfacet
  facet normal -0.5611842508692879 0.8276909064235732 0
    outer loop
      vertex -34.54338073730469 -37.71486282348633 0
      vertex -34.946083068847656 -37.98789978027344 3.799999713897705
      vertex -34.54338073730469 -37.71486282348633 3.799999713897705
    endloop
  endfacet
  facet normal -0.5611842508692879 0.8276909064235732 0
    outer loop
      vertex -34.946083068847656 -37.98789978027344 3.799999713897705
      vertex -34.54338073730469 -37.71486282348633 0
      vertex -34.946083068847656 -37.98789978027344 0
    endloop
  endfacet
  facet normal 0.9766204724587518 0.21497081842530213 0
    outer loop
      vertex -38.13221740722656 -36.71842956542969 3.799999713897705
      vertex -38.23680877685547 -36.24326705932617 0
      vertex -38.23680877685547 -36.24326705932617 3.799999713897705
    endloop
  endfacet
  facet normal 0.9766204724587518 0.21497081842530213 0
    outer loop
      vertex -38.23680877685547 -36.24326705932617 0
      vertex -38.13221740722656 -36.71842956542969 3.799999713897705
      vertex -38.13221740722656 -36.71842956542969 0
    endloop
  endfacet
  facet normal -0.16178178622315406 0.9868265570232925 0
    outer loop
      vertex -35.39806365966797 -38.16798782348633 0
      vertex -35.87818908691406 -38.246700286865234 3.799999713897705
      vertex -35.39806365966797 -38.16798782348633 3.799999713897705
    endloop
  endfacet
  facet normal -0.16178178622315406 0.9868265570232925 0
    outer loop
      vertex -35.87818908691406 -38.246700286865234 3.799999713897705
      vertex -35.39806365966797 -38.16798782348633 0
      vertex -35.87818908691406 -38.246700286865234 0
    endloop
  endfacet
  facet normal 0.46840638340397733 0.8835131351521641 0
    outer loop
      vertex -36.83280944824219 -38.0901985168457 0
      vertex -37.262672424316406 -37.862300872802734 3.799999713897705
      vertex -36.83280944824219 -38.0901985168457 3.799999713897705
    endloop
  endfacet
  facet normal 0.46840638340397733 0.8835131351521641 0
    outer loop
      vertex -37.262672424316406 -37.862300872802734 3.799999713897705
      vertex -36.83280944824219 -38.0901985168457 0
      vertex -37.262672424316406 -37.862300872802734 0
    endloop
  endfacet
  facet normal 0.6473852853878266 0.7621629040194243 0
    outer loop
      vertex -37.262672424316406 -37.862300872802734 0
      vertex -37.63349151611328 -37.547325134277344 3.799999713897705
      vertex -37.262672424316406 -37.862300872802734 3.799999713897705
    endloop
  endfacet
  facet normal 0.6473852853878266 0.7621629040194243 0
    outer loop
      vertex -37.63349151611328 -37.547325134277344 3.799999713897705
      vertex -37.262672424316406 -37.862300872802734 0
      vertex -37.63349151611328 -37.547325134277344 0
    endloop
  endfacet
  facet normal 0.9075769229099414 0.41988585234718534 0
    outer loop
      vertex -37.92792892456055 -37.159996032714844 3.799999713897705
      vertex -38.13221740722656 -36.71842956542969 0
      vertex -38.13221740722656 -36.71842956542969 3.799999713897705
    endloop
  endfacet
  facet normal 0.9075769229099414 0.41988585234718534 0
    outer loop
      vertex -38.13221740722656 -36.71842956542969 0
      vertex -37.92792892456055 -37.159996032714844 3.799999713897705
      vertex -37.92792892456055 -37.159996032714844 0
    endloop
  endfacet
  facet normal 0.2675278035596563 0.9635501410526315 0
    outer loop
      vertex -36.364009857177734 -38.220359802246094 0
      vertex -36.83280944824219 -38.0901985168457 3.799999713897705
      vertex -36.364009857177734 -38.220359802246094 3.799999713897705
    endloop
  endfacet
  facet normal 0.2675278035596563 0.9635501410526315 0
    outer loop
      vertex -36.83280944824219 -38.0901985168457 3.799999713897705
      vertex -36.364009857177734 -38.220359802246094 0
      vertex -36.83280944824219 -38.0901985168457 0
    endloop
  endfacet
  facet normal -0.9829737557256254 -0.1837460082686384 0
    outer loop
      vertex -32.03031921386719 -35.508445739746094 3.799999713897705
      vertex -32.120811462402344 -35.02434539794922 7.899999618530273
      vertex -32.120811462402344 -35.02434539794922 3.799999713897705
    endloop
  endfacet
  facet normal -0.9829737557256254 -0.1837460082686384 0
    outer loop
      vertex -32.120811462402344 -35.02434539794922 7.899999618530273
      vertex -32.03031921386719 -35.508445739746094 3.799999713897705
      vertex -32.03031921386719 -35.508445739746094 7.899999618530273
    endloop
  endfacet
  facet normal -0.6026315596513024 0.7980195507080254 0
    outer loop
      vertex -33.39752960205078 -39.037620544433594 3.799999713897705
      vertex -33.79054260253906 -39.334407806396484 7.899999618530273
      vertex -33.39752960205078 -39.037620544433594 7.899999618530273
    endloop
  endfacet
  facet normal -0.6026315596513024 0.7980195507080254 0
    outer loop
      vertex -33.79054260253906 -39.334407806396484 7.899999618530273
      vertex -33.39752960205078 -39.037620544433594 3.799999713897705
      vertex -33.79054260253906 -39.334407806396484 3.799999713897705
    endloop
  endfacet
  facet normal -0.9981031809082308 -0.061563302874936894 0
    outer loop
      vertex -32 -36 3.799999713897705
      vertex -32.03031921386719 -35.508445739746094 7.899999618530273
      vertex -32.03031921386719 -35.508445739746094 3.799999713897705
    endloop
  endfacet
  facet normal -0.9981031809082308 -0.061563302874936894 0
    outer loop
      vertex -32.03031921386719 -35.508445739746094 7.899999618530273
      vertex -32 -36 3.799999713897705
      vertex -32 -36 7.899999618530273
    endloop
  endfacet
  facet normal -0.9529413430005574 -0.3031547406858317 0
    outer loop
      vertex -32.120811462402344 -35.02434539794922 3.799999713897705
      vertex -32.270111083984375 -34.55503463745117 7.899999618530273
      vertex -32.270111083984375 -34.55503463745117 3.799999713897705
    endloop
  endfacet
  facet normal -0.9529413430005574 -0.3031547406858317 0
    outer loop
      vertex -32.270111083984375 -34.55503463745117 7.899999618530273
      vertex -32.120811462402344 -35.02434539794922 3.799999713897705
      vertex -32.120811462402344 -35.02434539794922 7.899999618530273
    endloop
  endfacet
  facet normal 0.7390084704556413 -0.6736961337241097 0
    outer loop
      vertex -39.1163215637207 -33.492305755615234 7.899999618530273
      vertex -38.7845344543457 -33.128353118896484 3.799999713897705
      vertex -38.7845344543457 -33.128353118896484 7.899999618530273
    endloop
  endfacet
  facet normal 0.7390084704556413 -0.6736961337241097 0
    outer loop
      vertex -38.7845344543457 -33.128353118896484 3.799999713897705
      vertex -39.1163215637207 -33.492305755615234 7.899999618530273
      vertex -39.1163215637207 -33.492305755615234 3.799999713897705
    endloop
  endfacet
  facet normal 0.8810109903044072 0.47309579892749826 0
    outer loop
      vertex -39.4008674621582 -38.10572814941406 7.899999618530273
      vertex -39.63386154174805 -37.67184066772461 3.799999713897705
      vertex -39.63386154174805 -37.67184066772461 7.899999618530273
    endloop
  endfacet
  facet normal 0.8810109903044072 0.47309579892749826 0
    outer loop
      vertex -39.63386154174805 -37.67184066772461 3.799999713897705
      vertex -39.4008674621582 -38.10572814941406 7.899999618530273
      vertex -39.4008674621582 -38.10572814941406 3.799999713897705
    endloop
  endfacet
  facet normal -0.9829737557256254 0.1837460082686384 0
    outer loop
      vertex -32.120811462402344 -36.97565460205078 3.799999713897705
      vertex -32.03031921386719 -36.491554260253906 7.899999618530273
      vertex -32.03031921386719 -36.491554260253906 3.799999713897705
    endloop
  endfacet
  facet normal -0.9829737557256254 0.1837460082686384 0
    outer loop
      vertex -32.03031921386719 -36.491554260253906 7.899999618530273
      vertex -32.120811462402344 -36.97565460205078 3.799999713897705
      vertex -32.120811462402344 -36.97565460205078 7.899999618530273
    endloop
  endfacet
  facet normal -0.15338936226572766 0.9881658279578956 0
    outer loop
      vertex -35.14426803588867 -39.90739440917969 3.799999713897705
      vertex -35.63092803955078 -39.98293685913086 7.899999618530273
      vertex -35.14426803588867 -39.90739440917969 7.899999618530273
    endloop
  endfacet
  facet normal -0.15338936226572766 0.9881658279578956 0
    outer loop
      vertex -35.63092803955078 -39.98293685913086 7.899999618530273
      vertex -35.14426803588867 -39.90739440917969 3.799999713897705
      vertex -35.63092803955078 -39.98293685913086 3.799999713897705
    endloop
  endfacet
  facet normal 0.3323549504865132 -0.9431543812585018 0
    outer loop
      vertex -37.55914306640625 -32.31637954711914 3.799999713897705
      vertex -37.09465026855469 -32.1526985168457 7.899999618530273
      vertex -37.55914306640625 -32.31637954711914 7.899999618530273
    endloop
  endfacet
  facet normal 0.3323549504865132 -0.9431543812585018 0
    outer loop
      vertex -37.09465026855469 -32.1526985168457 7.899999618530273
      vertex -37.55914306640625 -32.31637954711914 3.799999713897705
      vertex -37.09465026855469 -32.1526985168457 3.799999713897705
    endloop
  endfacet
  facet normal -0.9981031809082308 0.061563302874936894 0
    outer loop
      vertex -32.03031921386719 -36.491554260253906 3.799999713897705
      vertex -32 -36 7.899999618530273
      vertex -32 -36 3.799999713897705
    endloop
  endfacet
  facet normal -0.9981031809082308 0.061563302874936894 0
    outer loop
      vertex -32 -36 7.899999618530273
      vertex -32.03031921386719 -36.491554260253906 3.799999713897705
      vertex -32.03031921386719 -36.491554260253906 7.899999618530273
    endloop
  endfacet
  facet normal 0.552361752901918 -0.8336045189003718 0
    outer loop
      vertex -38.41053771972656 -32.80792999267578 3.799999713897705
      vertex -38 -32.5359001159668 7.899999618530273
      vertex -38.41053771972656 -32.80792999267578 7.899999618530273
    endloop
  endfacet
  facet normal 0.552361752901918 -0.8336045189003718 0
    outer loop
      vertex -38 -32.5359001159668 7.899999618530273
      vertex -38.41053771972656 -32.80792999267578 3.799999713897705
      vertex -38 -32.5359001159668 3.799999713897705
    endloop
  endfacet
  facet normal 1 0 0
    outer loop
      vertex -39.99241256713867 -36.24624252319336 7.899999618530273
      vertex -39.99241256713867 -35.75375747680664 3.799999713897705
      vertex -39.99241256713867 -35.75375747680664 7.899999618530273
    endloop
  endfacet
  facet normal 1 0 0
    outer loop
      vertex -39.99241256713867 -35.75375747680664 3.799999713897705
      vertex -39.99241256713867 -36.24624252319336 7.899999618530273
      vertex -39.99241256713867 -36.24624252319336 3.799999713897705
    endloop
  endfacet
  facet normal -0.7790814430762896 0.6269227265414506 0
    outer loop
      vertex -33.04396438598633 -38.69478225708008 3.799999713897705
      vertex -32.73521423339844 -38.31109619140625 7.899999618530273
      vertex -32.73521423339844 -38.31109619140625 3.799999713897705
    endloop
  endfacet
  facet normal -0.7790814430762896 0.6269227265414506 0
    outer loop
      vertex -32.73521423339844 -38.31109619140625 7.899999618530273
      vertex -33.04396438598633 -38.69478225708008 3.799999713897705
      vertex -33.04396438598633 -38.69478225708008 7.899999618530273
    endloop
  endfacet
  facet normal 0.9324732664324193 -0.36123898929774256 0
    outer loop
      vertex -39.811767578125 -34.787391662597656 7.899999618530273
      vertex -39.63386154174805 -34.32815933227539 3.799999713897705
      vertex -39.63386154174805 -34.32815933227539 7.899999618530273
    endloop
  endfacet
  facet normal 0.9324732664324193 -0.36123898929774256 0
    outer loop
      vertex -39.63386154174805 -34.32815933227539 3.799999713897705
      vertex -39.811767578125 -34.787391662597656 7.899999618530273
      vertex -39.811767578125 -34.787391662597656 3.799999713897705
    endloop
  endfacet
  facet normal -0.4999986975616453 -0.8660261557462675 0
    outer loop
      vertex -34.21704864501953 -32.419349670410156 3.799999713897705
      vertex -33.79054260253906 -32.665592193603516 7.899999618530273
      vertex -34.21704864501953 -32.419349670410156 7.899999618530273
    endloop
  endfacet
  facet normal -0.4999986975616453 -0.8660261557462675 0
    outer loop
      vertex -33.79054260253906 -32.665592193603516 7.899999618530273
      vertex -34.21704864501953 -32.419349670410156 3.799999713897705
      vertex -33.79054260253906 -32.665592193603516 3.799999713897705
    endloop
  endfacet
  facet normal -0.7790814430762896 -0.6269227265414506 0
    outer loop
      vertex -32.73521423339844 -33.68890380859375 3.799999713897705
      vertex -33.04396438598633 -33.30521774291992 7.899999618530273
      vertex -33.04396438598633 -33.30521774291992 3.799999713897705
    endloop
  endfacet
  facet normal -0.7790814430762896 -0.6269227265414506 0
    outer loop
      vertex -33.04396438598633 -33.30521774291992 7.899999618530273
      vertex -32.73521423339844 -33.68890380859375 3.799999713897705
      vertex -32.73521423339844 -33.68890380859375 7.899999618530273
    endloop
  endfacet
  facet normal -0.9084642778696526 -0.4179625052977487 0
    outer loop
      vertex -32.270111083984375 -34.55503463745117 3.799999713897705
      vertex -32.4759521484375 -34.107627868652344 7.899999618530273
      vertex -32.4759521484375 -34.107627868652344 3.799999713897705
    endloop
  endfacet
  facet normal -0.9084642778696526 -0.4179625052977487 0
    outer loop
      vertex -32.4759521484375 -34.107627868652344 7.899999618530273
      vertex -32.270111083984375 -34.55503463745117 3.799999713897705
      vertex -32.270111083984375 -34.55503463745117 7.899999618530273
    endloop
  endfacet
  facet normal 0.9697966034842238 -0.24391504232101632 0
    outer loop
      vertex -39.93189239501953 -35.2650032043457 7.899999618530273
      vertex -39.811767578125 -34.787391662597656 3.799999713897705
      vertex -39.811767578125 -34.787391662597656 7.899999618530273
    endloop
  endfacet
  facet normal 0.9697966034842238 -0.24391504232101632 0
    outer loop
      vertex -39.811767578125 -34.787391662597656 3.799999713897705
      vertex -39.93189239501953 -35.2650032043457 7.899999618530273
      vertex -39.93189239501953 -35.2650032043457 3.799999713897705
    endloop
  endfacet
  facet normal -0.696132408301272 -0.7179134140776806 0
    outer loop
      vertex -33.39752960205078 -32.962379455566406 3.799999713897705
      vertex -33.04396438598633 -33.30521774291992 7.899999618530273
      vertex -33.39752960205078 -32.962379455566406 7.899999618530273
    endloop
  endfacet
  facet normal -0.696132408301272 -0.7179134140776806 0
    outer loop
      vertex -33.04396438598633 -33.30521774291992 7.899999618530273
      vertex -33.39752960205078 -32.962379455566406 3.799999713897705
      vertex -33.04396438598633 -33.30521774291992 3.799999713897705
    endloop
  endfacet
  facet normal 0.7390084704556413 0.6736961337241097 0
    outer loop
      vertex -38.7845344543457 -38.871646881103516 7.899999618530273
      vertex -39.1163215637207 -38.507694244384766 3.799999713897705
      vertex -39.1163215637207 -38.507694244384766 7.899999618530273
    endloop
  endfacet
  facet normal 0.7390084704556413 0.6736961337241097 0
    outer loop
      vertex -39.1163215637207 -38.507694244384766 3.799999713897705
      vertex -38.7845344543457 -38.871646881103516 7.899999618530273
      vertex -38.7845344543457 -38.871646881103516 3.799999713897705
    endloop
  endfacet
  facet normal -0.696132408301272 0.7179134140776806 0
    outer loop
      vertex -33.04396438598633 -38.69478225708008 3.799999713897705
      vertex -33.39752960205078 -39.037620544433594 7.899999618530273
      vertex -33.04396438598633 -38.69478225708008 7.899999618530273
    endloop
  endfacet
  facet normal -0.696132408301272 0.7179134140776806 0
    outer loop
      vertex -33.39752960205078 -39.037620544433594 7.899999618530273
      vertex -33.04396438598633 -38.69478225708008 3.799999713897705
      vertex -33.39752960205078 -39.037620544433594 3.799999713897705
    endloop
  endfacet
  facet normal -0.8502179324010188 -0.5264308762066837 0
    outer loop
      vertex -32.4759521484375 -34.107627868652344 3.799999713897705
      vertex -32.73521423339844 -33.68890380859375 7.899999618530273
      vertex -32.73521423339844 -33.68890380859375 3.799999713897705
    endloop
  endfacet
  facet normal -0.8502179324010188 -0.5264308762066837 0
    outer loop
      vertex -32.73521423339844 -33.68890380859375 7.899999618530273
      vertex -32.4759521484375 -34.107627868652344 3.799999713897705
      vertex -32.4759521484375 -34.107627868652344 7.899999618530273
    endloop
  endfacet
  facet normal -0.9084642778696526 0.4179625052977487 0
    outer loop
      vertex -32.4759521484375 -37.892372131347656 3.799999713897705
      vertex -32.270111083984375 -37.44496536254883 7.899999618530273
      vertex -32.270111083984375 -37.44496536254883 3.799999713897705
    endloop
  endfacet
  facet normal -0.9084642778696526 0.4179625052977487 0
    outer loop
      vertex -32.270111083984375 -37.44496536254883 7.899999618530273
      vertex -32.4759521484375 -37.892372131347656 3.799999713897705
      vertex -32.4759521484375 -37.892372131347656 7.899999618530273
    endloop
  endfacet
  facet normal -0.6026315596513024 -0.7980195507080254 0
    outer loop
      vertex -33.79054260253906 -32.665592193603516 3.799999713897705
      vertex -33.39752960205078 -32.962379455566406 7.899999618530273
      vertex -33.79054260253906 -32.665592193603516 7.899999618530273
    endloop
  endfacet
  facet normal -0.6026315596513024 -0.7980195507080254 0
    outer loop
      vertex -33.39752960205078 -32.962379455566406 7.899999618530273
      vertex -33.79054260253906 -32.665592193603516 3.799999713897705
      vertex -33.39752960205078 -32.962379455566406 3.799999713897705
    endloop
  endfacet
  facet normal -0.27366622094976967 0.9618247239029946 0
    outer loop
      vertex -34.67058181762695 -39.77261734008789 3.799999713897705
      vertex -35.14426803588867 -39.90739440917969 7.899999618530273
      vertex -34.67058181762695 -39.77261734008789 7.899999618530273
    endloop
  endfacet
  facet normal -0.27366622094976967 0.9618247239029946 0
    outer loop
      vertex -35.14426803588867 -39.90739440917969 7.899999618530273
      vertex -34.67058181762695 -39.77261734008789 3.799999713897705
      vertex -35.14426803588867 -39.90739440917969 3.799999713897705
    endloop
  endfacet
  facet normal 0.21393180269708095 0.9768485981946113 0
    outer loop
      vertex -36.61356735229492 -39.952659606933594 3.799999713897705
      vertex -37.09465026855469 -39.8473014831543 7.899999618530273
      vertex -36.61356735229492 -39.952659606933594 7.899999618530273
    endloop
  endfacet
  facet normal 0.21393180269708095 0.9768485981946113 0
    outer loop
      vertex -37.09465026855469 -39.8473014831543 7.899999618530273
      vertex -36.61356735229492 -39.952659606933594 3.799999713897705
      vertex -37.09465026855469 -39.8473014831543 3.799999713897705
    endloop
  endfacet
  facet normal -0.27366622094976967 -0.9618247239029946 0
    outer loop
      vertex -35.14426803588867 -32.09260559082031 3.799999713897705
      vertex -34.67058181762695 -32.22738265991211 7.899999618530273
      vertex -35.14426803588867 -32.09260559082031 7.899999618530273
    endloop
  endfacet
  facet normal -0.27366622094976967 -0.9618247239029946 0
    outer loop
      vertex -34.67058181762695 -32.22738265991211 7.899999618530273
      vertex -35.14426803588867 -32.09260559082031 3.799999713897705
      vertex -34.67058181762695 -32.22738265991211 3.799999713897705
    endloop
  endfacet
  facet normal 0.552361752901918 0.8336045189003718 0
    outer loop
      vertex -38 -39.4640998840332 3.799999713897705
      vertex -38.41053771972656 -39.19207000732422 7.899999618530273
      vertex -38 -39.4640998840332 7.899999618530273
    endloop
  endfacet
  facet normal 0.552361752901918 0.8336045189003718 0
    outer loop
      vertex -38.41053771972656 -39.19207000732422 7.899999618530273
      vertex -38 -39.4640998840332 3.799999713897705
      vertex -38.41053771972656 -39.19207000732422 3.799999713897705
    endloop
  endfacet
  facet normal -0.9529413430005574 0.3031547406858317 0
    outer loop
      vertex -32.270111083984375 -37.44496536254883 3.799999713897705
      vertex -32.120811462402344 -36.97565460205078 7.899999618530273
      vertex -32.120811462402344 -36.97565460205078 3.799999713897705
    endloop
  endfacet
  facet normal -0.9529413430005574 0.3031547406858317 0
    outer loop
      vertex -32.120811462402344 -36.97565460205078 7.899999618530273
      vertex -32.270111083984375 -37.44496536254883 3.799999713897705
      vertex -32.270111083984375 -37.44496536254883 7.899999618530273
    endloop
  endfacet
  facet normal 0.09226761412297531 -0.9957342453607053 0
    outer loop
      vertex -36.61356735229492 -32.047340393066406 3.799999713897705
      vertex -36.1231803894043 -32.00189971923828 7.899999618530273
      vertex -36.61356735229492 -32.047340393066406 7.899999618530273
    endloop
  endfacet
  facet normal 0.09226761412297531 -0.9957342453607053 0
    outer loop
      vertex -36.1231803894043 -32.00189971923828 7.899999618530273
      vertex -36.61356735229492 -32.047340393066406 3.799999713897705
      vertex -36.1231803894043 -32.00189971923828 3.799999713897705
    endloop
  endfacet
  facet normal 0.21393180269708095 -0.9768485981946113 0
    outer loop
      vertex -37.09465026855469 -32.1526985168457 3.799999713897705
      vertex -36.61356735229492 -32.047340393066406 7.899999618530273
      vertex -37.09465026855469 -32.1526985168457 7.899999618530273
    endloop
  endfacet
  facet normal 0.21393180269708095 -0.9768485981946113 0
    outer loop
      vertex -36.61356735229492 -32.047340393066406 7.899999618530273
      vertex -37.09465026855469 -32.1526985168457 3.799999713897705
      vertex -36.61356735229492 -32.047340393066406 3.799999713897705
    endloop
  endfacet
  facet normal 0.8810109903044072 -0.47309579892749826 0
    outer loop
      vertex -39.63386154174805 -34.32815933227539 7.899999618530273
      vertex -39.4008674621582 -33.89427185058594 3.799999713897705
      vertex -39.4008674621582 -33.89427185058594 7.899999618530273
    endloop
  endfacet
  facet normal 0.8810109903044072 -0.47309579892749826 0
    outer loop
      vertex -39.4008674621582 -33.89427185058594 3.799999713897705
      vertex -39.63386154174805 -34.32815933227539 7.899999618530273
      vertex -39.63386154174805 -34.32815933227539 3.799999713897705
    endloop
  endfacet
  facet normal -0.030789558430206507 0.9995258891552901 0
    outer loop
      vertex -35.63092803955078 -39.98293685913086 3.799999713897705
      vertex -36.1231803894043 -39.99810028076172 7.899999618530273
      vertex -35.63092803955078 -39.98293685913086 7.899999618530273
    endloop
  endfacet
  facet normal -0.030789558430206507 0.9995258891552901 0
    outer loop
      vertex -36.1231803894043 -39.99810028076172 7.899999618530273
      vertex -35.63092803955078 -39.98293685913086 3.799999713897705
      vertex -36.1231803894043 -39.99810028076172 3.799999713897705
    endloop
  endfacet
  facet normal 0.9324732664324193 0.36123898929774256 0
    outer loop
      vertex -39.63386154174805 -37.67184066772461 7.899999618530273
      vertex -39.811767578125 -37.212608337402344 3.799999713897705
      vertex -39.811767578125 -37.212608337402344 7.899999618530273
    endloop
  endfacet
  facet normal 0.9324732664324193 0.36123898929774256 0
    outer loop
      vertex -39.811767578125 -37.212608337402344 3.799999713897705
      vertex -39.63386154174805 -37.67184066772461 7.899999618530273
      vertex -39.63386154174805 -37.67184066772461 3.799999713897705
    endloop
  endfacet
  facet normal -0.389790838786978 -0.9209034162156986 0
    outer loop
      vertex -34.67058181762695 -32.22738265991211 3.799999713897705
      vertex -34.21704864501953 -32.419349670410156 7.899999618530273
      vertex -34.67058181762695 -32.22738265991211 7.899999618530273
    endloop
  endfacet
  facet normal -0.389790838786978 -0.9209034162156986 0
    outer loop
      vertex -34.21704864501953 -32.419349670410156 7.899999618530273
      vertex -34.67058181762695 -32.22738265991211 3.799999713897705
      vertex -34.21704864501953 -32.419349670410156 3.799999713897705
    endloop
  endfacet
  facet normal -0.4999986975616453 0.8660261557462675 0
    outer loop
      vertex -33.79054260253906 -39.334407806396484 3.799999713897705
      vertex -34.21704864501953 -39.580650329589844 7.899999618530273
      vertex -33.79054260253906 -39.334407806396484 7.899999618530273
    endloop
  endfacet
  facet normal -0.4999986975616453 0.8660261557462675 0
    outer loop
      vertex -34.21704864501953 -39.580650329589844 7.899999618530273
      vertex -33.79054260253906 -39.334407806396484 3.799999713897705
      vertex -34.21704864501953 -39.580650329589844 3.799999713897705
    endloop
  endfacet
  facet normal -0.030789558430206507 -0.9995258891552901 0
    outer loop
      vertex -36.1231803894043 -32.00189971923828 3.799999713897705
      vertex -35.63092803955078 -32.01706314086914 7.899999618530273
      vertex -36.1231803894043 -32.00189971923828 7.899999618530273
    endloop
  endfacet
  facet normal -0.030789558430206507 -0.9995258891552901 0
    outer loop
      vertex -35.63092803955078 -32.01706314086914 7.899999618530273
      vertex -36.1231803894043 -32.00189971923828 3.799999713897705
      vertex -35.63092803955078 -32.01706314086914 3.799999713897705
    endloop
  endfacet
  facet normal -0.389790838786978 0.9209034162156986 0
    outer loop
      vertex -34.21704864501953 -39.580650329589844 3.799999713897705
      vertex -34.67058181762695 -39.77261734008789 7.899999618530273
      vertex -34.21704864501953 -39.580650329589844 7.899999618530273
    endloop
  endfacet
  facet normal -0.389790838786978 0.9209034162156986 0
    outer loop
      vertex -34.67058181762695 -39.77261734008789 7.899999618530273
      vertex -34.21704864501953 -39.580650329589844 3.799999713897705
      vertex -34.67058181762695 -39.77261734008789 3.799999713897705
    endloop
  endfacet
  facet normal 0.9924206885904562 0.12288684574699188 0
    outer loop
      vertex -39.93189239501953 -36.7349967956543 7.899999618530273
      vertex -39.99241256713867 -36.24624252319336 3.799999713897705
      vertex -39.99241256713867 -36.24624252319336 7.899999618530273
    endloop
  endfacet
  facet normal 0.9924206885904562 0.12288684574699188 0
    outer loop
      vertex -39.99241256713867 -36.24624252319336 3.799999713897705
      vertex -39.93189239501953 -36.7349967956543 7.899999618530273
      vertex -39.93189239501953 -36.7349967956543 3.799999713897705
    endloop
  endfacet
  facet normal 0.816196920637818 -0.5777738197091866 0
    outer loop
      vertex -39.4008674621582 -33.89427185058594 7.899999618530273
      vertex -39.1163215637207 -33.492305755615234 3.799999713897705
      vertex -39.1163215637207 -33.492305755615234 7.899999618530273
    endloop
  endfacet
  facet normal 0.816196920637818 -0.5777738197091866 0
    outer loop
      vertex -39.1163215637207 -33.492305755615234 3.799999713897705
      vertex -39.4008674621582 -33.89427185058594 7.899999618530273
      vertex -39.4008674621582 -33.89427185058594 3.799999713897705
    endloop
  endfacet
  facet normal 0.44573819258379715 0.8951633726153733 0
    outer loop
      vertex -37.55914306640625 -39.68362045288086 3.799999713897705
      vertex -38 -39.4640998840332 7.899999618530273
      vertex -37.55914306640625 -39.68362045288086 7.899999618530273
    endloop
  endfacet
  facet normal 0.44573819258379715 0.8951633726153733 0
    outer loop
      vertex -38 -39.4640998840332 7.899999618530273
      vertex -37.55914306640625 -39.68362045288086 3.799999713897705
      vertex -38 -39.4640998840332 3.799999713897705
    endloop
  endfacet
  facet normal 0.6506210413741331 0.7594025681555459 0
    outer loop
      vertex -38.41053771972656 -39.19207000732422 3.799999713897705
      vertex -38.7845344543457 -38.871646881103516 7.899999618530273
      vertex -38.41053771972656 -39.19207000732422 7.899999618530273
    endloop
  endfacet
  facet normal 0.6506210413741331 0.7594025681555459 0
    outer loop
      vertex -38.7845344543457 -38.871646881103516 7.899999618530273
      vertex -38.41053771972656 -39.19207000732422 3.799999713897705
      vertex -38.7845344543457 -38.871646881103516 3.799999713897705
    endloop
  endfacet
  facet normal 0 0 1
    outer loop
      vertex -33.75 -36 3.799999713897705
      vertex -32 -36 3.799999713897705
      vertex -32.03031921386719 -35.508445739746094 3.799999713897705
    endloop
  endfacet
  facet normal 0 0 1
    outer loop
      vertex -33.80260467529297 -35.516319274902344 3.799999713897705
      vertex -32.03031921386719 -35.508445739746094 3.799999713897705
      vertex -32.120811462402344 -35.02434539794922 3.799999713897705
    endloop
  endfacet
  facet normal 0 0 1
    outer loop
      vertex -32 -36 3.799999713897705
      vertex -33.75 -36 3.799999713897705
      vertex -32.03031921386719 -36.491554260253906 3.799999713897705
    endloop
  endfacet
  facet normal 0 0 1
    outer loop
      vertex -33.80260467529297 -35.516319274902344 3.799999713897705
      vertex -32.120811462402344 -35.02434539794922 3.799999713897705
      vertex -32.270111083984375 -34.55503463745117 3.799999713897705
    endloop
  endfacet
  facet normal 0 0 1
    outer loop
      vertex -33.80260467529297 -36.483680725097656 3.799999713897705
      vertex -32.03031921386719 -36.491554260253906 3.799999713897705
      vertex -33.75 -36 3.799999713897705
    endloop
  endfacet
  facet normal 0 0 1
    outer loop
      vertex -33.95795440673828 -35.05525207519531 3.799999713897705
      vertex -32.270111083984375 -34.55503463745117 3.799999713897705
      vertex -32.4759521484375 -34.107627868652344 3.799999713897705
    endloop
  endfacet
  facet normal 0 0 1
    outer loop
      vertex -32.03031921386719 -36.491554260253906 3.799999713897705
      vertex -33.80260467529297 -36.483680725097656 3.799999713897705
      vertex -32.120811462402344 -36.97565460205078 3.799999713897705
    endloop
  endfacet
  facet normal 0 0 1
    outer loop
      vertex -34.20878982543945 -34.63835906982422 3.799999713897705
      vertex -32.4759521484375 -34.107627868652344 3.799999713897705
      vertex -32.73521423339844 -33.68890380859375 3.799999713897705
    endloop
  endfacet
  facet normal 0 0 1
    outer loop
      vertex -32.120811462402344 -36.97565460205078 3.799999713897705
      vertex -33.80260467529297 -36.483680725097656 3.799999713897705
      vertex -32.270111083984375 -37.44496536254883 3.799999713897705
    endloop
  endfacet
  facet normal 0 0 1
    outer loop
      vertex -34.20878982543945 -34.63835906982422 3.799999713897705
      vertex -32.73521423339844 -33.68890380859375 3.799999713897705
      vertex -33.04396438598633 -33.30521774291992 3.799999713897705
    endloop
  endfacet
  facet normal 0 0 1
    outer loop
      vertex -33.95795440673828 -36.94474792480469 3.799999713897705
      vertex -32.270111083984375 -37.44496536254883 3.799999713897705
      vertex -33.80260467529297 -36.483680725097656 3.799999713897705
    endloop
  endfacet
  facet normal 0 0 1
    outer loop
      vertex -34.54338073730469 -34.28513717651367 3.799999713897705
      vertex -33.04396438598633 -33.30521774291992 3.799999713897705
      vertex -33.39752960205078 -32.962379455566406 3.799999713897705
    endloop
  endfacet
  facet normal 0 0 1
    outer loop
      vertex -32.270111083984375 -37.44496536254883 3.799999713897705
      vertex -33.95795440673828 -36.94474792480469 3.799999713897705
      vertex -32.4759521484375 -37.892372131347656 3.799999713897705
    endloop
  endfacet
  facet normal 0 0 1
    outer loop
      vertex -34.20878982543945 -37.36164093017578 3.799999713897705
      vertex -32.4759521484375 -37.892372131347656 3.799999713897705
      vertex -33.95795440673828 -36.94474792480469 3.799999713897705
    endloop
  endfacet
  facet normal 0 0 1
    outer loop
      vertex -34.54338073730469 -34.28513717651367 3.799999713897705
      vertex -33.39752960205078 -32.962379455566406 3.799999713897705
      vertex -33.79054260253906 -32.665592193603516 3.799999713897705
    endloop
  endfacet
  facet normal 0 0 1
    outer loop
      vertex -32.03031921386719 -35.508445739746094 3.799999713897705
      vertex -33.80260467529297 -35.516319274902344 3.799999713897705
      vertex -33.75 -36 3.799999713897705
    endloop
  endfacet
  facet normal 0 0 1
    outer loop
      vertex -32.270111083984375 -34.55503463745117 3.799999713897705
      vertex -33.95795440673828 -35.05525207519531 3.799999713897705
      vertex -33.80260467529297 -35.516319274902344 3.799999713897705
    endloop
  endfacet
  facet normal 0 0 1
    outer loop
      vertex -32.4759521484375 -34.107627868652344 3.799999713897705
      vertex -34.20878982543945 -34.63835906982422 3.799999713897705
      vertex -33.95795440673828 -35.05525207519531 3.799999713897705
    endloop
  endfacet
  facet normal 0 0 1
    outer loop
      vertex -34.946083068847656 -34.01210021972656 3.799999713897705
      vertex -33.79054260253906 -32.665592193603516 3.799999713897705
      vertex -34.21704864501953 -32.419349670410156 3.799999713897705
    endloop
  endfacet
  facet normal 0 0 1
    outer loop
      vertex -33.04396438598633 -33.30521774291992 3.799999713897705
      vertex -34.54338073730469 -34.28513717651367 3.799999713897705
      vertex -34.20878982543945 -34.63835906982422 3.799999713897705
    endloop
  endfacet
  facet normal 0 0 1
    outer loop
      vertex -34.946083068847656 -34.01210021972656 3.799999713897705
      vertex -34.21704864501953 -32.419349670410156 3.799999713897705
      vertex -34.67058181762695 -32.22738265991211 3.799999713897705
    endloop
  endfacet
  facet normal 0 0 1
    outer loop
      vertex -33.79054260253906 -32.665592193603516 3.799999713897705
      vertex -34.946083068847656 -34.01210021972656 3.799999713897705
      vertex -34.54338073730469 -34.28513717651367 3.799999713897705
    endloop
  endfacet
  facet normal 0 0 1
    outer loop
      vertex -35.39806365966797 -33.83201217651367 3.799999713897705
      vertex -34.67058181762695 -32.22738265991211 3.799999713897705
      vertex -35.14426803588867 -32.09260559082031 3.799999713897705
    endloop
  endfacet
  facet normal 0 0 1
    outer loop
      vertex -34.67058181762695 -32.22738265991211 3.799999713897705
      vertex -35.39806365966797 -33.83201217651367 3.799999713897705
      vertex -34.946083068847656 -34.01210021972656 3.799999713897705
    endloop
  endfacet
  facet normal 0 0 1
    outer loop
      vertex -35.87818908691406 -33.753299713134766 3.799999713897705
      vertex -35.14426803588867 -32.09260559082031 3.799999713897705
      vertex -35.63092803955078 -32.01706314086914 3.799999713897705
    endloop
  endfacet
  facet normal 0 0 1
    outer loop
      vertex -35.14426803588867 -32.09260559082031 3.799999713897705
      vertex -35.87818908691406 -33.753299713134766 3.799999713897705
      vertex -35.39806365966797 -33.83201217651367 3.799999713897705
    endloop
  endfacet
  facet normal 0 0 1
    outer loop
      vertex -36.1231803894043 -32.00189971923828 3.799999713897705
      vertex -35.87818908691406 -33.753299713134766 3.799999713897705
      vertex -35.63092803955078 -32.01706314086914 3.799999713897705
    endloop
  endfacet
  facet normal 0 0 1
    outer loop
      vertex -36.1231803894043 -32.00189971923828 3.799999713897705
      vertex -36.364009857177734 -33.779640197753906 3.799999713897705
      vertex -35.87818908691406 -33.753299713134766 3.799999713897705
    endloop
  endfacet
  facet normal 0 0 1
    outer loop
      vertex -36.61356735229492 -32.047340393066406 3.799999713897705
      vertex -36.364009857177734 -33.779640197753906 3.799999713897705
      vertex -36.1231803894043 -32.00189971923828 3.799999713897705
    endloop
  endfacet
  facet normal 0 0 1
    outer loop
      vertex -37.09465026855469 -32.1526985168457 3.799999713897705
      vertex -36.364009857177734 -33.779640197753906 3.799999713897705
      vertex -36.61356735229492 -32.047340393066406 3.799999713897705
    endloop
  endfacet
  facet normal 0 0 1
    outer loop
      vertex -36.364009857177734 -33.779640197753906 3.799999713897705
      vertex -37.09465026855469 -32.1526985168457 3.799999713897705
      vertex -36.83280944824219 -33.9098014831543 3.799999713897705
    endloop
  endfacet
  facet normal 0 0 1
    outer loop
      vertex -37.55914306640625 -32.31637954711914 3.799999713897705
      vertex -36.83280944824219 -33.9098014831543 3.799999713897705
      vertex -37.09465026855469 -32.1526985168457 3.799999713897705
    endloop
  endfacet
  facet normal 0 0 1
    outer loop
      vertex -38 -32.5359001159668 3.799999713897705
      vertex -36.83280944824219 -33.9098014831543 3.799999713897705
      vertex -37.55914306640625 -32.31637954711914 3.799999713897705
    endloop
  endfacet
  facet normal 0 0 1
    outer loop
      vertex -36.83280944824219 -33.9098014831543 3.799999713897705
      vertex -38 -32.5359001159668 3.799999713897705
      vertex -37.262672424316406 -34.137699127197266 3.799999713897705
    endloop
  endfacet
  facet normal 0 0 1
    outer loop
      vertex -38.41053771972656 -32.80792999267578 3.799999713897705
      vertex -37.262672424316406 -34.137699127197266 3.799999713897705
      vertex -38 -32.5359001159668 3.799999713897705
    endloop
  endfacet
  facet normal 0 0 1
    outer loop
      vertex -37.262672424316406 -34.137699127197266 3.799999713897705
      vertex -38.41053771972656 -32.80792999267578 3.799999713897705
      vertex -37.63349151611328 -34.452674865722656 3.799999713897705
    endloop
  endfacet
  facet normal 0 0 1
    outer loop
      vertex -38.7845344543457 -33.128353118896484 3.799999713897705
      vertex -37.63349151611328 -34.452674865722656 3.799999713897705
      vertex -38.41053771972656 -32.80792999267578 3.799999713897705
    endloop
  endfacet
  facet normal 0 0 1
    outer loop
      vertex -39.1163215637207 -33.492305755615234 3.799999713897705
      vertex -37.63349151611328 -34.452674865722656 3.799999713897705
      vertex -38.7845344543457 -33.128353118896484 3.799999713897705
    endloop
  endfacet
  facet normal 0 0 1
    outer loop
      vertex -39.4008674621582 -33.89427185058594 3.799999713897705
      vertex -37.92792892456055 -34.840003967285156 3.799999713897705
      vertex -39.1163215637207 -33.492305755615234 3.799999713897705
    endloop
  endfacet
  facet normal 0 0 1
    outer loop
      vertex -37.63349151611328 -34.452674865722656 3.799999713897705
      vertex -39.1163215637207 -33.492305755615234 3.799999713897705
      vertex -37.92792892456055 -34.840003967285156 3.799999713897705
    endloop
  endfacet
  facet normal 0 0 1
    outer loop
      vertex -32.4759521484375 -37.892372131347656 3.799999713897705
      vertex -34.20878982543945 -37.36164093017578 3.799999713897705
      vertex -32.73521423339844 -38.31109619140625 3.799999713897705
    endloop
  endfacet
  facet normal 0 0 1
    outer loop
      vertex -32.73521423339844 -38.31109619140625 3.799999713897705
      vertex -34.20878982543945 -37.36164093017578 3.799999713897705
      vertex -33.04396438598633 -38.69478225708008 3.799999713897705
    endloop
  endfacet
  facet normal 0 0 1
    outer loop
      vertex -34.54338073730469 -37.71486282348633 3.799999713897705
      vertex -33.04396438598633 -38.69478225708008 3.799999713897705
      vertex -34.20878982543945 -37.36164093017578 3.799999713897705
    endloop
  endfacet
  facet normal 0 0 1
    outer loop
      vertex -33.04396438598633 -38.69478225708008 3.799999713897705
      vertex -34.54338073730469 -37.71486282348633 3.799999713897705
      vertex -33.39752960205078 -39.037620544433594 3.799999713897705
    endloop
  endfacet
  facet normal 0 0 1
    outer loop
      vertex -33.39752960205078 -39.037620544433594 3.799999713897705
      vertex -34.54338073730469 -37.71486282348633 3.799999713897705
      vertex -33.79054260253906 -39.334407806396484 3.799999713897705
    endloop
  endfacet
  facet normal 0 0 1
    outer loop
      vertex -34.946083068847656 -37.98789978027344 3.799999713897705
      vertex -33.79054260253906 -39.334407806396484 3.799999713897705
      vertex -34.54338073730469 -37.71486282348633 3.799999713897705
    endloop
  endfacet
  facet normal 0 0 1
    outer loop
      vertex -33.79054260253906 -39.334407806396484 3.799999713897705
      vertex -34.946083068847656 -37.98789978027344 3.799999713897705
      vertex -34.21704864501953 -39.580650329589844 3.799999713897705
    endloop
  endfacet
  facet normal 0 0 1
    outer loop
      vertex -34.21704864501953 -39.580650329589844 3.799999713897705
      vertex -34.946083068847656 -37.98789978027344 3.799999713897705
      vertex -34.67058181762695 -39.77261734008789 3.799999713897705
    endloop
  endfacet
  facet normal 0 0 1
    outer loop
      vertex -35.39806365966797 -38.16798782348633 3.799999713897705
      vertex -34.67058181762695 -39.77261734008789 3.799999713897705
      vertex -34.946083068847656 -37.98789978027344 3.799999713897705
    endloop
  endfacet
  facet normal 0 0 1
    outer loop
      vertex -34.67058181762695 -39.77261734008789 3.799999713897705
      vertex -35.39806365966797 -38.16798782348633 3.799999713897705
      vertex -35.14426803588867 -39.90739440917969 3.799999713897705
    endloop
  endfacet
  facet normal 0 0 1
    outer loop
      vertex -35.87818908691406 -38.246700286865234 3.799999713897705
      vertex -35.14426803588867 -39.90739440917969 3.799999713897705
      vertex -35.39806365966797 -38.16798782348633 3.799999713897705
    endloop
  endfacet
  facet normal 0 0 1
    outer loop
      vertex -35.14426803588867 -39.90739440917969 3.799999713897705
      vertex -35.87818908691406 -38.246700286865234 3.799999713897705
      vertex -35.63092803955078 -39.98293685913086 3.799999713897705
    endloop
  endfacet
  facet normal 0 0 1
    outer loop
      vertex -35.87818908691406 -38.246700286865234 3.799999713897705
      vertex -36.1231803894043 -39.99810028076172 3.799999713897705
      vertex -35.63092803955078 -39.98293685913086 3.799999713897705
    endloop
  endfacet
  facet normal 0 0 1
    outer loop
      vertex -36.364009857177734 -38.220359802246094 3.799999713897705
      vertex -36.1231803894043 -39.99810028076172 3.799999713897705
      vertex -35.87818908691406 -38.246700286865234 3.799999713897705
    endloop
  endfacet
  facet normal 0 0 1
    outer loop
      vertex -36.364009857177734 -38.220359802246094 3.799999713897705
      vertex -36.61356735229492 -39.952659606933594 3.799999713897705
      vertex -36.1231803894043 -39.99810028076172 3.799999713897705
    endloop
  endfacet
  facet normal 0 0 1
    outer loop
      vertex -37.09465026855469 -39.8473014831543 3.799999713897705
      vertex -36.364009857177734 -38.220359802246094 3.799999713897705
      vertex -36.83280944824219 -38.0901985168457 3.799999713897705
    endloop
  endfacet
  facet normal 0 0 1
    outer loop
      vertex -36.364009857177734 -38.220359802246094 3.799999713897705
      vertex -37.09465026855469 -39.8473014831543 3.799999713897705
      vertex -36.61356735229492 -39.952659606933594 3.799999713897705
    endloop
  endfacet
  facet normal 0 0 1
    outer loop
      vertex -38 -39.4640998840332 3.799999713897705
      vertex -36.83280944824219 -38.0901985168457 3.799999713897705
      vertex -37.262672424316406 -37.862300872802734 3.799999713897705
    endloop
  endfacet
  facet normal 0 0 1
    outer loop
      vertex -36.83280944824219 -38.0901985168457 3.799999713897705
      vertex -37.55914306640625 -39.68362045288086 3.799999713897705
      vertex -37.09465026855469 -39.8473014831543 3.799999713897705
    endloop
  endfacet
  facet normal 0 0 1
    outer loop
      vertex -38.41053771972656 -39.19207000732422 3.799999713897705
      vertex -37.262672424316406 -37.862300872802734 3.799999713897705
      vertex -37.63349151611328 -37.547325134277344 3.799999713897705
    endloop
  endfacet
  facet normal 0 0 1
    outer loop
      vertex -39.1163215637207 -38.507694244384766 3.799999713897705
      vertex -37.63349151611328 -37.547325134277344 3.799999713897705
      vertex -37.92792892456055 -37.159996032714844 3.799999713897705
    endloop
  endfacet
  facet normal 0 0 1
    outer loop
      vertex -36.83280944824219 -38.0901985168457 3.799999713897705
      vertex -38 -39.4640998840332 3.799999713897705
      vertex -37.55914306640625 -39.68362045288086 3.799999713897705
    endloop
  endfacet
  facet normal 0 0 1
    outer loop
      vertex -39.63386154174805 -37.67184066772461 3.799999713897705
      vertex -37.92792892456055 -37.159996032714844 3.799999713897705
      vertex -38.13221740722656 -36.71842956542969 3.799999713897705
    endloop
  endfacet
  facet normal 0 0 1
    outer loop
      vertex -39.93189239501953 -36.7349967956543 3.799999713897705
      vertex -38.13221740722656 -36.71842956542969 3.799999713897705
      vertex -38.23680877685547 -36.24326705932617 3.799999713897705
    endloop
  endfacet
  facet normal 0 0 1
    outer loop
      vertex -37.262672424316406 -37.862300872802734 3.799999713897705
      vertex -38.41053771972656 -39.19207000732422 3.799999713897705
      vertex -38 -39.4640998840332 3.799999713897705
    endloop
  endfacet
  facet normal 0 0 1
    outer loop
      vertex -39.63386154174805 -34.32815933227539 3.799999713897705
      vertex -37.92792892456055 -34.840003967285156 3.799999713897705
      vertex -39.4008674621582 -33.89427185058594 3.799999713897705
    endloop
  endfacet
  facet normal 0 0 1
    outer loop
      vertex -37.92792892456055 -34.840003967285156 3.799999713897705
      vertex -39.63386154174805 -34.32815933227539 3.799999713897705
      vertex -38.13221740722656 -35.28157043457031 3.799999713897705
    endloop
  endfacet
  facet normal 0 0 1
    outer loop
      vertex -37.63349151611328 -37.547325134277344 3.799999713897705
      vertex -38.7845344543457 -38.871646881103516 3.799999713897705
      vertex -38.41053771972656 -39.19207000732422 3.799999713897705
    endloop
  endfacet
  facet normal 0 0 1
    outer loop
      vertex -39.811767578125 -34.787391662597656 3.799999713897705
      vertex -38.13221740722656 -35.28157043457031 3.799999713897705
      vertex -39.63386154174805 -34.32815933227539 3.799999713897705
    endloop
  endfacet
  facet normal 0 0 1
    outer loop
      vertex -37.63349151611328 -37.547325134277344 3.799999713897705
      vertex -39.1163215637207 -38.507694244384766 3.799999713897705
      vertex -38.7845344543457 -38.871646881103516 3.799999713897705
    endloop
  endfacet
  facet normal 0 0 1
    outer loop
      vertex -39.93189239501953 -35.2650032043457 3.799999713897705
      vertex -38.13221740722656 -35.28157043457031 3.799999713897705
      vertex -39.811767578125 -34.787391662597656 3.799999713897705
    endloop
  endfacet
  facet normal 0 0 1
    outer loop
      vertex -37.92792892456055 -37.159996032714844 3.799999713897705
      vertex -39.4008674621582 -38.10572814941406 3.799999713897705
      vertex -39.1163215637207 -38.507694244384766 3.799999713897705
    endloop
  endfacet
  facet normal 0 0 1
    outer loop
      vertex -38.13221740722656 -35.28157043457031 3.799999713897705
      vertex -39.93189239501953 -35.2650032043457 3.799999713897705
      vertex -38.23680877685547 -35.75673294067383 3.799999713897705
    endloop
  endfacet
  facet normal 0 0 1
    outer loop
      vertex -37.92792892456055 -37.159996032714844 3.799999713897705
      vertex -39.63386154174805 -37.67184066772461 3.799999713897705
      vertex -39.4008674621582 -38.10572814941406 3.799999713897705
    endloop
  endfacet
  facet normal 0 0 1
    outer loop
      vertex -39.99241256713867 -35.75375747680664 3.799999713897705
      vertex -38.23680877685547 -35.75673294067383 3.799999713897705
      vertex -39.93189239501953 -35.2650032043457 3.799999713897705
    endloop
  endfacet
  facet normal 0 0 1
    outer loop
      vertex -38.13221740722656 -36.71842956542969 3.799999713897705
      vertex -39.811767578125 -37.212608337402344 3.799999713897705
      vertex -39.63386154174805 -37.67184066772461 3.799999713897705
    endloop
  endfacet
  facet normal 0 0 1
    outer loop
      vertex -38.23680877685547 -35.75673294067383 3.799999713897705
      vertex -39.99241256713867 -35.75375747680664 3.799999713897705
      vertex -38.23680877685547 -36.24326705932617 3.799999713897705
    endloop
  endfacet
  facet normal 0 0 1
    outer loop
      vertex -38.13221740722656 -36.71842956542969 3.799999713897705
      vertex -39.93189239501953 -36.7349967956543 3.799999713897705
      vertex -39.811767578125 -37.212608337402344 3.799999713897705
    endloop
  endfacet
  facet normal 0 0 1
    outer loop
      vertex -39.99241256713867 -36.24624252319336 3.799999713897705
      vertex -38.23680877685547 -36.24326705932617 3.799999713897705
      vertex -39.99241256713867 -35.75375747680664 3.799999713897705
    endloop
  endfacet
  facet normal 0 0 1
    outer loop
      vertex -38.23680877685547 -36.24326705932617 3.799999713897705
      vertex -39.99241256713867 -36.24624252319336 3.799999713897705
      vertex -39.93189239501953 -36.7349967956543 3.799999713897705
    endloop
  endfacet
  facet normal 0.3323549504865132 0.9431543812585018 0
    outer loop
      vertex -37.09465026855469 -39.8473014831543 3.799999713897705
      vertex -37.55914306640625 -39.68362045288086 7.899999618530273
      vertex -37.09465026855469 -39.8473014831543 7.899999618530273
    endloop
  endfacet
  facet normal 0.3323549504865132 0.9431543812585018 0
    outer loop
      vertex -37.55914306640625 -39.68362045288086 7.899999618530273
      vertex -37.09465026855469 -39.8473014831543 3.799999713897705
      vertex -37.55914306640625 -39.68362045288086 3.799999713897705
    endloop
  endfacet
  facet normal -0.8502179324010188 0.5264308762066837 0
    outer loop
      vertex -32.73521423339844 -38.31109619140625 3.799999713897705
      vertex -32.4759521484375 -37.892372131347656 7.899999618530273
      vertex -32.4759521484375 -37.892372131347656 3.799999713897705
    endloop
  endfacet
  facet normal -0.8502179324010188 0.5264308762066837 0
    outer loop
      vertex -32.4759521484375 -37.892372131347656 7.899999618530273
      vertex -32.73521423339844 -38.31109619140625 3.799999713897705
      vertex -32.73521423339844 -38.31109619140625 7.899999618530273
    endloop
  endfacet
  facet normal -0.15338936226572766 -0.9881658279578956 0
    outer loop
      vertex -35.63092803955078 -32.01706314086914 3.799999713897705
      vertex -35.14426803588867 -32.09260559082031 7.899999618530273
      vertex -35.63092803955078 -32.01706314086914 7.899999618530273
    endloop
  endfacet
  facet normal -0.15338936226572766 -0.9881658279578956 0
    outer loop
      vertex -35.14426803588867 -32.09260559082031 7.899999618530273
      vertex -35.63092803955078 -32.01706314086914 3.799999713897705
      vertex -35.14426803588867 -32.09260559082031 3.799999713897705
    endloop
  endfacet
  facet normal 0.44573819258379715 -0.8951633726153733 0
    outer loop
      vertex -38 -32.5359001159668 3.799999713897705
      vertex -37.55914306640625 -32.31637954711914 7.899999618530273
      vertex -38 -32.5359001159668 7.899999618530273
    endloop
  endfacet
  facet normal 0.44573819258379715 -0.8951633726153733 0
    outer loop
      vertex -37.55914306640625 -32.31637954711914 7.899999618530273
      vertex -38 -32.5359001159668 3.799999713897705
      vertex -37.55914306640625 -32.31637954711914 3.799999713897705
    endloop
  endfacet
  facet normal 0.9697966034842238 0.24391504232101632 0
    outer loop
      vertex -39.811767578125 -37.212608337402344 7.899999618530273
      vertex -39.93189239501953 -36.7349967956543 3.799999713897705
      vertex -39.93189239501953 -36.7349967956543 7.899999618530273
    endloop
  endfacet
  facet normal 0.9697966034842238 0.24391504232101632 0
    outer loop
      vertex -39.93189239501953 -36.7349967956543 3.799999713897705
      vertex -39.811767578125 -37.212608337402344 7.899999618530273
      vertex -39.811767578125 -37.212608337402344 3.799999713897705
    endloop
  endfacet
  facet normal 0.6506210413741331 -0.7594025681555459 0
    outer loop
      vertex -38.7845344543457 -33.128353118896484 3.799999713897705
      vertex -38.41053771972656 -32.80792999267578 7.899999618530273
      vertex -38.7845344543457 -33.128353118896484 7.899999618530273
    endloop
  endfacet
  facet normal 0.6506210413741331 -0.7594025681555459 0
    outer loop
      vertex -38.41053771972656 -32.80792999267578 7.899999618530273
      vertex -38.7845344543457 -33.128353118896484 3.799999713897705
      vertex -38.41053771972656 -32.80792999267578 3.799999713897705
    endloop
  endfacet
  facet normal 0.9924206885904562 -0.12288684574699188 0
    outer loop
      vertex -39.99241256713867 -35.75375747680664 7.899999618530273
      vertex -39.93189239501953 -35.2650032043457 3.799999713897705
      vertex -39.93189239501953 -35.2650032043457 7.899999618530273
    endloop
  endfacet
  facet normal 0.9924206885904562 -0.12288684574699188 0
    outer loop
      vertex -39.93189239501953 -35.2650032043457 3.799999713897705
      vertex -39.99241256713867 -35.75375747680664 7.899999618530273
      vertex -39.99241256713867 -35.75375747680664 3.799999713897705
    endloop
  endfacet
  facet normal 0.09226761412297531 0.9957342453607053 0
    outer loop
      vertex -36.1231803894043 -39.99810028076172 3.799999713897705
      vertex -36.61356735229492 -39.952659606933594 7.899999618530273
      vertex -36.1231803894043 -39.99810028076172 7.899999618530273
    endloop
  endfacet
  facet normal 0.09226761412297531 0.9957342453607053 0
    outer loop
      vertex -36.61356735229492 -39.952659606933594 7.899999618530273
      vertex -36.1231803894043 -39.99810028076172 3.799999713897705
      vertex -36.61356735229492 -39.952659606933594 3.799999713897705
    endloop
  endfacet
  facet normal 0.816196920637818 0.5777738197091866 0
    outer loop
      vertex -39.1163215637207 -38.507694244384766 7.899999618530273
      vertex -39.4008674621582 -38.10572814941406 3.799999713897705
      vertex -39.4008674621582 -38.10572814941406 7.899999618530273
    endloop
  endfacet
  facet normal 0.816196920637818 0.5777738197091866 0
    outer loop
      vertex -39.4008674621582 -38.10572814941406 3.799999713897705
      vertex -39.1163215637207 -38.507694244384766 7.899999618530273
      vertex -39.1163215637207 -38.507694244384766 3.799999713897705
    endloop
  endfacet
  facet normal -0.9941376862154561 -0.1081215096369792 0
    outer loop
      vertex -33.75 36 0
      vertex -33.80260467529297 36.483680725097656 3.799999713897705
      vertex -33.80260467529297 36.483680725097656 0
    endloop
  endfacet
  facet normal -0.9941376862154561 -0.1081215096369792 0
    outer loop
      vertex -33.80260467529297 36.483680725097656 3.799999713897705
      vertex -33.75 36 0
      vertex -33.75 36 3.799999713897705
    endloop
  endfacet
  facet normal -0.9941376862154561 0.1081215096369792 0
    outer loop
      vertex -33.80260467529297 35.516319274902344 0
      vertex -33.75 36 3.799999713897705
      vertex -33.75 36 0
    endloop
  endfacet
  facet normal -0.9941376862154561 0.1081215096369792 0
    outer loop
      vertex -33.75 36 3.799999713897705
      vertex -33.80260467529297 35.516319274902344 0
      vertex -33.80260467529297 35.516319274902344 3.799999713897705
    endloop
  endfacet
  facet normal -0.9476543503181204 -0.3192980305657102 0
    outer loop
      vertex -33.80260467529297 36.483680725097656 0
      vertex -33.95795440673828 36.94474792480469 3.799999713897705
      vertex -33.95795440673828 36.94474792480469 0
    endloop
  endfacet
  facet normal -0.9476543503181204 -0.3192980305657102 0
    outer loop
      vertex -33.95795440673828 36.94474792480469 3.799999713897705
      vertex -33.80260467529297 36.483680725097656 0
      vertex -33.80260467529297 36.483680725097656 3.799999713897705
    endloop
  endfacet
  facet normal -0.8568578844279425 -0.5155526800373273 0
    outer loop
      vertex -33.95795440673828 36.94474792480469 0
      vertex -34.20878982543945 37.36164093017578 3.799999713897705
      vertex -34.20878982543945 37.36164093017578 0
    endloop
  endfacet
  facet normal -0.8568578844279425 -0.5155526800373273 0
    outer loop
      vertex -34.20878982543945 37.36164093017578 3.799999713897705
      vertex -33.95795440673828 36.94474792480469 0
      vertex -33.95795440673828 36.94474792480469 3.799999713897705
    endloop
  endfacet
  facet normal 0.2675278035596563 -0.9635501410526315 0
    outer loop
      vertex -36.83280944824219 38.0901985168457 0
      vertex -36.364009857177734 38.220359802246094 3.799999713897705
      vertex -36.83280944824219 38.0901985168457 3.799999713897705
    endloop
  endfacet
  facet normal 0.2675278035596563 -0.9635501410526315 0
    outer loop
      vertex -36.364009857177734 38.220359802246094 3.799999713897705
      vertex -36.83280944824219 38.0901985168457 0
      vertex -36.364009857177734 38.220359802246094 0
    endloop
  endfacet
  facet normal 0.05413900660316647 -0.9985334085367511 0
    outer loop
      vertex -36.364009857177734 38.220359802246094 0
      vertex -35.87818908691406 38.246700286865234 3.799999713897705
      vertex -36.364009857177734 38.220359802246094 3.799999713897705
    endloop
  endfacet
  facet normal 0.05413900660316647 -0.9985334085367511 0
    outer loop
      vertex -35.87818908691406 38.246700286865234 3.799999713897705
      vertex -36.364009857177734 38.220359802246094 0
      vertex -35.87818908691406 38.246700286865234 0
    endloop
  endfacet
  facet normal -0.7259940943359073 0.6877009342653142 0
    outer loop
      vertex -34.54338073730469 34.28513717651367 0
      vertex -34.20878982543945 34.63835906982422 3.799999713897705
      vertex -34.20878982543945 34.63835906982422 0
    endloop
  endfacet
  facet normal -0.7259940943359073 0.6877009342653142 0
    outer loop
      vertex -34.20878982543945 34.63835906982422 3.799999713897705
      vertex -34.54338073730469 34.28513717651367 0
      vertex -34.54338073730469 34.28513717651367 3.799999713897705
    endloop
  endfacet
  facet normal 0.7960955607362732 -0.6051709330230582 0
    outer loop
      vertex -37.92792892456055 37.159996032714844 3.799999713897705
      vertex -37.63349151611328 37.547325134277344 0
      vertex -37.63349151611328 37.547325134277344 3.799999713897705
    endloop
  endfacet
  facet normal 0.7960955607362732 -0.6051709330230582 0
    outer loop
      vertex -37.63349151611328 37.547325134277344 0
      vertex -37.92792892456055 37.159996032714844 3.799999713897705
      vertex -37.92792892456055 37.159996032714844 0
    endloop
  endfacet
  facet normal -0.16178178622315406 -0.9868265570232925 0
    outer loop
      vertex -35.87818908691406 38.246700286865234 0
      vertex -35.39806365966797 38.16798782348633 3.799999713897705
      vertex -35.87818908691406 38.246700286865234 3.799999713897705
    endloop
  endfacet
  facet normal -0.16178178622315406 -0.9868265570232925 0
    outer loop
      vertex -35.39806365966797 38.16798782348633 3.799999713897705
      vertex -35.87818908691406 38.246700286865234 0
      vertex -35.39806365966797 38.16798782348633 0
    endloop
  endfacet
  facet normal -0.5611842508692879 -0.8276909064235732 0
    outer loop
      vertex -34.946083068847656 37.98789978027344 0
      vertex -34.54338073730469 37.71486282348633 3.799999713897705
      vertex -34.946083068847656 37.98789978027344 3.799999713897705
    endloop
  endfacet
  facet normal -0.5611842508692879 -0.8276909064235732 0
    outer loop
      vertex -34.54338073730469 37.71486282348633 3.799999713897705
      vertex -34.946083068847656 37.98789978027344 0
      vertex -34.54338073730469 37.71486282348633 0
    endloop
  endfacet
  facet normal 0.9766204724587518 -0.21497081842530213 0
    outer loop
      vertex -38.23680877685547 36.24326705932617 3.799999713897705
      vertex -38.13221740722656 36.71842956542969 0
      vertex -38.13221740722656 36.71842956542969 3.799999713897705
    endloop
  endfacet
  facet normal 0.9766204724587518 -0.21497081842530213 0
    outer loop
      vertex -38.13221740722656 36.71842956542969 0
      vertex -38.23680877685547 36.24326705932617 3.799999713897705
      vertex -38.23680877685547 36.24326705932617 0
    endloop
  endfacet
  facet normal 0.9075769229099414 -0.41988585234718534 0
    outer loop
      vertex -38.13221740722656 36.71842956542969 3.799999713897705
      vertex -37.92792892456055 37.159996032714844 0
      vertex -37.92792892456055 37.159996032714844 3.799999713897705
    endloop
  endfacet
  facet normal 0.9075769229099414 -0.41988585234718534 0
    outer loop
      vertex -37.92792892456055 37.159996032714844 0
      vertex -38.13221740722656 36.71842956542969 3.799999713897705
      vertex -38.13221740722656 36.71842956542969 0
    endloop
  endfacet
  facet normal -0.9476543503181204 0.3192980305657102 0
    outer loop
      vertex -33.95795440673828 35.05525207519531 0
      vertex -33.80260467529297 35.516319274902344 3.799999713897705
      vertex -33.80260467529297 35.516319274902344 0
    endloop
  endfacet
  facet normal -0.9476543503181204 0.3192980305657102 0
    outer loop
      vertex -33.80260467529297 35.516319274902344 3.799999713897705
      vertex -33.95795440673828 35.05525207519531 0
      vertex -33.95795440673828 35.05525207519531 3.799999713897705
    endloop
  endfacet
  facet normal 0.7960955607362732 0.6051709330230582 0
    outer loop
      vertex -37.63349151611328 34.452674865722656 3.799999713897705
      vertex -37.92792892456055 34.840003967285156 0
      vertex -37.92792892456055 34.840003967285156 3.799999713897705
    endloop
  endfacet
  facet normal 0.7960955607362732 0.6051709330230582 0
    outer loop
      vertex -37.92792892456055 34.840003967285156 0
      vertex -37.63349151611328 34.452674865722656 3.799999713897705
      vertex -37.63349151611328 34.452674865722656 0
    endloop
  endfacet
  facet normal 0.05413900660316647 0.9985334085367511 0
    outer loop
      vertex -35.87818908691406 33.753299713134766 0
      vertex -36.364009857177734 33.779640197753906 3.799999713897705
      vertex -35.87818908691406 33.753299713134766 3.799999713897705
    endloop
  endfacet
  facet normal 0.05413900660316647 0.9985334085367511 0
    outer loop
      vertex -36.364009857177734 33.779640197753906 3.799999713897705
      vertex -35.87818908691406 33.753299713134766 0
      vertex -36.364009857177734 33.779640197753906 0
    endloop
  endfacet
  facet normal -0.8568578844279425 0.5155526800373273 0
    outer loop
      vertex -34.20878982543945 34.63835906982422 0
      vertex -33.95795440673828 35.05525207519531 3.799999713897705
      vertex -33.95795440673828 35.05525207519531 0
    endloop
  endfacet
  facet normal -0.8568578844279425 0.5155526800373273 0
    outer loop
      vertex -33.95795440673828 35.05525207519531 3.799999713897705
      vertex -34.20878982543945 34.63835906982422 0
      vertex -34.20878982543945 34.63835906982422 3.799999713897705
    endloop
  endfacet
  facet normal 0.6473852853878266 -0.7621629040194243 0
    outer loop
      vertex -37.63349151611328 37.547325134277344 0
      vertex -37.262672424316406 37.862300872802734 3.799999713897705
      vertex -37.63349151611328 37.547325134277344 3.799999713897705
    endloop
  endfacet
  facet normal 0.6473852853878266 -0.7621629040194243 0
    outer loop
      vertex -37.262672424316406 37.862300872802734 3.799999713897705
      vertex -37.63349151611328 37.547325134277344 0
      vertex -37.262672424316406 37.862300872802734 0
    endloop
  endfacet
  facet normal -0.3701426185277486 -0.9289749415078007 0
    outer loop
      vertex -35.39806365966797 38.16798782348633 0
      vertex -34.946083068847656 37.98789978027344 3.799999713897705
      vertex -35.39806365966797 38.16798782348633 3.799999713897705
    endloop
  endfacet
  facet normal -0.3701426185277486 -0.9289749415078007 0
    outer loop
      vertex -34.946083068847656 37.98789978027344 3.799999713897705
      vertex -35.39806365966797 38.16798782348633 0
      vertex -34.946083068847656 37.98789978027344 0
    endloop
  endfacet
  facet normal -0.7259940943359073 -0.6877009342653142 0
    outer loop
      vertex -34.20878982543945 37.36164093017578 0
      vertex -34.54338073730469 37.71486282348633 3.799999713897705
      vertex -34.54338073730469 37.71486282348633 0
    endloop
  endfacet
  facet normal -0.7259940943359073 -0.6877009342653142 0
    outer loop
      vertex -34.54338073730469 37.71486282348633 3.799999713897705
      vertex -34.20878982543945 37.36164093017578 0
      vertex -34.20878982543945 37.36164093017578 3.799999713897705
    endloop
  endfacet
  facet normal -0.3701426185277486 0.9289749415078007 0
    outer loop
      vertex -34.946083068847656 34.01210021972656 0
      vertex -35.39806365966797 33.83201217651367 3.799999713897705
      vertex -34.946083068847656 34.01210021972656 3.799999713897705
    endloop
  endfacet
  facet normal -0.3701426185277486 0.9289749415078007 0
    outer loop
      vertex -35.39806365966797 33.83201217651367 3.799999713897705
      vertex -34.946083068847656 34.01210021972656 0
      vertex -35.39806365966797 33.83201217651367 0
    endloop
  endfacet
  facet normal 1 0 0
    outer loop
      vertex -38.23680877685547 35.75673294067383 3.799999713897705
      vertex -38.23680877685547 36.24326705932617 0
      vertex -38.23680877685547 36.24326705932617 3.799999713897705
    endloop
  endfacet
  facet normal 1 0 0
    outer loop
      vertex -38.23680877685547 36.24326705932617 0
      vertex -38.23680877685547 35.75673294067383 3.799999713897705
      vertex -38.23680877685547 35.75673294067383 0
    endloop
  endfacet
  facet normal 0.46840638340397733 -0.8835131351521641 0
    outer loop
      vertex -37.262672424316406 37.862300872802734 0
      vertex -36.83280944824219 38.0901985168457 3.799999713897705
      vertex -37.262672424316406 37.862300872802734 3.799999713897705
    endloop
  endfacet
  facet normal 0.46840638340397733 -0.8835131351521641 0
    outer loop
      vertex -36.83280944824219 38.0901985168457 3.799999713897705
      vertex -37.262672424316406 37.862300872802734 0
      vertex -36.83280944824219 38.0901985168457 0
    endloop
  endfacet
  facet normal -0.5611842508692879 0.8276909064235732 0
    outer loop
      vertex -34.54338073730469 34.28513717651367 0
      vertex -34.946083068847656 34.01210021972656 3.799999713897705
      vertex -34.54338073730469 34.28513717651367 3.799999713897705
    endloop
  endfacet
  facet normal -0.5611842508692879 0.8276909064235732 0
    outer loop
      vertex -34.946083068847656 34.01210021972656 3.799999713897705
      vertex -34.54338073730469 34.28513717651367 0
      vertex -34.946083068847656 34.01210021972656 0
    endloop
  endfacet
  facet normal 0.9766204724587518 0.21497081842530213 0
    outer loop
      vertex -38.13221740722656 35.28157043457031 3.799999713897705
      vertex -38.23680877685547 35.75673294067383 0
      vertex -38.23680877685547 35.75673294067383 3.799999713897705
    endloop
  endfacet
  facet normal 0.9766204724587518 0.21497081842530213 0
    outer loop
      vertex -38.23680877685547 35.75673294067383 0
      vertex -38.13221740722656 35.28157043457031 3.799999713897705
      vertex -38.13221740722656 35.28157043457031 0
    endloop
  endfacet
  facet normal -0.16178178622315406 0.9868265570232925 0
    outer loop
      vertex -35.39806365966797 33.83201217651367 0
      vertex -35.87818908691406 33.753299713134766 3.799999713897705
      vertex -35.39806365966797 33.83201217651367 3.799999713897705
    endloop
  endfacet
  facet normal -0.16178178622315406 0.9868265570232925 0
    outer loop
      vertex -35.87818908691406 33.753299713134766 3.799999713897705
      vertex -35.39806365966797 33.83201217651367 0
      vertex -35.87818908691406 33.753299713134766 0
    endloop
  endfacet
  facet normal 0.46840638340397733 0.8835131351521641 0
    outer loop
      vertex -36.83280944824219 33.9098014831543 0
      vertex -37.262672424316406 34.137699127197266 3.799999713897705
      vertex -36.83280944824219 33.9098014831543 3.799999713897705
    endloop
  endfacet
  facet normal 0.46840638340397733 0.8835131351521641 0
    outer loop
      vertex -37.262672424316406 34.137699127197266 3.799999713897705
      vertex -36.83280944824219 33.9098014831543 0
      vertex -37.262672424316406 34.137699127197266 0
    endloop
  endfacet
  facet normal 0.6473852853878266 0.7621629040194243 0
    outer loop
      vertex -37.262672424316406 34.137699127197266 0
      vertex -37.63349151611328 34.452674865722656 3.799999713897705
      vertex -37.262672424316406 34.137699127197266 3.799999713897705
    endloop
  endfacet
  facet normal 0.6473852853878266 0.7621629040194243 0
    outer loop
      vertex -37.63349151611328 34.452674865722656 3.799999713897705
      vertex -37.262672424316406 34.137699127197266 0
      vertex -37.63349151611328 34.452674865722656 0
    endloop
  endfacet
  facet normal 0.9075769229099414 0.41988585234718534 0
    outer loop
      vertex -37.92792892456055 34.840003967285156 3.799999713897705
      vertex -38.13221740722656 35.28157043457031 0
      vertex -38.13221740722656 35.28157043457031 3.799999713897705
    endloop
  endfacet
  facet normal 0.9075769229099414 0.41988585234718534 0
    outer loop
      vertex -38.13221740722656 35.28157043457031 0
      vertex -37.92792892456055 34.840003967285156 3.799999713897705
      vertex -37.92792892456055 34.840003967285156 0
    endloop
  endfacet
  facet normal 0.2675278035596563 0.9635501410526315 0
    outer loop
      vertex -36.364009857177734 33.779640197753906 0
      vertex -36.83280944824219 33.9098014831543 3.799999713897705
      vertex -36.364009857177734 33.779640197753906 3.799999713897705
    endloop
  endfacet
  facet normal 0.2675278035596563 0.9635501410526315 0
    outer loop
      vertex -36.83280944824219 33.9098014831543 3.799999713897705
      vertex -36.364009857177734 33.779640197753906 0
      vertex -36.83280944824219 33.9098014831543 0
    endloop
  endfacet
  facet normal -0.9829737557256254 -0.1837460082686384 0
    outer loop
      vertex -32.03031921386719 36.491554260253906 3.799999713897705
      vertex -32.120811462402344 36.97565460205078 7.899999618530273
      vertex -32.120811462402344 36.97565460205078 3.799999713897705
    endloop
  endfacet
  facet normal -0.9829737557256254 -0.1837460082686384 0
    outer loop
      vertex -32.120811462402344 36.97565460205078 7.899999618530273
      vertex -32.03031921386719 36.491554260253906 3.799999713897705
      vertex -32.03031921386719 36.491554260253906 7.899999618530273
    endloop
  endfacet
  facet normal -0.6026315596513024 0.7980195507080254 0
    outer loop
      vertex -33.39752960205078 32.962379455566406 3.799999713897705
      vertex -33.79054260253906 32.665592193603516 7.899999618530273
      vertex -33.39752960205078 32.962379455566406 7.899999618530273
    endloop
  endfacet
  facet normal -0.6026315596513024 0.7980195507080254 0
    outer loop
      vertex -33.79054260253906 32.665592193603516 7.899999618530273
      vertex -33.39752960205078 32.962379455566406 3.799999713897705
      vertex -33.79054260253906 32.665592193603516 3.799999713897705
    endloop
  endfacet
  facet normal -0.9981031809082308 -0.061563302874936894 0
    outer loop
      vertex -32 36 3.799999713897705
      vertex -32.03031921386719 36.491554260253906 7.899999618530273
      vertex -32.03031921386719 36.491554260253906 3.799999713897705
    endloop
  endfacet
  facet normal -0.9981031809082308 -0.061563302874936894 0
    outer loop
      vertex -32.03031921386719 36.491554260253906 7.899999618530273
      vertex -32 36 3.799999713897705
      vertex -32 36 7.899999618530273
    endloop
  endfacet
  facet normal -0.9529413430005574 -0.3031547406858317 0
    outer loop
      vertex -32.120811462402344 36.97565460205078 3.799999713897705
      vertex -32.270111083984375 37.44496536254883 7.899999618530273
      vertex -32.270111083984375 37.44496536254883 3.799999713897705
    endloop
  endfacet
  facet normal -0.9529413430005574 -0.3031547406858317 0
    outer loop
      vertex -32.270111083984375 37.44496536254883 7.899999618530273
      vertex -32.120811462402344 36.97565460205078 3.799999713897705
      vertex -32.120811462402344 36.97565460205078 7.899999618530273
    endloop
  endfacet
  facet normal 0.7390084704556413 -0.6736961337241097 0
    outer loop
      vertex -39.1163215637207 38.507694244384766 7.899999618530273
      vertex -38.7845344543457 38.871646881103516 3.799999713897705
      vertex -38.7845344543457 38.871646881103516 7.899999618530273
    endloop
  endfacet
  facet normal 0.7390084704556413 -0.6736961337241097 0
    outer loop
      vertex -38.7845344543457 38.871646881103516 3.799999713897705
      vertex -39.1163215637207 38.507694244384766 7.899999618530273
      vertex -39.1163215637207 38.507694244384766 3.799999713897705
    endloop
  endfacet
  facet normal 0.8810109903044072 0.47309579892749826 0
    outer loop
      vertex -39.4008674621582 33.89427185058594 7.899999618530273
      vertex -39.63386154174805 34.32815933227539 3.799999713897705
      vertex -39.63386154174805 34.32815933227539 7.899999618530273
    endloop
  endfacet
  facet normal 0.8810109903044072 0.47309579892749826 0
    outer loop
      vertex -39.63386154174805 34.32815933227539 3.799999713897705
      vertex -39.4008674621582 33.89427185058594 7.899999618530273
      vertex -39.4008674621582 33.89427185058594 3.799999713897705
    endloop
  endfacet
  facet normal -0.9829737557256254 0.1837460082686384 0
    outer loop
      vertex -32.120811462402344 35.02434539794922 3.799999713897705
      vertex -32.03031921386719 35.508445739746094 7.899999618530273
      vertex -32.03031921386719 35.508445739746094 3.799999713897705
    endloop
  endfacet
  facet normal -0.9829737557256254 0.1837460082686384 0
    outer loop
      vertex -32.03031921386719 35.508445739746094 7.899999618530273
      vertex -32.120811462402344 35.02434539794922 3.799999713897705
      vertex -32.120811462402344 35.02434539794922 7.899999618530273
    endloop
  endfacet
  facet normal -0.15338936226572766 0.9881658279578956 0
    outer loop
      vertex -35.14426803588867 32.09260559082031 3.799999713897705
      vertex -35.63092803955078 32.01706314086914 7.899999618530273
      vertex -35.14426803588867 32.09260559082031 7.899999618530273
    endloop
  endfacet
  facet normal -0.15338936226572766 0.9881658279578956 0
    outer loop
      vertex -35.63092803955078 32.01706314086914 7.899999618530273
      vertex -35.14426803588867 32.09260559082031 3.799999713897705
      vertex -35.63092803955078 32.01706314086914 3.799999713897705
    endloop
  endfacet
  facet normal 0.3323549504865132 -0.9431543812585018 0
    outer loop
      vertex -37.55914306640625 39.68362045288086 3.799999713897705
      vertex -37.09465026855469 39.8473014831543 7.899999618530273
      vertex -37.55914306640625 39.68362045288086 7.899999618530273
    endloop
  endfacet
  facet normal 0.3323549504865132 -0.9431543812585018 0
    outer loop
      vertex -37.09465026855469 39.8473014831543 7.899999618530273
      vertex -37.55914306640625 39.68362045288086 3.799999713897705
      vertex -37.09465026855469 39.8473014831543 3.799999713897705
    endloop
  endfacet
  facet normal -0.9981031809082308 0.061563302874936894 0
    outer loop
      vertex -32.03031921386719 35.508445739746094 3.799999713897705
      vertex -32 36 7.899999618530273
      vertex -32 36 3.799999713897705
    endloop
  endfacet
  facet normal -0.9981031809082308 0.061563302874936894 0
    outer loop
      vertex -32 36 7.899999618530273
      vertex -32.03031921386719 35.508445739746094 3.799999713897705
      vertex -32.03031921386719 35.508445739746094 7.899999618530273
    endloop
  endfacet
  facet normal 0.552361752901918 -0.8336045189003718 0
    outer loop
      vertex -38.41053771972656 39.19207000732422 3.799999713897705
      vertex -38 39.4640998840332 7.899999618530273
      vertex -38.41053771972656 39.19207000732422 7.899999618530273
    endloop
  endfacet
  facet normal 0.552361752901918 -0.8336045189003718 0
    outer loop
      vertex -38 39.4640998840332 7.899999618530273
      vertex -38.41053771972656 39.19207000732422 3.799999713897705
      vertex -38 39.4640998840332 3.799999713897705
    endloop
  endfacet
  facet normal 1 0 0
    outer loop
      vertex -39.99241256713867 35.75375747680664 7.899999618530273
      vertex -39.99241256713867 36.24624252319336 3.799999713897705
      vertex -39.99241256713867 36.24624252319336 7.899999618530273
    endloop
  endfacet
  facet normal 1 0 0
    outer loop
      vertex -39.99241256713867 36.24624252319336 3.799999713897705
      vertex -39.99241256713867 35.75375747680664 7.899999618530273
      vertex -39.99241256713867 35.75375747680664 3.799999713897705
    endloop
  endfacet
  facet normal -0.7790814430762896 0.6269227265414506 0
    outer loop
      vertex -33.04396438598633 33.30521774291992 3.799999713897705
      vertex -32.73521423339844 33.68890380859375 7.899999618530273
      vertex -32.73521423339844 33.68890380859375 3.799999713897705
    endloop
  endfacet
  facet normal -0.7790814430762896 0.6269227265414506 0
    outer loop
      vertex -32.73521423339844 33.68890380859375 7.899999618530273
      vertex -33.04396438598633 33.30521774291992 3.799999713897705
      vertex -33.04396438598633 33.30521774291992 7.899999618530273
    endloop
  endfacet
  facet normal 0.9324732664324193 -0.36123898929774256 0
    outer loop
      vertex -39.811767578125 37.212608337402344 7.899999618530273
      vertex -39.63386154174805 37.67184066772461 3.799999713897705
      vertex -39.63386154174805 37.67184066772461 7.899999618530273
    endloop
  endfacet
  facet normal 0.9324732664324193 -0.36123898929774256 0
    outer loop
      vertex -39.63386154174805 37.67184066772461 3.799999713897705
      vertex -39.811767578125 37.212608337402344 7.899999618530273
      vertex -39.811767578125 37.212608337402344 3.799999713897705
    endloop
  endfacet
  facet normal -0.4999986975616453 -0.8660261557462675 0
    outer loop
      vertex -34.21704864501953 39.580650329589844 3.799999713897705
      vertex -33.79054260253906 39.334407806396484 7.899999618530273
      vertex -34.21704864501953 39.580650329589844 7.899999618530273
    endloop
  endfacet
  facet normal -0.4999986975616453 -0.8660261557462675 0
    outer loop
      vertex -33.79054260253906 39.334407806396484 7.899999618530273
      vertex -34.21704864501953 39.580650329589844 3.799999713897705
      vertex -33.79054260253906 39.334407806396484 3.799999713897705
    endloop
  endfacet
  facet normal -0.7790814430762896 -0.6269227265414506 0
    outer loop
      vertex -32.73521423339844 38.31109619140625 3.799999713897705
      vertex -33.04396438598633 38.69478225708008 7.899999618530273
      vertex -33.04396438598633 38.69478225708008 3.799999713897705
    endloop
  endfacet
  facet normal -0.7790814430762896 -0.6269227265414506 0
    outer loop
      vertex -33.04396438598633 38.69478225708008 7.899999618530273
      vertex -32.73521423339844 38.31109619140625 3.799999713897705
      vertex -32.73521423339844 38.31109619140625 7.899999618530273
    endloop
  endfacet
  facet normal -0.9084642778696526 -0.4179625052977487 0
    outer loop
      vertex -32.270111083984375 37.44496536254883 3.799999713897705
      vertex -32.4759521484375 37.892372131347656 7.899999618530273
      vertex -32.4759521484375 37.892372131347656 3.799999713897705
    endloop
  endfacet
  facet normal -0.9084642778696526 -0.4179625052977487 0
    outer loop
      vertex -32.4759521484375 37.892372131347656 7.899999618530273
      vertex -32.270111083984375 37.44496536254883 3.799999713897705
      vertex -32.270111083984375 37.44496536254883 7.899999618530273
    endloop
  endfacet
  facet normal 0.9697966034842238 -0.24391504232101632 0
    outer loop
      vertex -39.93189239501953 36.7349967956543 7.899999618530273
      vertex -39.811767578125 37.212608337402344 3.799999713897705
      vertex -39.811767578125 37.212608337402344 7.899999618530273
    endloop
  endfacet
  facet normal 0.9697966034842238 -0.24391504232101632 0
    outer loop
      vertex -39.811767578125 37.212608337402344 3.799999713897705
      vertex -39.93189239501953 36.7349967956543 7.899999618530273
      vertex -39.93189239501953 36.7349967956543 3.799999713897705
    endloop
  endfacet
  facet normal -0.696132408301272 -0.7179134140776806 0
    outer loop
      vertex -33.39752960205078 39.037620544433594 3.799999713897705
      vertex -33.04396438598633 38.69478225708008 7.899999618530273
      vertex -33.39752960205078 39.037620544433594 7.899999618530273
    endloop
  endfacet
  facet normal -0.696132408301272 -0.7179134140776806 0
    outer loop
      vertex -33.04396438598633 38.69478225708008 7.899999618530273
      vertex -33.39752960205078 39.037620544433594 3.799999713897705
      vertex -33.04396438598633 38.69478225708008 3.799999713897705
    endloop
  endfacet
  facet normal 0.7390084704556413 0.6736961337241097 0
    outer loop
      vertex -38.7845344543457 33.128353118896484 7.899999618530273
      vertex -39.1163215637207 33.492305755615234 3.799999713897705
      vertex -39.1163215637207 33.492305755615234 7.899999618530273
    endloop
  endfacet
  facet normal 0.7390084704556413 0.6736961337241097 0
    outer loop
      vertex -39.1163215637207 33.492305755615234 3.799999713897705
      vertex -38.7845344543457 33.128353118896484 7.899999618530273
      vertex -38.7845344543457 33.128353118896484 3.799999713897705
    endloop
  endfacet
  facet normal -0.696132408301272 0.7179134140776806 0
    outer loop
      vertex -33.04396438598633 33.30521774291992 3.799999713897705
      vertex -33.39752960205078 32.962379455566406 7.899999618530273
      vertex -33.04396438598633 33.30521774291992 7.899999618530273
    endloop
  endfacet
  facet normal -0.696132408301272 0.7179134140776806 0
    outer loop
      vertex -33.39752960205078 32.962379455566406 7.899999618530273
      vertex -33.04396438598633 33.30521774291992 3.799999713897705
      vertex -33.39752960205078 32.962379455566406 3.799999713897705
    endloop
  endfacet
  facet normal -0.8502179324010188 -0.5264308762066837 0
    outer loop
      vertex -32.4759521484375 37.892372131347656 3.799999713897705
      vertex -32.73521423339844 38.31109619140625 7.899999618530273
      vertex -32.73521423339844 38.31109619140625 3.799999713897705
    endloop
  endfacet
  facet normal -0.8502179324010188 -0.5264308762066837 0
    outer loop
      vertex -32.73521423339844 38.31109619140625 7.899999618530273
      vertex -32.4759521484375 37.892372131347656 3.799999713897705
      vertex -32.4759521484375 37.892372131347656 7.899999618530273
    endloop
  endfacet
  facet normal -0.9084642778696526 0.4179625052977487 0
    outer loop
      vertex -32.4759521484375 34.107627868652344 3.799999713897705
      vertex -32.270111083984375 34.55503463745117 7.899999618530273
      vertex -32.270111083984375 34.55503463745117 3.799999713897705
    endloop
  endfacet
  facet normal -0.9084642778696526 0.4179625052977487 0
    outer loop
      vertex -32.270111083984375 34.55503463745117 7.899999618530273
      vertex -32.4759521484375 34.107627868652344 3.799999713897705
      vertex -32.4759521484375 34.107627868652344 7.899999618530273
    endloop
  endfacet
  facet normal -0.6026315596513024 -0.7980195507080254 0
    outer loop
      vertex -33.79054260253906 39.334407806396484 3.799999713897705
      vertex -33.39752960205078 39.037620544433594 7.899999618530273
      vertex -33.79054260253906 39.334407806396484 7.899999618530273
    endloop
  endfacet
  facet normal -0.6026315596513024 -0.7980195507080254 0
    outer loop
      vertex -33.39752960205078 39.037620544433594 7.899999618530273
      vertex -33.79054260253906 39.334407806396484 3.799999713897705
      vertex -33.39752960205078 39.037620544433594 3.799999713897705
    endloop
  endfacet
  facet normal -0.27366622094976967 0.9618247239029946 0
    outer loop
      vertex -34.67058181762695 32.22738265991211 3.799999713897705
      vertex -35.14426803588867 32.09260559082031 7.899999618530273
      vertex -34.67058181762695 32.22738265991211 7.899999618530273
    endloop
  endfacet
  facet normal -0.27366622094976967 0.9618247239029946 0
    outer loop
      vertex -35.14426803588867 32.09260559082031 7.899999618530273
      vertex -34.67058181762695 32.22738265991211 3.799999713897705
      vertex -35.14426803588867 32.09260559082031 3.799999713897705
    endloop
  endfacet
  facet normal 0.21393180269708095 0.9768485981946113 0
    outer loop
      vertex -36.61356735229492 32.047340393066406 3.799999713897705
      vertex -37.09465026855469 32.1526985168457 7.899999618530273
      vertex -36.61356735229492 32.047340393066406 7.899999618530273
    endloop
  endfacet
  facet normal 0.21393180269708095 0.9768485981946113 0
    outer loop
      vertex -37.09465026855469 32.1526985168457 7.899999618530273
      vertex -36.61356735229492 32.047340393066406 3.799999713897705
      vertex -37.09465026855469 32.1526985168457 3.799999713897705
    endloop
  endfacet
  facet normal -0.27366622094976967 -0.9618247239029946 0
    outer loop
      vertex -35.14426803588867 39.90739440917969 3.799999713897705
      vertex -34.67058181762695 39.77261734008789 7.899999618530273
      vertex -35.14426803588867 39.90739440917969 7.899999618530273
    endloop
  endfacet
  facet normal -0.27366622094976967 -0.9618247239029946 0
    outer loop
      vertex -34.67058181762695 39.77261734008789 7.899999618530273
      vertex -35.14426803588867 39.90739440917969 3.799999713897705
      vertex -34.67058181762695 39.77261734008789 3.799999713897705
    endloop
  endfacet
  facet normal 0.552361752901918 0.8336045189003718 0
    outer loop
      vertex -38 32.5359001159668 3.799999713897705
      vertex -38.41053771972656 32.80792999267578 7.899999618530273
      vertex -38 32.5359001159668 7.899999618530273
    endloop
  endfacet
  facet normal 0.552361752901918 0.8336045189003718 0
    outer loop
      vertex -38.41053771972656 32.80792999267578 7.899999618530273
      vertex -38 32.5359001159668 3.799999713897705
      vertex -38.41053771972656 32.80792999267578 3.799999713897705
    endloop
  endfacet
  facet normal -0.9529413430005574 0.3031547406858317 0
    outer loop
      vertex -32.270111083984375 34.55503463745117 3.799999713897705
      vertex -32.120811462402344 35.02434539794922 7.899999618530273
      vertex -32.120811462402344 35.02434539794922 3.799999713897705
    endloop
  endfacet
  facet normal -0.9529413430005574 0.3031547406858317 0
    outer loop
      vertex -32.120811462402344 35.02434539794922 7.899999618530273
      vertex -32.270111083984375 34.55503463745117 3.799999713897705
      vertex -32.270111083984375 34.55503463745117 7.899999618530273
    endloop
  endfacet
  facet normal 0.09226761412297531 -0.9957342453607053 0
    outer loop
      vertex -36.61356735229492 39.952659606933594 3.799999713897705
      vertex -36.1231803894043 39.99810028076172 7.899999618530273
      vertex -36.61356735229492 39.952659606933594 7.899999618530273
    endloop
  endfacet
  facet normal 0.09226761412297531 -0.9957342453607053 0
    outer loop
      vertex -36.1231803894043 39.99810028076172 7.899999618530273
      vertex -36.61356735229492 39.952659606933594 3.799999713897705
      vertex -36.1231803894043 39.99810028076172 3.799999713897705
    endloop
  endfacet
  facet normal 0.21393180269708095 -0.9768485981946113 0
    outer loop
      vertex -37.09465026855469 39.8473014831543 3.799999713897705
      vertex -36.61356735229492 39.952659606933594 7.899999618530273
      vertex -37.09465026855469 39.8473014831543 7.899999618530273
    endloop
  endfacet
  facet normal 0.21393180269708095 -0.9768485981946113 0
    outer loop
      vertex -36.61356735229492 39.952659606933594 7.899999618530273
      vertex -37.09465026855469 39.8473014831543 3.799999713897705
      vertex -36.61356735229492 39.952659606933594 3.799999713897705
    endloop
  endfacet
  facet normal 0.8810109903044072 -0.47309579892749826 0
    outer loop
      vertex -39.63386154174805 37.67184066772461 7.899999618530273
      vertex -39.4008674621582 38.10572814941406 3.799999713897705
      vertex -39.4008674621582 38.10572814941406 7.899999618530273
    endloop
  endfacet
  facet normal 0.8810109903044072 -0.47309579892749826 0
    outer loop
      vertex -39.4008674621582 38.10572814941406 3.799999713897705
      vertex -39.63386154174805 37.67184066772461 7.899999618530273
      vertex -39.63386154174805 37.67184066772461 3.799999713897705
    endloop
  endfacet
  facet normal -0.030789558430206507 0.9995258891552901 0
    outer loop
      vertex -35.63092803955078 32.01706314086914 3.799999713897705
      vertex -36.1231803894043 32.00189971923828 7.899999618530273
      vertex -35.63092803955078 32.01706314086914 7.899999618530273
    endloop
  endfacet
  facet normal -0.030789558430206507 0.9995258891552901 0
    outer loop
      vertex -36.1231803894043 32.00189971923828 7.899999618530273
      vertex -35.63092803955078 32.01706314086914 3.799999713897705
      vertex -36.1231803894043 32.00189971923828 3.799999713897705
    endloop
  endfacet
  facet normal 0.9324732664324193 0.36123898929774256 0
    outer loop
      vertex -39.63386154174805 34.32815933227539 7.899999618530273
      vertex -39.811767578125 34.787391662597656 3.799999713897705
      vertex -39.811767578125 34.787391662597656 7.899999618530273
    endloop
  endfacet
  facet normal 0.9324732664324193 0.36123898929774256 0
    outer loop
      vertex -39.811767578125 34.787391662597656 3.799999713897705
      vertex -39.63386154174805 34.32815933227539 7.899999618530273
      vertex -39.63386154174805 34.32815933227539 3.799999713897705
    endloop
  endfacet
  facet normal -0.389790838786978 -0.9209034162156986 0
    outer loop
      vertex -34.67058181762695 39.77261734008789 3.799999713897705
      vertex -34.21704864501953 39.580650329589844 7.899999618530273
      vertex -34.67058181762695 39.77261734008789 7.899999618530273
    endloop
  endfacet
  facet normal -0.389790838786978 -0.9209034162156986 0
    outer loop
      vertex -34.21704864501953 39.580650329589844 7.899999618530273
      vertex -34.67058181762695 39.77261734008789 3.799999713897705
      vertex -34.21704864501953 39.580650329589844 3.799999713897705
    endloop
  endfacet
  facet normal -0.4999986975616453 0.8660261557462675 0
    outer loop
      vertex -33.79054260253906 32.665592193603516 3.799999713897705
      vertex -34.21704864501953 32.419349670410156 7.899999618530273
      vertex -33.79054260253906 32.665592193603516 7.899999618530273
    endloop
  endfacet
  facet normal -0.4999986975616453 0.8660261557462675 0
    outer loop
      vertex -34.21704864501953 32.419349670410156 7.899999618530273
      vertex -33.79054260253906 32.665592193603516 3.799999713897705
      vertex -34.21704864501953 32.419349670410156 3.799999713897705
    endloop
  endfacet
  facet normal -0.030789558430206507 -0.9995258891552901 0
    outer loop
      vertex -36.1231803894043 39.99810028076172 3.799999713897705
      vertex -35.63092803955078 39.98293685913086 7.899999618530273
      vertex -36.1231803894043 39.99810028076172 7.899999618530273
    endloop
  endfacet
  facet normal -0.030789558430206507 -0.9995258891552901 0
    outer loop
      vertex -35.63092803955078 39.98293685913086 7.899999618530273
      vertex -36.1231803894043 39.99810028076172 3.799999713897705
      vertex -35.63092803955078 39.98293685913086 3.799999713897705
    endloop
  endfacet
  facet normal -0.389790838786978 0.9209034162156986 0
    outer loop
      vertex -34.21704864501953 32.419349670410156 3.799999713897705
      vertex -34.67058181762695 32.22738265991211 7.899999618530273
      vertex -34.21704864501953 32.419349670410156 7.899999618530273
    endloop
  endfacet
  facet normal -0.389790838786978 0.9209034162156986 0
    outer loop
      vertex -34.67058181762695 32.22738265991211 7.899999618530273
      vertex -34.21704864501953 32.419349670410156 3.799999713897705
      vertex -34.67058181762695 32.22738265991211 3.799999713897705
    endloop
  endfacet
  facet normal 0.9924206885904562 0.12288684574699188 0
    outer loop
      vertex -39.93189239501953 35.2650032043457 7.899999618530273
      vertex -39.99241256713867 35.75375747680664 3.799999713897705
      vertex -39.99241256713867 35.75375747680664 7.899999618530273
    endloop
  endfacet
  facet normal 0.9924206885904562 0.12288684574699188 0
    outer loop
      vertex -39.99241256713867 35.75375747680664 3.799999713897705
      vertex -39.93189239501953 35.2650032043457 7.899999618530273
      vertex -39.93189239501953 35.2650032043457 3.799999713897705
    endloop
  endfacet
  facet normal 0.816196920637818 -0.5777738197091866 0
    outer loop
      vertex -39.4008674621582 38.10572814941406 7.899999618530273
      vertex -39.1163215637207 38.507694244384766 3.799999713897705
      vertex -39.1163215637207 38.507694244384766 7.899999618530273
    endloop
  endfacet
  facet normal 0.816196920637818 -0.5777738197091866 0
    outer loop
      vertex -39.1163215637207 38.507694244384766 3.799999713897705
      vertex -39.4008674621582 38.10572814941406 7.899999618530273
      vertex -39.4008674621582 38.10572814941406 3.799999713897705
    endloop
  endfacet
  facet normal 0.44573819258379715 0.8951633726153733 0
    outer loop
      vertex -37.55914306640625 32.31637954711914 3.799999713897705
      vertex -38 32.5359001159668 7.899999618530273
      vertex -37.55914306640625 32.31637954711914 7.899999618530273
    endloop
  endfacet
  facet normal 0.44573819258379715 0.8951633726153733 0
    outer loop
      vertex -38 32.5359001159668 7.899999618530273
      vertex -37.55914306640625 32.31637954711914 3.799999713897705
      vertex -38 32.5359001159668 3.799999713897705
    endloop
  endfacet
  facet normal 0.6506210413741331 0.7594025681555459 0
    outer loop
      vertex -38.41053771972656 32.80792999267578 3.799999713897705
      vertex -38.7845344543457 33.128353118896484 7.899999618530273
      vertex -38.41053771972656 32.80792999267578 7.899999618530273
    endloop
  endfacet
  facet normal 0.6506210413741331 0.7594025681555459 0
    outer loop
      vertex -38.7845344543457 33.128353118896484 7.899999618530273
      vertex -38.41053771972656 32.80792999267578 3.799999713897705
      vertex -38.7845344543457 33.128353118896484 3.799999713897705
    endloop
  endfacet
  facet normal 0 0 1
    outer loop
      vertex -33.75 36 3.799999713897705
      vertex -32 36 3.799999713897705
      vertex -32.03031921386719 36.491554260253906 3.799999713897705
    endloop
  endfacet
  facet normal 0 0 1
    outer loop
      vertex -33.80260467529297 36.483680725097656 3.799999713897705
      vertex -32.03031921386719 36.491554260253906 3.799999713897705
      vertex -32.120811462402344 36.97565460205078 3.799999713897705
    endloop
  endfacet
  facet normal 0 0 1
    outer loop
      vertex -32 36 3.799999713897705
      vertex -33.75 36 3.799999713897705
      vertex -32.03031921386719 35.508445739746094 3.799999713897705
    endloop
  endfacet
  facet normal 0 0 1
    outer loop
      vertex -33.80260467529297 36.483680725097656 3.799999713897705
      vertex -32.120811462402344 36.97565460205078 3.799999713897705
      vertex -32.270111083984375 37.44496536254883 3.799999713897705
    endloop
  endfacet
  facet normal 0 0 1
    outer loop
      vertex -33.80260467529297 35.516319274902344 3.799999713897705
      vertex -32.03031921386719 35.508445739746094 3.799999713897705
      vertex -33.75 36 3.799999713897705
    endloop
  endfacet
  facet normal 0 0 1
    outer loop
      vertex -33.95795440673828 36.94474792480469 3.799999713897705
      vertex -32.270111083984375 37.44496536254883 3.799999713897705
      vertex -32.4759521484375 37.892372131347656 3.799999713897705
    endloop
  endfacet
  facet normal 0 0 1
    outer loop
      vertex -32.03031921386719 35.508445739746094 3.799999713897705
      vertex -33.80260467529297 35.516319274902344 3.799999713897705
      vertex -32.120811462402344 35.02434539794922 3.799999713897705
    endloop
  endfacet
  facet normal 0 0 1
    outer loop
      vertex -34.20878982543945 37.36164093017578 3.799999713897705
      vertex -32.4759521484375 37.892372131347656 3.799999713897705
      vertex -32.73521423339844 38.31109619140625 3.799999713897705
    endloop
  endfacet
  facet normal 0 0 1
    outer loop
      vertex -32.120811462402344 35.02434539794922 3.799999713897705
      vertex -33.80260467529297 35.516319274902344 3.799999713897705
      vertex -32.270111083984375 34.55503463745117 3.799999713897705
    endloop
  endfacet
  facet normal 0 0 1
    outer loop
      vertex -34.20878982543945 37.36164093017578 3.799999713897705
      vertex -32.73521423339844 38.31109619140625 3.799999713897705
      vertex -33.04396438598633 38.69478225708008 3.799999713897705
    endloop
  endfacet
  facet normal 0 0 1
    outer loop
      vertex -33.95795440673828 35.05525207519531 3.799999713897705
      vertex -32.270111083984375 34.55503463745117 3.799999713897705
      vertex -33.80260467529297 35.516319274902344 3.799999713897705
    endloop
  endfacet
  facet normal 0 0 1
    outer loop
      vertex -34.54338073730469 37.71486282348633 3.799999713897705
      vertex -33.04396438598633 38.69478225708008 3.799999713897705
      vertex -33.39752960205078 39.037620544433594 3.799999713897705
    endloop
  endfacet
  facet normal 0 0 1
    outer loop
      vertex -32.270111083984375 34.55503463745117 3.799999713897705
      vertex -33.95795440673828 35.05525207519531 3.799999713897705
      vertex -32.4759521484375 34.107627868652344 3.799999713897705
    endloop
  endfacet
  facet normal 0 0 1
    outer loop
      vertex -34.20878982543945 34.63835906982422 3.799999713897705
      vertex -32.4759521484375 34.107627868652344 3.799999713897705
      vertex -33.95795440673828 35.05525207519531 3.799999713897705
    endloop
  endfacet
  facet normal 0 0 1
    outer loop
      vertex -34.54338073730469 37.71486282348633 3.799999713897705
      vertex -33.39752960205078 39.037620544433594 3.799999713897705
      vertex -33.79054260253906 39.334407806396484 3.799999713897705
    endloop
  endfacet
  facet normal 0 0 1
    outer loop
      vertex -32.03031921386719 36.491554260253906 3.799999713897705
      vertex -33.80260467529297 36.483680725097656 3.799999713897705
      vertex -33.75 36 3.799999713897705
    endloop
  endfacet
  facet normal 0 0 1
    outer loop
      vertex -32.270111083984375 37.44496536254883 3.799999713897705
      vertex -33.95795440673828 36.94474792480469 3.799999713897705
      vertex -33.80260467529297 36.483680725097656 3.799999713897705
    endloop
  endfacet
  facet normal 0 0 1
    outer loop
      vertex -32.4759521484375 37.892372131347656 3.799999713897705
      vertex -34.20878982543945 37.36164093017578 3.799999713897705
      vertex -33.95795440673828 36.94474792480469 3.799999713897705
    endloop
  endfacet
  facet normal 0 0 1
    outer loop
      vertex -34.946083068847656 37.98789978027344 3.799999713897705
      vertex -33.79054260253906 39.334407806396484 3.799999713897705
      vertex -34.21704864501953 39.580650329589844 3.799999713897705
    endloop
  endfacet
  facet normal 0 0 1
    outer loop
      vertex -33.04396438598633 38.69478225708008 3.799999713897705
      vertex -34.54338073730469 37.71486282348633 3.799999713897705
      vertex -34.20878982543945 37.36164093017578 3.799999713897705
    endloop
  endfacet
  facet normal 0 0 1
    outer loop
      vertex -34.946083068847656 37.98789978027344 3.799999713897705
      vertex -34.21704864501953 39.580650329589844 3.799999713897705
      vertex -34.67058181762695 39.77261734008789 3.799999713897705
    endloop
  endfacet
  facet normal 0 0 1
    outer loop
      vertex -33.79054260253906 39.334407806396484 3.799999713897705
      vertex -34.946083068847656 37.98789978027344 3.799999713897705
      vertex -34.54338073730469 37.71486282348633 3.799999713897705
    endloop
  endfacet
  facet normal 0 0 1
    outer loop
      vertex -35.39806365966797 38.16798782348633 3.799999713897705
      vertex -34.67058181762695 39.77261734008789 3.799999713897705
      vertex -35.14426803588867 39.90739440917969 3.799999713897705
    endloop
  endfacet
  facet normal 0 0 1
    outer loop
      vertex -34.67058181762695 39.77261734008789 3.799999713897705
      vertex -35.39806365966797 38.16798782348633 3.799999713897705
      vertex -34.946083068847656 37.98789978027344 3.799999713897705
    endloop
  endfacet
  facet normal 0 0 1
    outer loop
      vertex -35.87818908691406 38.246700286865234 3.799999713897705
      vertex -35.14426803588867 39.90739440917969 3.799999713897705
      vertex -35.63092803955078 39.98293685913086 3.799999713897705
    endloop
  endfacet
  facet normal 0 0 1
    outer loop
      vertex -35.14426803588867 39.90739440917969 3.799999713897705
      vertex -35.87818908691406 38.246700286865234 3.799999713897705
      vertex -35.39806365966797 38.16798782348633 3.799999713897705
    endloop
  endfacet
  facet normal 0 0 1
    outer loop
      vertex -36.1231803894043 39.99810028076172 3.799999713897705
      vertex -35.87818908691406 38.246700286865234 3.799999713897705
      vertex -35.63092803955078 39.98293685913086 3.799999713897705
    endloop
  endfacet
  facet normal 0 0 1
    outer loop
      vertex -36.1231803894043 39.99810028076172 3.799999713897705
      vertex -36.364009857177734 38.220359802246094 3.799999713897705
      vertex -35.87818908691406 38.246700286865234 3.799999713897705
    endloop
  endfacet
  facet normal 0 0 1
    outer loop
      vertex -36.61356735229492 39.952659606933594 3.799999713897705
      vertex -36.364009857177734 38.220359802246094 3.799999713897705
      vertex -36.1231803894043 39.99810028076172 3.799999713897705
    endloop
  endfacet
  facet normal 0 0 1
    outer loop
      vertex -37.09465026855469 39.8473014831543 3.799999713897705
      vertex -36.364009857177734 38.220359802246094 3.799999713897705
      vertex -36.61356735229492 39.952659606933594 3.799999713897705
    endloop
  endfacet
  facet normal 0 0 1
    outer loop
      vertex -36.364009857177734 38.220359802246094 3.799999713897705
      vertex -37.09465026855469 39.8473014831543 3.799999713897705
      vertex -36.83280944824219 38.0901985168457 3.799999713897705
    endloop
  endfacet
  facet normal 0 0 1
    outer loop
      vertex -37.55914306640625 39.68362045288086 3.799999713897705
      vertex -36.83280944824219 38.0901985168457 3.799999713897705
      vertex -37.09465026855469 39.8473014831543 3.799999713897705
    endloop
  endfacet
  facet normal 0 0 1
    outer loop
      vertex -38 39.4640998840332 3.799999713897705
      vertex -36.83280944824219 38.0901985168457 3.799999713897705
      vertex -37.55914306640625 39.68362045288086 3.799999713897705
    endloop
  endfacet
  facet normal 0 0 1
    outer loop
      vertex -36.83280944824219 38.0901985168457 3.799999713897705
      vertex -38 39.4640998840332 3.799999713897705
      vertex -37.262672424316406 37.862300872802734 3.799999713897705
    endloop
  endfacet
  facet normal 0 0 1
    outer loop
      vertex -38.41053771972656 39.19207000732422 3.799999713897705
      vertex -37.262672424316406 37.862300872802734 3.799999713897705
      vertex -38 39.4640998840332 3.799999713897705
    endloop
  endfacet
  facet normal 0 0 1
    outer loop
      vertex -37.262672424316406 37.862300872802734 3.799999713897705
      vertex -38.41053771972656 39.19207000732422 3.799999713897705
      vertex -37.63349151611328 37.547325134277344 3.799999713897705
    endloop
  endfacet
  facet normal 0 0 1
    outer loop
      vertex -38.7845344543457 38.871646881103516 3.799999713897705
      vertex -37.63349151611328 37.547325134277344 3.799999713897705
      vertex -38.41053771972656 39.19207000732422 3.799999713897705
    endloop
  endfacet
  facet normal 0 0 1
    outer loop
      vertex -39.1163215637207 38.507694244384766 3.799999713897705
      vertex -37.63349151611328 37.547325134277344 3.799999713897705
      vertex -38.7845344543457 38.871646881103516 3.799999713897705
    endloop
  endfacet
  facet normal 0 0 1
    outer loop
      vertex -39.4008674621582 38.10572814941406 3.799999713897705
      vertex -37.92792892456055 37.159996032714844 3.799999713897705
      vertex -39.1163215637207 38.507694244384766 3.799999713897705
    endloop
  endfacet
  facet normal 0 0 1
    outer loop
      vertex -37.63349151611328 37.547325134277344 3.799999713897705
      vertex -39.1163215637207 38.507694244384766 3.799999713897705
      vertex -37.92792892456055 37.159996032714844 3.799999713897705
    endloop
  endfacet
  facet normal 0 0 1
    outer loop
      vertex -32.4759521484375 34.107627868652344 3.799999713897705
      vertex -34.20878982543945 34.63835906982422 3.799999713897705
      vertex -32.73521423339844 33.68890380859375 3.799999713897705
    endloop
  endfacet
  facet normal 0 0 1
    outer loop
      vertex -32.73521423339844 33.68890380859375 3.799999713897705
      vertex -34.20878982543945 34.63835906982422 3.799999713897705
      vertex -33.04396438598633 33.30521774291992 3.799999713897705
    endloop
  endfacet
  facet normal 0 0 1
    outer loop
      vertex -34.54338073730469 34.28513717651367 3.799999713897705
      vertex -33.04396438598633 33.30521774291992 3.799999713897705
      vertex -34.20878982543945 34.63835906982422 3.799999713897705
    endloop
  endfacet
  facet normal 0 0 1
    outer loop
      vertex -33.04396438598633 33.30521774291992 3.799999713897705
      vertex -34.54338073730469 34.28513717651367 3.799999713897705
      vertex -33.39752960205078 32.962379455566406 3.799999713897705
    endloop
  endfacet
  facet normal 0 0 1
    outer loop
      vertex -33.39752960205078 32.962379455566406 3.799999713897705
      vertex -34.54338073730469 34.28513717651367 3.799999713897705
      vertex -33.79054260253906 32.665592193603516 3.799999713897705
    endloop
  endfacet
  facet normal 0 0 1
    outer loop
      vertex -34.946083068847656 34.01210021972656 3.799999713897705
      vertex -33.79054260253906 32.665592193603516 3.799999713897705
      vertex -34.54338073730469 34.28513717651367 3.799999713897705
    endloop
  endfacet
  facet normal 0 0 1
    outer loop
      vertex -33.79054260253906 32.665592193603516 3.799999713897705
      vertex -34.946083068847656 34.01210021972656 3.799999713897705
      vertex -34.21704864501953 32.419349670410156 3.799999713897705
    endloop
  endfacet
  facet normal 0 0 1
    outer loop
      vertex -34.21704864501953 32.419349670410156 3.799999713897705
      vertex -34.946083068847656 34.01210021972656 3.799999713897705
      vertex -34.67058181762695 32.22738265991211 3.799999713897705
    endloop
  endfacet
  facet normal 0 0 1
    outer loop
      vertex -35.39806365966797 33.83201217651367 3.799999713897705
      vertex -34.67058181762695 32.22738265991211 3.799999713897705
      vertex -34.946083068847656 34.01210021972656 3.799999713897705
    endloop
  endfacet
  facet normal 0 0 1
    outer loop
      vertex -34.67058181762695 32.22738265991211 3.799999713897705
      vertex -35.39806365966797 33.83201217651367 3.799999713897705
      vertex -35.14426803588867 32.09260559082031 3.799999713897705
    endloop
  endfacet
  facet normal 0 0 1
    outer loop
      vertex -35.87818908691406 33.753299713134766 3.799999713897705
      vertex -35.14426803588867 32.09260559082031 3.799999713897705
      vertex -35.39806365966797 33.83201217651367 3.799999713897705
    endloop
  endfacet
  facet normal 0 0 1
    outer loop
      vertex -35.14426803588867 32.09260559082031 3.799999713897705
      vertex -35.87818908691406 33.753299713134766 3.799999713897705
      vertex -35.63092803955078 32.01706314086914 3.799999713897705
    endloop
  endfacet
  facet normal 0 0 1
    outer loop
      vertex -35.87818908691406 33.753299713134766 3.799999713897705
      vertex -36.1231803894043 32.00189971923828 3.799999713897705
      vertex -35.63092803955078 32.01706314086914 3.799999713897705
    endloop
  endfacet
  facet normal 0 0 1
    outer loop
      vertex -36.364009857177734 33.779640197753906 3.799999713897705
      vertex -36.1231803894043 32.00189971923828 3.799999713897705
      vertex -35.87818908691406 33.753299713134766 3.799999713897705
    endloop
  endfacet
  facet normal 0 0 1
    outer loop
      vertex -36.364009857177734 33.779640197753906 3.799999713897705
      vertex -36.61356735229492 32.047340393066406 3.799999713897705
      vertex -36.1231803894043 32.00189971923828 3.799999713897705
    endloop
  endfacet
  facet normal 0 0 1
    outer loop
      vertex -37.09465026855469 32.1526985168457 3.799999713897705
      vertex -36.364009857177734 33.779640197753906 3.799999713897705
      vertex -36.83280944824219 33.9098014831543 3.799999713897705
    endloop
  endfacet
  facet normal 0 0 1
    outer loop
      vertex -36.364009857177734 33.779640197753906 3.799999713897705
      vertex -37.09465026855469 32.1526985168457 3.799999713897705
      vertex -36.61356735229492 32.047340393066406 3.799999713897705
    endloop
  endfacet
  facet normal 0 0 1
    outer loop
      vertex -38 32.5359001159668 3.799999713897705
      vertex -36.83280944824219 33.9098014831543 3.799999713897705
      vertex -37.262672424316406 34.137699127197266 3.799999713897705
    endloop
  endfacet
  facet normal 0 0 1
    outer loop
      vertex -36.83280944824219 33.9098014831543 3.799999713897705
      vertex -37.55914306640625 32.31637954711914 3.799999713897705
      vertex -37.09465026855469 32.1526985168457 3.799999713897705
    endloop
  endfacet
  facet normal 0 0 1
    outer loop
      vertex -38.41053771972656 32.80792999267578 3.799999713897705
      vertex -37.262672424316406 34.137699127197266 3.799999713897705
      vertex -37.63349151611328 34.452674865722656 3.799999713897705
    endloop
  endfacet
  facet normal 0 0 1
    outer loop
      vertex -39.1163215637207 33.492305755615234 3.799999713897705
      vertex -37.63349151611328 34.452674865722656 3.799999713897705
      vertex -37.92792892456055 34.840003967285156 3.799999713897705
    endloop
  endfacet
  facet normal 0 0 1
    outer loop
      vertex -36.83280944824219 33.9098014831543 3.799999713897705
      vertex -38 32.5359001159668 3.799999713897705
      vertex -37.55914306640625 32.31637954711914 3.799999713897705
    endloop
  endfacet
  facet normal 0 0 1
    outer loop
      vertex -39.63386154174805 34.32815933227539 3.799999713897705
      vertex -37.92792892456055 34.840003967285156 3.799999713897705
      vertex -38.13221740722656 35.28157043457031 3.799999713897705
    endloop
  endfacet
  facet normal 0 0 1
    outer loop
      vertex -39.93189239501953 35.2650032043457 3.799999713897705
      vertex -38.13221740722656 35.28157043457031 3.799999713897705
      vertex -38.23680877685547 35.75673294067383 3.799999713897705
    endloop
  endfacet
  facet normal 0 0 1
    outer loop
      vertex -37.262672424316406 34.137699127197266 3.799999713897705
      vertex -38.41053771972656 32.80792999267578 3.799999713897705
      vertex -38 32.5359001159668 3.799999713897705
    endloop
  endfacet
  facet normal 0 0 1
    outer loop
      vertex -39.63386154174805 37.67184066772461 3.799999713897705
      vertex -37.92792892456055 37.159996032714844 3.799999713897705
      vertex -39.4008674621582 38.10572814941406 3.799999713897705
    endloop
  endfacet
  facet normal 0 0 1
    outer loop
      vertex -37.92792892456055 37.159996032714844 3.799999713897705
      vertex -39.63386154174805 37.67184066772461 3.799999713897705
      vertex -38.13221740722656 36.71842956542969 3.799999713897705
    endloop
  endfacet
  facet normal 0 0 1
    outer loop
      vertex -37.63349151611328 34.452674865722656 3.799999713897705
      vertex -38.7845344543457 33.128353118896484 3.799999713897705
      vertex -38.41053771972656 32.80792999267578 3.799999713897705
    endloop
  endfacet
  facet normal 0 0 1
    outer loop
      vertex -39.811767578125 37.212608337402344 3.799999713897705
      vertex -38.13221740722656 36.71842956542969 3.799999713897705
      vertex -39.63386154174805 37.67184066772461 3.799999713897705
    endloop
  endfacet
  facet normal 0 0 1
    outer loop
      vertex -37.63349151611328 34.452674865722656 3.799999713897705
      vertex -39.1163215637207 33.492305755615234 3.799999713897705
      vertex -38.7845344543457 33.128353118896484 3.799999713897705
    endloop
  endfacet
  facet normal 0 0 1
    outer loop
      vertex -39.93189239501953 36.7349967956543 3.799999713897705
      vertex -38.13221740722656 36.71842956542969 3.799999713897705
      vertex -39.811767578125 37.212608337402344 3.799999713897705
    endloop
  endfacet
  facet normal 0 0 1
    outer loop
      vertex -37.92792892456055 34.840003967285156 3.799999713897705
      vertex -39.4008674621582 33.89427185058594 3.799999713897705
      vertex -39.1163215637207 33.492305755615234 3.799999713897705
    endloop
  endfacet
  facet normal 0 0 1
    outer loop
      vertex -38.13221740722656 36.71842956542969 3.799999713897705
      vertex -39.93189239501953 36.7349967956543 3.799999713897705
      vertex -38.23680877685547 36.24326705932617 3.799999713897705
    endloop
  endfacet
  facet normal 0 0 1
    outer loop
      vertex -37.92792892456055 34.840003967285156 3.799999713897705
      vertex -39.63386154174805 34.32815933227539 3.799999713897705
      vertex -39.4008674621582 33.89427185058594 3.799999713897705
    endloop
  endfacet
  facet normal 0 0 1
    outer loop
      vertex -39.99241256713867 36.24624252319336 3.799999713897705
      vertex -38.23680877685547 36.24326705932617 3.799999713897705
      vertex -39.93189239501953 36.7349967956543 3.799999713897705
    endloop
  endfacet
  facet normal 0 0 1
    outer loop
      vertex -38.13221740722656 35.28157043457031 3.799999713897705
      vertex -39.811767578125 34.787391662597656 3.799999713897705
      vertex -39.63386154174805 34.32815933227539 3.799999713897705
    endloop
  endfacet
  facet normal 0 0 1
    outer loop
      vertex -38.23680877685547 36.24326705932617 3.799999713897705
      vertex -39.99241256713867 36.24624252319336 3.799999713897705
      vertex -38.23680877685547 35.75673294067383 3.799999713897705
    endloop
  endfacet
  facet normal 0 0 1
    outer loop
      vertex -38.13221740722656 35.28157043457031 3.799999713897705
      vertex -39.93189239501953 35.2650032043457 3.799999713897705
      vertex -39.811767578125 34.787391662597656 3.799999713897705
    endloop
  endfacet
  facet normal 0 0 1
    outer loop
      vertex -39.99241256713867 35.75375747680664 3.799999713897705
      vertex -38.23680877685547 35.75673294067383 3.799999713897705
      vertex -39.99241256713867 36.24624252319336 3.799999713897705
    endloop
  endfacet
  facet normal 0 0 1
    outer loop
      vertex -38.23680877685547 35.75673294067383 3.799999713897705
      vertex -39.99241256713867 35.75375747680664 3.799999713897705
      vertex -39.93189239501953 35.2650032043457 3.799999713897705
    endloop
  endfacet
  facet normal 0.3323549504865132 0.9431543812585018 0
    outer loop
      vertex -37.09465026855469 32.1526985168457 3.799999713897705
      vertex -37.55914306640625 32.31637954711914 7.899999618530273
      vertex -37.09465026855469 32.1526985168457 7.899999618530273
    endloop
  endfacet
  facet normal 0.3323549504865132 0.9431543812585018 0
    outer loop
      vertex -37.55914306640625 32.31637954711914 7.899999618530273
      vertex -37.09465026855469 32.1526985168457 3.799999713897705
      vertex -37.55914306640625 32.31637954711914 3.799999713897705
    endloop
  endfacet
  facet normal -0.8502179324010188 0.5264308762066837 0
    outer loop
      vertex -32.73521423339844 33.68890380859375 3.799999713897705
      vertex -32.4759521484375 34.107627868652344 7.899999618530273
      vertex -32.4759521484375 34.107627868652344 3.799999713897705
    endloop
  endfacet
  facet normal -0.8502179324010188 0.5264308762066837 0
    outer loop
      vertex -32.4759521484375 34.107627868652344 7.899999618530273
      vertex -32.73521423339844 33.68890380859375 3.799999713897705
      vertex -32.73521423339844 33.68890380859375 7.899999618530273
    endloop
  endfacet
  facet normal -0.15338936226572766 -0.9881658279578956 0
    outer loop
      vertex -35.63092803955078 39.98293685913086 3.799999713897705
      vertex -35.14426803588867 39.90739440917969 7.899999618530273
      vertex -35.63092803955078 39.98293685913086 7.899999618530273
    endloop
  endfacet
  facet normal -0.15338936226572766 -0.9881658279578956 0
    outer loop
      vertex -35.14426803588867 39.90739440917969 7.899999618530273
      vertex -35.63092803955078 39.98293685913086 3.799999713897705
      vertex -35.14426803588867 39.90739440917969 3.799999713897705
    endloop
  endfacet
  facet normal 0.44573819258379715 -0.8951633726153733 0
    outer loop
      vertex -38 39.4640998840332 3.799999713897705
      vertex -37.55914306640625 39.68362045288086 7.899999618530273
      vertex -38 39.4640998840332 7.899999618530273
    endloop
  endfacet
  facet normal 0.44573819258379715 -0.8951633726153733 0
    outer loop
      vertex -37.55914306640625 39.68362045288086 7.899999618530273
      vertex -38 39.4640998840332 3.799999713897705
      vertex -37.55914306640625 39.68362045288086 3.799999713897705
    endloop
  endfacet
  facet normal 0.9697966034842238 0.24391504232101632 0
    outer loop
      vertex -39.811767578125 34.787391662597656 7.899999618530273
      vertex -39.93189239501953 35.2650032043457 3.799999713897705
      vertex -39.93189239501953 35.2650032043457 7.899999618530273
    endloop
  endfacet
  facet normal 0.9697966034842238 0.24391504232101632 0
    outer loop
      vertex -39.93189239501953 35.2650032043457 3.799999713897705
      vertex -39.811767578125 34.787391662597656 7.899999618530273
      vertex -39.811767578125 34.787391662597656 3.799999713897705
    endloop
  endfacet
  facet normal 0.6506210413741331 -0.7594025681555459 0
    outer loop
      vertex -38.7845344543457 38.871646881103516 3.799999713897705
      vertex -38.41053771972656 39.19207000732422 7.899999618530273
      vertex -38.7845344543457 38.871646881103516 7.899999618530273
    endloop
  endfacet
  facet normal 0.6506210413741331 -0.7594025681555459 0
    outer loop
      vertex -38.41053771972656 39.19207000732422 7.899999618530273
      vertex -38.7845344543457 38.871646881103516 3.799999713897705
      vertex -38.41053771972656 39.19207000732422 3.799999713897705
    endloop
  endfacet
  facet normal 0.9924206885904562 -0.12288684574699188 0
    outer loop
      vertex -39.99241256713867 36.24624252319336 7.899999618530273
      vertex -39.93189239501953 36.7349967956543 3.799999713897705
      vertex -39.93189239501953 36.7349967956543 7.899999618530273
    endloop
  endfacet
  facet normal 0.9924206885904562 -0.12288684574699188 0
    outer loop
      vertex -39.93189239501953 36.7349967956543 3.799999713897705
      vertex -39.99241256713867 36.24624252319336 7.899999618530273
      vertex -39.99241256713867 36.24624252319336 3.799999713897705
    endloop
  endfacet
  facet normal 0.09226761412297531 0.9957342453607053 0
    outer loop
      vertex -36.1231803894043 32.00189971923828 3.799999713897705
      vertex -36.61356735229492 32.047340393066406 7.899999618530273
      vertex -36.1231803894043 32.00189971923828 7.899999618530273
    endloop
  endfacet
  facet normal 0.09226761412297531 0.9957342453607053 0
    outer loop
      vertex -36.61356735229492 32.047340393066406 7.899999618530273
      vertex -36.1231803894043 32.00189971923828 3.799999713897705
      vertex -36.61356735229492 32.047340393066406 3.799999713897705
    endloop
  endfacet
  facet normal 0.816196920637818 0.5777738197091866 0
    outer loop
      vertex -39.1163215637207 33.492305755615234 7.899999618530273
      vertex -39.4008674621582 33.89427185058594 3.799999713897705
      vertex -39.4008674621582 33.89427185058594 7.899999618530273
    endloop
  endfacet
  facet normal 0.816196920637818 0.5777738197091866 0
    outer loop
      vertex -39.4008674621582 33.89427185058594 3.799999713897705
      vertex -39.1163215637207 33.492305755615234 7.899999618530273
      vertex -39.1163215637207 33.492305755615234 3.799999713897705
    endloop
  endfacet
  facet normal -0.9941376862154561 -0.1081215096369792 0
    outer loop
      vertex 38.25 -36 0
      vertex 38.19739532470703 -35.516319274902344 3.799999713897705
      vertex 38.19739532470703 -35.516319274902344 0
    endloop
  endfacet
  facet normal -0.9941376862154561 -0.1081215096369792 0
    outer loop
      vertex 38.19739532470703 -35.516319274902344 3.799999713897705
      vertex 38.25 -36 0
      vertex 38.25 -36 3.799999713897705
    endloop
  endfacet
  facet normal -0.9941376862154561 0.1081215096369792 0
    outer loop
      vertex 38.19739532470703 -36.483680725097656 0
      vertex 38.25 -36 3.799999713897705
      vertex 38.25 -36 0
    endloop
  endfacet
  facet normal -0.9941376862154561 0.1081215096369792 0
    outer loop
      vertex 38.25 -36 3.799999713897705
      vertex 38.19739532470703 -36.483680725097656 0
      vertex 38.19739532470703 -36.483680725097656 3.799999713897705
    endloop
  endfacet
  facet normal -0.9476543503181204 -0.3192980305657102 0
    outer loop
      vertex 38.19739532470703 -35.516319274902344 0
      vertex 38.04204559326172 -35.05525207519531 3.799999713897705
      vertex 38.04204559326172 -35.05525207519531 0
    endloop
  endfacet
  facet normal -0.9476543503181204 -0.3192980305657102 0
    outer loop
      vertex 38.04204559326172 -35.05525207519531 3.799999713897705
      vertex 38.19739532470703 -35.516319274902344 0
      vertex 38.19739532470703 -35.516319274902344 3.799999713897705
    endloop
  endfacet
  facet normal -0.8568578844279425 -0.5155526800373273 0
    outer loop
      vertex 38.04204559326172 -35.05525207519531 0
      vertex 37.79121017456055 -34.63835906982422 3.799999713897705
      vertex 37.79121017456055 -34.63835906982422 0
    endloop
  endfacet
  facet normal -0.8568578844279425 -0.5155526800373273 0
    outer loop
      vertex 37.79121017456055 -34.63835906982422 3.799999713897705
      vertex 38.04204559326172 -35.05525207519531 0
      vertex 38.04204559326172 -35.05525207519531 3.799999713897705
    endloop
  endfacet
  facet normal 0.2675278035596563 -0.9635501410526315 0
    outer loop
      vertex 35.16719055175781 -33.9098014831543 0
      vertex 35.635990142822266 -33.779640197753906 3.799999713897705
      vertex 35.16719055175781 -33.9098014831543 3.799999713897705
    endloop
  endfacet
  facet normal 0.2675278035596563 -0.9635501410526315 0
    outer loop
      vertex 35.635990142822266 -33.779640197753906 3.799999713897705
      vertex 35.16719055175781 -33.9098014831543 0
      vertex 35.635990142822266 -33.779640197753906 0
    endloop
  endfacet
  facet normal 0.05413900660316647 -0.9985334085367511 0
    outer loop
      vertex 35.635990142822266 -33.779640197753906 0
      vertex 36.12181091308594 -33.753299713134766 3.799999713897705
      vertex 35.635990142822266 -33.779640197753906 3.799999713897705
    endloop
  endfacet
  facet normal 0.05413900660316647 -0.9985334085367511 0
    outer loop
      vertex 36.12181091308594 -33.753299713134766 3.799999713897705
      vertex 35.635990142822266 -33.779640197753906 0
      vertex 36.12181091308594 -33.753299713134766 0
    endloop
  endfacet
  facet normal -0.7259940943359073 0.6877009342653142 0
    outer loop
      vertex 37.45661926269531 -37.71486282348633 0
      vertex 37.79121017456055 -37.36164093017578 3.799999713897705
      vertex 37.79121017456055 -37.36164093017578 0
    endloop
  endfacet
  facet normal -0.7259940943359073 0.6877009342653142 0
    outer loop
      vertex 37.79121017456055 -37.36164093017578 3.799999713897705
      vertex 37.45661926269531 -37.71486282348633 0
      vertex 37.45661926269531 -37.71486282348633 3.799999713897705
    endloop
  endfacet
  facet normal 0.7960955607362732 -0.6051709330230582 0
    outer loop
      vertex 34.07207107543945 -34.840003967285156 3.799999713897705
      vertex 34.36650848388672 -34.452674865722656 0
      vertex 34.36650848388672 -34.452674865722656 3.799999713897705
    endloop
  endfacet
  facet normal 0.7960955607362732 -0.6051709330230582 0
    outer loop
      vertex 34.36650848388672 -34.452674865722656 0
      vertex 34.07207107543945 -34.840003967285156 3.799999713897705
      vertex 34.07207107543945 -34.840003967285156 0
    endloop
  endfacet
  facet normal -0.16178178622315406 -0.9868265570232925 0
    outer loop
      vertex 36.12181091308594 -33.753299713134766 0
      vertex 36.60193634033203 -33.83201217651367 3.799999713897705
      vertex 36.12181091308594 -33.753299713134766 3.799999713897705
    endloop
  endfacet
  facet normal -0.16178178622315406 -0.9868265570232925 0
    outer loop
      vertex 36.60193634033203 -33.83201217651367 3.799999713897705
      vertex 36.12181091308594 -33.753299713134766 0
      vertex 36.60193634033203 -33.83201217651367 0
    endloop
  endfacet
  facet normal -0.5611842508692879 -0.8276909064235732 0
    outer loop
      vertex 37.053916931152344 -34.01210021972656 0
      vertex 37.45661926269531 -34.28513717651367 3.799999713897705
      vertex 37.053916931152344 -34.01210021972656 3.799999713897705
    endloop
  endfacet
  facet normal -0.5611842508692879 -0.8276909064235732 0
    outer loop
      vertex 37.45661926269531 -34.28513717651367 3.799999713897705
      vertex 37.053916931152344 -34.01210021972656 0
      vertex 37.45661926269531 -34.28513717651367 0
    endloop
  endfacet
  facet normal 0.9766204724587518 -0.21497081842530213 0
    outer loop
      vertex 33.76319122314453 -35.75673294067383 3.799999713897705
      vertex 33.86778259277344 -35.28157043457031 0
      vertex 33.86778259277344 -35.28157043457031 3.799999713897705
    endloop
  endfacet
  facet normal 0.9766204724587518 -0.21497081842530213 0
    outer loop
      vertex 33.86778259277344 -35.28157043457031 0
      vertex 33.76319122314453 -35.75673294067383 3.799999713897705
      vertex 33.76319122314453 -35.75673294067383 0
    endloop
  endfacet
  facet normal 0.9075769229099414 -0.41988585234718534 0
    outer loop
      vertex 33.86778259277344 -35.28157043457031 3.799999713897705
      vertex 34.07207107543945 -34.840003967285156 0
      vertex 34.07207107543945 -34.840003967285156 3.799999713897705
    endloop
  endfacet
  facet normal 0.9075769229099414 -0.41988585234718534 0
    outer loop
      vertex 34.07207107543945 -34.840003967285156 0
      vertex 33.86778259277344 -35.28157043457031 3.799999713897705
      vertex 33.86778259277344 -35.28157043457031 0
    endloop
  endfacet
  facet normal -0.9476543503181204 0.3192980305657102 0
    outer loop
      vertex 38.04204559326172 -36.94474792480469 0
      vertex 38.19739532470703 -36.483680725097656 3.799999713897705
      vertex 38.19739532470703 -36.483680725097656 0
    endloop
  endfacet
  facet normal -0.9476543503181204 0.3192980305657102 0
    outer loop
      vertex 38.19739532470703 -36.483680725097656 3.799999713897705
      vertex 38.04204559326172 -36.94474792480469 0
      vertex 38.04204559326172 -36.94474792480469 3.799999713897705
    endloop
  endfacet
  facet normal 0.7960955607362732 0.6051709330230582 0
    outer loop
      vertex 34.36650848388672 -37.547325134277344 3.799999713897705
      vertex 34.07207107543945 -37.159996032714844 0
      vertex 34.07207107543945 -37.159996032714844 3.799999713897705
    endloop
  endfacet
  facet normal 0.7960955607362732 0.6051709330230582 0
    outer loop
      vertex 34.07207107543945 -37.159996032714844 0
      vertex 34.36650848388672 -37.547325134277344 3.799999713897705
      vertex 34.36650848388672 -37.547325134277344 0
    endloop
  endfacet
  facet normal 0.05413900660316647 0.9985334085367511 0
    outer loop
      vertex 36.12181091308594 -38.246700286865234 0
      vertex 35.635990142822266 -38.220359802246094 3.799999713897705
      vertex 36.12181091308594 -38.246700286865234 3.799999713897705
    endloop
  endfacet
  facet normal 0.05413900660316647 0.9985334085367511 0
    outer loop
      vertex 35.635990142822266 -38.220359802246094 3.799999713897705
      vertex 36.12181091308594 -38.246700286865234 0
      vertex 35.635990142822266 -38.220359802246094 0
    endloop
  endfacet
  facet normal -0.8568578844279425 0.5155526800373273 0
    outer loop
      vertex 37.79121017456055 -37.36164093017578 0
      vertex 38.04204559326172 -36.94474792480469 3.799999713897705
      vertex 38.04204559326172 -36.94474792480469 0
    endloop
  endfacet
  facet normal -0.8568578844279425 0.5155526800373273 0
    outer loop
      vertex 38.04204559326172 -36.94474792480469 3.799999713897705
      vertex 37.79121017456055 -37.36164093017578 0
      vertex 37.79121017456055 -37.36164093017578 3.799999713897705
    endloop
  endfacet
  facet normal 0.6473852853878266 -0.7621629040194243 0
    outer loop
      vertex 34.36650848388672 -34.452674865722656 0
      vertex 34.737327575683594 -34.137699127197266 3.799999713897705
      vertex 34.36650848388672 -34.452674865722656 3.799999713897705
    endloop
  endfacet
  facet normal 0.6473852853878266 -0.7621629040194243 0
    outer loop
      vertex 34.737327575683594 -34.137699127197266 3.799999713897705
      vertex 34.36650848388672 -34.452674865722656 0
      vertex 34.737327575683594 -34.137699127197266 0
    endloop
  endfacet
  facet normal -0.3701426185277486 -0.9289749415078007 0
    outer loop
      vertex 36.60193634033203 -33.83201217651367 0
      vertex 37.053916931152344 -34.01210021972656 3.799999713897705
      vertex 36.60193634033203 -33.83201217651367 3.799999713897705
    endloop
  endfacet
  facet normal -0.3701426185277486 -0.9289749415078007 0
    outer loop
      vertex 37.053916931152344 -34.01210021972656 3.799999713897705
      vertex 36.60193634033203 -33.83201217651367 0
      vertex 37.053916931152344 -34.01210021972656 0
    endloop
  endfacet
  facet normal -0.7259940943359073 -0.6877009342653142 0
    outer loop
      vertex 37.79121017456055 -34.63835906982422 0
      vertex 37.45661926269531 -34.28513717651367 3.799999713897705
      vertex 37.45661926269531 -34.28513717651367 0
    endloop
  endfacet
  facet normal -0.7259940943359073 -0.6877009342653142 0
    outer loop
      vertex 37.45661926269531 -34.28513717651367 3.799999713897705
      vertex 37.79121017456055 -34.63835906982422 0
      vertex 37.79121017456055 -34.63835906982422 3.799999713897705
    endloop
  endfacet
  facet normal -0.3701426185277486 0.9289749415078007 0
    outer loop
      vertex 37.053916931152344 -37.98789978027344 0
      vertex 36.60193634033203 -38.16798782348633 3.799999713897705
      vertex 37.053916931152344 -37.98789978027344 3.799999713897705
    endloop
  endfacet
  facet normal -0.3701426185277486 0.9289749415078007 0
    outer loop
      vertex 36.60193634033203 -38.16798782348633 3.799999713897705
      vertex 37.053916931152344 -37.98789978027344 0
      vertex 36.60193634033203 -38.16798782348633 0
    endloop
  endfacet
  facet normal 1 0 0
    outer loop
      vertex 33.76319122314453 -36.24326705932617 3.799999713897705
      vertex 33.76319122314453 -35.75673294067383 0
      vertex 33.76319122314453 -35.75673294067383 3.799999713897705
    endloop
  endfacet
  facet normal 1 0 0
    outer loop
      vertex 33.76319122314453 -35.75673294067383 0
      vertex 33.76319122314453 -36.24326705932617 3.799999713897705
      vertex 33.76319122314453 -36.24326705932617 0
    endloop
  endfacet
  facet normal 0.46840638340397733 -0.8835131351521641 0
    outer loop
      vertex 34.737327575683594 -34.137699127197266 0
      vertex 35.16719055175781 -33.9098014831543 3.799999713897705
      vertex 34.737327575683594 -34.137699127197266 3.799999713897705
    endloop
  endfacet
  facet normal 0.46840638340397733 -0.8835131351521641 0
    outer loop
      vertex 35.16719055175781 -33.9098014831543 3.799999713897705
      vertex 34.737327575683594 -34.137699127197266 0
      vertex 35.16719055175781 -33.9098014831543 0
    endloop
  endfacet
  facet normal -0.5611842508692879 0.8276909064235732 0
    outer loop
      vertex 37.45661926269531 -37.71486282348633 0
      vertex 37.053916931152344 -37.98789978027344 3.799999713897705
      vertex 37.45661926269531 -37.71486282348633 3.799999713897705
    endloop
  endfacet
  facet normal -0.5611842508692879 0.8276909064235732 0
    outer loop
      vertex 37.053916931152344 -37.98789978027344 3.799999713897705
      vertex 37.45661926269531 -37.71486282348633 0
      vertex 37.053916931152344 -37.98789978027344 0
    endloop
  endfacet
  facet normal 0.9766204724587518 0.21497081842530213 0
    outer loop
      vertex 33.86778259277344 -36.71842956542969 3.799999713897705
      vertex 33.76319122314453 -36.24326705932617 0
      vertex 33.76319122314453 -36.24326705932617 3.799999713897705
    endloop
  endfacet
  facet normal 0.9766204724587518 0.21497081842530213 0
    outer loop
      vertex 33.76319122314453 -36.24326705932617 0
      vertex 33.86778259277344 -36.71842956542969 3.799999713897705
      vertex 33.86778259277344 -36.71842956542969 0
    endloop
  endfacet
  facet normal -0.16178178622315406 0.9868265570232925 0
    outer loop
      vertex 36.60193634033203 -38.16798782348633 0
      vertex 36.12181091308594 -38.246700286865234 3.799999713897705
      vertex 36.60193634033203 -38.16798782348633 3.799999713897705
    endloop
  endfacet
  facet normal -0.16178178622315406 0.9868265570232925 0
    outer loop
      vertex 36.12181091308594 -38.246700286865234 3.799999713897705
      vertex 36.60193634033203 -38.16798782348633 0
      vertex 36.12181091308594 -38.246700286865234 0
    endloop
  endfacet
  facet normal 0.46840638340397733 0.8835131351521641 0
    outer loop
      vertex 35.16719055175781 -38.0901985168457 0
      vertex 34.737327575683594 -37.862300872802734 3.799999713897705
      vertex 35.16719055175781 -38.0901985168457 3.799999713897705
    endloop
  endfacet
  facet normal 0.46840638340397733 0.8835131351521641 0
    outer loop
      vertex 34.737327575683594 -37.862300872802734 3.799999713897705
      vertex 35.16719055175781 -38.0901985168457 0
      vertex 34.737327575683594 -37.862300872802734 0
    endloop
  endfacet
  facet normal 0.6473852853878266 0.7621629040194243 0
    outer loop
      vertex 34.737327575683594 -37.862300872802734 0
      vertex 34.36650848388672 -37.547325134277344 3.799999713897705
      vertex 34.737327575683594 -37.862300872802734 3.799999713897705
    endloop
  endfacet
  facet normal 0.6473852853878266 0.7621629040194243 0
    outer loop
      vertex 34.36650848388672 -37.547325134277344 3.799999713897705
      vertex 34.737327575683594 -37.862300872802734 0
      vertex 34.36650848388672 -37.547325134277344 0
    endloop
  endfacet
  facet normal 0.9075769229099414 0.41988585234718534 0
    outer loop
      vertex 34.07207107543945 -37.159996032714844 3.799999713897705
      vertex 33.86778259277344 -36.71842956542969 0
      vertex 33.86778259277344 -36.71842956542969 3.799999713897705
    endloop
  endfacet
  facet normal 0.9075769229099414 0.41988585234718534 0
    outer loop
      vertex 33.86778259277344 -36.71842956542969 0
      vertex 34.07207107543945 -37.159996032714844 3.799999713897705
      vertex 34.07207107543945 -37.159996032714844 0
    endloop
  endfacet
  facet normal 0.2675278035596563 0.9635501410526315 0
    outer loop
      vertex 35.635990142822266 -38.220359802246094 0
      vertex 35.16719055175781 -38.0901985168457 3.799999713897705
      vertex 35.635990142822266 -38.220359802246094 3.799999713897705
    endloop
  endfacet
  facet normal 0.2675278035596563 0.9635501410526315 0
    outer loop
      vertex 35.16719055175781 -38.0901985168457 3.799999713897705
      vertex 35.635990142822266 -38.220359802246094 0
      vertex 35.16719055175781 -38.0901985168457 0
    endloop
  endfacet
  facet normal -0.9829737557256254 -0.1837460082686384 0
    outer loop
      vertex 39.96968078613281 -35.508445739746094 3.799999713897705
      vertex 39.879188537597656 -35.02434539794922 7.899999618530273
      vertex 39.879188537597656 -35.02434539794922 3.799999713897705
    endloop
  endfacet
  facet normal -0.9829737557256254 -0.1837460082686384 0
    outer loop
      vertex 39.879188537597656 -35.02434539794922 7.899999618530273
      vertex 39.96968078613281 -35.508445739746094 3.799999713897705
      vertex 39.96968078613281 -35.508445739746094 7.899999618530273
    endloop
  endfacet
  facet normal -0.6026315596513024 0.7980195507080254 0
    outer loop
      vertex 38.60247039794922 -39.037620544433594 3.799999713897705
      vertex 38.20945739746094 -39.334407806396484 7.899999618530273
      vertex 38.60247039794922 -39.037620544433594 7.899999618530273
    endloop
  endfacet
  facet normal -0.6026315596513024 0.7980195507080254 0
    outer loop
      vertex 38.20945739746094 -39.334407806396484 7.899999618530273
      vertex 38.60247039794922 -39.037620544433594 3.799999713897705
      vertex 38.20945739746094 -39.334407806396484 3.799999713897705
    endloop
  endfacet
  facet normal -0.9981031809082308 -0.061563302874936894 0
    outer loop
      vertex 40 -36 3.799999713897705
      vertex 39.96968078613281 -35.508445739746094 7.899999618530273
      vertex 39.96968078613281 -35.508445739746094 3.799999713897705
    endloop
  endfacet
  facet normal -0.9981031809082308 -0.061563302874936894 0
    outer loop
      vertex 39.96968078613281 -35.508445739746094 7.899999618530273
      vertex 40 -36 3.799999713897705
      vertex 40 -36 7.899999618530273
    endloop
  endfacet
  facet normal -0.9529413430005574 -0.3031547406858317 0
    outer loop
      vertex 39.879188537597656 -35.02434539794922 3.799999713897705
      vertex 39.729888916015625 -34.55503463745117 7.899999618530273
      vertex 39.729888916015625 -34.55503463745117 3.799999713897705
    endloop
  endfacet
  facet normal -0.9529413430005574 -0.3031547406858317 0
    outer loop
      vertex 39.729888916015625 -34.55503463745117 7.899999618530273
      vertex 39.879188537597656 -35.02434539794922 3.799999713897705
      vertex 39.879188537597656 -35.02434539794922 7.899999618530273
    endloop
  endfacet
  facet normal 0.7390084704556413 -0.6736961337241097 0
    outer loop
      vertex 32.8836784362793 -33.492305755615234 7.899999618530273
      vertex 33.2154655456543 -33.128353118896484 3.799999713897705
      vertex 33.2154655456543 -33.128353118896484 7.899999618530273
    endloop
  endfacet
  facet normal 0.7390084704556413 -0.6736961337241097 0
    outer loop
      vertex 33.2154655456543 -33.128353118896484 3.799999713897705
      vertex 32.8836784362793 -33.492305755615234 7.899999618530273
      vertex 32.8836784362793 -33.492305755615234 3.799999713897705
    endloop
  endfacet
  facet normal 0.8810109903044072 0.47309579892749826 0
    outer loop
      vertex 32.5991325378418 -38.10572814941406 7.899999618530273
      vertex 32.36613845825195 -37.67184066772461 3.799999713897705
      vertex 32.36613845825195 -37.67184066772461 7.899999618530273
    endloop
  endfacet
  facet normal 0.8810109903044072 0.47309579892749826 0
    outer loop
      vertex 32.36613845825195 -37.67184066772461 3.799999713897705
      vertex 32.5991325378418 -38.10572814941406 7.899999618530273
      vertex 32.5991325378418 -38.10572814941406 3.799999713897705
    endloop
  endfacet
  facet normal -0.9829737557256254 0.1837460082686384 0
    outer loop
      vertex 39.879188537597656 -36.97565460205078 3.799999713897705
      vertex 39.96968078613281 -36.491554260253906 7.899999618530273
      vertex 39.96968078613281 -36.491554260253906 3.799999713897705
    endloop
  endfacet
  facet normal -0.9829737557256254 0.1837460082686384 0
    outer loop
      vertex 39.96968078613281 -36.491554260253906 7.899999618530273
      vertex 39.879188537597656 -36.97565460205078 3.799999713897705
      vertex 39.879188537597656 -36.97565460205078 7.899999618530273
    endloop
  endfacet
  facet normal -0.15338936226572766 0.9881658279578956 0
    outer loop
      vertex 36.85573196411133 -39.90739440917969 3.799999713897705
      vertex 36.36907196044922 -39.98293685913086 7.899999618530273
      vertex 36.85573196411133 -39.90739440917969 7.899999618530273
    endloop
  endfacet
  facet normal -0.15338936226572766 0.9881658279578956 0
    outer loop
      vertex 36.36907196044922 -39.98293685913086 7.899999618530273
      vertex 36.85573196411133 -39.90739440917969 3.799999713897705
      vertex 36.36907196044922 -39.98293685913086 3.799999713897705
    endloop
  endfacet
  facet normal 0.3323549504865132 -0.9431543812585018 0
    outer loop
      vertex 34.44085693359375 -32.31637954711914 3.799999713897705
      vertex 34.90534973144531 -32.1526985168457 7.899999618530273
      vertex 34.44085693359375 -32.31637954711914 7.899999618530273
    endloop
  endfacet
  facet normal 0.3323549504865132 -0.9431543812585018 0
    outer loop
      vertex 34.90534973144531 -32.1526985168457 7.899999618530273
      vertex 34.44085693359375 -32.31637954711914 3.799999713897705
      vertex 34.90534973144531 -32.1526985168457 3.799999713897705
    endloop
  endfacet
  facet normal -0.9981031809082308 0.061563302874936894 0
    outer loop
      vertex 39.96968078613281 -36.491554260253906 3.799999713897705
      vertex 40 -36 7.899999618530273
      vertex 40 -36 3.799999713897705
    endloop
  endfacet
  facet normal -0.9981031809082308 0.061563302874936894 0
    outer loop
      vertex 40 -36 7.899999618530273
      vertex 39.96968078613281 -36.491554260253906 3.799999713897705
      vertex 39.96968078613281 -36.491554260253906 7.899999618530273
    endloop
  endfacet
  facet normal 0.552361752901918 -0.8336045189003718 0
    outer loop
      vertex 33.58946228027344 -32.80792999267578 3.799999713897705
      vertex 34 -32.5359001159668 7.899999618530273
      vertex 33.58946228027344 -32.80792999267578 7.899999618530273
    endloop
  endfacet
  facet normal 0.552361752901918 -0.8336045189003718 0
    outer loop
      vertex 34 -32.5359001159668 7.899999618530273
      vertex 33.58946228027344 -32.80792999267578 3.799999713897705
      vertex 34 -32.5359001159668 3.799999713897705
    endloop
  endfacet
  facet normal 1 0 0
    outer loop
      vertex 32.00758743286133 -36.24624252319336 7.899999618530273
      vertex 32.00758743286133 -35.75375747680664 3.799999713897705
      vertex 32.00758743286133 -35.75375747680664 7.899999618530273
    endloop
  endfacet
  facet normal 1 0 0
    outer loop
      vertex 32.00758743286133 -35.75375747680664 3.799999713897705
      vertex 32.00758743286133 -36.24624252319336 7.899999618530273
      vertex 32.00758743286133 -36.24624252319336 3.799999713897705
    endloop
  endfacet
  facet normal -0.7790814430762896 0.6269227265414506 0
    outer loop
      vertex 38.95603561401367 -38.69478225708008 3.799999713897705
      vertex 39.26478576660156 -38.31109619140625 7.899999618530273
      vertex 39.26478576660156 -38.31109619140625 3.799999713897705
    endloop
  endfacet
  facet normal -0.7790814430762896 0.6269227265414506 0
    outer loop
      vertex 39.26478576660156 -38.31109619140625 7.899999618530273
      vertex 38.95603561401367 -38.69478225708008 3.799999713897705
      vertex 38.95603561401367 -38.69478225708008 7.899999618530273
    endloop
  endfacet
  facet normal 0.9324732664324193 -0.36123898929774256 0
    outer loop
      vertex 32.188232421875 -34.787391662597656 7.899999618530273
      vertex 32.36613845825195 -34.32815933227539 3.799999713897705
      vertex 32.36613845825195 -34.32815933227539 7.899999618530273
    endloop
  endfacet
  facet normal 0.9324732664324193 -0.36123898929774256 0
    outer loop
      vertex 32.36613845825195 -34.32815933227539 3.799999713897705
      vertex 32.188232421875 -34.787391662597656 7.899999618530273
      vertex 32.188232421875 -34.787391662597656 3.799999713897705
    endloop
  endfacet
  facet normal -0.4999986975616453 -0.8660261557462675 0
    outer loop
      vertex 37.78295135498047 -32.419349670410156 3.799999713897705
      vertex 38.20945739746094 -32.665592193603516 7.899999618530273
      vertex 37.78295135498047 -32.419349670410156 7.899999618530273
    endloop
  endfacet
  facet normal -0.4999986975616453 -0.8660261557462675 0
    outer loop
      vertex 38.20945739746094 -32.665592193603516 7.899999618530273
      vertex 37.78295135498047 -32.419349670410156 3.799999713897705
      vertex 38.20945739746094 -32.665592193603516 3.799999713897705
    endloop
  endfacet
  facet normal -0.7790814430762896 -0.6269227265414506 0
    outer loop
      vertex 39.26478576660156 -33.68890380859375 3.799999713897705
      vertex 38.95603561401367 -33.30521774291992 7.899999618530273
      vertex 38.95603561401367 -33.30521774291992 3.799999713897705
    endloop
  endfacet
  facet normal -0.7790814430762896 -0.6269227265414506 0
    outer loop
      vertex 38.95603561401367 -33.30521774291992 7.899999618530273
      vertex 39.26478576660156 -33.68890380859375 3.799999713897705
      vertex 39.26478576660156 -33.68890380859375 7.899999618530273
    endloop
  endfacet
  facet normal -0.9084642778696526 -0.4179625052977487 0
    outer loop
      vertex 39.729888916015625 -34.55503463745117 3.799999713897705
      vertex 39.5240478515625 -34.107627868652344 7.899999618530273
      vertex 39.5240478515625 -34.107627868652344 3.799999713897705
    endloop
  endfacet
  facet normal -0.9084642778696526 -0.4179625052977487 0
    outer loop
      vertex 39.5240478515625 -34.107627868652344 7.899999618530273
      vertex 39.729888916015625 -34.55503463745117 3.799999713897705
      vertex 39.729888916015625 -34.55503463745117 7.899999618530273
    endloop
  endfacet
  facet normal 0.9697966034842238 -0.24391504232101632 0
    outer loop
      vertex 32.06810760498047 -35.2650032043457 7.899999618530273
      vertex 32.188232421875 -34.787391662597656 3.799999713897705
      vertex 32.188232421875 -34.787391662597656 7.899999618530273
    endloop
  endfacet
  facet normal 0.9697966034842238 -0.24391504232101632 0
    outer loop
      vertex 32.188232421875 -34.787391662597656 3.799999713897705
      vertex 32.06810760498047 -35.2650032043457 7.899999618530273
      vertex 32.06810760498047 -35.2650032043457 3.799999713897705
    endloop
  endfacet
  facet normal -0.696132408301272 -0.7179134140776806 0
    outer loop
      vertex 38.60247039794922 -32.962379455566406 3.799999713897705
      vertex 38.95603561401367 -33.30521774291992 7.899999618530273
      vertex 38.60247039794922 -32.962379455566406 7.899999618530273
    endloop
  endfacet
  facet normal -0.696132408301272 -0.7179134140776806 0
    outer loop
      vertex 38.95603561401367 -33.30521774291992 7.899999618530273
      vertex 38.60247039794922 -32.962379455566406 3.799999713897705
      vertex 38.95603561401367 -33.30521774291992 3.799999713897705
    endloop
  endfacet
  facet normal 0.7390084704556413 0.6736961337241097 0
    outer loop
      vertex 33.2154655456543 -38.871646881103516 7.899999618530273
      vertex 32.8836784362793 -38.507694244384766 3.799999713897705
      vertex 32.8836784362793 -38.507694244384766 7.899999618530273
    endloop
  endfacet
  facet normal 0.7390084704556413 0.6736961337241097 0
    outer loop
      vertex 32.8836784362793 -38.507694244384766 3.799999713897705
      vertex 33.2154655456543 -38.871646881103516 7.899999618530273
      vertex 33.2154655456543 -38.871646881103516 3.799999713897705
    endloop
  endfacet
  facet normal -0.696132408301272 0.7179134140776806 0
    outer loop
      vertex 38.95603561401367 -38.69478225708008 3.799999713897705
      vertex 38.60247039794922 -39.037620544433594 7.899999618530273
      vertex 38.95603561401367 -38.69478225708008 7.899999618530273
    endloop
  endfacet
  facet normal -0.696132408301272 0.7179134140776806 0
    outer loop
      vertex 38.60247039794922 -39.037620544433594 7.899999618530273
      vertex 38.95603561401367 -38.69478225708008 3.799999713897705
      vertex 38.60247039794922 -39.037620544433594 3.799999713897705
    endloop
  endfacet
  facet normal -0.8502179324010188 -0.5264308762066837 0
    outer loop
      vertex 39.5240478515625 -34.107627868652344 3.799999713897705
      vertex 39.26478576660156 -33.68890380859375 7.899999618530273
      vertex 39.26478576660156 -33.68890380859375 3.799999713897705
    endloop
  endfacet
  facet normal -0.8502179324010188 -0.5264308762066837 0
    outer loop
      vertex 39.26478576660156 -33.68890380859375 7.899999618530273
      vertex 39.5240478515625 -34.107627868652344 3.799999713897705
      vertex 39.5240478515625 -34.107627868652344 7.899999618530273
    endloop
  endfacet
  facet normal -0.9084642778696526 0.4179625052977487 0
    outer loop
      vertex 39.5240478515625 -37.892372131347656 3.799999713897705
      vertex 39.729888916015625 -37.44496536254883 7.899999618530273
      vertex 39.729888916015625 -37.44496536254883 3.799999713897705
    endloop
  endfacet
  facet normal -0.9084642778696526 0.4179625052977487 0
    outer loop
      vertex 39.729888916015625 -37.44496536254883 7.899999618530273
      vertex 39.5240478515625 -37.892372131347656 3.799999713897705
      vertex 39.5240478515625 -37.892372131347656 7.899999618530273
    endloop
  endfacet
  facet normal -0.6026315596513024 -0.7980195507080254 0
    outer loop
      vertex 38.20945739746094 -32.665592193603516 3.799999713897705
      vertex 38.60247039794922 -32.962379455566406 7.899999618530273
      vertex 38.20945739746094 -32.665592193603516 7.899999618530273
    endloop
  endfacet
  facet normal -0.6026315596513024 -0.7980195507080254 0
    outer loop
      vertex 38.60247039794922 -32.962379455566406 7.899999618530273
      vertex 38.20945739746094 -32.665592193603516 3.799999713897705
      vertex 38.60247039794922 -32.962379455566406 3.799999713897705
    endloop
  endfacet
  facet normal -0.27366622094976967 0.9618247239029946 0
    outer loop
      vertex 37.32941818237305 -39.77261734008789 3.799999713897705
      vertex 36.85573196411133 -39.90739440917969 7.899999618530273
      vertex 37.32941818237305 -39.77261734008789 7.899999618530273
    endloop
  endfacet
  facet normal -0.27366622094976967 0.9618247239029946 0
    outer loop
      vertex 36.85573196411133 -39.90739440917969 7.899999618530273
      vertex 37.32941818237305 -39.77261734008789 3.799999713897705
      vertex 36.85573196411133 -39.90739440917969 3.799999713897705
    endloop
  endfacet
  facet normal 0.21393180269708095 0.9768485981946113 0
    outer loop
      vertex 35.38643264770508 -39.952659606933594 3.799999713897705
      vertex 34.90534973144531 -39.8473014831543 7.899999618530273
      vertex 35.38643264770508 -39.952659606933594 7.899999618530273
    endloop
  endfacet
  facet normal 0.21393180269708095 0.9768485981946113 0
    outer loop
      vertex 34.90534973144531 -39.8473014831543 7.899999618530273
      vertex 35.38643264770508 -39.952659606933594 3.799999713897705
      vertex 34.90534973144531 -39.8473014831543 3.799999713897705
    endloop
  endfacet
  facet normal -0.27366622094976967 -0.9618247239029946 0
    outer loop
      vertex 36.85573196411133 -32.09260559082031 3.799999713897705
      vertex 37.32941818237305 -32.22738265991211 7.899999618530273
      vertex 36.85573196411133 -32.09260559082031 7.899999618530273
    endloop
  endfacet
  facet normal -0.27366622094976967 -0.9618247239029946 0
    outer loop
      vertex 37.32941818237305 -32.22738265991211 7.899999618530273
      vertex 36.85573196411133 -32.09260559082031 3.799999713897705
      vertex 37.32941818237305 -32.22738265991211 3.799999713897705
    endloop
  endfacet
  facet normal 0.552361752901918 0.8336045189003718 0
    outer loop
      vertex 34 -39.4640998840332 3.799999713897705
      vertex 33.58946228027344 -39.19207000732422 7.899999618530273
      vertex 34 -39.4640998840332 7.899999618530273
    endloop
  endfacet
  facet normal 0.552361752901918 0.8336045189003718 0
    outer loop
      vertex 33.58946228027344 -39.19207000732422 7.899999618530273
      vertex 34 -39.4640998840332 3.799999713897705
      vertex 33.58946228027344 -39.19207000732422 3.799999713897705
    endloop
  endfacet
  facet normal -0.9529413430005574 0.3031547406858317 0
    outer loop
      vertex 39.729888916015625 -37.44496536254883 3.799999713897705
      vertex 39.879188537597656 -36.97565460205078 7.899999618530273
      vertex 39.879188537597656 -36.97565460205078 3.799999713897705
    endloop
  endfacet
  facet normal -0.9529413430005574 0.3031547406858317 0
    outer loop
      vertex 39.879188537597656 -36.97565460205078 7.899999618530273
      vertex 39.729888916015625 -37.44496536254883 3.799999713897705
      vertex 39.729888916015625 -37.44496536254883 7.899999618530273
    endloop
  endfacet
  facet normal 0.09226761412297531 -0.9957342453607053 0
    outer loop
      vertex 35.38643264770508 -32.047340393066406 3.799999713897705
      vertex 35.8768196105957 -32.00189971923828 7.899999618530273
      vertex 35.38643264770508 -32.047340393066406 7.899999618530273
    endloop
  endfacet
  facet normal 0.09226761412297531 -0.9957342453607053 0
    outer loop
      vertex 35.8768196105957 -32.00189971923828 7.899999618530273
      vertex 35.38643264770508 -32.047340393066406 3.799999713897705
      vertex 35.8768196105957 -32.00189971923828 3.799999713897705
    endloop
  endfacet
  facet normal 0.21393180269708095 -0.9768485981946113 0
    outer loop
      vertex 34.90534973144531 -32.1526985168457 3.799999713897705
      vertex 35.38643264770508 -32.047340393066406 7.899999618530273
      vertex 34.90534973144531 -32.1526985168457 7.899999618530273
    endloop
  endfacet
  facet normal 0.21393180269708095 -0.9768485981946113 0
    outer loop
      vertex 35.38643264770508 -32.047340393066406 7.899999618530273
      vertex 34.90534973144531 -32.1526985168457 3.799999713897705
      vertex 35.38643264770508 -32.047340393066406 3.799999713897705
    endloop
  endfacet
  facet normal 0.8810109903044072 -0.47309579892749826 0
    outer loop
      vertex 32.36613845825195 -34.32815933227539 7.899999618530273
      vertex 32.5991325378418 -33.89427185058594 3.799999713897705
      vertex 32.5991325378418 -33.89427185058594 7.899999618530273
    endloop
  endfacet
  facet normal 0.8810109903044072 -0.47309579892749826 0
    outer loop
      vertex 32.5991325378418 -33.89427185058594 3.799999713897705
      vertex 32.36613845825195 -34.32815933227539 7.899999618530273
      vertex 32.36613845825195 -34.32815933227539 3.799999713897705
    endloop
  endfacet
  facet normal -0.030789558430206507 0.9995258891552901 0
    outer loop
      vertex 36.36907196044922 -39.98293685913086 3.799999713897705
      vertex 35.8768196105957 -39.99810028076172 7.899999618530273
      vertex 36.36907196044922 -39.98293685913086 7.899999618530273
    endloop
  endfacet
  facet normal -0.030789558430206507 0.9995258891552901 0
    outer loop
      vertex 35.8768196105957 -39.99810028076172 7.899999618530273
      vertex 36.36907196044922 -39.98293685913086 3.799999713897705
      vertex 35.8768196105957 -39.99810028076172 3.799999713897705
    endloop
  endfacet
  facet normal 0.9324732664324193 0.36123898929774256 0
    outer loop
      vertex 32.36613845825195 -37.67184066772461 7.899999618530273
      vertex 32.188232421875 -37.212608337402344 3.799999713897705
      vertex 32.188232421875 -37.212608337402344 7.899999618530273
    endloop
  endfacet
  facet normal 0.9324732664324193 0.36123898929774256 0
    outer loop
      vertex 32.188232421875 -37.212608337402344 3.799999713897705
      vertex 32.36613845825195 -37.67184066772461 7.899999618530273
      vertex 32.36613845825195 -37.67184066772461 3.799999713897705
    endloop
  endfacet
  facet normal -0.389790838786978 -0.9209034162156986 0
    outer loop
      vertex 37.32941818237305 -32.22738265991211 3.799999713897705
      vertex 37.78295135498047 -32.419349670410156 7.899999618530273
      vertex 37.32941818237305 -32.22738265991211 7.899999618530273
    endloop
  endfacet
  facet normal -0.389790838786978 -0.9209034162156986 0
    outer loop
      vertex 37.78295135498047 -32.419349670410156 7.899999618530273
      vertex 37.32941818237305 -32.22738265991211 3.799999713897705
      vertex 37.78295135498047 -32.419349670410156 3.799999713897705
    endloop
  endfacet
  facet normal -0.4999986975616453 0.8660261557462675 0
    outer loop
      vertex 38.20945739746094 -39.334407806396484 3.799999713897705
      vertex 37.78295135498047 -39.580650329589844 7.899999618530273
      vertex 38.20945739746094 -39.334407806396484 7.899999618530273
    endloop
  endfacet
  facet normal -0.4999986975616453 0.8660261557462675 0
    outer loop
      vertex 37.78295135498047 -39.580650329589844 7.899999618530273
      vertex 38.20945739746094 -39.334407806396484 3.799999713897705
      vertex 37.78295135498047 -39.580650329589844 3.799999713897705
    endloop
  endfacet
  facet normal -0.030789558430206507 -0.9995258891552901 0
    outer loop
      vertex 35.8768196105957 -32.00189971923828 3.799999713897705
      vertex 36.36907196044922 -32.01706314086914 7.899999618530273
      vertex 35.8768196105957 -32.00189971923828 7.899999618530273
    endloop
  endfacet
  facet normal -0.030789558430206507 -0.9995258891552901 0
    outer loop
      vertex 36.36907196044922 -32.01706314086914 7.899999618530273
      vertex 35.8768196105957 -32.00189971923828 3.799999713897705
      vertex 36.36907196044922 -32.01706314086914 3.799999713897705
    endloop
  endfacet
  facet normal -0.389790838786978 0.9209034162156986 0
    outer loop
      vertex 37.78295135498047 -39.580650329589844 3.799999713897705
      vertex 37.32941818237305 -39.77261734008789 7.899999618530273
      vertex 37.78295135498047 -39.580650329589844 7.899999618530273
    endloop
  endfacet
  facet normal -0.389790838786978 0.9209034162156986 0
    outer loop
      vertex 37.32941818237305 -39.77261734008789 7.899999618530273
      vertex 37.78295135498047 -39.580650329589844 3.799999713897705
      vertex 37.32941818237305 -39.77261734008789 3.799999713897705
    endloop
  endfacet
  facet normal 0.9924206885904562 0.12288684574699188 0
    outer loop
      vertex 32.06810760498047 -36.7349967956543 7.899999618530273
      vertex 32.00758743286133 -36.24624252319336 3.799999713897705
      vertex 32.00758743286133 -36.24624252319336 7.899999618530273
    endloop
  endfacet
  facet normal 0.9924206885904562 0.12288684574699188 0
    outer loop
      vertex 32.00758743286133 -36.24624252319336 3.799999713897705
      vertex 32.06810760498047 -36.7349967956543 7.899999618530273
      vertex 32.06810760498047 -36.7349967956543 3.799999713897705
    endloop
  endfacet
  facet normal 0.816196920637818 -0.5777738197091866 0
    outer loop
      vertex 32.5991325378418 -33.89427185058594 7.899999618530273
      vertex 32.8836784362793 -33.492305755615234 3.799999713897705
      vertex 32.8836784362793 -33.492305755615234 7.899999618530273
    endloop
  endfacet
  facet normal 0.816196920637818 -0.5777738197091866 0
    outer loop
      vertex 32.8836784362793 -33.492305755615234 3.799999713897705
      vertex 32.5991325378418 -33.89427185058594 7.899999618530273
      vertex 32.5991325378418 -33.89427185058594 3.799999713897705
    endloop
  endfacet
  facet normal 0.44573819258379715 0.8951633726153733 0
    outer loop
      vertex 34.44085693359375 -39.68362045288086 3.799999713897705
      vertex 34 -39.4640998840332 7.899999618530273
      vertex 34.44085693359375 -39.68362045288086 7.899999618530273
    endloop
  endfacet
  facet normal 0.44573819258379715 0.8951633726153733 0
    outer loop
      vertex 34 -39.4640998840332 7.899999618530273
      vertex 34.44085693359375 -39.68362045288086 3.799999713897705
      vertex 34 -39.4640998840332 3.799999713897705
    endloop
  endfacet
  facet normal 0.6506210413741331 0.7594025681555459 0
    outer loop
      vertex 33.58946228027344 -39.19207000732422 3.799999713897705
      vertex 33.2154655456543 -38.871646881103516 7.899999618530273
      vertex 33.58946228027344 -39.19207000732422 7.899999618530273
    endloop
  endfacet
  facet normal 0.6506210413741331 0.7594025681555459 0
    outer loop
      vertex 33.2154655456543 -38.871646881103516 7.899999618530273
      vertex 33.58946228027344 -39.19207000732422 3.799999713897705
      vertex 33.2154655456543 -38.871646881103516 3.799999713897705
    endloop
  endfacet
  facet normal 0 0 1
    outer loop
      vertex 38.25 -36 3.799999713897705
      vertex 40 -36 3.799999713897705
      vertex 39.96968078613281 -35.508445739746094 3.799999713897705
    endloop
  endfacet
  facet normal 0 0 1
    outer loop
      vertex 38.19739532470703 -35.516319274902344 3.799999713897705
      vertex 39.96968078613281 -35.508445739746094 3.799999713897705
      vertex 39.879188537597656 -35.02434539794922 3.799999713897705
    endloop
  endfacet
  facet normal 0 0 1
    outer loop
      vertex 40 -36 3.799999713897705
      vertex 38.25 -36 3.799999713897705
      vertex 39.96968078613281 -36.491554260253906 3.799999713897705
    endloop
  endfacet
  facet normal 0 0 1
    outer loop
      vertex 38.19739532470703 -35.516319274902344 3.799999713897705
      vertex 39.879188537597656 -35.02434539794922 3.799999713897705
      vertex 39.729888916015625 -34.55503463745117 3.799999713897705
    endloop
  endfacet
  facet normal 0 0 1
    outer loop
      vertex 38.19739532470703 -36.483680725097656 3.799999713897705
      vertex 39.96968078613281 -36.491554260253906 3.799999713897705
      vertex 38.25 -36 3.799999713897705
    endloop
  endfacet
  facet normal 0 0 1
    outer loop
      vertex 38.04204559326172 -35.05525207519531 3.799999713897705
      vertex 39.729888916015625 -34.55503463745117 3.799999713897705
      vertex 39.5240478515625 -34.107627868652344 3.799999713897705
    endloop
  endfacet
  facet normal 0 0 1
    outer loop
      vertex 39.96968078613281 -36.491554260253906 3.799999713897705
      vertex 38.19739532470703 -36.483680725097656 3.799999713897705
      vertex 39.879188537597656 -36.97565460205078 3.799999713897705
    endloop
  endfacet
  facet normal 0 0 1
    outer loop
      vertex 37.79121017456055 -34.63835906982422 3.799999713897705
      vertex 39.5240478515625 -34.107627868652344 3.799999713897705
      vertex 39.26478576660156 -33.68890380859375 3.799999713897705
    endloop
  endfacet
  facet normal 0 0 1
    outer loop
      vertex 39.879188537597656 -36.97565460205078 3.799999713897705
      vertex 38.19739532470703 -36.483680725097656 3.799999713897705
      vertex 39.729888916015625 -37.44496536254883 3.799999713897705
    endloop
  endfacet
  facet normal 0 0 1
    outer loop
      vertex 37.79121017456055 -34.63835906982422 3.799999713897705
      vertex 39.26478576660156 -33.68890380859375 3.799999713897705
      vertex 38.95603561401367 -33.30521774291992 3.799999713897705
    endloop
  endfacet
  facet normal 0 0 1
    outer loop
      vertex 38.04204559326172 -36.94474792480469 3.799999713897705
      vertex 39.729888916015625 -37.44496536254883 3.799999713897705
      vertex 38.19739532470703 -36.483680725097656 3.799999713897705
    endloop
  endfacet
  facet normal 0 0 1
    outer loop
      vertex 37.45661926269531 -34.28513717651367 3.799999713897705
      vertex 38.95603561401367 -33.30521774291992 3.799999713897705
      vertex 38.60247039794922 -32.962379455566406 3.799999713897705
    endloop
  endfacet
  facet normal 0 0 1
    outer loop
      vertex 39.729888916015625 -37.44496536254883 3.799999713897705
      vertex 38.04204559326172 -36.94474792480469 3.799999713897705
      vertex 39.5240478515625 -37.892372131347656 3.799999713897705
    endloop
  endfacet
  facet normal 0 0 1
    outer loop
      vertex 37.79121017456055 -37.36164093017578 3.799999713897705
      vertex 39.5240478515625 -37.892372131347656 3.799999713897705
      vertex 38.04204559326172 -36.94474792480469 3.799999713897705
    endloop
  endfacet
  facet normal 0 0 1
    outer loop
      vertex 37.45661926269531 -34.28513717651367 3.799999713897705
      vertex 38.60247039794922 -32.962379455566406 3.799999713897705
      vertex 38.20945739746094 -32.665592193603516 3.799999713897705
    endloop
  endfacet
  facet normal 0 0 1
    outer loop
      vertex 39.96968078613281 -35.508445739746094 3.799999713897705
      vertex 38.19739532470703 -35.516319274902344 3.799999713897705
      vertex 38.25 -36 3.799999713897705
    endloop
  endfacet
  facet normal 0 0 1
    outer loop
      vertex 39.729888916015625 -34.55503463745117 3.799999713897705
      vertex 38.04204559326172 -35.05525207519531 3.799999713897705
      vertex 38.19739532470703 -35.516319274902344 3.799999713897705
    endloop
  endfacet
  facet normal 0 0 1
    outer loop
      vertex 39.5240478515625 -34.107627868652344 3.799999713897705
      vertex 37.79121017456055 -34.63835906982422 3.799999713897705
      vertex 38.04204559326172 -35.05525207519531 3.799999713897705
    endloop
  endfacet
  facet normal 0 0 1
    outer loop
      vertex 37.053916931152344 -34.01210021972656 3.799999713897705
      vertex 38.20945739746094 -32.665592193603516 3.799999713897705
      vertex 37.78295135498047 -32.419349670410156 3.799999713897705
    endloop
  endfacet
  facet normal 0 0 1
    outer loop
      vertex 38.95603561401367 -33.30521774291992 3.799999713897705
      vertex 37.45661926269531 -34.28513717651367 3.799999713897705
      vertex 37.79121017456055 -34.63835906982422 3.799999713897705
    endloop
  endfacet
  facet normal 0 0 1
    outer loop
      vertex 37.053916931152344 -34.01210021972656 3.799999713897705
      vertex 37.78295135498047 -32.419349670410156 3.799999713897705
      vertex 37.32941818237305 -32.22738265991211 3.799999713897705
    endloop
  endfacet
  facet normal 0 0 1
    outer loop
      vertex 38.20945739746094 -32.665592193603516 3.799999713897705
      vertex 37.053916931152344 -34.01210021972656 3.799999713897705
      vertex 37.45661926269531 -34.28513717651367 3.799999713897705
    endloop
  endfacet
  facet normal 0 0 1
    outer loop
      vertex 36.60193634033203 -33.83201217651367 3.799999713897705
      vertex 37.32941818237305 -32.22738265991211 3.799999713897705
      vertex 36.85573196411133 -32.09260559082031 3.799999713897705
    endloop
  endfacet
  facet normal 0 0 1
    outer loop
      vertex 37.32941818237305 -32.22738265991211 3.799999713897705
      vertex 36.60193634033203 -33.83201217651367 3.799999713897705
      vertex 37.053916931152344 -34.01210021972656 3.799999713897705
    endloop
  endfacet
  facet normal 0 0 1
    outer loop
      vertex 36.12181091308594 -33.753299713134766 3.799999713897705
      vertex 36.85573196411133 -32.09260559082031 3.799999713897705
      vertex 36.36907196044922 -32.01706314086914 3.799999713897705
    endloop
  endfacet
  facet normal 0 0 1
    outer loop
      vertex 36.85573196411133 -32.09260559082031 3.799999713897705
      vertex 36.12181091308594 -33.753299713134766 3.799999713897705
      vertex 36.60193634033203 -33.83201217651367 3.799999713897705
    endloop
  endfacet
  facet normal 0 0 1
    outer loop
      vertex 35.8768196105957 -32.00189971923828 3.799999713897705
      vertex 36.12181091308594 -33.753299713134766 3.799999713897705
      vertex 36.36907196044922 -32.01706314086914 3.799999713897705
    endloop
  endfacet
  facet normal 0 0 1
    outer loop
      vertex 35.8768196105957 -32.00189971923828 3.799999713897705
      vertex 35.635990142822266 -33.779640197753906 3.799999713897705
      vertex 36.12181091308594 -33.753299713134766 3.799999713897705
    endloop
  endfacet
  facet normal 0 0 1
    outer loop
      vertex 35.38643264770508 -32.047340393066406 3.799999713897705
      vertex 35.635990142822266 -33.779640197753906 3.799999713897705
      vertex 35.8768196105957 -32.00189971923828 3.799999713897705
    endloop
  endfacet
  facet normal 0 0 1
    outer loop
      vertex 34.90534973144531 -32.1526985168457 3.799999713897705
      vertex 35.635990142822266 -33.779640197753906 3.799999713897705
      vertex 35.38643264770508 -32.047340393066406 3.799999713897705
    endloop
  endfacet
  facet normal 0 0 1
    outer loop
      vertex 35.635990142822266 -33.779640197753906 3.799999713897705
      vertex 34.90534973144531 -32.1526985168457 3.799999713897705
      vertex 35.16719055175781 -33.9098014831543 3.799999713897705
    endloop
  endfacet
  facet normal 0 0 1
    outer loop
      vertex 34.44085693359375 -32.31637954711914 3.799999713897705
      vertex 35.16719055175781 -33.9098014831543 3.799999713897705
      vertex 34.90534973144531 -32.1526985168457 3.799999713897705
    endloop
  endfacet
  facet normal 0 0 1
    outer loop
      vertex 34 -32.5359001159668 3.799999713897705
      vertex 35.16719055175781 -33.9098014831543 3.799999713897705
      vertex 34.44085693359375 -32.31637954711914 3.799999713897705
    endloop
  endfacet
  facet normal 0 0 1
    outer loop
      vertex 35.16719055175781 -33.9098014831543 3.799999713897705
      vertex 34 -32.5359001159668 3.799999713897705
      vertex 34.737327575683594 -34.137699127197266 3.799999713897705
    endloop
  endfacet
  facet normal 0 0 1
    outer loop
      vertex 33.58946228027344 -32.80792999267578 3.799999713897705
      vertex 34.737327575683594 -34.137699127197266 3.799999713897705
      vertex 34 -32.5359001159668 3.799999713897705
    endloop
  endfacet
  facet normal 0 0 1
    outer loop
      vertex 34.737327575683594 -34.137699127197266 3.799999713897705
      vertex 33.58946228027344 -32.80792999267578 3.799999713897705
      vertex 34.36650848388672 -34.452674865722656 3.799999713897705
    endloop
  endfacet
  facet normal 0 0 1
    outer loop
      vertex 33.2154655456543 -33.128353118896484 3.799999713897705
      vertex 34.36650848388672 -34.452674865722656 3.799999713897705
      vertex 33.58946228027344 -32.80792999267578 3.799999713897705
    endloop
  endfacet
  facet normal 0 0 1
    outer loop
      vertex 32.8836784362793 -33.492305755615234 3.799999713897705
      vertex 34.36650848388672 -34.452674865722656 3.799999713897705
      vertex 33.2154655456543 -33.128353118896484 3.799999713897705
    endloop
  endfacet
  facet normal 0 0 1
    outer loop
      vertex 32.5991325378418 -33.89427185058594 3.799999713897705
      vertex 34.07207107543945 -34.840003967285156 3.799999713897705
      vertex 32.8836784362793 -33.492305755615234 3.799999713897705
    endloop
  endfacet
  facet normal 0 0 1
    outer loop
      vertex 34.36650848388672 -34.452674865722656 3.799999713897705
      vertex 32.8836784362793 -33.492305755615234 3.799999713897705
      vertex 34.07207107543945 -34.840003967285156 3.799999713897705
    endloop
  endfacet
  facet normal 0 0 1
    outer loop
      vertex 39.5240478515625 -37.892372131347656 3.799999713897705
      vertex 37.79121017456055 -37.36164093017578 3.799999713897705
      vertex 39.26478576660156 -38.31109619140625 3.799999713897705
    endloop
  endfacet
  facet normal 0 0 1
    outer loop
      vertex 39.26478576660156 -38.31109619140625 3.799999713897705
      vertex 37.79121017456055 -37.36164093017578 3.799999713897705
      vertex 38.95603561401367 -38.69478225708008 3.799999713897705
    endloop
  endfacet
  facet normal 0 0 1
    outer loop
      vertex 37.45661926269531 -37.71486282348633 3.799999713897705
      vertex 38.95603561401367 -38.69478225708008 3.799999713897705
      vertex 37.79121017456055 -37.36164093017578 3.799999713897705
    endloop
  endfacet
  facet normal 0 0 1
    outer loop
      vertex 38.95603561401367 -38.69478225708008 3.799999713897705
      vertex 37.45661926269531 -37.71486282348633 3.799999713897705
      vertex 38.60247039794922 -39.037620544433594 3.799999713897705
    endloop
  endfacet
  facet normal 0 0 1
    outer loop
      vertex 38.60247039794922 -39.037620544433594 3.799999713897705
      vertex 37.45661926269531 -37.71486282348633 3.799999713897705
      vertex 38.20945739746094 -39.334407806396484 3.799999713897705
    endloop
  endfacet
  facet normal 0 0 1
    outer loop
      vertex 37.053916931152344 -37.98789978027344 3.799999713897705
      vertex 38.20945739746094 -39.334407806396484 3.799999713897705
      vertex 37.45661926269531 -37.71486282348633 3.799999713897705
    endloop
  endfacet
  facet normal 0 0 1
    outer loop
      vertex 38.20945739746094 -39.334407806396484 3.799999713897705
      vertex 37.053916931152344 -37.98789978027344 3.799999713897705
      vertex 37.78295135498047 -39.580650329589844 3.799999713897705
    endloop
  endfacet
  facet normal 0 0 1
    outer loop
      vertex 37.78295135498047 -39.580650329589844 3.799999713897705
      vertex 37.053916931152344 -37.98789978027344 3.799999713897705
      vertex 37.32941818237305 -39.77261734008789 3.799999713897705
    endloop
  endfacet
  facet normal 0 0 1
    outer loop
      vertex 36.60193634033203 -38.16798782348633 3.799999713897705
      vertex 37.32941818237305 -39.77261734008789 3.799999713897705
      vertex 37.053916931152344 -37.98789978027344 3.799999713897705
    endloop
  endfacet
  facet normal 0 0 1
    outer loop
      vertex 37.32941818237305 -39.77261734008789 3.799999713897705
      vertex 36.60193634033203 -38.16798782348633 3.799999713897705
      vertex 36.85573196411133 -39.90739440917969 3.799999713897705
    endloop
  endfacet
  facet normal 0 0 1
    outer loop
      vertex 36.12181091308594 -38.246700286865234 3.799999713897705
      vertex 36.85573196411133 -39.90739440917969 3.799999713897705
      vertex 36.60193634033203 -38.16798782348633 3.799999713897705
    endloop
  endfacet
  facet normal 0 0 1
    outer loop
      vertex 36.85573196411133 -39.90739440917969 3.799999713897705
      vertex 36.12181091308594 -38.246700286865234 3.799999713897705
      vertex 36.36907196044922 -39.98293685913086 3.799999713897705
    endloop
  endfacet
  facet normal 0 0 1
    outer loop
      vertex 36.12181091308594 -38.246700286865234 3.799999713897705
      vertex 35.8768196105957 -39.99810028076172 3.799999713897705
      vertex 36.36907196044922 -39.98293685913086 3.799999713897705
    endloop
  endfacet
  facet normal 0 0 1
    outer loop
      vertex 35.635990142822266 -38.220359802246094 3.799999713897705
      vertex 35.8768196105957 -39.99810028076172 3.799999713897705
      vertex 36.12181091308594 -38.246700286865234 3.799999713897705
    endloop
  endfacet
  facet normal 0 0 1
    outer loop
      vertex 35.635990142822266 -38.220359802246094 3.799999713897705
      vertex 35.38643264770508 -39.952659606933594 3.799999713897705
      vertex 35.8768196105957 -39.99810028076172 3.799999713897705
    endloop
  endfacet
  facet normal 0 0 1
    outer loop
      vertex 34.90534973144531 -39.8473014831543 3.799999713897705
      vertex 35.635990142822266 -38.220359802246094 3.799999713897705
      vertex 35.16719055175781 -38.0901985168457 3.799999713897705
    endloop
  endfacet
  facet normal 0 0 1
    outer loop
      vertex 35.635990142822266 -38.220359802246094 3.799999713897705
      vertex 34.90534973144531 -39.8473014831543 3.799999713897705
      vertex 35.38643264770508 -39.952659606933594 3.799999713897705
    endloop
  endfacet
  facet normal 0 0 1
    outer loop
      vertex 34 -39.4640998840332 3.799999713897705
      vertex 35.16719055175781 -38.0901985168457 3.799999713897705
      vertex 34.737327575683594 -37.862300872802734 3.799999713897705
    endloop
  endfacet
  facet normal 0 0 1
    outer loop
      vertex 35.16719055175781 -38.0901985168457 3.799999713897705
      vertex 34.44085693359375 -39.68362045288086 3.799999713897705
      vertex 34.90534973144531 -39.8473014831543 3.799999713897705
    endloop
  endfacet
  facet normal 0 0 1
    outer loop
      vertex 33.58946228027344 -39.19207000732422 3.799999713897705
      vertex 34.737327575683594 -37.862300872802734 3.799999713897705
      vertex 34.36650848388672 -37.547325134277344 3.799999713897705
    endloop
  endfacet
  facet normal 0 0 1
    outer loop
      vertex 32.8836784362793 -38.507694244384766 3.799999713897705
      vertex 34.36650848388672 -37.547325134277344 3.799999713897705
      vertex 34.07207107543945 -37.159996032714844 3.799999713897705
    endloop
  endfacet
  facet normal 0 0 1
    outer loop
      vertex 35.16719055175781 -38.0901985168457 3.799999713897705
      vertex 34 -39.4640998840332 3.799999713897705
      vertex 34.44085693359375 -39.68362045288086 3.799999713897705
    endloop
  endfacet
  facet normal 0 0 1
    outer loop
      vertex 32.36613845825195 -37.67184066772461 3.799999713897705
      vertex 34.07207107543945 -37.159996032714844 3.799999713897705
      vertex 33.86778259277344 -36.71842956542969 3.799999713897705
    endloop
  endfacet
  facet normal 0 0 1
    outer loop
      vertex 32.06810760498047 -36.7349967956543 3.799999713897705
      vertex 33.86778259277344 -36.71842956542969 3.799999713897705
      vertex 33.76319122314453 -36.24326705932617 3.799999713897705
    endloop
  endfacet
  facet normal 0 0 1
    outer loop
      vertex 34.737327575683594 -37.862300872802734 3.799999713897705
      vertex 33.58946228027344 -39.19207000732422 3.799999713897705
      vertex 34 -39.4640998840332 3.799999713897705
    endloop
  endfacet
  facet normal 0 0 1
    outer loop
      vertex 32.36613845825195 -34.32815933227539 3.799999713897705
      vertex 34.07207107543945 -34.840003967285156 3.799999713897705
      vertex 32.5991325378418 -33.89427185058594 3.799999713897705
    endloop
  endfacet
  facet normal 0 0 1
    outer loop
      vertex 34.07207107543945 -34.840003967285156 3.799999713897705
      vertex 32.36613845825195 -34.32815933227539 3.799999713897705
      vertex 33.86778259277344 -35.28157043457031 3.799999713897705
    endloop
  endfacet
  facet normal 0 0 1
    outer loop
      vertex 34.36650848388672 -37.547325134277344 3.799999713897705
      vertex 33.2154655456543 -38.871646881103516 3.799999713897705
      vertex 33.58946228027344 -39.19207000732422 3.799999713897705
    endloop
  endfacet
  facet normal 0 0 1
    outer loop
      vertex 32.188232421875 -34.787391662597656 3.799999713897705
      vertex 33.86778259277344 -35.28157043457031 3.799999713897705
      vertex 32.36613845825195 -34.32815933227539 3.799999713897705
    endloop
  endfacet
  facet normal 0 0 1
    outer loop
      vertex 34.36650848388672 -37.547325134277344 3.799999713897705
      vertex 32.8836784362793 -38.507694244384766 3.799999713897705
      vertex 33.2154655456543 -38.871646881103516 3.799999713897705
    endloop
  endfacet
  facet normal 0 0 1
    outer loop
      vertex 32.06810760498047 -35.2650032043457 3.799999713897705
      vertex 33.86778259277344 -35.28157043457031 3.799999713897705
      vertex 32.188232421875 -34.787391662597656 3.799999713897705
    endloop
  endfacet
  facet normal 0 0 1
    outer loop
      vertex 34.07207107543945 -37.159996032714844 3.799999713897705
      vertex 32.5991325378418 -38.10572814941406 3.799999713897705
      vertex 32.8836784362793 -38.507694244384766 3.799999713897705
    endloop
  endfacet
  facet normal 0 0 1
    outer loop
      vertex 33.86778259277344 -35.28157043457031 3.799999713897705
      vertex 32.06810760498047 -35.2650032043457 3.799999713897705
      vertex 33.76319122314453 -35.75673294067383 3.799999713897705
    endloop
  endfacet
  facet normal 0 0 1
    outer loop
      vertex 34.07207107543945 -37.159996032714844 3.799999713897705
      vertex 32.36613845825195 -37.67184066772461 3.799999713897705
      vertex 32.5991325378418 -38.10572814941406 3.799999713897705
    endloop
  endfacet
  facet normal 0 0 1
    outer loop
      vertex 32.00758743286133 -35.75375747680664 3.799999713897705
      vertex 33.76319122314453 -35.75673294067383 3.799999713897705
      vertex 32.06810760498047 -35.2650032043457 3.799999713897705
    endloop
  endfacet
  facet normal 0 0 1
    outer loop
      vertex 33.86778259277344 -36.71842956542969 3.799999713897705
      vertex 32.188232421875 -37.212608337402344 3.799999713897705
      vertex 32.36613845825195 -37.67184066772461 3.799999713897705
    endloop
  endfacet
  facet normal 0 0 1
    outer loop
      vertex 33.76319122314453 -35.75673294067383 3.799999713897705
      vertex 32.00758743286133 -35.75375747680664 3.799999713897705
      vertex 33.76319122314453 -36.24326705932617 3.799999713897705
    endloop
  endfacet
  facet normal 0 0 1
    outer loop
      vertex 33.86778259277344 -36.71842956542969 3.799999713897705
      vertex 32.06810760498047 -36.7349967956543 3.799999713897705
      vertex 32.188232421875 -37.212608337402344 3.799999713897705
    endloop
  endfacet
  facet normal 0 0 1
    outer loop
      vertex 32.00758743286133 -36.24624252319336 3.799999713897705
      vertex 33.76319122314453 -36.24326705932617 3.799999713897705
      vertex 32.00758743286133 -35.75375747680664 3.799999713897705
    endloop
  endfacet
  facet normal 0 0 1
    outer loop
      vertex 33.76319122314453 -36.24326705932617 3.799999713897705
      vertex 32.00758743286133 -36.24624252319336 3.799999713897705
      vertex 32.06810760498047 -36.7349967956543 3.799999713897705
    endloop
  endfacet
  facet normal 0.3323549504865132 0.9431543812585018 0
    outer loop
      vertex 34.90534973144531 -39.8473014831543 3.799999713897705
      vertex 34.44085693359375 -39.68362045288086 7.899999618530273
      vertex 34.90534973144531 -39.8473014831543 7.899999618530273
    endloop
  endfacet
  facet normal 0.3323549504865132 0.9431543812585018 0
    outer loop
      vertex 34.44085693359375 -39.68362045288086 7.899999618530273
      vertex 34.90534973144531 -39.8473014831543 3.799999713897705
      vertex 34.44085693359375 -39.68362045288086 3.799999713897705
    endloop
  endfacet
  facet normal -0.8502179324010188 0.5264308762066837 0
    outer loop
      vertex 39.26478576660156 -38.31109619140625 3.799999713897705
      vertex 39.5240478515625 -37.892372131347656 7.899999618530273
      vertex 39.5240478515625 -37.892372131347656 3.799999713897705
    endloop
  endfacet
  facet normal -0.8502179324010188 0.5264308762066837 0
    outer loop
      vertex 39.5240478515625 -37.892372131347656 7.899999618530273
      vertex 39.26478576660156 -38.31109619140625 3.799999713897705
      vertex 39.26478576660156 -38.31109619140625 7.899999618530273
    endloop
  endfacet
  facet normal -0.15338936226572766 -0.9881658279578956 0
    outer loop
      vertex 36.36907196044922 -32.01706314086914 3.799999713897705
      vertex 36.85573196411133 -32.09260559082031 7.899999618530273
      vertex 36.36907196044922 -32.01706314086914 7.899999618530273
    endloop
  endfacet
  facet normal -0.15338936226572766 -0.9881658279578956 0
    outer loop
      vertex 36.85573196411133 -32.09260559082031 7.899999618530273
      vertex 36.36907196044922 -32.01706314086914 3.799999713897705
      vertex 36.85573196411133 -32.09260559082031 3.799999713897705
    endloop
  endfacet
  facet normal 0.44573819258379715 -0.8951633726153733 0
    outer loop
      vertex 34 -32.5359001159668 3.799999713897705
      vertex 34.44085693359375 -32.31637954711914 7.899999618530273
      vertex 34 -32.5359001159668 7.899999618530273
    endloop
  endfacet
  facet normal 0.44573819258379715 -0.8951633726153733 0
    outer loop
      vertex 34.44085693359375 -32.31637954711914 7.899999618530273
      vertex 34 -32.5359001159668 3.799999713897705
      vertex 34.44085693359375 -32.31637954711914 3.799999713897705
    endloop
  endfacet
  facet normal 0.9697966034842238 0.24391504232101632 0
    outer loop
      vertex 32.188232421875 -37.212608337402344 7.899999618530273
      vertex 32.06810760498047 -36.7349967956543 3.799999713897705
      vertex 32.06810760498047 -36.7349967956543 7.899999618530273
    endloop
  endfacet
  facet normal 0.9697966034842238 0.24391504232101632 0
    outer loop
      vertex 32.06810760498047 -36.7349967956543 3.799999713897705
      vertex 32.188232421875 -37.212608337402344 7.899999618530273
      vertex 32.188232421875 -37.212608337402344 3.799999713897705
    endloop
  endfacet
  facet normal 0.6506210413741331 -0.7594025681555459 0
    outer loop
      vertex 33.2154655456543 -33.128353118896484 3.799999713897705
      vertex 33.58946228027344 -32.80792999267578 7.899999618530273
      vertex 33.2154655456543 -33.128353118896484 7.899999618530273
    endloop
  endfacet
  facet normal 0.6506210413741331 -0.7594025681555459 0
    outer loop
      vertex 33.58946228027344 -32.80792999267578 7.899999618530273
      vertex 33.2154655456543 -33.128353118896484 3.799999713897705
      vertex 33.58946228027344 -32.80792999267578 3.799999713897705
    endloop
  endfacet
  facet normal 0.9924206885904562 -0.12288684574699188 0
    outer loop
      vertex 32.00758743286133 -35.75375747680664 7.899999618530273
      vertex 32.06810760498047 -35.2650032043457 3.799999713897705
      vertex 32.06810760498047 -35.2650032043457 7.899999618530273
    endloop
  endfacet
  facet normal 0.9924206885904562 -0.12288684574699188 0
    outer loop
      vertex 32.06810760498047 -35.2650032043457 3.799999713897705
      vertex 32.00758743286133 -35.75375747680664 7.899999618530273
      vertex 32.00758743286133 -35.75375747680664 3.799999713897705
    endloop
  endfacet
  facet normal 0.09226761412297531 0.9957342453607053 0
    outer loop
      vertex 35.8768196105957 -39.99810028076172 3.799999713897705
      vertex 35.38643264770508 -39.952659606933594 7.899999618530273
      vertex 35.8768196105957 -39.99810028076172 7.899999618530273
    endloop
  endfacet
  facet normal 0.09226761412297531 0.9957342453607053 0
    outer loop
      vertex 35.38643264770508 -39.952659606933594 7.899999618530273
      vertex 35.8768196105957 -39.99810028076172 3.799999713897705
      vertex 35.38643264770508 -39.952659606933594 3.799999713897705
    endloop
  endfacet
  facet normal 0.816196920637818 0.5777738197091866 0
    outer loop
      vertex 32.8836784362793 -38.507694244384766 7.899999618530273
      vertex 32.5991325378418 -38.10572814941406 3.799999713897705
      vertex 32.5991325378418 -38.10572814941406 7.899999618530273
    endloop
  endfacet
  facet normal 0.816196920637818 0.5777738197091866 0
    outer loop
      vertex 32.5991325378418 -38.10572814941406 3.799999713897705
      vertex 32.8836784362793 -38.507694244384766 7.899999618530273
      vertex 32.8836784362793 -38.507694244384766 3.799999713897705
    endloop
  endfacet
  facet normal -0.9941376862154561 -0.1081215096369792 0
    outer loop
      vertex 38.25 36 0
      vertex 38.19739532470703 36.483680725097656 3.799999713897705
      vertex 38.19739532470703 36.483680725097656 0
    endloop
  endfacet
  facet normal -0.9941376862154561 -0.1081215096369792 0
    outer loop
      vertex 38.19739532470703 36.483680725097656 3.799999713897705
      vertex 38.25 36 0
      vertex 38.25 36 3.799999713897705
    endloop
  endfacet
  facet normal -0.9941376862154561 0.1081215096369792 0
    outer loop
      vertex 38.19739532470703 35.516319274902344 0
      vertex 38.25 36 3.799999713897705
      vertex 38.25 36 0
    endloop
  endfacet
  facet normal -0.9941376862154561 0.1081215096369792 0
    outer loop
      vertex 38.25 36 3.799999713897705
      vertex 38.19739532470703 35.516319274902344 0
      vertex 38.19739532470703 35.516319274902344 3.799999713897705
    endloop
  endfacet
  facet normal -0.9476543503181204 -0.3192980305657102 0
    outer loop
      vertex 38.19739532470703 36.483680725097656 0
      vertex 38.04204559326172 36.94474792480469 3.799999713897705
      vertex 38.04204559326172 36.94474792480469 0
    endloop
  endfacet
  facet normal -0.9476543503181204 -0.3192980305657102 0
    outer loop
      vertex 38.04204559326172 36.94474792480469 3.799999713897705
      vertex 38.19739532470703 36.483680725097656 0
      vertex 38.19739532470703 36.483680725097656 3.799999713897705
    endloop
  endfacet
  facet normal -0.8568578844279425 -0.5155526800373273 0
    outer loop
      vertex 38.04204559326172 36.94474792480469 0
      vertex 37.79121017456055 37.36164093017578 3.799999713897705
      vertex 37.79121017456055 37.36164093017578 0
    endloop
  endfacet
  facet normal -0.8568578844279425 -0.5155526800373273 0
    outer loop
      vertex 37.79121017456055 37.36164093017578 3.799999713897705
      vertex 38.04204559326172 36.94474792480469 0
      vertex 38.04204559326172 36.94474792480469 3.799999713897705
    endloop
  endfacet
  facet normal 0.2675278035596563 -0.9635501410526315 0
    outer loop
      vertex 35.16719055175781 38.0901985168457 0
      vertex 35.635990142822266 38.220359802246094 3.799999713897705
      vertex 35.16719055175781 38.0901985168457 3.799999713897705
    endloop
  endfacet
  facet normal 0.2675278035596563 -0.9635501410526315 0
    outer loop
      vertex 35.635990142822266 38.220359802246094 3.799999713897705
      vertex 35.16719055175781 38.0901985168457 0
      vertex 35.635990142822266 38.220359802246094 0
    endloop
  endfacet
  facet normal 0.05413900660316647 -0.9985334085367511 0
    outer loop
      vertex 35.635990142822266 38.220359802246094 0
      vertex 36.12181091308594 38.246700286865234 3.799999713897705
      vertex 35.635990142822266 38.220359802246094 3.799999713897705
    endloop
  endfacet
  facet normal 0.05413900660316647 -0.9985334085367511 0
    outer loop
      vertex 36.12181091308594 38.246700286865234 3.799999713897705
      vertex 35.635990142822266 38.220359802246094 0
      vertex 36.12181091308594 38.246700286865234 0
    endloop
  endfacet
  facet normal -0.7259940943359073 0.6877009342653142 0
    outer loop
      vertex 37.45661926269531 34.28513717651367 0
      vertex 37.79121017456055 34.63835906982422 3.799999713897705
      vertex 37.79121017456055 34.63835906982422 0
    endloop
  endfacet
  facet normal -0.7259940943359073 0.6877009342653142 0
    outer loop
      vertex 37.79121017456055 34.63835906982422 3.799999713897705
      vertex 37.45661926269531 34.28513717651367 0
      vertex 37.45661926269531 34.28513717651367 3.799999713897705
    endloop
  endfacet
  facet normal 0.7960955607362732 -0.6051709330230582 0
    outer loop
      vertex 34.07207107543945 37.159996032714844 3.799999713897705
      vertex 34.36650848388672 37.547325134277344 0
      vertex 34.36650848388672 37.547325134277344 3.799999713897705
    endloop
  endfacet
  facet normal 0.7960955607362732 -0.6051709330230582 0
    outer loop
      vertex 34.36650848388672 37.547325134277344 0
      vertex 34.07207107543945 37.159996032714844 3.799999713897705
      vertex 34.07207107543945 37.159996032714844 0
    endloop
  endfacet
  facet normal -0.16178178622315406 -0.9868265570232925 0
    outer loop
      vertex 36.12181091308594 38.246700286865234 0
      vertex 36.60193634033203 38.16798782348633 3.799999713897705
      vertex 36.12181091308594 38.246700286865234 3.799999713897705
    endloop
  endfacet
  facet normal -0.16178178622315406 -0.9868265570232925 0
    outer loop
      vertex 36.60193634033203 38.16798782348633 3.799999713897705
      vertex 36.12181091308594 38.246700286865234 0
      vertex 36.60193634033203 38.16798782348633 0
    endloop
  endfacet
  facet normal -0.5611842508692879 -0.8276909064235732 0
    outer loop
      vertex 37.053916931152344 37.98789978027344 0
      vertex 37.45661926269531 37.71486282348633 3.799999713897705
      vertex 37.053916931152344 37.98789978027344 3.799999713897705
    endloop
  endfacet
  facet normal -0.5611842508692879 -0.8276909064235732 0
    outer loop
      vertex 37.45661926269531 37.71486282348633 3.799999713897705
      vertex 37.053916931152344 37.98789978027344 0
      vertex 37.45661926269531 37.71486282348633 0
    endloop
  endfacet
  facet normal 0.9766204724587518 -0.21497081842530213 0
    outer loop
      vertex 33.76319122314453 36.24326705932617 3.799999713897705
      vertex 33.86778259277344 36.71842956542969 0
      vertex 33.86778259277344 36.71842956542969 3.799999713897705
    endloop
  endfacet
  facet normal 0.9766204724587518 -0.21497081842530213 0
    outer loop
      vertex 33.86778259277344 36.71842956542969 0
      vertex 33.76319122314453 36.24326705932617 3.799999713897705
      vertex 33.76319122314453 36.24326705932617 0
    endloop
  endfacet
  facet normal 0.9075769229099414 -0.41988585234718534 0
    outer loop
      vertex 33.86778259277344 36.71842956542969 3.799999713897705
      vertex 34.07207107543945 37.159996032714844 0
      vertex 34.07207107543945 37.159996032714844 3.799999713897705
    endloop
  endfacet
  facet normal 0.9075769229099414 -0.41988585234718534 0
    outer loop
      vertex 34.07207107543945 37.159996032714844 0
      vertex 33.86778259277344 36.71842956542969 3.799999713897705
      vertex 33.86778259277344 36.71842956542969 0
    endloop
  endfacet
  facet normal -0.9476543503181204 0.3192980305657102 0
    outer loop
      vertex 38.04204559326172 35.05525207519531 0
      vertex 38.19739532470703 35.516319274902344 3.799999713897705
      vertex 38.19739532470703 35.516319274902344 0
    endloop
  endfacet
  facet normal -0.9476543503181204 0.3192980305657102 0
    outer loop
      vertex 38.19739532470703 35.516319274902344 3.799999713897705
      vertex 38.04204559326172 35.05525207519531 0
      vertex 38.04204559326172 35.05525207519531 3.799999713897705
    endloop
  endfacet
  facet normal 0.7960955607362732 0.6051709330230582 0
    outer loop
      vertex 34.36650848388672 34.452674865722656 3.799999713897705
      vertex 34.07207107543945 34.840003967285156 0
      vertex 34.07207107543945 34.840003967285156 3.799999713897705
    endloop
  endfacet
  facet normal 0.7960955607362732 0.6051709330230582 0
    outer loop
      vertex 34.07207107543945 34.840003967285156 0
      vertex 34.36650848388672 34.452674865722656 3.799999713897705
      vertex 34.36650848388672 34.452674865722656 0
    endloop
  endfacet
  facet normal 0.05413900660316647 0.9985334085367511 0
    outer loop
      vertex 36.12181091308594 33.753299713134766 0
      vertex 35.635990142822266 33.779640197753906 3.799999713897705
      vertex 36.12181091308594 33.753299713134766 3.799999713897705
    endloop
  endfacet
  facet normal 0.05413900660316647 0.9985334085367511 0
    outer loop
      vertex 35.635990142822266 33.779640197753906 3.799999713897705
      vertex 36.12181091308594 33.753299713134766 0
      vertex 35.635990142822266 33.779640197753906 0
    endloop
  endfacet
  facet normal -0.8568578844279425 0.5155526800373273 0
    outer loop
      vertex 37.79121017456055 34.63835906982422 0
      vertex 38.04204559326172 35.05525207519531 3.799999713897705
      vertex 38.04204559326172 35.05525207519531 0
    endloop
  endfacet
  facet normal -0.8568578844279425 0.5155526800373273 0
    outer loop
      vertex 38.04204559326172 35.05525207519531 3.799999713897705
      vertex 37.79121017456055 34.63835906982422 0
      vertex 37.79121017456055 34.63835906982422 3.799999713897705
    endloop
  endfacet
  facet normal 0.6473852853878266 -0.7621629040194243 0
    outer loop
      vertex 34.36650848388672 37.547325134277344 0
      vertex 34.737327575683594 37.862300872802734 3.799999713897705
      vertex 34.36650848388672 37.547325134277344 3.799999713897705
    endloop
  endfacet
  facet normal 0.6473852853878266 -0.7621629040194243 0
    outer loop
      vertex 34.737327575683594 37.862300872802734 3.799999713897705
      vertex 34.36650848388672 37.547325134277344 0
      vertex 34.737327575683594 37.862300872802734 0
    endloop
  endfacet
  facet normal -0.3701426185277486 -0.9289749415078007 0
    outer loop
      vertex 36.60193634033203 38.16798782348633 0
      vertex 37.053916931152344 37.98789978027344 3.799999713897705
      vertex 36.60193634033203 38.16798782348633 3.799999713897705
    endloop
  endfacet
  facet normal -0.3701426185277486 -0.9289749415078007 0
    outer loop
      vertex 37.053916931152344 37.98789978027344 3.799999713897705
      vertex 36.60193634033203 38.16798782348633 0
      vertex 37.053916931152344 37.98789978027344 0
    endloop
  endfacet
  facet normal -0.7259940943359073 -0.6877009342653142 0
    outer loop
      vertex 37.79121017456055 37.36164093017578 0
      vertex 37.45661926269531 37.71486282348633 3.799999713897705
      vertex 37.45661926269531 37.71486282348633 0
    endloop
  endfacet
  facet normal -0.7259940943359073 -0.6877009342653142 0
    outer loop
      vertex 37.45661926269531 37.71486282348633 3.799999713897705
      vertex 37.79121017456055 37.36164093017578 0
      vertex 37.79121017456055 37.36164093017578 3.799999713897705
    endloop
  endfacet
  facet normal -0.3701426185277486 0.9289749415078007 0
    outer loop
      vertex 37.053916931152344 34.01210021972656 0
      vertex 36.60193634033203 33.83201217651367 3.799999713897705
      vertex 37.053916931152344 34.01210021972656 3.799999713897705
    endloop
  endfacet
  facet normal -0.3701426185277486 0.9289749415078007 0
    outer loop
      vertex 36.60193634033203 33.83201217651367 3.799999713897705
      vertex 37.053916931152344 34.01210021972656 0
      vertex 36.60193634033203 33.83201217651367 0
    endloop
  endfacet
  facet normal 1 0 0
    outer loop
      vertex 33.76319122314453 35.75673294067383 3.799999713897705
      vertex 33.76319122314453 36.24326705932617 0
      vertex 33.76319122314453 36.24326705932617 3.799999713897705
    endloop
  endfacet
  facet normal 1 0 0
    outer loop
      vertex 33.76319122314453 36.24326705932617 0
      vertex 33.76319122314453 35.75673294067383 3.799999713897705
      vertex 33.76319122314453 35.75673294067383 0
    endloop
  endfacet
  facet normal 0.46840638340397733 -0.8835131351521641 0
    outer loop
      vertex 34.737327575683594 37.862300872802734 0
      vertex 35.16719055175781 38.0901985168457 3.799999713897705
      vertex 34.737327575683594 37.862300872802734 3.799999713897705
    endloop
  endfacet
  facet normal 0.46840638340397733 -0.8835131351521641 0
    outer loop
      vertex 35.16719055175781 38.0901985168457 3.799999713897705
      vertex 34.737327575683594 37.862300872802734 0
      vertex 35.16719055175781 38.0901985168457 0
    endloop
  endfacet
  facet normal -0.5611842508692879 0.8276909064235732 0
    outer loop
      vertex 37.45661926269531 34.28513717651367 0
      vertex 37.053916931152344 34.01210021972656 3.799999713897705
      vertex 37.45661926269531 34.28513717651367 3.799999713897705
    endloop
  endfacet
  facet normal -0.5611842508692879 0.8276909064235732 0
    outer loop
      vertex 37.053916931152344 34.01210021972656 3.799999713897705
      vertex 37.45661926269531 34.28513717651367 0
      vertex 37.053916931152344 34.01210021972656 0
    endloop
  endfacet
  facet normal 0.9766204724587518 0.21497081842530213 0
    outer loop
      vertex 33.86778259277344 35.28157043457031 3.799999713897705
      vertex 33.76319122314453 35.75673294067383 0
      vertex 33.76319122314453 35.75673294067383 3.799999713897705
    endloop
  endfacet
  facet normal 0.9766204724587518 0.21497081842530213 0
    outer loop
      vertex 33.76319122314453 35.75673294067383 0
      vertex 33.86778259277344 35.28157043457031 3.799999713897705
      vertex 33.86778259277344 35.28157043457031 0
    endloop
  endfacet
  facet normal -0.16178178622315406 0.9868265570232925 0
    outer loop
      vertex 36.60193634033203 33.83201217651367 0
      vertex 36.12181091308594 33.753299713134766 3.799999713897705
      vertex 36.60193634033203 33.83201217651367 3.799999713897705
    endloop
  endfacet
  facet normal -0.16178178622315406 0.9868265570232925 0
    outer loop
      vertex 36.12181091308594 33.753299713134766 3.799999713897705
      vertex 36.60193634033203 33.83201217651367 0
      vertex 36.12181091308594 33.753299713134766 0
    endloop
  endfacet
  facet normal 0.46840638340397733 0.8835131351521641 0
    outer loop
      vertex 35.16719055175781 33.9098014831543 0
      vertex 34.737327575683594 34.137699127197266 3.799999713897705
      vertex 35.16719055175781 33.9098014831543 3.799999713897705
    endloop
  endfacet
  facet normal 0.46840638340397733 0.8835131351521641 0
    outer loop
      vertex 34.737327575683594 34.137699127197266 3.799999713897705
      vertex 35.16719055175781 33.9098014831543 0
      vertex 34.737327575683594 34.137699127197266 0
    endloop
  endfacet
  facet normal 0.6473852853878266 0.7621629040194243 0
    outer loop
      vertex 34.737327575683594 34.137699127197266 0
      vertex 34.36650848388672 34.452674865722656 3.799999713897705
      vertex 34.737327575683594 34.137699127197266 3.799999713897705
    endloop
  endfacet
  facet normal 0.6473852853878266 0.7621629040194243 0
    outer loop
      vertex 34.36650848388672 34.452674865722656 3.799999713897705
      vertex 34.737327575683594 34.137699127197266 0
      vertex 34.36650848388672 34.452674865722656 0
    endloop
  endfacet
  facet normal 0.9075769229099414 0.41988585234718534 0
    outer loop
      vertex 34.07207107543945 34.840003967285156 3.799999713897705
      vertex 33.86778259277344 35.28157043457031 0
      vertex 33.86778259277344 35.28157043457031 3.799999713897705
    endloop
  endfacet
  facet normal 0.9075769229099414 0.41988585234718534 0
    outer loop
      vertex 33.86778259277344 35.28157043457031 0
      vertex 34.07207107543945 34.840003967285156 3.799999713897705
      vertex 34.07207107543945 34.840003967285156 0
    endloop
  endfacet
  facet normal 0.2675278035596563 0.9635501410526315 0
    outer loop
      vertex 35.635990142822266 33.779640197753906 0
      vertex 35.16719055175781 33.9098014831543 3.799999713897705
      vertex 35.635990142822266 33.779640197753906 3.799999713897705
    endloop
  endfacet
  facet normal 0.2675278035596563 0.9635501410526315 0
    outer loop
      vertex 35.16719055175781 33.9098014831543 3.799999713897705
      vertex 35.635990142822266 33.779640197753906 0
      vertex 35.16719055175781 33.9098014831543 0
    endloop
  endfacet
  facet normal -0.9829737557256254 -0.1837460082686384 0
    outer loop
      vertex 39.96968078613281 36.491554260253906 3.799999713897705
      vertex 39.879188537597656 36.97565460205078 7.899999618530273
      vertex 39.879188537597656 36.97565460205078 3.799999713897705
    endloop
  endfacet
  facet normal -0.9829737557256254 -0.1837460082686384 0
    outer loop
      vertex 39.879188537597656 36.97565460205078 7.899999618530273
      vertex 39.96968078613281 36.491554260253906 3.799999713897705
      vertex 39.96968078613281 36.491554260253906 7.899999618530273
    endloop
  endfacet
  facet normal -0.6026315596513024 0.7980195507080254 0
    outer loop
      vertex 38.60247039794922 32.962379455566406 3.799999713897705
      vertex 38.20945739746094 32.665592193603516 7.899999618530273
      vertex 38.60247039794922 32.962379455566406 7.899999618530273
    endloop
  endfacet
  facet normal -0.6026315596513024 0.7980195507080254 0
    outer loop
      vertex 38.20945739746094 32.665592193603516 7.899999618530273
      vertex 38.60247039794922 32.962379455566406 3.799999713897705
      vertex 38.20945739746094 32.665592193603516 3.799999713897705
    endloop
  endfacet
  facet normal -0.9981031809082308 -0.061563302874936894 0
    outer loop
      vertex 40 36 3.799999713897705
      vertex 39.96968078613281 36.491554260253906 7.899999618530273
      vertex 39.96968078613281 36.491554260253906 3.799999713897705
    endloop
  endfacet
  facet normal -0.9981031809082308 -0.061563302874936894 0
    outer loop
      vertex 39.96968078613281 36.491554260253906 7.899999618530273
      vertex 40 36 3.799999713897705
      vertex 40 36 7.899999618530273
    endloop
  endfacet
  facet normal -0.9529413430005574 -0.3031547406858317 0
    outer loop
      vertex 39.879188537597656 36.97565460205078 3.799999713897705
      vertex 39.729888916015625 37.44496536254883 7.899999618530273
      vertex 39.729888916015625 37.44496536254883 3.799999713897705
    endloop
  endfacet
  facet normal -0.9529413430005574 -0.3031547406858317 0
    outer loop
      vertex 39.729888916015625 37.44496536254883 7.899999618530273
      vertex 39.879188537597656 36.97565460205078 3.799999713897705
      vertex 39.879188537597656 36.97565460205078 7.899999618530273
    endloop
  endfacet
  facet normal 0.7390084704556413 -0.6736961337241097 0
    outer loop
      vertex 32.8836784362793 38.507694244384766 7.899999618530273
      vertex 33.2154655456543 38.871646881103516 3.799999713897705
      vertex 33.2154655456543 38.871646881103516 7.899999618530273
    endloop
  endfacet
  facet normal 0.7390084704556413 -0.6736961337241097 0
    outer loop
      vertex 33.2154655456543 38.871646881103516 3.799999713897705
      vertex 32.8836784362793 38.507694244384766 7.899999618530273
      vertex 32.8836784362793 38.507694244384766 3.799999713897705
    endloop
  endfacet
  facet normal 0.8810109903044072 0.47309579892749826 0
    outer loop
      vertex 32.5991325378418 33.89427185058594 7.899999618530273
      vertex 32.36613845825195 34.32815933227539 3.799999713897705
      vertex 32.36613845825195 34.32815933227539 7.899999618530273
    endloop
  endfacet
  facet normal 0.8810109903044072 0.47309579892749826 0
    outer loop
      vertex 32.36613845825195 34.32815933227539 3.799999713897705
      vertex 32.5991325378418 33.89427185058594 7.899999618530273
      vertex 32.5991325378418 33.89427185058594 3.799999713897705
    endloop
  endfacet
  facet normal -0.9829737557256254 0.1837460082686384 0
    outer loop
      vertex 39.879188537597656 35.02434539794922 3.799999713897705
      vertex 39.96968078613281 35.508445739746094 7.899999618530273
      vertex 39.96968078613281 35.508445739746094 3.799999713897705
    endloop
  endfacet
  facet normal -0.9829737557256254 0.1837460082686384 0
    outer loop
      vertex 39.96968078613281 35.508445739746094 7.899999618530273
      vertex 39.879188537597656 35.02434539794922 3.799999713897705
      vertex 39.879188537597656 35.02434539794922 7.899999618530273
    endloop
  endfacet
  facet normal -0.15338936226572766 0.9881658279578956 0
    outer loop
      vertex 36.85573196411133 32.09260559082031 3.799999713897705
      vertex 36.36907196044922 32.01706314086914 7.899999618530273
      vertex 36.85573196411133 32.09260559082031 7.899999618530273
    endloop
  endfacet
  facet normal -0.15338936226572766 0.9881658279578956 0
    outer loop
      vertex 36.36907196044922 32.01706314086914 7.899999618530273
      vertex 36.85573196411133 32.09260559082031 3.799999713897705
      vertex 36.36907196044922 32.01706314086914 3.799999713897705
    endloop
  endfacet
  facet normal 0.3323549504865132 -0.9431543812585018 0
    outer loop
      vertex 34.44085693359375 39.68362045288086 3.799999713897705
      vertex 34.90534973144531 39.8473014831543 7.899999618530273
      vertex 34.44085693359375 39.68362045288086 7.899999618530273
    endloop
  endfacet
  facet normal 0.3323549504865132 -0.9431543812585018 0
    outer loop
      vertex 34.90534973144531 39.8473014831543 7.899999618530273
      vertex 34.44085693359375 39.68362045288086 3.799999713897705
      vertex 34.90534973144531 39.8473014831543 3.799999713897705
    endloop
  endfacet
  facet normal -0.9981031809082308 0.061563302874936894 0
    outer loop
      vertex 39.96968078613281 35.508445739746094 3.799999713897705
      vertex 40 36 7.899999618530273
      vertex 40 36 3.799999713897705
    endloop
  endfacet
  facet normal -0.9981031809082308 0.061563302874936894 0
    outer loop
      vertex 40 36 7.899999618530273
      vertex 39.96968078613281 35.508445739746094 3.799999713897705
      vertex 39.96968078613281 35.508445739746094 7.899999618530273
    endloop
  endfacet
  facet normal 0.552361752901918 -0.8336045189003718 0
    outer loop
      vertex 33.58946228027344 39.19207000732422 3.799999713897705
      vertex 34 39.4640998840332 7.899999618530273
      vertex 33.58946228027344 39.19207000732422 7.899999618530273
    endloop
  endfacet
  facet normal 0.552361752901918 -0.8336045189003718 0
    outer loop
      vertex 34 39.4640998840332 7.899999618530273
      vertex 33.58946228027344 39.19207000732422 3.799999713897705
      vertex 34 39.4640998840332 3.799999713897705
    endloop
  endfacet
  facet normal 1 0 0
    outer loop
      vertex 32.00758743286133 35.75375747680664 7.899999618530273
      vertex 32.00758743286133 36.24624252319336 3.799999713897705
      vertex 32.00758743286133 36.24624252319336 7.899999618530273
    endloop
  endfacet
  facet normal 1 0 0
    outer loop
      vertex 32.00758743286133 36.24624252319336 3.799999713897705
      vertex 32.00758743286133 35.75375747680664 7.899999618530273
      vertex 32.00758743286133 35.75375747680664 3.799999713897705
    endloop
  endfacet
  facet normal -0.7790814430762896 0.6269227265414506 0
    outer loop
      vertex 38.95603561401367 33.30521774291992 3.799999713897705
      vertex 39.26478576660156 33.68890380859375 7.899999618530273
      vertex 39.26478576660156 33.68890380859375 3.799999713897705
    endloop
  endfacet
  facet normal -0.7790814430762896 0.6269227265414506 0
    outer loop
      vertex 39.26478576660156 33.68890380859375 7.899999618530273
      vertex 38.95603561401367 33.30521774291992 3.799999713897705
      vertex 38.95603561401367 33.30521774291992 7.899999618530273
    endloop
  endfacet
  facet normal 0.9324732664324193 -0.36123898929774256 0
    outer loop
      vertex 32.188232421875 37.212608337402344 7.899999618530273
      vertex 32.36613845825195 37.67184066772461 3.799999713897705
      vertex 32.36613845825195 37.67184066772461 7.899999618530273
    endloop
  endfacet
  facet normal 0.9324732664324193 -0.36123898929774256 0
    outer loop
      vertex 32.36613845825195 37.67184066772461 3.799999713897705
      vertex 32.188232421875 37.212608337402344 7.899999618530273
      vertex 32.188232421875 37.212608337402344 3.799999713897705
    endloop
  endfacet
  facet normal -0.4999986975616453 -0.8660261557462675 0
    outer loop
      vertex 37.78295135498047 39.580650329589844 3.799999713897705
      vertex 38.20945739746094 39.334407806396484 7.899999618530273
      vertex 37.78295135498047 39.580650329589844 7.899999618530273
    endloop
  endfacet
  facet normal -0.4999986975616453 -0.8660261557462675 0
    outer loop
      vertex 38.20945739746094 39.334407806396484 7.899999618530273
      vertex 37.78295135498047 39.580650329589844 3.799999713897705
      vertex 38.20945739746094 39.334407806396484 3.799999713897705
    endloop
  endfacet
  facet normal 0.3323549504865132 0.9431543812585018 0
    outer loop
      vertex 34.90534973144531 32.1526985168457 3.799999713897705
      vertex 34.44085693359375 32.31637954711914 7.899999618530273
      vertex 34.90534973144531 32.1526985168457 7.899999618530273
    endloop
  endfacet
  facet normal 0.3323549504865132 0.9431543812585018 0
    outer loop
      vertex 34.44085693359375 32.31637954711914 7.899999618530273
      vertex 34.90534973144531 32.1526985168457 3.799999713897705
      vertex 34.44085693359375 32.31637954711914 3.799999713897705
    endloop
  endfacet
  facet normal -0.7790814430762896 -0.6269227265414506 0
    outer loop
      vertex 39.26478576660156 38.31109619140625 3.799999713897705
      vertex 38.95603561401367 38.69478225708008 7.899999618530273
      vertex 38.95603561401367 38.69478225708008 3.799999713897705
    endloop
  endfacet
  facet normal -0.7790814430762896 -0.6269227265414506 0
    outer loop
      vertex 38.95603561401367 38.69478225708008 7.899999618530273
      vertex 39.26478576660156 38.31109619140625 3.799999713897705
      vertex 39.26478576660156 38.31109619140625 7.899999618530273
    endloop
  endfacet
  facet normal -0.9084642778696526 -0.4179625052977487 0
    outer loop
      vertex 39.729888916015625 37.44496536254883 3.799999713897705
      vertex 39.5240478515625 37.892372131347656 7.899999618530273
      vertex 39.5240478515625 37.892372131347656 3.799999713897705
    endloop
  endfacet
  facet normal -0.9084642778696526 -0.4179625052977487 0
    outer loop
      vertex 39.5240478515625 37.892372131347656 7.899999618530273
      vertex 39.729888916015625 37.44496536254883 3.799999713897705
      vertex 39.729888916015625 37.44496536254883 7.899999618530273
    endloop
  endfacet
  facet normal 0.9697966034842238 -0.24391504232101632 0
    outer loop
      vertex 32.06810760498047 36.7349967956543 7.899999618530273
      vertex 32.188232421875 37.212608337402344 3.799999713897705
      vertex 32.188232421875 37.212608337402344 7.899999618530273
    endloop
  endfacet
  facet normal 0.9697966034842238 -0.24391504232101632 0
    outer loop
      vertex 32.188232421875 37.212608337402344 3.799999713897705
      vertex 32.06810760498047 36.7349967956543 7.899999618530273
      vertex 32.06810760498047 36.7349967956543 3.799999713897705
    endloop
  endfacet
  facet normal -0.696132408301272 -0.7179134140776806 0
    outer loop
      vertex 38.60247039794922 39.037620544433594 3.799999713897705
      vertex 38.95603561401367 38.69478225708008 7.899999618530273
      vertex 38.60247039794922 39.037620544433594 7.899999618530273
    endloop
  endfacet
  facet normal -0.696132408301272 -0.7179134140776806 0
    outer loop
      vertex 38.95603561401367 38.69478225708008 7.899999618530273
      vertex 38.60247039794922 39.037620544433594 3.799999713897705
      vertex 38.95603561401367 38.69478225708008 3.799999713897705
    endloop
  endfacet
  facet normal 0.7390084704556413 0.6736961337241097 0
    outer loop
      vertex 33.2154655456543 33.128353118896484 7.899999618530273
      vertex 32.8836784362793 33.492305755615234 3.799999713897705
      vertex 32.8836784362793 33.492305755615234 7.899999618530273
    endloop
  endfacet
  facet normal 0.7390084704556413 0.6736961337241097 0
    outer loop
      vertex 32.8836784362793 33.492305755615234 3.799999713897705
      vertex 33.2154655456543 33.128353118896484 7.899999618530273
      vertex 33.2154655456543 33.128353118896484 3.799999713897705
    endloop
  endfacet
  facet normal -0.696132408301272 0.7179134140776806 0
    outer loop
      vertex 38.95603561401367 33.30521774291992 3.799999713897705
      vertex 38.60247039794922 32.962379455566406 7.899999618530273
      vertex 38.95603561401367 33.30521774291992 7.899999618530273
    endloop
  endfacet
  facet normal -0.696132408301272 0.7179134140776806 0
    outer loop
      vertex 38.60247039794922 32.962379455566406 7.899999618530273
      vertex 38.95603561401367 33.30521774291992 3.799999713897705
      vertex 38.60247039794922 32.962379455566406 3.799999713897705
    endloop
  endfacet
  facet normal -0.8502179324010188 -0.5264308762066837 0
    outer loop
      vertex 39.5240478515625 37.892372131347656 3.799999713897705
      vertex 39.26478576660156 38.31109619140625 7.899999618530273
      vertex 39.26478576660156 38.31109619140625 3.799999713897705
    endloop
  endfacet
  facet normal -0.8502179324010188 -0.5264308762066837 0
    outer loop
      vertex 39.26478576660156 38.31109619140625 7.899999618530273
      vertex 39.5240478515625 37.892372131347656 3.799999713897705
      vertex 39.5240478515625 37.892372131347656 7.899999618530273
    endloop
  endfacet
  facet normal -0.9084642778696526 0.4179625052977487 0
    outer loop
      vertex 39.5240478515625 34.107627868652344 3.799999713897705
      vertex 39.729888916015625 34.55503463745117 7.899999618530273
      vertex 39.729888916015625 34.55503463745117 3.799999713897705
    endloop
  endfacet
  facet normal -0.9084642778696526 0.4179625052977487 0
    outer loop
      vertex 39.729888916015625 34.55503463745117 7.899999618530273
      vertex 39.5240478515625 34.107627868652344 3.799999713897705
      vertex 39.5240478515625 34.107627868652344 7.899999618530273
    endloop
  endfacet
  facet normal -0.6026315596513024 -0.7980195507080254 0
    outer loop
      vertex 38.20945739746094 39.334407806396484 3.799999713897705
      vertex 38.60247039794922 39.037620544433594 7.899999618530273
      vertex 38.20945739746094 39.334407806396484 7.899999618530273
    endloop
  endfacet
  facet normal -0.6026315596513024 -0.7980195507080254 0
    outer loop
      vertex 38.60247039794922 39.037620544433594 7.899999618530273
      vertex 38.20945739746094 39.334407806396484 3.799999713897705
      vertex 38.60247039794922 39.037620544433594 3.799999713897705
    endloop
  endfacet
  facet normal -0.27366622094976967 0.9618247239029946 0
    outer loop
      vertex 37.32941818237305 32.22738265991211 3.799999713897705
      vertex 36.85573196411133 32.09260559082031 7.899999618530273
      vertex 37.32941818237305 32.22738265991211 7.899999618530273
    endloop
  endfacet
  facet normal -0.27366622094976967 0.9618247239029946 0
    outer loop
      vertex 36.85573196411133 32.09260559082031 7.899999618530273
      vertex 37.32941818237305 32.22738265991211 3.799999713897705
      vertex 36.85573196411133 32.09260559082031 3.799999713897705
    endloop
  endfacet
  facet normal 0.21393180269708095 0.9768485981946113 0
    outer loop
      vertex 35.38643264770508 32.047340393066406 3.799999713897705
      vertex 34.90534973144531 32.1526985168457 7.899999618530273
      vertex 35.38643264770508 32.047340393066406 7.899999618530273
    endloop
  endfacet
  facet normal 0.21393180269708095 0.9768485981946113 0
    outer loop
      vertex 34.90534973144531 32.1526985168457 7.899999618530273
      vertex 35.38643264770508 32.047340393066406 3.799999713897705
      vertex 34.90534973144531 32.1526985168457 3.799999713897705
    endloop
  endfacet
  facet normal -0.27366622094976967 -0.9618247239029946 0
    outer loop
      vertex 36.85573196411133 39.90739440917969 3.799999713897705
      vertex 37.32941818237305 39.77261734008789 7.899999618530273
      vertex 36.85573196411133 39.90739440917969 7.899999618530273
    endloop
  endfacet
  facet normal -0.27366622094976967 -0.9618247239029946 0
    outer loop
      vertex 37.32941818237305 39.77261734008789 7.899999618530273
      vertex 36.85573196411133 39.90739440917969 3.799999713897705
      vertex 37.32941818237305 39.77261734008789 3.799999713897705
    endloop
  endfacet
  facet normal 0.552361752901918 0.8336045189003718 0
    outer loop
      vertex 34 32.5359001159668 3.799999713897705
      vertex 33.58946228027344 32.80792999267578 7.899999618530273
      vertex 34 32.5359001159668 7.899999618530273
    endloop
  endfacet
  facet normal 0.552361752901918 0.8336045189003718 0
    outer loop
      vertex 33.58946228027344 32.80792999267578 7.899999618530273
      vertex 34 32.5359001159668 3.799999713897705
      vertex 33.58946228027344 32.80792999267578 3.799999713897705
    endloop
  endfacet
  facet normal -0.9529413430005574 0.3031547406858317 0
    outer loop
      vertex 39.729888916015625 34.55503463745117 3.799999713897705
      vertex 39.879188537597656 35.02434539794922 7.899999618530273
      vertex 39.879188537597656 35.02434539794922 3.799999713897705
    endloop
  endfacet
  facet normal -0.9529413430005574 0.3031547406858317 0
    outer loop
      vertex 39.879188537597656 35.02434539794922 7.899999618530273
      vertex 39.729888916015625 34.55503463745117 3.799999713897705
      vertex 39.729888916015625 34.55503463745117 7.899999618530273
    endloop
  endfacet
  facet normal 0.09226761412297531 -0.9957342453607053 0
    outer loop
      vertex 35.38643264770508 39.952659606933594 3.799999713897705
      vertex 35.8768196105957 39.99810028076172 7.899999618530273
      vertex 35.38643264770508 39.952659606933594 7.899999618530273
    endloop
  endfacet
  facet normal 0.09226761412297531 -0.9957342453607053 0
    outer loop
      vertex 35.8768196105957 39.99810028076172 7.899999618530273
      vertex 35.38643264770508 39.952659606933594 3.799999713897705
      vertex 35.8768196105957 39.99810028076172 3.799999713897705
    endloop
  endfacet
  facet normal 0.21393180269708095 -0.9768485981946113 0
    outer loop
      vertex 34.90534973144531 39.8473014831543 3.799999713897705
      vertex 35.38643264770508 39.952659606933594 7.899999618530273
      vertex 34.90534973144531 39.8473014831543 7.899999618530273
    endloop
  endfacet
  facet normal 0.21393180269708095 -0.9768485981946113 0
    outer loop
      vertex 35.38643264770508 39.952659606933594 7.899999618530273
      vertex 34.90534973144531 39.8473014831543 3.799999713897705
      vertex 35.38643264770508 39.952659606933594 3.799999713897705
    endloop
  endfacet
  facet normal 0.8810109903044072 -0.47309579892749826 0
    outer loop
      vertex 32.36613845825195 37.67184066772461 7.899999618530273
      vertex 32.5991325378418 38.10572814941406 3.799999713897705
      vertex 32.5991325378418 38.10572814941406 7.899999618530273
    endloop
  endfacet
  facet normal 0.8810109903044072 -0.47309579892749826 0
    outer loop
      vertex 32.5991325378418 38.10572814941406 3.799999713897705
      vertex 32.36613845825195 37.67184066772461 7.899999618530273
      vertex 32.36613845825195 37.67184066772461 3.799999713897705
    endloop
  endfacet
  facet normal -0.030789558430206507 0.9995258891552901 0
    outer loop
      vertex 36.36907196044922 32.01706314086914 3.799999713897705
      vertex 35.8768196105957 32.00189971923828 7.899999618530273
      vertex 36.36907196044922 32.01706314086914 7.899999618530273
    endloop
  endfacet
  facet normal -0.030789558430206507 0.9995258891552901 0
    outer loop
      vertex 35.8768196105957 32.00189971923828 7.899999618530273
      vertex 36.36907196044922 32.01706314086914 3.799999713897705
      vertex 35.8768196105957 32.00189971923828 3.799999713897705
    endloop
  endfacet
  facet normal 0.9324732664324193 0.36123898929774256 0
    outer loop
      vertex 32.36613845825195 34.32815933227539 7.899999618530273
      vertex 32.188232421875 34.787391662597656 3.799999713897705
      vertex 32.188232421875 34.787391662597656 7.899999618530273
    endloop
  endfacet
  facet normal 0.9324732664324193 0.36123898929774256 0
    outer loop
      vertex 32.188232421875 34.787391662597656 3.799999713897705
      vertex 32.36613845825195 34.32815933227539 7.899999618530273
      vertex 32.36613845825195 34.32815933227539 3.799999713897705
    endloop
  endfacet
  facet normal -0.389790838786978 -0.9209034162156986 0
    outer loop
      vertex 37.32941818237305 39.77261734008789 3.799999713897705
      vertex 37.78295135498047 39.580650329589844 7.899999618530273
      vertex 37.32941818237305 39.77261734008789 7.899999618530273
    endloop
  endfacet
  facet normal -0.389790838786978 -0.9209034162156986 0
    outer loop
      vertex 37.78295135498047 39.580650329589844 7.899999618530273
      vertex 37.32941818237305 39.77261734008789 3.799999713897705
      vertex 37.78295135498047 39.580650329589844 3.799999713897705
    endloop
  endfacet
  facet normal -0.4999986975616453 0.8660261557462675 0
    outer loop
      vertex 38.20945739746094 32.665592193603516 3.799999713897705
      vertex 37.78295135498047 32.419349670410156 7.899999618530273
      vertex 38.20945739746094 32.665592193603516 7.899999618530273
    endloop
  endfacet
  facet normal -0.4999986975616453 0.8660261557462675 0
    outer loop
      vertex 37.78295135498047 32.419349670410156 7.899999618530273
      vertex 38.20945739746094 32.665592193603516 3.799999713897705
      vertex 37.78295135498047 32.419349670410156 3.799999713897705
    endloop
  endfacet
  facet normal -0.030789558430206507 -0.9995258891552901 0
    outer loop
      vertex 35.8768196105957 39.99810028076172 3.799999713897705
      vertex 36.36907196044922 39.98293685913086 7.899999618530273
      vertex 35.8768196105957 39.99810028076172 7.899999618530273
    endloop
  endfacet
  facet normal -0.030789558430206507 -0.9995258891552901 0
    outer loop
      vertex 36.36907196044922 39.98293685913086 7.899999618530273
      vertex 35.8768196105957 39.99810028076172 3.799999713897705
      vertex 36.36907196044922 39.98293685913086 3.799999713897705
    endloop
  endfacet
  facet normal -0.389790838786978 0.9209034162156986 0
    outer loop
      vertex 37.78295135498047 32.419349670410156 3.799999713897705
      vertex 37.32941818237305 32.22738265991211 7.899999618530273
      vertex 37.78295135498047 32.419349670410156 7.899999618530273
    endloop
  endfacet
  facet normal -0.389790838786978 0.9209034162156986 0
    outer loop
      vertex 37.32941818237305 32.22738265991211 7.899999618530273
      vertex 37.78295135498047 32.419349670410156 3.799999713897705
      vertex 37.32941818237305 32.22738265991211 3.799999713897705
    endloop
  endfacet
  facet normal 0.9924206885904562 0.12288684574699188 0
    outer loop
      vertex 32.06810760498047 35.2650032043457 7.899999618530273
      vertex 32.00758743286133 35.75375747680664 3.799999713897705
      vertex 32.00758743286133 35.75375747680664 7.899999618530273
    endloop
  endfacet
  facet normal 0.9924206885904562 0.12288684574699188 0
    outer loop
      vertex 32.00758743286133 35.75375747680664 3.799999713897705
      vertex 32.06810760498047 35.2650032043457 7.899999618530273
      vertex 32.06810760498047 35.2650032043457 3.799999713897705
    endloop
  endfacet
  facet normal 0.816196920637818 -0.5777738197091866 0
    outer loop
      vertex 32.5991325378418 38.10572814941406 7.899999618530273
      vertex 32.8836784362793 38.507694244384766 3.799999713897705
      vertex 32.8836784362793 38.507694244384766 7.899999618530273
    endloop
  endfacet
  facet normal 0.816196920637818 -0.5777738197091866 0
    outer loop
      vertex 32.8836784362793 38.507694244384766 3.799999713897705
      vertex 32.5991325378418 38.10572814941406 7.899999618530273
      vertex 32.5991325378418 38.10572814941406 3.799999713897705
    endloop
  endfacet
  facet normal 0.44573819258379715 0.8951633726153733 0
    outer loop
      vertex 34.44085693359375 32.31637954711914 3.799999713897705
      vertex 34 32.5359001159668 7.899999618530273
      vertex 34.44085693359375 32.31637954711914 7.899999618530273
    endloop
  endfacet
  facet normal 0.44573819258379715 0.8951633726153733 0
    outer loop
      vertex 34 32.5359001159668 7.899999618530273
      vertex 34.44085693359375 32.31637954711914 3.799999713897705
      vertex 34 32.5359001159668 3.799999713897705
    endloop
  endfacet
  facet normal 0.6506210413741331 0.7594025681555459 0
    outer loop
      vertex 33.58946228027344 32.80792999267578 3.799999713897705
      vertex 33.2154655456543 33.128353118896484 7.899999618530273
      vertex 33.58946228027344 32.80792999267578 7.899999618530273
    endloop
  endfacet
  facet normal 0.6506210413741331 0.7594025681555459 0
    outer loop
      vertex 33.2154655456543 33.128353118896484 7.899999618530273
      vertex 33.58946228027344 32.80792999267578 3.799999713897705
      vertex 33.2154655456543 33.128353118896484 3.799999713897705
    endloop
  endfacet
  facet normal 0 0 1
    outer loop
      vertex 38.25 36 3.799999713897705
      vertex 40 36 3.799999713897705
      vertex 39.96968078613281 36.491554260253906 3.799999713897705
    endloop
  endfacet
  facet normal 0 0 1
    outer loop
      vertex 38.19739532470703 36.483680725097656 3.799999713897705
      vertex 39.96968078613281 36.491554260253906 3.799999713897705
      vertex 39.879188537597656 36.97565460205078 3.799999713897705
    endloop
  endfacet
  facet normal 0 0 1
    outer loop
      vertex 40 36 3.799999713897705
      vertex 38.25 36 3.799999713897705
      vertex 39.96968078613281 35.508445739746094 3.799999713897705
    endloop
  endfacet
  facet normal 0 0 1
    outer loop
      vertex 38.19739532470703 36.483680725097656 3.799999713897705
      vertex 39.879188537597656 36.97565460205078 3.799999713897705
      vertex 39.729888916015625 37.44496536254883 3.799999713897705
    endloop
  endfacet
  facet normal 0 0 1
    outer loop
      vertex 38.19739532470703 35.516319274902344 3.799999713897705
      vertex 39.96968078613281 35.508445739746094 3.799999713897705
      vertex 38.25 36 3.799999713897705
    endloop
  endfacet
  facet normal 0 0 1
    outer loop
      vertex 38.04204559326172 36.94474792480469 3.799999713897705
      vertex 39.729888916015625 37.44496536254883 3.799999713897705
      vertex 39.5240478515625 37.892372131347656 3.799999713897705
    endloop
  endfacet
  facet normal 0 0 1
    outer loop
      vertex 39.96968078613281 35.508445739746094 3.799999713897705
      vertex 38.19739532470703 35.516319274902344 3.799999713897705
      vertex 39.879188537597656 35.02434539794922 3.799999713897705
    endloop
  endfacet
  facet normal 0 0 1
    outer loop
      vertex 37.79121017456055 37.36164093017578 3.799999713897705
      vertex 39.5240478515625 37.892372131347656 3.799999713897705
      vertex 39.26478576660156 38.31109619140625 3.799999713897705
    endloop
  endfacet
  facet normal 0 0 1
    outer loop
      vertex 39.879188537597656 35.02434539794922 3.799999713897705
      vertex 38.19739532470703 35.516319274902344 3.799999713897705
      vertex 39.729888916015625 34.55503463745117 3.799999713897705
    endloop
  endfacet
  facet normal 0 0 1
    outer loop
      vertex 37.79121017456055 37.36164093017578 3.799999713897705
      vertex 39.26478576660156 38.31109619140625 3.799999713897705
      vertex 38.95603561401367 38.69478225708008 3.799999713897705
    endloop
  endfacet
  facet normal 0 0 1
    outer loop
      vertex 38.04204559326172 35.05525207519531 3.799999713897705
      vertex 39.729888916015625 34.55503463745117 3.799999713897705
      vertex 38.19739532470703 35.516319274902344 3.799999713897705
    endloop
  endfacet
  facet normal 0 0 1
    outer loop
      vertex 37.45661926269531 37.71486282348633 3.799999713897705
      vertex 38.95603561401367 38.69478225708008 3.799999713897705
      vertex 38.60247039794922 39.037620544433594 3.799999713897705
    endloop
  endfacet
  facet normal 0 0 1
    outer loop
      vertex 39.729888916015625 34.55503463745117 3.799999713897705
      vertex 38.04204559326172 35.05525207519531 3.799999713897705
      vertex 39.5240478515625 34.107627868652344 3.799999713897705
    endloop
  endfacet
  facet normal 0 0 1
    outer loop
      vertex 37.79121017456055 34.63835906982422 3.799999713897705
      vertex 39.5240478515625 34.107627868652344 3.799999713897705
      vertex 38.04204559326172 35.05525207519531 3.799999713897705
    endloop
  endfacet
  facet normal 0 0 1
    outer loop
      vertex 37.45661926269531 37.71486282348633 3.799999713897705
      vertex 38.60247039794922 39.037620544433594 3.799999713897705
      vertex 38.20945739746094 39.334407806396484 3.799999713897705
    endloop
  endfacet
  facet normal 0 0 1
    outer loop
      vertex 39.96968078613281 36.491554260253906 3.799999713897705
      vertex 38.19739532470703 36.483680725097656 3.799999713897705
      vertex 38.25 36 3.799999713897705
    endloop
  endfacet
  facet normal 0 0 1
    outer loop
      vertex 39.729888916015625 37.44496536254883 3.799999713897705
      vertex 38.04204559326172 36.94474792480469 3.799999713897705
      vertex 38.19739532470703 36.483680725097656 3.799999713897705
    endloop
  endfacet
  facet normal 0 0 1
    outer loop
      vertex 39.5240478515625 37.892372131347656 3.799999713897705
      vertex 37.79121017456055 37.36164093017578 3.799999713897705
      vertex 38.04204559326172 36.94474792480469 3.799999713897705
    endloop
  endfacet
  facet normal 0 0 1
    outer loop
      vertex 37.053916931152344 37.98789978027344 3.799999713897705
      vertex 38.20945739746094 39.334407806396484 3.799999713897705
      vertex 37.78295135498047 39.580650329589844 3.799999713897705
    endloop
  endfacet
  facet normal 0 0 1
    outer loop
      vertex 38.95603561401367 38.69478225708008 3.799999713897705
      vertex 37.45661926269531 37.71486282348633 3.799999713897705
      vertex 37.79121017456055 37.36164093017578 3.799999713897705
    endloop
  endfacet
  facet normal 0 0 1
    outer loop
      vertex 37.053916931152344 37.98789978027344 3.799999713897705
      vertex 37.78295135498047 39.580650329589844 3.799999713897705
      vertex 37.32941818237305 39.77261734008789 3.799999713897705
    endloop
  endfacet
  facet normal 0 0 1
    outer loop
      vertex 38.20945739746094 39.334407806396484 3.799999713897705
      vertex 37.053916931152344 37.98789978027344 3.799999713897705
      vertex 37.45661926269531 37.71486282348633 3.799999713897705
    endloop
  endfacet
  facet normal 0 0 1
    outer loop
      vertex 36.60193634033203 38.16798782348633 3.799999713897705
      vertex 37.32941818237305 39.77261734008789 3.799999713897705
      vertex 36.85573196411133 39.90739440917969 3.799999713897705
    endloop
  endfacet
  facet normal 0 0 1
    outer loop
      vertex 37.32941818237305 39.77261734008789 3.799999713897705
      vertex 36.60193634033203 38.16798782348633 3.799999713897705
      vertex 37.053916931152344 37.98789978027344 3.799999713897705
    endloop
  endfacet
  facet normal 0 0 1
    outer loop
      vertex 36.12181091308594 38.246700286865234 3.799999713897705
      vertex 36.85573196411133 39.90739440917969 3.799999713897705
      vertex 36.36907196044922 39.98293685913086 3.799999713897705
    endloop
  endfacet
  facet normal 0 0 1
    outer loop
      vertex 36.85573196411133 39.90739440917969 3.799999713897705
      vertex 36.12181091308594 38.246700286865234 3.799999713897705
      vertex 36.60193634033203 38.16798782348633 3.799999713897705
    endloop
  endfacet
  facet normal 0 0 1
    outer loop
      vertex 35.8768196105957 39.99810028076172 3.799999713897705
      vertex 36.12181091308594 38.246700286865234 3.799999713897705
      vertex 36.36907196044922 39.98293685913086 3.799999713897705
    endloop
  endfacet
  facet normal 0 0 1
    outer loop
      vertex 35.8768196105957 39.99810028076172 3.799999713897705
      vertex 35.635990142822266 38.220359802246094 3.799999713897705
      vertex 36.12181091308594 38.246700286865234 3.799999713897705
    endloop
  endfacet
  facet normal 0 0 1
    outer loop
      vertex 35.38643264770508 39.952659606933594 3.799999713897705
      vertex 35.635990142822266 38.220359802246094 3.799999713897705
      vertex 35.8768196105957 39.99810028076172 3.799999713897705
    endloop
  endfacet
  facet normal 0 0 1
    outer loop
      vertex 34.90534973144531 39.8473014831543 3.799999713897705
      vertex 35.635990142822266 38.220359802246094 3.799999713897705
      vertex 35.38643264770508 39.952659606933594 3.799999713897705
    endloop
  endfacet
  facet normal 0 0 1
    outer loop
      vertex 35.635990142822266 38.220359802246094 3.799999713897705
      vertex 34.90534973144531 39.8473014831543 3.799999713897705
      vertex 35.16719055175781 38.0901985168457 3.799999713897705
    endloop
  endfacet
  facet normal 0 0 1
    outer loop
      vertex 34.44085693359375 39.68362045288086 3.799999713897705
      vertex 35.16719055175781 38.0901985168457 3.799999713897705
      vertex 34.90534973144531 39.8473014831543 3.799999713897705
    endloop
  endfacet
  facet normal 0 0 1
    outer loop
      vertex 34 39.4640998840332 3.799999713897705
      vertex 35.16719055175781 38.0901985168457 3.799999713897705
      vertex 34.44085693359375 39.68362045288086 3.799999713897705
    endloop
  endfacet
  facet normal 0 0 1
    outer loop
      vertex 35.16719055175781 38.0901985168457 3.799999713897705
      vertex 34 39.4640998840332 3.799999713897705
      vertex 34.737327575683594 37.862300872802734 3.799999713897705
    endloop
  endfacet
  facet normal 0 0 1
    outer loop
      vertex 33.58946228027344 39.19207000732422 3.799999713897705
      vertex 34.737327575683594 37.862300872802734 3.799999713897705
      vertex 34 39.4640998840332 3.799999713897705
    endloop
  endfacet
  facet normal 0 0 1
    outer loop
      vertex 34.737327575683594 37.862300872802734 3.799999713897705
      vertex 33.58946228027344 39.19207000732422 3.799999713897705
      vertex 34.36650848388672 37.547325134277344 3.799999713897705
    endloop
  endfacet
  facet normal 0 0 1
    outer loop
      vertex 33.2154655456543 38.871646881103516 3.799999713897705
      vertex 34.36650848388672 37.547325134277344 3.799999713897705
      vertex 33.58946228027344 39.19207000732422 3.799999713897705
    endloop
  endfacet
  facet normal 0 0 1
    outer loop
      vertex 32.8836784362793 38.507694244384766 3.799999713897705
      vertex 34.36650848388672 37.547325134277344 3.799999713897705
      vertex 33.2154655456543 38.871646881103516 3.799999713897705
    endloop
  endfacet
  facet normal 0 0 1
    outer loop
      vertex 32.5991325378418 38.10572814941406 3.799999713897705
      vertex 34.07207107543945 37.159996032714844 3.799999713897705
      vertex 32.8836784362793 38.507694244384766 3.799999713897705
    endloop
  endfacet
  facet normal 0 0 1
    outer loop
      vertex 34.36650848388672 37.547325134277344 3.799999713897705
      vertex 32.8836784362793 38.507694244384766 3.799999713897705
      vertex 34.07207107543945 37.159996032714844 3.799999713897705
    endloop
  endfacet
  facet normal 0 0 1
    outer loop
      vertex 39.5240478515625 34.107627868652344 3.799999713897705
      vertex 37.79121017456055 34.63835906982422 3.799999713897705
      vertex 39.26478576660156 33.68890380859375 3.799999713897705
    endloop
  endfacet
  facet normal 0 0 1
    outer loop
      vertex 39.26478576660156 33.68890380859375 3.799999713897705
      vertex 37.79121017456055 34.63835906982422 3.799999713897705
      vertex 38.95603561401367 33.30521774291992 3.799999713897705
    endloop
  endfacet
  facet normal 0 0 1
    outer loop
      vertex 37.45661926269531 34.28513717651367 3.799999713897705
      vertex 38.95603561401367 33.30521774291992 3.799999713897705
      vertex 37.79121017456055 34.63835906982422 3.799999713897705
    endloop
  endfacet
  facet normal 0 0 1
    outer loop
      vertex 38.95603561401367 33.30521774291992 3.799999713897705
      vertex 37.45661926269531 34.28513717651367 3.799999713897705
      vertex 38.60247039794922 32.962379455566406 3.799999713897705
    endloop
  endfacet
  facet normal 0 0 1
    outer loop
      vertex 38.60247039794922 32.962379455566406 3.799999713897705
      vertex 37.45661926269531 34.28513717651367 3.799999713897705
      vertex 38.20945739746094 32.665592193603516 3.799999713897705
    endloop
  endfacet
  facet normal 0 0 1
    outer loop
      vertex 37.053916931152344 34.01210021972656 3.799999713897705
      vertex 38.20945739746094 32.665592193603516 3.799999713897705
      vertex 37.45661926269531 34.28513717651367 3.799999713897705
    endloop
  endfacet
  facet normal 0 0 1
    outer loop
      vertex 38.20945739746094 32.665592193603516 3.799999713897705
      vertex 37.053916931152344 34.01210021972656 3.799999713897705
      vertex 37.78295135498047 32.419349670410156 3.799999713897705
    endloop
  endfacet
  facet normal 0 0 1
    outer loop
      vertex 37.78295135498047 32.419349670410156 3.799999713897705
      vertex 37.053916931152344 34.01210021972656 3.799999713897705
      vertex 37.32941818237305 32.22738265991211 3.799999713897705
    endloop
  endfacet
  facet normal 0 0 1
    outer loop
      vertex 36.60193634033203 33.83201217651367 3.799999713897705
      vertex 37.32941818237305 32.22738265991211 3.799999713897705
      vertex 37.053916931152344 34.01210021972656 3.799999713897705
    endloop
  endfacet
  facet normal 0 0 1
    outer loop
      vertex 37.32941818237305 32.22738265991211 3.799999713897705
      vertex 36.60193634033203 33.83201217651367 3.799999713897705
      vertex 36.85573196411133 32.09260559082031 3.799999713897705
    endloop
  endfacet
  facet normal 0 0 1
    outer loop
      vertex 36.12181091308594 33.753299713134766 3.799999713897705
      vertex 36.85573196411133 32.09260559082031 3.799999713897705
      vertex 36.60193634033203 33.83201217651367 3.799999713897705
    endloop
  endfacet
  facet normal 0 0 1
    outer loop
      vertex 36.85573196411133 32.09260559082031 3.799999713897705
      vertex 36.12181091308594 33.753299713134766 3.799999713897705
      vertex 36.36907196044922 32.01706314086914 3.799999713897705
    endloop
  endfacet
  facet normal 0 0 1
    outer loop
      vertex 36.12181091308594 33.753299713134766 3.799999713897705
      vertex 35.8768196105957 32.00189971923828 3.799999713897705
      vertex 36.36907196044922 32.01706314086914 3.799999713897705
    endloop
  endfacet
  facet normal 0 0 1
    outer loop
      vertex 35.635990142822266 33.779640197753906 3.799999713897705
      vertex 35.8768196105957 32.00189971923828 3.799999713897705
      vertex 36.12181091308594 33.753299713134766 3.799999713897705
    endloop
  endfacet
  facet normal 0 0 1
    outer loop
      vertex 35.635990142822266 33.779640197753906 3.799999713897705
      vertex 35.38643264770508 32.047340393066406 3.799999713897705
      vertex 35.8768196105957 32.00189971923828 3.799999713897705
    endloop
  endfacet
  facet normal 0 0 1
    outer loop
      vertex 34.90534973144531 32.1526985168457 3.799999713897705
      vertex 35.635990142822266 33.779640197753906 3.799999713897705
      vertex 35.16719055175781 33.9098014831543 3.799999713897705
    endloop
  endfacet
  facet normal 0 0 1
    outer loop
      vertex 35.635990142822266 33.779640197753906 3.799999713897705
      vertex 34.90534973144531 32.1526985168457 3.799999713897705
      vertex 35.38643264770508 32.047340393066406 3.799999713897705
    endloop
  endfacet
  facet normal 0 0 1
    outer loop
      vertex 34 32.5359001159668 3.799999713897705
      vertex 35.16719055175781 33.9098014831543 3.799999713897705
      vertex 34.737327575683594 34.137699127197266 3.799999713897705
    endloop
  endfacet
  facet normal 0 0 1
    outer loop
      vertex 35.16719055175781 33.9098014831543 3.799999713897705
      vertex 34.44085693359375 32.31637954711914 3.799999713897705
      vertex 34.90534973144531 32.1526985168457 3.799999713897705
    endloop
  endfacet
  facet normal 0 0 1
    outer loop
      vertex 33.58946228027344 32.80792999267578 3.799999713897705
      vertex 34.737327575683594 34.137699127197266 3.799999713897705
      vertex 34.36650848388672 34.452674865722656 3.799999713897705
    endloop
  endfacet
  facet normal 0 0 1
    outer loop
      vertex 32.8836784362793 33.492305755615234 3.799999713897705
      vertex 34.36650848388672 34.452674865722656 3.799999713897705
      vertex 34.07207107543945 34.840003967285156 3.799999713897705
    endloop
  endfacet
  facet normal 0 0 1
    outer loop
      vertex 35.16719055175781 33.9098014831543 3.799999713897705
      vertex 34 32.5359001159668 3.799999713897705
      vertex 34.44085693359375 32.31637954711914 3.799999713897705
    endloop
  endfacet
  facet normal 0 0 1
    outer loop
      vertex 32.36613845825195 34.32815933227539 3.799999713897705
      vertex 34.07207107543945 34.840003967285156 3.799999713897705
      vertex 33.86778259277344 35.28157043457031 3.799999713897705
    endloop
  endfacet
  facet normal 0 0 1
    outer loop
      vertex 32.06810760498047 35.2650032043457 3.799999713897705
      vertex 33.86778259277344 35.28157043457031 3.799999713897705
      vertex 33.76319122314453 35.75673294067383 3.799999713897705
    endloop
  endfacet
  facet normal 0 0 1
    outer loop
      vertex 34.737327575683594 34.137699127197266 3.799999713897705
      vertex 33.58946228027344 32.80792999267578 3.799999713897705
      vertex 34 32.5359001159668 3.799999713897705
    endloop
  endfacet
  facet normal 0 0 1
    outer loop
      vertex 32.36613845825195 37.67184066772461 3.799999713897705
      vertex 34.07207107543945 37.159996032714844 3.799999713897705
      vertex 32.5991325378418 38.10572814941406 3.799999713897705
    endloop
  endfacet
  facet normal 0 0 1
    outer loop
      vertex 34.07207107543945 37.159996032714844 3.799999713897705
      vertex 32.36613845825195 37.67184066772461 3.799999713897705
      vertex 33.86778259277344 36.71842956542969 3.799999713897705
    endloop
  endfacet
  facet normal 0 0 1
    outer loop
      vertex 34.36650848388672 34.452674865722656 3.799999713897705
      vertex 33.2154655456543 33.128353118896484 3.799999713897705
      vertex 33.58946228027344 32.80792999267578 3.799999713897705
    endloop
  endfacet
  facet normal 0 0 1
    outer loop
      vertex 32.188232421875 37.212608337402344 3.799999713897705
      vertex 33.86778259277344 36.71842956542969 3.799999713897705
      vertex 32.36613845825195 37.67184066772461 3.799999713897705
    endloop
  endfacet
  facet normal 0 0 1
    outer loop
      vertex 34.36650848388672 34.452674865722656 3.799999713897705
      vertex 32.8836784362793 33.492305755615234 3.799999713897705
      vertex 33.2154655456543 33.128353118896484 3.799999713897705
    endloop
  endfacet
  facet normal 0 0 1
    outer loop
      vertex 32.06810760498047 36.7349967956543 3.799999713897705
      vertex 33.86778259277344 36.71842956542969 3.799999713897705
      vertex 32.188232421875 37.212608337402344 3.799999713897705
    endloop
  endfacet
  facet normal 0 0 1
    outer loop
      vertex 34.07207107543945 34.840003967285156 3.799999713897705
      vertex 32.5991325378418 33.89427185058594 3.799999713897705
      vertex 32.8836784362793 33.492305755615234 3.799999713897705
    endloop
  endfacet
  facet normal 0 0 1
    outer loop
      vertex 33.86778259277344 36.71842956542969 3.799999713897705
      vertex 32.06810760498047 36.7349967956543 3.799999713897705
      vertex 33.76319122314453 36.24326705932617 3.799999713897705
    endloop
  endfacet
  facet normal 0 0 1
    outer loop
      vertex 34.07207107543945 34.840003967285156 3.799999713897705
      vertex 32.36613845825195 34.32815933227539 3.799999713897705
      vertex 32.5991325378418 33.89427185058594 3.799999713897705
    endloop
  endfacet
  facet normal 0 0 1
    outer loop
      vertex 32.00758743286133 36.24624252319336 3.799999713897705
      vertex 33.76319122314453 36.24326705932617 3.799999713897705
      vertex 32.06810760498047 36.7349967956543 3.799999713897705
    endloop
  endfacet
  facet normal 0 0 1
    outer loop
      vertex 33.86778259277344 35.28157043457031 3.799999713897705
      vertex 32.188232421875 34.787391662597656 3.799999713897705
      vertex 32.36613845825195 34.32815933227539 3.799999713897705
    endloop
  endfacet
  facet normal 0 0 1
    outer loop
      vertex 33.76319122314453 36.24326705932617 3.799999713897705
      vertex 32.00758743286133 36.24624252319336 3.799999713897705
      vertex 33.76319122314453 35.75673294067383 3.799999713897705
    endloop
  endfacet
  facet normal 0 0 1
    outer loop
      vertex 33.86778259277344 35.28157043457031 3.799999713897705
      vertex 32.06810760498047 35.2650032043457 3.799999713897705
      vertex 32.188232421875 34.787391662597656 3.799999713897705
    endloop
  endfacet
  facet normal 0 0 1
    outer loop
      vertex 32.00758743286133 35.75375747680664 3.799999713897705
      vertex 33.76319122314453 35.75673294067383 3.799999713897705
      vertex 32.00758743286133 36.24624252319336 3.799999713897705
    endloop
  endfacet
  facet normal 0 0 1
    outer loop
      vertex 33.76319122314453 35.75673294067383 3.799999713897705
      vertex 32.00758743286133 35.75375747680664 3.799999713897705
      vertex 32.06810760498047 35.2650032043457 3.799999713897705
    endloop
  endfacet
  facet normal -0.8502179324010188 0.5264308762066837 0
    outer loop
      vertex 39.26478576660156 33.68890380859375 3.799999713897705
      vertex 39.5240478515625 34.107627868652344 7.899999618530273
      vertex 39.5240478515625 34.107627868652344 3.799999713897705
    endloop
  endfacet
  facet normal -0.8502179324010188 0.5264308762066837 0
    outer loop
      vertex 39.5240478515625 34.107627868652344 7.899999618530273
      vertex 39.26478576660156 33.68890380859375 3.799999713897705
      vertex 39.26478576660156 33.68890380859375 7.899999618530273
    endloop
  endfacet
  facet normal -0.15338936226572766 -0.9881658279578956 0
    outer loop
      vertex 36.36907196044922 39.98293685913086 3.799999713897705
      vertex 36.85573196411133 39.90739440917969 7.899999618530273
      vertex 36.36907196044922 39.98293685913086 7.899999618530273
    endloop
  endfacet
  facet normal -0.15338936226572766 -0.9881658279578956 0
    outer loop
      vertex 36.85573196411133 39.90739440917969 7.899999618530273
      vertex 36.36907196044922 39.98293685913086 3.799999713897705
      vertex 36.85573196411133 39.90739440917969 3.799999713897705
    endloop
  endfacet
  facet normal 0.44573819258379715 -0.8951633726153733 0
    outer loop
      vertex 34 39.4640998840332 3.799999713897705
      vertex 34.44085693359375 39.68362045288086 7.899999618530273
      vertex 34 39.4640998840332 7.899999618530273
    endloop
  endfacet
  facet normal 0.44573819258379715 -0.8951633726153733 0
    outer loop
      vertex 34.44085693359375 39.68362045288086 7.899999618530273
      vertex 34 39.4640998840332 3.799999713897705
      vertex 34.44085693359375 39.68362045288086 3.799999713897705
    endloop
  endfacet
  facet normal 0.9697966034842238 0.24391504232101632 0
    outer loop
      vertex 32.188232421875 34.787391662597656 7.899999618530273
      vertex 32.06810760498047 35.2650032043457 3.799999713897705
      vertex 32.06810760498047 35.2650032043457 7.899999618530273
    endloop
  endfacet
  facet normal 0.9697966034842238 0.24391504232101632 0
    outer loop
      vertex 32.06810760498047 35.2650032043457 3.799999713897705
      vertex 32.188232421875 34.787391662597656 7.899999618530273
      vertex 32.188232421875 34.787391662597656 3.799999713897705
    endloop
  endfacet
  facet normal 0.6506210413741331 -0.7594025681555459 0
    outer loop
      vertex 33.2154655456543 38.871646881103516 3.799999713897705
      vertex 33.58946228027344 39.19207000732422 7.899999618530273
      vertex 33.2154655456543 38.871646881103516 7.899999618530273
    endloop
  endfacet
  facet normal 0.6506210413741331 -0.7594025681555459 0
    outer loop
      vertex 33.58946228027344 39.19207000732422 7.899999618530273
      vertex 33.2154655456543 38.871646881103516 3.799999713897705
      vertex 33.58946228027344 39.19207000732422 3.799999713897705
    endloop
  endfacet
  facet normal 0.9924206885904562 -0.12288684574699188 0
    outer loop
      vertex 32.00758743286133 36.24624252319336 7.899999618530273
      vertex 32.06810760498047 36.7349967956543 3.799999713897705
      vertex 32.06810760498047 36.7349967956543 7.899999618530273
    endloop
  endfacet
  facet normal 0.9924206885904562 -0.12288684574699188 0
    outer loop
      vertex 32.06810760498047 36.7349967956543 3.799999713897705
      vertex 32.00758743286133 36.24624252319336 7.899999618530273
      vertex 32.00758743286133 36.24624252319336 3.799999713897705
    endloop
  endfacet
  facet normal 0.09226761412297531 0.9957342453607053 0
    outer loop
      vertex 35.8768196105957 32.00189971923828 3.799999713897705
      vertex 35.38643264770508 32.047340393066406 7.899999618530273
      vertex 35.8768196105957 32.00189971923828 7.899999618530273
    endloop
  endfacet
  facet normal 0.09226761412297531 0.9957342453607053 0
    outer loop
      vertex 35.38643264770508 32.047340393066406 7.899999618530273
      vertex 35.8768196105957 32.00189971923828 3.799999713897705
      vertex 35.38643264770508 32.047340393066406 3.799999713897705
    endloop
  endfacet
  facet normal 0.816196920637818 0.5777738197091866 0
    outer loop
      vertex 32.8836784362793 33.492305755615234 7.899999618530273
      vertex 32.5991325378418 33.89427185058594 3.799999713897705
      vertex 32.5991325378418 33.89427185058594 7.899999618530273
    endloop
  endfacet
  facet normal 0.816196920637818 0.5777738197091866 0
    outer loop
      vertex 32.5991325378418 33.89427185058594 3.799999713897705
      vertex 32.8836784362793 33.492305755615234 7.899999618530273
      vertex 32.8836784362793 33.492305755615234 3.799999713897705
    endloop
  endfacet
  facet normal -0.9914449723560615 -0.13052534922339182 0
    outer loop
      vertex 39.84778594970703 3.4862289428710938 0
      vertex 39.392311096191406 6.945926666259766 7.899999618530273
      vertex 39.392311096191406 6.945926666259766 0
    endloop
  endfacet
  facet normal -0.9914449723560615 -0.13052534922339182 0
    outer loop
      vertex 39.392311096191406 6.945926666259766 7.899999618530273
      vertex 39.84778594970703 3.4862289428710938 0
      vertex 39.84778594970703 3.4862289428710938 7.899999618530273
    endloop
  endfacet
  facet normal -0.9990481965124177 -0.043619961546129515 0
    outer loop
      vertex 40 0 0
      vertex 39.84778594970703 3.4862289428710938 7.899999618530273
      vertex 39.84778594970703 3.4862289428710938 0
    endloop
  endfacet
  facet normal -0.9990481965124177 -0.043619961546129515 0
    outer loop
      vertex 39.84778594970703 3.4862289428710938 7.899999618530273
      vertex 40 0 0
      vertex 40 0 7.899999618530273
    endloop
  endfacet
  facet normal -0.953716981365837 -0.3007057023976026 0
    outer loop
      vertex 38.63703155517578 10.352761268615723 0
      vertex 37.587703704833984 13.680805206298828 7.899999618530273
      vertex 37.587703704833984 13.680805206298828 0
    endloop
  endfacet
  facet normal -0.953716981365837 -0.3007057023976026 0
    outer loop
      vertex 37.587703704833984 13.680805206298828 7.899999618530273
      vertex 38.63703155517578 10.352761268615723 0
      vertex 38.63703155517578 10.352761268615723 7.899999618530273
    endloop
  endfacet
  facet normal -0.7372774857408593 -0.6755900450862469 0
    outer loop
      vertex 30.64177703857422 25.711503982543945 0
      vertex 28.284271240234375 28.284271240234375 7.899999618530273
      vertex 28.284271240234375 28.284271240234375 0
    endloop
  endfacet
  facet normal -0.7372774857408593 -0.6755900450862469 0
    outer loop
      vertex 28.284271240234375 28.284271240234375 7.899999618530273
      vertex 30.64177703857422 25.711503982543945 0
      vertex 30.64177703857422 25.711503982543945 7.899999618530273
    endloop
  endfacet
  facet normal 0.6755900450862469 -0.7372774857408593 0
    outer loop
      vertex -28.284271240234375 28.284271240234375 0
      vertex -25.711503982543945 30.64177703857422 7.899999618530273
      vertex -28.284271240234375 28.284271240234375 7.899999618530273
    endloop
  endfacet
  facet normal 0.6755900450862469 -0.7372774857408593 0
    outer loop
      vertex -25.711503982543945 30.64177703857422 7.899999618530273
      vertex -28.284271240234375 28.284271240234375 0
      vertex -25.711503982543945 30.64177703857422 0
    endloop
  endfacet
  facet normal 0.46174905317232307 0.887010604161226 0
    outer loop
      vertex -16.90472984313965 -36.25231170654297 0
      vertex -20 -34.641014099121094 7.899999618530273
      vertex -16.90472984313965 -36.25231170654297 7.899999618530273
    endloop
  endfacet
  facet normal 0.46174905317232307 0.887010604161226 0
    outer loop
      vertex -20 -34.641014099121094 7.899999618530273
      vertex -16.90472984313965 -36.25231170654297 0
      vertex -20 -34.641014099121094 0
    endloop
  endfacet
  facet normal -0.9762958561464958 0.21644029493414738 0
    outer loop
      vertex 38.63703155517578 -10.352761268615723 0
      vertex 39.392311096191406 -6.945926666259766 7.899999618530273
      vertex 39.392311096191406 -6.945926666259766 0
    endloop
  endfacet
  facet normal -0.9762958561464958 0.21644029493414738 0
    outer loop
      vertex 39.392311096191406 -6.945926666259766 7.899999618530273
      vertex 38.63703155517578 -10.352761268615723 0
      vertex 38.63703155517578 -10.352761268615723 7.899999618530273
    endloop
  endfacet
  facet normal 0.13052534922339182 0.9914449723560615 0
    outer loop
      vertex -3.4862289428710938 -39.84778594970703 0
      vertex -6.945926666259766 -39.392311096191406 7.899999618530273
      vertex -3.4862289428710938 -39.84778594970703 7.899999618530273
    endloop
  endfacet
  facet normal 0.13052534922339182 0.9914449723560615 0
    outer loop
      vertex -6.945926666259766 -39.392311096191406 7.899999618530273
      vertex -3.4862289428710938 -39.84778594970703 0
      vertex -6.945926666259766 -39.392311096191406 0
    endloop
  endfacet
  facet normal -0.6087618652523549 -0.7933530055495307 0
    outer loop
      vertex 22.943058013916016 32.766082763671875 0
      vertex 25.711503982543945 30.64177703857422 7.899999618530273
      vertex 22.943058013916016 32.766082763671875 7.899999618530273
    endloop
  endfacet
  facet normal -0.6087618652523549 -0.7933530055495307 0
    outer loop
      vertex 25.711503982543945 30.64177703857422 7.899999618530273
      vertex 22.943058013916016 32.766082763671875 0
      vertex 25.711503982543945 30.64177703857422 0
    endloop
  endfacet
  facet normal -0.3826831118481762 -0.9238796652736743 0
    outer loop
      vertex 13.680805206298828 37.587703704833984 0
      vertex 16.90472984313965 36.25231170654297 7.899999618530273
      vertex 13.680805206298828 37.587703704833984 7.899999618530273
    endloop
  endfacet
  facet normal -0.3826831118481762 -0.9238796652736743 0
    outer loop
      vertex 16.90472984313965 36.25231170654297 7.899999618530273
      vertex 13.680805206298828 37.587703704833984 0
      vertex 16.90472984313965 36.25231170654297 0
    endloop
  endfacet
  facet normal 0.6087618652523549 -0.7933530055495307 0
    outer loop
      vertex -25.711503982543945 30.64177703857422 0
      vertex -22.943058013916016 32.766082763671875 7.899999618530273
      vertex -25.711503982543945 30.64177703857422 7.899999618530273
    endloop
  endfacet
  facet normal 0.6087618652523549 -0.7933530055495307 0
    outer loop
      vertex -22.943058013916016 32.766082763671875 7.899999618530273
      vertex -25.711503982543945 30.64177703857422 0
      vertex -22.943058013916016 32.766082763671875 0
    endloop
  endfacet
  facet normal -0.953716981365837 0.3007057023976026 0
    outer loop
      vertex 37.587703704833984 -13.680805206298828 0
      vertex 38.63703155517578 -10.352761268615723 7.899999618530273
      vertex 38.63703155517578 -10.352761268615723 0
    endloop
  endfacet
  facet normal -0.953716981365837 0.3007057023976026 0
    outer loop
      vertex 38.63703155517578 -10.352761268615723 7.899999618530273
      vertex 37.587703704833984 -13.680805206298828 0
      vertex 37.587703704833984 -13.680805206298828 7.899999618530273
    endloop
  endfacet
  facet normal -0.9762958561464958 -0.21644029493414738 0
    outer loop
      vertex 39.392311096191406 6.945926666259766 0
      vertex 38.63703155517578 10.352761268615723 7.899999618530273
      vertex 38.63703155517578 10.352761268615723 0
    endloop
  endfacet
  facet normal -0.9762958561464958 -0.21644029493414738 0
    outer loop
      vertex 38.63703155517578 10.352761268615723 7.899999618530273
      vertex 39.392311096191406 6.945926666259766 0
      vertex 39.392311096191406 6.945926666259766 7.899999618530273
    endloop
  endfacet
  facet normal -0.7933530055495307 -0.6087618652523549 0
    outer loop
      vertex 32.766082763671875 22.943058013916016 0
      vertex 30.64177703857422 25.711503982543945 7.899999618530273
      vertex 30.64177703857422 25.711503982543945 0
    endloop
  endfacet
  facet normal -0.7933530055495307 -0.6087618652523549 0
    outer loop
      vertex 30.64177703857422 25.711503982543945 7.899999618530273
      vertex 32.766082763671875 22.943058013916016 0
      vertex 32.766082763671875 22.943058013916016 7.899999618530273
    endloop
  endfacet
  facet normal 0.9762958561464958 -0.21644029493414738 0
    outer loop
      vertex -39.392311096191406 6.945926666259766 7.899999618530273
      vertex -38.63703155517578 10.352761268615723 0
      vertex -38.63703155517578 10.352761268615723 7.899999618530273
    endloop
  endfacet
  facet normal 0.9762958561464958 -0.21644029493414738 0
    outer loop
      vertex -38.63703155517578 10.352761268615723 0
      vertex -39.392311096191406 6.945926666259766 7.899999618530273
      vertex -39.392311096191406 6.945926666259766 0
    endloop
  endfacet
  facet normal -0.9990481965124177 0.043619961546129515 0
    outer loop
      vertex 39.84778594970703 -3.4862289428710938 0
      vertex 40 0 7.899999618530273
      vertex 40 0 0
    endloop
  endfacet
  facet normal -0.9990481965124177 0.043619961546129515 0
    outer loop
      vertex 40 0 7.899999618530273
      vertex 39.84778594970703 -3.4862289428710938 0
      vertex 39.84778594970703 -3.4862289428710938 7.899999618530273
    endloop
  endfacet
  facet normal -0.3007057023976026 -0.953716981365837 0
    outer loop
      vertex 10.352761268615723 38.63703155517578 0
      vertex 13.680805206298828 37.587703704833984 7.899999618530273
      vertex 10.352761268615723 38.63703155517578 7.899999618530273
    endloop
  endfacet
  facet normal -0.3007057023976026 -0.953716981365837 0
    outer loop
      vertex 13.680805206298828 37.587703704833984 7.899999618530273
      vertex 10.352761268615723 38.63703155517578 0
      vertex 13.680805206298828 37.587703704833984 0
    endloop
  endfacet
  facet normal 0.21644029493414738 -0.9762958561464958 0
    outer loop
      vertex -10.352761268615723 38.63703155517578 0
      vertex -6.945926666259766 39.392311096191406 7.899999618530273
      vertex -10.352761268615723 38.63703155517578 7.899999618530273
    endloop
  endfacet
  facet normal 0.21644029493414738 -0.9762958561464958 0
    outer loop
      vertex -6.945926666259766 39.392311096191406 7.899999618530273
      vertex -10.352761268615723 38.63703155517578 0
      vertex -6.945926666259766 39.392311096191406 0
    endloop
  endfacet
  facet normal 0.7372774857408593 0.6755900450862469 0
    outer loop
      vertex -28.284271240234375 -28.284271240234375 7.899999618530273
      vertex -30.64177703857422 -25.711503982543945 0
      vertex -30.64177703857422 -25.711503982543945 7.899999618530273
    endloop
  endfacet
  facet normal 0.7372774857408593 0.6755900450862469 0
    outer loop
      vertex -30.64177703857422 -25.711503982543945 0
      vertex -28.284271240234375 -28.284271240234375 7.899999618530273
      vertex -28.284271240234375 -28.284271240234375 0
    endloop
  endfacet
  facet normal -0.5372989150777383 0.8433918874736023 0
    outer loop
      vertex 22.943058013916016 -32.766082763671875 0
      vertex 20 -34.641014099121094 7.899999618530273
      vertex 22.943058013916016 -32.766082763671875 7.899999618530273
    endloop
  endfacet
  facet normal -0.5372989150777383 0.8433918874736023 0
    outer loop
      vertex 20 -34.641014099121094 7.899999618530273
      vertex 22.943058013916016 -32.766082763671875 0
      vertex 20 -34.641014099121094 0
    endloop
  endfacet
  facet normal -0.7372774857408593 0.6755900450862469 0
    outer loop
      vertex 28.284271240234375 -28.284271240234375 0
      vertex 30.64177703857422 -25.711503982543945 7.899999618530273
      vertex 30.64177703857422 -25.711503982543945 0
    endloop
  endfacet
  facet normal -0.7372774857408593 0.6755900450862469 0
    outer loop
      vertex 30.64177703857422 -25.711503982543945 7.899999618530273
      vertex 28.284271240234375 -28.284271240234375 0
      vertex 28.284271240234375 -28.284271240234375 7.899999618530273
    endloop
  endfacet
  facet normal -0.9238796652736743 -0.3826831118481762 0
    outer loop
      vertex 37.587703704833984 13.680805206298828 0
      vertex 36.25231170654297 16.90472984313965 7.899999618530273
      vertex 36.25231170654297 16.90472984313965 0
    endloop
  endfacet
  facet normal -0.9238796652736743 -0.3826831118481762 0
    outer loop
      vertex 36.25231170654297 16.90472984313965 7.899999618530273
      vertex 37.587703704833984 13.680805206298828 0
      vertex 37.587703704833984 13.680805206298828 7.899999618530273
    endloop
  endfacet
  facet normal -0.887010604161226 -0.46174905317232307 0
    outer loop
      vertex 36.25231170654297 16.90472984313965 0
      vertex 34.641014099121094 20 7.899999618530273
      vertex 34.641014099121094 20 0
    endloop
  endfacet
  facet normal -0.887010604161226 -0.46174905317232307 0
    outer loop
      vertex 34.641014099121094 20 7.899999618530273
      vertex 36.25231170654297 16.90472984313965 0
      vertex 36.25231170654297 16.90472984313965 7.899999618530273
    endloop
  endfacet
  facet normal 0.46174905317232307 -0.887010604161226 0
    outer loop
      vertex -20 34.641014099121094 0
      vertex -16.90472984313965 36.25231170654297 7.899999618530273
      vertex -20 34.641014099121094 7.899999618530273
    endloop
  endfacet
  facet normal 0.46174905317232307 -0.887010604161226 0
    outer loop
      vertex -16.90472984313965 36.25231170654297 7.899999618530273
      vertex -20 34.641014099121094 0
      vertex -16.90472984313965 36.25231170654297 0
    endloop
  endfacet
  facet normal 0.9238796652736743 -0.3826831118481762 0
    outer loop
      vertex -37.587703704833984 13.680805206298828 7.899999618530273
      vertex -36.25231170654297 16.90472984313965 0
      vertex -36.25231170654297 16.90472984313965 7.899999618530273
    endloop
  endfacet
  facet normal 0.9238796652736743 -0.3826831118481762 0
    outer loop
      vertex -36.25231170654297 16.90472984313965 0
      vertex -37.587703704833984 13.680805206298828 7.899999618530273
      vertex -37.587703704833984 13.680805206298828 0
    endloop
  endfacet
  facet normal 0.13052534922339182 -0.9914449723560615 0
    outer loop
      vertex -6.945926666259766 39.392311096191406 0
      vertex -3.4862289428710938 39.84778594970703 7.899999618530273
      vertex -6.945926666259766 39.392311096191406 7.899999618530273
    endloop
  endfacet
  facet normal 0.13052534922339182 -0.9914449723560615 0
    outer loop
      vertex -3.4862289428710938 39.84778594970703 7.899999618530273
      vertex -6.945926666259766 39.392311096191406 0
      vertex -3.4862289428710938 39.84778594970703 0
    endloop
  endfacet
  facet normal -0.9238796652736743 0.3826831118481762 0
    outer loop
      vertex 36.25231170654297 -16.90472984313965 0
      vertex 37.587703704833984 -13.680805206298828 7.899999618530273
      vertex 37.587703704833984 -13.680805206298828 0
    endloop
  endfacet
  facet normal -0.9238796652736743 0.3826831118481762 0
    outer loop
      vertex 37.587703704833984 -13.680805206298828 7.899999618530273
      vertex 36.25231170654297 -16.90472984313965 0
      vertex 36.25231170654297 -16.90472984313965 7.899999618530273
    endloop
  endfacet
  facet normal 0.9914449723560615 0.13052534922339182 0
    outer loop
      vertex -39.392311096191406 -6.945926666259766 7.899999618530273
      vertex -39.84778594970703 -3.4862289428710938 0
      vertex -39.84778594970703 -3.4862289428710938 7.899999618530273
    endloop
  endfacet
  facet normal 0.9914449723560615 0.13052534922339182 0
    outer loop
      vertex -39.84778594970703 -3.4862289428710938 0
      vertex -39.392311096191406 -6.945926666259766 7.899999618530273
      vertex -39.392311096191406 -6.945926666259766 0
    endloop
  endfacet
  facet normal -0.13052534922339182 -0.9914449723560615 0
    outer loop
      vertex 3.4862289428710938 39.84778594970703 0
      vertex 6.945926666259766 39.392311096191406 7.899999618530273
      vertex 3.4862289428710938 39.84778594970703 7.899999618530273
    endloop
  endfacet
  facet normal -0.13052534922339182 -0.9914449723560615 0
    outer loop
      vertex 6.945926666259766 39.392311096191406 7.899999618530273
      vertex 3.4862289428710938 39.84778594970703 0
      vertex 6.945926666259766 39.392311096191406 0
    endloop
  endfacet
  facet normal 0.3007057023976026 0.953716981365837 0
    outer loop
      vertex -10.352761268615723 -38.63703155517578 0
      vertex -13.680805206298828 -37.587703704833984 7.899999618530273
      vertex -10.352761268615723 -38.63703155517578 7.899999618530273
    endloop
  endfacet
  facet normal 0.3007057023976026 0.953716981365837 0
    outer loop
      vertex -13.680805206298828 -37.587703704833984 7.899999618530273
      vertex -10.352761268615723 -38.63703155517578 0
      vertex -13.680805206298828 -37.587703704833984 0
    endloop
  endfacet
  facet normal -0.46174905317232307 -0.887010604161226 0
    outer loop
      vertex 16.90472984313965 36.25231170654297 0
      vertex 20 34.641014099121094 7.899999618530273
      vertex 16.90472984313965 36.25231170654297 7.899999618530273
    endloop
  endfacet
  facet normal -0.46174905317232307 -0.887010604161226 0
    outer loop
      vertex 20 34.641014099121094 7.899999618530273
      vertex 16.90472984313965 36.25231170654297 0
      vertex 20 34.641014099121094 0
    endloop
  endfacet
  facet normal 0.3007057023976026 -0.953716981365837 0
    outer loop
      vertex -13.680805206298828 37.587703704833984 0
      vertex -10.352761268615723 38.63703155517578 7.899999618530273
      vertex -13.680805206298828 37.587703704833984 7.899999618530273
    endloop
  endfacet
  facet normal 0.3007057023976026 -0.953716981365837 0
    outer loop
      vertex -10.352761268615723 38.63703155517578 7.899999618530273
      vertex -13.680805206298828 37.587703704833984 0
      vertex -10.352761268615723 38.63703155517578 0
    endloop
  endfacet
  facet normal 0.3826831118481762 0.9238796652736743 0
    outer loop
      vertex -13.680805206298828 -37.587703704833984 0
      vertex -16.90472984313965 -36.25231170654297 7.899999618530273
      vertex -13.680805206298828 -37.587703704833984 7.899999618530273
    endloop
  endfacet
  facet normal 0.3826831118481762 0.9238796652736743 0
    outer loop
      vertex -16.90472984313965 -36.25231170654297 7.899999618530273
      vertex -13.680805206298828 -37.587703704833984 0
      vertex -16.90472984313965 -36.25231170654297 0
    endloop
  endfacet
  facet normal 0.9990481965124177 -0.043619961546129515 0
    outer loop
      vertex -40 0 7.899999618530273
      vertex -39.84778594970703 3.4862289428710938 0
      vertex -39.84778594970703 3.4862289428710938 7.899999618530273
    endloop
  endfacet
  facet normal 0.9990481965124177 -0.043619961546129515 0
    outer loop
      vertex -39.84778594970703 3.4862289428710938 0
      vertex -40 0 7.899999618530273
      vertex -40 0 0
    endloop
  endfacet
  facet normal -0.8433918874736023 -0.5372989150777383 0
    outer loop
      vertex 34.641014099121094 20 0
      vertex 32.766082763671875 22.943058013916016 7.899999618530273
      vertex 32.766082763671875 22.943058013916016 0
    endloop
  endfacet
  facet normal -0.8433918874736023 -0.5372989150777383 0
    outer loop
      vertex 32.766082763671875 22.943058013916016 7.899999618530273
      vertex 34.641014099121094 20 0
      vertex 34.641014099121094 20 7.899999618530273
    endloop
  endfacet
  facet normal 0.887010604161226 0.46174905317232307 0
    outer loop
      vertex -34.641014099121094 -20 7.899999618530273
      vertex -36.25231170654297 -16.90472984313965 0
      vertex -36.25231170654297 -16.90472984313965 7.899999618530273
    endloop
  endfacet
  facet normal 0.887010604161226 0.46174905317232307 0
    outer loop
      vertex -36.25231170654297 -16.90472984313965 0
      vertex -34.641014099121094 -20 7.899999618530273
      vertex -34.641014099121094 -20 0
    endloop
  endfacet
  facet normal 0.7372774857408593 -0.6755900450862469 0
    outer loop
      vertex -30.64177703857422 25.711503982543945 7.899999618530273
      vertex -28.284271240234375 28.284271240234375 0
      vertex -28.284271240234375 28.284271240234375 7.899999618530273
    endloop
  endfacet
  facet normal 0.7372774857408593 -0.6755900450862469 0
    outer loop
      vertex -28.284271240234375 28.284271240234375 0
      vertex -30.64177703857422 25.711503982543945 7.899999618530273
      vertex -30.64177703857422 25.711503982543945 0
    endloop
  endfacet
  facet normal 0.043619961546129515 -0.9990481965124177 0
    outer loop
      vertex -3.4862289428710938 39.84778594970703 0
      vertex 0 40 7.899999618530273
      vertex -3.4862289428710938 39.84778594970703 7.899999618530273
    endloop
  endfacet
  facet normal 0.043619961546129515 -0.9990481965124177 0
    outer loop
      vertex 0 40 7.899999618530273
      vertex -3.4862289428710938 39.84778594970703 0
      vertex 0 40 0
    endloop
  endfacet
  facet normal 0.7933530055495307 0.6087618652523549 0
    outer loop
      vertex -30.64177703857422 -25.711503982543945 7.899999618530273
      vertex -32.766082763671875 -22.943058013916016 0
      vertex -32.766082763671875 -22.943058013916016 7.899999618530273
    endloop
  endfacet
  facet normal 0.7933530055495307 0.6087618652523549 0
    outer loop
      vertex -32.766082763671875 -22.943058013916016 0
      vertex -30.64177703857422 -25.711503982543945 7.899999618530273
      vertex -30.64177703857422 -25.711503982543945 0
    endloop
  endfacet
  facet normal -0.21644029493414738 0.9762958561464958 0
    outer loop
      vertex 10.352761268615723 -38.63703155517578 0
      vertex 6.945926666259766 -39.392311096191406 7.899999618530273
      vertex 10.352761268615723 -38.63703155517578 7.899999618530273
    endloop
  endfacet
  facet normal -0.21644029493414738 0.9762958561464958 0
    outer loop
      vertex 6.945926666259766 -39.392311096191406 7.899999618530273
      vertex 10.352761268615723 -38.63703155517578 0
      vertex 6.945926666259766 -39.392311096191406 0
    endloop
  endfacet
  facet normal -0.21644029493414738 -0.9762958561464958 0
    outer loop
      vertex 6.945926666259766 39.392311096191406 0
      vertex 10.352761268615723 38.63703155517578 7.899999618530273
      vertex 6.945926666259766 39.392311096191406 7.899999618530273
    endloop
  endfacet
  facet normal -0.21644029493414738 -0.9762958561464958 0
    outer loop
      vertex 10.352761268615723 38.63703155517578 7.899999618530273
      vertex 6.945926666259766 39.392311096191406 0
      vertex 10.352761268615723 38.63703155517578 0
    endloop
  endfacet
  facet normal -0.9914449723560615 0.13052534922339182 0
    outer loop
      vertex 39.392311096191406 -6.945926666259766 0
      vertex 39.84778594970703 -3.4862289428710938 7.899999618530273
      vertex 39.84778594970703 -3.4862289428710938 0
    endloop
  endfacet
  facet normal -0.9914449723560615 0.13052534922339182 0
    outer loop
      vertex 39.84778594970703 -3.4862289428710938 7.899999618530273
      vertex 39.392311096191406 -6.945926666259766 0
      vertex 39.392311096191406 -6.945926666259766 7.899999618530273
    endloop
  endfacet
  facet normal -0.887010604161226 0.46174905317232307 0
    outer loop
      vertex 34.641014099121094 -20 0
      vertex 36.25231170654297 -16.90472984313965 7.899999618530273
      vertex 36.25231170654297 -16.90472984313965 0
    endloop
  endfacet
  facet normal -0.887010604161226 0.46174905317232307 0
    outer loop
      vertex 36.25231170654297 -16.90472984313965 7.899999618530273
      vertex 34.641014099121094 -20 0
      vertex 34.641014099121094 -20 7.899999618530273
    endloop
  endfacet
  facet normal -0.3826831118481762 0.9238796652736743 0
    outer loop
      vertex 16.90472984313965 -36.25231170654297 0
      vertex 13.680805206298828 -37.587703704833984 7.899999618530273
      vertex 16.90472984313965 -36.25231170654297 7.899999618530273
    endloop
  endfacet
  facet normal -0.3826831118481762 0.9238796652736743 0
    outer loop
      vertex 13.680805206298828 -37.587703704833984 7.899999618530273
      vertex 16.90472984313965 -36.25231170654297 0
      vertex 13.680805206298828 -37.587703704833984 0
    endloop
  endfacet
  facet normal 0.9990481965124177 0.043619961546129515 0
    outer loop
      vertex -39.84778594970703 -3.4862289428710938 7.899999618530273
      vertex -40 0 0
      vertex -40 0 7.899999618530273
    endloop
  endfacet
  facet normal 0.9990481965124177 0.043619961546129515 0
    outer loop
      vertex -40 0 0
      vertex -39.84778594970703 -3.4862289428710938 7.899999618530273
      vertex -39.84778594970703 -3.4862289428710938 0
    endloop
  endfacet
  facet normal -0.043619961546129515 -0.9990481965124177 0
    outer loop
      vertex 0 40 0
      vertex 3.4862289428710938 39.84778594970703 7.899999618530273
      vertex 0 40 7.899999618530273
    endloop
  endfacet
  facet normal -0.043619961546129515 -0.9990481965124177 0
    outer loop
      vertex 3.4862289428710938 39.84778594970703 7.899999618530273
      vertex 0 40 0
      vertex 3.4862289428710938 39.84778594970703 0
    endloop
  endfacet
  facet normal -0.043619961546129515 0.9990481965124177 0
    outer loop
      vertex 3.4862289428710938 -39.84778594970703 0
      vertex 0 -40 7.899999618530273
      vertex 3.4862289428710938 -39.84778594970703 7.899999618530273
    endloop
  endfacet
  facet normal -0.043619961546129515 0.9990481965124177 0
    outer loop
      vertex 0 -40 7.899999618530273
      vertex 3.4862289428710938 -39.84778594970703 0
      vertex 0 -40 0
    endloop
  endfacet
  facet normal 0.8433918874736023 0.5372989150777383 0
    outer loop
      vertex -32.766082763671875 -22.943058013916016 7.899999618530273
      vertex -34.641014099121094 -20 0
      vertex -34.641014099121094 -20 7.899999618530273
    endloop
  endfacet
  facet normal 0.8433918874736023 0.5372989150777383 0
    outer loop
      vertex -34.641014099121094 -20 0
      vertex -32.766082763671875 -22.943058013916016 7.899999618530273
      vertex -32.766082763671875 -22.943058013916016 0
    endloop
  endfacet
  facet normal -0.46174905317232307 0.887010604161226 0
    outer loop
      vertex 20 -34.641014099121094 0
      vertex 16.90472984313965 -36.25231170654297 7.899999618530273
      vertex 20 -34.641014099121094 7.899999618530273
    endloop
  endfacet
  facet normal -0.46174905317232307 0.887010604161226 0
    outer loop
      vertex 16.90472984313965 -36.25231170654297 7.899999618530273
      vertex 20 -34.641014099121094 0
      vertex 16.90472984313965 -36.25231170654297 0
    endloop
  endfacet
  facet normal -0.3007057023976026 0.953716981365837 0
    outer loop
      vertex 13.680805206298828 -37.587703704833984 0
      vertex 10.352761268615723 -38.63703155517578 7.899999618530273
      vertex 13.680805206298828 -37.587703704833984 7.899999618530273
    endloop
  endfacet
  facet normal -0.3007057023976026 0.953716981365837 0
    outer loop
      vertex 10.352761268615723 -38.63703155517578 7.899999618530273
      vertex 13.680805206298828 -37.587703704833984 0
      vertex 10.352761268615723 -38.63703155517578 0
    endloop
  endfacet
  facet normal -0.6755900450862469 -0.7372774857408593 0
    outer loop
      vertex 25.711503982543945 30.64177703857422 0
      vertex 28.284271240234375 28.284271240234375 7.899999618530273
      vertex 25.711503982543945 30.64177703857422 7.899999618530273
    endloop
  endfacet
  facet normal -0.6755900450862469 -0.7372774857408593 0
    outer loop
      vertex 28.284271240234375 28.284271240234375 7.899999618530273
      vertex 25.711503982543945 30.64177703857422 0
      vertex 28.284271240234375 28.284271240234375 0
    endloop
  endfacet
  facet normal -0.6755900450862469 0.7372774857408593 0
    outer loop
      vertex 28.284271240234375 -28.284271240234375 0
      vertex 25.711503982543945 -30.64177703857422 7.899999618530273
      vertex 28.284271240234375 -28.284271240234375 7.899999618530273
    endloop
  endfacet
  facet normal -0.6755900450862469 0.7372774857408593 0
    outer loop
      vertex 25.711503982543945 -30.64177703857422 7.899999618530273
      vertex 28.284271240234375 -28.284271240234375 0
      vertex 25.711503982543945 -30.64177703857422 0
    endloop
  endfacet
  facet normal 0.6087618652523549 0.7933530055495307 0
    outer loop
      vertex -22.943058013916016 -32.766082763671875 0
      vertex -25.711503982543945 -30.64177703857422 7.899999618530273
      vertex -22.943058013916016 -32.766082763671875 7.899999618530273
    endloop
  endfacet
  facet normal 0.6087618652523549 0.7933530055495307 0
    outer loop
      vertex -25.711503982543945 -30.64177703857422 7.899999618530273
      vertex -22.943058013916016 -32.766082763671875 0
      vertex -25.711503982543945 -30.64177703857422 0
    endloop
  endfacet
  facet normal 0.9914449723560615 -0.13052534922339182 0
    outer loop
      vertex -39.84778594970703 3.4862289428710938 7.899999618530273
      vertex -39.392311096191406 6.945926666259766 0
      vertex -39.392311096191406 6.945926666259766 7.899999618530273
    endloop
  endfacet
  facet normal 0.9914449723560615 -0.13052534922339182 0
    outer loop
      vertex -39.392311096191406 6.945926666259766 0
      vertex -39.84778594970703 3.4862289428710938 7.899999618530273
      vertex -39.84778594970703 3.4862289428710938 0
    endloop
  endfacet
  facet normal 0.21644029493414738 0.9762958561464958 0
    outer loop
      vertex -6.945926666259766 -39.392311096191406 0
      vertex -10.352761268615723 -38.63703155517578 7.899999618530273
      vertex -6.945926666259766 -39.392311096191406 7.899999618530273
    endloop
  endfacet
  facet normal 0.21644029493414738 0.9762958561464958 0
    outer loop
      vertex -10.352761268615723 -38.63703155517578 7.899999618530273
      vertex -6.945926666259766 -39.392311096191406 0
      vertex -10.352761268615723 -38.63703155517578 0
    endloop
  endfacet
  facet normal 0.6755900450862469 0.7372774857408593 0
    outer loop
      vertex -25.711503982543945 -30.64177703857422 0
      vertex -28.284271240234375 -28.284271240234375 7.899999618530273
      vertex -25.711503982543945 -30.64177703857422 7.899999618530273
    endloop
  endfacet
  facet normal 0.6755900450862469 0.7372774857408593 0
    outer loop
      vertex -28.284271240234375 -28.284271240234375 7.899999618530273
      vertex -25.711503982543945 -30.64177703857422 0
      vertex -28.284271240234375 -28.284271240234375 0
    endloop
  endfacet
  facet normal 0.3826831118481762 -0.9238796652736743 0
    outer loop
      vertex -16.90472984313965 36.25231170654297 0
      vertex -13.680805206298828 37.587703704833984 7.899999618530273
      vertex -16.90472984313965 36.25231170654297 7.899999618530273
    endloop
  endfacet
  facet normal 0.3826831118481762 -0.9238796652736743 0
    outer loop
      vertex -13.680805206298828 37.587703704833984 7.899999618530273
      vertex -16.90472984313965 36.25231170654297 0
      vertex -13.680805206298828 37.587703704833984 0
    endloop
  endfacet
  facet normal 0.887010604161226 -0.46174905317232307 0
    outer loop
      vertex -36.25231170654297 16.90472984313965 7.899999618530273
      vertex -34.641014099121094 20 0
      vertex -34.641014099121094 20 7.899999618530273
    endloop
  endfacet
  facet normal 0.887010604161226 -0.46174905317232307 0
    outer loop
      vertex -34.641014099121094 20 0
      vertex -36.25231170654297 16.90472984313965 7.899999618530273
      vertex -36.25231170654297 16.90472984313965 0
    endloop
  endfacet
  facet normal 0.8433918874736023 -0.5372989150777383 0
    outer loop
      vertex -34.641014099121094 20 7.899999618530273
      vertex -32.766082763671875 22.943058013916016 0
      vertex -32.766082763671875 22.943058013916016 7.899999618530273
    endloop
  endfacet
  facet normal 0.8433918874736023 -0.5372989150777383 0
    outer loop
      vertex -32.766082763671875 22.943058013916016 0
      vertex -34.641014099121094 20 7.899999618530273
      vertex -34.641014099121094 20 0
    endloop
  endfacet
  facet normal -0.5372989150777383 -0.8433918874736023 0
    outer loop
      vertex 20 34.641014099121094 0
      vertex 22.943058013916016 32.766082763671875 7.899999618530273
      vertex 20 34.641014099121094 7.899999618530273
    endloop
  endfacet
  facet normal -0.5372989150777383 -0.8433918874736023 0
    outer loop
      vertex 22.943058013916016 32.766082763671875 7.899999618530273
      vertex 20 34.641014099121094 0
      vertex 22.943058013916016 32.766082763671875 0
    endloop
  endfacet
  facet normal 0.9238796652736743 0.3826831118481762 0
    outer loop
      vertex -36.25231170654297 -16.90472984313965 7.899999618530273
      vertex -37.587703704833984 -13.680805206298828 0
      vertex -37.587703704833984 -13.680805206298828 7.899999618530273
    endloop
  endfacet
  facet normal 0.9238796652736743 0.3826831118481762 0
    outer loop
      vertex -37.587703704833984 -13.680805206298828 0
      vertex -36.25231170654297 -16.90472984313965 7.899999618530273
      vertex -36.25231170654297 -16.90472984313965 0
    endloop
  endfacet
  facet normal -0.13052534922339182 0.9914449723560615 0
    outer loop
      vertex 6.945926666259766 -39.392311096191406 0
      vertex 3.4862289428710938 -39.84778594970703 7.899999618530273
      vertex 6.945926666259766 -39.392311096191406 7.899999618530273
    endloop
  endfacet
  facet normal -0.13052534922339182 0.9914449723560615 0
    outer loop
      vertex 3.4862289428710938 -39.84778594970703 7.899999618530273
      vertex 6.945926666259766 -39.392311096191406 0
      vertex 3.4862289428710938 -39.84778594970703 0
    endloop
  endfacet
  facet normal 0.7933530055495307 -0.6087618652523549 0
    outer loop
      vertex -32.766082763671875 22.943058013916016 7.899999618530273
      vertex -30.64177703857422 25.711503982543945 0
      vertex -30.64177703857422 25.711503982543945 7.899999618530273
    endloop
  endfacet
  facet normal 0.7933530055495307 -0.6087618652523549 0
    outer loop
      vertex -30.64177703857422 25.711503982543945 0
      vertex -32.766082763671875 22.943058013916016 7.899999618530273
      vertex -32.766082763671875 22.943058013916016 0
    endloop
  endfacet
  facet normal 0.043619961546129515 0.9990481965124177 0
    outer loop
      vertex 0 -40 0
      vertex -3.4862289428710938 -39.84778594970703 7.899999618530273
      vertex 0 -40 7.899999618530273
    endloop
  endfacet
  facet normal 0.043619961546129515 0.9990481965124177 0
    outer loop
      vertex -3.4862289428710938 -39.84778594970703 7.899999618530273
      vertex 0 -40 0
      vertex -3.4862289428710938 -39.84778594970703 0
    endloop
  endfacet
  facet normal 0.953716981365837 -0.3007057023976026 0
    outer loop
      vertex -38.63703155517578 10.352761268615723 7.899999618530273
      vertex -37.587703704833984 13.680805206298828 0
      vertex -37.587703704833984 13.680805206298828 7.899999618530273
    endloop
  endfacet
  facet normal 0.953716981365837 -0.3007057023976026 0
    outer loop
      vertex -37.587703704833984 13.680805206298828 0
      vertex -38.63703155517578 10.352761268615723 7.899999618530273
      vertex -38.63703155517578 10.352761268615723 0
    endloop
  endfacet
  facet normal 0.953716981365837 0.3007057023976026 0
    outer loop
      vertex -37.587703704833984 -13.680805206298828 7.899999618530273
      vertex -38.63703155517578 -10.352761268615723 0
      vertex -38.63703155517578 -10.352761268615723 7.899999618530273
    endloop
  endfacet
  facet normal 0.953716981365837 0.3007057023976026 0
    outer loop
      vertex -38.63703155517578 -10.352761268615723 0
      vertex -37.587703704833984 -13.680805206298828 7.899999618530273
      vertex -37.587703704833984 -13.680805206298828 0
    endloop
  endfacet
  facet normal -0.6087618652523549 0.7933530055495307 0
    outer loop
      vertex 25.711503982543945 -30.64177703857422 0
      vertex 22.943058013916016 -32.766082763671875 7.899999618530273
      vertex 25.711503982543945 -30.64177703857422 7.899999618530273
    endloop
  endfacet
  facet normal -0.6087618652523549 0.7933530055495307 0
    outer loop
      vertex 22.943058013916016 -32.766082763671875 7.899999618530273
      vertex 25.711503982543945 -30.64177703857422 0
      vertex 22.943058013916016 -32.766082763671875 0
    endloop
  endfacet
  facet normal 0.5372989150777383 0.8433918874736023 0
    outer loop
      vertex -20 -34.641014099121094 0
      vertex -22.943058013916016 -32.766082763671875 7.899999618530273
      vertex -20 -34.641014099121094 7.899999618530273
    endloop
  endfacet
  facet normal 0.5372989150777383 0.8433918874736023 0
    outer loop
      vertex -22.943058013916016 -32.766082763671875 7.899999618530273
      vertex -20 -34.641014099121094 0
      vertex -22.943058013916016 -32.766082763671875 0
    endloop
  endfacet
  facet normal 0.9762958561464958 0.21644029493414738 0
    outer loop
      vertex -38.63703155517578 -10.352761268615723 7.899999618530273
      vertex -39.392311096191406 -6.945926666259766 0
      vertex -39.392311096191406 -6.945926666259766 7.899999618530273
    endloop
  endfacet
  facet normal 0.9762958561464958 0.21644029493414738 0
    outer loop
      vertex -39.392311096191406 -6.945926666259766 0
      vertex -38.63703155517578 -10.352761268615723 7.899999618530273
      vertex -38.63703155517578 -10.352761268615723 0
    endloop
  endfacet
  facet normal -0.8433918874736023 0.5372989150777383 0
    outer loop
      vertex 32.766082763671875 -22.943058013916016 0
      vertex 34.641014099121094 -20 7.899999618530273
      vertex 34.641014099121094 -20 0
    endloop
  endfacet
  facet normal -0.8433918874736023 0.5372989150777383 0
    outer loop
      vertex 34.641014099121094 -20 7.899999618530273
      vertex 32.766082763671875 -22.943058013916016 0
      vertex 32.766082763671875 -22.943058013916016 7.899999618530273
    endloop
  endfacet
  facet normal -0.7933530055495307 0.6087618652523549 0
    outer loop
      vertex 30.64177703857422 -25.711503982543945 0
      vertex 32.766082763671875 -22.943058013916016 7.899999618530273
      vertex 32.766082763671875 -22.943058013916016 0
    endloop
  endfacet
  facet normal -0.7933530055495307 0.6087618652523549 0
    outer loop
      vertex 32.766082763671875 -22.943058013916016 7.899999618530273
      vertex 30.64177703857422 -25.711503982543945 0
      vertex 30.64177703857422 -25.711503982543945 7.899999618530273
    endloop
  endfacet
  facet normal 0.5372989150777383 -0.8433918874736023 0
    outer loop
      vertex -22.943058013916016 32.766082763671875 0
      vertex -20 34.641014099121094 7.899999618530273
      vertex -22.943058013916016 32.766082763671875 7.899999618530273
    endloop
  endfacet
  facet normal 0.5372989150777383 -0.8433918874736023 0
    outer loop
      vertex -20 34.641014099121094 7.899999618530273
      vertex -22.943058013916016 32.766082763671875 0
      vertex -20 34.641014099121094 0
    endloop
  endfacet
endsolid OpenSCAD_Model
